Ld,md,fd1,EId,Lc,theta,sigma,A,xfrac,n_stay,T,mc,EA,EIc,f_deck,phi_a,f_s,f_coupled,mac,M_stay,mu_eff,s,d,eps,eps_pred,eps_coupling,eps_control,xi,lam2
78.89553836934331,28621.394645050714,0.3438447811495689,53135612150.602776,21.10803148489057,0.5933346210269484,217854128.93455225,0.0011703369365531,0.225,5,254962.7338727241,9.187144951942416,228215702.62786895,4250.857697633657,22.009017084864468,-0.0005536963757436,19.82147970110039,19.821528863666252,0.9999999995492757,96.961272450927,2.9726355542168043e-05,0.0005755430518324,-0.1103619617077647,0.0092380342198392,1.5007324407345646e-06,5.006341351160987e-06,0.0092330278784881,163.473666574902,0.03422985077457371
92.36045610196156,22226.835425774825,0.401053139129253,105435289658.01662,23.13639043692727,0.9395546720084198,141177047.83288157,0.0008398009139532,0.15,2,118560.61379927376,6.5924371745329085,163761178.22088116,2188.8067980870724,6.424952688690738,0.0009435118729459,5.800254799570973,5.80024045968104,0.9999999999120776,76.26260020045352,6.789008428032224e-05,0.0015477967936027,-0.1077018011632821,0.0013566047298759,1.1121221775489689e-05,-4.951298603830898e-06,0.0013615560284797,170.27939938711066,0.07656538498235341
122.8433486854892,1292.388115046156,0.8708291369960736,90453565717.6503,30.605695442775662,0.7665744048530709,211542155.3424028,0.002454094599225,0.175,5,519144.4609342198,19.264642603916737,478548446.8488871,18691.206791839235,13.991242831603117,0.0029531180811538,13.472589480916064,13.471239725744676,0.999999119833058,294.8038921746982,0.002570957150376,0.0046501354648388,-0.0384969312263039,0.0092815825351714,0.0002798333845313,-0.0002022607139858,0.0094838432491573,161.29752125302474,0.0593255325666257
450.7445196966912,5722.445171357663,1.3862005834521782,183956806381293.6,98.77109264838197,0.7433972266820615,172937779.31721914,0.0034618325758086,0.15,2,598681.6380283626,27.175385720098177,675057352.2826935,37193.48417117427,1.3907553430137487,0.0003989905020352,1.5029164469369192,1.5029746832746618,0.9999999783736144,1342.0712703576664,0.0002136489163707,0.0034251587842603,0.0746289683313833,0.0003289220402514,7.855891255649505e-05,7.751875661247086e-05,0.0002514032836389,396.2729203406919,1.1811606164961825
86.09769030603131,24933.994584781023,2.0867461144506048,2418005798217.242,30.1543416885256,0.9319038562059868,519560584.95263714,0.0140675334251936,0.2,5,7308935.895234364,110.4301373877698,2743169017.9127526,614172.9069545044,18.814199964796607,0.0009223809031875,21.57094898512581,21.57142603832698,0.9999999597779158,1664.974047750818,0.0014165374935668,0.0028575501896973,0.1277991534925102,0.0228474297419736,3.1942984398819485e-05,4.524014724385447e-05,0.0228021895947297,104.02353323730746,0.0026640687328120375
173.3254182360035,25223.62489017672,0.382081632614437,1346880589531.81,39.8037618344751,0.6355442452699702,141061032.08141142,0.002902418977973,0.175,1,409418.21656555566,22.783988977088548,565971700.7047474,26144.175681785255,1.5433260766575692,0.0006022964355457,1.6842282531395054,1.684449506272043,0.9999999346295748,453.4442354416692,0.0001644918826022,0.0065707155332184,0.0836597867416639,0.0006606520888829,0.0002576382681584,0.0002628571086432,0.0003977949802396,157.51438557259002,0.42242184389246346
58.23813963380923,813.5998525031943,0.2642225077189111,264813853.33389565,15.116835539734517,0.5276085131957962,763431803.8069961,0.0081183667579804,0.225,4,6197819.378011782,63.72917905014665,1583081517.8061907,204546.51169758508,38.34850690510575,-0.0060320996076233,41.72689402657145,41.807654647861014,0.9997940226050768,481.69175939168065,0.0175269450636348,0.0182051311535478,0.0809642605872932,0.0267691311752204,0.0020215110411311,0.0039630264923924,0.0228061046828279,83.21168326076697,0.0004430649028501471
48.748586277470814,3065.318311813087,0.5709996499190584,2287471078.289909,19.92888825317882,0.4707427708564858,456844886.6909969,0.0175740833818777,0.375,3,8028630.131292086,137.95655454774058,3426946259.466167,958517.6365919844,20.708512971989233,0.0026999213181471,18.398390381348523,18.399547593045988,0.9999998784338074,1374.660379687745,0.0100206901079748,0.018932078035407,-0.1255611247917975,0.0268306030661712,0.0014192659688238,0.0001291578515456,0.0267014452146255,57.67714347547863,0.003823453670818233
54.7116771505447,9309.108883429211,1.0342962625269063,36164159719.10807,19.60195270640012,0.9050733610775596,391332689.8950556,0.0020111365106684,0.225,5,787023.4604660383,15.787421608747284,392171619.5803466,12552.720061984755,25.86132469117183,-0.0007599566130887,28.621451201180435,28.621529137303767,0.999999999455817,154.73214586533177,8.936308345126579e-05,0.000743388925792,0.0964355891882506,0.0102476544518729,2.865222736445072e-06,5.501780021561001e-06,0.0102421526718514,155.21162807177538,0.0028263702249463982
415.9686292880876,21089.057109611123,0.4243829452372557,46086695568482.51,54.69544932513827,0.6738933463433414,155159721.04611558,0.0170062910670648,0.1,5,2638691.377994822,133.4993848764587,3316226758.077636,897581.6363049858,6.799258353207372,0.0004545961692755,6.515561158743811,6.515305164775919,0.9999998657144472,3650.9044202237383,0.0007544874268704,0.0027328036388728,-0.0435414828518403,0.0279750221855724,8.567548635243089e-05,-8.078227128577309e-05,0.0280558044568582,93.77962981153368,0.5650682368778509
435.9352393971543,3867.7844180171496,1.603001717143516,145471658214311.44,222.0080373779581,0.4270208151597711,409253014.4224037,0.0005246639668738,0.475,3,214720.31000195743,4.118612139960071,102309473.5404094,854.3134033490111,1.6037378315894777,0.0010857394539115,1.5427133355439708,1.5425214866472372,0.9999995035629003,457.18249895678366,0.0005389405192082,0.004484023281498,-0.0395566011127977,-0.0002415320231251,0.0002533367970509,-0.0002487025151041,7.170491978952466e-06,3519.6270779787988,0.6882967640293822
176.31331988327614,21456.922800013625,0.3112237949687151,813980057626.1367,43.45989843819092,0.7339146198116835,765122188.7021321,0.0023999481372602,0.175,5,1836253.5715521495,18.839592877492777,467989886.76574415,17875.510622242582,19.921924239282877,-0.0006918330691472,17.970404155173078,17.970387408867346,0.9999999999095188,409.3833965363506,0.000195944401419,0.0013234484272498,-0.1085963380266003,0.0012698440311375,8.064041304961522e-06,-1.8661343640360636e-06,0.0012717101655015,440.47960601639016,0.00268695674642787
192.16318747457376,9982.04691741021,0.9691107314086914,5180926532093.016,28.06635566856152,0.6042035214148858,612304865.8628577,0.0013883776863208,0.125,3,850110.4129896902,10.898764837618897,270733648.8325713,5982.324865476565,15.508528533640671,0.0010215115580094,14.932293125833828,14.931877460969348,0.999999975147528,152.94430514031205,0.0001595952202627,0.002206199663984,-0.0385898805328111,0.0007378160821751,6.301323329645919e-05,-5.5716682590671736e-05,0.0007935327647658,334.57130916796723,0.002685565482526249
50.54597784487634,21552.407218368146,0.6627076476783255,25040696563.339863,17.780256967069228,0.8398738730784402,741284837.1394998,0.0015903461914768,0.225,2,1178899.5175443236,12.484217603093096,310117507.33798134,7849.429430987643,16.56995460275237,-0.0005195064983023,17.29020619415459,17.290422807529513,0.9999999977418704,110.98629850790216,2.995375934278093e-05,0.0011629578662144,0.0416566224436188,0.0008565440925991,1.623040339415044e-05,2.5077183851693937e-05,0.0008314669087474,217.9000769293144,0.00039967987424256875
202.95410841747992,6071.988386351471,1.2448670782964906,6470361277374.901,96.7418414166684,0.5657620438626096,323211739.87505335,0.0112569169394498,0.4,5,3638367.7096285513,88.36679797468143,2195098803.1927233,393272.579008468,4.988841186423676,0.0007552874262775,5.251124524617966,5.252043680350408,0.9999972965342911,4274.383378082703,0.0024383608790707,0.0053075530757575,0.0499480324575565,0.0032008012973233,0.0002812027151305,0.0003511079250828,0.0028496933722405,294.25294008174586,0.22826142650646017
44.79105897991868,1990.6896387642696,3.1354350504957673,31924546863.57283,13.83768237754019,0.5719655171052896,651740016.5735421,0.0142692580368246,0.25,3,9299846.46941226,112.01367558907369,2782505317.180811,631913.3436080727,28.53406221699201,0.0035745057013264,31.722635580009573,31.761056731254055,0.9999550657325296,775.0048323712142,0.0099023072754785,0.0177557800418528,0.1005141377668785,0.0340209882662808,0.0015562282357654,0.0025001842723565,0.0315208039939243,53.08508098123604,0.0005651244595607685
127.28999817293835,14808.019500062324,0.2520448481676276,100089839826.01268,30.11319133117394,0.7913951390035022,246835372.68274453,0.0120908965050749,0.175,2,2984460.944898675,94.91353756483856,2357724818.4896207,453703.103985023,6.314583376949547,0.0004259029047619,5.908054804443856,5.908521364166571,0.999999911120663,1429.0747583042744,0.000259224563897,0.0036020776498687,-0.068809208100086,0.006777376695681,9.421766929519626e-05,0.00015899180158,0.0066183848941009,77.23316959029233,0.03442183535990289
183.2360925955229,23883.394580578595,0.598873804727842,3913551221172.672,86.33715587046572,0.4969470799843295,255289497.53707892,0.0092477190768137,0.425,2,2360845.556483834,72.5945947529877,1803305219.9786751,265414.1055661516,2.397877373127285,0.0003092651380256,2.0893594534858515,2.0893855309959792,0.999999997757836,3133.805421270996,0.0002997325863561,0.0048442527215995,-0.1476614850195869,0.0006203934751077,7.944005745602611e-05,2.497722437608068e-05,0.0005954162507316,257.4954305178108,0.4000394690838031
92.27211148994655,4835.244561537208,0.4401666367246357,27522936546.96331,27.269811234062825,0.7527062004162353,370209147.0647688,0.0010027999616072,0.225,1,371245.71846322,7.871979698617275,195545992.51342276,3120.925202712888,3.99751460544215,0.0018693080114227,3.981996216993118,3.970468593952244,0.9999684056395488,107.33370020983392,0.0003750574840428,0.0089982409781365,-0.0038971379186168,-0.0056705632629445,0.0059087799199813,-0.0057821358205502,0.0001115725576056,297.4206910597782,0.009021823612967205
229.95280081601135,5368.038707332788,0.2987651215655277,542988323565.6506,68.06990611017918,0.7532606988196157,249429747.80976817,0.0005175466963621,0.225,1,129091.54195340056,4.0627415664432185,100921605.79062772,831.2924275657384,1.2066778877063935,0.0012628645367592,1.3093541428904545,1.3095654574326792,0.9999999012675752,138.27521848885607,0.0002205250295045,0.0068962334922734,0.0784174821927082,0.000336523799846,0.0003026521429473,0.0003228072312935,1.371656855247225e-05,848.2563775230766,0.18360050310586148
338.38727043443697,976.770844028383,1.6532091243395537,14186151375444.371,123.29198118545698,1.0269426781814792,192723485.3556853,0.0007253893971987,0.2,3,139799.5728682041,5.694306768010247,141450932.4537577,1633.0412300364253,1.6665632607792218,0.0014408411148662,1.9063548419094432,1.906387923536602,0.9999999903353224,351.0311814528698,0.0007287488479364,0.0029641876038775,0.1257853867803758,0.0001029689787046,3.49213405301807e-05,3.4709353819292816e-05,6.825962488531642e-05,1140.7465887625262,0.6569941761071151
207.0279343421305,6252.115978363746,0.6693620097214994,2085571997725.5923,96.77805944248796,0.6292634890659607,548281523.7576207,0.0008026160412323,0.375,2,440059.5460791589,6.300535923673613,156510128.04029995,1999.2652331442157,2.6795005372538836,0.0008810810115774,2.730827237610926,2.731428490605173,0.9999993012591576,304.8768200704079,0.0002366770183923,0.0039590168878825,0.0187952938399522,0.0004595516895652,0.0004124359907353,0.0004404018612414,1.9149828323780778e-05,1435.8114948583932,0.04292102402532391
112.4285558755665,4997.7710050698515,0.3496232721970365,39558862435.31573,23.68229341427448,0.7828032073368034,272514896.2916974,0.0157701281336257,0.15,3,4297594.832841788,123.7955058489618,3075174986.057013,771836.2771829297,12.611941835975314,0.0006621277546573,11.967906107179116,11.969966963452658,0.9999990898926298,1465.8807464418228,0.0006426614153431,0.003813809877328,-0.0538135679732533,0.0287984718403089,0.0001349745815957,0.0003542237459143,0.0284442480943945,55.88225187111259,0.016095665772320657
46.37970429629404,10806.16231916705,0.2051747627898042,853083445.2191116,21.0922828840938,0.4571715091682145,663375884.7419399,0.0065320786423176,0.4,1,4333223.44855139,51.27681734219343,1273755335.2519388,132421.21016914834,7.461736997491219,0.0019699744102735,6.893481177694547,6.884641065891263,0.999993788876068,540.7725683887753,0.0020986297384189,0.0261690487086399,-0.0824337958063039,-0.0018869153538401,0.0040540634651023,-0.0025648674979735,0.0006779521441334,120.65639727060687,0.0014179566434558359
379.25254507326594,17731.735213197648,0.2782079290525544,11507063397777.188,82.32613535500984,0.4215380553545036,297095854.55848205,0.0005177582074981,0.2,4,153823.8171113188,4.064401928860161,100962850.4621314,831.9720320748892,4.451416927444269,0.0003206111131216,4.7264285510684205,4.726441692434427,0.9999999995654508,167.30325166625235,1.719734982749704e-05,0.0006022337134779,0.0581859263612446,0.0001315785906098,3.116524524095221e-06,5.561510206573831e-06,0.0001260170804033,1119.4254008563894,0.24866160305600704
96.88047171127516,22332.748939525543,0.6706693131200336,358644586056.513,16.00906550441502,0.846062754938272,746864284.9649671,0.0022196980247304,0.1,2,1657813.1780784898,17.424629494134372,432841114.82244617,15291.233993937452,16.77760763377742,0.0009632968882793,19.28094612300669,19.28119268487423,0.9999999976497184,139.47601748087956,0.0001294255004878,0.0024006655259209,0.1298348365924945,0.0014464179998793,2.219243546031091e-05,2.5612204011089433e-05,0.0014208057958682,166.69113677502406,0.00031243904564713605
127.757375181672,16034.272907955825,0.9191711073512198,1462669374435.4966,31.165904443939123,0.8825245245471394,539508756.5536925,0.0011784521088563,0.15,4,635785.2319071875,9.25084905452266,229798161.226996,4310.013384450606,14.710184665583949,0.0009406141393685,16.83270342950629,16.832767275146818,0.9999999991929788,144.15553882927892,0.0001275423278724,0.0011417212717207,0.1260949420757778,0.0011097131577011,5.168727329973866e-06,7.5942794925912705e-06,0.0011021188782085,378.5259370884022,0.0028840607296709295
213.7474660591548,10748.844084890352,0.6573951944396086,3929877013179.379,25.77679580473351,0.4594000012482569,172387856.17430368,0.0036801204888037,0.1,1,634408.081528017,28.8889458371098,717623495.3167403,42031.880316253206,2.6374759243634984,0.0005468161245203,2.875895987909434,2.8761885257336193,0.9999999608469224,372.3322289285928,0.0001113302682068,0.0060207308096569,0.0829028812405867,0.0011877806625833,0.0002183369739773,0.0002036517409193,0.000984128921664,100.14375579299144,0.12041269376066994
372.7846543458539,1229.9780773266189,1.504174481961514,21781418300569.938,167.61027664593644,0.6724686340042001,497700010.9802779,0.0038939569732156,0.35,2,1938022.4283261355,30.56756223974249,759321609.7770426,47058.38731074848,1.5543758264243843,0.0018530199399769,1.5022968731091506,1.4970088044537369,0.9998226662597066,2561.7187816975593,0.0087961299700774,0.0233540209976854,-0.0346662196050847,-0.0069937055486342,0.007132788498796,-0.0070278277225375,3.41221739033418e-05,1075.6265719176383,0.16114718466088807
54.30532118678111,5168.030565549936,0.4416755944133775,3553543781.2832527,18.870286266875517,0.4795692728584436,300683221.0369479,0.0009558548700954,0.3,5,287409.52118416363,7.503460730249552,186391699.66861945,2835.558799611456,28.276343552513737,0.0025418837375223,26.017209758729187,26.017023816078236,0.9999999953033905,70.79622598603393,0.0004574266592467,0.0024159576887578,-0.0868322858113781,0.0068218954571054,3.360341323481453e-05,-1.4391484790522713e-05,0.0068362869418959,189.98081018437503,0.011914631444747702
188.31818314003348,4353.543305093564,0.3612463760082189,289587048651.3326,44.38046133944329,0.3536068724578221,165778302.51399562,0.0005206868912667,0.225,1,86318.58897549388,4.0873920964441135,101533943.79701938,841.4107012459868,1.4507079812185295,0.001545579909855,1.6372606118779074,1.637564074655115,0.999999869778584,90.70017345769205,0.0002166661396364,0.0087910061737051,0.1139419279410902,0.0004195931813977,0.0003386247898041,0.0003707482145474,4.8844966850370336e-05,449.5106266208028,0.43966452237042675
518.8770822105057,4344.388365432997,0.4371841391358114,24393585485267.164,199.26147089106732,0.7537314892448455,183030058.80906925,0.0040519469366679,0.275,4,741628.0861095635,31.80778345284343,790129652.6502509,50954.46448107106,1.7604190651445648,0.0009366047833306,1.532824289384669,1.5327498670403257,0.9999998658811692,3169.032858299067,0.002779966004617,0.0061185843118138,-0.1484806688777488,0.0001761266049133,0.0001260136919272,-9.712903689983745e-05,0.0002732556418131,760.1955014818649,3.9766205948417004
84.48829373462266,3573.3769095648145,0.3008739802108212,6680277341.869253,30.16463922787124,0.8678400778975173,585102040.7796735,0.0012352228040339,0.225,4,722731.3834578315,9.696499011666193,240868446.78661245,4735.276514972094,19.26506236455778,-0.0015281018163697,18.111716527010383,18.111978128786458,0.9999999881928976,146.24569723016037,0.0003414976199473,0.001901368670942,-0.0636795433402123,0.0011660029008479,2.8379580259821343e-05,2.8920630447005782e-05,0.0011370822704009,372.6609785578079,0.00219392144784262
317.0630141170318,5546.618604497592,0.5738288015833314,7480585145619.893,60.73705262405615,0.8429863035283313,383215308.80954945,0.0197257485036643,0.125,5,7559208.804331235,154.847125753765,3846520958.214544,1207596.1686043802,9.237277809912518,0.0010804344766022,9.142833672886304,9.135023662140036,0.9999364621040427,4702.479012795132,0.0054893855411546,0.0062754924179002,-0.0103298540042672,0.0089591167779199,0.0017568200145271,-0.0017259616046684,0.0106850783825884,151.9606074162386,0.03352294949202647
48.80437213873766,6463.372771012413,0.3144774112189544,1469715524.7765071,29.90966568367362,0.7523321130283703,302015380.2468364,0.0015620220161101,0.45,4,471754.6731494301,12.261872826464495,304594293.1414748,7572.321499492053,11.343937815675597,0.0020656294797785,13.134469483757302,13.13488663636702,0.9999999430162356,183.3742584476376,0.0007824258973907,0.0032502924265242,0.1363231054208898,0.0028971114168595,3.874214818999633e-05,6.370127363776023e-05,0.0028334101432217,236.07779594595576,0.020003727189520513
62.0060848426559,29871.57360290842,2.0643935432755436,762676864248.9219,13.981082458347355,0.414649009885661,135367097.89010164,0.0007979925488824,0.2,2,108021.93548014002,6.264241508727099,155608547.03207442,1976.2979285701947,8.260283428612183,0.0009883449993043,9.409830957385113,9.409905380561028,0.9999999991046912,43.79043853625791,4.277563180423864e-05,0.001905424621882,0.1221645249504435,0.0037109120860765,1.4858741557530196e-05,1.5876686397462043e-05,0.003695035399679,103.3642997078364,0.07628541249010214
181.10945942718743,4353.433790512339,0.3215525279779652,196273010336.5796,116.57627108305628,0.7519339559922087,759768818.5360738,0.0087580945544966,0.475,1,6654127.152297145,68.75104225279874,1707828438.1268475,238053.18819551673,1.2914612234228142,0.0003132538563885,1.3343550116913403,1.3365193181801176,0.999990002395613,4007.3700694524614,0.0003932351241862,0.0092203785077704,0.0321457092697969,0.00327267058986,0.0012962105956184,0.0032466892027771,2.5981387082871985e-05,616.3376612388544,0.019101703875703587
70.22586711530305,4648.876971507166,0.6606888924755114,20002798105.656605,26.39296127466783,0.5132567934582531,740746348.7962375,0.0014981496425602,0.325,2,1109748.8776768895,11.760474694097924,292139180.29924774,6965.705882381855,10.583944016720151,-0.0020083365147556,11.640966608652024,11.642786574769875,0.9999996479233934,155.19687658651873,0.0006259734963443,0.0069377881757807,0.090801960650437,0.0006685514749038,0.0002646576173756,0.0003128186720969,0.0003557328028069,333.1331959436405,0.001503033014770894
62.75934975377037,1903.6096006361672,0.3025419636703468,1095527077.20112,23.70855716643686,0.9699999679960368,365860283.4440336,0.0083602404316894,0.225,4,3058679.9339981745,65.62788738876225,1630246884.1794443,216916.34494973524,19.594563260177985,-0.0031165309225821,18.39210744076319,18.39443505271648,0.9999991200244498,777.9712599344753,0.0075562520178151,0.0078208146656673,-0.0653789036024081,0.0201817648556303,0.0004661127487758,0.0002581690630612,0.0199235957925691,89.02787408728132,0.00423873812065546
263.9478511111991,3713.3469745230705,0.2867131575831531,600473086982.926,79.93716834061426,0.7513735543516269,389132865.94335234,0.00142167174441,0.225,2,553219.2003329797,11.160123193619132,277225990.1599657,6272.683961368727,2.592381103362421,0.0012403693117669,2.785355154605778,2.7858349989159588,0.9999995722861356,446.0543232151631,0.0006862617263269,0.0060934741952549,0.0692816680573969,0.0004146534942386,0.0002674509635049,0.0003446018426206,7.005165161804854e-05,750.7073686890672,0.06691935217362713
93.57101952042336,7755.739448335473,0.3893566158617272,36529524527.33594,20.066987549814208,0.6059993288874108,317503851.43318784,0.0008413523320983,0.175,4,267132.60585352295,6.604615806972105,164063704.75917968,2196.9013145944277,19.08172211774919,-0.0010787321332369,20.07643850853493,20.076584263743307,0.9999999970485628,66.26737158490768,7.711288943303058e-05,0.0011487359147882,0.049546456676709,0.003239635928948,1.3314947249543074e-05,1.4566907344440178e-05,0.0032250690216035,221.27908003269684,0.009822113214357905
127.83109658004216,3062.0887018677968,1.366607844412297,618887754124.982,33.97647324839526,0.5247730676273333,572330321.1701607,0.0013126362249041,0.225,3,751261.5121789892,10.304194365497713,255964063.8563126,5347.410366960807,12.30674525502798,0.0019318981769115,11.923957202078649,11.92222194725417,0.9999993208091138,175.05009210279908,0.0006533273043191,0.0046941835040649,-0.0321024343229447,0.0002565023310223,0.0003413886365774,-0.0002911917330234,0.0005476940640457,402.7189912804496,0.005329694764377312
226.1991810303065,32479.328023398743,1.7884957422789922,110231880245686.16,176.1108454104669,0.9521832696636532,724194241.1992401,0.0041692645149155,0.45,2,3019357.3517382005,32.728726442087236,813006580.4085366,53947.78795107216,1.7942478894079752,0.0005152642480987,1.7246919715970546,1.7244194194323017,0.9999996402836204,2881.941841461943,0.0007651476202212,0.0051059927639075,-0.0403294727153581,-0.0002932982190831,0.0003219421628954,-0.0003160411618447,2.2742942761649147e-05,1317.5179451001586,0.03173443600736862
84.87299340257053,8135.456176787836,0.2186357020952328,8178287949.471673,39.45352264725604,0.9606673204121012,217444179.21687305,0.0007817387556879,0.275,3,169984.542092587,6.136649232150447,152439057.3591512,1896.6099707742007,5.480926064410577,-0.0015824475055985,6.329694555537688,6.329752994289878,0.9999999972685796,121.056214729457,0.0003031417226236,0.0021169764686072,0.1340931199254386,0.00065518329324,1.6709694566130473e-05,1.8476793769187116e-05,0.0006367064994708,373.50935681955355,0.05743923158946635
64.6963299346966,20749.56555602859,0.274606330071196,11109868586.346107,20.986754955723217,0.9717802233078788,675238855.6384422,0.0120009181242611,0.175,4,8103486.220836715,94.20720727544976,2340179034.2309175,446975.46885696176,27.494540730586667,0.0008845768983609,28.22480860965164,28.22751788956267,0.9999994940344298,988.5517870764446,0.0007735183339484,0.0024957652709252,0.0258732623899972,0.0199718976248069,0.000120093510871,0.0001957846076066,0.0197761130172002,89.3592255771297,0.0005255694152523506
586.2247506877912,1908.01350459165,0.3168985601431168,9171467353445.492,88.77009585305338,0.3560277301815722,771153268.1299659,0.0143366875791228,0.15,5,11055783.480798887,112.5429974961145,2795654077.928959,637899.6820095333,7.928108636839234,0.0009537882608503,8.834882826128657,8.837907940391029,0.999989626432191,4995.226337660015,0.0045442175745432,0.0080447599248716,0.1026356780429154,0.0024927961414873,0.0003147982531066,0.0006861660597672,0.00180663008172,369.5602552433487,0.01744494563397913
124.71228665401092,1002.5801796141346,0.6951415481094296,47496632920.53865,63.69633714584365,0.936226863930014,170330559.3851872,0.000520207102806,0.3,5,88607.16681711008,4.0836257570278605,101440385.04718892,839.8607749581176,6.25952922632073,0.0012548460408851,5.783119181683894,5.783153270465465,0.9999999969894948,130.0560014985488,0.0002047911983427,0.0010801810524593,-0.0823794270306076,0.0005882294898054,7.081506878642285e-06,1.1795894549112835e-05,0.0005764335952563,654.2522652338333,0.3334358176438072
79.38238432652813,6575.262694854282,1.8003419124376694,342988765790.7529,18.971766522986883,0.7713562325603847,214819497.5430422,0.0125944826613666,0.175,2,2705540.4371293383,98.86668889172812,2455924118.9664946,492283.6462997796,7.528723645975696,0.0017319415156127,8.806133821256946,8.80829185779304,0.999999160794564,937.8378692773232,0.0028131585550782,0.0121044685387995,0.1450591373251375,0.0204574381160431,0.0005041529650997,0.0004999640571205,0.0199574740589225,44.476139285658725,0.021567779077093462
113.07765113314738,4846.557694501457,2.607470513292706,2183431439445.212,19.079068437253248,0.6961876422812703,391314324.3394536,0.0009382662316754,0.125,2,367157.0164986209,7.365389918652623,182961915.1767212,2732.164949788052,10.438616906058868,0.0013501118878238,11.707011817158373,11.707206916197013,0.999999996003966,70.26238916251427,0.000128074431194,0.0027640275115114,0.1083448903024496,0.0008404075519825,3.525134136922459e-05,3.335746531619348e-05,0.0008070500866663,221.1717346448722,0.004133081339977894
210.0969579782343,12650.836220627958,0.7889359141294834,6217875033786.987,119.54021232706864,0.909213446969666,790368107.5858024,0.001178486314231,0.35,5,931437.9979945536,9.251117566713656,229804831.2750526,4310.263590226497,7.100477729784777,-0.0001357649792575,6.636257224727104,6.636266179664611,0.999999999852216,552.9402790938126,1.0191866881343225e-05,0.0002497264532489,-0.0699521566656516,8.260173336476925e-05,4.4575539717706114e-07,2.699009025935418e-06,7.990272433883384e-05,1757.272381681158,0.012624303873876688
285.4445457725761,1869.914567575757,2.171675239561483,23727870662971.496,44.98425715300805,0.5729300823902961,291952144.17657185,0.0030304773901688,0.125,1,884754.3719384043,23.789247512825124,590943091.0829171,28502.098678466675,2.183947133400882,0.0007379003410085,2.143702789061242,2.14144154081461,0.9999957921612684,535.0708137967413,0.0002913444064881,0.0091311651954873,-0.0187732854316357,-0.0019517639732401,0.0021028833673787,-0.0021088844401658,0.0001571204669256,250.63025279932964,0.06635619133234312
78.5534074874358,834.1002880777694,0.4247180424771327,2321881508.8003373,18.93457599252898,0.5531892323475578,243608124.4274831,0.0082648358518232,0.2,4,2013381.160563683,64.87896143681255,1611642991.1055346,211993.82354692623,21.22412352134517,-0.0055031461497224,19.033980874828583,19.02700010058257,0.99999286640305,614.2278128208421,0.0186016543969071,0.0184693054216397,-0.1150648758617242,0.0456099488187088,0.0014728472146763,-0.0007673838178555,0.0463773326365643,58.35216588577259,0.020747177617730397
65.73439803824327,3678.761681220241,0.3570133069684293,3548145892.374186,30.81971632001487,0.3679405247853066,158461359.0047803,0.0020245076335104,0.425,4,320806.2309216165,15.892384923056976,394778988.5345363,12720.189470210971,8.928348690891225,0.0011087751803283,9.250281362888616,9.251035222907737,0.999999626876566,244.8993974885487,0.0003010750091684,0.0025767468944839,0.0348024734997747,0.0067560128270226,9.525975413095938e-05,0.0001640729206034,0.0065919399064191,154.77586656307108,0.2401708953376448
164.1561660398277,7833.957444381555,0.7698898046100116,1366555870987.3918,22.762487122473654,0.7182092882671446,321637347.49473816,0.0010116297335933,0.1,3,325377.9041597651,7.941293408707588,197267798.05069804,3176.127397683725,12.323748349711511,0.0011864826595436,13.350054381561714,13.350200766213428,0.99999999615501,90.3817944757457,0.0001272341669016,0.001802383637767,0.0768765431598296,0.0016954168008931,2.1125692892032255e-05,2.1967015083340516e-05,0.0016734497858097,230.39061538237985,0.01020298758733269
99.61169825534527,7746.099073794237,0.4690786136325828,68010495116.585846,25.361494102003185,0.9074105403306107,284221762.3608826,0.0017208081044176,0.15,3,489091.1121224733,13.508343619678527,335557580.36144114,9190.087122290242,11.73879236242568,0.0011525534686496,11.26867899092774,11.268563355406574,0.9999999966285578,171.2958885191547,0.000227545946417,0.0019711727924001,-0.0417185875892304,0.0025743343504723,4.654227549990425e-05,-2.0576500631897063e-05,0.0025949108511042,185.0162636888421,0.012275933959642934
46.613282921087425,2751.3845420115804,0.2306732634263023,280120454.3184367,29.10913200418874,0.9256150339483132,144457647.39927968,0.0047270311642358,0.375,5,682855.8011685819,37.10719463925104,921771077.0259812,69347.63809073307,11.657652115182325,0.0043004506798904,11.821554843291784,11.833918393425034,0.9999073965748418,540.0791135295417,0.0099881561829013,0.0076520052147481,0.0138647352469431,0.0317268973465287,0.0019714280281168,0.0021546783484699,0.0295722189980587,91.34355715848982,0.11746065075959282
86.34093204841636,6721.892271402529,0.3675361419429939,20451201534.95954,15.538484800352578,0.4208396048679774,201628155.84129724,0.0021679579789397,0.175,3,437121.3692350482,17.018470134677056,422751805.8932517,14586.68025675132,13.23211948813776,-0.0002916524093443,15.565854217310555,15.565931142429628,0.9999999992405156,132.22061975646685,1.1246835044996502e-05,0.0006495672096829,0.1499265441261478,0.0122866402360823,1.4071410179838928e-06,1.0005193677210115e-05,0.0122766350424051,85.06119010598351,0.02835813136586289
43.14799524954423,6692.041921238614,1.008202897646302,9555584787.702225,12.44327540794212,0.9814484485619888,284821759.59529793,0.0194102330064768,0.15,3,5528456.719059477,152.37032910084358,3784995436.262993,1169273.859587864,25.64369145027323,0.0022363976435329,24.315093159883173,24.311972274876116,0.999999544072844,947.9929845002872,0.0047413626623175,0.0081216424868207,-0.0546408883426398,0.1210469052915059,0.0006002897363671,-0.0002878321016231,0.121334737393129,27.05693199895468,0.002392389248946459
430.8859572211841,1941.8328168614996,3.4650302165904843,325713302894118.4,113.52921499645788,0.7689616484287718,263262954.3035646,0.0018850174306922,0.2,4,496255.2577177477,14.797386830933895,367578398.98498213,11027.71373686664,3.46975034178592,0.0009082235733535,3.226573185454649,3.22647709609677,0.9999999495169778,839.9678554574244,0.0006928643346531,0.0030105889349267,-0.0753670046684545,0.000212684040966,6.010609703847869e-05,-5.957657397632902e-05,0.0002722606149423,761.5833722483142,0.4215458808690811
346.8549856840022,1124.590027895355,1.062098856117172,7441767920805.598,42.42359691838678,0.349547089116515,315095658.0116159,0.001947963427527,0.125,4,613794.8179792064,15.291512906087544,379852868.36777973,11776.5028285285,9.564998803588338,0.0020923700698925,9.453097474303853,9.447141653302754,0.9999775083947422,324.36048990008356,0.0014200542823319,0.0056348491556111,-0.0118375304590547,0.0004216390607261,0.0012727194384697,-0.0012618018446319,0.001683440905358,306.2745610791033,0.05868366477556695
211.8361706739045,6382.740938305388,0.4687241406622311,1144465157417.3977,26.303250504413267,0.4778423431171895,157995368.6035833,0.0036901855980916,0.1,4,583032.2337861258,28.967956945019505,719586191.627873,42262.10864569846,11.727564169105404,0.0012191297733664,10.876049347066417,10.875793566444548,0.999999969060502,380.975714062953,0.000566235595402,0.0033629964425932,-0.0782926589303004,0.0164969090966366,7.219408078641687e-05,-4.781320412764259e-05,0.0165447223007642,97.69675143479613,0.15984880845345736
123.35340994551088,9791.684139008754,0.2159782749525906,42859037688.67127,37.68467564709381,0.9032498390595832,129024397.93332677,0.0069381373323676,0.2,5,895188.9920874786,54.46437805908635,1352936779.8116992,149396.53569693092,7.7963663222184865,-0.0007663759141444,8.62746354447708,8.627548115340893,0.9999999927055004,1026.236210738681,0.0006027414090024,0.0019351252543286,0.0963315832021829,0.0290160329540313,1.9434602451767757e-05,2.0173599055997585e-05,0.0289958593549753,92.24692216600216,0.29280985742850985
133.59572187873087,26875.907252164172,0.5226135249912807,947665070231.0602,25.2322721563803,0.9936155935025448,736451943.3919826,0.0010887987856782,0.1,5,801847.9816755439,8.547070467573901,212315763.20724976,3679.171214260469,33.451276215141,0.0004389580465423,30.37433779526666,30.374361714652423,0.9999999999566356,107.83100408879264,2.077732715910343e-05,0.0003166867568025,-0.1013005926454743,0.001779795732064,4.950131794745349e-07,1.5777745834837271e-06,0.0017782179574805,372.5009470026727,0.0005484594653400479
262.3950408552888,2964.1769359133295,0.5811133341395572,1923129556431.4336,139.54495822698038,0.6678606082064105,278904718.1022168,0.0011962021702598,0.425,1,333626.42908958875,9.390187036539974,233259423.2006745,4440.827615690074,0.6140469453368864,0.001554415804963,0.6753834612743552,0.6761398764993315,0.999995237231296,655.1766288787517,0.0015830433362382,0.0198874122701084,0.0908173200180757,0.0022479737137054,0.0021520017072484,0.0022412272698059,6.746443899458573e-06,1209.5182231935964,0.639337019587825
67.56103894032888,1858.9747169123648,1.6107214756308843,40724888615.137566,12.199071269588108,0.496676267200261,682546603.0342772,0.0038416495552866,0.15,2,2622104.8540090257,30.156949008999984,749121663.2808913,45802.61068076688,25.87176430752918,0.0038541361971795,24.22749271080949,24.21475533563543,0.9999960521095288,183.9433851170626,0.002732362333877,0.0146282617318666,-0.0678680050117638,0.0035778211609163,0.00155859036474,-0.0010560758571891,0.0046338970181055,92.30105804699036,0.00041804083349293244
111.47528314929882,20647.865181661284,0.2053967270517487,54517605945.86733,12.365869417510217,0.4356776779660768,650019307.1208394,0.0045328363289073,0.1,1,2946431.129808545,35.582765181922944,883903084.1369394,63766.82868848391,13.150512663522491,0.0005528414127841,11.643317973540064,11.645425003027876,0.999999876149998,220.00591387679412,6.724120557123457e-05,0.0047326680075037,-0.1294471810705153,0.0017593151249589,8.648572531050336e-05,0.0003624677444196,0.0013968473805393,84.05729184996338,0.0005288129308990576
112.13382975268831,2502.6475981522544,0.3043625004968374,14855554026.365776,51.72191356607996,0.4894129438328637,143928288.10388923,0.0006713085736129,0.4,4,96620.29378957888,5.269772302861837,130905171.8545297,1398.6180559693248,4.879257891540406,-0.002554248047927,5.238164483219179,5.238576839951281,0.99999964812529,136.28135378077104,0.000889124503865,0.0041886084858746,0.068517625368305,0.0010120628381332,0.000127909280056,0.0001575839506787,0.0008544788874545,429.89183415549854,0.8076631999298356
89.34452662420297,4953.992952754239,0.2934443256892276,11016379058.625118,47.06416721400781,0.4679836799050823,750948845.1676791,0.0005914262605092,0.475,3,444130.8673312373,4.642696144997373,115328120.7992978,1085.5652966011546,10.564912666756168,0.0009662890306985,9.858083956401911,9.858220235957344,0.9999999938675848,109.25231384599292,0.0001020104685967,0.0019128440148712,-0.0717004149569285,0.0001256693335302,2.5511159232341485e-05,2.7651185762075058e-05,9.801814776815657e-05,951.9582055382332,0.0048146042929414525
64.0350979347901,1082.7353774991784,0.9695451520254076,6935710603.698587,39.506394449827994,0.7033667685540526,696635393.1018523,0.0015849220209643,0.475,1,1104112.7751102815,12.44163786457014,309059794.08804804,7795.976873149606,3.886785461077993,0.0009586848103143,3.7703376374489057,3.771616729901234,0.9999995636154548,245.7621265398118,0.0002258742111969,0.007297086571266,-0.0308852508254085,0.0007232983225102,0.000850315830584,0.0006786482610151,4.46500614950295e-05,470.1525998484891,0.003103165668418047
281.0088085651109,1221.9111862545778,0.9769498486572652,2947298757094.1274,78.96592181593007,0.6129512106581717,165575711.6207794,0.0005374023657814,0.225,5,88980.7791409483,4.218608571384114,104793461.32737608,896.3010206209342,3.9158889562801305,0.0023861143771971,4.598861385914199,4.598950584125652,0.9999999668577992,166.5631573099652,0.0009483343019932,0.0032071525798322,0.1485090269791424,0.0004373895826209,3.462627457950784e-05,3.880727083127025e-05,0.0003985823117897,786.7936861712086,1.0619728075929964
44.218875893270074,3489.623823105154,0.3049174100740795,502729182.08732015,12.573858142850312,0.4555142441609737,143535493.394268,0.0007765131887794,0.25,3,111457.20367860756,6.09562853191829,151420071.81198302,1871.338772605899,14.954867300532404,-0.0025806498254438,16.207135938582237,16.2081308317748,0.9999998809785784,38.322784225925744,0.0002552202972047,0.0030444559667273,0.0772664980904318,0.0095569250439827,5.9955593233546045e-05,0.000123934153345,0.0094329908906376,97.039024013913,0.04982633294987585
137.51440754907864,1024.0635186016432,0.7439629822163256,82145277806.76564,26.049945129649725,0.8843302167658131,359890391.83925414,0.0079040067542372,0.125,1,2844576.087882558,62.04645302076247,1541281317.076265,193887.29354249977,3.6826918278056744,0.0018953028137263,4.11176842326768,4.114654054309008,0.9999981344062416,808.153348340126,0.0029030264403503,0.0217401802098905,0.1043532979712443,0.0023968097577318,0.002240539716653,0.0014054805247691,0.0009913292329626,99.77940644404762,0.006758222876366097
192.01740578137577,7489.906543192813,0.2896846383752071,346297987622.5199,47.39666503479325,1.0122921985725963,718753901.616742,0.002126253010905,0.125,3,1528252.6474123837,16.691086135605012,414619337.12649393,14030.870821799972,10.434356299939726,0.0008406017020412,9.578060352040357,9.578118891834642,0.9999999988027544,395.55090931807626,0.0002795007111886,0.0018800057524189,-0.0894018116848636,0.0003752528844726,1.9764873397457028e-05,1.2228201218953587e-05,0.0003630246832537,494.655736381468,0.001963303808857312
46.75174754323276,29852.271035746027,1.00869414060317,58809571423.273186,22.775115556008455,0.6695645459195986,272874249.89816046,0.0039986733626326,0.375,2,1091134.9944161368,31.389585896666222,779741305.7133648,49623.4097271916,9.082147594670978,-0.0004605474671517,8.200421709271001,8.200479445074771,0.9999999992902696,357.4507230259133,7.581671725439793e-05,0.0021731997159243,-0.1075220173620022,0.0034754892158894,2.1959757127987256e-05,1.4129968953348858e-05,0.003461359246936,106.7963795887564,0.01813766850313281
279.9221952865342,1999.7351228351272,1.0112423884102573,5088532979926.742,83.99668474864303,0.8537362498003405,606128397.5809938,0.0005092337870437,0.2,5,308661.0593349221,3.9974852282933457,99300588.47352898,804.8022181721345,9.104223684784822,0.0017993224027672,8.270754890396915,8.270704366306752,0.999999996624668,167.8877532541567,0.0005435468606298,0.0019507759134114,-0.1007730014288826,7.896626568901739e-05,1.887990909978099e-05,-1.221860483874728e-05,9.118487052776467e-05,1644.971902116478,0.01581250020310537
43.39857360959815,20132.27976064692,0.3430478482529791,3406155138.425026,13.152772142535412,0.4344202736445514,481523580.0038754,0.0135187290754358,0.275,4,6509586.821506331,106.1220232421711,2636152169.709983,567187.2663569199,34.32884912962608,-0.0010807637770128,39.12956413310113,39.13327033244136,0.9999995492916106,697.8993955045618,0.0008151816273934,0.0041220123158527,0.1226876687699658,0.0797394896736757,6.922534902405186e-05,0.0002045083507767,0.079534981322899,44.55852152731656,0.001473400855717722
429.40324476304335,838.6436925553693,2.0363201908657422,47917169186384.63,54.68053325460026,0.5884428995670266,521293355.4699975,0.0006400942667776,0.1,4,333676.88814563834,5.024739994204694,124818382.02164526,1271.5768645121116,8.147381704018466,0.0013848589791689,9.426429433099086,9.426497998060889,0.9999999970052208,137.37773117441486,0.0002634677375666,0.0021488489657526,0.1356874029724862,0.0002158165173304,1.7014336956860943e-05,1.4550368515188284e-05,0.0002012661488152,885.7771968277418,0.016876244909553095
560.1161559339743,1025.7524561497064,0.7855248373249275,25248469231377.69,112.86852483543748,0.7536785140698214,325543571.8745375,0.0013178285545745,0.15,1,429010.6147744442,10.344954153409889,256976568.14202905,5389.7990079516285,0.7976519194278012,0.000839254628586,0.902129745161132,0.9022966546807922,0.9999998702342132,583.8098573928029,0.000411205499028,0.0094133075338593,0.115812416444233,0.0003798054994438,0.0003819300678906,0.0003700722337259,9.733265717971972e-06,1006.9793921639952,0.22687068089683643
139.74753761411347,1876.8737062164173,0.2429528839883507,17124427872.3708,72.72375978936763,0.4948025641459907,158861842.78163916,0.0008473628095861,0.45,4,134613.61743547564,6.6517980552509135,165235747.8692902,2228.402008111917,3.8917135577474418,-0.0016400885396147,3.913235154280009,3.915414349829749,0.9999823570481708,241.8718819687251,0.000650608857637,0.0035726759288463,0.0054996941620101,0.0016088956689918,0.0010585563034879,0.0011146172750952,0.0004942783938966,565.2284985068836,1.1805487721521983
57.32584200077259,3908.395361166288,0.5239098163807668,4695410600.804571,23.332688617452007,1.0260976600230551,430775836.8429865,0.0150653554172592,0.2,2,6489791.087206853,118.26304002548471,2937744306.365544,704390.527044526,9.237245868996068,0.0032528634842502,10.079255681493478,10.093385884501297,0.9999719763127864,1379.6973439339492,0.0145987443286826,0.0199283842514765,0.0835388880989917,0.0106985602582042,0.0023440923085975,0.0028278675593005,0.0078706926989036,70.82284851656237,0.0021130949322558665
137.33533957343917,4740.474910097883,1.0725436452352708,786214898110.5234,25.34275923588143,0.6247724134900062,239978483.6295084,0.0104359132893095,0.15,3,2504394.6464575506,81.92191932108028,2035003091.41537,337999.1957458396,9.761467715942665,0.0017488233982213,10.444906463835313,10.448893384297502,0.999995459071892,1038.0637387477204,0.003174796780257,0.0096981574813544,0.0654327303225742,0.0194436496573682,0.0007148052021894,0.0007778173583538,0.0186658322990143,68.98385299236102,0.0353304031351537
50.11502482614113,19440.593841972837,1.0790129854824273,57862196362.451675,12.527881613626796,0.6978877131130142,271670350.1378207,0.0019809662539088,0.2,5,538169.7958106294,15.55058509318462,386288419.5122294,12178.923363204362,38.848734998159465,-0.0008425432630215,37.77808506236174,37.77793040078604,0.9999999981350306,97.40794453502326,6.914786887590174e-05,0.0008112269613971,-0.028340503072889,0.0355689080206491,1.1608023241540394e-05,-8.47918587441876e-06,0.0355773872065235,83.27849188467948,0.005310423337078507
307.1334914523333,2555.1341570687173,0.3708621719312646,1267382585879.0432,160.42953626265745,0.7453068317837057,251192641.38474855,0.0021162043636948,0.375,3,531574.9638264454,16.612204255004723,412659850.9204995,13898.564733428697,1.496615288721261,0.0011594646176618,1.6726117851918254,1.6728437085598309,0.9999993826522314,1332.5441124654762,0.0017914166039345,0.0066004493388514,0.1052225615224755,0.0003675989114396,0.0002068147671805,0.0002773630778969,9.023583354269468e-05,992.1597628540242,1.0132695743817295
45.1668639553369,33348.70879569291,0.3057857467507436,5259609436.408211,23.675141529904753,0.9411299776306944,377995429.0660162,0.0038401485471629,0.3,5,1451558.5977621074,30.145166095229353,748828966.6967801,45766.82570937901,24.78211187133895,0.0009374560556282,23.33184167968897,23.33186109141298,0.9999999999739176,356.8455368735206,0.0003136043707951,0.0013277746792048,-0.0621584104486909,0.0138810906856933,1.4179774868734727e-05,1.687064023295562e-06,0.01387940362167,133.33202475657387,0.004158979524256433
206.2761788173067,26636.929246886015,1.599033789826765,49975367447458.65,31.52871445517917,0.6180936699323405,294727137.0375628,0.0117530584512095,0.125,2,3463945.2687601293,92.26150884199517,2291846397.985867,428703.0122435338,6.404921038207361,0.000426248400787,6.160751025029247,6.1600612246924795,0.9999998208781948,1454.4433837416266,0.0002642544719701,0.0042170690691413,-0.039633157091745,0.0046900822312176,0.0002237220208102,-0.0002250219063297,0.0049151041375474,89.62176786199383,0.029803262575271525
218.21100551328792,8472.318361846052,1.6095312554197183,20168237369666.277,52.98615954219691,0.6903902131032824,146877865.31457406,0.0010943116341181,0.175,5,160730.15680817555,8.590346327827396,213390768.6530372,3716.522581048186,6.44088664528609,0.0009267246822936,6.460434682659237,6.4613949797366335,0.9999980478903636,227.5847305244939,0.0001954540080192,0.001372414882248,0.0030258083756525,0.0023300549074509,0.0002966965431075,0.0002979118592954,0.0020321430481554,348.4518214970377,0.6086284341542134
308.5810542834449,11770.676136814323,0.6538999650214353,18495297384802.688,60.75926929182393,0.5266867111285926,165009415.21482316,0.0008588299926743,0.175,5,141715.0348601404,6.741815442493412,167471848.5714924,2289.1231031728457,5.885932636311721,0.0007399425338999,5.968721414805005,5.9688722785685435,0.9999999437454268,204.81388999311713,0.0001121386674504,0.0011655781908099,0.0138704376933947,0.0011302191311395,4.888751744925798e-05,5.060666635139368e-05,0.0010796124647881,478.0638800592313,0.7095594452020707
82.09489082558018,2784.643384210266,2.3796621564843328,290285242563.3915,32.87087694776071,0.3640165391689987,324074821.15083224,0.0006921424498715,0.375,3,224305.94065301356,5.433318231491477,134967777.7249475,1486.7765911903998,9.521684502897529,0.0020935929406679,9.274405460114624,9.273204620065144,0.99999946232194,89.2989675026906,0.000391409108557,0.0039232114832596,-0.0266625223413345,0.000285827607441,0.0002870914953152,-0.000259082184847,0.0005449097922881,403.74654708413095,0.03203567445294087
183.86931576221136,12018.811750034423,0.6898369324803738,2649425441307.322,59.4170565779295,0.9791865964694586,723954324.9542027,0.0114442025697233,0.175,1,8285079.946003228,89.8369901723284,2231619501.0960555,406467.4903015444,2.843184209277743,0.0008446890969678,2.5556972527020396,2.554412518817017,0.9999990433992184,2668.9247639300665,0.0019042769397503,0.0154933089071923,-0.1124886589253694,-0.0008681199170957,0.0010619509704905,-0.0010052733209619,0.0001371534038662,268.25422912877207,0.003344270318796945
388.3351178712886,3352.587049635394,1.3421876620605406,55666441422572.805,109.5650973777954,0.8077385914148958,542406010.8759788,0.0016742158441854,0.2,5,908104.7373899844,13.142594376855714,326472089.61616105,8699.166400442497,5.373853314993526,0.0011790263375538,5.998434892000517,5.998553373115751,0.9999999656012124,719.9848163485314,0.0010008531285038,0.0027839274651652,0.1041240904089714,0.0002364082232575,3.720977313534379e-05,3.951217815338965e-05,0.0001968960451041,1119.441442064898,0.0415245778127471
278.33635709081835,946.557690255758,1.0116993994032233,2356622793094.741,38.26962050690421,0.631456790036119,157809083.10771057,0.0073583981275798,0.1,2,1161222.0616548755,57.76342530150208,1434887634.878077,168043.34059206495,4.149961206834006,0.0015767591529245,3.7121235447370537,3.7106500311438495,0.9999977462144272,1105.2921827336966,0.0027479436318756,0.0134684675317665,-0.1179480307754591,0.0031040026580238,0.0007664905833995,-0.0007968312010225,0.0039008338590464,100.6007321783273,0.28057150648390056
145.2743301147649,1151.3690168768678,2.7423029602589204,1563007908311.031,85.1504157827345,0.6604672137418235,313695559.5316535,0.0067300815822965,0.475,3,2111196.7076521995,52.8311404210281,1312365908.5478318,140570.89196874818,3.042986158352436,0.003434321916259,3.52290474172615,3.52798674441438,0.9999331007108512,2249.296786563287,0.0265294817071064,0.0272953405700342,0.1362280897605433,0.0037052660846429,0.0027076078000217,0.0028895567924751,0.0008157092921677,329.99200851777994,0.1692697912503757
275.49710022343976,21177.7128816543,0.4497652073360272,10001822500303.102,129.42827039173324,0.7497320281582032,743615127.3576137,0.0022796117989213,0.35,3,1695153.8181808128,17.894952621532536,444524300.78966177,16127.852218992482,4.047937414114648,-9.167264799357464e-05,3.5670758621614698,3.567096327653831,0.9999999989442672,1158.0563832734842,9.732160381746222e-06,0.0004845050788801,-0.1348055299451354,6.192413538510692e-05,8.706779813794085e-07,1.1475272365754978e-05,5.044886301935194e-05,1326.9221263415911,0.025216997574616384
148.96799716925133,6677.3255064760915,0.4296098309309323,245970560596.0037,67.20230220888806,0.4348218753934006,135530289.0406428,0.0020257279683747,0.4,4,274547.4970715414,15.901964551741637,395016953.8330725,12735.5290707006,3.868876393952364,-0.0008359036813213,3.9136422675882896,3.9143365010106232,0.9999982148901416,534.3243137605833,0.0003733510803784,0.0027890726857403,0.0114384173552765,0.0019773833834473,0.0003351257834661,0.0003553830911637,0.0016220002922836,312.0214135146032,1.7241355890217176
366.4126324987019,4650.260747763831,0.4092393452261507,5689499526497.724,151.79994969739118,0.3660228458232204,138820278.15323016,0.0070059270085199,0.375,1,972564.7360439654,54.99652701688151,1366155766.661388,152330.18151735238,0.4432728757801588,0.0009926130393334,0.4380307206958153,0.4319433895131226,0.9992860340465078,4174.235017346914,0.0041127929738415,0.0381226394280795,-0.0119675512165363,-0.0275357224271843,0.0279893996066156,-0.0276028071965663,6.708476938207817e-05,383.5640601484762,8.67228105038712
81.15062898380924,5066.903676454737,0.2044576289072904,3722863349.76561,24.992360481710456,0.9079172581719706,240240322.58669728,0.002793178988457,0.2,2,671034.221229302,21.926455059387695,544669902.7491211,24213.20482566974,7.400804869182215,-0.0013296115231163,7.007700183502401,7.007339378004002,0.9999999619536812,273.99693446512066,0.0004843900844012,0.0043111913759871,-0.0560961050538756,0.0021774130792293,0.0001654215277577,-0.0001032061987025,0.0022806192779319,131.56896940511686,0.019714687970532423
110.33486581722283,891.2574736579895,0.23418386356246,2935813402.3112435,25.361028369376427,0.6371873926059215,334090414.504026,0.008939735984286,0.175,5,2986680.1005466725,70.17692747664525,1743248516.9357736,248029.95191939417,19.32861956012684,-0.0050076202332626,20.657622718604667,20.68017084664593,0.9998994748676348,889.8795243054361,0.022314850676629,0.0152876286385159,0.064334758001021,0.0341120252899138,0.0017914295228269,0.0022538091009065,0.0318582161890073,88.00536520339683,0.01287721001359888
136.5345646058499,13487.035586382082,1.26273153514467,3028790549124.989,45.21994682081819,0.7131592694999545,514693400.43104666,0.0011708856309709,0.25,4,602647.1069202767,9.191452203121756,228322698.03933024,4254.844530102985,11.36591687480393,0.0007374557422216,11.328118486927483,11.326806920055448,0.9999992380711336,207.818489915629,0.0001130202095003,0.0012796511264854,-0.0033366871930288,0.000313558272756,0.0002369647807422,-0.0002316723668008,0.0005452306395569,538.1703132564453,0.00991322461598374
81.39083857374325,1099.7359460983334,0.2268835793624951,1006831719.0423676,41.238823946619696,0.9316730919667005,575828969.178323,0.0050021583820787,0.3,2,2880387.7048191046,39.26694329931805,975420884.5053529,77655.03506490237,6.56146916771695,-0.0053657135070946,6.569639104420942,6.660064825720556,0.9972072373820876,809.6612808212375,0.0233108619428595,0.0289890437302468,0.0012435898797688,0.0283610114104385,0.0277721157325926,0.0277351677384437,0.0006258436719948,251.15795350959272,0.0036623166740978926
108.02810643272508,25191.52404874593,0.3858494944531556,207012997591.14783,27.092470544235923,0.454432328061205,521214109.0752146,0.0005905551586829,0.225,4,307805.6808927124,4.635857995661257,115158255.94317771,1082.3698297496792,18.908195808833536,-0.0008338013725877,19.029126521571083,19.029820772612133,0.9999999244597187,62.7984230973566,4.3659016675045415e-05,0.0009448876934363,0.0063550322501908,0.0008295457220498,6.986056246938675e-05,7.302373342357791e-05,0.0007565219886263,456.8767799491308,0.00483625816347425
499.51162786601753,851.8144490420673,0.3030666350654822,1974076198277.785,65.75838945514084,0.4205800481768,279573409.07765347,0.0106882002752487,0.125,2,2988136.5878560115,83.90237216070281,2084199053.6735091,354538.9131479536,2.8246617095328297,0.0020038447568569,2.8714220294125914,2.8978138908365523,0.9987650321028112,2758.642432376831,0.0110770357458196,0.0305817549400126,0.0162847256170586,0.0195701457656313,0.0183625834217956,0.0184869153035083,0.001083230462123,190.90593757990777,0.19055317525851517
81.59878013337011,3574.5426482577072,0.2877738180453228,5318852561.150435,13.13178335324005,0.505380846445227,440244232.2626716,0.0037172025677767,0.15,5,1636476.990615707,29.18004015704749,724854500.7164662,42883.201427291126,41.4710504725273,0.0015564966985261,45.922047921444694,45.92493685843401,0.9999996758853744,191.59298279059615,0.0004641688654686,0.0024002213153505,0.09692506432926,0.0376252191739426,2.971460191930619e-05,0.0001305408258671,0.0374946783480755,81.12132971676813,0.0017880834491321657
48.25343964129743,2256.5860929667306,1.2078841480649898,7233955332.925496,32.14874672124195,0.9776503725861824,455326791.8035693,0.0197962724261171,0.375,3,9013773.213453362,155.4007385450193,3860273123.0928354,1216246.4522038244,11.215191004029188,-0.0021660088752163,11.302061280664851,11.34536783703734,0.9995344615748624,2497.9694918888827,0.0117194597982098,0.0128411229364557,0.007686233022314,0.0193637601971281,0.0072794816730314,0.0077672017840021,0.011596558413126,87.51985056418582,0.003953246824643054
78.75603083299083,22924.385039365596,1.6629493669440398,988442188989.1296,23.640288952587003,0.9881630389697722,767616388.6400343,0.0019986421928123,0.175,1,1534190.5022301795,15.689341213576585,389735227.5983992,12397.235348341494,6.6710186269300245,0.0009376826803184,6.6143245415618415,6.61071156044986,0.9999988706031152,185.4502798823412,0.0001630569377095,0.0044729066165526,-0.0085714096748563,-0.0009496239813032,0.0010968868356268,-0.0010923291621703,0.0001427051808671,262.9844092274746,0.0004322830076406271
155.3555115281521,19382.505514071097,1.8625993885488537,15875073157310.469,62.77960474592551,0.3591735459625217,478257315.9251253,0.0073220427423437,0.375,1,3501820.5090423557,57.47803552739827,1427798334.7570271,166386.95062188053,1.8733943630491563,0.0007525285191139,1.9659535182093215,1.969668236472516,0.9999864282320432,1804.2241759911635,0.0010217306571102,0.0190507132233821,0.0470810496295314,0.0039020541534663,0.0037082692134886,0.0037830703159764,0.0001189838374899,288.00888564520244,0.03649123094510796
122.719848915284,14057.723487162066,0.2612098366429937,88168518907.05785,28.641978601054536,0.4606916161634178,583980540.0108101,0.0052716736585578,0.2,1,3078554.829885396,41.382638219679386,1027976363.4187874,86248.54515213265,4.188230467491663,0.0006507824941105,4.762165951346988,4.764132250587362,0.9999993538229812,592.6403191716192,0.0002509937565491,0.009034332951328,0.1205198411225015,0.0011633025805329,0.0003381386557012,0.0008262492687724,0.0003370533117605,171.11992189557793,0.0038193950453267052
82.03030575531092,1262.9176569522458,0.7466586210210542,12920424130.04614,24.58815830959069,0.5333270272796033,177526806.1078616,0.0029353040639123,0.25,2,521095.1554217892,23.04213690171209,572384292.4629118,26739.97117140841,6.840162334480759,0.0034341361883973,6.1262899376030635,6.12535692770842,0.999999667781141,283.2818549652792,0.0033408254527372,0.0158431263398223,-0.1165260547816973,0.0030452346252553,0.0010721003705273,-0.0003055895072911,0.0033508241325464,108.54355741519151,0.09259736157001518
127.81971977024187,1004.2786714960496,0.5018799880874735,27365644929.021538,71.7394627461608,0.8285897868970464,120813468.27170472,0.0140927642164945,0.375,5,1702595.7225300828,110.6281990994824,2748089022.216441,616377.9793631111,4.705418263946258,-0.0021011150171905,4.360550217980756,4.3598459764646025,0.9999977422173276,3968.203783986088,0.0175183670057266,0.0113906755546111,-0.0790881950042533,0.0170277921625064,0.000816060693558,-0.0003285854795795,0.017356377642086,119.23131437633629,1.5407023426715594
46.58467905399858,24040.077360204796,1.7473787423703748,140101451222.00168,17.9057787897834,0.9503698226943552,434260451.7513191,0.00222588104776,0.225,4,966612.1093449624,17.473166224916096,434046804.3132023,15376.54085193992,27.959490517063397,0.0004137481295141,26.373745638223095,26.373791836379137,0.9999999998408582,156.43532459023118,2.6779774424211755e-05,0.0004788343992734,-0.0601258880931233,0.0078385436484194,1.9066558005487175e-06,3.5307961639106933e-06,0.0078350128522555,141.96785068975262,0.0015292348562611908
136.90707429385222,9417.191446110422,0.3619241410864818,175638738402.1121,19.026860770269543,0.5839703663440954,186549255.6062362,0.0046153241597195,0.125,4,860985.2863771685,36.23029465379884,899988211.1453215,66108.78290690371,17.73774892389887,0.0004802594419888,16.473219041724207,16.473511310583223,0.9999999834622586,344.6743860218358,7.949884782740593e-05,0.0011838930991163,-0.0767627674331166,0.0335292741986193,9.12890181108128e-06,3.6672903114043365e-05,0.0334926012955053,68.66499997831069,0.04485290188813034
101.02460557561172,34994.08244718274,0.3935660196813005,228822486162.01852,44.77757052562383,0.6171460366368842,275221893.3082732,0.0016956441673651,0.35,3,466678.39811935666,13.310806713816133,330650612.6361969,8923.273074751027,6.299645711957651,-0.0007159554761012,6.275108765322293,6.273410811198886,0.9999976537021096,298.0127931904245,0.0001527590463304,0.0021389670075994,-0.0039102026041293,0.0003055299994303,0.0005467991083382,-0.0005415563570789,0.0008470863565092,323.8226958273427,0.07392055650297656
268.5555036998205,19377.815999562208,0.6082071591081203,15111388041492.371,42.119117698541274,0.5885047955472403,664838908.526134,0.0020027775575393,0.125,4,1331524.4453751096,15.721803826684036,390541623.72017664,12448.590341239767,15.206209982963232,0.0005729456438092,13.824669345278098,13.824655385428514,0.9999999999396364,331.0942529047407,0.0001086872213525,0.0013801092750598,-0.0999329968175338,0.0008301874209158,9.529439031916165e-06,-2.0212360510882352e-06,0.0008322086569669,435.60589605639495,0.0048264946521860645
248.54284378995123,2008.3507162769513,0.2013145102359358,125879500752.02176,49.05050993397231,0.7661750022584994,175940301.31463903,0.0035760462974051,0.15,5,629170.6630805666,28.071963434630657,697329027.99401,39688.16399194349,7.252344613003589,0.0006465246516231,7.654988572698104,7.655360273257623,0.9999997944268032,688.4720606582292,0.0002877772766895,0.0015563720247598,0.0525988975516651,0.0065668644625174,2.3021051992977437e-05,9.774389977013943e-05,0.0064691205627472,195.2977565916861,0.26505954512369134
392.1319760004634,16699.548633448154,0.2482238625408526,9860094306307.45,215.72941123959396,0.8688215769456127,135732494.67818615,0.0057519798823807,0.35,1,780730.5787742815,45.15304207668904,1121636077.06425,102680.85111629596,0.2826401630156274,0.000483134241066,0.3047711051037454,0.3049754579726645,0.999998294306192,4870.41959144037,0.0011368469846028,0.0138605333798422,0.0726149615810346,0.0013694035560804,0.0013109948279889,0.0013415122212608,2.7891334819531524e-05,594.8606250626887,8.960688790241461
435.21546652041985,10206.808882658032,0.8913381088131541,117910494810849.98,102.43578089930485,1.043255373419083,205565150.2929508,0.0027534751528957,0.125,4,566018.5336329284,21.614779950231934,536927654.8146787,23529.73665674776,3.5684802157889353,0.0004742058687982,3.16048720544981,3.1604776925739673,0.9999999994784357,1107.063431584323,0.0002489466889818,0.0012641402551481,-0.1290918088944007,0.0006195850608377,6.189441023374265e-06,-6.023636380018201e-06,0.0006256086972178,502.4102315449573,0.35374786760024973
151.6182280726374,9864.832800012133,0.7706128803115433,1254666115987.2217,91.03968926986909,0.8471867448236816,388828349.6984388,0.0040020820913353,0.4,5,1556122.9749316094,31.41634441698267,780406007.8103975,49708.05021872732,6.9396025395085195,-0.0006815931943769,6.114483455452183,6.114475681457593,0.9999999998397232,1430.0671168586443,0.0006643652545788,0.0021728676578524,-0.13494501867048,0.0009484121087948,1.7492486636294657e-05,-2.5452296789174422e-06,0.0009509573384737,509.3770335948756,0.07142244523341955
120.5092461192878,2289.9793378244894,0.6704553888713498,87985895751.0537,28.905345332170704,0.6110017970167667,742701270.5224743,0.0009139557201962,0.2,4,678796.0745910561,7.174552403540755,178221365.43827352,2592.4181516240797,24.139883139021094,-0.0015833669515476,21.29025059141643,21.290295182557777,0.9999999997555784,103.69145741405045,0.0002599597619695,0.0021018232088873,-0.1338468298139028,0.0007260122789104,1.6501655298567508e-05,4.1919069643556834e-06,0.000721820371946,467.7300756715829,0.0015811560923165368
227.51225075863823,6791.541720964045,0.205121194222933,310290757139.51917,77.96383298635786,0.7585603672332176,697336860.9614391,0.0031517472091792,0.25,3,2197829.5053930418,24.74121559205719,614590705.7899557,30828.862226100828,5.134094985880371,-0.0008074413170647,5.734942481729719,5.735161750644162,0.9999999530854812,964.4600001493098,0.0006287907695834,0.003862291945427,0.1047695766371707,0.0002814685591627,7.116681595298324e-05,7.648483112297259e-05,0.0002049837280398,658.2811720597193,0.010912844266200402
76.165201703268,1054.989609269471,0.556108550853875,4449938001.034488,29.5295229515519,0.9357636314544484,324712539.3628823,0.0093117358788322,0.225,4,3023637.4030920737,73.097126648833,1815788496.372285,269101.45194540505,14.05575318234017,-0.0022042068054248,13.885457587970327,13.874993219257773,0.9999685749633286,1079.2616395346051,0.0052436225076377,0.0068365940386638,-0.0122643127380533,0.0145863766276161,0.0017767835505657,-0.0015309570798385,0.0161173337074547,98.98360458261456,0.010357094132460944
192.38489615052328,19480.59400578851,0.2744019381869104,814367968805.7338,84.34231802683708,0.7774040925296173,535199776.416489,0.0105147016652964,0.3,3,5627465.98035275,82.54040807257721,2050366824.7328095,343122.0696587119,4.396862420866808,-0.0004324098805523,4.645517738070392,4.645911682627139,0.9999997693953844,3480.8246738611087,0.000650838696822,0.0038585552903994,0.0535258567986586,0.0009310929055722,0.0001388969505162,0.0001697383269776,0.0007613545785945,341.56836864141707,0.027240361400116177
551.0165826954584,932.0234620977488,2.738712442621007,261179229872104.12,103.58790429835116,0.9990057745578176,185509838.14904144,0.0098796906412,0.1,4,1832779.811811624,77.55557153342052,1926539675.034013,302929.40708887065,2.7610931921156334,0.0006058784840843,2.971646452485704,2.9717577327407487,0.999999920688574,4016.9095609039464,0.0014745622592687,0.0033071983531078,0.0708540749165999,0.002507465835668,7.714171778436252e-05,7.507825858904917e-05,0.0024323875770789,254.79651035226507,0.5687485008716119
45.10314150856817,1168.1756865742054,0.6143963182604361,739592991.4456909,27.78274816614698,0.7365740411362145,509704998.5623501,0.0175299524464062,0.45,4,8935104.38649354,137.61012670428872,3418340727.04921,953709.7421321294,16.46964795913461,0.0054069750548095,18.542579423001342,18.56665416014533,0.9999072764150096,1911.5937476684155,0.055886168172269,0.0278713629505175,0.1117930475894495,0.0244917683348563,0.0034219616847609,0.002655123437881,0.0218366448969753,85.03875790254554,0.00369641135244999
523.104215424395,8815.334889825708,0.2096973564589421,11763535077809.162,64.95730115176644,0.5928715119183481,127852893.703049,0.0057303323989105,0.1,3,732639.5790810527,44.98310933144808,1117414817.7875638,101909.43001592148,3.3631387658058927,0.0006274911602886,2.9513361302011254,2.951272052474506,0.9999999849284532,1460.9906897928545,0.0005752580074182,0.0042210708130147,-0.1395309166552655,0.0028847149815036,6.383303635840165e-05,-4.35495400531948e-05,0.0029282645215567,174.16704143849083,1.6045279539547477
499.27008018776536,1347.6530649361955,0.3216759289567658,3511701880844.749,124.6990519261217,0.6550564637723773,291570566.7074436,0.0018737634175676,0.2,4,546334.2615358811,14.709042827906188,365383866.4256951,10896.43053334079,2.9080045177532057,0.0016592053164513,3.09134754625809,3.091961359023801,0.9999977576045898,917.1018476903108,0.0025247467955728,0.0063417576920216,0.0593084490699893,0.0005997804355046,0.0003380933420552,0.0003972365007386,0.000202543934766,882.9787313795041,0.45586340217813326
74.41636768260139,1749.5486242459367,2.9231546284496797,185807702481.46307,28.809188147402775,0.7707019229322235,279989701.1518673,0.0015794623675258,0.275,4,442233.19626419025,12.398779585078112,307995161.66754544,7742.359065521537,11.77715467622912,0.0038993180663192,13.132799070551496,13.134089837200904,0.9999994539101982,178.5993869323459,0.0027155467733846,0.0059500878887195,0.1032258536081789,0.0035282744617956,0.0001713436411695,0.0001972359249784,0.0033310385368172,217.73088382272985,0.022490473675632606
100.1492473202161,7064.069932984007,0.930411707130486,249319545989.88055,37.222843823047214,0.9810646068661484,478239945.6983341,0.0005020332769189,0.2,5,240092.36709248408,3.9409612238139,97896488.9991988,782.2034966081696,14.888199250807752,0.0009896500120018,16.582289849413307,16.582324645893518,0.9999999996342744,73.34689207335491,7.183647025225762e-05,0.0006001575068661,0.1021626454482395,0.0005843783283004,1.7628063759544954e-06,4.199263822624532e-06,0.0005801790644778,652.1370135886053,0.004527531616119988
54.43969041711436,2797.263991106202,0.3250387731048659,1052026375.1306008,16.09175513719317,0.4341498926666112,654669333.4662974,0.0011115284825396,0.275,3,727683.6107930293,8.725498587936153,216748054.09522927,3834.3869213374346,26.347658542044705,0.0036261020420935,26.94363353516242,26.9551725057571,0.9999941248451244,70.20429336349667,0.0009230892963692,0.0058492091611327,0.0221193252328029,0.0026658021680875,0.0007603119270209,0.0008582586380926,0.0018075435299948,221.6801185059589,0.0008777863130203628
119.9002254404761,874.2006625550014,2.311428254036802,391212039068.0156,71.16030942415887,0.8055970157079542,316106560.7875372,0.0147347340677514,0.4,3,4657746.11027586,115.66766243184864,2873273143.211527,673812.9404023323,3.735282582242917,0.0038841190186977,4.235314853915874,4.247324467827597,0.9997416321653504,4115.473324509753,0.062087596722728,0.0366264157244134,0.1180625972141453,0.0082312719085131,0.0055507968407348,0.0056936311885588,0.0025376407199542,187.09236296653833,0.0888891667284706
117.5942619446361,2214.968087987676,0.5045397382289238,43698144589.11645,20.938525686609292,0.689750020873489,128431060.77459326,0.0014836965350273,0.125,4,190552.7198611528,11.647017799964804,289320824.3303359,6831.9535965249,12.651139338176696,0.0026065334863032,12.296184404803617,12.295118875334788,0.9999995810290684,121.93569068847934,0.000828433132913,0.0035337138132564,-0.028867079549849,0.0127383549383401,0.0002154824942919,-0.0001755410958393,0.0129138960341795,110.58118031278556,0.14231713810851354
204.07857686863895,2664.468618666165,0.3852894401101499,278057578430.6849,74.73284869422227,0.9233160367060208,509129560.96772134,0.000585150924432,0.225,4,297917.6332559244,4.593434756791261,114104430.2642415,1062.6507032128202,6.165376917948467,0.000595538910279,6.8158446922852285,6.815890945652853,0.9999999973931266,171.6402323330315,6.087505653593289e-05,0.0007490067570039,0.0954346531799673,0.0001144272226037,2.939196950296763e-06,1.3573721668907196e-05,0.0001008535009348,1251.3084426029125,0.017792735295796704
108.17765193778352,3324.4512466709775,0.480601211731906,42618694235.133224,19.52025294664179,0.9016833374063392,392810540.08422005,0.0116093429819711,0.1,1,4560272.286771022,91.13334240847324,2263821881.484367,418282.8197381383,4.922757704363839,0.0015384373663502,5.7366266433801725,5.73758680026464,0.9999998942267226,889.4729478431574,0.0021051952603358,0.0181184663550337,0.1418723911474183,0.0027113598924248,0.0011522717361017,0.0003355695320199,0.0023757903604049,64.45339745707729,0.0027952888564172843
75.82803466557286,1999.4922295252995,1.2027299752732792,38755686684.70622,18.232202502387075,0.3645012355934555,311892377.22687566,0.0010848579850326,0.225,1,338358.93590539694,8.51613518250644,211547307.08137017,3652.586611398229,4.860858942456569,0.0036043955497375,5.467238346519409,5.471989426958932,0.9999971353963834,77.63395059258026,0.0010085944556506,0.0188897208625904,0.1109114630879184,0.0020598429196718,0.0015970885806959,0.001739330881374,0.0003205120382977,175.48002986853513,0.011052297450496212
349.50709992257543,25537.20537053266,0.3822473740349398,22565587558693.45,70.23106420549234,0.6543479764734212,202953248.5799994,0.0017859909239609,0.15,3,362472.6599522607,14.020028753093118,348268230.1723768,9899.49950196519,3.441712376318048,0.0004677438050143,3.4350412757379365,3.4338932125111743,0.9999964186425534,492.32076976066577,0.0001077120388046,0.0017474621971833,-0.0019420729023637,-0.0001768215643462,0.0006704491145158,-0.0006686591789869,0.0004918376146406,424.971942145785,0.42923496897552726
356.9444590623893,1014.0243052660084,1.373180220286777,12579583657275.674,199.15285187917632,0.6827949417358106,298387353.6452417,0.0118709091074802,0.425,3,3542129.1539442185,93.18663649371967,2314827275.9586415,437343.5263961035,1.5788381369598623,0.0022658748297861,1.4686562051609442,1.4628546693354982,0.9995030364617812,9279.192207376202,0.0476411241869225,0.0359340773421147,-0.0750222764263907,-0.0076105235723248,0.0081618559224344,-0.0078870441814958,0.000276520609171,566.7706794294517,1.038183462989716
94.6247637310984,2259.7015098162974,0.3071322159268307,6925981074.685642,49.96055886542338,1.0279852591786809,469259195.6682526,0.0044183510724872,0.275,2,2073351.8704553305,34.68405591902495,861578459.1350148,60586.405188483885,4.947648110783625,-0.0010885869518423,4.894908937412578,4.892562242116217,0.999996693853846,866.4174087170411,0.0010267233021162,0.0052684762604679,-0.0107742910124339,-0.0004968682960852,0.0012191317237047,-0.000959044236134,0.0004621759400488,292.2645907810954,0.007448123763992098
57.1394537580991,4749.075334240448,0.3292427756866553,2224058214.4529066,12.09285372910313,0.9489272161178997,269965426.115333,0.0010823290002676,0.125,4,292191.4097542257,8.49628265210068,211054155.0521825,3635.576884529141,26.679164468743448,-0.0010443230298269,30.875826540670616,30.87574274209762,0.9999999995579686,51.37215167648497,5.602701268166728e-05,0.0006939945784156,0.1359206389632741,0.0134304378061701,1.7717152434315595e-06,-5.501026516009644e-06,0.0134359388326861,108.41162520432322,0.002914893126701892
198.1727962343941,3533.6627051141277,0.2889748284666634,184451213796.0113,98.545337876482,0.8266336287852694,636605250.0353346,0.0098297534397912,0.325,5,6257672.646324007,77.16356450236141,1916801920.759296,299874.81433107535,7.270742168505112,-0.001609817051316,7.22883708089241,7.212957749979239,0.9995744314299884,3802.054767819459,0.0098530665203701,0.0085607706271493,-0.0057969334685197,-0.0031762750493815,0.0045418880972636,-0.0043938472952605,0.001217572245879,450.1658097020743,0.019957554634915817
513.8582476326284,7623.870168859839,1.036569924334953,231476161238564.8,119.55044587076203,0.5674466942391497,579942093.7711445,0.0020471574891007,0.2,1,1187232.800508367,16.070186289440873,399195710.3746459,13006.404365896124,1.03864492679081,0.0004196150429581,1.1367839535519566,1.1369441683786388,0.999999924707106,960.5989680644316,0.0001691391772763,0.0069818740289188,0.0863304117325941,0.0002894610018268,0.0002818654276036,0.0002818958315011,7.565170325614025e-06,1142.195691226189,0.06021346450627079
268.61982356511237,30418.88913098829,0.617545228267601,24478983217680.97,45.98042538703192,0.5436056441411107,387267055.48457766,0.0032733308239604,0.15,1,1267653.1898220603,25.695646968089346,638299510.6722829,33253.284139415606,2.473229293710267,0.0004000949646508,2.415427784781756,2.414731743254845,0.9999996855308828,590.7483890938724,9.456462775418594e-05,0.0052983639955896,-0.0239301333257346,-0.0004538591461037,0.0005795370518366,-0.0005763173443933,0.0001224581982896,283.89382089968194,0.0308120704206215
166.45655250492473,2760.5016481102243,0.2789295066711927,66825275340.99709,108.73957437466102,0.8158281082456351,226182134.07491347,0.008143986690413,0.45,3,1842024.289515308,63.93029551974219,1588077404.6305385,205839.5640803132,2.654396524913472,-0.0020215765288256,2.3425030271298906,2.341515171631692,0.9999943025923578,3475.876562231532,0.0142051138347858,0.017331657953342,-0.1331453979659199,-4.487838796407781e-06,0.0011233004224789,-0.0008439487881511,0.0008394609493547,325.29012423003917,0.5544960907272198
167.14139042791328,27413.979242045385,0.2147225840344152,399782535618.49097,36.906185932762064,0.9000658970019155,128266286.1068625,0.0026447875072465,0.125,4,339237.0710963419,20.76158193188543,515733563.9130776,21708.82474763946,7.733361334263328,0.0004701128914328,6.952762010267272,6.952776697823031,0.9999999997645468,383.11540151821856,8.467085249779759e-05,0.0009102674257223,-0.1122718313733924,0.0074234106326473,3.690031416883621e-06,4.256305798559443e-06,0.0074191543268487,145.8923975899616,0.2881572588066701
82.82492286690277,3034.5390608465837,1.007295281514075,58723338477.979614,57.223491167628325,0.9544360532437092,257936084.03145903,0.0147460046121823,0.4,3,3803526.684776141,115.7561362056312,2875470899.3755517,674844.1287564272,4.403226898551411,0.0021596575288991,4.763001753046104,4.76716094043164,0.9999756781915792,3311.985118880859,0.0154474981594026,0.015246411673533,0.0755353185130793,0.0065685694145024,0.0015233436333087,0.0017556281634113,0.0048129412510911,135.8519407889238,0.07368545585526985
65.3508489011019,27386.76884647555,0.8007177554462439,129797071339.22922,26.838256185595977,0.8636250761135225,583561828.0265296,0.0024534008399782,0.275,4,1431711.0790595352,19.259196593829323,478413163.7957602,18680.640479789472,20.024493776558813,-0.0009773940174123,20.347196633102076,20.348078256726385,0.9999998938837346,258.44162605697437,0.0002468890437999,0.0016247049946359,0.015859819038573,0.0029474444145642,8.30014852827958e-05,8.690776538024378e-05,0.002860536649184,234.95576515853097,0.0017679496771162374
43.067467722102634,949.24931258787,0.3679200089645203,179161503.83219662,13.11129855381517,0.4596935337447703,459719723.9959923,0.0187765623832457,0.275,4,8631956.076419288,147.3960147084795,3661429664.73293,1094175.3131674684,37.41754390293589,-0.0065417592590073,39.00442876319649,39.26186734000047,0.9978586753417596,966.2765772427032,0.0413514333363115,0.0290044602065016,0.0406847353128766,0.1312272132622605,0.009280316466836,0.0147861922644065,0.116441020997854,36.82619611270216,0.0016421991045564672
65.90609108040645,1820.5409736488168,0.3637409121476052,1841820165.362591,20.53445449489329,0.4701347496111157,319922071.1623869,0.0025353812983811,0.275,3,811124.4361644913,19.902743192292327,494399353.18433166,19949.92687169338,13.160482823529644,-0.0037680106552706,14.784870978654094,14.79061231407666,0.9999951975723592,204.34598720283697,0.0029012847700338,0.0101901113241662,0.1098682671948701,0.0059620182141001,0.0004715465860234,0.0007808256052309,0.0051811926088692,130.93515261544428,0.011827629644137267
72.6562486113952,2316.561394649752,2.9016666580976898,220288071959.81116,14.020100655086704,0.4771769154627377,224861963.8628493,0.001056764314298,0.175,4,237626.09905322568,8.295599867239304,206069041.28811008,3465.860045000448,26.13282762144019,0.0034406448906848,24.28463961419117,24.283750501767383,0.999999924850627,58.15257256650947,0.0006884123210279,0.0037093830255782,-0.0761052268681391,0.0116434025117127,9.034438820998414e-05,-7.408091133334106e-05,0.0117174834230461,116.08943302506562,0.01576460222429799
72.0348120366202,25005.70517034555,1.3211295618274312,476277299443.5176,13.736527793670646,0.4766799532722298,149175637.6321117,0.0046634009099889,0.175,1,695665.8042817673,36.607697143413034,909363177.4478396,67493.235706019,5.313875167437485,0.0009386248231376,5.030443969849287,5.028917274300011,0.9999996539543964,251.43132463638537,0.0002215151603579,0.0084188079519804,-0.0563431775181245,0.0044646718180224,0.0006254979111955,-0.0006099700728916,0.005074641890914,44.10087157243341,0.051857414155342306
170.3013446544551,2307.729204954821,1.347940040962431,1429415703912.0498,86.16205240871197,0.4335002109597605,643749049.9069054,0.0082681673062263,0.45,1,5322624.847854574,64.90511335387714,1612292624.7141457,212164.7622345131,1.4933934583934003,0.0022178711227214,1.661839004501876,1.6797211126707172,0.9995531623898748,2796.178889195077,0.0137542706257574,0.0677557319433792,0.1013609294595692,0.0216907931812923,0.0205606733517899,0.0216378006002827,5.299258100958206e-05,431.5611448219021,0.026484212784046477
62.35660880711544,10041.310480332684,2.4209348394674426,360617498669.45514,15.129442145883852,0.9063113548662552,427455721.16141504,0.0007881469530086,0.15,3,336897.9241794852,6.186953581117917,153688655.83668712,1927.8318223603872,21.79986588292498,0.0017661460817402,23.161183208425744,23.161447749532535,0.999999995832638,46.80257813239622,0.0001459899706559,0.0015811088424989,0.0587758109441288,0.002243478489845,2.1262599643759317e-05,2.289434475830467e-05,0.0022205841450867,200.00346055310513,0.001287864961014513
199.27991283259345,1279.972981194633,0.2523567158912033,52100858606.25612,74.08095825577416,0.6251921648451555,645934199.1318245,0.0120977541143613,0.3,1,7814353.115153731,94.96736979773657,2359062052.3004622,454217.9046771177,1.8367005328165968,0.0025558050568134,1.9361786286991016,1.972218491873436,0.9986457775083684,3517.6368788233954,0.0229776947621314,0.0782481774016603,0.0513785734477107,0.0376827683667717,0.0422298400427631,0.0375782343160241,0.0001045340507476,307.2705818253686,0.015471862561744992
111.3723256830276,21533.72134211788,0.8559223344511581,983687624262.2616,36.55038378881562,0.9734470403262888,192549792.5627169,0.0089107870793092,0.175,4,1715770.203691534,69.94967857257761,1737603480.4653037,246426.1976326025,7.747922051769073,0.0009194676657946,8.642319960239517,8.642535555229992,0.999999965928118,1278.343798866002,0.0010807384223371,0.0029428388641158,0.1034904878071254,0.0170278441388781,4.1832591564205934e-05,5.0740519858812755e-05,0.0169771036190193,96.44463289555353,0.06841296880418274
418.60159738995,10407.863535050845,0.3248776767401691,13669892580631.014,196.7712001960024,0.5360237445701019,126238463.44433092,0.0005744659458316,0.4,4,72519.6983028779,4.509557674778214,112020859.43716584,1024.1965790171637,1.299740954294168,0.0003985729380733,1.2889675674745449,1.2889191242539624,0.99999991959712,443.67553800960144,7.048246765485934e-05,0.0011487643854523,-0.0083581519748642,-1.7568643340109597e-05,7.85751185180452e-05,-7.516884330003703e-05,5.760019995992744e-05,1655.7618369576967,16.41823325657623
229.4900013918758,3472.7290098011354,0.2908434755736424,330221135859.62946,29.22156027135153,0.3600868396185384,187954923.02782053,0.0009938537438848,0.125,2,186799.70393278264,7.80175188949584,193801480.05753997,3065.4885557094117,4.659162934842564,0.0015884654353848,5.297284678791464,5.297619219812089,0.9999999426016272,113.98968153051668,0.0002876213222992,0.0050521291302598,0.1204620447346778,0.0008851175472725,0.0001058955745451,0.0001264064261668,0.0007587111211057,228.10859176028768,0.13016124759936631
147.79997475656117,3882.4894456409784,0.2524300188110246,47846477327.49955,76.7071005334312,0.5219979540128625,515312334.7837204,0.0022809112161215,0.45,4,1175381.6842139584,17.905153046553977,444777687.1436975,16146.243755176492,6.315919660110464,0.0013268055482291,6.6815144317658275,6.682432871886003,0.9999989258186528,686.7261874042439,0.0012089216822085,0.0047967876751641,0.0547173511917031,0.0006437128719649,0.0002098523911917,0.0002750400021181,0.0003686728698468,654.4692922166993,0.03733636212537504
398.8970068280729,3780.4408609397183,0.4599245853830839,8205764630024.65,132.89103891930094,0.9822924754213412,357188306.175776,0.0009483112757341,0.175,5,338725.6983068858,7.444243514513417,184920698.76816767,2790.979020754312,4.143217382229062,0.0011499896942797,4.013128783098497,4.013035643187197,0.9999999519655408,494.6366273059781,0.0006541452152152,0.0018077229814031,-0.0324157549287826,6.869918283383661e-05,5.0366336012595825e-05,-4.642240894413563e-05,0.0001151215917779,1464.0013731517752,0.13799730406448185
100.00648079532944,9031.580321116156,0.9197826667965856,309746933839.4692,16.817451249123785,0.7242969695360931,598104365.4183408,0.0046737417652525,0.125,4,2795385.3526355512,36.68887285723224,911379644.2242404,67792.89323752015,33.123426388578736,0.0010573158068009,33.04791595114078,33.033665186987605,0.999989661230115,308.506665330902,0.0003448847579582,0.0022137007455381,-0.0022848774352244,0.0126668032000136,0.0008964958350464,-0.0008739198954512,0.0135407230954649,107.99134135111632,0.0008568960275352945
154.21750652309856,6775.8650734519915,0.4439127008505202,306094019756.7326,67.25103168627119,0.3924699779743456,187447596.28508872,0.0087958942834802,0.4,4,1648769.2406161302,69.04777012532016,1715199385.2786534,240112.4864288548,4.003109062698521,-0.0008207501631196,4.6072047541726,4.607635524923001,0.9999995074145752,2321.7668882821376,0.0015640137566257,0.005815632597469,0.1311197838400753,0.0052727913876857,0.0001289087125624,0.0001879583876248,0.0050848330000608,176.22662218668643,0.6774095144432051
70.94233083600834,2523.6551468738544,0.2113063799190126,1156744085.618139,14.972478613253084,0.3545691651857771,238234965.8170748,0.0192456151295515,0.2,5,4584978.462517286,151.07807876697947,3752894950.262547,1149524.7761013715,25.63680185736755,-0.0020089079004356,32.857262841783005,32.874905530710194,0.9999812339325358,1131.0066516349823,0.0045644159312776,0.0080669835819495,0.2197523579241524,0.2773225104641006,0.0001480173309531,0.001370611194697,0.2759518992694035,29.90220284757467,0.016850079239485973
133.64540028177825,1497.952039402168,0.2946719631138927,16817128849.728628,30.1416211022178,0.4796141880287749,269515705.6034159,0.0006593903153344,0.2,1,177716.04610542138,5.176213975375379,128581111.49021643,1349.3974076286731,2.692504358312596,0.0031230562929702,3.0738206201650877,3.0757769958690258,0.9999984633737328,78.0097401948846,0.0007608664883087,0.0155791111376225,0.1240528674155397,0.0013559237253345,0.0009744200774546,0.0012734378168235,8.24859085109793e-05,345.9075104267745,0.04220945412903101
140.5689473275507,3449.119580286262,0.2438738473027188,32460598805.171364,30.60337603244412,1.0399864955709623,353380079.88383013,0.0097589618619372,0.1,4,3448622.722354634,76.60785061620734,1902997563.077762,295571.11136312684,15.669280213633,0.0013335425653605,13.965689892830929,13.967029663445762,0.99999948999722,1172.2294297225496,0.0020846175297756,0.0036786022820392,-0.1219839717103115,0.0146456296656317,5.5454169080038085e-05,0.0001946480007281,0.0144509816649035,104.53487133135256,0.006285302209678011
431.5583000747463,14502.776228152135,0.7420588597106794,112265417603579.72,71.16407751335854,0.8907373047830436,299063446.5732079,0.0027868750566148,0.1,5,833452.459600145,21.87696919442668,543440636.0398983,24104.034487092704,6.680374666804623,0.0004572745819176,6.8617008420142085,6.86176892423745,0.9999999914263712,778.4271657547685,0.0001627691540402,0.0010214934418993,0.0264258351368694,0.001428924160942,1.973559875369929e-05,1.987218458983473e-05,0.0014090519763521,418.4623313867552,0.08652040433029196
42.89411763880885,9953.63574067726,0.5855973711467919,4683075724.56349,14.329645271168117,0.5733161459979654,710986042.8085638,0.0162965449814271,0.275,3,11586616.02779663,127.92787810420292,3177826271.378289,824225.0744300217,28.703662851071552,-0.0005214165872383,31.98400963851953,31.989201933835023,0.9999991938885722,916.5805567632312,0.0002491955748411,0.0028142557196336,0.1025620872592951,0.0311070433565262,3.8603665467942805e-05,0.0003346990514312,0.030772344305095,53.72678285387785,0.000465984949028074
121.13173873826004,1011.8992488745182,0.2234748660258636,4409473077.936048,51.58445856229407,0.6260463783477157,208421060.89115107,0.0088656722666934,0.35,4,1847792.819337502,69.59552729354347,1728806092.0052202,243937.23048192868,5.88215150058391,-0.0039157886715466,6.342225579553701,6.354214828436473,0.9997987336311116,1795.0237968973995,0.0275238195391506,0.0213967275202602,0.0725414246464198,0.0116484108290691,0.0030897741957806,0.0038139919366412,0.0078344188924278,141.97323217389024,0.22302884158091313
45.84152302174356,8349.334023416795,0.8501329905159623,10799955688.460066,13.312655687805533,0.9961337598025676,781284727.9595896,0.0055376699482205,0.15,4,4326496.959025452,43.47070909353096,1079845639.9029984,95171.9304215781,54.43840954123186,-0.0013470452881188,47.857511589120215,47.85774882809704,0.9999999987243736,289.35529133346733,0.0005250441485238,0.0019822517609587,-0.1375102409964777,0.0196104125955845,1.4286637516375268e-05,1.010873839312268e-05,0.0196003038571914,89.75909434132537,0.00012688146408087837
64.18875494782888,1402.7549522262127,0.3983218573305335,1531250137.4675353,15.442860494064584,0.9087424194425692,780643513.9060874,0.0132637717492359,0.15,1,10354277.38597186,104.12060823150236,2586435491.101014,545995.1970362343,8.98130388491126,-0.0016462713151698,10.221324316937547,10.19289383288294,0.9999709278429676,803.9600137381217,0.0021788998603568,0.0182679119254509,0.1213170029221629,-0.0033850670580596,0.0013676815503991,-0.0055673611456226,0.0021822940875629,67.25014648702364,0.0002189236896778536
271.1084448936855,18344.20159296667,0.242407618927597,2360063971905.0166,65.78196361190956,0.4593509908697495,271392916.87135625,0.0043938108998324,0.225,5,1192449.1562866762,34.49141556368441,856793125.4673198,59915.26255445817,6.060605508695941,-0.0002428849425439,7.076505320145686,7.07651811465672,0.9999999997439768,1134.4565217667696,6.692510171881297e-05,0.0009336360812814,0.1435595347547665,0.0028686201996739,3.035908123505404e-06,3.626416782756374e-06,0.0028649937828912,293.46616387608566,0.20098525979504242
168.29991953383046,34527.9284218701,0.2414745595465308,654649992333.3174,39.92569786631971,0.4027473083862178,447119018.97573817,0.0177910174969087,0.225,5,7954702.289798032,139.65948735073368,3469248411.8972063,982327.5326076892,15.457329937500049,-0.0003456886560696,15.086057742442462,15.08586279087483,0.9999999848155258,2788.0012480652467,0.0003331679528,0.0021380789324493,-0.0246102859604643,0.0190883442427741,9.270083419698692e-05,-2.6339117188679123e-05,0.0191146833599628,113.6151700757432,0.017442660043727125
259.18093118938384,6514.7316107498045,0.2006482825504703,479667011655.851,50.009657034752955,1.0070201784499233,640370548.7105962,0.0025545715459452,0.1,3,1635872.3825974104,20.053386635669906,498141451.459316,20253.070943168415,9.839562129786378,0.0008895204346327,8.568675426762049,8.568814278681135,0.999999991578868,501.4314940175751,0.0003967559665941,0.0022587711437249,-0.1483177550470686,0.000472143448064,1.719872068625672e-05,3.242370462465307e-05,0.0004397197434394,449.45182111053504,0.003142908058905437
102.0614649589902,1359.9097250403115,0.4779427892933161,13660586454.040607,38.226921853743995,0.7694648838431805,289205870.07777065,0.0147117148765542,0.275,3,4254714.301209949,115.48696178095072,2868784400.928075,671709.2698274284,7.754783467786886,-0.0015193371231341,7.567711718842932,7.56266718739127,0.999985976606946,2207.355531563361,0.0050954270471019,0.0108803984151404,-0.0247197245209753,0.0082510194286337,0.0022885677253904,-0.0013455174379943,0.009596536866628,96.20859211838156,0.03601811621101408
95.44021982957096,1295.591180266376,0.2026935658643997,1789921063.6875658,45.05439472416222,0.5145876714790742,203406913.04660097,0.0151748586160444,0.4,4,3086671.147008209,119.12264013594864,2959097430.1286607,714667.5282995809,7.762597564838255,0.0044155693395942,7.209701524476517,7.191007169057428,0.9996304528231752,2683.4992246346796,0.0523208622151918,0.0316901449136169,-0.0766877849914712,0.0127394301145254,0.0062898122956529,-0.0052724520203122,0.0180118821348377,93.6332969718054,0.21120967237188232
313.9064756242923,16845.36091069397,0.2067875207254393,2834590441591.642,74.2442678926616,0.6185904313652691,282485378.2845734,0.0129205264460977,0.2,3,3649859.800761754,101.42613260186724,2519502656.989059,518101.8722055371,3.314460847314154,0.0003700277347344,3.836963242076113,3.837247368201051,0.999999824641327,3765.154480104826,0.0005155269261366,0.0039253689166818,0.136176023015337,0.0024359135809715,5.6564001887499105e-05,0.0001484437461124,0.002287469834859,197.0577136339486,0.18755572825796524
221.57038116264025,28799.849994792276,2.1295137914637396,127572834475792.14,33.55725779869709,0.7099872251391393,206159410.4772019,0.0034209188136484,0.125,4,705254.6059121267,26.854212687140077,667079168.6614414,36319.53486489214,8.520026232532782,0.0003958105491758,9.693326198639532,9.693346021644285,0.9999999997794446,450.5768690617008,7.05900716406479e-05,0.0010140823031081,0.1210420388278508,0.0072258478911562,4.247883144264941e-06,4.119572809941317e-06,0.0072217283183463,147.8731386198596,0.0854154303076201
282.5092665168286,25905.876390414644,0.2043720112881203,2793393788937.556,44.482900172048154,0.780205238903064,173053453.25792164,0.0108417241426461,0.1,5,1876197.8021546889,85.10753451977196,2114136207.8159912,364797.16011128935,7.367735839875226,0.0005017933412941,8.445088341018709,8.445189830835666,0.9999999885810652,1892.9149809660792,0.0004766294755959,0.00197573710621,0.1275714897984743,0.02426985273858,1.5298492927889873e-05,2.4618116898789816e-05,0.0242452346216812,100.88037348917794,0.22289847398236648
44.8322466030448,2362.173233932382,0.6736654749038566,1755183716.0225675,14.685877953693543,0.6894236346951275,162227150.12541595,0.0005481992789888,0.25,4,88932.8067311725,4.303364340062645,106898859.40283002,932.6778502362774,16.862897709860853,-0.003084983098555,19.65251192533255,19.652645646465135,0.9999999974511208,31.59934174421848,0.0003007347500007,0.0021296652384436,0.1419469544692565,0.0076924460241549,1.5975048012234483e-05,1.37130968689567e-05,0.007678732927286,143.4052604722176,0.03475695535806001
343.22650365062617,996.633729040117,1.0126314657781037,5748068414096.793,71.07430776595778,0.4377027038555648,684442542.4807425,0.0160915755183202,0.2,2,11013758.860280013,126.3188678188143,3137857226.0724573,803622.1128375003,4.180339869128585,0.0023103814463496,4.1557060429445585,4.075412776314815,0.9948317254050808,4489.013044000874,0.0239617340647423,0.0446279501793168,-0.0059277114236338,-0.0377207009473974,0.0390921919517563,-0.0382909318829696,0.0005702309355722,263.1203760141425,0.014935580265876247
283.8682411269415,4837.22771823819,0.2355562036344523,706338857936.5155,62.03599742509936,0.5036098001252156,693725905.5235668,0.001825678830452,0.2,5,1266520.6998505588,14.331578819048636,356007371.9381509,10344.357052300704,11.544913288521595,-0.001148551056681,11.98309623928232,11.98375487884194,0.9999997327628553,444.5368933580549,0.0005864195245913,0.0027004876044007,0.0365667555372121,0.0006336414914195,9.958111945096436e-05,0.0001099886966001,0.0005236527948193,686.4330162183397,0.010218633453297092
185.19725666903557,1777.9883751550271,0.7561947630272553,484724186580.36334,49.061425226829805,0.5178629655530543,291443073.5492298,0.0151042250224737,0.225,2,4402021.764128927,118.56816642641876,2945323879.3823767,708029.9635190299,3.3811908334968157,0.0024894110084015,3.932547400868446,3.9422542661409974,0.9999122094724864,2908.561615706028,0.0180248425531427,0.0371317306688888,0.1402034129963369,0.0075938372470018,0.0048336941117694,0.004955812483339,0.0026380247636628,122.33210092234518,0.08482935164669296
143.85007245382795,4522.901530253563,1.7306341304000754,2350868014803.166,21.477563904738485,0.5569917968272298,493121889.4687359,0.0007400452880942,0.125,5,364932.5307574613,5.8093555115396995,144308831.1783747,1699.6963374916008,27.69297338798107,0.0017536809899151,29.210407129907136,29.210763389142777,0.9999999870678898,62.38540212221931,0.0001918598794281,0.0014970377138508,0.0519483941178087,0.0025157675733672,2.1566179808162056e-05,2.4453542576281018e-05,0.0024913140307909,314.7064471549176,0.003203193031832243
238.67921320423943,24088.688047352156,0.5263327646333114,8777131309926.346,134.87951518962225,0.9409978258697996,237887075.5372154,0.0040707770547893,0.325,1,968385.2487278486,31.95559988009677,793801525.6839324,51429.153826142414,0.5490672040975542,0.0004993357575074,0.645328521035644,0.6454136889206623,0.9999999339805368,2155.077909710502,0.0005373389339645,0.0086917304191631,0.1491663761948821,0.0002927887537274,0.000253013325998,0.0002639770482621,2.8811705465285706e-05,585.2822986683319,0.541704932759843
241.22061573911589,4412.942878024077,0.7380780400880927,3298760660427.247,44.24315313117334,0.7338950602799118,380282089.9188069,0.0179638483465772,0.125,5,6831329.792220882,141.01620952063104,3502950427.5825543,1001505.879108273,11.88163473168166,0.0013887976927591,12.551286489896643,12.554793661847537,0.9999932936645972,3119.5008758994513,0.0060167654878922,0.0073338124054125,0.0533532366386531,0.0190490018788271,0.0005016857382095,0.0005692615869168,0.0184797402919103,115.55053092236592,0.022681076954270595
62.73469270758266,16649.019352514784,0.7603431749440861,60422585941.87509,12.443280301660662,0.3528791077107158,348281131.3432647,0.0018731231734129,0.175,5,652373.4579815597,14.70401691129191,365259018.8155315,10888.985426861063,37.26012191043286,-0.0008988965081358,42.87810993382803,42.87813691789371,0.9999999999982014,91.48310199378194,7.391971246765869e-05,0.001027234809645,0.1310222869446711,0.0266000354515921,4.0267772903890275e-06,1.2921192973636142e-06,0.0265987433322947,96.31397734220032,0.0037295273198323362
54.533753480483554,1348.8237515366147,0.8440139445116777,3444103999.10616,25.39015832861607,0.4305613899523468,146871409.588182,0.0021262390816685,0.425,3,312283.73104614805,16.690976791098464,414616620.9253758,14030.686987912986,7.672300296458557,-0.0040678327161093,8.105873211881535,8.111447274687206,0.99998495706526,211.8932716926231,0.0035062536959524,0.0114186866941078,0.053488736387765,0.0075750224468338,0.0012052424963682,0.0013843045644598,0.0061907178823739,119.78449901153614,0.1941769193010887
188.51758585099344,4154.421870933754,0.2105978821801975,94316205306.66296,98.58328865365698,0.7907457795768491,360671191.47386855,0.0016593396930169,0.375,3,598476.0241403137,13.025816590183211,323571240.13830906,8545.261297111638,3.3856507646780805,-0.0016159036459342,3.261648770016871,3.2609398523153232,0.9999984841352146,642.0639184298127,0.0016765217289322,0.0061110179512662,-0.0380181936820156,-0.0003042073438199,0.0004880083021316,-0.0004347084646969,0.000130501120877,825.0191066058183,0.11840657597331773
322.5322229878516,5219.183210676532,0.2800136802784373,1794790355060.296,113.18914560050912,0.7235090519321954,193434221.9167495,0.0060061209965484,0.275,4,1161789.341705201,47.1480498229053,1171193594.326947,111954.84605351722,2.5277603204712342,0.0005887847481161,2.775331116921823,2.775527932858954,0.9999997146452728,2668.3237380924434,0.0009250210650793,0.0036279409989515,0.0892040574694289,0.0013297576331174,7.374394223808034e-05,0.0001420058971765,0.0011877517359409,364.62549113631815,1.1489247277739683
76.52688335540613,30484.52033471919,0.5091166860750607,109832376363.82222,17.86648616180294,0.3888463560584659,561625441.9083918,0.0005726745788038,0.225,4,321628.61339042964,4.4954954436104355,111671542.86675604,1017.8189986299376,32.58705863419288,-0.0005443987273847,29.965331607981316,29.96537626405443,0.999999999878366,40.15935356685701,1.1902026587649768e-05,0.000508083665318,-0.087492007781194,0.0015685004544442,1.4752595186573458e-06,2.9851841317556863e-06,0.0015655152703125,317.60052374922174,0.0017830448115789556
59.3447372600024,3209.307597773869,0.4244909843431191,2906948765.417719,41.699033167674195,1.000700292060687,436142554.3470603,0.00686673534793,0.375,3,2994875.49467144,53.903872481250495,1339013392.84635,146337.40923577876,7.283446783317342,-0.0036459463782581,8.489576546051602,8.492896748217941,0.9999951066107772,1123.8696832308724,0.0149395154012446,0.0139987713597125,0.1420718402374516,0.0032804171091151,0.0006880049152995,0.0007842889855588,0.0024961281235563,188.6416952866622,0.007055155591691613
128.14835769227508,1493.7580361847315,0.2026446427684979,6704446564.440065,25.474214789762772,0.9631196510002816,291734047.9354521,0.0138833531242808,0.125,3,4050246.805863769,108.98432202560495,2707253859.234773,598195.9704718651,10.371028394423025,0.0034919129368329,11.465561335414233,11.477108639227598,0.9999684233866416,1388.1450139984674,0.0169262850920926,0.0157632803863884,0.0954626562949404,0.0222723594031732,0.0012927040497238,0.0020560145488588,0.0202163448543143,66.28569417631469,0.009846197613878394
101.21306022389358,17615.56607617798,0.7866717110254415,463649868020.3938,24.563843001204496,1.0195118114015025,623799694.7636181,0.002906872839512,0.125,4,1813306.3900042449,22.818951790169297,566840203.7048423,26224.475515790593,19.67747275348282,0.0009817246145472,22.995442871589336,22.99556794952875,0.9999999983529052,280.2605746128864,0.0002701104387053,0.0013700653552538,0.1442881590337117,0.0037958921403767,6.504472654128568e-06,1.0919702492299e-05,0.0037849724378844,204.25773106093337,0.000788085303517318
71.06678165435048,913.9934672965636,1.3294683800047506,16700364728.357948,16.35098193040004,0.4799516766935936,424859761.6549118,0.0107416035089296,0.2,2,4563675.106595403,84.32158754509751,2094612684.241276,358090.6476399026,12.873518110962856,0.0060691963264218,14.310197738672514,14.388759928770613,0.9995696445354038,689.3703771462672,0.0253930571450564,0.04499245400928,0.1003955119241372,0.0227240434949867,0.0096207583829712,0.0111375954331642,0.0115864480618224,58.372018141146945,0.0031697856360123284
93.76947452970607,27857.03461282786,0.7703557061883457,517992732487.7851,17.122503391050163,0.913232321340814,721379279.7933735,0.0041176123412751,0.1,5,2970360.2252173633,32.32325687900981,802934406.5486515,52619.37154489621,49.310041169667805,0.0005150821586773,44.58956686221904,44.58972243868456,0.9999999991195908,276.7275377603155,7.341848070595399e-05,0.0006667906390529,-0.1058649957743465,0.0149158506045133,2.0998694782170535e-06,7.0822035548572665e-06,0.0149087684009584,128.6468014755847,0.0003371414081486833
60.9116152158787,31904.033748881146,1.357724852635121,328117838034.1323,16.080464044016047,0.6213093749667549,780784165.5187911,0.0008042873596431,0.225,5,627974.834936262,6.31365577319846,156836035.1304076,2007.600196794977,48.88045774064004,-0.0009039999220448,49.10588143786664,49.10708573181583,0.9999999473676504,50.76325732360608,4.1484538942242625e-05,0.0006668164046138,0.0045905641162725,0.0030997451700192,4.817741813862089e-05,4.9199097148873785e-05,0.0030505460728703,284.4009761779734,0.00041507387072017637
61.75236964088199,4710.9456894750365,0.2616247892752803,1900380811.9405944,40.595854226559744,0.8317144793389399,135628347.81843624,0.0038356678151968,0.45,4,520225.2885555051,30.10999234929558,747955223.9633934,45660.08544243579,6.611720972941167,0.0019720712772492,6.5029035689593355,6.500569605116516,0.999992777244571,611.1704300874163,0.0023768816035877,0.0052267553770642,-0.0167336640975664,0.0076863797715546,0.0007972938312477,-0.0007237291289204,0.008410108900475,137.02791648679144,0.34636235930898157
62.96954501742702,30964.62761692586,0.4097724612817005,33130948202.041393,36.63330570841304,0.6502338597908534,175147687.22889775,0.0037088404770908,0.475,3,649594.8318633883,29.11439774516336,723223893.0327204,42690.481297981045,6.557781963165498,-0.0003151477162187,6.129499905320815,6.129556104229455,0.999999997327819,533.2783165574504,5.29641801261609e-05,0.0012292254759843,-0.0698722676335969,0.0043683095439154,1.0811717071401716e-05,1.841704135000302e-05,0.0043498925025654,142.8998803501776,0.18285568790943174
113.22258351257108,7685.350390621046,0.3474111474917364,61779396214.0438,27.63472934784984,0.6919147249093618,370043174.3267276,0.0033323752344608,0.2,5,1233122.7098076784,26.159145590517937,649813170.7198722,34463.7506498344,17.039059121147833,-0.0014459994855037,19.730050336876637,19.73024612077047,0.999999991746732,361.45045418248134,0.0007557620000469,0.0026953050549671,0.1363904891159442,0.0090499801677842,2.6629276968004323e-05,2.0025574218153833e-05,0.009029954593566,165.30161390425832,0.010327091201940315
61.85100062719539,1168.7057675539886,0.2647193237413395,485762117.2573876,17.2336768810983,0.6959261174556495,682598741.9585705,0.0013899392303464,0.225,4,948770.7700333598,10.91102295821974,271038149.9175604,5995.789381867675,38.17974056591824,-0.0043532683736566,34.279017908169116,34.28564680627459,0.9999978849175089,94.01852205210216,0.0017817398905099,0.0051558254103541,-0.1137933026027426,0.0037481728428536,0.0001167419627012,0.0003880983299321,0.0033600745129214,216.7880853891829,0.000635603727075657
428.938942983014,28022.208043838637,0.4289339416748778,70733530407109.81,176.5615547258673,0.4581797471991016,153202780.4272789,0.0010837031434378,0.375,5,166026.33473246146,8.507069675987154,211322112.97038153,3644.814324388128,1.7158803295881055,0.0002885134106907,1.9782450487271075,1.9782495922350247,0.9999999995563286,751.010724076786,6.251412377149076e-05,0.0009028662456392,0.1326249846083625,0.0001783527108713,3.0731691149921136e-06,4.594276741757213e-06,0.0001737584341296,1191.6450956644242,8.052162021088536
85.58710496967167,17637.18062729595,0.4190763236821095,67361074323.322784,52.14530843215104,0.7399785059108468,689963815.1901761,0.0019174526752218,0.45,4,1322972.9632427075,15.052003500491868,373903271.6682693,11410.483592061437,10.479694955460202,0.0008152271886626,11.373701440176514,11.373884949674856,0.9999999852380084,392.4456825274828,0.0002608175832446,0.0018981437422838,0.0786029499207988,0.0005331754763118,2.291532670085916e-05,3.228551382974346e-05,0.0005008899624821,561.485699436368,0.005217312801977196
389.6402537662742,1302.491820827711,0.7307642974484102,6497483166572.502,261.5140061429517,0.8109483379273341,325039346.56464416,0.0036004464365629,0.45,2,1170286.7570814255,28.263504527019226,702087055.1297768,40231.613619775366,0.8189653805065977,0.001950583935347,0.7781126847250487,0.7758006567924721,0.9998735038560556,3695.651148250124,0.0140611310345762,0.0259992301898022,-0.0525022873724062,-0.0059141000529425,0.0060848285302993,-0.0059339447736182,1.9844720675648083e-05,1410.4489542754775,1.0916892805634515
74.94263153810799,2739.4399758361888,0.2685582499495084,2525892054.2339034,26.54808725178914,0.3959866477027887,134901337.67436042,0.0029124296351929,0.325,2,392890.6536699851,22.862572636265043,567923778.8626348,26324.833077902687,4.358292331035551,-0.0026043166793438,4.94713210537121,4.949188231920196,0.9999975249086772,303.47878657396564,0.0020583343593472,0.0133238360642889,0.1190264908625228,0.0045876074536527,0.0007434140990921,0.0008345328923691,0.0037530745612836,102.56195062694576,0.28240004207382047
219.8386212125505,9466.955907919855,2.572139103946579,59289183649762.27,61.1631080375578,0.523194417338227,188137152.2126035,0.0006182999414772,0.25,2,116325.19020274372,4.853654540596183,120568488.58805804,1186.4601439147482,2.5733030826544585,0.0006930808023665,2.5312572246237712,2.5310524185176027,0.9999999057026988,148.43229852173363,7.130108714374272e-05,0.0023282530273079,-0.0166106619357646,-5.419590354047041e-05,0.0001623775056552,-0.0001618325173788,0.0001076366138383,605.6195065026615,0.48708987747818566
84.33665275682979,2686.1326914856613,0.2999923227115412,4956480827.882109,31.36578392730828,0.7586725495755882,793056187.1140138,0.0138093275263579,0.275,5,10951572.63466202,108.4032210819098,2692818867.639797,591833.8532830318,24.496966103852465,0.0030917865464516,25.50494239904725,25.530534802786473,0.999912548189571,1700.076004739706,0.0162512714232486,0.0117798772171011,0.0395208222557066,0.0155885574910046,0.0017182477994865,0.0020350788127155,0.0135534786782891,134.9256405672833,0.0012005752252809265
86.74587303660496,16399.83250830894,0.4628866401615106,80638834151.55478,19.450670179738644,0.540600626579987,263282555.88325265,0.0012081368753217,0.2,1,318081.3643915061,9.483874471275415,235586690.68773332,4529.883402127792,4.178472069292987,0.0011367224366819,4.708605526108552,4.709094315111052,0.9999999591810764,92.23385718341068,0.0001191788623505,0.0059588585933704,0.1125882076712627,0.0005792207069785,0.000157579400198,0.0002077030972083,0.0003715176097701,162.9897038769764,0.017610980906863923
464.4064726314931,29988.23649307801,0.6371831627464942,229526488127517.0,158.9760148682636,0.9544324834755112,243478838.79813376,0.0153898822277845,0.2,5,3747110.654061011,120.8105754881085,3001027034.417982,735064.3083742196,2.5568397455894263,0.0003606673958207,2.7721687236368044,2.772232135778494,0.9999999540766332,9602.99192252051,0.0012491665081028,0.0026013702586971,0.0776752786406479,0.0019609985718019,4.354815907370302e-05,4.583726255883726e-05,0.001915161309243,358.9361476379312,0.6761028464928297
80.05542311245955,1724.3078525743092,0.3780191691351544,4101717326.2871294,23.118424967843413,0.5379988539706675,581174703.9483933,0.0008160618290823,0.25,3,474274.49192052736,6.406085358296559,159132056.671061,2066.8115117380985,18.53312489736187,-0.0027124343724177,17.66073420559674,17.66053632079678,0.9999999959709348,74.04930184668964,0.0005448029451135,0.0042534190576283,-0.0493971927559312,0.0007018382752079,0.0001827853183521,-2.242568276623262e-05,0.0007242639579741,350.20528079619805,0.002320226801183492
66.6726421507375,945.3713950440016,0.2176907080274607,358784069.07711047,24.05940256890741,0.6516485063100935,275945300.9031159,0.0008126625603027,0.275,2,224250.41473543615,6.379401098376508,158469199.25903428,2049.628952560368,7.944545171089929,-0.0054897827583141,7.795197996790295,7.783171879421159,0.9999658408568884,76.74228958718525,0.0023128372315729,0.0121712801049589,-0.0191588686215703,-0.0024617110543552,0.0035391997158887,-0.003085061179606,0.0006233501252508,251.65979750594357,0.020125264149397734
441.576547512521,1566.6084671708004,2.1325051283704095,109780418574672.05,108.50044793795728,0.9767337160271164,142981129.18576193,0.0006163409968464,0.15,4,88125.13169258357,4.838276825244634,120186494.38505778,1178.9539880691211,2.1351934475070076,0.0007713574474747,2.487951797522923,2.4879570602053236,0.9999999997495292,262.47760139344035,0.0001561721548421,0.0011132744267508,0.1417866497120772,0.0001836855454344,4.370513198487247e-06,4.231297715093078e-06,0.0001794542477193,938.0651303253956,1.4579570575704337
150.18100937704804,16516.44361280611,2.1054151662673646,15094278359268.85,30.62944154415004,0.5271044816790678,436477884.08250254,0.0024024856744765,0.175,5,1048631.863734034,18.859512544640655,468484706.5229207,17913.33123418387,18.95085027509831,0.0008953533824852,19.2894849920185,19.29028592647792,0.9999998491170872,288.82816851861764,0.0002315413193568,0.0016744509035663,0.0175554047741714,0.0045761958815957,7.967454556669432e-05,8.341846169972016e-05,0.004492777419896,234.3486334221016,0.009738714072086117
41.788615104942984,5750.200053339262,1.5477281701515206,17024112845.926731,14.639967680406745,1.0442153933037974,249481382.956016,0.000842726563592,0.175,2,210244.5885387038,6.615403524197221,164331679.90044054,2204.083838392529,13.993040623105216,0.0028988168401955,12.188858421341449,12.188725422121191,0.9999999982898152,48.42464689354809,0.0004069190424074,0.0032270796120011,-0.1480189644835672,0.0019091371690761,3.51738902375498e-05,-2.1865101788644172e-05,0.0019310022708647,142.9843403433839,0.0040289501541806
74.0770191816349,20318.30308893126,0.2450636260048626,14891532156.051275,16.17830186077797,0.5695393832028415,555502206.6201292,0.0071976261987889,0.175,4,3998297.2358541014,56.501365660493065,1403537108.7638404,160780.47950404562,35.30917205666486,-0.0003572960603256,33.28208196417534,33.28270675516002,0.999999981082891,457.04807460082577,5.834697417534446e-05,0.0010238078852387,-0.0609063487876591,0.0242996466131271,8.604263540573642e-06,3.84564382133086e-05,0.0242611901749137,80.67775653374419,0.001251416636000151
327.5545352654438,1495.423048894083,0.3422334383417894,817153537435.1752,73.89055032939127,0.6634266843727644,467030332.4552505,0.0019031653559667,0.175,1,888835.9489144647,14.93984804433896,371117244.4135156,11241.073564432105,1.4246732794922494,0.0017900403888365,1.6505313702719668,1.6518415749503157,0.9999976088097668,551.9567969168428,0.0017686045824579,0.0210940141022063,0.1368396231951057,0.0016111437227547,0.0016162900304499,0.0015882820437973,2.2861678957420447e-05,657.0460546246442,0.0384485785007629
245.05467890263537,2680.2386690472094,2.9719929032872656,34600410148301.02,60.72072304161874,0.8629195279860697,659292556.0128231,0.0040821868652468,0.15,5,2691355.41251059,32.045166892188014,796026438.7231418,51717.85509543594,11.904026056992596,0.0014111376817444,11.93950716185192,11.94984281901592,0.9999335526917088,972.9028518414992,0.0019373507467481,0.0036439801656447,0.0029717394845817,0.0030202974612773,0.0017303692989147,0.0017343141365325,0.0012859833247447,438.0283386027118,0.006286037845964851
184.5396571962814,2129.2496310079505,0.2152591716039026,46373405905.73693,23.621882548686425,0.496704085404567,693801571.1479859,0.0068285621356876,0.125,3,4737667.138421744,53.60421276514812,1331569616.4590936,144714.90843338292,21.55073337764468,0.0016004814174209,18.923997836414767,18.925316068939996,0.9999998455200544,633.1162090265633,0.0016217529799928,0.0075130818865947,-0.1388044727090055,0.0050025273314409,0.0002031819128164,0.0001400009251724,0.0048625264062685,135.15749718435924,0.00149235438473516
137.28945169310046,3421.8677739913437,0.8136589752390636,326179746307.6135,37.7199871705431,0.8178338943370882,691092414.354667,0.0075265916843405,0.2,2,5201570.418992673,59.08374472207335,1467685378.446408,175813.19067607782,7.4664989472723855,0.0020587662565957,7.869828250672628,7.879362326991251,0.999978839334584,1114.3190464521251,0.0047230618925064,0.0149586763719287,0.0512500769461862,0.0033645358857342,0.0021384273013585,0.0024266853360708,0.0009378505496633,205.16961793604952,0.0023292277946157483
426.0370637647223,33614.71153245392,0.6884744362082831,212742767370952.44,201.4178951222509,0.4267996052658731,173182881.13212952,0.0018091253462999,0.425,2,313309.5398013924,14.201633968454855,352779442.52849644,10157.622287577691,0.6892030823971039,0.0003633572591974,0.7374395899916716,0.7374855644484307,0.9999999439944292,1430.231610611418,0.0001888313310715,0.003981708185832,0.0654107919471918,0.0001562432705486,0.0001210758976661,0.0001246945267534,3.1548743795266186e-05,1118.6361057081665,7.473096622650296
199.24904643614417,3093.207949914559,2.0154870224194616,8026281407797.791,38.30942735213176,0.4588694965553904,164628171.15145347,0.0009673772521361,0.175,4,159257.5478326962,7.593911429268937,188638564.1665532,2904.3335017007025,8.065860350712137,0.0016050430073488,7.567758492071064,7.56754764224247,0.9999999559001784,145.4591991090507,0.0003747266148185,0.0027621913560598,-0.0658189421825428,0.0019064206376041,5.793426979366911e-05,-5.583175687395316e-05,0.0019622523944781,283.6824246195228,0.3055292915542824
211.88874114934916,15055.006458233498,1.2184301197386835,18258872996933.59,109.64037802016554,0.5741694765515718,567435031.4726945,0.0068758572613908,0.425,4,3901602.2815190777,53.97547950191824,1340792165.9712176,146726.46276841173,4.8749361468013035,0.0003601676464535,4.905575493573982,4.906933196824815,0.9999956445908064,2958.9459882050064,0.0003838366441303,0.0026181129093252,0.0062458210688663,0.0010479043888925,0.0005265342105228,0.0005538848444403,0.0004940195444522,565.3765593722379,0.053603046295692104
72.36691360832506,1065.4735954150622,3.0855933310828156,112756221653.98814,34.55476387803679,0.5747912701561548,223919338.64209932,0.0094874898613248,0.4,5,2124432.4551214767,74.47679541139985,1850060522.9583404,279355.60700952075,12.495073349588472,0.0031577390174108,12.38411167834335,12.348025437587014,0.9992826384326244,1286.7640399168877,0.0128307304760932,0.012104755825546,-0.0089600024714866,0.0211955812861029,0.0061001023716125,-0.0059774669541158,0.0271730482402188,95.29073946699388,0.08657477617640823
457.47749184949544,2505.480222688807,0.3407718400786536,5164848050740.719,126.27169856852278,0.8275132683199189,498253902.0860973,0.0011115283326658,0.175,5,553823.3290299904,8.72549741142656,216748024.86983177,3834.3858873122385,5.454861877237568,0.0010720513658875,4.98824500133734,4.988229848931929,0.9999999991490404,550.8916894980401,0.0006331365856126,0.0021680065460865,-0.0935432954426113,0.0001010642708318,2.512003316523792e-05,-6.075886738546535e-06,0.0001071401575703,1517.5525424630998,0.06821333209492444
72.06982546190416,2325.636342169811,0.5503604066390638,7702120311.402055,32.210768184323705,0.8173620550066978,421793989.55491,0.0102918831828312,0.3,5,4341054.46771949,80.79128298522554,2006917220.6520991,328733.86002100084,19.908182154585717,-0.0022009564880927,18.152233749502408,18.154457223506,0.9999987147448272,1301.1746437755978,0.0063031625217138,0.0069157478389527,-0.0967345633223483,0.0182582915759522,0.0002468952629781,0.0002494078634159,0.0180088837125362,117.05136433949671,0.007478507934475157
87.73055522904083,34613.73966380165,0.2893923674880228,69596344000.55899,26.17489060381717,0.6470792950488964,466558508.3790403,0.0008527778748516,0.25,5,397870.7732694452,6.694306317585645,166291685.59607652,2256.9741829209393,23.44519951043004,0.0005741123039016,23.308618149240846,23.308337012070893,0.9999999869381074,87.6113677656232,2.887713939591285e-05,0.0005458927776311,-0.0058596936255374,0.0020187628780967,2.537292547402301e-05,-2.417215934406641e-05,0.0020429350374407,347.5302386528034,0.004962566400582516
112.30252602493483,18433.24741253752,0.5590090958667742,371328212643.0316,18.521805524424888,0.6222731325417976,121107530.04052562,0.0021390604436101,0.125,4,259056.3269330164,16.791624482339685,417116786.50397944,14200.409103912823,13.98118900573456,0.000910436068617,13.580276006373069,13.580081863165905,0.9999999885539296,155.5056015505337,0.0001288976344392,0.0014682353799628,-0.0295217121635338,0.0252031554010753,3.6488123315771975e-05,-2.9313174002659065e-05,0.025232468575078,79.10974661655537,0.14735662514291445
166.861269048836,3444.872489415518,0.2385019165296121,61565769602.914825,20.36987239980944,0.528499529973817,189328446.6382352,0.0027218386236285,0.1,5,515321.47861154453,21.36643319548408,530758531.6075664,22992.14491571823,19.32341277152416,0.0005812889512041,19.311276459483857,19.30676791009876,0.9999953499308254,217.61575891553173,7.35316783145797e-05,0.0009428491358751,-0.0006284572677401,0.0260523904490203,0.0005046460066333,-0.0004792669629848,0.0265316574120051,96.4356665466729,0.052690364098344114
69.4766331728372,1082.1387617813598,0.6328946094537021,4093181952.9212775,39.809826668543074,0.808282804850013,191562262.14333928,0.002768736770746,0.4,1,530385.4790835578,21.73458365035651,539903670.2954801,23791.294885091676,1.7560291826869616,0.0027207991314882,1.9622779283539575,1.9639509258946928,0.9999972425730036,432.6250039168214,0.0032026138452493,0.0248855787777409,0.1051067958757535,0.0019857100640907,0.0029058449139728,0.0017063620253655,0.0002793480387252,187.96503045623209,0.12430540651581329
486.1036975690763,22267.878448426447,0.666030708542539,223533847499377.9,154.8016275881027,0.6581633870689336,712338839.0995873,0.0061388009555768,0.25,3,4372906.346159061,48.1895875012784,1197066186.337489,116955.82239442132,2.6666658248871262,0.0004301520852017,2.9190783159502325,2.9192591122221287,0.9999998768522173,3729.913288998593,0.0006901489009774,0.0044103287349796,0.086469927745306,0.0002230269021568,0.0001123995728541,0.0001238882795731,9.913862258373214e-05,946.5633546076876,0.047948864432313824
321.5527625419509,2635.4200513424885,0.2562741098916438,749943490255.6836,51.896492567319555,0.7970773603748221,300702057.07065743,0.0013405390001906,0.125,4,403102.834940761,10.523231151496343,261405105.03717032,5577.167010351165,6.417316081070288,0.0014334677720435,7.545733170691717,7.545877768802282,0.9999999791842652,273.0593936189078,0.0005610905937832,0.0026344484875499,0.1495437307542624,0.0008495825993144,2.320318080520356e-05,3.835725317262017e-05,0.0008112253461418,441.2036618762446,0.05589636730466391
58.13728867225844,10201.75172917782,1.0292316008069071,50035738688.42502,27.02448929879496,0.4420004090530486,250232600.0045358,0.0156732946127269,0.425,5,3921969.2615797496,123.03536270990658,3056292449.4817557,762386.7455993104,16.503259300474404,-0.0015006339278619,17.050294684342067,17.05784722072499,0.9999842860791398,1662.4839214636136,0.0037437511760197,0.0070417878410143,0.0320836322183936,0.066618673469383,0.00076368475458,0.0009443035650757,0.0656743699043072,61.2945582815643,0.044008259737191385
160.93242769748997,23783.381939269577,0.9437442738989582,5758598057766.019,30.288872907549617,0.4836389603348914,204727411.1386717,0.0034523505013178,0.175,3,706790.7804780907,27.10095143534481,673208347.756973,36990.01482917256,8.497440265330027,0.0007211977127667,8.017867393709128,8.017651766044763,0.9999999769547854,410.4286368494167,0.0002134746629993,0.0027449013945309,-0.0598130211029899,0.0050131602048532,6.295051444953764e-05,-5.4058609879754395e-05,0.005067218814733,132.39948570463437,0.09683612921821742
105.45909473544444,4095.515134359457,0.6858106022424637,96563572941.63904,23.570020779552944,0.4452696918829673,441838658.2709427,0.0049820000123197,0.2,5,2201240.20094919,39.10870009671024,971490002.4023564,77030.40682894732,24.69630473885037,-0.0012665667156651,25.358646752329037,25.361288742273693,0.9999990667678128,460.8964369703823,0.0007393660291459,0.0031245282012359,0.0261189810303199,0.0157538941620138,0.0001862246625183,0.0002116195135392,0.0155422746484746,125.99769130063244,0.00606223119126159
49.04893951656425,887.0869697540694,0.3612090980890559,271495287.2618415,15.998286042994089,0.8698272978744743,628261746.0648704,0.0025626584808343,0.2,2,1610020.291736928,20.116869074549538,499718403.7626955,20381.50305654938,18.274993946984193,-0.0068400072433013,17.700503291250783,17.662553985523846,0.9999342534818464,160.91771287205262,0.0075286476924277,0.0178131371413246,-0.0324561763177308,-0.0023390825914526,0.0045669412709227,-0.0042917023533767,0.0019526197619241,142.1906462834936,0.0004961395486668494
563.8881478674024,1676.7420815047765,0.3029097409597136,6304125565728.989,114.58393855307143,0.350494223643099,351814225.9679939,0.0034668491277449,0.2,5,1219686.842425391,27.21476565279756,676035579.9102578,37301.35665198862,4.8479217315181495,0.0008580541666451,4.620222589015214,4.620113036069693,0.9999999498729868,1559.1875176481974,0.0011479626507389,0.0040516649928555,-0.0492831542454902,0.0005272862718702,0.000166267203088,-4.744992600135814e-05,0.0005747361978716,655.2176710612224,0.3073346580588861
335.2451647785426,2415.141437950479,0.5473837155340887,3704560167453.596,106.81104306972726,0.5389258476794312,483837081.1754252,0.0074006226994117,0.275,2,3580695.685763978,58.09488819038225,1443121426.3852916,169977.4344377649,2.239681297922799,0.0015861994699032,2.324525193359434,2.3333799018259387,0.9997895197677786,3102.587802316954,0.0078062001358465,0.024137321020354,0.0364994518790384,0.0077985409942512,0.0072592073041434,0.0076342736328498,0.0001642673614014,490.23490243884726,0.08573867895174742
77.14314809648788,1692.1774541504924,0.2804280918281054,1910023080.357017,22.06449556790926,0.5453962352896121,535302603.2448182,0.0050871320190356,0.25,5,2723155.012839873,39.93398634943016,991990743.7119596,80315.75750531816,33.98017384907382,-0.0028421710070406,29.80799256255448,29.822059029137833,0.9999807330714422,440.5616324079753,0.0035588286853014,0.0064936676211266,-0.1399685429256492,0.015906037566792,0.000150551875534,0.0009581389476225,0.0149478986191694,128.47830701643187,0.002680757982192472
241.04295549219964,17266.189409308474,0.4905064371193276,5683605736052.329,62.62551427834872,0.9497587061883176,245724787.9816712,0.0010071500328511,0.15,3,247481.72828809408,7.906127757881912,196394256.4059838,3148.060611312158,4.4173579412517645,0.0006851162938877,4.238304550674719,4.238263205129446,0.999999996943953,247.56265839384145,0.0001162020340658,0.001331063193209,-0.042246466349036,0.0002685816231602,2.096376215655199e-05,-1.9515943039854437e-05,0.0002880975662,555.2663210242191,0.10342601374144171
89.98648477642116,1763.0147929652312,0.2020351058331031,1912401293.9582584,20.811281175408904,0.9328554281220416,546300105.0387455,0.000530033581632,0.15,4,289557.4013196431,4.160763615811472,103356548.41824676,871.889636625074,29.114744512893303,0.0021088613419164,25.365899065223655,25.366976448006316,0.9999998976713808,43.29541075653179,0.0001925475139784,0.0013152306091962,-0.1477907579002106,0.0011829074022375,5.852183627336194e-06,8.504240327185061e-05,0.0010978649989656,379.25856217682224,0.001088791015071345
69.32479976016634,3270.2845747671067,0.5463455796316439,9137663364.254335,18.037874621251163,0.3868927127241245,269856558.27337044,0.0037162868564867,0.25,5,1002864.3806480664,29.172851823420675,724675937.0149084,42862.07597384365,26.784636403447543,-0.0021152816694425,26.110352541853747,26.10805272339107,0.9999993379964492,263.10812176760027,0.0011772553321293,0.0040457286032201,-0.0258243874920091,0.0322297034107134,0.0003149871996002,-0.0001818630836389,0.0324115664943524,87.25089011705735,0.01640923853075124
90.75308136660716,7461.689670495463,0.3185198538736159,20812102839.62402,19.96580423646101,0.4332364578677698,158327231.0447678,0.0022899649148371,0.2,5,362563.8041558286,17.97622458147139,446543158.3932383,16274.677821655456,20.394013769680363,-0.0016393394971804,18.02798122460536,18.028157368421464,0.999999992712754,179.454890452158,0.0004822731717373,0.002537796575895,-0.1312422348125003,0.0278040407825125,2.4534059290287624e-05,2.0084186955149352e-05,0.0277839565955574,94.237299238667,0.09561325486407067
276.6876394206826,921.7044221726268,0.4496948002588817,442737880442.2373,85.4713782810173,0.9644647075945264,518582661.59408075,0.0011888289737946,0.175,3,616506.0934105687,9.332307444287691,231821649.88994905,4386.251251051387,4.09253439116618,0.0028440789332017,4.510903159998511,4.511568549657517,0.9999993013377017,398.8225899027335,0.0032259901742048,0.0068684089775282,0.0927461206754146,0.0003815693616452,0.0002539757880899,0.0002950612221433,8.650813950190126e-05,1013.3107300385032,0.019657640712898244
224.47492779623505,26880.772643718727,0.7421923418514481,15237239485661.54,92.97518401356103,1.0012973123414892,123932813.15190576,0.0011363787243674,0.225,5,140834.61211682748,8.920572986284185,221593851.25164536,4007.7528467172024,2.9711023746357297,0.0005688492811969,3.37992915186765,3.379934260239483,0.999999999816203,414.69595745308686,0.0001341912594809,0.0007952988103012,0.120957203202326,0.0008152891975489,2.6145336744498593e-06,3.0252261586570474e-06,0.0008122639713902,551.1518657731004,1.5256468037960538
123.26284834165848,3306.1391932995643,0.2589696186538489,20744731162.774723,48.83610264473334,0.5291085013104841,461889895.27791226,0.0121881435580556,0.35,2,5629580.351662501,95.67692693073712,2376687993.8208585,461030.7200122824,4.321040779253772,-0.0022548389964585,4.970356845285981,4.979549063263996,0.9999506640326524,2336.2441121610645,0.0118781633694754,0.0299478113873499,0.1306377160118872,0.0050628552419674,0.003388715156352,0.0037072551689337,0.0013556000730336,170.65305862739618,0.0208429812262294
76.66003596126913,1029.78044187442,3.313837004166875,158286270386.00714,21.755244022344847,0.5200449836942362,695524198.9305766,0.0010413274028967,0.25,2,724268.4077242325,8.174420112739632,203058843.56486985,3365.3430205696673,13.31120210005257,0.0050490449447168,13.684895349661168,13.706113116708313,0.9999652862931157,88.9182521469072,0.002266780095832,0.0131514270579844,0.0273069862838117,0.0034920899853473,0.003001948596282,0.0031045097571144,0.0003875802282328,319.1530956765885,0.0012241717096408819
59.4995960145667,4372.278251396175,0.8591332581285298,16392499136.398602,29.165588546491385,1.0015380664421507,157279667.10643333,0.0093513722503466,0.275,5,1470780.71452286,73.40827216522123,1823517588.8175976,271397.2443022287,13.77778995848457,-0.0009021565322979,12.453548779218991,12.453805812714814,0.9999999681246587,1070.4977309398494,0.0008712635538287,0.0020257210604664,-0.1063344435182455,0.0535683772001807,1.9293718157051276e-05,4.348864477451975e-05,0.0535248885554062,67.89565637393036,0.07340494362859624
147.09238795077053,1335.8824166848951,0.2294397787484958,13342177189.268702,17.71068603433576,0.3855598409784128,200384809.12087545,0.0021937335332505,0.1,2,439590.8753224675,17.220808236016516,427778038.98384976,14935.593700136498,8.310122253456077,0.0031541037773752,9.04042360406002,9.045528017705072,0.9999954348304496,152.496163962796,0.0015170883600441,0.0114879424917611,0.0807817622921967,0.0054106382919049,0.0008127592256538,0.0011343912178208,0.004276247074084,96.08342450464116,0.03867789908064294
100.10511977540276,21075.139393783953,0.2045021487630249,35871671298.52256,47.63496968212963,0.7775410372322693,193434468.1262068,0.001512733536136,0.35,4,292614.80697915267,11.874958258667982,294983039.54652953,7101.9827475641805,7.362803753828383,0.0003016694305482,6.596334589755712,6.596362151003773,0.9999999990224409,282.8316383141021,2.573893636578993e-05,0.0005754214762276,-0.116196222863379,0.0016974546978948,1.42477886608261e-06,8.370666655933964e-06,0.0016890840312389,305.76251080183175,0.1839911090975448
465.212356523574,3269.451171791096,0.2283219837310598,3235456206941.3833,178.00750555222098,0.4196711988627442,239389624.50598988,0.0059680581973452,0.35,4,1428691.210892363,46.84925684915984,1163771348.4823146,110540.35169405268,2.0551194744603216,-0.0001810239708158,1.962425724924375,1.962527777894796,0.9999998463537962,4169.759674347124,0.0001366416819071,0.0016989811266963,-0.0472342715235852,0.0004896396007114,3.0545658253576524e-05,0.0001040497729819,0.0003855898277295,639.9515273322911,2.225262523035725
86.27866305231043,17776.282727617192,0.4830821911166438,93165877118.34998,28.06261426440161,0.4853565232952445,442952615.7138408,0.0065376607764764,0.3,4,2895873.9415900377,51.320637095340395,1274843851.4129145,132647.6338998131,17.39480572141321,-0.0006735292032483,17.007132226250214,17.006460400722442,0.999999912260754,720.0956213049388,0.000326665320893,0.0025443318008439,-0.0227947598693111,0.0091053589200717,0.0001415585321312,-7.972924584304097e-05,0.0091850881659148,131.11977621287122,0.008192244479800886
166.13185017344242,2315.6406214242234,1.5365053633679393,1687761879276.931,71.84668347677437,0.9322811958620408,663166448.3655932,0.0007918307787905,0.25,3,525115.6052770641,6.215871613505503,154407001.86414945,1945.895442508913,6.16087841307736,0.0022842028302032,6.068408730246022,6.066623705005234,0.999997223711076,223.29488017389835,0.0011650594746558,0.0043169987976853,-0.0152378798037207,-0.0005244852935169,0.0005997165900461,-0.0005882519109733,6.376661745641373e-05,1180.2511637808789,0.0072653705793684934
235.9155619468312,896.0843340000749,0.3579949301534299,144174761582.46573,57.551994232180895,0.7828118868902706,591524069.7741456,0.0006166990641201,0.175,5,364792.3402342339,4.841087653342859,120256317.50342132,1180.3242278108248,12.888493213875464,-0.0004825518834584,11.925685362476806,11.925821999797147,0.9999999884800204,139.30712435133518,3.243854435817145e-05,0.0005140982260041,-0.0807339638884029,0.000263952398264,1.6368223116070002e-06,2.292044995197461e-05,0.0002410319483121,1011.7718017801576,0.009294538940398908
136.8912569523405,10423.528930211298,0.6712723041070692,668459847043.8373,26.916985256489856,1.0061341416548446,225668319.1756382,0.0015780868122064,0.1,3,356124.1984238598,12.387981475820258,307726928.3802484,7728.879281703702,10.752630846426106,0.0011269948634356,9.461114946080396,9.46108259191904,0.9999999996243744,166.72355737116166,0.0002117584949099,0.0016524904939873,-0.1365077908582823,0.002653894806452,1.0001717781787932e-05,-6.85758337848558e-06,0.0026607523898305,182.71276799087337,0.020862885649613812
71.63308776017337,872.0331612744242,0.30398784602711,859924602.2826871,23.59969141087137,0.9287593593279606,130449031.03981292,0.0169482052464612,0.2,4,2210876.952264746,133.04341118472095,3304900023.0599475,891460.6393329098,12.037167124337508,0.0026629936530451,11.532285537824656,11.52345702478524,0.9999713577531268,1569.8917241045435,0.0111329424156454,0.0100560458303412,-0.0437798374708026,0.1126204275141496,0.0011400715530569,-0.0017054858999033,0.1143259134140529,37.16528984032617,0.10396947185554627
140.02065835811894,2139.530774494063,0.2196020884265003,16073859828.805164,27.752111453689132,1.0402647241267104,392085008.9682369,0.0054163421896931,0.1,4,2123666.5760208815,42.518286189091285,1056186726.9901656,91047.27061056028,14.12340602503823,0.0017403316689246,16.176692267557655,16.177994087306327,0.9999996376314132,589.9861085697563,0.0017869229738093,0.003404212382458,0.1269286828579467,0.0089527638655328,4.564208216903398e-05,0.0001623714015088,0.0087903924640239,134.03114611671435,0.0037805362834139908
40.61583033467185,11534.171734123684,1.2232808866008178,19036205494.308987,15.657448859803424,1.0341035120990094,145618249.31550375,0.0025510770871571,0.2,5,371483.379300716,20.025955134183473,497460031.9956404,20197.69953228054,19.595359552491782,0.0012334228324506,22.33371859355152,22.3338538936648,0.9999999978368316,156.77768419109776,0.0002385108895985,0.0010053959133501,0.1226109762952949,0.0547345661035303,4.1219961795790905e-06,1.2779278909705316e-05,0.0547217868246206,67.14902978589512,0.0239858256600502
393.56010148996097,4144.554444386916,0.4811351905750984,9328602674551.385,54.977674732462944,0.770935820270011,709068583.3006331,0.006391709673826,0.1,5,4532160.523288814,50.17492093953478,1246383386.396087,126791.11563080768,12.04283140372334,0.0011112535509496,13.682273940325912,13.68274818602452,0.9999998943756868,1379.2502415703937,0.0017032146821781,0.0037689533260821,0.1198223733681159,0.0023532426717703,5.926062451182268e-05,6.948216386245968e-05,0.0022837605079078,328.69613522488504,0.005040506447274665
133.31367926129172,5168.026734297416,0.3735054896371771,92294927719.98384,68.99924593347231,0.3848484826523185,180022708.7421613,0.0062415787749691,0.475,5,1123625.91789753,48.99639338350794,1217107861.118987,120904.8312506066,5.977600409903455,-0.0005307950585526,5.502145500138431,5.502402740902919,0.9999998090620336,1690.35709846091,0.0004762469463032,0.0025753613304263,-0.0864126384431422,0.0056706739210667,3.836831032176524e-05,9.402926611591384e-05,0.0055766446549508,210.34558019990823,0.8100379940418645
158.1333190782533,2309.394709877655,0.2219311101068481,28826261998.18192,30.957292361748483,0.9246121526873944,183700656.2437185,0.017477467221954,0.125,4,3210622.198151033,137.19811769233905,3408106108.2810335,948007.417962988,10.972850559672295,0.0013289582607255,10.120538228242324,10.123547830178849,0.9999953376257362,2123.641120441658,0.0037506264168107,0.005869114850397,-0.0842161071089591,0.0492775313117915,0.0002042648738438,0.0006237809788162,0.0486537503329753,56.97071931456134,0.06477492551090448
91.26523119470126,1264.6014950603203,0.2665120220679108,2525625645.400605,13.53049656134542,0.4097376777741618,399710740.5161153,0.006732362445117,0.125,3,2690997.578360622,52.84904519416887,1312810676.7978256,140666.18865948668,26.72194662729021,0.002965243162935,25.33111514141267,25.322665237703504,0.999996568910893,357.5369121350453,0.0031437030140938,0.0109132894906537,-0.0549060504487516,0.0246784869544005,0.0010740733755815,-0.0006839626935024,0.0253624496479029,59.18007735482448,0.002787129095310064
65.06936654777519,5606.212295537162,3.2987994972127614,443249179586.0566,25.68879951937229,0.502443293662321,397852755.9518381,0.0169792868168183,0.35,3,6755256.054167905,133.28740151202427,3310960929.279584,894733.3638764311,13.299587956844451,0.0019279965190235,13.262061488201324,13.181881070842412,0.9988728738049952,1711.9966679502352,0.0063637836426545,0.0148362172800382,-0.0028296105154176,0.0055580909565308,0.0122740327155868,-0.0122700661576751,0.017828157114206,70.5858909831864,0.009301392687976971
114.8485955091842,12254.817416177606,3.252820498130107,9143027823511.576,17.70450693939562,0.6204349448420112,465827682.8616032,0.0007155644899395,0.125,2,333329.7482865696,5.617181246025199,139535075.53820556,1589.1039381263636,13.013129628941089,0.0008428418492233,13.76335548489955,13.763502676117149,0.9999999983538648,49.72471217504804,3.532355951906599e-05,0.0015392423193211,0.0545089354686487,0.0006218427499328,2.172849982776809e-05,2.1401813667782345e-05,0.000600440936265,256.4157641618309,0.002372225853485894
143.11581098172547,2367.1189664362696,0.2612654459974249,27472282605.012165,83.46480015371607,0.9499613436574932,338607933.3723102,0.018392541858751,0.35,5,6227860.588255406,144.38145359119582,3586545662.456457,1049876.583294076,6.734714930235284,-0.002144915621366,6.239403526458983,6.2381576077722976,0.99999649284761,6025.384584946095,0.0277207640579894,0.0123316909047051,-0.0793844157820326,0.0055690828267889,0.0009521018772723,-0.0004017155396062,0.0059707983663952,203.28422311953767,0.07016876245879594
387.1743588860189,3520.483893840875,2.623649458680024,220699107920065.47,55.28568782767185,0.6558978876996335,786906327.7221674,0.0041530204794143,0.125,1,3268038.09441089,32.601210763402534,809838993.4857955,53528.23067515924,2.629286712174008,0.0004628727917464,2.8634886241533315,2.8639074257546784,0.9999999189224694,901.190180534804,0.0001930810968384,0.0070105102679683,0.0817890142827341,0.0003454378867513,0.0002999016046046,0.0002925483102944,5.2889576456896514e-05,431.981181653832,0.004552708627642489
78.24722145286638,3418.854590176993,0.5325070004300481,14728795007.630182,21.56297222957804,0.7903862223150756,366002302.7247835,0.0012953729614614,0.2,2,474109.4867823054,10.168677747472222,252597727.48497877,5207.681300386831,8.543690239523885,0.0016663194312779,10.01845795887282,10.019156219847217,0.9999999301097284,109.63345794013586,0.0003044105009978,0.0039073994970085,0.1472050614379044,0.0010721573204867,5.184971999824817e-05,0.0001395297661351,0.0009326275543516,205.7433216688122,0.005424956561678874
41.671693175546494,16102.382748281543,0.3684885843186616,2672163666.7900205,12.263698359629595,0.4637244328433391,365835585.4196084,0.0105799666808565,0.275,3,3870528.3044111114,83.05273844472401,2063093502.7670295,347394.82367049274,29.895323620917644,0.0017359338105878,27.09530581183067,27.09489576954605,0.999999993096758,509.2668661136539,0.0015346584851357,0.0074352067692604,-0.1033395905745561,0.0529774732012011,0.0002671335306801,-3.1870840878099604e-05,0.0530093440420792,40.93501108656997,0.002839596833578089
141.89121352821803,32666.363853996983,0.3464558015819105,644137716967.2749,23.453201844375815,0.7260457666755549,268710713.02303004,0.0070004413617702,0.125,4,1881093.5897971871,54.95346468989623,1365086065.545193,152091.725588599,16.978616677449356,0.0002524257875927,15.959464212225855,15.95957442038395,0.9999999975135332,644.4173497099578,4.106148620136431e-05,0.0007626515109696,-0.0638588145360651,0.0232260283518893,4.55392566532653e-06,1.413163829711364e-05,0.0232118967135922,82.48111995748411,0.018320637695354695
67.26296058265967,3235.6105104411017,0.5781110467266253,8971042934.789703,12.925823111553177,0.9779778681923048,499758058.9644966,0.0061949893214724,0.1,2,3095995.8386048772,48.63066617355907,1208022917.6871362,119106.61088754602,21.17005575383298,0.0031812109283266,19.60883918454177,19.606050841852465,0.9999997130197376,314.29569437820857,0.0031807047902937,0.0100297726316124,-0.0796180005658856,0.0088033512611746,0.0006292570392886,-0.0002869613564255,0.0090903126176002,65.90076542670784,0.00048284836528696216
69.32764315560614,1774.3603431503936,0.3318069038442199,1828936594.7076263,25.346972851037822,0.7385940465522349,671517962.3984525,0.0180483679756019,0.275,2,12119803.287593683,141.67968860847506,3519431755.242374,1010952.1887099324,13.223686831252516,-0.0051167073181764,11.568526633462945,11.539217001668275,0.9999087340991248,1795.5756103512554,0.0470094152132282,0.051030674078344,-0.1430744164949995,3.892173316318878e-05,0.0088282442857608,-0.0050866531549657,0.0051255748881289,87.76241728770925,0.0013405154672234453
272.7352970477102,1256.1047161367253,0.8813769580481762,2188138798413.1477,145.42313855207453,0.7499514641119037,422325813.7481261,0.0096346559571628,0.4,4,4068963.917292013,75.63204926372804,1878757911.646747,288089.3244518901,3.5712431641158915,0.0015016823907252,3.1908048207272643,3.1903375098623883,0.9999987809623914,5499.324989528224,0.0124012528320118,0.0129687762304468,-0.1192295877570837,0.0002356394651511,0.0007032424173081,-0.0002930443650617,0.0005286838302128,546.5272868649713,0.17370453833871538
61.86420590780893,24461.14930647387,0.3701631834856491,19896712206.544502,25.18020591545267,0.6160168450106899,143724709.21911976,0.0011651088736523,0.325,2,167454.934074307,9.146104658171325,227196230.3622176,4212.964143408609,5.928233118547067,-0.0009322138285041,5.377884975634108,5.377828318919114,0.9999999984048178,115.1503993085174,0.0001000683019376,0.0025988889246322,-0.10233542468953,0.0015453989993799,3.2995099138427575e-05,-2.1103154569514053e-05,0.0015665021539494,158.75023255608326,0.16440370032707158
55.51218387627023,850.4014646370816,0.9634790786205044,3038239983.7168636,22.468011538674503,0.7633996846718978,655925017.7288003,0.0030619019642259,0.3,5,2008378.10016874,24.035930419173535,597070883.024056,29096.269171378317,34.75672438355552,-0.0039646838202623,32.277498399182534,32.27972628238687,0.9999995843070022,270.0197810003842,0.0042443647365182,0.0059930532148771,-0.0768097314640646,0.0072201536491597,0.0002334482108298,0.0001390279091338,0.0070811257400258,186.6675055049069,0.0010790587765529642
199.83798565279147,2478.8840686519343,0.640073957536239,656430801393.0865,33.70115455922772,0.6016289317875916,372278402.70965594,0.013663607259905,0.15,3,5086665.885969508,107.2593169902546,2664403415.6814837,579409.329408479,10.360158909730192,0.0019963080700519,9.735795977454776,9.729875812254908,0.9999883158780606,1807.381409902885,0.0072028593726275,0.0148476285061473,-0.0641306508190245,0.0076818821044097,0.0016963379221309,-0.0012266257516028,0.0089085078560125,99.85473047066468,0.017289842247452527
279.34881306296893,31157.432055050715,2.586128578951622,514291624268602.5,63.90621446056917,0.960209221597608,432735563.8691799,0.0048840632226783,0.125,5,2113507.8526384323,38.33989629802491,952392328.4222748,74031.6275487379,10.345925696419863,0.0003389296863107,9.194591402549404,9.19457876730234,0.9999999998096498,1225.0788176087808,0.0001407288860631,0.000866005171736,-0.1252186468613741,0.0021134959202428,2.994585905247149e-06,-2.754223032259539e-06,0.002116250143275,341.4572802299384,0.019145595208949324
107.97870957562628,4745.718821735717,0.2201364232455513,12670641197.870834,77.34085738220288,0.933666819029999,559906745.8491001,0.0007585464524488,0.425,3,424715.27576602146,5.954589651723566,147916558.22752807,1785.743615960649,5.505137507848686,0.0007612551092372,5.179869949974797,5.179903787035325,0.999999998631252,230.26653451174673,0.0001334416077475,0.0014582822483455,-0.0627945413717331,7.550318990204422e-05,1.6930615493404577e-05,1.3065688553159204e-05,6.243750134888501e-05,1192.7471017366863,0.013936642000343658
58.393065068071515,1639.9221611333871,0.9612769895884228,7140451311.981712,28.13881259682021,0.373749847453907,424593231.5757616,0.0057184347711869,0.45,1,2428008.6990534724,44.88971295381763,1115094780.381457,101486.68953016696,3.8854957710269304,0.0016478768252621,4.13360571470559,4.150944151721232,0.9999329032381272,631.5716101662636,0.0017150314639911,0.0245442307570837,0.0600226438617479,0.0089319984956029,0.0048243841319173,0.0084109872959949,0.000521011199608,137.6341937731303,0.01036031351714237
249.4589223324197,12025.937372200024,0.4905008973887781,4541036197047.096,36.94581967667906,0.6000748927431798,175377634.85544437,0.0076259516120179,0.125,1,1337421.3572377674,59.86372015434073,1487060564.3434958,180485.71470374183,1.9891871047969545,0.0005720852157401,2.0238054206616054,2.0265311206476895,0.9999931213226472,1105.8571049987252,0.0003619265655502,0.0099953656554215,0.0171055554606302,0.0036738440055338,0.002706243099881,0.0026980824293457,0.0009757615761881,100.57221532366084,0.19917287958040833
133.36658959650657,9460.637009005097,1.4116674544070782,2417317036496.573,31.118395012051803,0.5639385411969787,228140671.89126092,0.00563052104026,0.2,2,1284550.8532228048,44.19959016604124,1097951602.850706,98390.21608950662,5.679038816727538,0.0011988868292643,5.486891379891975,5.484201056872309,0.9999965573796183,687.7101530788358,0.000988466179448,0.0084580089989383,-0.0350193622457579,0.0021392115782335,0.0010069288251494,-0.0009834575553581,0.0031226691335916,112.43897635603516,0.0673149375668167
52.578025732803304,18530.609082713305,0.6155387507046102,21745922521.74605,31.686344700654164,0.7602511290142722,328054917.247695,0.0040187555573924,0.425,2,1318372.5218190886,31.547231125530587,783657333.6915241,50123.100161720795,5.572131027655403,-0.0011062314157096,6.456403711338294,6.456902797192257,0.9999999141107652,499.8082198973841,0.000611639282045,0.0057047141480721,0.1369605624459312,0.0016497495549053,0.0001187555747572,0.0001548389115044,0.0014949106434008,162.5070667509604,0.017258000610056903
524.6445117594272,1094.5330604892897,2.429871744500618,198434128556681.84,143.43188524547134,0.7602692380531059,241691382.86475697,0.0033160216799674,0.2,4,801453.8654408535,26.03077018774468,646624227.5936576,34126.32053112716,2.443230741079808,0.0010943554825919,2.447095989681584,2.4521100242240896,0.9997604379993468,1866.8212212099156,0.0022357310849269,0.0054532889599898,0.0015795247174912,0.0044303288588752,0.0040979094577601,0.0041034858106059,0.0003268430482693,695.0887153962899,0.8841396943804178
177.66762852779303,16800.262692974844,0.2690120121394503,490967660176.8648,36.591893485501416,0.9119421815382704,650439383.8781868,0.0118960294245829,0.125,5,7737646.049522534,93.38383098297638,2319725737.7936807,439196.431183139,21.795964179770944,-0.0003140699439877,19.768932310784525,19.76906266072419,0.9999999964675076,1708.5455982985693,0.0001685308177335,0.0010119314106734,-0.102536233981671,0.0104730422486882,4.9932604675173575e-06,1.3325332425966755e-05,0.0104597169162622,153.5889288577331,0.0021074960022544396
205.81347043459655,5046.762964842055,0.5092290598582854,951688223311.8384,33.316962830391915,0.7577033007996632,744471446.8474962,0.0154984122951477,0.125,3,11538125.42520765,121.66253651690964,3022190397.5538063,745468.2700859349,12.80320538601605,0.0013258020810976,13.90064161135601,13.905871902131166,0.999995491319216,2026.7131034925387,0.0035624573050898,0.0092006669196041,0.078948602231671,0.005926734392656,0.0005343145876059,0.0007565580807353,0.0051701763119206,131.07457271422678,0.0016404871032857657
68.66691750747637,3628.6358583405586,0.8674178186631396,24600873112.65535,17.70544919667911,0.5215345195150791,152104295.84977776,0.0007618709595374,0.225,1,115883.84582884368,5.980687032369257,148564837.10980958,1801.43079455329,3.5291615425050806,0.0028194461840077,3.931924919286654,3.933248543339936,0.9999995706525452,52.94537520642571,0.0004208774419759,0.0113241323933618,0.1024341474085533,0.0011631318144334,0.0006240426094147,0.0006737131481419,0.0004894186662915,142.00695270346446,0.07739188760218098
523.8265082665775,32891.798150997216,0.5495312095379858,303097584723531.9,150.90919885829382,0.9767308039334752,532169725.7656477,0.0008234835585284,0.15,5,438233.01951462525,6.464345934448632,160579293.91305518,2104.575974011381,4.946003350041619,0.0003365253893947,4.313460717763337,4.313459493307764,0.9999999999896076,487.7646330552559,5.523902165053842e-05,0.0005296820796208,-0.1466438838015604,5.14639122798172e-05,9.566106103364724e-07,-5.677664361666314e-07,5.203167871598383e-05,2177.6393621932443,0.05470820284818988
104.36447936794484,23629.67353542275,1.3449174519378988,2055039005716.9995,24.168589211817167,0.7790832426545655,123017129.52085298,0.0058268010127328,0.175,5,716796.3348755979,45.740387949953096,1136226197.482911,105369.54800015144,12.123896879414309,0.000900341536736,13.344993076223265,13.3451644770145,0.9999999886988142,552.7403233757842,0.0004480595324367,0.0019177335682797,0.0915021978531094,0.0621222633695001,2.009404339242682e-05,2.7282904989330004e-05,0.0620949804645108,63.036432940173626,0.18358424340005974
57.03015851057582,10508.568963004862,1.7977491269632284,145606349004.9537,20.251192949369315,0.6046298908012642,477096539.38063633,0.0110181161434146,0.3,3,5256705.08251704,86.4922117258048,2148532647.965852,376764.03123358183,16.188462427295125,0.0005734766572052,18.401532638726305,18.402881386062745,0.99999983197944,875.785234138488,0.0002880242860657,0.0029629310314913,0.1202655373810407,0.0156726295137829,3.649270094865931e-05,0.0001488718560475,0.0155237576577353,75.64368897200931,0.0029538847532857267
122.58152387457363,4969.8866847247355,0.6218130241701849,175843542875.73877,85.67994374125068,1.0446850160551926,177389646.55788866,0.0101029948035651,0.35,3,1792166.677380612,79.30850920798662,1970083986.695209,316777.9924845653,2.69787520396676,0.0016848289871327,2.6345431766544003,2.6317933395449877,0.9999652161141992,3397.5743035713776,0.0096445199339496,0.0104653484296489,-0.0240390925734552,4.7854689785273584e-05,0.002179250042147,-0.0020908977290629,0.0021387524188482,203.7937545685479,0.3832471395808645
54.87434143466514,3141.3067999550663,0.5094292935858457,2995819987.5709867,12.75764888176784,0.4768193925977053,491008132.5494468,0.0048570136587735,0.2,3,2384833.2063615606,38.12755722137243,947117663.4608438,73213.87485800497,32.67175661248262,-0.0032951105824862,29.65092319667427,29.65230728898905,0.9999999320280626,243.2089938748906,0.0026407033654765,0.0096884912838477,-0.1018799109819006,0.0168496136248493,0.0004596372144696,9.492555669199376e-05,0.0167546880681573,72.81199893232356,0.0012541956474004107
107.5774454395727,21207.79833815826,2.4682906160079163,7013476143783.294,22.308309171020056,0.5993660069995108,179582494.56433678,0.0005865601379057,0.175,3,105335.93277710752,4.604497082559767,114379226.89161208,1067.7752098514395,9.874623158523423,0.0008342300077437,10.17921545788572,10.179309976672156,0.9999999972441392,51.35927224740158,3.574295681899317e-05,0.0010475455941015,0.0299229641638374,0.0018279115004542,1.833066658065569e-05,1.8604624283193255e-05,0.001809306876171,221.5720677150302,0.06770034112886207
246.56663500367975,20376.630069822884,0.3822790048399783,4460573843638.665,134.384818030012,0.8463527527476182,243070479.55145648,0.0158370115961631,0.35,5,3849510.0033413647,124.32054102988108,3088217261.2518225,778397.1057169166,3.4409859466149424,-9.985876003340757e-05,3.278084686747172,3.2781206279159134,0.9999999895817152,8353.396641846604,8.329816636557934e-05,0.0007701178089656,-0.0496940364373004,0.0027846975754647,5.966971868755222e-06,2.198885309043306e-05,0.0027627087223743,298.8493582813219,0.6381672392956804
186.25195295529613,19657.237708521367,0.3016204948084769,872183311620.3158,57.53408874123704,0.5098772428004114,629686541.0808464,0.0031511315572438,0.275,3,1984225.130771552,24.73638272436386,614470653.6625417,30816.819385284452,7.542629893444671,-0.0006832918310268,7.385567593126529,7.384648131440346,0.9999995028110136,711.5926194003766,0.0003322338601578,0.0033759636003541,-0.0212661110114696,0.0001676854779881,0.0002662973021181,-0.0002490770313814,0.0004167625093696,461.66484526331993,0.011671437734728597
96.19300530493676,1931.1948659384589,0.267415369167114,4792179150.454518,21.131486907324422,0.4012656128083232,265185618.710185,0.0144731158713715,0.2,4,3838062.187013875,113.61395959026704,2822257594.9174614,650097.9868192745,17.27377122059066,-0.0033535214353708,17.90904918638753,17.95186788946304,0.9997015379090968,1200.415949785507,0.0135000050363755,0.017023258334988,0.0354724563646705,0.0649742289035639,0.0038732738342112,0.0050742833175624,0.0598999455860014,51.344821702568936,0.023449573075166662
166.63248811369053,3246.1823708752972,2.490850147601797,6293135440796.387,28.729373666248257,0.7751139602345285,209146124.85966137,0.0069006350161476,0.125,4,1443241.0726981745,54.1699848767593,1345623828.148798,147785.85149280692,10.01698143862546,0.0013550385161129,11.473791747195332,11.474177193528492,0.9999999383642236,778.1348685097174,0.0014287562937894,0.0042973919244817,0.1269685157852004,0.019659720585402,7.27042107099285e-05,6.8504694046366e-05,0.0195912158913556,89.77991063495041,0.05320182552535045
114.6043324976851,2154.0441333619096,0.2370220504938086,8460508943.353515,32.96931782750147,0.8055104672792128,246018606.35166565,0.0039549281838871,0.2,4,972985.920020844,31.04618624351424,771210995.857997,48543.59618770517,11.714088646486244,-0.0027731072027255,10.777981037541805,10.777095003614612,0.999999619709578,511.7857907971125,0.0039356959663604,0.0069167672847093,-0.0868537071724094,0.0070825165583495,0.0002749799476285,-0.0001656004623237,0.0072481170206732,147.60370737046483,0.040483037137339924
54.080828175901146,3580.120363838959,0.4921821148940876,3006649924.5549974,16.814016991792066,0.815319239104975,608305124.9872171,0.0068106343380097,0.225,4,4142943.772225232,53.46347955337627,1328073695.9118946,143956.03304027303,31.56626579910408,-0.0019904852028086,33.43171083932288,33.43879632992971,0.99999752731209,449.46792682539814,0.0017808060135756,0.0046049198583395,0.0557986711833077,0.0198409024874104,0.0001896936144306,0.0004321511744537,0.0194087513129566,90.20094060250592,0.0006823088022525656
60.56194934137273,4437.068084731094,0.2841336784642336,1952995078.333992,26.85296072539668,0.7727028599066861,470896559.25418055,0.0123322406542235,0.325,1,5807209.69196838,96.80808913565464,2404786927.573586,471996.44229943136,5.169054916532771,-0.0022514222843891,4.562965576894691,4.551288966016284,0.9999753402414674,1299.7919077302174,0.0065885181940516,0.0370001163375819,-0.1328279447706355,-0.0040046642932517,0.0050570490502498,-0.0051171299406675,0.0011124656474157,94.19038416209357,0.004091482756456499
87.46642778920223,1642.3437749039842,0.9070245108006494,32049991655.950665,30.63650753397219,1.006313142361348,358903982.2054367,0.0143272398452911,0.175,3,5142103.434487409,112.46883278553574,2793811769.8317795,637059.2199984795,9.651152239107844,0.0040393321459365,10.530221241871349,10.540906520836565,0.9999675189729268,1722.826121485562,0.0281099827737489,0.0190338259594776,0.0834805824656426,0.0137790135702019,0.0021423944708003,0.0020542865281466,0.0117247270420552,87.04017528723871,0.006714785700695012
492.8708644171565,33600.746880312174,0.2651432787500075,56494088498566.23,102.4849775308306,0.3729047615349159,216052039.8011938,0.0083769736661235,0.2,5,1809862.2479268685,65.75924327906952,1633509864.8940835,217785.54113205295,4.242584822665145,0.0002044381844345,4.052631654885595,4.052618392703321,0.9999999989926832,3369.667284949932,0.0001408351473129,0.0014071573387228,-0.0468715600023885,0.0028202871319273,2.111777179525376e-05,-6.56346386898295e-06,0.0028268505957963,295.43942480460134,1.0436426931964944
41.84233064516242,6424.364315372377,0.2076259355889832,344046449.2364809,25.06806499048068,0.6948006348587005,743338670.756069,0.0012706285417142,0.45,2,944507.331222598,9.974434052456916,247772565.6342801,5010.625635837017,13.31578850706325,-0.0026282576920802,12.277503908120586,12.276912186606143,0.999999966552485,125.0198805351268,0.0008636046415352,0.007185737934127,-0.0845680528153545,0.0002368555572224,0.0003047366205921,-9.642097641870669e-05,0.0003332765336411,344.17355725033997,0.0010433356089224067
67.64898916192718,3441.0680493070995,0.2015815887246464,1186862698.5687575,23.631839968650564,0.868950981480932,448797033.9225347,0.0011569739000457,0.225,4,519246.4546663244,9.082245115359218,225609910.5089233,4154.338369619938,20.17849609697156,-0.0020833656582222,20.258781472180026,20.264785566712877,0.9999950209758862,107.31508156111366,0.0004657917177826,0.0022176773514545,0.0039629913239705,0.0028564834551657,0.0005783072864514,0.0005941689455295,0.0022623145096362,264.20034084521706,0.002975943907238073
323.39794323891465,8644.143445862028,0.5097255086460395,9956437253231.162,154.02967439590586,0.5401249970223856,443373946.2249745,0.0096177641059297,0.4,3,4264266.025507002,75.4994482315488,1875464000.6563077,287080.03131571744,2.0438963743433147,0.0005027583214676,2.3146847145864076,2.3150554529899767,0.9999991764649074,5814.577714088005,0.0014697271423248,0.0069772532468684,0.1169871380480766,0.0005724955513405,0.0002078811786408,0.0003204423865735,0.0002520531647669,593.6425883910043,0.23136599323854856
56.54711889439171,13914.09037747856,0.3054637075265013,5379925136.389858,15.3756001490487,0.4894599483325775,176810283.31432194,0.0033270649346855,0.25,5,588259.2937068902,26.11745973728122,648777662.2636735,34353.998887446935,24.75286911022373,0.0011295004207023,25.134752954666684,25.136227116252673,0.99999973103493,200.78580891465728,0.0002561567524556,0.001798541636173,0.0151934592367676,0.0610759123284524,0.0001060817889091,0.0001244539584148,0.0609514583700375,63.62500454437279,0.038500814739489166
51.707629031777785,7278.513389202141,0.7931172680580858,13264663581.735365,15.621821139643648,0.7841470665387889,351785583.7995495,0.0178043555232535,0.225,4,6263315.601922478,139.76419085754023,3471849327.0344386,983800.9977368772,28.76352627473532,-0.0020890757848901,28.446060513454604,28.412408794945613,0.999930766143582,1091.6855956517556,0.0047643753621464,0.0077776927740819,-0.0111602716000185,0.0990338246739443,0.0024428224257605,-0.0026049378181846,0.101638762492129,39.41669253459437,0.003247128689458601
236.68275667512495,1299.797182564519,0.2971807502642291,145996909442.35013,28.44259331734988,0.4316300564896815,234478114.8148767,0.0172365806825944,0.1,5,4041600.9443092593,135.30715835836614,3361133233.1059103,922055.3162928316,14.645003051345984,0.0022202832385102,15.710660681579409,15.72326290781101,0.9999485975318224,1924.2432390566332,0.0094858604215977,0.0112634292377854,0.0678302238099315,0.0712998929607774,0.0009288054175088,0.001716609745417,0.0695832832153604,59.54803277270393,0.05982560722902888
548.2625006793581,1853.573481277652,0.3936279426826879,10517101481899.115,199.11159293286724,0.5762894146177122,420783445.4586206,0.0069958909340849,0.3,3,2943755.091297009,54.917743832567155,1364198732.1465726,151894.064490014,1.6040799554932756,0.0013661740668757,1.74427240071365,1.7462340075836886,0.9999593167481036,5467.379727390796,0.0102044901885422,0.0179743256995237,0.0803730226786918,0.0023663308549779,0.0019853354816192,0.0022507227482349,0.0001156081067429,876.550582944017,0.4322927531531371
296.22733748303637,3991.798781285733,0.5723315237218161,4080606924358.346,39.70914926108545,0.412805750136177,359586923.2391263,0.0052642666776591,0.125,1,1892961.4577297005,41.32449341962408,1026532002.1435282,86006.34786721913,2.308607508384172,0.0009146321716849,2.6953072708094292,2.696283945679629,0.999999502324293,820.4802386692982,0.0006863743923983,0.0152776153525321,0.1434714945539872,0.0010094453246805,0.0008111283789727,0.0007250599126465,0.000284385412034,186.292862207523,0.03288299036056107
81.64858890664772,5809.407342550322,0.2022799386929467,4281465369.9587746,16.3757249723861,0.6700829774302453,361990139.4222366,0.001727725062429,0.15,1,625419.4362319756,13.562641740067852,336906387.17366004,9264.116532536837,7.28818745012297,0.0006695569096592,6.558452238322177,6.559839177726732,0.9999998306181946,111.0490455171776,4.9784003957196146e-05,0.0035205761731658,-0.1112663758587465,0.0009683916894295,5.568329096070079e-05,0.0004232224925144,0.0005451691969151,134.55015983065277,0.004013314035106067
191.4132286719112,17576.319205193824,0.2148823441035337,441547508312.5169,28.974758029356565,0.7170284417941589,210596843.09373984,0.0138050326676996,0.125,4,2907296.2986234925,108.36950644144213,2691981370.2014284,591465.7763476231,10.53419541482818,0.0003018912651878,11.520086219882014,11.520450859781665,0.9999999472075976,1569.9901134507916,0.0001430862864712,0.0014350045096862,0.0855801585366893,0.0383323762148754,1.2030202165211334e-05,6.572857714777502e-05,0.0382666476377276,64.23913070051434,0.059015234546902565
122.2102659181756,9189.784954988489,2.4262214128322053,4890544485801.365,52.92115609144453,0.5848601075336589,268497770.1708306,0.0006021450136291,0.35,5,161674.59347890678,4.726838356988699,117418277.65768106,1125.2704948826513,9.705918596865835,0.0010798726580781,8.739353589293566,8.739332032096085,0.999999999430504,125.07487525461308,0.0001458529336112,0.0012821062999576,-0.1105991418812019,0.0006082553109355,7.431076387828805e-06,-4.93638101522868e-06,0.0006131916919507,634.3394860943399,0.11624006542599204
118.54592839585032,7385.667031759812,1.485777186570847,1304980164512.6675,76.71023592468961,1.0286787035604803,653983397.8174988,0.0190287827827085,0.325,3,12444508.020566856,149.3759448442621,3710612642.628167,1123768.2563119957,6.084079452051112,0.0013987708345681,5.647838512102203,5.645778892093821,0.9999957428129344,5729.331985238385,0.0112097809161081,0.0115922038107974,-0.0772403352210109,0.0006329126722537,0.0008650331876023,-0.0007302090737582,0.0013631217460119,255.27236638173733,0.006471988240362591
193.24853538603563,3287.75477937095,0.5175973300331839,497861522645.6736,39.05534682339421,0.8307989777642928,169531819.45475537,0.0073581563820866,0.125,4,1247441.6392877777,57.76152759938057,1434840494.5069058,168032.29931589632,8.379919264950573,0.0018176104435518,7.57787725858925,7.577358650926053,0.9999997388883431,1127.9482467214325,0.0037264113355398,0.0065510307922906,-0.1058399310245143,0.013806631112605,0.0002025463310977,-0.0001387781427151,0.0139454092553202,106.41288851453788,0.1644762016054789
91.70416638373146,5098.58286299869,0.6289692399686821,57812907398.88397,44.07418803876291,0.7452417414781924,207868493.0788274,0.0087435776415162,0.35,3,1817514.3084597003,68.63708448590216,1704997640.095659,237264.67573292268,5.6651824912661075,-0.0003454286283459,5.554677178606837,5.554883452334951,0.9999999562015274,1512.5618840320544,0.0001804803016981,0.0020951551792004,-0.0198941016923303,0.0060440899940508,0.0001100218168292,7.471501926659997e-05,0.0059693749747842,121.98507488206884,0.13498793276134907
107.58121653029367,5809.1714911567515,0.4588979877641471,66412916712.36168,15.946150293933608,0.6032083985715997,142139054.270224,0.00407001420355,0.125,4,578507.9697589806,31.949611497867753,793652769.6922562,51409.880298187105,16.54089915331252,0.0012888972676031,17.33648159348912,17.33763804198096,0.9999997695780176,254.7366533888942,0.0004231828362592,0.0026962377489565,0.0458906517961168,0.0553288574408622,7.913850437658854e-05,0.0001407795871831,0.0551880778536791,53.49180218308256,0.0693956156225764
342.6739574359989,922.1632701259696,0.2095846671784894,226366148341.2585,121.73041448972288,0.8661707915728578,218949700.21703705,0.0031360004520265,0.225,3,686626.3588517047,24.617603548408383,611520088.1451764,30521.577497567418,1.9913940188171968,0.0025380780491922,2.0581989888241132,2.0612201292812364,0.9999306655803496,1498.3555418457124,0.0096521669390682,0.0135044765520819,0.0324579743599443,0.0032051092263099,0.0026972668779782,0.0029386501255098,0.0002664591008,577.3721724822956,0.6844656200730127
92.33388693998518,1059.636357875704,0.3849331700929067,4625218380.279294,23.173530004665228,0.4451624784719847,157744124.93781555,0.0070012839121704,0.225,3,1104411.4041665352,54.96007871053812,1365250362.87324,152128.33832462516,9.66954725833378,-0.001854055428146,9.279677321810269,9.278341654756348,0.9999993583204112,636.8095165287089,0.0021890464239824,0.0089609314724447,-0.0420133074678349,0.022489967184502,0.0009450013587551,-0.0002944070208487,0.0227843742053507,62.438516367891594,0.12878581584867307
115.23585962225336,26743.00180065516,0.5710902707658128,623347907477.2948,55.49536130822094,0.5918801117262664,651473770.7890096,0.003086116367538,0.4,4,2010523.8670536852,24.22601348517358,601792691.669917,29558.292248760183,9.14025462302487,-0.0007668963833187,10.38605416490488,10.386261714137031,0.9999999773582764,672.2156857087704,0.0003953502534156,0.0026262335392783,0.1199492629346805,0.0007938327300689,2.8746638640678168e-05,3.999743543200811e-05,0.0007538352946369,457.69021781142885,0.008865038606252307
317.8241251542101,10323.33604690746,2.0950685851640083,187380434313832.25,100.02550085425273,1.0058813060654173,340692226.9500529,0.0162453206779083,0.175,2,5534654.479274323,127.52576732158018,3167837532.192119,819051.707852228,2.117553850585672,0.0004057157370099,2.0833503539519884,2.08240903734928,0.9999970638611562,6377.914374081975,0.0010498382490682,0.0055213375189776,-0.0164175442545233,-0.0003200522627755,0.0009035679311217,-0.000903979957908,0.0005839276951325,260.01615472998,0.08379306361196132
131.63168457047686,3698.091450181386,0.4002861975172934,72097611951.32198,30.714032290181436,0.9816389852841694,295677249.5496443,0.0044199739599716,0.125,2,1306885.7435654744,34.69679558577765,861894922.1944766,60630.92087986565,6.56813593541746,0.0021221940327129,6.324970111897285,6.322177539282939,0.9999972027883434,532.8392499936997,0.0023997521331421,0.0086644887975897,-0.0384453711587948,0.0010569731068809,0.0009642714386844,-0.0008845501972796,0.0019415233041606,142.596401003214,0.013021271561650097
451.0761377355109,13386.152728724215,0.2676925821214334,16094893534702.385,109.64845611421616,0.8715407884903896,222663840.94856623,0.0036116726903268,0.15,5,804188.9134772078,28.351630619065407,704276174.6137266,40482.89047585026,4.286452411994112,0.0005490943854713,3.841950184687507,3.8419401457891658,0.9999999993599608,1554.35626285053,0.0004686456319225,0.0017741114784329,-0.1156970303983158,0.0010278824240752,1.3601414524624931e-05,-5.231330992440126e-06,0.0010331137550676,488.70390029363216,0.5213578421896057
47.4218008657675,4161.135878103659,0.6779480054732844,3919918956.7640176,15.777060466958751,0.7309079415680566,485559895.9193829,0.0044679869192913,0.25,4,2169475.2635002914,35.07369731643741,871257449.261821,61955.30923127258,33.27015045379343,-0.0023028675200596,31.811882667640955,31.81114169472618,0.9999999696963684,276.67992168062096,0.0014672886327759,0.0045392346645945,-0.0458403484442567,0.0180697842418984,0.0002241953701687,-4.742809474365603e-05,0.0181172123366421,93.36071666868833,0.0013929909422377294
75.76988191782827,9561.166929183008,0.4988250428544383,31780014087.150177,14.973675198560525,1.031795416684638,127380620.3856453,0.0008560815212535,0.1,1,109048.19527796868,6.720239941840644,166935896.6444491,2274.4950111197886,4.5309137283437995,0.0013378961860073,4.255569893479718,4.255414516509165,0.9999999949562736,50.31334507275753,9.005918731723776e-05,0.0031009693075042,-0.0647019886304667,0.0008450525282659,7.426738501420393e-05,-7.308858428249686e-05,0.0009181411125484,103.68003982736644,0.033026876950119896
75.60967642280575,34101.84542393696,0.2317010736395925,24249553011.45729,33.35978745474817,0.6396633946263255,421363430.16062,0.0094771756372137,0.35,4,3993335.2347310632,74.39582875212828,1848049249.2566895,278748.54019367765,14.83500583377158,0.0005213698297234,13.958557888685409,13.958786732259057,0.9999999851117992,1240.9145173454212,0.0003373134492374,0.0023451573288991,-0.0627892904177878,0.0099380120909136,4.378012684329302e-05,3.3114042614971334e-05,0.0099048980482986,126.26554545450044,0.011065219961251701
234.2501399631438,9204.902457803246,0.661119562363296,4909744461715.204,48.86424065699908,0.909065829072096,215995030.98438707,0.0132604839158921,0.125,4,2864198.63428109,104.09479873975332,2585794363.598968,545724.5472153736,6.005457963172699,0.0008915274671546,6.831956402531333,6.83222594165768,0.9999999137305974,2543.256648380596,0.0020214343639696,0.0043970341175431,0.120975367912536,0.0126809814606155,7.988207937588421e-05,7.990126939791918e-05,0.0126010801912176,111.94532882062887,0.10339031298865291
309.93803225781727,1884.5608559814168,0.9441428247125296,6282685088544.242,48.63323554321243,0.4025452988476715,236479377.66521612,0.0029125566587186,0.15,5,688759.5860684593,22.86356977094113,567948548.4501299,26327.12940533234,8.506231746910927,0.0018295586522333,8.93990334101002,8.94115127573963,0.9999982850557612,555.9646870144256,0.0018609721806288,0.0050535833252322,0.0485096513414983,0.0042678946717818,0.0002625228739167,0.0002803158754089,0.0039875787963728,248.75123065761397,0.1749560671841105
136.97254739599376,4660.066743303835,0.2149110267957707,30704633098.76493,19.69584159961449,0.3560969734422881,494173555.48640615,0.0104519924422889,0.125,4,5165098.267122982,82.04814067196835,2038138526.2463477,339041.5439175892,26.030520640894785,0.0016406764556233,25.8158540405764,25.78462999677332,0.999920434135005,808.0035911089877,0.002174999606102,0.0069568389544562,-0.0083153011316603,0.0242384074553328,0.0025263703791552,-0.0024821165638573,0.0267205240191902,76.87539824022915,0.003263246360117109
133.4281406664051,1979.162808366994,0.8165158447909298,169496501026.12576,62.57600918782311,0.5975495144180194,325101210.6294693,0.0011057084870386,0.4,5,359467.16773954884,8.67981162325352,215613154.9725397,3794.33812174698,7.353590935253466,-0.0016227583858493,8.133004124331539,8.13323878015543,0.9999999265566546,271.57398594264305,0.000715147937952,0.0028149119752396,0.0958333694613899,0.0007228650591485,4.133226827184033e-05,5.774380101360654e-05,0.0006651212581349,609.0731611336646,0.09000789466274478
88.6453365307553,861.1424410174284,0.996645152226172,21406217282.99311,17.136987551161557,0.4291022878873826,634611153.5548316,0.0100671837276667,0.175,2,6388747.078463035,79.0273922621841,1963100826.895019,314536.2699665138,16.24754064243441,0.0046446813893316,16.646270568845676,16.822033406119083,0.998381768124166,677.145718698905,0.0146081087450829,0.0349843036972925,0.0239531085814206,0.0279876582663029,0.0184456286155492,0.0213693679923681,0.0066182902739347,77.23372168070615,0.0010980273642291628
173.66545415709277,6798.461927196328,1.114368618149296,3112306846161.1323,45.024881455201395,0.7325830308543868,794968014.4972365,0.0057976229946345,0.2,3,4608924.840848148,45.51134050788119,1130536483.9537363,104316.90289563718,10.051173657474914,0.0012450797225687,10.607033104978983,10.609341920492698,0.9999984807868828,1024.5713556173278,0.0015883146088388,0.0062875077485552,0.0524047999098962,0.0014275429303335,0.0003758386546797,0.0004358158842104,0.0009917270461231,299.27817628517084,0.0025773517608699043
57.488928525837686,29224.4392565913,0.8394299234894136,91161651340.1634,31.733199701305868,0.8547987919670399,494039189.9347269,0.0008626152670136,0.35,5,426165.7477407683,6.771529846057415,168209977.0676683,2309.3460910151853,20.987177481214164,-0.0007719003703033,19.776987820679576,19.77697740613015,0.999999999967431,107.44115444414648,6.401668257176992e-05,0.0006686604513724,-0.0611918089603699,0.0013267143480607,3.6532132393074512e-06,-1.0545968767211242e-06,0.0013277689449374,431.08074391994165,0.004157728278368097
78.1462685009566,32736.68144101009,2.492310158815364,3073491769685.512,31.898869820654205,0.4109235498767934,296535991.01358616,0.0014743089748446,0.375,3,437185.6729157969,11.573325452530884,287490250.0947162,6745.773603249746,9.969959135163466,0.0006253552883272,9.14559855374673,9.14555277166082,0.9999999991954492,184.58800100117327,7.218668864421654e-05,0.0016528728071644,-0.0901374116272592,0.0013369434064405,1.5153302301312843e-05,-1.002528985570854e-05,0.0013469686962962,256.7984369658105,0.03789959044887007
88.90208835526131,2258.189291333591,2.87911284592838,473899025425.59033,16.755939979417253,0.7852044671745485,360922411.9648202,0.0087660775397374,0.125,4,3163873.8491126862,68.81370868693917,1709385120.2488074,238487.3559634172,26.123546874411883,0.002921293610921,26.13062124712122,26.23038577363954,0.9992189354402984,576.5191862597281,0.0049199895769397,0.0078953489651374,0.0002707311335016,0.0503710955681254,0.0076292581467406,0.0079747585453355,0.0423963370227898,61.03032688591224,0.0034518282791284444
48.78956475907834,26913.555298093743,1.3517417269189302,112934474167.65623,20.842471196382927,0.8585912054162128,165597894.27022976,0.0011239159221019,0.275,4,186118.1100368644,8.822739988500208,219163604.80987775,3920.327874296738,12.16831554565852,0.0006464048619717,13.990386476823648,13.990413837191982,0.999999999799652,91.94385204174571,3.8417749772910304e-05,0.000644665831662,0.1302373550711809,0.0076608781034117,1.5955156975333562e-06,3.9412623732216e-06,0.0076569368410385,143.60922272765652,0.047211109584000384
95.94352462390236,2209.9257452221486,0.3542500149680697,9524021284.292711,12.385027152962804,0.4290166137635676,252785150.5490913,0.0021118950028869,0.125,4,533855.6962486482,16.578375772662465,411819525.56295294,13842.01731459154,28.702674988033376,-0.001178874935662,29.36258824092647,29.363969247061316,0.9999998804233474,102.66181704822267,0.0001426738612919,0.0017287630506177,0.0224746281723655,0.0267898199786894,6.639073032091089e-05,9.6578884405292e-05,0.0266932410942841,76.91467503793557,0.009074864584559854
72.17042458438793,24190.190231449466,2.2198650212699933,1310658978109.4568,27.48814931004326,0.9700285035557245,483383918.612976,0.0061079984901598,0.225,2,2952508.2450555945,47.94778814775458,1191059705.5811646,115785.07600383932,8.926458107392778,0.0010598090998769,9.036707743144632,9.041029276186546,0.9999967134086094,658.9979798459002,0.0007401834522443,0.00489531197694,0.0122001993298379,0.0030075730857231,0.0009454822059117,0.0009586285592419,0.0020489445264811,138.8080867391649,0.002470304414451353
115.76272437121725,3628.308872167676,0.2929357025685007,22661260577.396225,21.89353503015778,0.4588558629232462,161727894.82342035,0.0062941235059864,0.175,5,1017935.3443817884,49.408869521993346,1227354083.6673508,122949.07456178089,14.374334108640683,-0.0014247085955824,16.891947144110095,16.891690501224122,0.9999999787673798,540.8674078401282,0.0010978497341909,0.0037823425173135,0.1490422041929758,0.0621423307835193,4.798577812514804e-05,-3.2275436714253314e-05,0.0621746062202336,62.996055268463934,0.10525581256913137
95.91857094962222,1980.219369537954,0.236786338222051,3808882998.1559906,17.775658898899945,0.3848382776078057,189409279.7463911,0.0173749300111575,0.175,1,3290972.979057311,136.39320058758696,3388111352.1757274,936916.464118844,4.879520680684399,0.0039376346998706,4.388666156936726,4.331398119356887,0.999377711549698,1212.2395048870926,0.018795733555284,0.0808953405864769,-0.1118459473094869,-0.0172659167971784,0.0261887297037862,-0.026158437477148,0.0088925206799696,33.31481690563319,0.046162358514836646
56.75016665769479,1784.7611496512388,0.6151869712905281,2839377739.057051,12.584497979536447,0.5224904784013694,323288027.793736,0.0076173289757118,0.2,5,2462591.2616139483,59.79603245933767,1485379150.2638018,180077.79634151165,39.55109031565991,-0.0043843978384241,42.54934984010555,42.568666204730725,0.9999844662413908,376.2515248344154,0.0072326621444062,0.0093835544543269,0.0704654603586818,0.1149410194615511,0.0006220364164774,0.0010116230015567,0.1139293964599944,46.53738528331639,0.004067561954061773
285.71400525999076,6137.324763391144,0.5343271620020766,4732383939159.378,32.80636591582495,0.3982721121279087,243858414.5801341,0.0137007834444726,0.1,5,3341051.3292748467,107.55115003911024,2671652771.6721654,582566.5530137968,13.371677928953966,0.0010711706335096,13.697059078919624,13.701333184557893,0.9999919195595872,1764.1811914254206,0.0020242330122527,0.0052801379163398,0.0237555484057474,0.0406239037196481,0.0005797333159294,0.0006491401533999,0.0399747635662482,78.56460388030699,0.0728656985601066
539.8284004050998,3502.440765896038,2.1205447627328984,542061859140107.9,62.501938334171335,0.4128406354621729,581480310.8076122,0.0019203124472101,0.1,4,1116623.8786514956,15.074452710599829,374460927.205983,11444.545152692524,8.482708855338142,0.0006044981888379,8.710821925889755,8.71112153002868,0.9999999328199952,471.09125686964614,0.0001721452533135,0.0019127399744246,0.0261873187734018,0.0004831276452882,6.976100995424034e-05,6.881863150683636e-05,0.0004143090137813,617.3730579517105,0.019265072201567948
119.24005882635164,3905.949809257877,0.2353483449786417,17725476874.72669,57.55745539714575,1.0022275173157205,156445526.59610066,0.0029936378151179,0.25,5,468341.244424131,23.50005684867606,583759373.9480041,27813.34707387118,5.917576426774697,-0.0014902801952448,6.145306055293277,6.145625278141189,0.9999997635045924,676.3017369490309,0.0015020222389583,0.002656897424565,0.0370574917619318,0.0045274607036238,9.512321481382896e-05,0.00010435383677,0.0044231068668538,236.18709294460808,0.28984736088283275
67.31368953635888,3371.123673631766,0.2014468298406796,1138333160.6398814,35.86071810346946,0.644857219349536,143722045.24300012,0.0032306299230724,0.425,2,464312.73996721354,25.360444896119,629972834.9991344,32391.35871331762,3.3936047604926443,-0.0028683755595925,3.77722131236528,3.779947337815432,0.9999925125699128,454.7218826991471,0.0037412599177613,0.0155598969696369,0.1015605176791764,0.0035886254944441,0.0011850376746588,0.0014470157301235,0.0021416097643205,135.7718386101356,0.3197168895609772
56.84308528582207,34659.07333567346,1.084624392769593,172522799348.03992,35.16139967761936,0.9355054446324236,355789681.41706926,0.0017907789418078,0.375,3,637140.6691942082,14.057614693191551,349201893.652529,9952.649285670615,9.762883365739864,-0.0003861876441136,9.087209076039835,9.087210739375104,0.9999999999989864,247.1427043706413,3.685908448488922e-05,0.0007645171343525,-0.0743544342433558,0.001122677749205,3.930303601795693e-06,3.664936476987981e-07,0.0011223112555573,281.32897778721764,0.01117065398539208
241.3619957151928,10026.46454714538,2.8444776357520785,111580593789672.94,60.64754121833007,0.6694028352904315,522021854.10908777,0.0027997919078657,0.2,5,1461552.5628636782,21.978366476745823,545959422.0338135,24327.99125129513,11.380799386361245,0.0008646472248224,10.636008113201427,10.635831052425518,0.9999999752280802,666.466943405003,0.000498260566191,0.0022287480820075,-0.0700254517703289,0.0010832879094545,3.545896919625313e-05,-3.333149205707146e-05,0.0011166194015115,470.0751488721585,0.018374611194867628
52.42755284350439,10275.257984126634,1.676168138490617,88394753571.55821,17.91213385912667,0.475717396914091,258716725.60707676,0.0013946001796101,0.3,3,360806.39199979126,10.947611409940048,271947035.0239884,6036.068735002135,15.086495025170786,0.0005965300329471,15.237887636847294,15.238502693232483,0.9999999481283256,98.04754050627427,3.4890029058269374e-05,0.0011142788901267,0.009935275497794,0.0047126655728865,6.229003897783268e-05,8.110278046803698e-05,0.0046315627924184,138.4864712507027,0.016920139123862095
249.01456554098172,1000.9041964377188,1.195535752426842,2229343016415.3667,57.12739602484069,0.5067082823718543,666860760.8406943,0.0007710028840957,0.2,2,514151.5698984455,6.052372640151449,150345562.39866656,1844.87416100734,4.7940517082300165,0.0026956141192213,5.102085710453327,5.104205636679908,0.9999975107051778,172.87814435192124,0.0012561905939769,0.0098641934360739,0.0603741331887467,0.0008746181579345,0.0008005206348493,0.0008312124881956,4.340566973891849e-05,953.6887015306758,0.00972219227677911
93.64482346455108,957.6495507877828,0.35146062912083,3686848742.442915,21.51555401757396,0.3669331793864263,130135271.15767036,0.0029278230593375,0.225,2,381013.0477285657,22.983411015799383,570925496.5708127,26603.8442653234,5.642055880119979,0.0016628014160919,6.002046543319777,6.006557720257885,0.9999919298114446,247.25041060926804,0.0006836247741257,0.0077685809351299,0.0599779859422223,0.0074674231981707,0.000501015764412,0.0015127323586265,0.0059546908395441,81.423592342067,0.2114915200848349
59.302951939400195,6959.2003680051375,0.268065028410145,2506716121.589342,12.746695006006416,0.7837571626864235,201879478.0317263,0.0055241267113019,0.15,5,1115207.8170587583,43.36439468372046,1077204708.703884,94706.98402117493,26.91223456459781,0.0022574983828479,33.41903067633392,33.42301440676201,0.9999989726496262,276.3763565767354,0.0014084965354291,0.0033844220950402,0.1947033166447874,0.1292338481493942,2.941256475696985e-05,0.0002691735157034,0.1289646746336907,43.74057558369946,0.011447913123069229
564.506512424952,34458.14494253603,2.2996342410761264,7499727757485562.0,147.1024007380383,0.5765817203055273,495779647.1476583,0.0188184261921133,0.225,3,9329792.69740022,147.72464560809,3669593107.4621086,1099059.850565854,2.3014038858240844,0.0002081893113104,2.5632206659259213,2.5633148344230814,0.9999999567060712,10865.325008562975,0.0004709334929993,0.0038605947329368,0.1021436755649985,0.0005570754884957,7.293096065197346e-05,7.351358027385971e-05,0.0004835619082218,428.59301224814254,0.1442115094309336
62.549518904398184,4254.864908318436,0.255369571142865,1721393706.5011168,27.372406706720035,0.771373327400587,410085690.17628986,0.0050272261725426,0.325,2,2061593.5146394689,39.463725454459954,980309103.6458204,78435.30537606112,9.198525362188157,-0.0004773497351388,8.35842340686138,8.361871726683173,0.9999975541122168,540.1085716509089,0.0001230706350411,0.0025317371991181,-0.1005096193903196,0.0028316044876424,3.18809129497416e-05,0.0008269371211956,0.0020046673664467,140.3326440737383,0.006453557921043038
86.19984956650467,2438.07429394847,0.7494447375867221,30641670766.18359,24.97806755334893,0.4430647284388549,302972276.28403074,0.0020435673016855,0.25,2,619144.237131289,16.042003318231654,398495623.8286844,12960.824596253042,6.771809530113185,0.0022349792440611,7.870371315674146,7.872495908995632,0.9999989518598894,200.34912128691897,0.0010007703512662,0.0090974071616295,0.1395819512826711,0.0018652789468926,0.0002961525825959,0.0005406847034907,0.0013245942434019,172.638811173651,0.021160361012658772
315.4894034553834,2047.3298871462307,1.357981532117439,15159151994727.217,135.50473259639446,0.3849894079396786,236790725.5099834,0.0113543933526396,0.4,2,2688615.039697281,89.13198781822143,2214106703.764736,400112.95561400696,1.4167171340693003,0.0016682479212167,1.2819247159957077,1.277792986937783,0.9998513086295432,6038.903087546591,0.0168065760414909,0.0382451971851256,-0.1051484665141942,-0.006117838053783,0.0067394019882299,-0.0064378047669209,0.0003199667131379,351.25900626164895,1.3725050827653376
54.39436746674119,1944.575057709642,2.9396774148342253,59621106509.703445,30.282701523868152,0.6305886164678167,419492463.70332026,0.0009125408748003,0.45,3,382804.01979997894,7.163445867182691,177945470.58606684,2584.3979996868643,11.762709193887504,0.0013512829476426,11.454228705418377,11.45390003857656,0.9999999735877386,108.46424653914016,0.0001980519835082,0.0024120600266014,-0.0269315810258969,0.0005965124632049,0.0001077993317662,-5.742456506432686e-05,0.0006539370282692,368.5557258294371,0.009365052481591944
92.1617485121593,16767.061220676707,0.2272562302821827,25319295382.326218,19.70221445431913,1.0151130428478934,156714093.99558252,0.0005514561979402,0.125,2,86420.95843845946,4.328931153831191,107533958.59835444,943.7930772208088,8.185478349995472,0.0008106069550772,7.175384930386085,7.175402762929297,0.9999999999112246,42.64476497538264,2.80211772101711e-05,0.0008888642854318,-0.1407720184225764,0.0011156519379481,2.806210537970033e-06,4.976003864660397e-06,0.0011106759340834,188.53248308366813,0.03243426479636679
63.25804590697737,5047.50061767,1.0274147732746568,34577319855.41706,32.40888905722554,0.4981139511530617,769361045.976589,0.0010788183627898,0.45,3,830000.8240147866,8.468724147900694,210369580.74402997,3612.030452448103,16.441220990536195,-0.0014731410232907,14.492299009784055,14.492462658703646,0.9999999959109752,137.23097068278022,0.0002978110327578,0.0032170937648692,-0.1344798350790567,0.0003906257701232,3.8474957838458e-05,2.2592698646997124e-05,0.0003680330714762,491.27843888261,0.0020569392341884324
56.463301113861526,2424.6778950476805,0.2000484589423474,399714388.0906568,12.817886397557311,0.882610671481785,319423368.79525733,0.0082077077712997,0.15,1,2621733.6663955925,64.43050600470335,1600503015.403459,209073.27088547143,6.999909863210421,-0.0011732976259163,7.887508698785602,7.863230235759847,0.999964558505364,412.93145325271087,0.0005684527194141,0.0096403897825922,0.1125322163780104,-0.0013856952751844,0.0004121807300695,-0.0061761512325434,0.004790455957359,45.39013211740575,0.0023500788803396963
42.254588520233135,1118.933029421416,0.4208078047761552,255992604.81118092,23.793951169887094,0.7735298196086577,201748555.2656499,0.0179099738700207,0.4,5,3613311.353122227,140.5932948796629,3492444904.654046,995507.754854337,17.748602589096524,0.0062339083068035,17.82653857289373,17.990984197700087,0.993521613556191,1672.6349965901184,0.0650012935558058,0.0232246822771012,0.004371907842822,0.1408332810348311,0.0192606850123521,0.0207601366043792,0.1200731444304518,45.33117069938624,0.0407823402192279
175.04540891596713,25016.932587331223,0.3200618835553386,975135833924.5928,138.6324285510089,1.0257244087734063,547581426.8293161,0.0042504510063368,0.4,3,2327468.02671803,33.36604039974421,828837946.235684,56069.25325984073,2.8836095625202045,-0.0003992226969493,2.857854604392902,2.857522194445442,0.9999995657722398,2312.8076058738075,0.000368612412412,0.0021123968413479,-0.0090119903537827,-0.0001213007617289,0.0002442610771157,-0.000232641383139,0.00011134062141,893.1909354657448,0.03636273952812087
73.41737292084834,7039.238138326912,0.2040880037413118,3452361141.776692,17.061719014706743,0.6473959079620516,254447236.52034304,0.0188912395960382,0.175,1,4806823.709655614,148.29623082890024,3683791721.227458,1107581.403784006,4.539441979583866,0.0019190287653053,5.29664735256033,5.257889763654386,0.9998020428450228,1265.0943106713935,0.0046589266388303,0.0346608550109927,0.1429593708198152,-0.0068829606087703,0.0041418072016081,-0.0146951297083112,0.0078121690995408,35.54381624700491,0.012992691791866984
114.14563484154708,5869.84251189113,1.4262415725020765,821504807088.7145,44.23613506555244,0.7046564880889401,467146289.8158818,0.0039442965321386,0.3,2,1842563.490922209,30.962727777288233,769137823.7670325,48282.956855568824,5.748979791659024,0.0016599108259291,5.516062965689903,5.5127656326279855,0.999994861700939,684.8357039770273,0.0018869305202941,0.0105338831827179,-0.0422251934790939,-0.0006671527008649,0.0012941086666673,-0.0011958131038833,0.0005286604030183,273.26969810345975,0.012874491141796809
214.7900505026583,1407.2255999923052,0.2323851204025678,65553705706.43729,67.91811058189454,1.0375032823917734,313028568.556769,0.0008150708995255,0.15,4,255140.47695076792,6.39830656127574,158938825.40748656,2061.7951733237846,5.822571024872943,0.0018689056701026,5.881141416155927,5.881955156715927,0.9999989114527644,217.28044628279355,0.0007589189687453,0.002228944916744,0.0099590176699521,0.0005534643086751,0.0002463842521819,0.0002768244894565,0.0002766398192185,755.5313992446315,0.0449152300510494
248.439814032235,878.621784959094,1.657042761921415,3724898362752.457,137.23452317422527,0.9304511470332352,147218848.91092667,0.0019299507022531,0.325,4,284125.12084053975,15.150113012687038,376340386.93935955,11559.716267318909,1.7437793237863064,0.0025586887769859,1.9961242148425231,1.99637589971236,0.9999990962110938,1039.5592676658655,0.0068058783624299,0.0078447657324275,0.1264174289254461,0.0005934138102375,0.0002431674947385,0.000252275484461,0.0003411383257765,680.3691406101925,2.4343751480512092
83.76252817333233,6349.173526429964,0.3058430150931476,11848781303.148256,17.017150690235784,0.8407636861319969,240624267.15939876,0.0020943628970229,0.125,3,503954.5372619802,16.440748741630077,408400764.9194732,13613.149498961377,14.99360088703498,0.0007599555832555,15.496411103544544,15.496937128617388,0.9999999635562002,139.8873493983117,8.078948901064884e-05,0.0012720174858522,0.0324468816134177,0.0083542798152751,2.492392491751372e-05,6.845360820138292e-05,0.0082858262070737,103.53882151025834,0.01068276173651737
126.20097329255005,1160.6838292203977,0.214294646427936,5479584645.002726,52.16073448359769,0.4157369871551504,333153523.3486176,0.011704230748594,0.375,5,3899305.711979343,91.87821137646348,2282324995.975844,425148.3457866733,10.607609656840063,0.003637823976539,9.92248107313295,9.91493181320513,0.9999495200027672,2396.217494217788,0.0317109750961349,0.0207419726765575,-0.0690481119245702,0.0083518251394091,0.0030481514381244,-0.0015361090098059,0.009887934149215,157.96726330093375,0.07115953841282113
463.9646321262736,9182.39978201287,1.1388595142764504,223664085964200.62,105.4067044749759,0.4806012058198449,519835917.4202498,0.0037107694123135,0.2,1,1928991.2217850073,29.12953988666124,723600035.4011391,42734.89873117938,1.1415003245142723,0.0004023284015065,1.220687101305122,1.2210583559259611,0.9999996492859248,1535.2244011626622,0.0002485039223807,0.0088988082633744,0.0648706590789607,0.0006280556006666,0.0006075143672117,0.0006083760262439,1.967957442263704e-05,708.1773322154125,0.0718642176008608
51.26593212470799,2404.870495444084,0.2002488909920409,269965092.5810455,15.024529348359504,0.5897528269012404,438726710.3850175,0.0008641411972458,0.25,3,379121.824775824,6.7835083983795945,168507533.46293262,2317.523590227525,20.066126978982613,-0.0040803929235149,23.63057499201789,23.629765246511827,0.99999996243834,50.959510508148696,0.0008484557928207,0.0051370684576398,0.1508405112545633,0.0023366947111679,8.744940175947624e-05,-6.869738503517339e-05,0.0024053920962031,192.16672449939227,0.0021336259843460726
87.7136897376888,6024.267765916467,0.2378543588098216,8176289556.188165,13.575401507086504,0.5304814197470858,245737036.50731373,0.0022642022045973,0.125,4,556398.3398110747,17.773987306089055,441519429.89647967,15910.548832641538,28.80314581137524,0.0018016921047339,26.383617560195297,26.38359919716786,0.9999999999583656,120.64450703100889,0.0003916234635213,0.0027167245610817,-0.0917057050898986,0.0245012600290819,4.023181401142939e-05,-1.426109542561338e-06,0.0245026861386245,80.27919620904943,0.010678009751303326
80.98956920603747,32446.417643329376,1.2560409176264289,892587767169.9043,35.39997478582759,0.4996060005633667,251887052.34140265,0.0007062102105845,0.375,5,177885.20827755242,5.543750153088995,137710991.06399414,1547.8281038120526,11.304503925187564,-0.0003338966453018,12.661257910109285,12.66126714410825,0.9999999999634158,98.12430781913912,1.0939581736963764e-05,0.0003696510101889,0.1071579138940396,0.0017146953403518,6.375705623312689e-07,1.4611221740169072e-06,0.0017132342181778,379.49976130684854,0.06981706582223153
166.19981976237517,1901.7493050248036,2.6129458081875856,4015101341467.904,28.33523897698315,0.4042654617887189,219793370.7140965,0.0055188449605991,0.15,1,1213005.53633859,43.32293294070325,1076174767.3168323,94525.967339271,2.649527521888978,0.0011325058363919,2.9540885096551412,2.955959593019027,0.9999984804839618,613.782829029321,0.0007872191173928,0.0164220910970146,0.1030981254524825,0.0022263217054999,0.0012997123978028,0.001268390473199,0.0009579312323009,101.50389462321512,0.07386212254923652
64.82487968871304,1176.133954323898,0.4695370627128861,1855767946.737738,15.033158094187238,0.3798692566867399,154050663.48619393,0.0025409099127546,0.225,5,391428.8579184997,19.946142815123935,495477432.98715514,20037.02675432334,23.07165003693431,-0.0050679749642165,23.93843201296278,23.949196265564073,0.9999835822757336,149.92675915449752,0.0038507743906964,0.0073377977697642,0.0362088032983573,0.0568379544632038,0.0007360300672039,0.0009498034104242,0.0558881510527795,66.44464814624334,0.06161486881028675
528.2337124757244,1367.9764300250538,0.2648576626267929,3028087388310.66,103.39057555106804,0.9471349361973348,488476685.3773656,0.0008038532755513,0.125,5,392663.5835710414,6.310248213077774,156751388.7325052,2005.4337269960656,6.626082456451339,0.0015435637898467,6.032144613183332,6.032129486938987,0.9999999994153131,326.21009731010486,0.0007772246460806,0.0020730251272354,-0.0984621359988531,0.0001128710994322,2.1820352599358217e-05,-5.0157977083086885e-06,0.0001178868971405,1446.7287384443475,0.036147900448589905
53.79909089098011,11258.220355325522,3.391980592772091,439780993417.76965,19.143706432620135,0.8028052387418795,178110769.0190762,0.0022442419941455,0.25,4,399723.6674421678,17.617299654042515,437627188.858381,15631.264509954552,13.604410121113826,0.0018207954736625,15.868749119469635,15.868971172519826,0.9999999893628944,168.63020635624508,0.0005590590750717,0.0026142134199551,0.1426917132099375,0.0168785363533913,2.394511314954273e-05,2.8457976060075607e-05,0.0168500783773312,96.80747693171868,0.03617254888043036
121.55148605453032,3846.3962246103047,2.0246329425327065,1394915675042.6606,23.925986703221636,0.8745599944619395,533385150.90723085,0.0015063157912778,0.125,3,803446.4756446659,11.824578961530902,293731579.29917526,7041.8505051847815,18.24007299185483,0.0019113755033132,16.35317745021283,16.352886046966248,0.999999989822392,141.4573595023913,0.000516794137594,0.0030938715130491,-0.1153840314756349,0.0013242927120235,4.147160106632297e-05,-3.5686881047835e-05,0.0013599795930714,255.56709214501743,0.0017930863031697783
118.81866278735646,1652.2749791892172,1.0609600238707513,150237813551.22757,32.883228108651934,0.3877378820932035,765803515.3189423,0.0104528542600192,0.25,2,8004832.537439314,82.05490594115102,2038306580.703751,339097.4574789106,9.610736766795409,0.0023469370282904,9.505719367894825,9.43342304724097,0.9991807828869554,1349.115094748424,0.0074310789514401,0.0254025685051999,-0.0110478118316088,-0.0136300938912807,0.0166531743047728,-0.0151767121361379,0.0015466182448571,159.76745007886987,0.0023845955190897683
98.24400670693136,1875.1080123728725,1.6794968198933862,199695910658.61737,27.558828252295104,0.7755770510318701,277197241.7550045,0.0005335122610577,0.2,5,147888.12720767397,4.188071249303047,104034890.90625404,883.3718434639461,15.130763205925067,0.003142247025991,17.06317577235219,17.063412374416462,0.999999983213134,57.70916813395884,0.0005698039582389,0.0021701087030632,0.1132504635835873,0.0019683528560177,2.078993503738802e-05,2.778648629305435e-05,0.0019405663697246,356.57888831202246,0.021008048725711576
223.1579704919208,6347.347236102422,0.5159129766122157,1698067769929.9146,44.21200340233731,0.4309456484195829,726421389.0963365,0.0112934161454634,0.175,5,8203779.044030548,88.65331674188802,2202216148.365371,395826.9920406622,18.57370435050936,-0.0001862118538652,17.253524099582222,17.25419522056215,0.9999998681774774,1959.77037071042,6.795475249686715e-05,0.0009536279450406,-0.0765165564615929,0.0061687406713489,5.94231489568775e-06,7.827056667320843e-05,0.0060904701046757,201.2771475702635,0.004864594874475801
124.88605696359136,5662.956500390792,0.2750142158518429,42224991825.6989,19.840092645155114,0.8528408249291493,461047165.5588024,0.0114848882386008,0.1,5,5295075.169166528,90.15637267301632,2239553206.527157,409362.720083616,33.29597470839987,0.0005249296938742,31.268727950687932,31.269397202524296,0.999999965115118,894.3553931918873,0.0002464406870733,0.0013148939101063,-0.0648330421662495,0.0485054518563059,1.3332462757489894e-05,4.488136980925622e-05,0.0484605704864967,71.35519803922848,0.0020087001884461007
178.997919944063,10047.376604645922,1.5948449983065487,10632657525163.502,46.59641738965669,0.7954759286071635,136579188.08157066,0.0159430930174813,0.175,4,2177494.6998365647,125.1532801872288,3108903138.4088683,788859.9411727595,6.4387299727831415,0.0009391039019336,5.7356461430258,5.735301045505369,0.9999998014127904,2915.8472406443825,0.002571532739295,0.0056491100858635,-0.1225814515444347,0.0262250942849697,0.0001300992871915,-0.0001235012381404,0.0263485955231101,77.41607141735084,0.4824764934685052
417.7380778125524,5689.572878472673,1.315907994376109,121592620294430.58,83.44310596006699,0.964584996077598,418306704.5442674,0.0008614853063808,0.125,4,360365.0795254994,6.76265965509,167989634.7442739,2303.2999168609185,5.265010308532682,0.0006485422494,5.533292061828502,5.533319629243972,0.999999998597624,282.14866308577245,0.0001186737166322,0.0009878427590011,0.0484850158455515,0.0001549251413339,1.0062202224554728e-05,9.965669623869665e-06,0.0001449594717101,1043.7261514554368,0.035685221837820684
311.39219745703383,1097.8853635213031,1.4125615491222294,8347624536002.862,143.7771585016823,1.0152766556457735,359051506.1536938,0.0015785997437164,0.25,2,566798.6155952311,12.392007988174234,307826950.0247103,7733.904391818045,1.4521917364785624,0.0016956092326248,1.487508000394027,1.4886088162694202,0.9999920983985784,890.8438483349199,0.0025612568365631,0.0084958019887331,0.0237418984678467,0.0015067253870831,0.0014742946288382,0.0014806668541224,2.6058532960668708e-05,1230.8493120408034,0.14353765289104786
42.91367269637773,4935.228631969443,0.9213145804216728,5757926929.802955,19.996300042637447,0.8658702036811607,173907638.40308574,0.0055847119113674,0.3,4,971224.0596674888,43.839988504234135,1089018822.7166443,96795.75077913776,14.831996214114245,-0.001857908045322,15.177068444363131,15.180000547088396,0.9999980082559956,438.31878199822114,0.0015129985483459,0.0040114312643437,0.0227364218270393,0.0397618331524163,0.0003511605125133,0.0004016329326824,0.0393602002197339,63.340460218873254,0.0368872893212399
245.67740014868863,6679.658176617393,0.4446249780799654,1949678616147.898,37.24769354045231,0.4855860157626911,741142673.7776749,0.0067139022182787,0.125,5,4975959.441536949,52.70413241348791,1309210932.5643494,139895.82917910424,21.78879050781416,0.0004233950716672,20.67472459112618,20.675219425223688,0.9999999501804772,981.5536862265084,0.0001759566380327,0.001493696838899,-0.0538854054271731,0.0050480959186662,2.0698571329268167e-05,4.8108424464895355e-05,0.0049999874942013,222.14442471743,0.0030803990628378124
114.30945315893996,32657.999477685495,0.6419214364290756,931198290330.2974,63.6037747424403,0.984972488841288,152392135.9602041,0.0092424401321447,0.3,5,1408475.193221848,72.55315503733621,1802275825.7682245,265111.17541353835,5.779536596279873,0.0002287698491434,5.50785222282913,5.507862620555198,0.9999999997651132,2307.3272649240403,0.000120755458045,0.0007735691232641,-0.0493267361685297,0.0114841075351333,6.065396232497744e-06,3.818949552638826e-06,0.0114802885855807,146.6032082259684,0.40378251112694835
48.678980214373,14484.926680816803,0.2205621930208582,1603631490.2188976,29.76908265650919,1.0012854547954697,362459043.63466793,0.0010762971676727,0.325,1,390113.6420613503,8.44893276623073,209877947.69617736,3595.1675721586244,3.562921228985417,-0.0013923853227128,3.609287521082027,3.6112862174482054,0.9999988369610868,125.75848893860572,0.0002438126213468,0.0053601180851168,0.0128463836216378,0.0012105852699086,0.0010734022258772,0.0011079499496686,0.0001026353202399,310.09977550381575,0.006253181198342224
51.22647185242653,840.9250442049614,0.2227437710797248,116441140.56979889,20.719139392361864,0.501844924130701,429336316.03977823,0.0037617798225436,0.35,4,1615068.6907636614,29.529971606967653,733547065.3960118,43917.89219298852,22.510550834075502,0.0072802555245985,22.687340151295825,22.826205268412433,0.9978834204840766,305.91779898862546,0.0162142920461444,0.0177671771351934,0.0077924215020957,0.0224048505600616,0.0116084654935976,0.0124019305992509,0.0100029199608107,125.64536350561416,0.004817967412201607
189.3658438147777,2091.438327049205,0.2018725845221217,44418775750.71978,27.93096001848469,0.5895770961260935,356664043.0993042,0.002142280444993,0.125,5,764074.4049637862,16.81690149319519,417744686.7736384,14243.194012633949,16.357133346158452,-0.0008633125454509,19.1348679728848,19.134532739738823,0.9999999725544868,234.85610162061516,0.0001750402608236,0.0014001418367981,0.1451661245148153,0.0058605143331265,6.75209722270087e-06,-3.524525453943439e-05,0.0058957595876659,204.5737913912672,0.013727565685587863
101.99203589225638,3059.8952498786725,0.2808746590408063,10586611248.373535,51.94626248528238,0.6452264815191198,177362871.6659701,0.0013330396576191,0.4,2,236431.7417199512,10.464361312310205,259942733.2357312,5514.94115122136,2.5486313275818007,-0.0015435880852474,2.894118524123344,2.8944684790094675,0.999999789398374,271.79222973504994,0.0006475896093543,0.0064718292335261,0.1193756211647187,0.000583196485619,0.000175303139907,0.0002419358256526,0.0003412606599664,340.1235906214335,0.35675667577445597
470.78989026834745,21698.25631867595,2.2201950094449483,2129491143947449.5,63.50830094114182,0.6601906740627608,333524645.4505344,0.012488489539718,0.1,5,4165219.045947176,98.03464288678684,2435255460.2450233,484032.5544284006,8.882174669796004,0.0002600416770208,8.142859004840746,8.142811860183269,0.9999999968808934,3113.0068015557135,0.000210506730434,0.0014591557514505,-0.0907931310754308,0.007097452551125,1.172444445507459e-05,-1.1661672333388232e-05,0.0071091142234583,186.29968944486,0.07837946096567107
292.65973094343343,9230.776323880538,0.5930881383048763,9653589468431.771,101.84742789798868,0.7602798805109969,188126229.54560104,0.000525558185098,0.25,3,98871.27976933164,4.12563175301996,102483846.0941264,857.2280065264829,2.3742426237677745,0.0008609424822376,2.280064655011257,2.2800165417659617,0.9999999857015944,210.0924912496765,0.0001557251676666,0.0019189447599487,-0.0413049553439318,3.203909695881154e-05,4.455112175572734e-05,-4.220609243985263e-05,7.424518939866417e-05,1093.797603942287,0.9452925706034753
110.3453609598457,12488.056371242676,0.3610436108239681,97811685541.495,37.98220607977146,0.4416252384884619,177079211.78461093,0.0012855047627055,0.3,3,227636.17012526104,10.09121238723852,250673428.72758105,5128.638910980697,5.7780635535301395,-0.0007089254799644,5.935551198189867,5.935774716928786,0.999999954586867,191.64325424341797,9.631517292089194e-05,0.0018827931937819,0.0265329435129388,0.0014626328184141,6.67181704614786e-05,7.542114074292881e-05,0.0013872116776712,253.0461647436287,0.24538815990103638
140.03448414876397,13685.188785162434,1.2012985885369138,3077889017331.5244,113.60706047463952,1.034955219108916,141112652.58159724,0.0020419008168688,0.425,2,288138.04057688994,16.028921412420264,398170659.2894206,12939.694672497557,1.2279280890659914,0.0009921731010105,1.1802463139420911,1.1800770943234178,0.9999997039477332,910.4993221220366,0.0008963023271786,0.0048655053097971,-0.0403998509130184,-0.0001494080147641,0.000291930759867,-0.0002867718858499,0.0001373638710858,536.0972848958039,1.3834861770147822
429.41899241975926,2853.9499396084,3.102296890444259,378528258178914.3,63.178231356031056,0.4850264241178963,162389409.23555544,0.0026792998042713,0.125,3,435089.9123805615,21.032503463529984,522463461.8329105,22279.085887030826,3.104049685028907,0.0004886785047502,3.416765101596942,3.4168158024929975,0.9999999929487012,664.398184907711,0.0001586627254035,0.0023646888590663,0.0915238265638677,0.0011692415405958,3.054297846012688e-05,2.9711757365924072e-05,0.0011395297832299,279.19541833413336,0.842935516310715
204.06958593097775,1070.2231480462813,0.3113548338993527,72922062669.73761,41.365709170834165,0.8982633953423491,143182896.68443885,0.0009536747713039,0.125,2,136549.91625016337,7.486346954735682,185966580.40426216,2822.638954075584,2.898102483788805,0.0027978539504184,3.265681349739931,3.2660073237125933,0.999999856527288,154.8390254407781,0.0012120778361071,0.0069037025099205,0.1125580932690811,0.000676658161078,0.0002115190771385,0.0001997412956271,0.0004769168654509,287.71236564563424,0.2614241737220352
139.66039067709198,33064.824225713375,1.042822422084818,5544216686023.278,55.956451813039294,0.3684771975804191,772517545.209702,0.0019034960096475,0.375,3,1470484.0646893978,14.94244367573336,371181721.8812745,11244.979925194535,9.385495523719062,-0.0002518716699892,8.410223578433051,8.410238668741965,0.9999999998970428,418.06306475511377,2.652164413017459e-05,0.0010194911135263,-0.1159626656997527,0.0002205296668021,4.481364936109733e-06,3.589344804144054e-06,0.000216940321998,639.8836113552007,0.006830268831003321
92.3485278846748,8440.981360643378,2.3588014524602823,1384381756424.69,33.85459565897907,0.8982013008729777,124360944.6713192,0.013626158113399,0.225,5,1694561.895223061,106.9653411901822,2657100832.1128063,576237.5975166877,9.59643772452304,0.0015939991593698,9.628777882217715,9.643194626894262,0.9998213353507548,1810.6341877591788,0.0046005196747195,0.0053803943913013,0.0033586980705415,0.0764224668293867,0.0029839745944322,0.0032161349527775,0.0732063318766092,58.05579196611989,0.26729469538816053
232.66315541483857,10783.909144535804,0.5013881187221272,3219548694207.9062,114.51666347256533,0.6777143328536961,137688092.99201706,0.0008164906270779,0.375,1,112421.03738821507,6.409451422561679,159215672.28019458,2068.984086019941,0.510679689851881,0.000823392453101,0.5782527275930771,0.5783318992879782,0.9999999289439124,366.99449580062543,0.000248813141669,0.0078227354089975,0.1168572745388726,0.0002877040158623,0.0002615446232613,0.0002738533090927,1.3850706769646026e-05,844.1388827039905,3.5221851620181743
265.97423551696625,13486.598624719863,0.3243362647505985,2877477771054.5063,161.1793771829874,0.7834081001518857,151350470.03175157,0.0057238329888534,0.425,3,866304.8132462096,44.9320889624993,1116147432.8264158,101678.38737997752,1.301299266985292,0.0003469137753567,1.2924863659742625,1.2920661685400745,0.9999966107094028,3621.06305725311,0.0004357919245221,0.0031386725945481,-0.0068185640042605,-0.0002490597018097,0.0006877054244214,-0.0006503708557725,0.0004013111539627,470.4684581462968,4.345051205264245
87.79043859416247,2191.1943096913983,2.0488767205679386,221442853088.4196,23.315584828196332,0.6422587544100583,566271488.6523194,0.0191532807614722,0.225,3,10845956.809374692,150.35325397755676,3734889748.487078,1138521.1237391997,18.75545547752536,0.0029276751474268,17.42671232309897,17.410027974733907,0.9999714274230928,1752.787023654536,0.0150236314605458,0.02082765875052,-0.0762474946387421,0.0152056066432148,0.0027934555561607,-0.0019467125551705,0.0171523191983854,71.9630733029666,0.002218307331410041
80.42625276845116,2006.658994622294,1.2081841557583346,49669688001.937126,18.35854410344058,0.9673661052035364,372225735.6489591,0.0010970444895972,0.125,3,408348.1921799584,8.6117992433381,213923675.471456,3735.1085141827234,19.395589088600865,0.0035461902538163,17.81329388947418,17.812778626704045,0.9999999732327876,79.05004810939936,0.0009940911382485,0.0037967766709223,-0.0888266487346091,0.0023526832414499,8.110704918341816e-05,-5.79901093448053e-05,0.0024106733507947,191.9561115910006,0.0024319714571732617
295.1711430787054,16398.58096467563,1.1415392201615202,65742131000489.375,55.24107563228894,0.8498103617247135,420084446.7423912,0.000727338791026,0.125,2,305543.713622446,5.70960950955427,141831064.25007424,1641.8302144249417,4.566988775453108,0.0004544765476915,4.1878049059852955,4.18778842090161,0.9999999997767236,157.7024853740618,3.2573279991090366e-05,0.0011992437185361,-0.0905447789427524,6.164346506240103e-05,7.941498371549782e-06,-7.873431355664035e-06,6.951689641806507e-05,753.5892263495035,0.020729100394869592
412.1290710135707,19307.48188795297,3.0731388200094436,2131980557976594.8,51.00891748502804,0.6133596954262774,407880704.7195033,0.0005761853691556,0.1,5,235014.8944202582,4.523055147871555,112356146.98534437,1030.336761732603,12.292625771390457,0.0002946811797949,11.17418645468602,11.174184094449734,0.9999999999932552,115.35807340900574,1.0017348758215516e-05,0.0003295265898617,-0.1000913418833643,0.000415326509252,5.424419192434637e-07,-4.226199932646038e-07,0.0004157491292453,770.3785869953543,0.02962869608758796
63.16254497499328,3125.8319210879963,0.7473715904535777,11262570436.669365,19.821395880469765,0.6331758228091775,222428656.23854595,0.0077572179848906,0.25,5,1725427.572528703,60.89416118139141,1512657507.0536718,186752.6333385153,18.77749843161643,-0.0022841077679965,21.940504254697014,21.94149547242843,0.9999998442310006,603.5036377927468,0.0031485679754328,0.0057594871828293,0.1441628590830337,0.0680702574104666,0.00011500350026,9.64990071387617e-05,0.0679737584033279,60.24891568887247,0.02681292499989264
202.18014738773596,6519.419178582272,0.2076310227525291,190330186580.5977,33.125991912545395,0.6650689688838995,491976481.27412325,0.0171603235530828,0.125,1,8442475.599171149,134.70853989170018,3346263092.8511505,913914.7511923626,3.560572831083457,0.00133357080058,3.780504641246976,3.795667506355313,0.999938718475612,2231.1770015016295,0.003967949901268,0.0315550253190901,0.0581752519925423,0.0090191601245751,0.0080069175645538,0.0080455214073647,0.0009736387172104,100.68179620689725,0.006593708896951672
211.9088892839977,4094.690349641885,1.623861645090401,8824214564750.297,41.25294248606922,0.6169479447710442,551279169.9687239,0.0188424825257596,0.15,5,10387468.126950948,147.91348782721303,3674284092.523126,1101871.5893821197,14.672988823179365,0.0015052926446382,16.1826746878052,16.18621323361429,0.9999958743221676,3050.93330312496,0.0069131279124064,0.0086347585556816,0.0932902560145692,0.0158239169066203,0.0003987557348285,0.000444099741218,0.0153798171654022,126.66140195542886,0.007809347669486836
49.22784406539287,4747.79973542918,0.3375553603529335,1287614683.976725,14.12066386395595,0.7429122625280326,271755429.9965466,0.0007285299303831,0.2,4,197981.96449661945,5.718959953507506,142063336.42470875,1647.21216286943,27.35301021669196,-0.0017325255979596,26.439625731877452,26.43968858893771,0.9999999996978206,40.37775557745232,0.0001211996860239,0.0012904602997715,-0.0345460444136797,0.0065939970139745,2.4094035814783976e-05,4.786097544335136e-06,0.0065892109164302,154.80791425977858,0.006227846238608769
354.1082252841213,1917.1758818375615,0.45872369608631,2570801896033.8804,41.37522285309246,0.5151416344993647,212283181.62826732,0.0031228427248197,0.1,1,662926.9893494243,24.51431538983504,608954331.3398514,30265.99583493356,1.8594946881923011,0.0009953684466967,1.9875120601371448,1.9886274148717629,0.999998805916738,507.14263117270946,0.0005024557937771,0.0124182267783184,0.0644108654797345,0.0013861867597698,0.0011861767414373,0.0011229731623318,0.0002632135974379,193.64028459340415,0.15660333893709466
174.50171451979196,1112.658026964974,2.8295048162732708,3347662132685.5566,104.34209862970482,0.7182039341025828,152518490.22256067,0.0019250187796137,0.45,5,293600.95791676466,15.1113974199679,375378662.02468026,11500.710842287066,2.898657604036466,0.003166824023417,3.3411774938025625,3.3416646373711356,0.9999981177562888,788.3774600134788,0.007906459684808,0.0085249074687794,0.132444292644408,0.0011796242599215,0.0002740734600194,0.0002918800767879,0.0008877441831336,527.2006771158185,2.0102894891825405
42.77567727358305,3126.2424900005935,0.4107887794672842,715826266.7344596,14.41902197108617,0.4565285528518821,552952536.9051168,0.0006448368851865,0.3,2,356564.19155388547,5.061969548714263,125743192.6113734,1290.4895318665224,20.131444430469895,0.0011991283986726,18.412911903861467,18.41393650821189,0.9999999554321642,36.494325069940054,5.247551541983109e-05,0.0020696915977769,-0.0933330119419093,0.0007986059211877,2.2945240578484127e-05,0.0001113715230132,0.0006872343981744,239.67758705259428,0.0011449260790185592
56.38263865761084,10956.122754937707,0.5528179412896076,13713963224.09549,16.1507342268194,0.3984175719212835,476361054.4210618,0.0191840800126813,0.275,3,9138548.582938911,150.5950280995487,3740895602.4728656,1142185.643879118,19.960282834275176,-0.0016372426058802,23.36055362608632,23.36962986777291,0.9999954533375348,1216.1101373581052,0.0032598602643852,0.0111670039760521,0.1455560876782527,0.0433718127169909,0.0004277355282942,0.0008102871844424,0.0425615255325485,45.68383291038184,0.0023689035570641373
124.23576954349508,1184.7036786592507,0.3367130212664438,12968102184.785473,30.355659362051163,0.7783745396876457,217511880.7429768,0.0005664713812189,0.175,1,123214.25551601536,4.4468003425691105,110461919.33770402,995.8884381116336,3.1354067282278297,0.0038624778041286,2.741926410701206,2.7412325268869178,0.999999757444508,67.49277822504017,0.0010069068584032,0.0143843012854009,-0.143505061255819,-0.0004195379189052,0.0007191070708021,-0.0005061084610074,8.657054210214951e-05,337.64848402297156,0.052465097790761535
201.22598403543273,24288.60244802916,0.7391150782393755,8817046599881.912,131.47563133141966,0.8384490696713598,399554075.53973794,0.0052624068737941,0.425,4,2102616.1135727726,41.309893959283855,1026169340.3898538,85945.58852774579,2.9580268660443125,0.0002916048094959,3.4325648894867653,3.4325972685023474,0.999999994960706,2715.622194265422,0.000230918493033,0.001617062651529,0.1382459002875267,0.0003922888131823,9.457069531065844e-06,1.887291878523341e-05,0.0003734158943971,650.2995660140408,0.13999684668309814
363.0069949914553,4026.6817212957376,0.8111516323639798,18645396249220.64,67.16408449792104,0.3871559740118946,191874212.55137053,0.0014880339142851,0.175,3,285515.33555320016,11.681066227138569,290166613.2856077,6871.956503795539,3.24721805479359,0.0010422054772292,3.492452643589077,3.4926617244102407,0.9999998850216436,392.2740595526733,0.0004260850460165,0.0040561285333408,0.0702184435473025,0.0005937285341702,0.0001170524194189,0.0001197932769408,0.0004739352572294,432.92395601990887,0.6327253467788817
97.01402819726296,18093.059697828943,0.2717076082200154,47952804485.05902,36.95869873419364,0.8221216276507203,461013190.04320526,0.0131046470115198,0.25,4,6041415.123170915,102.8714790404307,2555406167.2463675,532973.2318185683,13.335095965577334,-0.0007730994033099,13.180704251707574,13.177729261398088,0.999997150299988,1900.998001098097,0.0011361935940348,0.0036515892772365,-0.0117134646921281,0.0097429261258297,0.0005559835164655,-0.0004559684673845,0.0101988945932142,124.4323526291174,0.007464124159692725
67.97740160371391,1120.548683022071,1.2564206306777663,15308031001.353855,14.43474196977344,0.6239441289488158,161961703.63776132,0.0077503259596605,0.175,4,1255255.9961745825,60.84005878333495,1511313562.133798,186420.9339872296,20.54062706553,0.0047198759099306,20.991961346465395,21.03316221501078,0.9998110950217108,439.1052749816442,0.0097820485924906,0.01277516796616,0.0215003387957071,0.1169263110651751,0.0035090491395021,0.0043715026847571,0.112554808380418,37.45655552925889,0.03732998301841484
113.80453945746352,1040.6835756526789,3.4998798538241664,866609729587.6426,36.00923843108397,0.648505788137419,337559810.3629759,0.0005123444935339,0.25,5,172946.91007782056,4.0219042742411695,99907176.23911186,814.6646821340922,14.014992851603266,0.0041127810335125,14.403272053522002,14.40500606874724,0.9999987170020695,72.412854979073,0.001224861112422,0.0035514432633099,0.02695770797607,0.0011373617689646,0.0002329295408323,0.0002410110671352,0.0008963507018294,524.6635525763076,0.02474521882793132
425.15510000829386,29108.85514984978,0.9867383325690402,375300327211717.6,158.1670464533274,0.8245604047014823,150053317.1796472,0.0046763428863489,0.25,2,701700.7623661057,36.709291657839245,911886862.8380448,67868.37305777185,0.9899536121666576,0.0002839801993811,0.8741885382189211,0.8741710627870615,0.9999999942435048,2903.1001194571018,0.0002341197939274,0.0033064509371865,-0.132425751295707,0.0001126445396579,4.1271861124236864e-05,-3.998662460872892e-05,0.0001526311642666,508.57880831952974,3.942135535805468
58.45570743064109,2986.278682209847,0.3897113698432699,2146270300.082439,13.72643192476999,0.6019442694005048,312302967.4275919,0.005928117528796,0.2,2,1851368.695502544,46.53572260104936,1155982918.115239,109065.74078019537,14.129490045509986,-0.0020542634458113,14.620409106477346,14.631258471124928,0.9999922115608706,319.38471417664215,0.0013478029524034,0.0096319680624979,0.0335776555493147,0.0138465602199477,0.0013541889617529,0.001503016687752,0.0123435435321956,56.553559120762294,0.004856297144624575
129.0318114924701,8164.257860341212,0.3406657788100985,106443992352.97417,24.614032956877757,0.4546792822305657,379205275.4946881,0.0059119720910844,0.175,5,2241851.005516597,46.40898091501316,1152834557.7614734,108472.46098783168,21.81396878447044,-0.0013126217308432,22.542234524268476,22.54469263810343,0.9999989853990748,571.1560928686224,0.0009840881307655,0.0035883747288419,0.0323067235865194,0.0199278760502706,0.0001986732283229,0.0002223993189755,0.019705476731295,111.899051155884,0.010363297690632968
46.6280375131686,1747.508256952672,0.2446050206317255,200308216.89378053,17.801476678395865,0.7816920285352593,597198704.8133405,0.0030307106178886,0.275,3,1809936.4556671383,23.79107835042587,590988570.4882859,28506.48593131628,24.581979875558368,-0.003855442549747,23.292514807758927,23.29489300522254,0.9999996678081828,211.75816320449744,0.0031476659300602,0.0084497097383653,-0.0553596328452224,0.0046199098059952,0.0006411398585577,0.0002051147059414,0.0044147951000538,141.8455943834751,0.0008660597013664094
115.77592383209908,1046.7922475247772,0.3431835064160303,8977317364.778822,79.60203125583297,0.827993466196438,268199657.98380876,0.0019510960452278,0.475,3,523283.29202365834,15.316103955038246,380463728.8194214,11814.41005414834,3.263548313622989,-0.0042546720183284,3.4836146316798926,3.486986706818101,0.99996987816904,609.5964928732707,0.0110350583495417,0.0150772086347394,0.0631718319401999,0.0022540100245534,0.0017743193768436,0.0019375133678915,0.0003164966566619,529.7690275427447,0.17363028230953828
301.3750273039696,18404.063053189984,3.0568544455777515,574979722983785.2,71.06683059309144,0.4781391663256496,431642738.33139414,0.0007961856529398,0.2,2,343667.7554551423,6.2500573755781215,155256202.32327816,1967.358191369566,3.057093246840021,0.0003529463394636,3.2996673567272428,3.2996921769416687,0.9999999991848444,222.085884353656,2.7665487026053916e-05,0.0014864838585891,0.07351471638275,5.979247729751102e-05,1.5026980721741244e-05,1.5044800425559783e-05,4.474767687195124e-05,939.2790195046246,0.05720721425190549
58.53145955564525,5483.433892129881,0.2803242035142999,2049705504.4171596,18.068162045939125,0.7151466293126615,696705210.6943145,0.0010499042085856,0.225,5,731473.7328515222,8.241748037397459,204731320.6742044,3421.008050797641,40.39452011244691,-0.0020283238367301,41.29352477762673,41.29545113661832,0.9999998089687072,74.45661954074902,0.0003063217987625,0.001682458474866,0.0217710808176614,0.003628451604336,6.491301107908881e-05,9.363276317947856e-05,0.0035348188411565,264.20211896317005,0.0006358965926570332
233.24421027059165,23871.477729330083,0.6336975001761255,11498654552338.262,54.011291967938426,0.976465225863042,312785318.74406207,0.0022453795231912,0.125,3,702321.7498627572,17.62622925705111,437849007.02228874,15647.114426086717,5.707077996241771,0.0005538188649216,5.5455203428253705,5.545424904024679,0.9999999904968142,476.007707348203,0.00014599886349,0.001435775325907,-0.0291330016714155,0.0006439340359222,3.535853571959291e-05,-3.4443196124283584e-05,0.0006783772320465,361.8557646263323,0.03454204762458686
304.5737734583571,31533.3853871489,0.3986098891952155,17474187777597.186,122.80233157838092,0.8904788680117555,293017277.4020066,0.0028327556984567,0.25,5,830046.3623068046,22.23713223288517,552387361.1990583,24904.222439597273,3.5884974849090514,0.0003232431344072,3.9341576092008137,3.9341738816087672,0.9999999985309485,1365.3858429075335,0.0001426638744099,0.0009566328226242,0.0878612802607009,0.0004991811218344,5.207750410310408e-06,8.276450229839183e-06,0.0004909046716046,708.9592847314543,0.27408341704703826
323.0939945892597,13046.987218321923,1.181095633643302,80381508815496.11,73.73244737959288,0.4792572599904519,774793556.9283038,0.0018990447464999,0.2,2,1471367.633906669,14.907501260024238,370313725.5674811,11192.449382197276,4.725613039658869,0.0006551313869618,4.260999831455541,4.260833014848144,0.999999977919106,549.5832761079758,0.0002358795671002,0.0043379466080531,-0.109038541793281,-2.306299891744307e-05,8.625546737560386e-05,-7.830207144107317e-05,5.5239072523630104e-05,845.389168831127,0.010635308879188309
349.2554834037362,24416.71968479915,0.469668755287622,32479088768032.902,58.84955764698648,0.9231409770089534,427782340.7306525,0.0038607217510655,0.1,2,1651548.5875805856,30.30666574586496,752840741.4577919,46258.5214908954,4.230766820039958,0.0003916418558893,3.967370092849843,3.967296734927516,0.9999999950763944,891.7669364496151,0.0001367821941431,0.0022460082193712,-0.0663907629048318,0.0002822893821913,3.7980512510318865e-05,-3.69920950221456e-05,0.0003192814772134,351.6357369859844,0.01860903143987244
479.05710420406007,881.9442389710099,0.2383854411647293,1069818170839.778,99.29207015332972,0.864987061662676,630588951.2827501,0.0142929176243295,0.125,1,9012955.935496695,112.19940335098684,2787118936.7442584,634010.6080680966,1.2368278420303631,0.0009225493603934,1.4272796711964075,1.4277722414420273,0.999999548425635,5570.25551434396,0.004740829553132,0.028432673064238,0.1334369381204732,0.0007608108074632,0.0029955849542865,0.000690390179887,7.042062757621932e-05,374.3690411826682,0.01911713358108979
59.32187509414162,13538.89256262986,0.2029572112587506,2799057640.6006546,22.11538298089349,0.999604229751504,697555704.540216,0.0061156991140373,0.2,4,4266040.804248269,48.00823804519286,1192561327.237275,116077.2107753418,24.58418745682674,-0.0009345784795693,27.076311751350364,27.076231757618388,0.9999999994858776,530.8602853036708,0.0004636729802296,0.001852808008124,0.0920407593696484,0.0087792616834711,1.864690074032671e-05,-5.960662311137524e-06,0.0087852223457822,134.07057909431086,0.00048671666080236047
64.44954540502717,8314.651303482702,0.6516556514050442,24689941002.85529,20.64908215055328,0.478200989407278,168104998.20010734,0.0009778431622105,0.275,4,164380.3230233988,7.676068823353146,190679416.63106543,2967.5165479193574,16.296505085001357,-0.0017861586611604,14.221052077217536,14.220998808914892,0.9999999991852254,79.25188786335998,0.0002528422719239,0.0022468390759461,-0.1459422971320628,0.0066783841205059,1.7294461009648154e-05,-7.5415447230173585e-06,0.0066859256652289,153.68415449047862,0.0817570220652049
141.41954193146017,2490.710721792125,0.6990708557937907,197316605075.1028,37.91402077799734,0.5951788389531892,560270791.15666,0.0108301003608196,0.225,2,6067788.897462428,85.01628783243389,2111869570.3598228,364015.3565075196,6.449079667963639,0.0022190305724653,7.052154106460239,7.066540837965547,0.9999399777279544,1611.6546516735502,0.0079359433220878,0.0234803759904319,0.0855163442818334,0.0057385771361469,0.0031649569940337,0.004090986588912,0.0016475905472348,154.7943919468106,0.00647636459407272
166.43100506213324,3825.718397571284,0.3948277699196305,185449458906.1939,50.97881565136405,0.7087367840015808,318011882.5709007,0.0147800079975537,0.225,2,4700218.167715035,116.02306278079692,2882101559.5229807,677960.0157715717,3.785498899375751,0.0018241375745907,3.952504555905953,3.966321098875732,0.999823467770918,2957.359164404442,0.009840547235402,0.0239721610500679,0.0422531218289571,0.0092099708531918,0.0063266147872812,0.0070188500726831,0.0021911207805086,134.22910965282432,0.053821378815417605
129.05282044311517,1574.4530063251534,1.1087491403154015,217583792631.47385,66.33038903976843,0.6615026180951535,704578144.5410767,0.0013781526459425,0.4,5,971016.2341725784,10.81849827064903,268739765.9587976,5894.532811293913,9.985381431397215,-0.0018499213783821,11.293566984126926,11.294002373007602,0.9999998686059568,358.7975995591061,0.0012278804124922,0.0035204948972483,0.1158345768496667,0.0004175692435263,5.348585854708654e-05,7.713160942844231e-05,0.0003404376340979,851.3361894080084,0.009050700977532723
314.99285709973555,859.8098808628531,1.7554794747984406,10571996540930.08,47.79677971379534,0.7410522191815612,502960831.5009124,0.0011276889001563,0.1,3,567183.3468970008,8.85235786622756,219899335.53049353,3946.693081710389,7.031549519715419,0.0015951804567157,7.944811881462504,7.945014327901021,0.9999999791663964,211.55709943988103,0.0005383283411007,0.0036324262166458,0.1149507849113437,0.0003215321812667,5.737772050334877e-05,5.0977617688693065e-05,0.000270554563578,572.9855840292988,0.011293722048931002
81.91955504850533,1714.4862600435715,0.6377323497103821,12726866518.446705,22.31143346612704,0.4947723008144167,435107678.8706176,0.0126760498261791,0.25,3,5515446.617117095,99.50699113550613,2471829716.1049294,498680.7663840995,16.087991029591524,-0.0027371363480885,15.955217202610092,15.87311930291981,0.9991800134959732,1110.071806067169,0.00831656404569,0.0170314425657349,-0.0083216558756538,0.0057033554876712,0.0106340818410042,-0.0104301685344564,0.0161335240221277,74.20044457554688,0.0054090440776083295
395.0034050531243,809.3568147311299,0.6771289200617869,3661393085156.51,83.40245373777137,0.3621586027600074,611700996.9869367,0.0008929005291538,0.2,4,546188.1438935885,7.009269153857916,174115603.18500555,2474.3487039955608,6.09725842342721,0.0023820327855028,6.694347686916785,6.695218131055974,0.9999990384204936,292.29512317011137,0.0016585059683669,0.006061116092913,0.0891930463451289,0.0003629415275326,0.0002057044549582,0.0002600971137276,0.0001028444138049,1239.1375292123096,0.0307112886460316
530.2713727877154,29541.598523707307,1.0274517123457163,999332026731950.8,107.401459623513,0.9197090125704894,188984168.2025337,0.0041136066932484,0.125,5,777406.5392359322,32.29181254200028,802153305.1834465,52517.04420437005,4.110737965789927,0.0002526233817537,3.614275570820708,3.614271639929304,0.9999999998789314,1734.0939004498468,0.0001106673981897,0.0008117636498481,-0.1373615224520595,0.0014428337169787,2.3986137387965738e-06,-2.178344938747519e-06,0.0014450120619175,413.2226712905001,0.7253380705176178
43.36535417333975,27101.332245043886,0.2650790556271747,2729438458.55521,21.34942512491465,0.4439318217527878,592088624.385584,0.0017063388136144,0.45,5,1010303.8008886804,13.394759686873051,332736068.6548083,9036.188507545765,32.08676267813387,-0.0002043347640921,32.23748738158459,32.23785025007032,0.9999999891193766,142.98520950056067,5.970017958550501e-06,0.0002809437218707,0.0046754482341207,0.0048643525769723,8.433229452111356e-06,2.262133181968936e-05,0.0048417312451526,225.7457264693093,0.0020695214978874886
355.49172088529474,7008.749782228503,0.7034410094164311,22447817945436.41,81.83529407311897,0.9782917996177044,413088435.23968846,0.0126528332244404,0.125,5,5226739.078032857,99.32474081185772,2467302478.765892,496855.73879861896,6.359389925655983,0.0008286711885894,7.0201314688686836,7.020399530612209,0.9999998721440642,4064.134686537349,0.0027908247839739,0.0037562390677611,0.0941209642786335,0.0035789755093141,7.492336341792527e-05,7.66383715671273e-05,0.003502337137747,265.4244355027782,0.03423869202299879
86.95075086839029,25040.75866129559,0.2240159987669408,29111135597.838898,13.170083106391468,0.6112561464704755,325644451.07761866,0.013485454524319,0.125,4,4391463.436104058,105.86081801590434,2629663632.24221,564398.5907328947,32.29943861898497,0.0009655285515885,32.689391260884264,32.697543023858145,0.9999969876956863,697.0978854900217,0.0006498662858972,0.003322597480076,0.0119290273345011,0.1175661884558787,0.000454079996128,0.0005571671886171,0.1170090212672616,36.73670414132444,0.0038927104383899174
353.02580933443124,3495.620771925215,0.3165821275936684,2205378689101.553,52.23069377512477,0.6743320045896074,165388152.07515797,0.0074389014617931,0.125,2,1230306.1662351617,58.39537647507627,1450585785.0496657,171740.35444302563,2.915309295473162,0.0011789981320625,2.781824870103742,2.7800102813301955,0.9999938975912096,1525.0155132764169,0.0021198273720175,0.0114477588162523,-0.0479844819866184,0.0007132618968607,0.0013466612541295,-0.0013068122093298,0.0020200741061906,139.79647395492458,0.42518143726247887
88.99649063008978,986.7836909030906,1.5274138406044724,58531166380.78056,47.58214414530354,0.5067777422474344,665433357.4811145,0.0084361372770128,0.475,4,5613687.152414276,66.22367762455121,1645046769.0175142,220872.6894411426,13.910512432072135,-0.0047295173691126,12.254582941940518,12.243722958801742,0.9999556033918648,1575.5322872817542,0.0352420332879547,0.0261226691218751,-0.1351273640218555,0.0009677898997289,0.002501841997601,-0.0017764718023682,0.0027442617020972,239.8816909824137,0.0067876932980885235
52.8495867718756,887.9780995159279,0.2396464198356758,161239252.09580117,21.935639299585137,0.5877206759108234,126727167.2197527,0.0056574813270044,0.35,3,716956.5821699259,44.41122841698521,1103208858.7658746,99334.70386623872,8.775366189956669,0.0031415240073958,8.798834255036958,8.845254419019321,0.9991342191607496,487.0943437032365,0.0048072183887017,0.0122443849376262,0.0026671789012112,0.0364268663217048,0.0098643336089303,0.0108498542939453,0.0255770120277595,58.93132741061062,0.18921796683768194
286.8996348360607,2229.202763387378,0.5808285196258715,2065026675654.5972,46.41858233444279,0.8534987123382185,519234653.7832035,0.0149638910356884,0.1,3,7769770.781165256,117.46654463015405,2917958751.959241,694934.411071054,9.431251432581597,0.0016962999322702,8.326175888369551,8.324389773776575,0.9999985321662004,2726.315236728652,0.0078447906852705,0.0123551098356951,-0.1327230602653581,0.0032566063952754,0.0005738244141195,-0.0004305717430055,0.0036871781382809,155.21156121623102,0.007686011425172109
292.7225574817578,15062.246143563198,0.704857326110612,22267793539075.484,66.43129810249957,0.8303874143248802,319671323.072853,0.0035346909421095,0.15,4,1129939.3301177763,27.74732389555966,689264733.7113546,38775.520565677514,6.348726563507375,0.0006657382764611,6.079120438796674,6.078971036336612,0.9999999656482385,921.6453726262666,0.0004084800979363,0.0021699282220776,-0.044349528426857,0.0011787265032247,5.305325679700462e-05,-4.9212408448257505e-05,0.001227938911673,358.6092463128133,0.07104327397184944
183.5924151767103,13749.154885313836,0.9175315284994682,5329631517636.038,26.22100257104786,0.5561150215883947,280861099.57802093,0.0006513249683485,0.125,1,182931.84679298935,5.112901001536004,127008368.82796444,1316.5889236522669,3.671971940671636,0.0006292161223881,3.6070661929671313,3.606679171423107,0.9999999563877572,67.03269515339437,2.653911065503389e-05,0.0027854203836702,-0.0179940550664288,-0.0001112867396964,0.0002143107154704,-0.0002146014203058,0.0001033146806093,309.0785413385695,0.025868542006694393
107.8444258996996,16474.034687885778,1.6734815750047165,2529256668912.305,56.39499569036192,0.4530020968246589,297790220.15023994,0.0126132529410451,0.475,4,3756103.3701245,99.0140355872045,2459584323.503806,493752.09683428577,6.694366386931033,0.0001666730387264,6.929828995740204,6.930080916239697,0.9999999258871494,2791.9480551128695,7.756004290867108e-05,0.0012602744636127,0.0339781268706502,0.006600127851663,2.3364234323940136e-05,7.318200204797093e-05,0.006526945849615,155.54457163160143,0.11251430974819088
128.6299410658826,30431.007069133317,1.115591987108186,4201995915826.104,54.27316828649226,0.4308649284708442,436484599.8906883,0.0076234294669249,0.375,5,3327509.5606656405,59.84392131536122,1486568746.0503745,180366.3496968744,10.040800560077876,-0.0002736974718331,10.886498018051372,10.886603524029242,0.9999999919539416,1623.9596062361004,0.0001216513111774,0.0012759791110456,0.0776831499506277,0.0045599911659384,1.0478545816802742e-05,1.947100771741792e-05,0.004540520158221,233.11331105204567,0.033792851591906904
250.93207720175303,1373.8143534542437,0.3070307053625254,208102186299.12848,109.28310151132904,0.4935198687455584,778454678.0765663,0.0010102931505699,0.375,5,786467.4292899194,7.9308012319744,197007164.36114752,3167.7402310552948,7.6764622984788495,-0.0009238809125262,7.204218958557638,7.20439299054015,0.9999999484711256,433.35127805001594,0.000369889557716,0.0021565512228977,-0.0655509421129199,0.0001315336895383,3.546444414311012e-05,4.831851109254884e-05,8.321517844580035e-05,1721.942331290157,0.022690477322392988
89.60776239714752,1138.9659911582726,0.206190770749138,1265295539.8069055,16.181103389257483,0.5105223446636533,137561588.8180282,0.0009161227079115,0.15,3,126023.29525258976,7.1915632571058135,178643928.04275587,2604.7259647663163,13.214861155734,-0.0026201144773069,12.31442664293266,12.31425156686445,0.9999999935706744,58.18371429680723,0.0003994311913277,0.0037003262053915,-0.0731202953178584,0.0069832904701849,9.356949883551624e-05,-2.863347846083445e-05,0.0070119239486457,112.55182176016989,0.08848240408437363
73.4701464801017,21111.501887345552,0.4560910421604812,51859232418.77289,21.1690467882042,0.781528300953973,242822726.06458583,0.0029822808127772,0.2,5,724165.5568486818,23.410904380301453,581544758.4915648,27602.715664597952,22.35888672230348,-0.0010814731520594,20.987400801283492,20.987279479856426,0.9999999967292506,247.79326509038805,0.0002898150824196,0.0015386143727967,-0.0653480597242947,0.0209752314540213,1.8110761042466897e-05,-1.1803962511269804e-05,0.0209870354165325,108.42871959135078,0.018224977801791213
60.182432410868486,15001.37290207432,0.2835996628531024,6414777840.037827,12.737485796717104,0.4011343101740472,372968608.6600208,0.0012911743557722,0.2,2,481567.5030098662,10.135718692811984,251778999.3755843,5173.9773923948405,18.156543983147948,-0.0014186819554656,17.135017484047427,17.134727887534606,0.9999999959020408,64.55178644460634,0.0001299207010817,0.0033401739757622,-0.0596163091197049,0.0025804357399155,9.349807513177322e-05,-3.388980011709243e-05,0.0026143255400326,122.88532871050332,0.003062845626548779
437.8140211533546,1949.0947839035744,0.529750451366233,8145064721238.26,199.81349106426572,0.6697807762381568,580391696.5345638,0.0113157128706422,0.35,1,6567545.790490047,88.82834603454157,2206564009.775236,397391.5067693217,0.687307823039834,0.0013027179780481,0.6804155206114074,0.6628637719787239,0.9975935606925888,8874.550963313188,0.0150607708581319,0.0612486328261489,-0.0101295491058658,-0.0509116541105098,0.0519510661307807,-0.0509266118374753,1.495772696546241e-05,812.3011572729735,0.1450317997550329
351.4808245820618,2523.655380522095,0.7130464173892717,7936562595904.491,160.7634350151048,0.4353316228712154,330833415.8359991,0.0013473139279616,0.425,1,445736.4689909775,10.576414334499134,262726215.95252627,5633.682164188758,0.7239592013010325,0.0014589012262628,0.6384893114465018,0.6378170444652488,0.9999958064372444,850.1503492785372,0.0018094538721127,0.0245545501757876,-0.1338626791745317,-0.0020998799420175,0.0022334001595875,-0.0021047065204115,4.8265783940296706e-06,1429.980747751786,0.678040245992175
48.353619424857165,21765.680520586855,0.8287156183725392,33117648762.23597,23.384054392281307,0.3499888915288839,574056298.4329857,0.0027090019186803,0.45,4,1555119.613885471,21.26566506164038,528255374.1426591,22775.78572241755,20.719774590302023,0.0009752544537902,23.177633259974854,23.17805870852287,0.99999998106058,248.63873424471743,0.0002364855836231,0.0022991228017195,0.1060444197258601,0.0042663738664562,2.492042788919402e-05,3.6867604366770494e-05,0.0042295062620894,193.22576165576635,0.0029476123953343625
209.97337840052668,4202.0304885267915,2.1041543135807843,14656543536391.2,77.61091431855606,0.7166612326268841,788203817.6143821,0.0042046278866042,0.275,1,3314103.751869375,33.006328909843496,819902437.8878322,54866.83085247845,2.1396644524021573,0.0011400347820331,2.0414442939868884,2.037579879621591,0.9999864653426156,1280.8256824959717,0.0016646626318858,0.0195846741694578,-0.0481130730358786,-0.0037553535908981,0.0038333152820749,-0.0037824803506545,2.7126759756395425e-05,603.185526600168,0.008081458085555224
100.51089552106708,8877.8760044288,0.2853134521750731,29892785643.17508,12.596296211663237,0.4194478402142895,136664906.09716374,0.0131493480323871,0.125,5,1797054.4140851176,103.2223820542393,2564122866.315499,536615.4636320831,23.120450435623113,-0.000576417293534,31.68946698883133,31.689532400909332,0.9999999993957468,650.1098500143348,0.0002160034810101,0.0017090728882337,0.2704058277858788,0.4643673047164666,5.400957869272638e-06,6.045353291073141e-06,0.4643612593631755,23.051112317922673,0.05991945939339205
139.4361657324551,20077.489632359586,0.2492014015172781,191017142817.5847,25.00829714170104,0.8011765468700076,148284341.57861665,0.010230604747729,0.125,4,1517038.4889680678,80.31024726967283,1994967925.8071597,324830.91514121566,12.216195686947533,0.0003303112258091,11.284758977863198,11.28495541597378,0.9999999847639082,1004.2112636217312,0.0001095649779434,0.0011592557811778,-0.0825393533802087,0.0541012037491001,8.140406030282543e-06,3.6697326482773573e-05,0.0540645064226173,54.044778690540824,0.10733459680676133
52.50936049924857,5310.8331238325,0.8761972741914812,12562428800.242697,20.25133584103844,0.9605802579999584,658698406.9513626,0.0070049539281064,0.225,4,4614151.993211414,54.9888883356357,1365966015.9807594,152287.86899489842,31.648424652890643,-0.0024055375979776,28.789026015712658,28.78789208494661,0.999999913167436,556.7992226051599,0.0032219805816444,0.0051769023753637,-0.0993225208667138,0.012628476425579,0.0001348241085209,-7.977473271853809e-05,0.0127082511582976,111.47230188547704,0.0005445521250741829
233.5953140110655,1128.134751049448,0.2718203762413401,100586975030.3202,104.1231845342042,0.4902875475778094,367561084.119512,0.0005144304884376,0.4,1,189084.62803425823,4.038279334235242,100313945.24533406,821.3119512915548,1.0939691984723197,0.0016644031563059,1.0390904521923578,1.0384357832265765,0.9999984973307142,210.23925215961972,0.0005824127374037,0.0135538094396325,-0.0528142147434558,-0.0012557346501428,0.0017114400375162,-0.0012596888332813,3.954183138523033e-06,1579.8704742399734,0.19635100882496206
220.914266892554,3805.036502831626,2.346025548715618,20215272694071.56,34.77445768389126,0.6975243413226337,285120385.1326462,0.0017823653877867,0.125,4,508188.70581285545,13.99156829412596,347561250.61841553,9859.348609856826,9.3907217675467,0.0010902328470779,10.974844725359327,10.974918897314922,0.9999999974377584,243.27459978767888,0.0002891580529973,0.002074258791011,0.1443412638132576,0.0025470586051492,1.4903317698461429e-05,1.3551011233731494e-05,0.0025335075939155,249.65988080542456,0.03541593509557626
319.59268184868995,18255.711053446004,2.3833126490136594,438438152990229.06,58.145414176886376,0.4708112666653949,518775958.33454907,0.0026006386085342,0.15,1,1349148.786424188,20.41501307699393,507124528.6641804,20990.111927334096,2.383986288945515,0.0002657612614856,2.2106474637156928,2.2105522435080753,0.9999999929699668,593.5196953941817,4.191973111812712e-05,0.0036733713057388,-0.078410885532364,-4.0731400951217086e-05,8.599737848358213e-05,-8.614895230888743e-05,4.541755135767034e-05,466.1632304710472,0.022225646520935664
70.38702443361944,3489.10750023775,0.3086460490598629,3306484297.4166765,35.86023547626422,0.7967958816692435,213624483.6223502,0.002652219090211,0.35,2,566578.9335996776,20.81991985815684,517182722.5911572,21830.99531405232,5.083365443317141,-0.0028562771557623,4.602928813549101,4.601674194353752,0.9999989322093484,373.30361435522696,0.0030455300408883,0.0122789082772139,-0.1043762893646833,0.0006371860576511,0.0007197684587209,-0.0005457099783257,0.0011828960359769,182.68655245717025,0.07448012740453884
82.86561673381591,9835.539358732216,0.3982381089013367,29808596505.05298,18.634711966285245,0.6257409692195017,455566319.18776345,0.0052166079745994,0.175,1,2376510.8936337987,40.95037260060557,1017238555.04689,84456.12374767958,6.435364783675791,0.0013517674987133,6.467069320514744,6.499344536956182,0.9999049645698912,381.549199162172,0.0006971954542926,0.0136246748356166,0.0049024581719544,0.0110264748524809,0.0095773850766463,0.0100164182491024,0.0010100566033784,98.8500780527757,0.002788322257219577
269.221532127245,16853.226233856996,0.4542155035833153,7402976487928.838,73.64560369823573,0.9758854725320733,560146372.4055438,0.0015181115335297,0.15,2,850364.6684136852,11.91717553820824,296031749.03829384,7152.569764136706,4.091623113256262,0.0006563381652744,3.6272910405756473,3.627258673870512,0.9999999988528138,438.82379344459656,0.0001890364203565,0.0024527205083451,-0.1280107020601595,4.337695371996661e-05,2.3495245978139012e-05,-1.7847226474912832e-05,6.122418019487944e-05,803.0052396642184,0.011200901669794944
217.5275488986771,1878.967330275961,0.216260277865527,79742537867.2447,41.6607539099688,0.5988100620261774,318455072.4704997,0.0007005980156075,0.15,4,223108.99183298327,5.499694422519086,136616613.04346776,1523.32492705422,10.597569664448658,-0.0003469413099582,9.67223814166633,9.672359154310914,0.9999999911325892,114.56070795829784,1.3789474519684352e-05,0.0004881774063227,-0.0956688110062302,0.0006462519754913,1.2455241484021773e-06,2.5038377880391813e-05,0.0006212135976109,504.184380654362,0.042372942898674854
87.21102353462118,9747.970077053587,0.5081464468441144,59011649435.343185,31.672413033095463,0.743848970394257,160153295.21038482,0.0031063980102889,0.275,5,497499.8775827573,24.385224380768214,605747612.0063442,29948.07704499244,12.721471503922118,-0.0014217356443214,11.35752221241652,11.357434822680558,0.999999994469174,386.1694492462002,0.0007805767587657,0.0026176869929338,-0.1200921526716865,0.0147909174911208,2.8525891634281764e-05,-1.5616669239847114e-05,0.0148065341603607,129.09016935660148,0.15281384639518367
65.37912972974205,5121.998583712454,2.378911317856873,214641031290.19016,23.62207373071916,0.8434568860901812,537074131.5790796,0.0112255042843979,0.25,4,6028927.965080279,88.12020863252408,2188973335.457605,391080.7712058768,21.50385593368704,0.0017747728960649,22.34829347067696,22.35497268339151,0.9999950718948034,1040.7910327419197,0.0032783031957388,0.0060588615291819,0.0377853252239551,0.0189661547128846,0.0004826849844403,0.0006088019038435,0.0183573528090411,92.74806050938504,0.0018400982469325689
42.2290963760201,1945.7567337339412,0.260413567003623,170068215.3669769,19.79109758716557,0.8271037507622314,330318383.17818016,0.0127146715323915,0.325,1,4199889.7432211945,99.81017152927328,2479360948.816343,501724.1818161342,5.471403364246779,0.0011004588476739,5.190202830716665,5.177996278523146,0.9999792271866452,987.676422463791,0.0011960857037917,0.0149058401248521,-0.0541791029564224,-0.0017021577985304,0.0020130607943201,-0.0047123008073993,0.0030101430088689,57.26065455587493,0.005756342773498576
197.09524962081463,16602.773588568976,0.235492499431986,563118347844.441,41.888053715032186,0.6282874305171471,403375127.54152745,0.0069822812511981,0.175,2,2816478.5902328873,54.81090782190582,1361544843.9836478,151303.65526462535,5.889601940815663,0.0003034440200911,5.414917663950803,5.415210269359708,0.999999958010398,1147.9611255068344,0.0001057022782855,0.0026476450300239,-0.0876623258789355,0.0013169179927422,3.997399233181265e-05,0.0001082073699561,0.0012087106227861,180.7251936992564,0.020220921186368947
48.66236004567344,5985.844361679316,0.5546544349334686,4185075690.7533264,19.045213499237924,0.8949421609563737,795995858.6169434,0.0119990511284707,0.25,3,9551195.005595684,94.19255135849544,2339814970.0517974,446836.4067622165,27.30785974474731,-0.0019869030363659,25.223168874268037,25.225349767423328,0.9999997645958176,896.9586253302393,0.0035409986190544,0.0078993881574654,-0.0826498399495718,0.0116316656259191,0.0003766400249046,0.0001749165203177,0.0114567491056014,88.05224355348514,0.0003252354566464281
129.55568656227072,850.1082480967709,0.3862003101276889,14477235290.090734,32.77193182159227,0.8107184480280969,658266414.7126542,0.0165547054366411,0.175,2,10897406.594401866,129.95443767763317,3228167560.1450276,850545.7096300483,8.350258370969259,0.0046777100492191,8.848834664514465,8.905487719727468,0.9994054766738149,2129.428985742378,0.0465939745321386,0.0473391322633592,0.0563437234898955,0.015751477542149,0.0172470953678507,0.0128824801442094,0.0028689973979395,117.30453199887378,0.0020654964999796167
69.28081016907026,1379.492966975071,0.2297618220367052,679966161.3065405,21.28918354270867,0.5635223334112592,355666169.7669469,0.0014519847121205,0.25,4,516421.84112008184,11.398079990146378,283137018.86350876,6543.0287780219105,18.641149803386135,0.0032649685061942,20.04074742555627,20.042424328537745,0.999999605062676,121.32790847235066,0.0012933578515783,0.0048387240905303,0.0698375959963122,0.0045825384457797,0.0001674257190504,0.0001680951319551,0.0044144433138245,189.1349947952035,0.008319697605058395
480.8642751168288,8884.795392380363,1.7568970684870406,594278975545752.9,166.7758945459555,0.6650303280266632,412067161.6281805,0.0170582592086648,0.275,3,7029148.454432299,133.9073347880191,3326360545.6896467,903075.711375451,1.7716242815017502,0.0005191853956903,2.0610865599958688,2.0614023353508997,0.9999992466969904,11166.257772768318,0.0030099035864914,0.0091612269274017,0.1404415923680074,0.0007168614652934,0.0002984834656971,0.0003065655970956,0.0004102958681977,465.2887538578244,0.2844344167816053
130.1141977869701,1043.1653766606298,1.5340134755053565,285148120388.6239,19.80842178330796,0.7882326135336883,122047272.77731542,0.0005042036060059,0.1,2,61536.67503751964,3.957998307147054,98319703.17116886,788.9811688936934,6.162119197571517,0.002246995380968,6.2988211578151025,6.299531868736091,0.9999998169282692,39.200849942793866,0.0001979246304411,0.0031575524184225,0.0217027848256932,0.0015159771748606,0.0002284943541773,0.0002259685975088,0.0012900085773518,174.9377632625819,0.12400169322742362
49.03834388420624,3648.889447385968,2.0259958732945975,35102758286.42052,20.84122325217651,0.5209268173911836,358365612.2343025,0.001291071772564,0.375,4,462675.7262133579,10.134913414628144,251758995.64999843,5173.155284810531,18.237411283625125,-0.0012823883123595,20.545467288493867,20.545776205029643,0.9999999873006168,105.61199655787183,0.0001736810177329,0.0018192603022681,0.1123389394098293,0.0040951150282745,1.4729937338475718e-05,3.0193967806944368e-05,0.0040649210604676,197.09872093467163,0.008205006858934282
338.92798149013504,17202.570627964524,1.19443564897706,131252870365492.31,73.2958897481396,1.0211706977068922,495032951.6130994,0.0013468647095734,0.125,3,666742.4126036422,10.572887970151225,262638618.36681384,5629.92605112527,4.7789289066314815,0.0004140791829485,5.139539146862406,5.13955375049206,0.9999999997413952,387.4746154898178,6.643700581067395e-05,0.0009035256473913,0.0701639251937735,0.0001452972234251,5.817268294419642e-06,5.683657172968041e-06,0.0001396135662522,797.6407203706524,0.013964437618833852
98.10767542750769,979.1138652385332,0.7114764247711914,18609144883.506615,16.026954748410148,0.6227030029878482,180838482.36688712,0.0197273919692861,0.125,4,3567471.6247824295,154.8600269588965,3846841434.010805,1207797.400559032,19.144538597149815,0.0054591694666339,20.81842385966921,20.86014060254202,0.9998195330543328,1240.9673222039048,0.0369839674193567,0.0248625676568519,0.0804040341287388,0.2129846244187969,0.0037562651498814,0.0048466758851362,0.2081379485336606,27.544457879728338,0.03311930874541329
46.15549630524939,11688.074666331502,0.4671194151248966,4690863129.038325,14.762232921002388,1.0211517680936149,750597405.017237,0.0012240835783453,0.175,1,918793.9574302422,9.609056090011087,238696297.7773455,4650.256263924193,11.685258828540588,0.0007539209126271,10.474575244122995,10.474981027389134,0.9999999943143956,70.9255620758601,4.0313858443656815e-05,0.002111530295997,-0.1155830719815462,0.0003067199171053,1.928564528684562e-05,7.749892143809283e-05,0.0002292209956672,207.5021855616153,0.00016250929063261343
348.359616595971,15884.265696253591,0.6866640808016372,44702031964556.54,56.45562468198395,0.6940371597669901,371481444.7737634,0.0042034757558694,0.125,5,1561513.2468618553,32.99728468357486,819677772.3945347,54836.76631259655,10.98917554871776,0.0006015112541545,9.646195729890374,9.646169154989655,0.9999999992785176,931.44115981024,0.000337010118027,0.001796683101597,-0.1392237786204083,0.0027131137339839,1.1592616616179496e-05,-5.524895473470789e-06,0.0027186386294574,301.26184761241217,0.04245156755475157
70.72711321317067,11994.893250845416,0.2398117420739575,6995862266.06524,24.41386332980571,0.7943675543563044,392249014.54802793,0.0124679958112702,0.25,5,4890559.070359685,97.87376711847124,2431259183.197694,482445.2539635198,19.46749376511332,0.0010994915240239,23.35291027758109,23.349505765121556,0.999998214949341,1194.7383870017948,0.0014442972664806,0.0033907276568299,0.1663782571972533,0.0405337734623046,3.454730419774621e-05,-0.0003034555414293,0.0408372290037339,77.73055064616037,0.00560416726937148
50.42890742203146,13463.318488393295,0.6445905037435925,14662175299.29442,14.943009775798162,0.9682820138368464,121214262.33929013,0.0025954516635662,0.175,5,314605.7588364688,20.374295558995215,506113074.3954226,20906.466333107204,23.206957901661163,-0.000270119720514,21.53926916080484,21.539347637249083,0.9999999995169246,152.22664885653327,1.110716619593532e-05,0.000240478970574,-0.0774255026206286,0.0734385033113819,3.734557339762912e-07,7.821915947586744e-06,0.0734306813954343,57.96703647258987,0.04653282282705293
68.94546571131208,26627.519404160863,0.868754380585989,184038128723.79184,25.690758619668923,0.7683211799630888,783126725.665885,0.007446681569422,0.275,2,5831695.354538011,58.45645031996337,1452102906.0373068,172099.77771841636,13.902762314042638,-0.0003239510088419,12.305159112651424,12.305454712140918,0.999999991710396,750.8952774664236,7.880214632501437e-05,0.0020318673870094,-0.1298319824039215,0.0018133197926671,1.5898364347399774e-05,4.813019201153359e-05,0.0017651896006556,149.54923240408755,0.000821155179427045
149.2397071713755,3844.1586924956073,1.6083578853084866,1999237971567.1536,104.60471739270967,0.9250885874887542,490768142.9768971,0.0007348894758314,0.425,5,360660.3433470744,5.768882385277016,143303447.78713608,1676.0956502236809,6.434672074120614,0.0008489190323544,5.976058584520166,5.976050572970147,0.9999999998261294,301.7261557918416,0.0002174430345631,0.001129819218209,-0.0767417994844291,0.0001021127956357,8.316343328165776e-06,-2.6814945333306106e-06,0.0001047942901691,1534.444083168362,0.038737858725464105
472.250930826965,5791.074535773865,0.4725882472524812,26072130729103.266,64.64377725525462,0.6795056516597491,513137987.7587505,0.0009935230460797,0.1,4,509814.4166573046,7.799155911725998,193736993.98555025,3063.448855836134,7.562774315576338,0.0008134331998149,7.9110627287112525,7.911182098965971,0.9999999870820936,252.0834487683088,0.0001667969556259,0.0015989273539669,0.0440254900104492,0.0002572577732574,2.9025528181188257e-05,3.018513828699235e-05,0.0002270726349704,833.9259036603293,0.021626797718761418
154.2593120346919,3661.014068156729,2.09463903599594,3686256828378.716,48.21803353715433,0.898895814657729,748449518.9244459,0.0007456267020303,0.2,3,558063.9464318136,5.853169610938007,145397206.8959123,1725.4312034747766,8.387500513664925,0.0017902020593948,9.6062490411713,9.60640811355874,0.9999999912005944,141.11416429943068,0.0004522459777178,0.0028091039391438,0.1268703863790078,0.000151246383051,3.109511313098556e-05,3.312270880912615e-05,0.0001181236742419,867.166822962315,0.0024830723582898464
185.205472747096,8419.780455944147,1.035911134722131,4308452198682.782,25.539550537945345,0.4756978464477785,364306002.6903513,0.0030407060116624,0.125,1,1107747.45246528,23.86954219155049,592937672.2741841,28694.82685104164,4.153165534876099,0.0007996491857172,4.218326437490931,4.222329682198576,0.9999965836218192,304.8086895593612,0.0001949065088441,0.0079009995569258,0.0154470981751685,0.0022916249040766,0.0019033668339266,0.0018996700078337,0.0003919548962429,158.6835200219607,0.012320236121997185
69.37513553840336,5126.9489122186515,0.264642763449206,3370968234.4504466,13.758865401438408,0.9579483192942028,132625231.60153532,0.0019358577443475,0.125,5,256743.58169171688,15.196483293128107,377492260.14776826,11630.586708994268,21.44874461611643,-0.0009160638030265,24.304834000784055,24.304839452086338,0.9999999999545358,104.54318410267857,8.772980606031728e-05,0.0006859653851916,0.1175111660740201,0.0590445792278372,2.002126763309131e-06,4.750635358014011e-07,0.0590441041643014,64.64450408689754,0.03102686559809139
70.96222760641864,4378.774987588525,0.5534685880507401,13785032379.855104,12.3324827650979,0.3718026076714834,449479784.9112954,0.005128487155459,0.15,4,2305151.3035560776,40.258624170353585,1000054995.3145158,81626.89698746729,35.43430302024824,-0.0014934446736361,39.51301912883971,39.51345631268888,0.999999993725458,248.2443943637197,0.0005536785858827,0.0034890963457593,0.103224613014056,0.0367894639380066,5.8950659994339016e-05,2.2942316031282495e-05,0.0367665216219753,65.53655248353547,0.001680016475128185
70.43180417989271,14139.438287546987,1.436628290180433,291042548768.0727,12.570219489259486,0.7459934652846694,157193720.8242793,0.0092934654073205,0.125,1,1460874.406728445,72.95370344746638,1812225754.4275088,268046.48495378334,5.889270168081704,0.0009848940244269,5.660886131130653,5.657500960061198,0.9999986691493062,458.5220324444994,0.0004447738175718,0.009860312428818,-0.0403442202617553,0.010251371600352,0.001187476907069,-0.0012093314283144,0.0114607030286664,29.345684435346456,0.02535573468351518
419.9919397472135,12570.043374667024,0.4946439227781922,38783428675252.125,172.04851641663404,0.9200665347617054,179116972.8639204,0.0009328546027891,0.25,4,167090.09257376406,7.32290863189468,181906647.5438806,2700.7392770247807,1.9801999538001855,0.0006158766356432,1.7560275660014228,1.7560212381909164,0.9999999992549028,629.9477829860216,0.0002389417329848,0.0014902938351022,-0.1276588090864748,7.902073136285924e-05,8.698577346866188e-06,-7.207568791362467e-06,8.622830015422171e-05,1353.2715498022917,2.183783330183287
88.68494654273658,24693.171029211768,0.4461993261269377,123252167301.9961,26.20098611588101,0.6851994996450788,685301703.5966997,0.0054446290933218,0.225,5,3731213.593105641,42.74033838257679,1061702673.1977673,92000.74453231398,28.56208958108582,-0.0005630468020925,28.316814279177887,28.315757100736445,0.9999998768236876,559.9195062749753,0.0001775066344964,0.0013134775133701,-0.0086618254260434,0.0087869567604505,9.902172987600114e-05,-7.532821583198027e-05,0.0088622849762825,166.85799529209228,0.0014777987360454392
87.36157500228275,6663.615163346482,0.2406021927146667,9106492539.17302,20.356176563889917,1.02420572354465,761231361.0980916,0.00109914276474,0.125,3,836701.9428442139,8.628270703209663,214332839.12431645,3749.41017735862,24.0734261045522,0.0013125131544014,22.957629815830003,22.9574859809628,0.999999998739813,87.81930093778726,0.0001512855000734,0.0013566726888221,-0.0486024166115274,0.0009480562800795,1.8931182060866192e-05,-1.2542460605564584e-05,0.000960598740685,304.08858724537413,0.00029328695000694775
178.009601498969,1542.4611863771345,0.7733989293469957,375452789472.0776,38.72722311066981,0.6000120026714575,378556722.1665204,0.0150480429474522,0.175,3,5696537.813208532,118.1271371374998,2934368374.75318,702772.5455824966,7.293888898617182,0.0028665582924756,8.536628596090926,8.546041621358883,0.9999613628462988,2287.367997674322,0.0187956606822573,0.0240112453953692,0.145577341626742,0.0095292308085431,0.0019668968258176,0.0022226642925931,0.00730656651595,110.25910332163836,0.02176240307964972
327.65415190709194,15839.530231398898,0.4129538950115188,12617356635562.96,64.14748311318534,0.7100985346513178,123364148.59034158,0.0020651149292946,0.15,4,254761.1449936432,16.211152194963336,402697411.21246505,13235.586652727328,3.720012405851027,0.0006136971505176,3.9123935582504794,3.9124539848040945,0.9999999865264384,519.9523058358441,0.0001958266173517,0.0016888679707195,0.0491722393300024,0.0020247006705567,2.8994351172276223e-05,3.0951639025030356e-05,0.0019937490315317,281.432740228308,1.4562536205645713
498.08981688650897,1970.6818659510975,0.9844814242100488,47645563765342.68,85.77693330198834,0.5413602379912412,704877648.8806481,0.0011404706604241,0.15,5,803892.2777371047,8.952694684329241,222391778.7827009,4036.6674930211393,8.862308021416878,0.001410166473777,8.734299861678645,8.73299034077707,0.9999980047165202,383.96734740538744,0.0007635457498124,0.0030151769241517,-0.0146558008959439,-0.000131492182449,0.0003069459035407,-0.0002998851087223,0.0001683929262732,1210.480938620471,0.017831254089270637
348.3656395328672,6754.63720815916,0.2160809147971763,1882505889963.5264,247.25180603628505,0.8526375056241213,369529720.296315,0.0023212392284609,0.475,4,857766.8828340182,18.221727943418653,452641649.54989016,16722.24360739293,1.9501832023813668,-0.0009006482528258,1.7550573648282957,1.754998060553714,0.999999934997987,2252.6775715560516,0.0018272983278898,0.0044766209438293,-0.1111791793609897,-1.7225551817906817e-05,9.008889605353898e-05,-6.758327127868077e-05,5.035771946077395e-05,1770.8298619328812,0.6060865829771586
52.521746465663334,1140.630632531543,0.4002561579485235,563557140.5655837,21.80357515626583,0.8780962534099159,235436031.6039395,0.0071366930055605,0.275,2,1680234.6800047774,56.02304009365064,1391655136.0843153,158069.75268573817,6.918660249505312,0.0031316341903468,7.973771176023215,7.974476504751642,0.9999998886954248,610.7512825822029,0.0059897188762915,0.0157323649705812,0.1323226994136195,0.0079906783173042,0.0009319593705095,0.0001783021973102,0.0078123761199939,71.0866906108263,0.01716849072232269
59.72662477302841,9007.350173606565,0.5180858539489775,12469029517.37526,14.831162888900367,0.6659681305225363,394892320.26711184,0.0025312575163028,0.2,3,999574.1538063936,19.870371502977264,493595215.67905307,19885.08278231196,25.40916673033363,-0.0018388361843471,22.774982410206984,22.774748372880747,0.9999999966421224,147.35035821180992,0.0004982384940987,0.0037245712759048,-0.1156613108489644,0.0080127723659801,5.995451954972364e-05,-2.0717140082842853e-05,0.008033489506063,105.15235704208014,0.0025522717060013048
288.5050519241851,1056.4412613352856,0.4461265191017994,590385075070.6409,197.85377997854064,0.9131340054423936,516610120.4446415,0.0079446514718605,0.425,3,4104287.3537685694,62.365514054105205,1549207037.0128045,195886.47103494845,1.8415142076864452,0.0014166631027984,1.9449885502635609,1.9473619831016549,0.9999520904935356,6169.626347954757,0.0123820350248212,0.0144340049241147,0.0532004893103837,0.0025506137772419,0.0019233037468218,0.0024423158276912,0.0001082979495507,905.6512907080536,0.12259183682311782
340.4261537120558,932.255711348596,0.4649576678136941,1097018114705.126,168.4712789583485,0.4263868450789103,171308490.17694485,0.0196008371143961,0.45,4,3357789.812271424,153.86657134800956,3822163237.3072433,1192350.6211648155,1.8781866796022304,0.000897710253326,1.755445416853623,1.7555248852861949,0.9999998839514452,12961.049031967576,0.0104450981358516,0.0148094913224386,-0.0699202957666453,0.0020664087029919,0.0015511586282705,9.07202684615714e-05,0.0019756884345303,282.71616121390736,5.405053590562871
87.66822897791637,1075.802463995224,1.0687264737814794,29416760785.38198,35.538049763228514,0.733856705684439,627632920.1291306,0.0014145966435137,0.3,4,887847.422173373,11.104583651582578,275846345.48517233,6210.405954491983,17.118723506911728,-0.0027213059416217,15.920044214789124,15.919488218655037,0.9999999306391592,197.31762320493775,0.0014612368480562,0.0045178686322478,-0.0752937162705286,0.0008047010778121,0.0001354216458304,-6.990843602132357e-05,0.0008746095138334,424.91568777104544,0.003255300341808598
298.7400884127369,1430.470987386899,0.2287838211277403,241692925852.806,146.2775482742507,0.441045890894334,183522792.54661617,0.005058861864017,0.45,2,928416.4563919824,39.712065632533566,986478063.483318,79425.5781274298,0.923871520264806,0.0007703215087654,1.0453621605870451,1.0461083475314117,0.9999926506658896,2904.4917988165707,0.0017235115698913,0.0119501261159342,0.1162187085995283,0.0015861909327176,0.0006127672223956,0.001428349161263,0.0001578417714546,500.113865259435,3.2701223794385665
268.86796790042695,3473.468719313115,1.0773080302074054,8538069613709.569,138.1137104538985,0.7650432710346479,617360829.5402066,0.000989111326918,0.375,1,610638.589293759,7.764523916306912,192876708.7490252,3036.3028940805875,1.091589699834966,0.0013502968979577,1.0152394313528152,1.0145704877317991,0.9999983565823868,536.1936039945914,0.0009776427164669,0.0143587846646152,-0.0752041992502332,-0.0013148011981368,0.0013584958558924,-0.0013173738854636,2.572687326798686e-06,1958.6478903008424,0.04874815921908223
266.32407079744763,11108.90649425798,0.2057218121673568,958592267772.564,36.03893699664777,0.615305355034337,384675332.73672587,0.0059806882381237,0.1,4,2300623.2379948683,46.94840266927127,1166234206.434127,111008.7138978406,13.170041826569877,0.0004861604512064,12.320846874221104,12.321063588198452,0.9999999826830004,845.9852629455586,0.0001999502956003,0.0018377611238183,-0.0689234239348872,0.005901996917597,2.449650406730064e-05,3.5385111664298224e-05,0.0058666118059327,164.06509264094367,0.017582884786831236
45.63202415015683,16943.21863346573,0.4617650625206331,6348589364.320585,13.453812185794964,0.7485103694636215,581419627.9966178,0.0147296504225468,0.225,1,8564107.8691974,115.6277558169926,2872281832.3966312,673348.0748672338,11.587692187523716,-0.0006504197313604,10.135930127875692,10.13868565886179,0.9999997217289044,777.8170551133899,0.0003290522592908,0.0084613721348516,-0.1432292884158118,0.0048332493355841,0.0002497131088163,0.0005461206675739,0.0042871286680101,47.98070375566702,0.0005713382589289143
56.066600916902615,910.0287296091384,0.3023865897696896,333240143.85805726,13.957764173459832,0.9035209663604667,436074022.17792654,0.0143811187942459,0.15,5,6271232.316025395,112.89178253483053,2804318164.877956,641859.6729892519,38.807263789410335,0.0083807508695375,44.86802475635208,45.07214987355906,0.9984475567465484,787.858438871338,0.0553368014612669,0.0185353663411432,0.1350797366243252,0.1399286892690746,0.0012657622082268,0.0103017572034754,0.1296269320655991,43.628698314029414,0.001039762795580141
47.65083138253437,15142.334736170256,0.2617950738538483,2168492669.1120334,22.74212361699944,0.3910278995300461,533904269.55879253,0.0033182798766476,0.45,4,1771643.7937331814,26.048497031683723,647064575.9462836,34172.81611606465,21.209193465082095,0.0002611094534466,23.00228276274537,23.00255379011748,0.9999999922537576,296.1990697657971,2.0194303624733977e-05,0.000661225872407,0.0779526674007924,0.005912982226473,2.804341433002011e-06,2.370418071865818e-05,0.0058892780457543,163.7490671693547,0.003356735787668968
79.61378293733104,34563.87294104587,2.014651781274863,2284208123835.4414,22.95120065152421,0.4475162550755563,271512402.6769278,0.0199520242942515,0.25,4,5417222.054400672,156.62339070987463,3890644737.379051,1235459.9542335295,18.13998308367317,0.000604515371434,16.75117546598508,16.750900240333138,0.9999999853389864,1797.3474334522027,0.0006568205509129,0.0036772326900129,-0.0829080693774713,0.0683341632790207,8.150833055234341e-05,-3.510681550461525e-05,0.0683692700945253,48.059515948134894,0.02471783546389424
60.52348406193298,2130.9798639527003,0.6692905913532405,5191163570.322547,23.677011376687062,0.4448375921253227,540327241.3141202,0.0036689876050223,0.35,3,1982453.951037426,28.801552699425432,715452582.9793578,41777.96023193843,16.76596237164377,-0.0028366892120653,16.648758492555245,16.608549780331483,0.9998146360474652,340.96734546527404,0.0027436979741784,0.0100336999758645,-0.0070397969398699,-0.0015013874885589,0.0052171960094739,-0.0048405119963344,0.0033391245077754,163.10032290207272,0.003346309681053333
334.27823873210394,9642.142621280502,0.3454164767892719,5821733463293.2,90.41521422125358,0.4665315765424731,241112289.0355623,0.0015250689221654,0.25,3,367712.85876029776,11.9717910389984,297388439.8222533,7218.279347354783,3.109597355244921,0.0005579539199696,2.9078426353548146,2.907810153107237,0.9999999959928084,541.2160257015622,0.0001684873555717,0.0024601354176179,-0.0693829567793954,0.0001909509058905,4.3601234987464266e-05,-2.234577213841373e-05,0.0002132966780289,645.3258789631723,0.5375726431683301
45.574894917208255,19974.938280251892,1.3028291937878154,59282069915.81056,41.95255522845958,1.0251540174992415,427460437.7744747,0.0083178015636894,0.475,4,3555531.0977358893,65.29474227496195,1621971304.9194367,214719.68112896936,11.789271186000672,-0.001454212333696,11.154705914046891,11.153858649616504,0.9999996744165456,1369.640640709188,0.002896424961584,0.0044451990814627,-0.0568876738520453,0.0052656611599327,0.0001734094812609,-0.0001527288831168,0.0054183900430496,170.71619866405626,0.007013315644421812
92.68737188418156,1175.2548198589643,1.313637194944862,60663216343.82411,20.52278586314993,0.8248415759906906,714227123.3454947,0.0013925109253799,0.15,4,994569.0724613108,10.931210764232786,271539630.4490947,6017.996980638743,32.866973498244406,0.0030593564667064,29.42856546319885,29.42911768142719,0.9999999801117364,112.16944886965447,0.001049868127067,0.0034998407889063,-0.1168391316710754,0.0023062472208841,5.240598327571622e-05,3.76148950932899e-05,0.0022686323257908,263.8322043070408,0.0006153190015978842
57.17302745627402,1982.5386953741431,3.226728522624553,89386417975.74738,40.061957196944405,1.0360802618079736,194153632.26313585,0.0021919091372465,0.35,2,425567.120587168,17.206486727385172,427422281.7630712,14910.761963182926,3.628737404877322,0.0036799794355999,3.9272887610867735,3.9289051404025814,0.999997560961579,344.6627673911484,0.0046675088951804,0.011082031014947,0.0760197108925688,0.0016858728018693,0.000803513822396,0.0008240317403498,0.0008618410615195,214.02587314362103,0.06581013751256977
551.068145062842,20428.418152079437,0.3881349566206022,115022215807436.58,260.160909775735,0.7706518785704839,195736770.0394923,0.0090858735011723,0.35,5,1778439.532106883,71.32410698420269,1771745332.7286017,256205.30324117697,1.5556866304777492,0.000342581346497,1.5177958357527408,1.5176679033158111,0.9999993691928746,9277.872280976011,0.001088869451505,0.0030143503937591,-0.0249643554373152,0.0003565177370771,0.0001813271085407,-0.0001686580322532,0.0005251757693304,685.436988734732,5.3651401437228285
119.89855736942047,1612.37359711331,0.419845251102298,23804564738.58567,30.35018696060601,0.9175212246299786,323268424.22991025,0.0063602367928793,0.15,3,2056063.7257632143,49.92785882410311,1240246174.6114786,125545.5468260371,10.690978300300925,0.0027611901555289,10.058924879352338,10.057608218267047,0.9999994553458174,757.659924927136,0.0057765288843086,0.009802710726759,-0.0628350871021996,0.0056249092098632,0.0007600487867465,-0.0002633138662243,0.0058882230760876,122.82280173682084,0.011640048753860837
97.77658346503388,1742.3319976978823,0.2402456959975457,3725133335.62084,21.17855620974989,0.7630136280713297,585091010.1020966,0.0017320260476919,0.15,5,1013392.8697672172,13.5964044743817,337745079.2999276,9310.297981484206,34.625360666708445,0.0020459326401622,32.30838392405949,32.310179923337316,0.9999997294636238,143.97610820559387,0.0006026610057662,0.0022591169417716,-0.0717144115934422,0.0051657150546424,3.5574048021430604e-05,0.0001117435265541,0.0050539715280883,220.95482084857588,0.001351828429586768
539.6735006742176,2022.5356094237304,1.079790160810685,81069879740544.38,103.27665100573634,0.7545756253292226,279540564.95526046,0.0149804348767946,0.15,5,4187639.2287346767,117.59641378283835,2921184800.9749656,696471.8774740597,4.365418601910645,0.0010910939029792,4.576772308215465,4.578303423948256,0.9999901340556118,6072.48189288818,0.0072292041025702,0.0078871854871722,0.0461796419117098,0.0045191892692717,0.0006686987419654,0.0006717676006561,0.0038474216686155,253.24156207876936,0.2994988300524576
68.69102488852506,30580.60284075788,0.2011168960763724,11161007211.9236,53.78325914670275,0.930303671082248,406331455.87752616,0.0074033603349006,0.475,3,3008218.1832661075,58.11637862897004,1443655265.3056252,170103.21367127943,7.246489622374415,0.0004514660252659,6.350768259617334,6.350990930514582,0.9999999606576336,1562.8441262348963,0.0003185413465523,0.0022633174806867,-0.1410414183198446,0.0018066528039151,1.815876619296053e-05,7.02470773854835e-05,0.0017364057265297,226.17548105476428,0.017793999320854122
106.16848104317164,28495.632176556937,0.2783394340731236,113676433022.34377,22.531166647609204,0.4606195275197477,406646100.4848106,0.001156068924778,0.2,1,470110.92015264503,9.075141059507368,225433440.33171168,4147.841934177742,4.454749912504048,0.0004797785197949,5.051228878743047,5.051431736049161,0.999999993889272,102.23675778116063,2.3533616326491883e-05,0.0027664606935445,0.1180859114797086,0.0002518709642232,3.2401218884009486e-05,8.033537275967733e-05,0.0001715355914635,239.86824108149153,0.007000549009486753
297.72145861440765,3260.162929536745,0.3232720650695589,1084866898063.5062,144.3761065564319,0.9648329510476632,289584127.09747773,0.0018260229597073,0.275,2,528787.2648467971,14.334280233702463,356074477.14292747,10348.257115476174,1.3262908645304854,0.0014521319601148,1.3303480294813703,1.3343279625464215,0.9998703397829192,1034.7637852153912,0.0021819931795227,0.0084686049379521,0.0030497019283493,0.0060295323791278,0.0059512953190052,0.0059924681212721,3.706425785569675e-05,1032.0535072681184,0.3217553901690759
239.8569921354254,3601.127621350171,0.5816572288098676,1634340531332.3115,109.59812475835092,0.3738942898161631,558649473.2236884,0.0010394120519224,0.425,4,580666.9952688043,8.159384607590875,202685350.12486887,3352.974412948975,5.235725647048085,-0.001157569619093,4.868309992671953,4.868154037384847,0.9999999415760474,447.1266260870565,0.0005991351129336,0.0036265291048218,-0.0754708831050583,1.1839657223969576e-05,8.708080349005554e-05,-6.407341693467702e-05,7.59130741586466e-05,1442.2866199199932,0.06899377534512577
108.51434974366572,13066.31706669143,0.3058052685535284,68667629379.80655,69.72996786629588,0.8216829087626254,791224638.1650417,0.0026247699321521,0.45,3,2076782.6398335984,20.6044439673947,511830136.7696773,21381.453636697493,7.649872724897747,0.0008430258574073,6.83011010323922,6.830113800266426,0.9999999999907055,718.3736078746632,0.0005105428044631,0.0032652433132701,-0.1200218750895025,0.000189165755832,4.440791240856168e-05,1.0827712872664365e-06,0.0001880829845447,687.2209231769989,0.0052605946806128885
47.42880699340357,4513.001462181333,0.8142214842059955,6135919286.337637,25.19943647543596,0.9089697429365552,642414231.3992513,0.0017460684731968,0.325,5,1121699.2361791942,13.706637514594972,340483352.2733783,9461.87670724252,29.313806761169428,-0.0004811137880092,28.427095655802702,28.427447684357,0.9999999867103176,172.69977067043172,3.997489829704732e-05,0.000494728870742,-0.031192462153119,0.0033024711292673,3.923083464214133e-06,2.4848444749368467e-05,0.0032776226845179,274.37238516217406,0.001045389641451821
90.89331151853072,7699.575577474042,0.3876767369875565,32010629926.54659,23.726048213257236,0.9022084660916568,207148588.00478896,0.0172383927391852,0.15,4,3570908.715394225,135.32138300260402,3361486584.141119,922249.1951449076,13.98097943839074,0.0005840360306813,14.180752462647206,14.183210097682144,0.9999984695886605,1605.3208287022155,0.000547571860696,0.0023085924344221,0.0140876180430254,0.0728217697377417,0.0001879058056621,0.0003717601187504,0.0724500096189913,46.68642726431457,0.0281210602147997
151.87852947194486,15536.290717701408,1.9122135200553936,12250840575925.734,37.205941733454985,0.5230220535543719,366599177.3501451,0.0005615763218421,0.2,3,205873.41760666337,4.408374126461109,109507382.759225,978.7512259779928,7.64978949750732,0.0008756129294666,8.71377026244344,8.713810646686346,0.9999999993117412,82.00885544419128,6.28760256358087e-05,0.0014577281892013,0.1221033757938171,0.0003143350243978,8.701216279285995e-06,9.27191216699107e-06,0.0003050631122308,539.605390032691,0.02436762595059268
291.9848109798113,1201.8620797281314,0.272408125223304,262721753280.07404,136.90195178095934,0.8743184802070465,517786558.9755576,0.01076061051362,0.3,5,5571699.490323544,84.47079253191754,2098319050.1559136,359359.0341229713,4.41275861611853,-0.0014797923287492,4.691970029172845,4.6939119683236,0.9999848141128882,5782.108183051998,0.0126615757117149,0.009191027498353,0.0595083539149413,0.0016777505673046,0.0007055910823879,0.0008286456479373,0.0008491049193672,539.0625961142865,0.0642085880222363
86.25788519828956,28234.082515863036,0.2584777146832319,42322894426.229385,20.32102303361415,0.5249681955548553,169384745.88982025,0.0019971089453309,0.2,3,338279.79121916863,15.6773052208479,389436244.3395338,12378.22170098763,9.307375224028272,-0.0005332346298851,10.885553057616518,10.885558646228146,0.99999999999227,159.28944024892476,4.529222731118683e-05,0.0012358262832002,0.1449791136228957,0.0078720966640807,5.267099590228197e-06,1.0348764739407518e-06,0.0078710617876067,106.23178198448608,0.07352812547592028
454.53358613487023,21400.731523407572,1.3511154577775333,675830375644293.5,66.62866950630351,0.5602866234359998,217773097.0521991,0.0030070758415108,0.125,1,654860.2190766647,23.605545355860137,586379789.0946149,28063.60805118688,1.3518165838814238,0.0001734616271238,1.2499620743314326,1.249935475615912,0.9999999982842854,786.4030400158314,2.366203080765642e-05,0.0026232655817994,-0.0814860799712424,5.27107147674133e-05,4.221420564054501e-05,-4.2562838007180206e-05,9.527355277459352e-05,321.85754360946044,0.3564310474111732
48.31881226475156,34168.7813930291,0.2073827546547164,3246384940.011166,27.988288428058873,0.8773309594081369,581817614.8967077,0.0006001659984427,0.375,4,349187.14975608565,4.7113030877759074,117032369.6963442,1117.886001685684,20.744576643718947,0.0007793176100964,19.460426476683885,19.460446206767283,0.9999999999438492,65.93065484633823,4.00420560649239e-05,0.0006437528475012,-0.065987771058031,0.0006473953642336,3.1400353595750774e-06,2.029023008518231e-06,0.0006453663412251,494.6599034648888,0.0018779704310346902
350.0585020921431,4832.108649189335,0.7928929548723131,18487942217879.26,158.3802660378159,0.5471462722248988,526733952.7193155,0.0016921559058105,0.375,1,891315.9688849105,13.283423860612604,329970401.63305193,8886.597109081255,0.8019220611650955,0.0010035060681515,0.8177689493294411,0.8205976736501898,0.9999543851582088,1051.916102468448,0.0010593052122516,0.0176951799764973,0.019378197444816,0.0069340657050737,0.0068636380590298,0.0069301428576877,3.9228473859640465e-06,1586.1679354953849,0.14466080306135837
61.140110817475595,2411.7144195253886,0.3611434756387637,1781355335.5638957,15.906938668466184,0.8891520079373019,199858125.961304,0.0030430472119186,0.175,2,608177.7129858306,23.88792061356133,593394206.324135,28739.03118948267,9.112834543227567,0.0018902839906272,10.067799658381835,10.070017168054145,0.9999993092075464,189.9918440585546,0.0006788738347977,0.0052255737540097,0.0948534086451774,0.0078165388090822,0.0001438321182658,0.0004438119258437,0.0073727268832384,73.17551629353149,0.014541221379981232
140.14642535488787,21136.97572643306,0.4196894957282135,582086320703.9186,34.91850345091016,0.7843524479699793,539669284.4206735,0.0049731262531059,0.175,5,2683843.486347352,39.039041086881696,969759619.3556598,76756.24363185474,20.568510506909504,-0.0005339515989481,18.826366460760138,18.826345172651067,0.9999999998551338,681.592445456251,0.0001943249438761,0.0012563570182023,-0.0925374553703991,0.0057851458703792,8.528223627235487e-06,-2.274607821684503e-06,0.0057874204782009,206.4796991256299,0.004491796742300443
341.6024723075149,18674.009626993346,1.089656368967487,122366057641718.92,130.6786162659219,0.4555960318713393,487972723.2330997,0.0026053390854085,0.35,5,1271334.4084524503,20.45191182045723,508041121.65467,21066.0568888405,4.35907619040989,0.0004531027983361,4.770351806163709,4.770413409265526,0.9999999853473048,1336.313768345001,0.0002743480841835,0.0018938121835147,0.0862149444035585,0.0002652503787894,2.0797392376162297e-05,2.5833838249649823e-05,0.0002394165405397,1015.179411622693,0.13695274111492578
335.8747470999654,5562.091482434426,1.483294537407778,63119358735717.18,158.19855825378306,0.532227315414148,125997354.84319286,0.0084933292302086,0.4,4,1070137.016818656,66.67263445713758,1656199199.8906786,223877.6096481847,1.5053962699295431,0.000982990243784,1.602727959402064,1.6033727497706498,0.9999908079438978,5273.757323050331,0.0050958725359694,0.0097898241993796,0.060728764917056,0.0021258768597166,0.0007840268112163,0.0008058402987849,0.0013200365609316,345.87317773058504,10.726316135080104
159.09334576070674,18494.292462004683,1.2365439092273132,7342181449943.43,97.75933360924316,0.9030010174226686,300433508.5556108,0.0005736370758665,0.375,5,172339.79934017133,4.503051045552486,111859229.79397896,1021.2431808175788,4.946791850659302,0.0005832102150909,5.003274742526205,5.003328674331384,0.99999998980585,220.10763471080836,7.486612433841108e-05,0.000682218189324,0.0112891845388414,0.0001745533664019,2.0594822837604124e-05,2.1562016788205328e-05,0.0001529913496137,1269.9494640871794,0.1561760986605086
111.74202932864824,18946.366253656623,1.423351603957763,2425363187719.276,35.00018450252201,0.8334702502125226,373832094.2381343,0.0005496595592113,0.2,2,205480.3841379853,4.314827539809024,107183614.04621144,937.6533584645264,5.696598234183149,0.0009244998561213,6.235410655856897,6.2354667249113875,0.9999999988353028,75.5098799949395,6.453829322113669e-05,0.0017192103398762,0.0864116978675082,0.0001650456018151,1.7100646287293575e-05,1.7986803166073823e-05,0.000147058798649,518.1247775665464,0.012248001084626696
62.31757212509091,7814.761689155742,0.2869086242555361,3931925592.985029,24.409444342804857,0.8981519326539489,186966931.763736,0.0036268702250085,0.25,3,678104.7978751004,28.47093126631717,707239693.8766685,40824.30267868176,10.42095730682377,-0.0020939053506763,9.526233072038194,9.525868289974737,0.999999953573268,347.4798060664957,0.0015235042280308,0.0051606946571298,-0.0939221440436733,0.0088980180519708,0.0001416742453194,-7.727063533543785e-05,0.0089752886873062,99.48255122582154,0.04089681228550474
119.70822751644003,3173.25796796481,0.7343229620269169,142408477706.4371,56.57146075828471,0.7038975411564696,203121047.35234556,0.011289006520332,0.35,2,2293034.8279773053,88.61870118460664,2201356271.464751,395517.94332315633,3.210522279752924,0.0021530812641184,2.846471149121951,2.843557033290772,0.9999849815985185,2506.6446882575665,0.0116202004976715,0.0261575700127098,-0.1278955982895773,7.691435998617335e-05,0.0026475077360522,-0.0020508351068526,0.0021277494668388,136.21333405859244,0.2564553094833871
160.50577431279285,1149.6648203808636,0.9611802750898324,285695784370.99133,68.57113705964818,0.7738913991750028,192652459.40885243,0.0015405573457854,0.3,4,296792.1615259341,12.093375164415509,300408682.42815596,7365.639875742502,3.914843966679475,0.0032040453688602,4.571113527233801,4.571654610844511,0.9999992041859288,414.6282429564406,0.0042565348680378,0.0074263170881378,0.1435688605510232,0.0010704315394508,0.0001919404533281,0.0002369517363867,0.0008334798030641,435.2735964529948,0.38869054549707593
82.28117656467566,3659.9978642804344,0.2728168102304536,5060405328.280348,15.49331589001999,0.5603311189173885,308471265.1926895,0.001448129081947,0.15,5,446706.2100705362,11.367813293284389,282385170.9796759,6508.3259272807,33.03381614834313,0.0023097580303839,32.22523304586009,32.2242943206845,0.9999999250317758,88.06256116581173,0.0004698121926886,0.0023377403195969,-0.0250916138087298,0.0149169534355037,0.0001086662160697,-5.913190605773798e-05,0.0149760853415614,128.35734456659955,0.006781211888149164
108.29156296806909,1012.9163086440328,0.243664164166672,3351935253.1441116,35.03365443665123,0.976470040051362,144359609.20982605,0.0006007657811493,0.175,2,86726.3133933584,4.716011382022526,117149327.32412642,1120.1214622873138,4.001618603056983,0.0040236893737184,3.87162040804326,3.870636305708824,0.9999990701542404,82.60955653854558,0.001337455013239,0.0065183774520335,-0.0335772057466307,-9.307871342949557e-05,0.0006268581984438,-0.0005085137167173,0.0004154350032878,308.2679152011514,0.14782323362016414
105.76463361664608,12583.5214952845,0.3076146521127788,60386290748.07383,18.28228777304609,0.8776632206945583,163392670.01070797,0.0028607350857977,0.1,2,467423.1438617983,22.45677042351196,557843341.7305518,25398.614588745477,7.735811416229106,0.0012464775362424,7.916625658933416,7.917835662546709,0.999999666893426,205.28056966793784,0.0003189457037593,0.0036322496087201,0.0228398121237767,0.0067256537608098,0.0002870176431728,0.0003076721094892,0.0064179816513206,78.42971426467774,0.03615025492200675
88.14391786222915,28546.727228002444,1.8821944317108457,2474086850337.8877,20.60386181220846,0.5880088751582235,456326386.071871,0.0096534920573575,0.2,3,4405143.143507499,75.77991265025707,1882430951.1847296,289216.87563505897,16.95492695915728,0.0008499574140389,17.672921776316056,17.675068516497788,0.99999953698794,780.6794241935623,0.0005639843672235,0.0041931477362555,0.0406268316154139,0.013983821931342,0.0002158168668437,0.0002462935430258,0.0137375283883162,80.41125234267258,0.0035742165336650426
198.67680789045025,5997.4731496396225,0.447175809256619,757310286804.2537,36.21154800603114,0.8731933889542616,204399576.7375222,0.0037585449949048,0.125,5,768245.0061074857,29.504578210003142,732916274.0064476,43842.39296911311,11.199064989124372,0.0012097952408529,11.1999857741859,11.212391038837842,0.99989291874635,534.2032251246145,0.0007818622574499,0.0022870145101215,8.221305634584605e-05,0.0129786690233455,0.0022062786644476,0.0022402566665241,0.0107384123568214,151.58276983734726,0.07322386830175005
355.1624813341515,2153.016740430612,0.4492906060619555,2802661548564.1934,96.99607358271768,0.6616383601278388,135328114.5769198,0.0009548898794935,0.225,3,129223.44702044806,7.4958855540245874,186203526.5012477,2829.836369442824,1.810191818306755,0.0016027828243346,2.0306785592571144,2.03081178969386,0.9999998618384592,363.5357333828997,0.0009338915921945,0.0051165446021666,0.1085778642539173,0.0003380031010151,0.0001204873187172,0.0001312490876662,0.0002067540133488,655.456920406849,2.7302093290562754
124.68971671996486,4747.288546146209,0.6793998435446781,214673933285.3207,19.647756578581618,0.6960105043215219,532787641.25322706,0.0120226245918519,0.125,5,6405505.797965842,94.3776030460378,2344411795.4111304,448593.8505224484,33.30206750614279,0.0007147053188735,33.88270362335768,33.887043358650025,0.9999986584702316,927.154085559277,0.0004735937307225,0.0021263678301007,0.0171366524840896,0.0450300808739402,0.0001314191659048,0.0002676458656419,0.0447624350082982,74.24428433557203,0.001737117253792333
372.085847724351,11964.599937029534,0.8474810351285821,66756108537588.625,120.90150663619694,0.6665882453788303,262655856.328066,0.0062201072328108,0.25,1,1633747.5916863298,48.82784177756515,1212920910.3981152,120074.41701542665,0.8602021349544182,0.0004717903203348,0.7564979979122055,0.7562787157303035,0.9999996817706436,2951.6798183507335,0.0006570029179929,0.0128248063808141,-0.1370844831426083,-0.0005300493003363,0.0005985992501876,-0.0005796744518627,4.962515152647779e-05,445.9631247255684,0.5757705174289279
79.43617283189026,855.067482400909,0.7719718304648906,8223123088.746072,18.193058791664807,1.011081964199076,532308213.2409099,0.0014336620089828,0.125,5,763150.062393041,11.254246770515474,279564091.75165826,6378.936762571216,37.84531842190307,0.0021273825589969,35.89466586860555,35.89546211223907,0.9999999574113017,102.3745865759459,0.0004633224559875,0.0014551261609132,-0.0543438002860368,0.0062757703428127,1.947796015460551e-05,4.464251144179962e-05,0.0062311278313709,198.99242594170184,0.0007148827617618134
517.256164046789,3772.079216323734,2.638749131756696,762008746916092.6,174.11970902637466,0.9065865478988492,486218995.25720626,0.0026170928957921,0.2,4,1272480.2782868375,20.54417923196848,510333114.67947173,21256.56181728397,2.641834680382738,0.0005948022497972,2.8587889077509376,2.858846346985002,0.9999999770747774,1788.5732550280204,0.0006327788245923,0.0024679415531978,0.0758902578570873,0.0001271975427141,4.011796922612221e-05,4.0188213090506546e-05,8.70093296236421e-05,1347.1841132169857,0.11581831421507215
121.40381212519154,19944.867955305683,0.2265938116531363,90160600823.27856,24.68952903449806,0.8670823728923569,384255336.5083161,0.0006830992921862,0.125,5,262484.5483876295,5.362329443662255,133204361.97632354,1448.179560742505,22.66598954730702,0.0006430396652899,22.427802696931103,22.427711445739455,0.9999999984674244,66.19669424592155,2.7372333807867745e-05,0.0004310289517035,-0.0106201598789928,0.0022250712262603,8.743254095534836e-06,-8.15548374797281e-06,0.0022332267100083,332.39422539537617,0.005198301054920264
282.5739541113957,9044.016181984673,0.2686349539026649,1686456462553.8704,112.09318003444358,0.6947507501778737,226916392.8674128,0.0032269680259918,0.3,3,732251.9443565528,25.33169900403625,629258765.0684164,32317.969559653426,2.4186303298611063,0.0002764179052687,2.2755056469779675,2.2755315122360575,0.9999999958562056,1419.755348518885,0.0001084790458103,0.0016979058896972,-0.0628979686660933,0.0003347500642107,2.2912976896438675e-05,2.2740857946668396e-05,0.000312009206264,533.5651098813419,0.7333196984759771
186.36548325752943,10481.717875829036,0.4493042527253751,1034512374263.1848,56.63779995266487,1.0204640894145405,645340626.1882716,0.0058027939376948,0.15,5,3744778.67339349,45.551932410904435,1131544817.8504925,104503.0679224112,11.241244977621127,0.0007222359803093,12.669483612501551,12.669675358599518,0.9999999799960668,1289.9806176730583,0.0006728858962142,0.0017272610260476,0.1127306114884679,0.0021768292093218,1.3231790072121274e-05,3.0334169883208546e-05,0.0021464950394386,339.0431172886736,0.0037723728873895477
51.07581916830329,21664.497878651306,0.3730522868292868,8315907495.237651,22.703482931779135,0.9362225084121208,167433412.8597543,0.0005285480791814,0.275,3,88496.60875782123,4.1491024215745425,103066875.44038671,867.0092696296032,9.332636792369929,-0.001244069322405,9.65720193851872,9.657291894698464,0.9999999972258826,47.09953800521055,7.289635432525993e-05,0.0010741010350535,0.0336086112949787,0.0017069799553499,1.7159271812373922e-05,1.8661404137963224e-05,0.0016883185512119,229.37386423612728,0.044600374667746
522.0319542962998,5948.2149661944495,0.5618863228596613,56523907022830.03,180.14589066075175,0.7971261876080293,247909654.66304508,0.0028931793388117,0.25,5,717247.0907630809,22.711457809672325,564169971.0682935,25977.984478791415,2.2533666100958487,0.0008040998786771,2.466535268957768,2.4666176448058432,0.9999999014264768,2045.6878976637536,0.0013226939559901,0.0032357218441941,0.0864243303328046,0.0003421913132961,6.05514057207962e-05,6.681429572544901e-05,0.0002753770175707,946.5771814696096,1.2016098809687314
147.45695085156132,19766.972937546696,0.9656322368348956,3531709082958.4795,29.53029512254546,0.5725877828768267,545536113.7818524,0.0075616868025488,0.175,4,4125173.231898013,59.35924140000836,1474528926.4970229,177456.58258285638,15.455628604984282,0.0006717859093973,17.92355455523139,17.923991525348274,0.9999999668146332,876.4479583963328,0.0003955377278352,0.0026604352210237,0.1376917699356007,0.0078390790927077,2.5699630041758903e-05,4.913974561442016e-05,0.0077899393470933,142.37797962167645,0.004384871468148094
116.2644153882638,13965.947263349666,0.2334192238894582,56349638452.74295,23.733161212216107,1.0122387569350852,167481340.39511636,0.0113791943959102,0.1,3,1905802.730043644,89.3266760078954,2218942907.2024975,401862.7727823236,8.525895450421297,0.0011499832077674,9.383986926926008,9.384591273411042,0.9999998737757342,1060.002201123389,0.0014018119717366,0.0042106558098726,0.0914421005897334,0.033386096971154,9.68931922179922e-05,0.0001330911764294,0.0332530057947246,51.683947112818984,0.0389150273464622
433.90700564812056,5920.073821448178,1.1426944340651786,111054008882491.28,91.92667049481524,0.6191932132951022,251293381.38198677,0.0012416899370882,0.175,5,312028.4629188823,9.747266006142436,242129537.73220065,4784.990347656159,4.5722989569855885,0.0007861939464335,4.866888340441322,4.866949756133816,0.9999999860242692,448.0168551859848,0.000276919630997,0.0017254265319374,0.0605293080196329,0.0004730078350849,2.458719820349481e-05,2.524963601155519e-05,0.0004477581990734,742.3318653178972,0.4080802713834448
198.83004385161595,4298.511938292772,0.5999306386216657,979960341690.4462,62.79627594318976,0.7030541144841407,776165746.3048062,0.0139703999515193,0.25,1,10843345.904547617,109.66763961942662,2724227990.546266,605720.708946255,2.6253253577088445,0.0016002412267324,2.503853302215131,2.482167483284365,0.99972009226196,3443.359679789902,0.0088176589979255,0.0456045253971163,-0.048514046484372,-0.0171095443038666,0.0180696260110981,-0.0172493552185243,0.0001398109146577,265.6925238393946,0.005671797887310973
175.15689719542038,1533.0725222944857,0.6299969266921519,232117978993.08655,46.69846996378928,0.4959243051380171,157639873.13770398,0.0020316284278243,0.225,2,320265.6476251757,15.94828315842076,396167543.4257386,12809.828201077504,2.5900181795353734,0.0027263421409678,3.035657244247477,3.0368794144495364,0.9999976656212706,372.3802110237591,0.0027678803129833,0.0147290274858843,0.1468015091481697,0.0015300362439279,0.0007370530613763,0.0008059548613466,0.0007240813825813,233.49961981751437,0.4976237430502176
64.26385020392856,14114.005816276403,0.4226726585745605,17429535595.11159,26.545281086526888,0.7937796299957691,645571501.8994188,0.0075931466168109,0.3,2,4901919.065557137,59.60620094196597,1480663590.2781355,178936.24302801804,10.643340835879703,-0.0015177636489454,10.814181533429968,10.829262309538096,0.9999720046551768,791.1316792522452,0.0018224560739821,0.0095278071662394,0.0157978388861091,0.0048418394090553,0.0026507605964669,0.0027967266508515,0.0020451127582038,138.93806282940784,0.0014879392741551998
268.657537730013,18257.88172050023,3.3226411710276578,425572581560091.0,79.21903083310634,0.8764996238425018,233630232.8824783,0.0022970491017185,0.2,3,536660.1165769912,18.031835448490572,447924574.83511615,16375.527570179562,3.324433496139118,0.0003752395019895,3.2672712516313025,3.2671849566727342,0.9999999776134442,714.2322641857373,0.0001005672481565,0.0013616390805211,-0.0174954082796998,0.0003790500148361,5.290707702292757e-05,-5.28459881450071e-05,0.0004318960029811,453.5044312758308,0.23282079571723607
511.93330279137695,801.0280968622711,0.3252841343202119,2359322385814.927,192.14928558361416,0.8065034375457322,596456796.9022346,0.0009705394113517,0.25,2,578884.828562271,7.618734379111579,189255185.21359977,2923.351883997392,1.325601041398654,0.0022372522954466,1.4345545459561564,1.435455830657985,0.9999943059741672,731.9671839988051,0.0036637137602487,0.013333180660899,0.0759493634206032,0.0012623372071565,0.0011614627358518,0.0012569374887091,5.39971844738075e-06,2703.922941994795,0.0962909776524524
199.42262339894893,9452.038163129482,3.455123107660678,72328667620336.78,41.96349577062315,0.8303330910142456,532507068.3797156,0.0005554200872204,0.15,4,295765.12236498145,4.360047684680734,108306917.00799276,957.4098860719912,13.82139320353825,0.0008333247443836,12.415071401870584,12.415052438170829,0.9999999998643092,91.48142128790762,6.35274552411466e-05,0.0008557885315912,-0.1132753696008364,0.0002872310132611,3.232669040204028e-06,-3.055832635504019e-06,0.0002902868458966,737.5580131364288,0.006133561980711285
194.8858488332444,14373.836228937607,1.182145757019084,11743463814018.268,73.75863009134521,0.7815155020226707,230907849.55886137,0.000556683741214,0.275,1,128542.64556811738,4.369967368530273,108553329.53673926,961.771309509242,1.1853686230602714,0.0006420837237871,1.16263831136379,1.162439351501198,0.9999998890551924,161.16140332333683,6.64422548362896e-05,0.003683553608305,-0.0195506302126052,-0.0003286574651135,0.000343984860205,-0.0003422311775687,1.3573712455220547e-05,852.7084177299206,0.25729877021200764
49.3869670000225,2330.699560825783,0.7942835936142943,3545252296.6053543,20.78681413740965,0.5094826665378974,464514815.61932135,0.0104890396526154,0.375,3,4872314.3202584,82.33896127303102,2045362732.2600064,341449.2769796615,19.89772099188585,-0.0016936893399672,17.679675362392185,17.69118070274403,0.999986706444728,855.7823421249333,0.0024548831749461,0.0091788232069762,-0.1254573731716728,0.0157271734427559,0.0003353264519591,0.0013207130696767,0.0144064603730791,78.5222043310206,0.0037967970550612093
383.1120187776244,9525.211633823064,1.1470283383409263,109417372486680.44,74.86297484246917,0.4389344418389087,302667868.0284015,0.00428825599428,0.175,1,1297917.2993487462,33.66280955509814,836209918.8846035,57071.08770189925,1.1503514904476173,0.0003862455019138,1.31149931492297,1.3116628704450477,0.9999999410566972,1260.0490324250716,0.0001879811554945,0.0079010394578615,0.1228729764794558,0.0003268870300981,0.0002537662429746,0.0002494524919072,7.743453819095672e-05,357.0117553434048,0.19139397308099637
114.126973409576,23984.80370859058,2.0074127275888087,6645428074021.303,30.832590632242333,0.657632515361739,123311469.68046394,0.0168390491360726,0.225,1,2076447.8969906664,132.18653571817038,3283614581.534168,880014.587811012,2.0823146382925426,0.0005474740433219,2.036949392063566,2.033653236486332,0.9999901744900044,2037.8266714463132,0.0006107933622999,0.012452201219116,-0.0222711700181311,0.0011519835874424,0.0032447530335214,-0.0032479745565447,0.0043999581439871,47.36151652417473,0.3669864205927945
205.9629733228645,1127.4138131832065,0.2619360457127774,56414499879.47921,32.30176035946563,0.5154482020415218,237035149.37693372,0.0006149409855291,0.125,5,145762.6283628973,4.827286736403708,119913492.17818128,1173.6041108644542,12.836801991848814,0.0011288222445154,13.461653768566668,13.46196210871344,0.9999999539519336,77.96492967286976,9.934600545589249e-05,0.0011041814736507,0.0464171629623174,0.0019498797388518,1.3131395968590809e-05,4.589789102082964e-05,0.001903981847831,359.9883739926446,0.06853858697054008
71.83777593325442,877.191515199097,0.4115365972108094,1603552214.6918368,28.05112384970602,0.5294510089856677,572205251.7373952,0.0159780067847306,0.325,3,9142699.394518605,125.42735326013552,3115711323.022475,792318.771843797,14.841487091585051,-0.0012013784066874,14.507617238391807,14.544499519353383,0.9997949226026696,1759.189110220445,0.0025390553684672,0.0092288642537253,-0.0230134175521061,0.0149236992966653,0.0017815279578415,0.0051408079905804,0.0097828913060849,95.28784677394638,0.003615482976982604
54.46845501725829,1628.8011588733484,0.4579323977082309,1218460017.3932743,29.319067191864026,1.0359071496061008,463592063.174419,0.0007441872764509,0.275,3,344999.31487804936,5.841870120139987,145116518.90793598,1718.7757752542996,11.527450564573195,-0.0044547827707878,12.436152463545069,12.43710526702272,0.9999998116881014,85.63909128926352,0.0016995154343236,0.0044593852679035,0.0730693758890147,0.0006681212165908,0.0001359504867191,0.000153315988568,0.0005148052280228,415.3838938003975,0.0025906837612644086
147.01941609240316,4680.171200303818,0.2095774934036349,38923334953.72724,23.044204727348685,0.6680730423416357,638226435.7531873,0.0060238273247652,0.125,4,3844565.8430775823,47.28704449940721,1174646328.3292236,112615.91539309516,25.392827779174947,0.0015821924451586,24.854448567468705,24.849161010272574,0.999997462188608,544.8461671977936,0.0013639313540467,0.0046141887112055,-0.021661281691476,0.0082814712393338,0.0004859949352356,-0.0004291423090742,0.008710613548408,134.64353050461767,0.0014546952766222652
100.02556872451792,20039.497072976665,3.243239868433767,8551638256685.345,42.204513750726534,0.8806214733355473,695039660.7380066,0.0022941935131623,0.275,4,1594555.4810556625,18.009419078324076,447367735.06664896,16334.838232691372,12.978956194693628,0.0009870591832461,14.107114183220691,14.107302066363523,0.9999999899577168,380.0393875668626,0.0003702669906159,0.0019498149643121,0.0799708554049219,0.0009348518852606,2.3766242973788376e-05,2.6661020308277827e-05,0.0009081908649523,416.9858322698662,0.00248505138962809
52.03911978821501,15706.46258108316,0.5502495842460152,14134415197.533266,12.962503797166768,1.006336368298545,201416131.19191435,0.0126011618250971,0.125,4,2538077.263334317,98.91912032701288,2457226555.8939505,492805.9249878315,26.98783573767601,0.0006285891757794,26.87510214281617,26.87291506259165,0.9999996887141344,641.1197364256506,0.00025332202035,0.0013551195443196,-0.0041947224706632,0.1822866012599745,0.0002134569251059,-0.0001924510877601,0.1824790523477347,29.417336989706705,0.006800673896549998
42.703600059684554,3465.639577917979,1.7398161446669989,14138661926.318192,19.12506748910909,0.6190365785021321,526969872.6626785,0.0040330887440194,0.375,4,2125316.2618732345,31.659746640553024,786452305.0838012,50481.273180297845,27.922864776162523,-0.0037028746196825,27.233315143055833,27.216382647346435,0.9999784033204204,302.74739559433567,0.0041510544462252,0.0083513618426814,-0.0253200768795317,0.0089987675444039,0.0013417223435663,-0.0012558746063572,0.0102546421507611,124.09366440270678,0.001915929373779322
283.93680771938966,3131.8252505142323,1.5747451178326604,20458090222320.844,81.37672714672482,0.3877388432120713,561002229.8095027,0.0016475101971702,0.275,1,924256.8942464036,12.93295504778646,321264488.44819874,8423.85660824444,1.580631653913677,0.0011393304727784,1.6425560573830298,1.6450630758463265,0.9999911485681098,526.2207770622881,0.00068307347013,0.0154033515613996,0.0377000244168301,0.0030685366671462,0.0030253372188099,0.003054952983022,1.358368412422174e-05,852.3953772067886,0.037146589102864495
221.0824738185407,1747.7113458403858,0.4842058113952601,396741114130.72064,79.9448780885828,0.8255822178879502,225658291.03868517,0.0009350279743456,0.25,4,210996.81476420767,7.339969598613517,182330454.99740583,2713.3383413496085,4.367242118924806,0.0016303260562686,4.242278291809254,4.242016846957322,0.9999997839643168,293.3964873675308,0.0007798370223489,0.0030139392287839,-0.0294567726395567,0.0001944438721607,0.0001537877065991,-0.0001232921772799,0.0003177360494407,704.9797108758295,0.2955622625662181
45.77085274968159,7280.975210651221,0.4306538755978762,2401942094.5680037,16.693513847864065,0.7544625528962754,138925895.9147347,0.0081265058170864,0.275,1,1128982.101295032,63.79307066412829,1584668634.331849,204956.85302066593,4.332015401698416,0.0022759215905538,3.9973364531607984,3.992144887063088,0.99999368621145,532.4652542646982,0.0027580736868581,0.0243610448888545,-0.0837254888246843,0.0038170197738017,0.0034720913424804,-0.0026125158853672,0.0064295356591689,39.17960633611706,0.06376530303059633
98.9971271483339,3011.931242899503,0.378220272883085,16772016217.88813,12.190270034951652,0.5217809705367502,187378186.50576708,0.0009710736565971,0.1,1,181958.02073669896,7.622928204287668,189359363.0364453,2926.5711591315526,6.1006549974824305,0.0024767925551638,6.340349569264356,6.344028309173083,0.9999987252725688,46.46277663365788,0.0002850259665096,0.00931768037261,0.0378046303541173,0.0022302190547121,0.0011313330182916,0.0011619983841634,0.0010682206705487,96.12124425192636,0.019618001112041806
122.75049835906604,24502.633364335274,0.2414358827157351,131422491511.66838,20.607313383931896,0.8128019172812425,328333245.2093886,0.0070321503971344,0.125,2,2308888.760691646,55.20238061750546,1371269327.4412186,153472.66830607963,8.709507306410753,0.0005946799669742,9.9549465466548,9.955441917842975,0.9999999646877692,568.7863784620115,0.0002011480396841,0.0031035551425212,0.1251075768621335,0.006279521762631,3.848916807502878e-05,0.0001001401011643,0.0061793816614667,79.92954827048814,0.006552631177915542
57.284205504784246,1302.365396071953,0.2215511058888622,278984782.6410141,19.97267916638523,0.8232669291784509,383187041.0083249,0.0097217326604954,0.225,4,3725241.971649254,76.31560138488955,1895737868.7966192,293320.2803004874,22.582401761065427,-0.0039142917110206,22.46618603960336,22.38184121761873,0.9992421760283792,762.1135109250718,0.0116768590324363,0.0116918387568711,-0.0051729172569478,0.023441738095127,0.0076121586702378,-0.0077281096232276,0.0311698477183547,71.17746619757065,0.003786643484102557
43.64747653267294,29112.746131472195,0.5683454744371643,13832631010.85892,15.311810613172469,0.5025578206165591,533991228.38274986,0.0137241281795279,0.3,3,7328564.065068459,107.73440620929463,2676204995.0079565,584553.5121208937,27.853464018029456,0.0003894070683039,25.933547750691577,25.93482258228661,0.9999999261794398,824.8044121996559,0.0001250715799807,0.0020797803287959,-0.0740321488519318,0.0303212945760639,2.9207804901273948e-05,0.0001012888253125,0.0302200057507514,54.21554852379841,0.001366546332064949
241.4869008033357,3973.281699302011,1.5135852564959456,12545780701232.703,81.30961716173545,0.886411543327148,522780687.85959786,0.0030509864721385,0.225,4,1594996.8065549303,23.950243806287787,594942362.0670215,28889.186131348488,6.0730276979399695,0.0014281025143687,6.349023607950116,6.349785422184996,0.9999991816681376,973.6925774097429,0.001985823413728,0.0044837614869304,0.0434706069866475,0.0006727213885302,0.0002306262780928,0.0002400966152175,0.0004326247733126,604.1630651816753,0.021371819858849315
185.81358983979877,2432.9596247097384,0.3463445295722905,141000842565.22784,26.081354668414757,0.5726983359466985,266201004.02848345,0.0166561517968212,0.125,1,4433884.33156465,130.75079160504697,3247949600.3801475,861001.8474314348,3.599180372438817,0.0017123538596723,3.535255617291135,3.491776507026843,0.9994416648651728,1705.0788845136085,0.004999556839632,0.0378314967668981,-0.0180820744149369,-0.0216975837591605,0.0238486251114379,-0.024515052974444,0.0028174692152835,59.18617623217204,0.02943469967576969
279.6641937466704,3984.458590557322,0.534281064704835,2819788874552.683,114.44462757235245,0.829641946631015,142141949.0849855,0.003914376606373,0.275,4,556397.1202825395,30.727856360028618,763303438.2427491,47553.223025388485,2.1751141216388907,0.0013460423408824,2.3527974071733855,2.353113007021002,0.9999989783360878,1758.3190386101082,0.0031857751546219,0.0060648699141074,0.0755200107721814,0.0012990137610372,0.0002431377507346,0.0002685707176647,0.0010304430433724,391.469443267749,2.4017723536283175
91.29316741314096,5249.924578530348,1.114790149616936,183676102821.4794,17.060211853037245,0.6342457453551422,728293492.8095293,0.0193289173348372,0.15,5,14077124.718015287,151.7320010784725,3769138880.2932663,1159497.4567670722,40.14373211122326,0.000642006515148,46.166915811676674,46.17105547108156,0.9999993728870848,1294.2900416420084,0.000533470588097,0.002368869191784,0.1304653688590134,0.0700194078017415,2.1504092890117787e-05,0.0001918655437404,0.0698275422580011,59.44379104264355,0.0005649579890020156
306.4385380236476,31379.364964727178,0.4364036045772023,21357704889091.973,84.6661726919834,0.9110495697057708,197800342.7781007,0.0014842317849047,0.175,2,293581.555816321,11.651219511502656,289425198.05643535,6836.883798681972,1.748170033315939,0.0004063309650681,1.8749798793059724,1.875001834444804,0.9999999980248532,493.23208161654514,8.143501041563343e-05,0.0017605858673958,0.0676326436297398,0.0001516757321085,2.291155195874306e-05,2.3422206773124387e-05,0.0001282535253354,554.8111910485899,0.4021007485312594
83.6173212717329,10683.753499684391,0.3270004769426016,22634238074.486614,12.652650020920651,0.6616255810541307,302450600.6124396,0.0040171041019196,0.125,4,1214975.5483482978,31.534267200069383,783335299.874335,50081.9137501482,32.71868723870815,0.0010595882000358,31.651579109477836,31.650927510568525,0.9999999767532118,199.4960232743377,0.0002239796023763,0.0018793096831383,-0.0337142145590699,0.0406174097323337,5.233794811002057e-05,-4.2846905427461335e-05,0.0406602566377612,62.319621401420015,0.004162579420695771
63.609889102080395,9103.085350475658,0.4102461460194196,10165679985.189596,22.05994013694144,0.3661872288142872,231596837.9544466,0.0008981351540815,0.325,4,208005.2617410121,7.050360959540012,175136355.04589838,2503.4454585429535,14.769437696956176,-0.0002910595966822,15.602836724550734,15.602946604872336,0.9999999972305998,77.76527035564084,6.5879384445164065e-06,0.0003814186648748,0.0534133018442231,0.0039196238868466,1.3618175467994265e-06,1.4139716748202276e-05,0.0039054841700984,201.08164207072383,0.039467316742152043
127.07065531757256,8934.57078358058,0.4903627854343512,227012632533.13547,26.71116152092568,1.0342566169524274,190788533.44638216,0.0006931154884608,0.1,4,132238.48755241712,5.44095658441762,135157520.24986443,1490.9598569390653,12.2660837443414,0.0013295090913403,11.687448911577826,11.68740926201406,0.9999999993356008,72.66713507736158,0.0001284460227676,0.0009220226092293,-0.0495090791105291,0.002488610092302,8.584809172915153e-06,-6.8019015339645245e-06,0.002495411993836,251.5583485402766,0.031021627818269604
160.4960344378558,3128.6504870609024,0.3856028876329556,125099356352.2166,40.76117821465801,0.5441049214649113,444915641.4477879,0.003061513110325,0.225,2,1362115.0692810996,24.032877916051955,596995056.5133926,29088.87933364878,6.172817574028892,0.0006300465973763,5.842079190865029,5.842653610200747,0.9999998607964976,489.80420987365625,0.0001944320496871,0.0037975215621562,-0.0566131290519003,0.0007041922900593,0.0001272230007805,0.0001967583974297,0.0005074338926296,278.9267282555797,0.015959016463232178
130.18784441103327,5333.74131612606,1.9674007962721485,2403585775890.085,41.29696094729139,0.6378996856894831,140560895.53556368,0.0160075962105286,0.25,5,2250042.0587235955,125.6596302526495,3121481261.053077,795256.0550549605,7.994291459883015,0.0017160296002333,8.305172053194749,8.309736037323749,0.9999752905728622,2594.6804215973716,0.0076407048622098,0.0089408889809253,0.0374321677288007,0.0522907839355088,0.0010529810515574,0.0011555889455021,0.0511351949900067,69.46402092749715,0.4579812906517603
65.63377240603462,17569.326778550738,0.4572656882293879,27628802534.114594,17.375140716878573,0.9660445464948136,417866307.99664426,0.0036759906503345,0.15,2,1536072.641285499,28.856526605126547,716818176.8152454,41937.59673062299,11.459428537991874,0.0009591510945788,13.302381586427884,13.302826379500448,0.9999999839882052,250.69310518221204,0.0002306303421023,0.0027484196529198,0.1385430899318309,0.0036373331113434,2.725891108693035e-05,6.711407896423669e-05,0.0035702190323792,105.1556077983098,0.0015456426115463757
221.56815907373323,13735.98918481592,0.2858752824541229,1096485257499.4052,61.90565083051445,0.7053450515572051,270188246.2746281,0.0006177156262319,0.225,3,166899.50174803517,4.849067665920544,120454547.11522372,1184.2187101937027,4.5741776583063904,0.0002508392906399,4.49567670008435,4.495673027877407,0.999999999978419,150.09234489000747,9.443862832087936e-06,0.0004965233478431,-0.017461433163236,0.0001628254114516,7.05800083170352e-06,-1.6339294912056453e-06,0.0001644593409428,734.9230261729249,0.13016033530240786
129.5969821638025,24361.59409822096,0.6840274872364949,1303144606366.9724,62.76466108595913,0.7452682008316756,185284002.61956745,0.0030862506059574,0.35,2,571832.8653588524,24.22706725676559,601818868.161693,29560.86372971167,2.744621645573841,0.0006484773927047,2.448394589072296,2.448336426711226,0.9999999918761342,760.3018327388149,0.0003197243535126,0.004182826058647,-0.1209882826173809,0.0004705221277269,7.228306996474865e-05,-4.753465927799619e-05,0.0005180567870049,276.052182135437,0.38652321159142433
173.0176484004484,3591.4517183731796,1.0975749859184232,1571304302137.9065,29.25359624141539,0.9060755181234526,252684516.50476915,0.01287619189341,0.1,3,3253614.3230089424,101.07810636326876,2510857419.2149568,514552.4183388531,10.019744830693046,0.0014400024365751,9.274746915186409,9.27326513362576,0.9999992019776032,1478.449056198952,0.0030657223377173,0.0072476529517842,-0.0803254172129252,0.0160904921125955,0.000326310132123,-0.0003247495732807,0.0164152416858762,73.5609766707935,0.023322789490078294
253.6739960056153,2392.72812009981,1.719095342776189,11867447737832.855,106.64492305408749,0.9215815075550228,285797949.193229,0.0008943921813619,0.25,2,255615.45120771177,7.020978623691524,174406475.36558563,2482.6227513557187,1.731617161784308,0.00128073879804,1.7892122424132133,1.7895283510788,0.9999995501236828,374.3758625439878,0.0006140856832077,0.0047687532195107,0.0321901892149046,0.0003871061066223,0.0003513118100935,0.0003533926723234,3.371343429886583e-05,1082.1273427553256,0.20577017168317163
66.85790072764568,8428.08158119697,0.4249581381847302,12325150248.590712,14.590829833026618,0.3866764465408923,122969428.17597307,0.0169081936025417,0.2,5,2079190.8987932007,132.72931977995245,3297097752.495634,887256.453537985,20.887517433105323,-0.0018086566403241,26.21700157740091,26.212631300059712,0.9999982638139654,968.31545938133,0.0031675911426072,0.0066368840116571,0.2032835116007168,0.4940795058505138,0.0001083130090814,-0.0004982396503132,0.494577745500827,22.335855522931944,0.11349037047311918
53.17622698306738,31920.99016381125,0.6042471316650312,37769033679.52083,17.76254741220514,0.4065079281927445,178162584.46196413,0.0056888744384671,0.3,5,1013544.5726369112,44.65766434196707,1109330515.501093,100440.17015118996,21.75595577306724,-0.0006392957973961,22.0098224333643,22.011122623204812,0.9999997350136336,396.6169400962665,0.0001620969930333,0.0014889501681993,0.0115342439070398,0.0776259033996693,9.570687146590907e-05,0.0001273062618078,0.0774985971378615,56.42518043032536,0.054392459473330344
42.7412805553115,6998.124684751057,1.2871375294401288,15681295819.517368,13.792572000818062,0.9442303655816696,311906364.4996571,0.0185885068198772,0.2,2,5797873.583664997,145.91977853603643,3624758829.876065,1072367.7710502977,12.916197059745068,0.0029294173065771,14.726885597229725,14.736761158890827,0.9999938625084124,1006.3045259008544,0.0086355879552908,0.017344637502147,0.1229512190836373,0.0397765757897281,0.0012173708424525,0.0013931062596177,0.0383834695301104,32.070649399497526,0.0024909852613636853
214.62725287143888,33196.028913066344,1.951397696762886,108711984467867.69,81.02034486935261,0.5315768980165572,664582081.361295,0.0048461659785739,0.325,1,3220675.0726629854,38.04240293180566,945002365.821924,72887.20753922572,1.9553618631265564,0.0004516013243753,1.7956545523523468,1.7951928832405362,0.9999997496189454,1541.1043025968827,0.0003142986001329,0.0097288847263136,-0.0889409995731024,-0.0004801320410525,0.0005305188172797,-0.0005141584384876,3.402639743514369e-05,538.5696643122936,0.01920336948151521
78.53036983286144,17151.591962387814,0.3332970899834004,29368265440.715973,35.87980806494677,0.3542497493332663,603706065.9882972,0.0067750991308422,0.425,2,4090168.442961516,53.184528177111794,1321144330.514242,142457.7402668095,8.334034667850673,0.0004682431000804,7.733207036552053,7.733800220410012,0.999999915365539,954.1253315097624,0.0002091935062715,0.0043180136044991,-0.0776944970513173,0.001221663318926,0.0001198982335256,0.0001535818706325,0.0010680814482935,192.2550173052358,0.005947814819701798
202.06730929019471,1142.9164815842928,0.5213192136717124,209877768735.61133,69.96960146117928,0.6548649431133515,290243032.2780529,0.0008456574684584,0.275,3,245446.18791395065,6.638411127398513,164903206.34938982,2219.4415921929435,4.697534599546498,0.0015584341843321,4.122527436797231,4.122619926015606,0.9999999838476586,232.2434904597659,0.0005640537382446,0.0039972709891073,-0.1394792809907862,0.0002089411066294,5.726619692031365e-05,4.487801793011555e-05,0.0001640630886992,735.8099998163535,0.14555457890814708
74.53429500766046,1634.0173449384235,0.3943618516723081,3178566444.718107,14.64625105893334,0.53079232310794,392018690.3551943,0.0015539556958611,0.175,4,609179.6767614685,12.198552212509746,303021360.6929172,7494.31612144692,31.981707192285302,-0.0039777192730234,30.65348032189019,30.650975935301208,0.999999625403444,89.33152912996225,0.0014134258417138,0.0051602238601523,-0.0433303773812138,0.0088914809303519,0.0003061842877042,-0.0001648728916209,0.0090563538219728,132.04840909028536,0.0030603518812836066
92.89263239764576,3354.780802728118,0.3419656170138007,11838981983.892242,20.09901679635455,0.5336178471270929,122108692.3788677,0.0056829077442225,0.175,5,693932.4335567624,44.6108257921474,1108167010.123407,100229.59018137256,16.7867305800409,-0.0016563594584808,16.18311364072219,16.18187273014104,0.9999995235986682,448.3168684478087,0.001229969278786,0.0038445589409543,-0.0372991843670802,0.0880534926452537,0.0001976126681321,-0.0001668816562478,0.0882203743015016,52.88535561321517,0.19006285341484874
134.3027659798869,10455.562298395538,0.385956566141478,205364010073.5601,72.27403075123726,0.9568765985607386,206250742.8075896,0.012477084255617,0.3,5,2573407.8957939,97.94511140659392,2433031429.845327,483148.85941779416,6.198409279662242,-0.0007138898149785,5.631679542226692,5.631634287997558,0.9999999940659432,3539.4439968667643,0.0018038375237762,0.0031152183710102,-0.1006324548806752,0.0088522323367995,4.820642431528632e-05,-1.621377070476146e-05,0.0088684461075042,166.8000250116059,0.2283176526446917
88.33331636200168,15188.556994454326,0.201260365583439,15180686747.499584,34.816132489223676,0.8247298188171883,297548448.2939335,0.0162843369899513,0.275,2,4845379.202855524,127.832045371118,3175445713.0405107,822990.6577060631,5.1966188108928915,-0.0011924658563551,5.607398140001271,5.610317038338597,0.9999961280417756,2225.308714004648,0.003164332954865,0.0121535880956864,0.0732566724980734,0.0065789115631223,0.001001322149571,0.0010471198626907,0.0055317917004315,84.47864885309373,0.024497841921885376
238.61903635358192,7319.048782189088,0.9148423562745168,8048737531668.0205,135.90932652474797,0.8000895273505021,580405912.6734182,0.0021185899649906,0.4,1,1229642.142211126,16.63093122517637,413125043.1731709,13929.918153979736,0.9369705628513948,0.0010159745026658,1.0003526891542949,1.0012700725599268,0.9999968078467312,1130.1493311465608,0.0011665448750109,0.0151474945052397,0.0633597799956769,0.0018410250483162,0.0017855061798158,0.0018349720430684,6.053005247755866e-06,1276.9219353722176,0.0529821603959679
70.18499255794003,11224.329894688066,0.4916829133922371,26685044651.394455,28.1928077924418,0.6712576730674502,169946882.98990825,0.001204079793964,0.325,5,204629.60785531788,9.452026382617635,234795559.8229859,4499.510606066064,12.299487596005095,-0.0014764148925107,13.091838553020317,13.09204458904749,0.9999999787394244,133.239581527114,0.0002904357643688,0.0016991007854219,0.0605225120831039,0.0068575902655101,2.3845464881419587e-05,3.169058951095569e-05,0.0068258996759992,190.12530622959775,0.11474000043964573
396.2270030274412,17565.901599833465,0.219281245181596,8437425420784.176,116.66091849521436,0.4640567831492769,779826377.4502009,0.0052953280911747,0.275,3,4129436.522751073,41.56832551572159,1032588977.7790712,87024.29028192002,3.508699429885294,-0.000165846046299,4.052843790811516,4.052888268854018,0.9999999961359743,2424.699517486068,6.669114460726006e-05,0.0015497050592291,0.1342623572514414,0.0001594960400308,8.943332429761641e-06,2.1952192868066294e-05,0.0001375438471628,803.6196427909856,0.026520318299412243
87.67081529839052,1213.3652233419814,0.251449843205886,1836854298.1091237,28.185509427368636,0.8866369753677503,327641753.9741716,0.0016764569192296,0.2,5,549277.285478547,13.160186815952954,326909099.24978673,8722.471081192025,16.192232493280358,-0.0043320651789458,18.16549689468512,18.16693070301037,0.999999453594636,185.4632847834872,0.0034805502798539,0.0047475124795302,0.108627053410364,0.0050907909197248,0.0001036948044872,0.0001586454749199,0.0049321454448048,223.66701380312136,0.010426353771008218
213.46270568046367,1907.5622827212355,0.2122958118400915,72345223935.98499,46.14203899819049,0.9884651242669328,304391832.6499001,0.0041997059545624,0.125,1,1278356.192099969,32.9676917433154,818942661.1396819,54738.45195212634,2.206235661884853,0.0018041212548464,2.1340175654077767,2.129297116951532,0.9999815347253102,760.5982590501909,0.0024756359072281,0.0174206522917518,-0.033841378650169,-0.0042214919797499,0.0042206501346216,-0.0044199857190448,0.0001984937392948,222.9854193082961,0.026386963935774107
226.72374478212691,20560.479983734447,2.553664203026588,143585008080466.84,78.1590978764554,0.496680392145809,396543304.37358314,0.0108148554363871,0.3,2,4288558.511067589,84.8966151756395,2108896810.095503,362991.2698162777,2.562176993121583,0.0005295636500844,2.8764027199583464,2.8768958233803095,0.9999995768106456,3317.7214274462885,0.0009304140319554,0.0085361243313717,0.1092426052362075,0.0008900758342912,0.000332995229382,0.0003430781333943,0.0005469977008969,268.65016886454475,0.08750599072008995
78.35380232014025,19642.06823551745,0.4740884997273703,67438299172.391464,25.9000530397483,0.7109373993380317,448049498.7693651,0.0128108100469523,0.25,5,5739877.020366536,100.56485886857575,2498107959.1557035,509340.1670798243,23.24648949504568,-0.00081417514945,23.4337555922115,23.440203851839925,0.9999936473627044,1302.317589315457,0.0008632818125028,0.0028347362286493,0.0079912968465055,0.0332079021217216,0.0004878867683825,0.0005683804162247,0.0326395217054969,86.94567510981567,0.004948692377314061
170.6399021718036,1171.0154101310438,0.4144973336264224,69133526752.03223,51.68201300798479,0.8493197452299648,281685121.5714633,0.002825683311981,0.2,2,795952.9472578423,22.181613999051383,551008245.8363084,24780.023648904888,3.933554784650523,0.0033638744787514,3.666127807703224,3.6631605707325696,0.9999905828367144,573.1952316185357,0.0064860774874985,0.0169320720094418,-0.0729453502372135,-0.0011586747232579,0.0019393557030695,-0.0016188202622282,0.0004601455389703,292.9086926111791,0.06024700947801239
278.1934226806944,22875.453224184992,0.2013555043851722,2251357155022.952,45.74721338531312,0.4486362377739606,172391345.3941903,0.0012902345052439,0.15,4,222425.26223302036,10.128340866165386,251595728.52257967,5166.44781972138,7.249099115929397,0.0001733373235063,6.484380702993551,6.48439767534745,0.9999999996195088,231.6716854218275,6.960767547864433e-06,0.0003783489257592,-0.1179323744182399,0.0017579068459654,6.069051945861714e-07,5.244023675436997e-06,0.00175266282229,300.1654325087475,0.383236982453285
42.0135339543425,1422.429596100921,2.299898324667108,9500908905.524166,38.68978189456505,1.02295817855843,444772171.8673063,0.0165855021612681,0.475,3,7376769.817777147,130.19619196595514,3234172921.4472933,853713.1941228283,9.32583527159307,0.0016460864297312,9.260087769384157,9.244316531862452,0.9999082293867833,2518.6311353328633,0.006824484269613,0.0091306269586373,-0.0071000949285046,0.003440694788777,0.0044662224046646,-0.003426754375134,0.0068674491639111,113.72957095893976,0.005333446998806815
135.4543219657609,920.1733921418077,0.2937989196539347,10836817827.597437,37.84096635759813,0.6010517009548836,384753199.7275175,0.0009033208275247,0.225,4,347555.57877065305,7.091068496069217,176147561.3673245,2532.43781810761,10.599929298067096,-0.0035884429315071,11.705729556796255,11.70670448272083,0.9999996060835727,134.1664421995896,0.0017276509014731,0.0054558934791583,0.094466581801998,0.0009702575094927,0.0001574207079862,0.0001667132232239,0.0008035442862687,443.3073739228151,0.019761794847649367
408.0812068520485,3802.3660600984663,0.6060579930850004,15697443083671.24,95.759517371936,0.5457980050956467,351297334.8404962,0.0043698409700786,0.2,2,1535113.4864654276,34.30325161511716,852118989.1653309,59263.32406561017,2.438813606681356,0.0010811505533279,2.209310406868496,2.208620898976005,0.9999985977730192,1642.431409475852,0.0019198159328549,0.0119206625562425,-0.103880015727695,-0.0004579861760733,0.0006817357083151,-0.0006241901332559,0.0001662039571825,487.3704441075895,0.1785574962563569
60.0960398541974,2251.003049830981,3.231810392283502,124282932687.9752,14.97629965248877,0.7616707000023168,745688246.7670895,0.006844191386753,0.175,5,5103633.075726321,53.726902386011695,1334617320.416851,145378.11511894997,51.81118573923411,0.0031530762632221,52.249182463940706,52.299830036489176,0.9999206807910768,402.3150947664625,0.0039997723860044,0.0058274256276429,0.0083828435977706,0.0333369009142865,0.0018265127105572,0.0020004143155692,0.0313364865987172,88.73495345444002,0.00032737862498715916
45.102837797220175,6769.697918736197,0.322814940538402,1183183923.882812,15.016979154320191,0.70366075121254,281521023.2947779,0.0062005241285813,0.25,4,1745577.8976421822,48.674114409363575,1209102205.0733628,119319.53348426073,26.206603072034923,0.0018331497957383,25.817897626166733,25.811129226262175,0.9999963590663604,365.4690807202044,0.0012281362501283,0.00425276269507,-0.015055658345869,0.0473166288095861,0.0005891119869966,-0.0005493434348012,0.0478659722443874,57.437618099586885,0.006790517738336121
157.9721285150747,23633.056454107693,3.0970132890571964,57212135110096.42,38.384116496527355,0.4539195496655194,521970370.5235583,0.004947741103742,0.225,4,2582574.2571748737,38.83976766437504,964809515.2296984,75974.64442643047,12.390640583688006,0.0007229853824342,13.457058664159016,13.4574217087728,0.9999999589295996,745.4150833637138,0.0003896343254322,0.002823452895296,0.07924600071123,0.0032071887135846,5.028239823372249e-05,5.412686940620137e-05,0.0031530618441784,223.79151661922148,0.009670368754959023
455.9138313135607,3207.9546201354124,0.6103257094657621,20923910931867.902,112.40948812886045,0.385987029641453,406620696.8270068,0.0025527237461294,0.225,5,1037990.3084579982,20.03888140711607,497781130.4952399,20223.78220706574,5.494383134787612,0.0009981265467853,5.06266917825091,5.062531537188277,0.999999934142244,1126.2802008244278,0.0011220640873474,0.0039512116273687,-0.0852739812412262,0.000326059801668,9.149158036164672e-05,-5.43948467499361e-05,0.0003804546484179,805.3198976667428,0.1864036261411881
95.29189319563996,6124.472226070717,1.2660110939447209,328040722258.61554,17.819646746953588,0.7270887346537658,436933783.0476545,0.0006522415814355,0.15,5,284986.38163762575,5.120096414269177,127187108.37993498,1320.297216336329,31.652961864506096,0.0013101583934118,33.15844875110823,33.15865482082526,0.9999999967209214,45.61915470631024,7.83059640627386e-05,0.0008417703883051,0.0454028141636697,0.0036123637058127,7.802561578083844e-06,1.2474177512989282e-05,0.0035998895282997,261.8034047559698,0.002455491829801886
86.27733764728718,1286.219526361587,2.765211060424777,220860909160.49777,12.296529391594786,0.6806429823879168,480694060.3351264,0.0006417961038784,0.1,1,308507.5750806109,5.038099415446065,125150240.25630352,1278.3474093016362,11.08947671012914,0.0024890997857645,10.063422940230438,10.062243653286243,0.999999947993126,30.975568769904527,0.0001919127834856,0.0068540477858287,-0.1019587247791065,3.604853688650201e-05,0.0002301177118034,-0.0002344205933859,0.0002704691302724,191.02535719898265,0.0009501760758831654
214.15286328168537,5961.347856712477,1.602596833987641,13051150956085.805,66.88887983107078,0.5169905936891384,360137122.6879718,0.004823531572738,0.275,1,1737132.7818004696,37.86472284599372,940588656.6839204,72207.94645814333,1.626912316629588,0.0009481623909112,1.6011613878366169,1.5943363824510992,0.999931665516852,1266.364448141237,0.0011384767333586,0.0186731316444817,-0.0160826566194954,-0.0084159848757809,0.0085615656111358,-0.0085076795005192,9.169462473830289e-05,328.07862335523805,0.08364904294014307
72.73418251089457,5389.172241024041,0.2196747962236979,2949830233.003538,12.290914658788903,0.5938245730548447,190062392.83615625,0.0077709546930198,0.15,5,1476966.243576708,61.00199434020572,1515336165.138868,187414.63299726305,31.678435167409972,0.0013819632593912,34.775110297979126,34.778223955472626,0.9999994784150152,374.8851532256961,0.0007159640819173,0.0028236380325502,0.0890486070075558,0.2074708435471942,4.475605459929033e-05,0.0002161974887642,0.20725464605843,34.50386449342571,0.017466293493344696
211.4070321764361,20213.73561046078,0.916072584449798,13732332703545.633,76.79052400782315,0.5576869150580557,122600616.05340213,0.003370657495195,0.3,4,413244.6854159261,26.459661337280863,657278211.5630277,35260.13672876656,3.667802427339872,0.0006514787215963,3.25858813653964,3.2585493251965896,0.9999999919199696,1015.925629579668,0.0004311837524575,0.0028041014010022,-0.1255802432383445,0.0022610983242402,3.130271372500659e-05,-2.3875244526064782e-05,0.0022849735687662,262.8870988210177,2.661622778752482
48.043316789823926,2585.868972670216,0.2640016583075754,389145488.88081455,12.251534031887235,0.7331893982673917,389451978.6384431,0.00382310654239,0.2,4,1488916.4074793817,30.01138635776189,745505775.7660596,45361.51441314366,32.017527447494196,-0.0024032856231067,36.93877233218667,36.930810454934566,0.9999974840762474,183.84276065311803,0.0010618356685107,0.0038535690441866,0.133227082926206,0.0316072107688506,5.572023836014628e-05,-0.0004448543238983,0.0320520650927489,70.1910688851136,0.001621298623260769
204.65744023432657,8216.835789875518,3.0413399000530785,54038703944815.36,46.289875114217345,0.4780081590690125,374275600.343627,0.0182094381068721,0.2,5,6815348.379369709,142.9440891389467,3550840430.840078,1029076.9075182033,12.183536805132844,0.0010375385900465,11.894824683632418,11.889456063430622,0.999982424062562,3308.4320172786975,0.0035614818265577,0.006746769557379,-0.0242720787552002,0.0164689447936112,0.0009202356791469,-0.0009181694654524,0.0173871142590636,119.12588031042144,0.0372348536293899
42.85701407601771,9518.477361952097,0.5092315448537978,3374783859.137139,21.100353101944684,0.8527112691224634,593371917.610548,0.0061536859718302,0.325,4,3651424.445478037,48.30643487886736,1199968764.5068965,117523.68570672005,25.000756780185014,0.0017008567806148,26.20799448266808,26.21071805913805,0.9999993982369888,509.6414165200989,0.0014743486808702,0.0040207681654171,0.0460637193464551,0.0116259483162226,0.0001751476019143,0.0002102267838221,0.0114157215324005,117.61377264028724,0.0010660833888032218
100.32117507939512,10574.487389736269,0.3683132111877922,58887701808.61069,34.864939959448066,0.5790638680312317,241851105.76805204,0.0050816631655725,0.3,5,1229005.855734495,39.891055849744326,990924317.2866424,80143.16555763023,13.265060319737245,-0.0008129740301286,12.669098676695832,12.669084230331167,0.9999999998265692,695.3996335601628,0.0004596082362158,0.0022846341532304,-0.047040571571019,0.0132342284785513,5.544659338920649e-05,-2.3107525746555307e-06,0.0132365392311259,136.5314339269467,0.06956158887728367
177.39219947385806,17768.254008215616,1.6083287136681264,18445596545968.945,30.73798783024573,0.9513480144056968,163294036.00289524,0.0061779435256077,0.1,3,1008821.332494443,48.49685667602072,1204698987.4935083,118452.0580920532,6.444502288157076,0.0004674308229997,7.0770140478426375,7.077059479809375,0.9999999987113788,745.347895156348,0.0001628522350066,0.0015722526597574,0.0893755128094421,0.0110517270627265,1.3828100852486536e-05,1.2981075296909785e-05,0.0110387459874296,89.70388604898237,0.084524877250051
290.05976756810134,5185.37531819794,2.9306041832789185,127762897065037.44,93.352098964327,0.6913205311264947,127446590.61510529,0.0005206795819099,0.25,5,66358.8375173195,4.087334717992979,101532518.47243708,841.3870781128014,2.9318741063364846,0.0008152854671092,3.41289671108109,3.4129044413914897,0.9999999995701874,190.7806375472051,0.000126810056925,0.0011046022757465,0.1409426201451709,0.0003635268948142,4.3284545540867025e-06,4.531689621155375e-06,0.000358995205193,829.0401294910707,2.8867839429772424
60.935071753759686,1587.451968917661,0.745838307720821,4934231470.481365,17.860907793016267,0.980027093133145,221977879.37900564,0.0105380503290159,0.175,3,2339214.064824199,82.72369508277541,2054919814.1581151,344647.6168536062,13.787472614869264,0.0056612473190203,14.40914367270262,14.436751349894482,0.999888879169723,738.7601450855224,0.0236770566889186,0.0181877072891646,0.0431442056484647,0.0450172283714026,0.0036768919195477,0.0039929914869258,0.0410242368844768,46.53190918210663,0.01045690238740122
111.869363791739,3319.3942053386927,0.9448242744868632,188090055978.8228,61.12055311411298,0.7992691168057015,247641301.85626495,0.0060894292187995,0.375,1,1507994.1793050969,47.8020193675764,1187438697.6659105,115082.1366487098,1.4082140205069726,0.0020063230063382,1.453125808556684,1.46414496851069,0.9997793204204292,1460.842931858905,0.0058803778090031,0.0340376304137536,0.0309070197399631,0.0154283395164662,0.015069106166748,0.0152267195931656,0.0002016199233005,221.24993414234632,0.1381860573698623
93.0944856540098,10852.600693972558,1.6249120302490918,872267327260.499,35.09956068087502,0.9023547426937062,121844423.8306475,0.0088965465685855,0.225,1,1083994.5907318292,69.83789056339648,1734826580.8741803,245639.189529096,1.8046280624376816,0.0008745073049321,1.7763566713660468,1.7727480189619087,0.999984462666923,1225.639638827122,0.0009373238794403,0.0120795598149771,-0.0159153797924455,-0.0022508457871966,0.0040649875530612,-0.0040662231880674,0.0018153774008708,73.73376497894088,0.3023038631670196
132.0499158600346,5139.44995483116,0.3863328453988321,94526302032.5988,27.11975464753485,0.9570981579871456,271735584.15196234,0.0072240641428035,0.125,1,1963035.2897959808,56.70890352100824,1408692507.8467016,161963.78964890784,3.777900420392515,0.0015389162715132,3.4321239558999803,3.4300543058868125,0.9999986259660328,768.9657749102344,0.0018211134165463,0.0156455821105065,-0.1007470793408054,-9.983791107479516e-05,0.0012076078259901,-0.0012070174618804,0.0011071795508056,94.41496679377605,0.014048578973803766
143.30643106695211,33028.840065212484,1.016677819460447,5835566024227.096,39.41858040769405,0.4139179256301326,581064045.4104892,0.0186661137755934,0.25,3,10846207.582538793,146.52899313840862,3639892186.240723,1081340.726997613,9.15450015248686,0.0004610234936134,10.382490350215438,10.383375583596775,0.9999997688762065,2887.982449042405,0.0006138194765571,0.0048135140917328,0.1182751109133557,0.0058708484270775,9.790872996463806e-05,0.0001715034746464,0.0056993449524311,124.84140730437495,0.007672026224554634
561.0147058768109,1491.8551244314212,0.3201895791419092,6140422653266.986,209.87413869083915,0.818253959469885,773066329.2223536,0.0007660307399509,0.25,2,592192.5722053784,6.013341308615102,149375994.29043886,1821.155955824908,1.289735390048175,0.0015537555417616,1.4952548588871055,1.495480026124822,0.999999673167412,631.0224138998191,0.0015233867255803,0.0084916421045583,0.1374477853172772,0.0003039555354209,0.000262060642466,0.0003011992380826,2.756297338363975e-06,3784.572553894748,0.05146888030479191
216.0969638637179,4041.137544103144,1.858344329628106,12334197905483.658,35.16760470465753,0.7636980129169875,149652004.27279308,0.011379392814653,0.125,4,1702948.942120253,89.32823359502666,2218981598.8573503,401876.78744778776,7.491741173968292,0.0010647143149368,7.969664685624275,7.970429720061419,0.999999502558092,1570.730004017603,0.0017806055633695,0.0048507806933767,0.0599678318358944,0.030329606563221,0.0001958692506689,0.0001977810053352,0.0301318255578857,72.39309458040917,0.2224637554535221
111.8323307158236,10514.496452997157,0.6701438805198989,299332823225.2953,46.22727126409492,0.5313203884479574,795500280.3372399,0.0024230275690424,0.35,3,1927519.1104381303,19.020766416983243,472490375.96327794,18220.96836389761,10.727146158001226,-0.001241526380448,10.33150638426944,10.33014190579892,0.9999994404515972,439.63906440443554,0.0006776542697665,0.0047625566833709,-0.0382944905627877,0.0001287073487839,0.0002950151819838,-0.0002642256472307,0.0003929329960146,475.45769172501497,0.0036462326348863337
129.58109064421436,18299.475353976937,0.9467670328284238,1874354194862.5625,111.2341463361199,1.037146700473254,450253727.1497272,0.0010977578459635,0.425,1,494269.5616529638,8.617399090814203,214062779.96290055,3739.9676238187344,0.961851522387126,0.0008922506725552,1.0765321856701684,1.07663812229907,0.9999999632961312,479.27451575218686,0.0003815558399035,0.0063256169733289,0.1065278537971912,0.0002028574593459,0.0001876421006821,0.0001968217617927,6.035697553213736e-06,1278.7514466720736,0.040532363545963845
43.00202686646432,9644.00849618226,0.581075925977359,4512729488.563427,19.116398521396967,0.7258092672533831,295598588.36318994,0.0025939581010623,0.325,4,766770.3529472919,20.36257109333946,505821829.70715857,20882.41184552992,20.920285305871896,-0.0003464937083057,20.42118111214678,20.421498635789504,0.9999999866774268,194.62951197027755,2.3366808518543186e-05,0.0005754394993679,-0.0244405155110368,0.0118000127189671,6.773276529467576e-06,3.146369753180035e-05,0.0117685490214353,115.8372939904454,0.009147012727968168
72.69752256665532,12336.06161267449,0.4074464315913952,23182285856.84065,27.6964201695204,1.0193674042926235,126652057.35469095,0.0049146719626424,0.2,1,622453.3152920895,38.58017490674362,958361032.7152872,74962.45721406529,1.9766483809922633,0.0013450654818772,2.2948477030493892,2.2952367879007634,0.9999998913146426,534.2663672153794,0.0009665953262596,0.0103694307944792,0.1386581434725726,0.0018891410486241,0.0003871939043492,0.0003396484831306,0.0015494925654934,79.80959818457931,0.11976405241713418
69.03954900925726,11107.072704799646,0.8047660827863411,66235523440.72703,12.356033690701873,0.646099607443389,138384659.5533693,0.0149845357518683,0.15,5,2073629.8785875929,117.62860565216656,2921984471.614329,696853.2462551739,28.98210872962302,0.0005103712870896,33.370998056748405,33.37221227726699,0.9999999463536104,726.7115072142275,0.0001892929781791,0.001398681010128,0.1315180720595153,0.543227139184473,7.437203212695698e-06,0.0001122960595481,0.5431148431249249,21.314445604866258,0.04244148539450127
71.3548096508811,22565.844947288748,0.2970069135385435,20914041754.10784,18.37954954604992,0.5500225468275287,624159608.1169436,0.0018870962752137,0.225,4,1177849.2716163446,14.813705760427768,367983773.666677,11052.05042786159,29.709853742283677,-0.0007887182221716,30.750949831480906,30.75134875350625,0.9999999905634328,136.13461949219362,8.468613863568368e-05,0.0012486110483559,0.0338557376244495,0.0044124078986633,2.3016774814386964e-05,2.6059320930822867e-05,0.0043863485777325,189.7397365524822,0.001166808465831271
219.68700144686315,7449.019776626666,1.7490878354627604,21512954389874.984,67.58702650445906,0.4531799510467148,350220159.03545946,0.0016295728456858,0.275,5,570709.2611759771,12.792146838634205,317766704.9087477,8241.42482302209,6.99829974389758,0.0010922150837416,7.81594908841911,7.816095287486349,0.9999999692242706,432.291583715851,0.000515695236981,0.0025995313335479,0.1046129312348056,0.0008174504872097,3.2292950019302546e-05,3.743997582464809e-05,0.0007800105113851,562.431517163366,0.09933118218647642
41.73061484254286,847.0004895448504,0.3407125113323043,120847926.84809388,15.251417166622218,0.9345984933636632,202262746.09898692,0.0010824932929969,0.225,1,218948.0660753057,8.497572350026342,211086192.13441232,3636.680697108772,4.912398898788955,0.006097801606354,5.26424276379474,5.265954067146439,0.999999599775633,64.80001040690303,0.0024094707380551,0.0185665319205568,0.0668365576575647,0.00135548871911,0.0025308810083542,0.0006507252208943,0.0007047634982156,118.33907530420652,0.011467454031898864
229.31179852871577,5561.918442628698,0.9667160874802424,5824898423203.747,71.82132357232166,0.5193030590288349,682621711.4999199,0.0020678922605142,0.275,2,1411588.154069662,16.232954245036705,403238990.8002749,13271.211136501724,3.873800824493373,0.0012391065193591,4.105985771141287,4.107324002912547,0.9999984686839952,582.9361296837368,0.0008950313698402,0.0082674516120677,0.0565479179883706,0.0007239515548173,0.0006011658623558,0.0006519974654105,7.195408940686206e-05,740.7166852837476,0.014124852459825978
111.53794990046768,1214.9140875845524,0.2875109536264147,6299487743.366271,48.02806547649878,0.7881798423416344,205894911.27012,0.0075927321648242,0.3,5,1563304.9153742697,59.602947493870154,1480582772.1407237,178916.71003037275,7.641336877624865,-0.0043680048870808,8.481547447879501,8.486563873011102,0.9999695824261368,1431.307132413957,0.0273085767611501,0.0148365600807268,0.0990633578857947,0.0134398626814467,0.0011048625767754,0.0011977386223594,0.0122421240590872,141.96833498064538,0.15184729371875189
241.5000107712011,884.7078869173196,1.2543569474348082,1918982621715.037,63.62060892122169,0.4218218429217926,270887234.61678827,0.0005864103979818,0.25,3,158851.09105983007,4.603321624157421,114350027.60645822,1067.230105744526,5.024551550502183,0.0030627942927909,4.380108744339459,4.379800116214134,0.9999998406406392,146.43306239456118,0.0013736459287233,0.0071755492886594,-0.1471294079160833,6.501315337920563e-06,0.0001748730174021,-0.0001409383979313,0.0001474397132693,776.1825746990969,0.19586114688449643
219.6886779311315,12814.57648940452,0.2467551243695764,736592963424.8569,26.293014748295754,0.3692566188597521,262864509.4946649,0.0008212772421746,0.1,5,215884.6394233583,6.4470263510706385,160149062.22404772,2093.313721145922,15.794174416867165,0.0004956835440373,17.42934110872144,17.429391534249003,0.9999999993191668,84.75587946567583,2.082470399905408e-05,0.0005418674226939,0.0938168965570396,0.0034665669438637,1.564845277399196e-06,5.806313746886237e-06,0.0034607606301168,267.01403903487835,0.03825466417142561
132.90857910344826,1090.5824339040598,0.459294007405415,29094598107.936783,24.42678726156143,0.4066100528623136,507813230.6337854,0.0067279026924273,0.175,5,3416518.001631271,52.81403613555462,1311941025.0233314,140479.885966032,29.443361145019445,-0.0035523918961351,26.25137482000607,26.25057480466,0.9999999181187684,645.0386125538054,0.00814005714917,0.0105508467540897,-0.1215931107189393,0.0169414813655532,0.0004568992832582,-6.198578083808567e-05,0.0170034671463913,120.46229522267762,0.004441833259781713
40.21041951623089,4310.01801283474,0.8600568796295751,3377910169.3697343,19.49622828611252,0.7245819944795204,169273367.63521782,0.0006264409012033,0.375,5,106039.760971126,4.917561074446027,122155975.73464651,1217.9093212345888,21.504526552031592,-0.0013051698807785,18.900002503102836,18.900125780056257,0.9999999964750106,47.93694665915025,8.165907467442349e-05,0.0008615184470875,-0.1378054869834629,0.007468779660689,2.6929507631889837e-06,1.3142481507975694e-05,0.0074556371791811,181.91876303333603,0.05077531817074148
306.5103717769891,13894.922183849272,2.105712406996817,220391670340902.6,50.033101890307584,0.8777726155133561,553804480.1934588,0.0011064719128517,0.1,3,612769.102545532,8.685804515886332,215762023.0060936,3799.579459219899,8.423475773995312,0.0004027658901941,7.963885482597852,7.963862799192083,0.999999999739026,217.28887117131728,3.5248679406019296e-05,0.0008048969272357,-0.0577093043843644,0.0002143241678931,5.612851915977324e-06,-5.697812796337135e-06,0.0002200219806895,635.3866598352251,0.006951517471113394
219.07016428963848,5863.631609534255,3.3360465413274647,60914973667716.125,100.16974888208256,0.8355967833493181,336884399.30566376,0.0011066633717152,0.3,3,372817.6252138846,8.687307467964994,215799357.4844807,3800.894496854632,3.340627236064496,0.0010092033949099,3.102272140304842,3.1021837204736245,0.9999999739178012,435.102703763747,0.0004431484020591,0.0029962948034391,-0.0768324263570997,3.324473436181485e-05,5.840224077836853e-05,-5.700760419879638e-05,9.025233856061124e-05,992.0690374300652,0.13643792579996403
117.9557932658852,2907.4176391660576,0.4159227705447663,39461188758.58514,28.91786007896399,0.7363849270936071,381042984.24177,0.0011540643741943,0.175,3,439748.1331501208,9.059405337425543,225042552.9678957,4133.470212333613,10.401941014974067,0.0009367495831381,11.43388877642707,11.43425580607832,0.999999966980248,130.9893079731457,0.0001149430891265,0.0016856238744714,0.0902534370966192,0.0010627026613271,1.573945661843823e-05,6.426545005497743e-05,0.0009984372112721,298.2708062307134,0.009588383588000023
102.570288054683,10396.984953774156,0.2214308924014844,22868115801.473404,20.647468686298684,0.9594070142553488,389262426.4000552,0.0067487740434978,0.125,1,2627044.1593977003,52.97787624145844,1316010938.4820886,141352.8334495987,5.717952707583717,0.001479168077983,5.395850745542089,5.393314631346225,0.9999991652681286,546.9295203810601,0.0011966479919486,0.0126409438289524,-0.0596943794836691,0.0003046971022955,0.0013237522709743,-0.0009409736237768,0.0012456707260724,89.01193528035192,0.0027520320953015706
543.1335729670408,4154.413789565346,0.5207393852696564,39731727177355.52,225.39453223807388,0.9465975087815336,244139360.90032464,0.0086956419832658,0.25,5,2122948.4764125496,68.26078956863671,1695650186.7368357,234670.2545263628,2.1097315453635326,0.0009500901124081,1.9565783999964,1.9563615601129245,0.999998909931128,7692.804367512232,0.0069440731166889,0.0062010132531081,-0.0782760074257256,0.0003151141962902,0.0002452374948528,-0.0002217588385479,0.0005368730348382,677.9287955314984,1.3777986687778698
46.00940109140425,1407.191264553724,1.5799821639637583,6379755945.254333,13.636600566223986,1.0063439855113046,214709407.97516173,0.0048519698121907,0.15,4,1041763.56588883,38.08796302569729,946134113.3771938,73061.89348170986,26.03910552957343,0.0058410524195407,24.967591329266064,24.959738733627702,0.9999948405470828,259.695169081271,0.0088602520868536,0.0080141774062072,-0.0429162022950679,0.0588901302936946,0.000741872089052,-0.0006663806946199,0.0595565109883145,51.492649704558254,0.006213059073640933
133.05678548841462,7142.715932114339,0.2633493769115335,62926897948.64771,34.6283855770794,0.7885759057760797,191676061.15982056,0.002169450612082,0.175,4,415831.7482046416,17.030187304843782,423042869.355992,14606.772950219703,9.48132603078254,-0.0002285059607111,9.04584279421078,9.045909590016883,0.9999999969612569,294.86394622100653,1.539631330921383e-05,0.0004401787097759,-0.0481418090584619,0.0046406901449774,2.0123178886069515e-06,1.4836658783197974e-05,0.0046258534861942,184.76254141908325,0.09776242873216785
96.53025943530103,2048.265586485187,1.319849284151403,125559359124.09598,17.854960914745583,0.4002272187423674,425343658.3481327,0.000653663001514,0.175,2,278031.41239080793,5.131254561885309,127464285.29524016,1326.058093762166,11.89029982440202,0.0031761513176823,13.040806869968382,13.042526200279251,0.9999997497336424,45.80917482303608,0.0004621200784694,0.0063019391133669,0.0882236089406291,0.0008544811346326,0.0002247918990561,0.0002638577830116,0.000590623351621,258.53810513286015,0.004060747908942592
295.5864223932781,3579.2213046917745,0.4617386565054235,2360908697308.1787,37.69220192373635,0.565599303105269,530382506.7362007,0.0006183664848718,0.1,2,327970.7663280041,4.854176906244309,120581464.55001783,1186.7155388413782,7.390562060569615,0.001308030276454,6.896521440733974,6.896286012177697,0.9999999832122928,91.48230806184915,0.0001565210332756,0.0033621461590448,-0.0716362044374449,3.226651024727819e-05,7.885543841507081e-05,-6.828028043857594e-05,0.0001005467906858,626.6077497211046,0.007843497792517536
43.2460718942282,6233.202363233858,0.3226508516950369,919864308.4268194,12.155862452765671,0.7238776476554596,300796955.3990534,0.0040646261649099,0.2,2,1222627.1752402529,31.90731539454335,792602102.1574463,51273.85371096027,15.968367665264552,-0.0026627117790518,16.193308734351803,16.214889585252294,0.999974809154196,193.9304685865408,0.0013749736194637,0.0088434175885361,0.013890988727342,0.0139015023559376,0.0025761179544151,0.0026970638452039,0.0112044385107336,59.35875994351336,0.00352218264534058
72.96859194397886,13463.768700822086,0.2656865566148949,10919680010.311155,27.11547474622562,0.4089731526055067,293101401.678,0.0070918795862642,0.35,3,2078639.8472656547,55.67125475217459,1382916519.3215344,156090.85127057074,9.567135718476838,0.0004447795740983,10.73765032443779,10.73797844375687,0.999999970511296,754.7762511616415,0.0001493165325192,0.0023792108063512,0.1090103114362908,0.0091337334856572,2.596070971651321e-05,6.167105219687975e-05,0.0090720624334603,98.95052715570368,0.028407558660490478
54.95267496450592,1460.8101336153018,0.202969573768125,222418674.88905975,24.414975306177375,0.9431956417534916,652307778.3324044,0.0016112187045881,0.25,2,1051010.4935975312,12.648066831017225,314187647.3946954,8056.821333192944,10.111581991787473,-0.0043668267697372,11.80987708844575,11.814109432357004,0.9999981498348018,154.40111967508332,0.0029443021313776,0.0101421628423397,0.1438029442592433,0.0012249349785276,0.0003572105851087,0.0007172388651488,0.0005076961133787,278.8546873040164,0.0008557532521650448
53.10211017312163,5052.702731158639,0.536880716040941,4693390842.10952,23.229730896598323,0.8425797126971486,388110011.2005329,0.0198067364989581,0.3,1,7687192.724456639,155.4828815168212,3862313617.296833,1217532.578686201,4.391937493156836,0.0014270827945573,4.792879947885636,4.7872827133673175,0.9999948666679996,1805.912748331719,0.0036778592426335,0.0256951764050445,0.0836537653954121,0.0005557941620148,0.0038573456437982,-0.0023410438417896,0.0028968380038045,58.36974123555443,0.004724832794151262
82.57205727222377,1717.4075392239058,0.755740434803855,18480399263.12234,16.493981064943732,0.902861881667662,222279692.40417543,0.0017721850422141,0.125,4,393920.7460666471,13.91165258138126,345576083.2317638,9747.04287251396,19.001341039982748,0.0035884190452388,20.55020607024337,20.551571481821647,0.9999997555846618,114.72926712968903,0.0014773402332621,0.0037888507751122,0.0753698052937469,0.0144973886333648,9.517294260712184e-05,0.0001347984962041,0.0143625901371607,104.8560468319815,0.010981468783136737
109.48084263084944,8473.008675914709,0.3690887098939269,67206602931.76473,30.34692586586471,0.5437406340062457,330013363.94662875,0.0036114910926993,0.225,5,1191840.3243650012,28.350205077689964,704240763.0763749,40478.819557651994,18.095378879944363,-0.0014325119060286,16.96771055857247,16.96740611917646,0.9999999712151484,430.1707858873593,0.0008827493232661,0.0032373577113919,-0.0664596627505629,0.0090633433168958,7.880174832726461e-05,-3.6210766523644966e-05,0.0090995540834195,164.6682316668755,0.021685620740161955
50.793916485577846,6800.640122668637,0.6852051152539131,8613864473.569159,17.307462557860518,0.5453042995769168,212268535.58911005,0.007379119887598,0.3,5,1566354.972476922,57.926091117644894,1438928378.0816247,168991.1166458595,24.691578531354708,-0.0014385128046353,24.785761083835883,24.803955553075347,0.9999580189754133,501.2768265709279,0.0010373017061466,0.003506011087524,0.0037998652598405,0.0904674485645208,0.0013703465093991,0.0015991965156744,0.0888682520488464,52.6922274688801,0.02645604274845756
395.6591675665633,16721.70801482279,1.795406647284639,535366843722578.5,165.95606653059738,0.8617089144470336,197902872.4812492,0.0037301386248148,0.275,4,738205.148604119,29.281588204796712,727377031.8388993,43182.19228971599,1.798515585460109,0.00041790161401,1.913819177699824,1.9138558985015024,0.9999999791074916,2429.7286001183993,0.0004243320765983,0.0021347567262745,0.0602479030324567,0.0003737860800507,3.780842630174419e-05,3.8387607993298906e-05,0.0003353984720574,686.1662045416955,1.7406040671359864
187.7110221623053,1068.546536158078,2.6034028521692743,3644144065821.086,28.722131426527735,0.552809719172326,694793526.9727174,0.0007398372729363,0.125,5,514034.1482493235,5.807722592550347,144268268.2225882,1698.7409556596551,23.437046437733393,0.0029175880519243,25.90782314450225,25.908403945072585,0.9999999557682442,83.40508579602272,0.0007099707833204,0.0028872656016411,0.0953679779651099,0.0010333009374544,4.369597371221834e-05,4.4880741907039456e-05,0.0009884201955473,499.63064929127785,0.0020587028995338354
77.04605789427316,28530.451933662287,0.2777415207020615,31430566294.921455,36.18936448153022,0.4898878522721823,224281785.45547375,0.0121097015634465,0.425,3,2715985.487982724,95.06115727305506,2361391804.8720684,455115.4968912605,6.947204090243608,0.0003693577148922,7.045737601337298,7.047080196021761,0.9999988558679848,1720.1014342953283,0.0002346650472527,0.0028684117978394,0.0139848397242309,0.0117506093561111,0.000291137592731,0.0003854764116119,0.0113651329444992,88.40643282719546,0.1044492941512082
48.07071551446671,8231.192517575959,2.092020563209333,77960972762.17093,27.743616294126916,0.7540452449548791,605790671.5282474,0.0010988868579081,0.425,4,665695.4075857304,8.626261834578802,214282937.2920849,3747.6644751374224,18.835347856134167,-0.0017113406142432,20.03752361041349,20.037986656663744,0.999999969741073,119.6618491956128,0.0003504520659923,0.0021717887731736,0.0599962239672448,0.0012012631743142,3.929515937792227e-05,4.627182780837444e-05,0.0011549913465058,369.7604858881862,0.002125884138398946
96.6846847594414,10928.198897828172,0.8302917708467059,266809350759.39615,21.9713176309994,0.7207021083180614,142290118.69604734,0.007040981444716,0.175,1,1001862.0855053078,55.271704341020666,1372991381.7196217,153858.37548665734,3.472833595138921,0.001217233763031,3.0686486998526665,3.067520163509854,0.9999994904161804,607.1960860416267,0.0008996569590136,0.0143468513709783,-0.1317142934300887,0.0024020907025735,0.0007790544710359,-0.000737700305968,0.0031397910085415,56.065990871836675,0.1093137856627916
354.27539027689414,10076.656315082875,0.3223507411787833,6684947163491.022,119.71367062722072,0.8826009123494178,511151679.48665905,0.0020332788288021,0.225,3,1039313.8882068885,15.961238806096912,396489371.6164201,12830.6488785481,2.904691174529985,0.0006413122325007,3.1974531830258943,3.197539683557984,0.9999999765088636,955.3892426177496,0.0003929338057159,0.0026717204603955,0.0915609992509274,0.0001306275400088,3.897167727118234e-05,5.411076629818442e-05,7.651677371071371e-05,1077.439274914829,0.050025469937194436
329.9153607704456,2364.286583338775,0.8857389321653734,8905985399603.01,80.75493957365855,0.8380294119433582,133070354.97210696,0.0035588571319919,0.175,5,473578.3818491837,27.93702848613683,693977140.7384309,39307.53870865832,3.5773255846414,0.0014259295653631,4.036989344030581,4.037139826420492,0.9999998780621522,1128.0265236327784,0.0022935882712676,0.0040789446909705,0.1138630103319141,0.0032151914558218,7.303713172918114e-05,7.478730611297979e-05,0.0031404041497088,280.3025868265757,1.4309235992518583
104.63045913628277,2777.6808505986496,0.2768062873453869,10337773578.74063,78.21765206034212,0.8768451366335932,321174555.25055164,0.0043901619138971,0.475,5,1410008.3001738174,34.462771024092376,856081573.2099379,59815.78664568229,6.992005366217558,0.0025116417798179,6.4705644951588885,6.469815617172952,0.9999988132316424,1347.7985164988488,0.0085023772644893,0.0075088749218823,-0.0805866121029778,0.0014790440893766,0.0003490738014999,-0.000231854834545,0.0017108989239217,379.7586723935116,0.08729367121283964
585.8871074540018,5265.431081530794,0.9199337298029132,212795789123294.62,85.17085374324556,0.6390599843132516,257108686.1782206,0.0016114076210961,0.125,4,414306.8963576106,12.649549825605003,314224486.1137549,8058.710779708395,3.681200124542755,0.0005692060479261,4.250641405406102,4.2506622011688275,0.999999998649538,538.6864790572506,0.0001745320085902,0.0016876700823636,0.1339659657338099,0.0004332184534698,1.0630003278583322e-05,9.788931679963154e-06,0.0004234295217898,610.6878745631896,0.3177488875700936
188.24586848620848,7810.064670556354,0.2789764826158075,309351251910.6918,79.7649423531583,0.5266681182210148,405904274.1717425,0.0006709536399265,0.375,3,272342.9502172716,5.266986073423352,130835959.78567562,1397.139494695037,4.465254612125168,-0.0011673539272502,4.276335190721715,4.276133048073412,0.9999999282637444,210.06042026075065,0.0002862525258151,0.0031037863994111,-0.0441778796510965,-2.2923439184111388e-05,0.0001088964844491,-9.45446692097508e-05,7.162123002563943e-05,1113.653893465666,0.08216291083311188
55.59709862061818,1397.2715451996123,0.7351696307983384,2924318625.739339,16.17410658857871,0.8767913390570656,481047807.7029524,0.0021708331351242,0.175,5,1044274.5205404274,17.041040110725035,423312461.34922063,14625.39576157067,36.08495382154851,-0.0033162491624569,38.51489012196546,38.51647852025751,0.9999998543004236,137.81179956555593,0.0015155864381556,0.0031704661436459,0.0630908277998988,0.0132932475157853,7.961155304925249e-05,8.357358397319617e-05,0.0132096739318121,136.6701994564798,0.0011110569019329483
122.63861357094402,14340.312633965585,1.2228866882229514,1966075671249.764,35.467549299047064,0.5579641938091084,230041849.6311592,0.0106576117504972,0.25,2,2451696.719735168,83.66225224140355,2078234291.3469672,352512.5095138745,4.940025793875665,0.0010740293755808,4.837434099014764,4.830924905611217,0.9999741733159868,1483.6475279206456,0.001711445433497,0.0111711764420967,-0.0212078744146189,0.0018108738947291,0.0027622970550786,-0.0027015008710227,0.0045123747657519,93.5356755901784,0.08593816831552784
63.74836330776749,13587.184288348835,0.3842208072705585,13425412191.028591,14.052447585726089,0.4916141229882991,131056408.49280688,0.0177310562906321,0.2,3,2323768.556234046,139.18879188146272,3457555976.673278,975717.198414524,13.87299574848122,-0.0009060334344613,15.038387851645991,15.03985560131546,0.9999997534423632,977.971601217396,0.0008028135470422,0.0053005877996331,0.0774944837612507,0.1891048698813877,0.0001810673757986,0.0002320797703233,0.1888727901110643,21.686348341383788,0.07878747806217727
73.86488061996049,3631.514735925408,0.2909609441209266,3709107771.050353,12.119115527733149,0.7578693145294414,164636414.09944665,0.00250030839934,0.125,5,411641.80901007046,19.627420934819263,487560137.8713066,19401.79460424387,29.134603993243264,0.0019380342905083,31.034469443980292,31.034892101029634,0.9999999879288216,118.9334909102614,0.0004467114458257,0.0019545241543843,0.0612179130101269,0.0792102754770843,3.119341588993241e-05,2.9394832317314323e-05,0.079180880644767,55.822555376846715,0.020063804100709137
63.8240276324633,14058.043886895734,0.2671622806413009,6747956169.939395,26.096442653053735,0.6641692742285586,312754221.20956177,0.0016258508651905,0.325,5,508491.7211455672,12.76292929174593,317040918.71216005,8203.820622638275,17.107131712588927,0.0014246021372487,19.1774590022955,19.177711596721743,0.999999985110431,166.5335261735137,0.0003379783341098,0.0018431726641588,0.1079562881327895,0.0058718319613849,1.5733395381259396e-05,2.649700343303803e-05,0.0058453349579519,205.45427184900424,0.01595107331518176
230.30078776106052,1105.6283553131614,1.4879790856484312,2790903126572.0386,56.73066527288697,0.4772877244992579,163238479.70622864,0.0024864798145985,0.225,5,405889.18475529697,19.51886654459883,484863563.84672254,19187.775075829784,5.981323133892298,0.0027746249110296,6.366256800199371,6.367764921250856,0.9999950532761732,553.659142223894,0.0042623689335046,0.0073835969909612,0.0604646778142876,0.0040998342340312,0.0004491528624194,0.000475559256681,0.0036242749773501,260.92116365868696,0.6745551186096849
89.50903094605619,14813.314479725035,0.2112184406671113,17192679777.235924,21.584452439903533,0.6919216802778587,375458885.4905073,0.0005432362283652,0.175,3,203962.8688600775,4.264404392667088,105931064.53122066,915.8665414005716,13.521982955747124,-0.0011690808621075,15.204859645608964,15.204906949879256,0.9999999996905994,46.022416899019234,6.290114115684458e-05,0.0012959579465,0.1106801857488924,0.0008623606474516,7.5869471394818255e-06,6.2275935185876095e-06,0.000856133053933,322.1072462725651,0.006031358095430871
197.30939415367465,24064.56413100575,1.9775650796876816,57808389089182.08,30.770279008807304,0.5482605103754312,173701282.22344297,0.0084019033180599,0.125,3,1459421.3794644135,65.95494104677063,1638371147.0216906,219083.7179455128,7.915137715010255,0.0004587453382019,7.302361929724385,7.302210833668058,0.9999999865268108,1014.7259690092848,0.0002135463255237,0.0026465132157107,-0.0839147376127107,0.0140414760291198,4.172265575831669e-05,-4.196516826119288e-05,0.014083441197381,79.4175956959463,0.15205475755121328
463.8670293153322,31520.92296034703,3.0576515102801647,5529796675999458.0,180.5307504952203,0.6324697237200166,569293899.1389287,0.005249437206923,0.325,4,2988472.5758141787,41.20808207434578,1023640255.3499908,85522.46957921602,3.0584675934804935,0.0003153306687515,2.983612046035259,2.9834328867773676,0.999999794846848,3719.662991675139,0.0003698588521438,0.0024687676400096,-0.025088901066982,1.855048757248563e-05,0.000121171729604,-0.0001201085914534,0.0001386590790259,1067.1751612354444,0.1327917722751563
335.58893857731346,26611.467419789125,0.3703570701334307,18762940388505.57,66.76615202862925,0.5235880665983563,210122998.8570733,0.0012145183133632,0.175,3,255198.2301707224,9.533968759901574,236831071.1058353,4577.86391725231,3.333970911391089,0.0004719662632642,3.676329965746812,3.6763579171271505,0.999999998146811,318.2732038298952,7.089604160524238e-05,0.001547402089152,0.0931252247609867,0.0003726611976259,1.2855206391854113e-05,1.5211625781354524e-05,0.0003574495718445,498.49836337439126,0.4164371557092399
60.194925393844855,14306.451753308223,0.6285132290413525,30071877878.710342,12.439234506781784,0.5128086531361792,187711422.4476606,0.0107119097093834,0.175,1,2010747.8086792696,84.0884912186599,2088822393.329768,356113.5917910806,5.873885599491385,0.0016034111898514,6.250663508430174,6.261977339088101,0.999987755005318,522.9982307951856,0.0013445905045793,0.0203412538688354,0.0602780662293905,0.0149607347478502,0.0033396347453476,0.0036642484357118,0.0112964863121383,29.5582135508188,0.020527429341649337
145.3789566893073,6614.382595577003,0.263354081134956,83049276855.92014,43.7406345424369,0.9480527471395634,352931061.08887374,0.0103923679724774,0.175,1,3667789.455752506,81.58008858394824,2026511754.633109,335184.38220552594,2.7325704724313296,0.0015790134469422,2.424361516299972,2.421705030193826,0.9999954621928888,1784.1824203450542,0.0044484725283038,0.0247657893412072,-0.1271299490852099,-0.0017199042257718,0.0023898110909929,-0.0021913252686896,0.0004714210429178,144.69229013247673,0.01710989315471486
286.4274253793271,1744.143383467818,0.5715588179760716,1554256479430.0818,97.73199764912208,0.7669781730332608,371833996.8981541,0.0018248535538267,0.25,5,678542.5906732088,14.325100397540147,355846442.99622023,10335.007076367096,5.152766559495691,0.0014298018970002,5.568373701481371,5.5687045123648415,0.9999996876425926,700.0103391879157,0.0014310545620136,0.0034679860319626,0.0746370779452382,0.0005123274026675,8.052594649170242e-05,0.0001188680545765,0.000393459348091,791.8992707055379,0.11130335887788824
69.12733486877701,1356.001802784046,0.3735664701949122,1751279823.643379,41.288504417218405,0.9377433699272444,240690186.7726351,0.0037119235265266,0.35,4,893423.5668854471,29.138599683234503,723825087.6727043,42761.48546745003,9.53239821484487,-0.0038389030289318,8.500722206236611,8.500898873398159,0.99999997571998,601.5446008663934,0.0088650689348619,0.008865349784708,-0.1213633363823325,0.0044753529442965,0.0003233672654219,4.1749929769134726e-05,0.0044336030145274,188.72588133037817,0.04944979380593769
89.51935990311235,1795.8401631620209,0.2223052572212656,2309911097.447277,16.31366468919064,0.741246732866992,134547037.83853233,0.0110181615799259,0.125,4,1482461.0030053605,86.49256840241874,2148541508.0855613,376767.1386392852,18.094145438330223,-0.0014794649057454,17.21793105432342,17.218497187139327,0.9999999518052508,705.5053795119724,0.001544221750137,0.0046133028168062,-0.0508896441298497,0.150877436779129,0.0002086771981772,7.567893593862784e-05,0.1508017578431904,32.35986208600492,0.06870167727196157
65.39018186497867,2604.7130256994815,3.261281835413514,205280157316.52097,16.146059483799977,1.0445105424004557,133771698.3047713,0.0154199739784298,0.125,4,2062756.1069099372,121.04679573067403,3006894925.7938137,737941.6529165887,13.7848067554527,0.0023161374696082,17.8362133876816,17.836607426384926,0.9999999805680442,977.2143820954242,0.005242259495429,0.0057884776889402,0.2271449967641093,0.2167546893262473,7.374372382354388e-05,5.3759454665708306e-05,0.2167009298715816,26.99476036634442,0.03175589933670853
228.1677124909717,29762.37712244401,0.2139118527117471,1495940476319.433,130.5220783858542,0.6298745243892424,335479256.117859,0.0005284801949576,0.45,1,177294.14267740547,4.148569530417364,103053638.01673707,866.7865747640155,0.8557620587753481,0.0001680729249748,0.7919260807600815,0.7919283814298771,0.9999999999680153,270.7399587191508,7.647999919469412e-06,0.0014227216260655,-0.0806085057256827,8.642706701035009e-06,1.2554377448514842e-05,5.810339398366494e-06,2.8323673026685144e-06,1866.702403302599,0.3404757371446693
440.6635280723927,2624.4002700492388,2.7047203934514807,293402290379088.3,105.1713936491114,0.9890448447867386,217709719.61571577,0.0163157520851257,0.125,4,3552097.8117722645,128.07865386823744,3181571656.599529,826169.0822778271,2.729493236208209,0.0005000865416844,3.172168870101146,3.172237828454681,0.9999999733613584,6735.105262012342,0.0016843592332997,0.0035891847957978,0.1395498323135684,0.0033641602319163,4.614881140327376e-05,4.362194273859355e-05,0.0033205382891777,218.07486775955317,0.3739995363646977
277.0778652003147,10726.261021730164,0.4444136753360799,5060468985645.776,101.74279839608649,0.9218386608273256,324264666.30296487,0.0090892483584171,0.225,2,2947322.0858869064,71.35059961357459,1772403429.891343,256395.66840698873,1.8292814248368776,0.0008198392349716,1.9979441220415903,1.9985094697698524,0.999998846349481,3629.704835961902,0.0024396566369665,0.0095018359644167,0.0844181252838871,0.0008979660637061,0.0005330651912365,0.0005661973225359,0.0003317687411701,344.95475505392625,0.1281440000411616
59.08156280149054,23267.65899489565,0.3940357555584687,17839886998.694473,19.74168436229219,0.7518078932584817,131202477.67454018,0.0007586490345956,0.25,5,99536.63302434343,5.955394921575626,147936561.7461461,1786.226639247223,14.190315661865595,-0.0012077917712326,16.46437097244027,16.464403869934713,0.9999999997318744,58.78476339727194,8.575291804298358e-05,0.0008612480326064,0.1381197808517081,0.0113652614141329,2.685136622493367e-06,4.041610019871189e-06,0.0113612198041131,147.36942735427877,0.10639985328987635
309.0549603010719,5668.670306105175,2.4908363265473614,130039323051750.36,117.11363047563565,0.9660950047488668,279455802.514058,0.0135320154805819,0.225,3,3781600.24575868,106.22632152256816,2638743018.7134767,568302.6941399687,2.5276970836029737,0.0006901666154861,2.417780060004823,2.417213492044711,0.9999982405236536,6220.275082790054,0.002962903363532,0.0065669029737392,-0.045461961332385,0.0005041967229952,0.0004718404137558,-0.0004690690795651,0.0009732658025603,302.103248643423,0.23472453298293255
99.08484772040492,32628.296740099435,0.2108936076917627,56690523418.9176,27.330027485361455,0.9460383454089234,429759120.0311348,0.0014114594560068,0.15,4,606587.573773147,11.079956729654118,275234593.92134434,6182.89054385509,17.08771669994196,-0.0007013481488983,17.140957896397058,17.14184374763845,0.9999998487841716,151.40776097903134,7.447584635278787e-05,0.000803360011008,0.0031060805806126,0.002258538370421,0.0001022092879225,0.0001035861768898,0.0021549521935311,270.70173794651436,0.0037203549084928234
561.5957328879733,3253.5534379182805,2.08570436339009,570583076936550.1,142.0874399547717,0.6010501965688559,269575824.1438981,0.0156758813584376,0.2,3,4225838.636382786,123.05566866373518,3056796864.8953323,762638.4174311865,2.1013933676452297,0.0006129618006815,1.9571024693795107,1.9564430307834653,0.9999963618770784,8742.332466176376,0.0032846881171393,0.0100305360077037,-0.0737267979184889,0.0001197152820693,0.000679199043554,-0.0006743142315107,0.00079402951358,334.46663805690025,0.8099523076233461
62.767510481192495,9382.864394119842,1.8491787136299696,201833416535.9191,15.783952746311282,0.7743200596279791,598558776.8139879,0.0067068184796843,0.175,3,4014425.065513311,52.64852506552211,1307829603.5384474,139600.78088524862,29.625929920821648,0.0015044399470586,26.40400728426513,26.40400786494402,0.999999999999998,415.500915898593,0.0009404196578035,0.0046522492002888,-0.1220240019580872,0.0123987174293949,8.865289999399062e-05,4.4529494187470215e-08,0.0123986728999007,84.64153407645827,0.0006861400981995338
120.59761688487087,1013.1421100870502,0.3429415184156366,10214700768.329664,39.020777285046606,0.4539402107686063,201260248.443725,0.0037628750027002,0.3,1,757317.1579061353,29.53856877119699,733760625.5265495,43943.46785546171,1.8952996003099312,0.0044555677255715,2.0521066119980005,2.0746543555178434,0.9995341880354984,576.3089566699553,0.0114409336778102,0.0611981493417244,0.0764127023280708,0.0224803729856091,0.0214857887733264,0.0221042547038211,0.0003761182817879,161.98979319197286,0.17433243302367932
