seed,T_true,T_pseudo,T_host_known,ok_host_known,bound_host_known,nbound_host_known,nfail_host_known,mirror_gap_host_known,peaks_gap_host_known,runner_gap_host_known,runner_T_host_known,won_host_known,s_host_known,zeta_host_known,fh_host_known,crbobs_host_known,T_host_unknown,ok_host_unknown,bound_host_unknown,nbound_host_unknown,nfail_host_unknown,mirror_gap_host_unknown,peaks_gap_host_unknown,runner_gap_host_unknown,runner_T_host_unknown,won_host_unknown,s_host_unknown,zeta_host_unknown,fh_host_unknown,crbobs_host_unknown,label,d,zeta
0,144250.74762393459,144250.74762393459,143946.9160760109,True,False,0,0,0.0,1.8189894035458565e-12,inf,,mirror,0.02338,0.002084615438743728,3.32213,0.0009925859189079682,143925.59407766638,True,False,0,0,7.919838071579761,10.390904296066765,7.919838071579761,143195.65027343726,truth,0.023301175423495257,0.0020919509690977096,3.3230376926035334,0.0023715122391600074,d=-0.025 zeta=0.2%,-0.02468759524535182,0.002
1,144250.74762393459,144250.74762393459,144080.99784185845,True,False,0,0,4.092726157978177e-12,3.3651303965598345e-11,inf,,truth,0.02338,0.0017854641441375,3.32213,0.0008945357040220384,144211.42405620593,True,False,0,0,1.6825651982799172e-11,23.450494692087887,23.450494692087887,142619.6473430242,small_s,0.024653218000354832,0.001802419915918297,3.322656302507629,0.0018324584924942252,d=-0.025 zeta=0.2%,-0.02468759524535182,0.002
2,144250.74762393459,144250.74762393459,144195.07411520457,True,False,0,0,4.092726157978177e-12,1.5006662579253316e-11,inf,,truth,0.02338,0.0037748274752289744,3.32213,0.0013641572899755258,144019.2189595488,True,False,0,0,5.4569682106375694e-12,5.97708984714518,5.97708984714518,142619.60284290666,truth,0.021833737507957515,0.0036807623587845318,3.32302759102333,0.00261006450063634,d=-0.025 zeta=0.2%,-0.02468759524535182,0.002
3,144250.74762393459,144250.74762393459,144449.68275661062,True,False,0,0,1.5916157281026244e-10,0.0,inf,,peaks,0.02338,0.0022849789853469,3.32213,0.0011387573538457474,144591.75977333743,True,False,0,0,0.0,19.63812784298625,19.63812784298625,142855.97277346888,mirror,0.024891986095190614,0.002167001312414367,3.3233347295215383,0.0021694872253314747,d=-0.025 zeta=0.2%,-0.02468759524535182,0.002
4,144250.74762393459,144250.74762393459,144323.81572082863,True,False,0,0,6.366462912410498e-11,3.9108272176235914e-11,inf,,truth,0.02338,0.0014129834082691908,3.32213,0.0007977958328131198,144493.1798933196,True,False,0,0,3.637978807091713e-11,0.0,inf,,peaks,0.024376322333561573,0.0014431981951441128,3.3192165103475886,0.0018122264570889493,d=-0.025 zeta=0.2%,-0.02468759524535182,0.002
5,144250.74762393459,144250.74762393459,144105.2040570174,True,False,0,0,0.0,1.1823431123048067e-11,inf,,mirror,0.02338,0.002325650890813595,3.32213,0.0009884325495411997,143790.52990093743,True,False,0,0,2.091837814077735e-11,0.0,inf,,peaks,0.02024102143452939,0.0021618966885704693,3.3217593726076613,0.0018714148333927043,d=-0.025 zeta=0.2%,-0.02468759524535182,0.002
6,144250.74762393459,144250.74762393459,144160.19992047074,True,False,0,0,2.2737367544323206e-12,3.865352482534945e-11,inf,,truth,0.02338,0.0017885249930689533,3.32213,0.0009630312234104899,144171.82855387084,True,False,0,0,2.2737367544323206e-12,19.66874056039933,19.66874056039933,142622.93542270153,truth,0.023240366493135354,0.0018144262476623805,3.3207510271570175,0.001939088753709246,d=-0.025 zeta=0.2%,-0.02468759524535182,0.002
7,144250.74762393459,144250.74762393459,144452.93318020855,True,False,0,0,7.275957614183426e-12,6.366462912410498e-12,inf,,truth,0.02338,0.0022492417907830227,3.32213,0.0010704433450175342,144238.24989365903,True,False,0,0,3.228706191293895e-11,1.0459189070388675e-11,inf,,small_s,0.021865189654278756,0.0019732238102769142,3.3254577767040767,0.0019168571613051187,d=-0.025 zeta=0.2%,-0.02468759524535182,0.002
8,144250.74762393459,144250.74762393459,144282.14311910103,True,False,0,0,1.000444171950221e-11,0.0,inf,,peaks,0.02338,0.002632032123596067,3.32213,0.0010505970143476855,143834.5377310655,True,False,0,1,3.001332515850663e-11,5.667098788409021,5.667098788409021,142719.35293506377,truth,0.019111335503114394,0.00237617220081673,3.3234255703802322,0.0020130264326644427,d=-0.025 zeta=0.2%,-0.02468759524535182,0.002
9,144250.74762393459,144250.74762393459,144211.2028503115,True,False,0,0,1.5370460459962487e-10,4.1382008930668235e-11,inf,,truth,0.02338,0.0020043008612041714,3.32213,0.001035254587510412,144236.20074395312,True,False,0,0,0.0,18.146006457135627,18.146006457135627,142680.78755893564,mirror,0.023504198829815585,0.0020328727838462217,3.32149586499952,0.0019653396385637405,d=-0.025 zeta=0.2%,-0.02468759524535182,0.002
10,144250.74762393459,144250.74762393459,144103.60430916797,True,False,0,0,0.0,1.3642420526593924e-11,inf,,mirror,0.02338,0.002189781846732397,3.32213,0.0009798443735005134,144429.40237833353,True,False,0,0,0.0,15.423546035775871,15.423546035775871,142600.70188845534,mirror,0.02570780869258514,0.0022711698730400087,3.31915926004115,0.0024744622603629193,d=-0.025 zeta=0.2%,-0.02468759524535182,0.002
11,144250.74762393459,144250.74762393459,144347.7502403912,True,False,0,0,0.0,1.864464138634503e-11,inf,,mirror,0.02338,0.0014157366239567798,3.32213,0.0007707056249495165,144479.50960334952,True,False,0,0,7.776179700158536e-11,2.546585164964199e-11,inf,,truth,0.024449232752059773,0.0014505058334138032,3.3217210891725135,0.002026670087279852,d=-0.025 zeta=0.2%,-0.02468759524535182,0.002
12,144250.74762393459,144250.74762393459,144077.4182000724,True,False,0,0,4.547473508864641e-13,2.637534635141492e-11,inf,,truth,0.02338,0.002192240321908491,3.32213,0.001003289081476118,143757.10516492353,True,False,0,0,1.546140993013978e-11,8.148700866370746,8.148700866370746,142579.61136994848,truth,0.020625975314054638,0.0020593169787027897,3.3251676976582494,0.0019530797293143183,d=-0.025 zeta=0.2%,-0.02468759524535182,0.002
13,144250.74762393459,144250.74762393459,144353.40676358718,True,False,0,0,1.8189894035458565e-12,4.547473508864641e-12,inf,,truth,0.02338,0.0023513104059748446,3.32213,0.0010304551081714184,144146.83436860543,False,False,0,1,6.912159733474255e-11,13.354070380506528,13.354070380506528,142978.2007826293,small_s,0.02169341046887908,0.0021993040643197227,3.3239841842733724,0.0020118255789893483,d=-0.025 zeta=0.2%,-0.02468759524535182,0.002
14,144250.74762393459,144250.74762393459,144205.0506100964,True,False,0,0,1.000444171950221e-11,0.0,inf,,peaks,0.02338,0.003008313101421635,3.32213,0.0012545347988604418,144251.13840978232,True,False,0,0,0.0,9.919398110725524,9.919398110725524,142677.3256526535,mirror,0.02350868543325881,0.002974980744932659,3.320025067264225,0.0025279651649405283,d=-0.025 zeta=0.2%,-0.02468759524535182,0.002
15,144250.74762393459,144250.74762393459,144472.2758196545,True,False,0,0,1.8189894035458565e-12,2.8194335754960775e-11,inf,,truth,0.02338,0.001368632969257606,3.32213,0.0008722791329302083,144380.4100236483,True,False,0,0,5.4569682106375694e-12,30.360741737659737,30.360741737659737,143032.99893679685,small_s,0.022750555044718252,0.0012726462406260183,3.323299681254922,0.0016153320721076128,d=-0.025 zeta=0.2%,-0.02468759524535182,0.002
16,144250.74762393459,144250.74762393459,144199.31616894656,True,False,0,0,1.2732925824820995e-11,0.0,inf,,peaks,0.02338,0.003088427691192747,3.32213,0.0012766500490773765,144208.89273590187,True,False,0,0,8.052762776485906,12.394499831578287,12.394499831578287,142726.26921212507,truth,0.02330398850535125,0.003111058747203909,3.320958635958667,0.0023307808572901444,d=-0.025 zeta=0.2%,-0.02468759524535182,0.002
17,144250.74762393459,144250.74762393459,144363.06403917252,True,False,0,0,7.366907084360719e-11,3.637978807091713e-12,inf,,truth,0.02338,0.0021969211614186438,3.32213,0.0012617617039047653,144841.85641065257,True,False,0,0,1.7280399333685637e-11,1.4551915228366852e-11,inf,,truth,0.027029040047295266,0.0026470583922697743,3.318218963681735,0.0022098130539587838,d=-0.025 zeta=0.2%,-0.02468759524535182,0.002
18,144250.74762393459,144250.74762393459,144484.17196659592,True,False,0,0,2.2737367544323206e-12,0.0,inf,,peaks,0.02338,0.0021274720939086587,3.32213,0.0009945350787879828,144264.27349283252,True,False,0,0,0.0,6.730260793119669e-11,inf,,mirror,0.021762126625360787,0.002022913997199542,3.3248881712214975,0.002316267400515306,d=-0.025 zeta=0.2%,-0.02468759524535182,0.002
19,144250.74762393459,144250.74762393459,144374.88367786762,True,False,0,0,1.8189894035458565e-11,1.5916157281026244e-11,inf,,truth,0.02338,0.0025333714145013403,3.32213,0.0011059024737988424,144219.74717158428,True,False,0,0,8.121968456274317,0.0,inf,,peaks,0.02241705086636595,0.0023826940864357924,3.325395462066284,0.0024358354585591263,d=-0.025 zeta=0.2%,-0.02468759524535182,0.002
20,144250.74762393459,144250.74762393459,144213.0693207687,True,False,0,0,3.183231456205249e-12,1.7280399333685637e-11,inf,,truth,0.02338,0.001676212124174561,3.32213,0.0008238476918410643,144093.18214222655,True,False,0,0,4.3655745685100555e-11,15.064945640677706,15.064945640677706,142850.28161732655,truth,0.02221110851339947,0.0016257960306056878,3.3216128801687166,0.002008719126552682,d=-0.025 zeta=0.2%,-0.02468759524535182,0.002
21,144250.74762393459,144250.74762393459,144380.24728536827,True,False,0,0,3.637978807091713e-12,1.1368683772161603e-11,inf,,truth,0.02338,0.0023160221485280376,3.32213,0.0011335706251286526,144433.46112075765,True,False,0,0,1.5006662579253316e-11,18.220296518911255,18.220296518911255,143198.03392724117,truth,0.02400282034304756,0.0023068211675694476,3.322887589782974,0.001965660385541874,d=-0.025 zeta=0.2%,-0.02468759524535182,0.002
22,144250.74762393459,144250.74762393459,144321.45358372555,True,False,0,0,6.821210263296962e-12,0.0,inf,,peaks,0.02338,0.002520396312639351,3.32213,0.00104246561334356,144079.18516177344,True,False,0,0,6.320988177321851e-11,6.442323849616969,6.442323849616969,142703.98957369945,truth,0.02166722926210195,0.002343799500753013,3.326670694601773,0.002191513385612599,d=-0.025 zeta=0.2%,-0.02468759524535182,0.002
23,144250.74762393459,144250.74762393459,144186.73404730074,True,False,0,0,0.0,6.821210263296962e-12,inf,,mirror,0.02338,0.002747935129515576,3.32213,0.001167113876309413,144326.53882473928,True,False,0,0,0.0,2.1827872842550278e-11,inf,,mirror,0.024952558776311733,0.002738678733080201,3.3246477854508734,0.002477355775721094,d=-0.025 zeta=0.2%,-0.02468759524535182,0.002
24,144250.74762393459,144250.74762393459,144054.78303405092,True,False,0,0,5.9117155615240335e-12,0.0,inf,,peaks,0.02338,0.002140228016171558,3.32213,0.0009793246582105173,143882.89125877546,True,False,0,0,4.0472514228895307e-11,11.683388620898313,11.683388620898313,142517.5861678048,truth,0.02264006589810661,0.0017241619712881587,3.3287947143717598,0.002044286929222537,d=-0.025 zeta=0.2%,-0.02468759524535182,0.002
25,144250.74762393459,144250.74762393459,144113.3154185012,True,False,0,0,2.1373125491663814e-11,2.091837814077735e-11,inf,,truth,0.02338,0.0014314161462539738,3.32213,0.0008246425303979998,144221.2474200439,True,False,0,0,3.092281986027956e-11,4.001776687800884e-11,inf,,truth,0.0244933488941895,0.001383850756873848,3.3228938811862307,0.0021189182403014606,d=-0.025 zeta=0.2%,-0.02468759524535182,0.002
26,144250.74762393459,144250.74762393459,144185.81705103998,True,False,0,0,0.0,1.546140993013978e-11,inf,,mirror,0.02338,0.0018297935330204242,3.32213,0.0008888738836630818,143695.87994384,True,False,0,0,1.546140993013978e-11,0.0,inf,,peaks,0.018888479275395335,0.0015525023844443148,3.3249936244399154,0.0019397157006175642,d=-0.025 zeta=0.2%,-0.02468759524535182,0.002
27,144250.74762393459,144250.74762393459,144123.35504408888,True,False,0,0,6.366462912410498e-12,0.0,inf,,peaks,0.02338,0.001705513385801759,3.32213,0.000883164103923245,143878.16630278647,True,False,0,0,2.3646862246096134e-11,12.832048264751393,12.832048264751393,142663.4040372418,small_s,0.021433223471535714,0.0015494694587687141,3.3249358969443628,0.0019080771358065815,d=-0.025 zeta=0.2%,-0.02468759524535182,0.002
28,144250.74762393459,144250.74762393459,144137.65577530023,True,False,0,0,1.3642420526593924e-11,0.0,inf,,peaks,0.02338,0.002208212577527371,3.32213,0.0010030859707504467,143985.28004719512,True,False,0,0,0.0,6.366462912410498e-12,inf,,mirror,0.022652808663596518,0.0018597927392142895,3.3272296046610212,0.0019155858263017293,d=-0.025 zeta=0.2%,-0.02468759524535182,0.002
29,144250.74762393459,144250.74762393459,144285.52260879645,True,False,0,0,0.0,4.547473508864641e-12,inf,,mirror,0.02338,0.001571596256142979,3.32213,0.0008516380579519821,144647.5291280163,True,False,0,0,0.0,5.275069270282984e-11,inf,,mirror,0.026472499898022254,0.0016115253878279062,3.322091834946042,0.001872129064892269,d=-0.025 zeta=0.2%,-0.02468759524535182,0.002
30,144250.74762393459,144250.74762393459,143959.74563174578,True,False,0,0,1.9099388737231493e-11,0.0,inf,,peaks,0.02338,0.0029414817341741066,3.32213,0.001214640608942986,144111.52934221108,True,False,0,0,7.275957614183426e-12,3.956301952712238e-11,inf,,truth,0.02433708364535197,0.002965807925513944,3.3191154143783526,0.00246480464304508,d=-0.025 zeta=0.2%,-0.02468759524535182,0.002
31,144250.74762393459,144250.74762393459,144308.72168275423,True,False,0,0,6.548361852765083e-11,0.0,inf,,peaks,0.02338,0.0025252562337113042,3.32213,0.0011501878584860305,144631.06143662758,True,False,0,0,3.637978807091713e-12,18.03091138606851,18.03091138606851,142692.50756934044,small_s,0.02600659625663143,0.0026587399482823106,3.321283906716275,0.0023085172398561874,d=-0.025 zeta=0.2%,-0.02468759524535182,0.002
32,144250.74762393459,144250.74762393459,144302.40991797316,True,False,0,0,2.2282620193436742e-11,0.0,inf,,peaks,0.02338,0.0017739688568443157,3.32213,0.0009684791005973702,144319.73273697696,True,False,0,0,1.3642420526593924e-12,6.821210263296962e-12,inf,,small_s,0.023185828621753692,0.0017929424201072693,3.320325492993234,0.0017732420026152955,d=-0.025 zeta=0.2%,-0.02468759524535182,0.002
33,144250.74762393459,144250.74762393459,144223.3473037764,True,False,0,0,1.4733814168721437e-10,0.0,inf,,peaks,0.02338,0.002265755665676478,3.32213,0.0009815343048811976,144073.57297248748,True,False,0,0,1.4097167877480388e-11,0.0,inf,,peaks,0.021541261393162363,0.0019269304948291753,3.318626998372991,0.001976888801470216,d=-0.025 zeta=0.2%,-0.02468759524535182,0.002
34,144250.74762393459,144250.74762393459,144146.1510796261,True,False,0,0,0.0,1.3642420526593924e-11,inf,,mirror,0.02338,0.001947184432964221,3.32213,0.0009566526711469889,144140.03330596403,True,False,0,0,0.0,2.637534635141492e-11,inf,,mirror,0.023887648694344517,0.001849253996896018,3.3260205192815917,0.0019255500394906903,d=-0.025 zeta=0.2%,-0.02468759524535182,0.002
35,144250.74762393459,144250.74762393459,144698.63390338834,True,False,0,0,1.7280399333685637e-11,0.0,inf,,peaks,0.02338,0.0025577453150742607,3.32213,0.0011060543616436967,144542.94626765055,True,False,0,0,2.637534635141492e-11,11.555012145637193,11.555012145637193,143224.02017918142,truth,0.022464488238282274,0.0024542704717785096,3.325635758437139,0.0021960130956140797,d=-0.025 zeta=0.2%,-0.02468759524535182,0.002
36,144250.74762393459,144250.74762393459,144219.74410647264,True,False,0,0,1.546140993013978e-11,4.547473508864641e-12,inf,,truth,0.02338,0.0017552656238746152,3.32213,0.000937042248239153,144214.3845175525,True,False,0,0,0.0,1.3324097380973399e-10,inf,,mirror,0.023757595710629326,0.0015631812904970677,3.3244352079034254,0.001764676464200097,d=-0.025 zeta=0.2%,-0.02468759524535182,0.002
37,144250.74762393459,144250.74762393459,144290.4005836859,True,False,0,0,1.000444171950221e-11,0.0,inf,,peaks,0.02338,0.0024354884641892153,3.32213,0.0010836622620146522,144501.2734768955,True,False,0,0,4.638422979041934e-11,1.4551915228366852e-11,inf,,truth,0.025404745040331897,0.0024833062339933787,3.3237257851746005,0.0024359473336399914,d=-0.025 zeta=0.2%,-0.02468759524535182,0.002
38,144250.74762393459,144250.74762393459,144194.23625104982,True,False,0,0,7.275957614183426e-12,0.0,inf,,peaks,0.02338,0.001883954747632549,3.32213,0.0009544434503249,144440.3587270042,True,False,0,0,0.0,16.382031430746792,16.382031430746792,142505.47076603206,mirror,0.025396494040318542,0.001954814295287213,3.3214369463784323,0.0022044427436120413,d=-0.025 zeta=0.2%,-0.02468759524535182,0.002
39,144250.74762393459,144250.74762393459,144290.87712862948,True,False,0,0,5.547917680814862e-11,0.0,inf,,peaks,0.02338,0.0015435361704200022,3.32213,0.0009829639580538534,144684.34402577628,True,False,0,0,2.7284841053187847e-11,8.185452315956354e-12,inf,,small_s,0.026143710177420152,0.0017407215078409516,3.3183978146694506,0.0019720488206646054,d=-0.025 zeta=0.2%,-0.02468759524535182,0.002
40,144250.74762393459,144250.74762393459,144408.8998481031,True,False,0,0,0.0,1.7280399333685637e-11,inf,,mirror,0.02338,0.002108204712490327,3.32213,0.0010025990270828933,144290.44354647904,True,False,0,0,0.0,12.239316950724515,12.239316950724515,142840.0726620175,mirror,0.022469070286690825,0.002059486394608174,3.3232348856065976,0.0021727334112419893,d=-0.025 zeta=0.2%,-0.02468759524535182,0.002
41,144250.74762393459,144250.74762393459,144099.36776460762,True,False,0,0,2.091837814077735e-11,0.0,inf,,peaks,0.02338,0.003080440070906658,3.32213,0.0012360618811045952,143842.92141410103,True,False,0,0,3.637978807091713e-12,5.68854465416689,5.68854465416689,142504.53861337306,truth,0.02090245726238626,0.0029767809949722227,3.3221480879057164,0.002302993316792844,d=-0.025 zeta=0.2%,-0.02468759524535182,0.002
42,144250.74762393459,144250.74762393459,144235.25812714407,True,False,0,0,9.094947017729282e-13,4.547473508864641e-13,inf,,truth,0.02338,0.0019071096102987357,3.32213,0.0009561857272356585,144167.1807517295,True,False,0,0,6.821210263296962e-12,5.411493475548923e-11,inf,,truth,0.02300961465266629,0.0018547769450750298,3.323837175742152,0.0019817547995431067,d=-0.025 zeta=0.2%,-0.02468759524535182,0.002
43,144250.74762393459,144250.74762393459,144446.75346618245,True,False,0,0,4.547473508864641e-13,0.0,inf,,peaks,0.02338,0.0023342798104176755,3.32213,0.0011249216240260553,144619.51587828598,True,False,0,0,0.0,18.12123347352508,18.12123347352508,142973.17640993622,mirror,0.02471325321727851,0.0023923605402576746,3.320956827099049,0.0021178545646758033,d=-0.025 zeta=0.2%,-0.02468759524535182,0.002
44,144250.74762393459,144250.74762393459,144054.12660635725,True,False,0,0,5.638867150992155e-11,0.0,inf,,peaks,0.02338,0.0024027887143650236,3.32213,0.0010367727698836825,143785.2543777178,True,False,0,0,1.609805622138083e-10,6.338043974194534,6.338043974194534,142592.04110572505,truth,0.020847199671366213,0.0022110990470924877,3.321997231415655,0.002455527568269945,d=-0.025 zeta=0.2%,-0.02468759524535182,0.002
45,144250.74762393459,144250.74762393459,144571.31120499628,True,False,0,0,9.549694368615746e-12,1.1823431123048067e-11,inf,,truth,0.02338,0.00212866216772775,3.32213,0.0010046549451974106,144578.1944022642,True,False,0,0,0.0,16.133622397889212,16.133622397889212,143466.53076749336,mirror,0.02367127992558221,0.002116435151347525,3.323675695152585,0.0019920471220614584,d=-0.025 zeta=0.2%,-0.02468759524535182,0.002
46,144250.74762393459,144250.74762393459,144148.0370551802,True,False,0,0,0.0,3.183231456205249e-11,inf,,mirror,0.02338,0.0014782792502108513,3.32213,0.0008051393233495851,143949.6457957326,True,False,0,0,4.5929482439532876e-11,0.0,inf,,peaks,0.021903510530876285,0.0013482846676592037,3.3249178437847524,0.0017342534538189382,d=-0.025 zeta=0.2%,-0.02468759524535182,0.002
47,144250.74762393459,144250.74762393459,144287.49351950674,True,False,0,0,4.547473508864641e-12,0.0,inf,,peaks,0.02338,0.0021639023052439474,3.32213,0.0010930737770414617,144477.52437756865,True,False,0,0,0.0,20.574552739501996,20.574552739501996,142838.83458381135,mirror,0.024727015565439804,0.0022944112254575325,3.320058938666312,0.002147498074302745,d=-0.025 zeta=0.2%,-0.02468759524535182,0.002
48,144250.74762393459,144250.74762393459,144495.63976159185,True,False,0,0,0.0,1.3642420526593924e-11,inf,,truth,0.02338,0.0017558990819353188,3.32213,0.000923542726139687,144848.07646841148,True,False,0,0,5.284164217300713e-10,29.652836640532314,29.652836640532314,142927.11980262052,small_s,0.026826992001549765,0.0016118970246936173,3.324975143254568,0.0020585499688112754,d=-0.025 zeta=0.2%,-0.02468759524535182,0.002
49,144250.74762393459,144250.74762393459,144321.0269710569,True,False,0,0,0.0,1.9099388737231493e-11,inf,,mirror,0.02338,0.001964588323823788,3.32213,0.0009257595736510689,144174.0988607383,True,False,0,0,0.0,15.441107759572333,15.441107759572333,142802.77794673794,mirror,0.022716018151666975,0.001647101580807653,3.3269788478945896,0.0019002519566197714,d=-0.025 zeta=0.2%,-0.02468759524535182,0.002
50,144250.74762393459,144250.74762393459,144315.15461719257,True,False,0,0,9.549694368615746e-12,1.8189894035458565e-11,inf,,truth,0.02338,0.001793605480558016,3.32213,0.0008418728353280901,144099.70704130575,True,False,0,0,0.0,10.355407170461149,10.355407170461149,143209.5650868661,mirror,0.021296800860280185,0.0016080675640999414,3.321035872181584,0.0020698577258969303,d=-0.025 zeta=0.2%,-0.02468759524535182,0.002
51,144250.74762393459,144250.74762393459,144357.23052286525,True,False,0,0,1.687112671788782e-10,2.7284841053187847e-12,inf,,truth,0.02338,0.002147728559301152,3.32213,0.0009181833993141058,144040.7905753889,True,False,0,0,3.637978807091713e-11,8.249417417774566,8.249417417774566,142775.23126693978,truth,0.021003390574977496,0.001897409578634656,3.326953867622198,0.002051631899071774,d=-0.025 zeta=0.2%,-0.02468759524535182,0.002
52,144250.74762393459,144250.74762393459,144376.28944111295,True,False,0,0,0.0,3.54702933691442e-11,inf,,mirror,0.02338,0.002154108229266394,3.32213,0.0011022075873327456,144550.93610759132,True,False,0,0,8.230927051045e-11,0.0,inf,,peaks,0.025050543677175147,0.0021691017596268806,3.3226621353087706,0.0020381254807634924,d=-0.025 zeta=0.2%,-0.02468759524535182,0.002
53,144250.74762393459,144250.74762393459,144428.69878063805,True,False,0,0,2.3646862246096134e-11,0.0,inf,,peaks,0.02338,0.002868401883756138,3.32213,0.0011103589237851813,144076.04636899597,True,False,0,0,0.0,6.88944263803387,6.88944263803387,142813.576342265,mirror,0.02203895525888037,0.002260732192919156,3.3409512378127157,0.0022684666476933102,d=-0.025 zeta=0.2%,-0.02468759524535182,0.002
54,144250.74762393459,144250.74762393459,144248.98697484296,True,False,0,0,2.955857780762017e-11,0.0,inf,,peaks,0.02338,0.00159067795269117,3.32213,0.0008108961112543776,144094.94892765072,True,False,0,0,2.1827872842550278e-11,14.096730139586725,14.096730139586725,142772.20647092955,truth,0.02226282893758941,0.0015152436797243472,3.324251434914233,0.0020281431154264644,d=-0.025 zeta=0.2%,-0.02468759524535182,0.002
55,144250.74762393459,144250.74762393459,144258.6207835876,True,False,0,0,0.0,4.547473508864641e-12,inf,,mirror,0.02338,0.0018853642452297,3.32213,0.0009463634794585888,144448.082712475,True,False,0,0,4.774847184307873e-11,14.491292196234099,14.491292196234099,143384.36261317544,small_s,0.025316106193478894,0.0018738759909707919,3.3239077426206034,0.0021292210739037322,d=-0.025 zeta=0.2%,-0.02468759524535182,0.002
56,144250.74762393459,144250.74762393459,144033.7561324629,True,False,0,0,5.9117155615240335e-12,6.821210263296962e-12,inf,,truth,0.02338,0.0020147947815809674,3.32213,0.0009472441241267228,143715.65632203344,True,False,0,0,4.774847184307873e-11,12.543276883914132,12.543276883914132,142679.44460251633,truth,0.02048052328155261,0.0018101690934789483,3.3242724421954755,0.0017193771736022025,d=-0.025 zeta=0.2%,-0.02468759524535182,0.002
57,144250.74762393459,144250.74762393459,144296.4171717846,True,False,0,0,8.640199666842818e-12,0.0,inf,,peaks,0.02338,0.0017070886104964132,3.32213,0.0008627858346998625,144056.19599071497,True,False,0,0,1.6370904631912708e-11,13.694183452374546,13.694183452374546,142759.89419536933,truth,0.0215494787857103,0.001552285442598403,3.32517777611204,0.001841702929234577,d=-0.025 zeta=0.2%,-0.02468759524535182,0.002
58,144250.74762393459,144250.74762393459,144132.91328888686,True,False,0,0,0.0,3.183231456205249e-12,inf,,mirror,0.02338,0.0015361749798837269,3.32213,0.0008605528175481122,144097.28729739517,True,False,0,0,0.0,18.008541017028165,18.008541017028165,142609.96282186793,mirror,0.02309209040803238,0.0015244528807016584,3.3224153625055997,0.0018034679524754614,d=-0.025 zeta=0.2%,-0.02468759524535182,0.002
59,144250.74762393459,144250.74762393459,144342.7166028958,True,False,0,0,0.0,1.0913936421275139e-11,inf,,mirror,0.02338,0.0018616726825348478,3.32213,0.0008519835162198738,143712.91597546672,True,False,0,0,2.527506130668826,4.776937198615542,4.702861118721103,144684.02719249792,truth,0.017925003469282982,0.0014836812962357162,3.330113359550856,0.001906133696577712,d=-0.025 zeta=0.2%,-0.02468759524535182,0.002
60,144250.74762393459,144250.74762393459,144251.33941228417,True,False,0,0,9.094947017729282e-12,0.0,inf,,peaks,0.02338,0.0019668505157625685,3.32213,0.0009873010879993308,143832.4854654591,True,False,0,0,0.0,4.0651064212720485,4.0651064212720485,142575.63658699204,mirror,0.019627159843752573,0.0017572107079357512,3.324858822993119,0.0019564854545335154,d=-0.025 zeta=0.2%,-0.02468759524535182,0.002
61,144250.74762393459,144250.74762393459,144226.2824318854,True,False,0,0,1.3642420526593924e-12,0.0,inf,,peaks,0.02338,0.0018970820657710759,3.32213,0.0009161653638229703,144273.4514375782,True,False,0,0,3.228706191293895e-11,21.153180295205402,21.153180295205402,142701.14084755495,small_s,0.024228497235602494,0.0017519170564758528,3.324761055295989,0.0019343977942579216,d=-0.025 zeta=0.2%,-0.02468759524535182,0.002
62,144250.74762393459,144250.74762393459,144052.6622341522,True,False,0,0,0.0,3.3651303965598345e-11,inf,,mirror,0.02338,0.001822819856428545,3.32213,0.0009262013429801842,143694.88600180796,True,False,0,0,5.184119800105691e-11,1.3642420526593924e-10,inf,,small_s,0.020107906566144976,0.0016944587146246928,3.3238864648993443,0.0019749820033652583,d=-0.025 zeta=0.2%,-0.02468759524535182,0.002
63,144250.74762393459,144250.74762393459,144188.86860334058,True,False,0,0,0.0,1.6825651982799172e-11,inf,,mirror,0.02338,0.0021420172873058596,3.32213,0.0009975887700212,144159.55586077605,True,False,0,0,0.0,1.864464138634503e-11,15.424794976225257,142806.14016423398,mirror,0.0236420475646975,0.0019797515529076546,3.3257821778338883,0.0021161124373412347,d=-0.025 zeta=0.2%,-0.02468759524535182,0.002
64,144250.74762393459,144250.74762393459,144354.18691850622,True,False,0,0,6.366462912410498e-12,1.318767317570746e-11,inf,,truth,0.02338,0.0018295870407658117,3.32213,0.0009098320153266521,144147.33404301875,True,False,0,0,1.0186340659856796e-10,11.951688871893566,11.951688871893566,142892.6483685921,truth,0.022006391766849126,0.0017950931331953035,3.3261321527106835,0.001990491324156642,d=-0.025 zeta=0.2%,-0.02468759524535182,0.002
65,144250.74762393459,144250.74762393459,144302.68230122395,True,False,0,0,0.0,4.547473508864641e-12,inf,,mirror,0.02338,0.0023847704845604005,3.32213,0.0011719753631217072,144256.00263957205,True,False,0,0,3.410605131648481e-11,14.032752472941866,14.032752472941866,142858.0965444335,truth,0.022653997301684367,0.002310541249989203,3.3204694720980568,0.0020656494974562235,d=-0.025 zeta=0.2%,-0.02468759524535182,0.002
66,144250.74762393459,144250.74762393459,144233.9705535733,True,False,0,0,1.8189894035458565e-12,0.0,inf,,peaks,0.02338,0.0030153501004360973,3.32213,0.0011370700491339673,144008.7877388512,True,False,0,0,0.0,0.8308008763287944,0.8308008763287944,142554.28827433326,mirror,0.02429201885340086,0.00283307287346377,3.35279291967916,0.0030652986192514224,d=-0.025 zeta=0.2%,-0.02468759524535182,0.002
67,144250.74762393459,144250.74762393459,144339.10214198116,True,False,0,0,1.0459189070388675e-11,0.0,inf,,peaks,0.02338,0.002992005342298389,3.32213,0.001193267677357486,144123.19856233784,True,False,0,0,5.9117155615240335e-12,9.018096277593031,9.003216137288746,145317.08609643872,truth,0.021222379522438856,0.0027958916854520484,3.3210110667226225,0.002177680105574165,d=-0.025 zeta=0.2%,-0.02468759524535182,0.002
68,144250.74762393459,144250.74762393459,144087.57832699327,True,False,0,0,0.0,3.183231456205249e-12,inf,,mirror,0.02338,0.0013829995077826512,3.32213,0.0008497590235894627,144101.04852718092,True,False,0,0,0.0,21.971073500596503,21.971073500596503,142663.3924000928,mirror,0.023272728241294664,0.0014054841967635686,3.3208793297288595,0.0018526189905385675,d=-0.025 zeta=0.2%,-0.02468759524535182,0.002
69,144250.74762393459,144250.74762393459,144113.97678114462,True,False,0,0,1.2732925824820995e-11,2.319211489520967e-11,inf,,truth,0.02338,0.0015707772200366263,3.32213,0.0008071330444342107,144086.1651739437,True,False,0,0,1.5916157281026244e-11,3.54702933691442e-11,inf,,small_s,0.023303940457760634,0.0015710850016736702,3.3234280119973083,0.0020011509899716226,d=-0.025 zeta=0.2%,-0.02468759524535182,0.002
70,144250.74762393459,144250.74762393459,144221.76010394873,True,False,0,0,0.0,1.5006662579253316e-11,inf,,mirror,0.02338,0.0018514408638428213,3.32213,0.0009592918584330645,144047.58758071123,True,False,0,0,4.1518433135934174e-10,12.366447104277995,inf,,truth,0.02170441086037277,0.0017320281415324618,3.322129417690031,0.0018056944970446765,d=-0.025 zeta=0.2%,-0.02468759524535182,0.002
71,144250.74762393459,144250.74762393459,144436.7183182801,True,False,0,0,0.0,1.1823431123048067e-11,inf,,mirror,0.02338,0.0018218377239301797,3.32213,0.0009206873292314364,144432.46953913773,True,False,0,0,5.4569682106375694e-12,15.99361176861521,15.99361176861521,142859.7694949432,small_s,0.023473347639644274,0.0018235078268347504,3.323015536579934,0.001969208563639678,d=-0.025 zeta=0.2%,-0.02468759524535182,0.002
72,144250.74762393459,144250.74762393459,144258.56690143212,True,False,0,0,0.0,9.094947017729282e-13,inf,,mirror,0.02338,0.002033036475675858,3.32213,0.0008976617567026187,143683.70697526637,True,False,0,0,4.001776687800884e-11,4.870781265628466,4.870781265628466,142737.22772259274,truth,0.018347918670063912,0.0016956833344707214,3.3289867994771756,0.0020311992053384364,d=-0.025 zeta=0.2%,-0.02468759524535182,0.002
73,144250.74762393459,144250.74762393459,143952.5724703258,True,False,0,0,4.092726157978177e-12,3.183231456205249e-12,inf,,truth,0.02338,0.0020651646275243974,3.32213,0.001001789870340058,144462.65073596427,True,False,0,0,0.0,2.7284841053187847e-12,inf,,mirror,0.027441124881477746,0.0021877305760881313,3.3198493655443477,0.0020876834230800735,d=-0.025 zeta=0.2%,-0.02468759524535182,0.002
74,144250.74762393459,144250.74762393459,144178.30094024376,True,False,0,0,1.1368683772161603e-11,3.637978807091713e-12,inf,,truth,0.02338,0.002243781550942845,3.32213,0.0009628950912716607,143948.7194975167,True,False,0,0,0.0,7.6840528190191435,7.6840528190191435,142578.1594397239,mirror,0.021009123168206786,0.0020096511045861513,3.3198470386185344,0.002298982914805386,d=-0.025 zeta=0.2%,-0.02468759524535182,0.002
75,144250.74762393459,144250.74762393459,144185.7735077289,True,False,0,0,2.2282620193436742e-11,0.0,inf,,peaks,0.02338,0.0034583057370615763,3.32213,0.0013142486312389336,144617.45515808067,True,False,0,0,0.0,12.615003870788769,12.615003870788769,142495.43426031418,mirror,0.02714773914750511,0.0036747147658531118,3.3234006920770627,0.002885603168828555,d=-0.025 zeta=0.2%,-0.02468759524535182,0.002
76,144250.74762393459,144250.74762393459,144460.28638931742,True,False,0,0,2.7284841053187847e-12,1.6370904631912708e-11,inf,,truth,0.02338,0.0025373865033620074,3.32213,0.0011628069072203088,144385.05896509896,True,False,0,0,0.0,13.209251614494406,13.209251614494406,142884.92607290295,mirror,0.022869661740582758,0.002457476463922272,3.323315147890655,0.00213604068993975,d=-0.025 zeta=0.2%,-0.02468759524535182,0.002
77,144250.74762393459,144250.74762393459,144452.24112991767,True,False,0,0,0.0,9.094947017729282e-12,inf,,mirror,0.02338,0.001622101526327669,3.32213,0.0009256444627788234,144339.0062937726,True,False,0,0,3.183231456205249e-11,17.775393376250577,17.775393376250577,142800.2634508752,small_s,0.02241793763638782,0.0015672008899017622,3.322738170987667,0.001897222156148594,d=-0.025 zeta=0.2%,-0.02468759524535182,0.002
78,144250.74762393459,144250.74762393459,144227.0057373424,True,False,0,0,6.502887117676437e-11,2.091837814077735e-11,inf,,truth,0.02338,0.0024369617109386713,3.32213,0.0010171627840158467,143921.8091814963,True,False,0,0,5.002220859751105e-11,8.391347310007859,8.391347310007859,143110.5743831692,small_s,0.020241470512666147,0.002179313532525503,3.320062175338842,0.0020632907757103785,d=-0.025 zeta=0.2%,-0.02468759524535182,0.002
79,144250.74762393459,144250.74762393459,144420.24882205707,True,False,0,0,9.094947017729282e-12,0.0,inf,,peaks,0.02338,0.002194037368350619,3.32213,0.0009223058855272659,144281.9715910644,True,False,0,0,3.092281986027956e-11,5.211125551637906,inf,,small_s,0.023184752452391377,0.0016447390945888716,3.329906173663395,0.0018524967095237706,d=-0.025 zeta=0.2%,-0.02468759524535182,0.002
80,144250.74762393459,144250.74762393459,144372.90927131308,True,False,0,0,1.8189894035458565e-12,7.275957614183426e-12,inf,,truth,0.02338,0.002751647445634722,3.32213,0.0011829724318865693,144670.9682139306,True,False,0,0,0.0,18.749394804784515,18.749394804784515,142674.66916248004,mirror,0.02523856964903912,0.0028448926840345407,3.3172896401307037,0.0021695254069368786,d=-0.025 zeta=0.2%,-0.02468759524535182,0.002
81,144250.74762393459,144250.74762393459,144506.31702770517,True,False,0,0,6.821210263296962e-12,7.275957614183426e-12,inf,,truth,0.02338,0.00222473713260362,3.32213,0.0010603647140810192,144638.87327346226,True,False,0,0,0.0,2.5011104298755527e-11,inf,,mirror,0.023801189932466875,0.0021897907904570094,3.3176872290992665,0.0020069611079414932,d=-0.025 zeta=0.2%,-0.02468759524535182,0.002
82,144250.74762393459,144250.74762393459,144200.85979486376,True,False,0,0,0.0,6.366462912410498e-12,inf,,mirror,0.02338,0.002441019725886749,3.32213,0.0011508752415790788,144292.5408371069,True,False,0,0,2.7284841053187847e-12,0.0,inf,,peaks,0.024431602107344474,0.0023122000892073793,3.3232185778061534,0.002381263934535042,d=-0.025 zeta=0.2%,-0.02468759524535182,0.002
83,144250.74762393459,144250.74762393459,144206.6515724298,True,False,0,0,0.0,1.0049916454590857e-10,inf,,mirror,0.02338,0.0021726472516451407,3.32213,0.0009487910123615957,143844.2500988141,True,False,0,0,4.3655745685100555e-11,5.639241174000745,inf,,truth,0.020522137386063257,0.0020307362701264937,3.3273516327405104,0.002153456908575197,d=-0.025 zeta=0.2%,-0.02468759524535182,0.002
84,144250.74762393459,144250.74762393459,143917.4993444362,True,False,0,0,7.73070496506989e-12,0.0,inf,,truth,0.02338,0.0020246791361899193,3.32213,0.0010279791870768024,143748.78128706221,True,False,0,0,1.4551915228366852e-11,7.478114404375447,7.478114404375447,142207.10881758298,small_s,0.021741134195717406,0.001967976673167262,3.3223139502394203,0.001994349065962121,d=-0.025 zeta=0.2%,-0.02468759524535182,0.002
85,144250.74762393459,144250.74762393459,144159.25792283326,True,False,0,0,0.0,2.4556356947869062e-11,inf,,mirror,0.02338,0.001763652646731439,3.32213,0.0009353943308419781,143927.0127370957,True,False,0,0,11.619330295192867,14.92279011707842,14.92279011707842,142677.02644459406,small_s,0.021302067059602303,0.0016567952050727675,3.3235418529922973,0.0018123294910039884,d=-0.025 zeta=0.2%,-0.02468759524535182,0.002
86,144250.74762393459,144250.74762393459,144351.31358352693,True,False,0,0,0.0,1.3642420526593924e-11,inf,,mirror,0.02338,0.002149296103795674,3.32213,0.0010781220009308077,144388.12879354687,True,False,0,0,0.0,16.142229130092346,16.142229130092346,143469.36731664036,mirror,0.024093238684787497,0.002100107544299767,3.3244537576727256,0.0020076868423286845,d=-0.025 zeta=0.2%,-0.02468759524535182,0.002
87,144250.74762393459,144250.74762393459,144561.08048680407,True,False,0,0,6.821210263296962e-12,1.3642420526593924e-12,inf,,truth,0.02338,0.001718904791938449,3.32213,0.0008118263432526385,144621.9632580427,True,False,0,0,2.1827872842550278e-11,0.0,inf,,peaks,0.02481042358459009,0.00137903920668252,3.327967412819343,0.001846498246455333,d=-0.025 zeta=0.2%,-0.02468759524535182,0.002
88,144250.74762393459,144250.74762393459,144005.94683825507,True,False,0,0,2.5920599000528455e-11,0.0,inf,,peaks,0.02338,0.0016103113159009108,3.32213,0.000894518708781661,144253.44593033718,True,False,0,0,0.0,2.091837814077735e-11,inf,,mirror,0.025521690836677675,0.0016624977425608585,3.3216625826594695,0.001989785136710699,d=-0.025 zeta=0.2%,-0.02468759524535182,0.002
89,144250.74762393459,144250.74762393459,144348.67630528338,True,False,0,0,0.0,8.185452315956354e-12,inf,,mirror,0.02338,0.0021499663942962607,3.32213,0.0009822171130057285,144440.8085812517,True,False,0,0,1.6825651982799172e-11,0.0,inf,,peaks,0.024004335473573855,0.0021697154521838832,3.3208759636949527,0.002180583368284899,d=-0.025 zeta=0.2%,-0.02468759524535182,0.002
90,144250.74762393459,144250.74762393459,144242.06619030065,True,False,0,0,9.094947017729282e-12,0.0,inf,,peaks,0.02338,0.0017582259916138583,3.32213,0.0009095194252732354,144334.62372252348,True,False,0,0,0.0,22.89313203842812,22.89313203842812,142798.65317732608,mirror,0.023672363334950666,0.00176858938792639,3.318878081012873,0.0018354861996956666,d=-0.025 zeta=0.2%,-0.02468759524535182,0.002
91,144250.74762393459,144250.74762393459,144519.78514690232,True,False,0,0,2.7284841053187847e-12,0.0,inf,,peaks,0.02338,0.0025722553952023724,3.32213,0.0011651227385022684,144452.1208587008,True,False,0,0,2.5920599000528455e-11,10.027879011006917,inf,,truth,0.02324943864218642,0.0023959865689790333,3.325353616824885,0.0021318227466595313,d=-0.025 zeta=0.2%,-0.02468759524535182,0.002
92,144250.74762393459,144250.74762393459,144150.48566932476,True,False,0,0,0.0,4.547473508864641e-13,inf,,mirror,0.02338,0.0020410604824509363,3.32213,0.00090168217359313,143563.2396796415,True,False,0,0,1.7780621419660747e-10,3.9636113521678453,3.9636113521678453,142653.98896641392,small_s,0.018130128658080513,0.0017155613865640171,3.3284135720019266,0.002023756595902018,d=-0.025 zeta=0.2%,-0.02468759524535182,0.002
93,144250.74762393459,144250.74762393459,144284.52417349856,True,False,0,0,1.3642420526593924e-12,1.0913936421275139e-11,inf,,truth,0.02338,0.001826227337450356,3.32213,0.0009364333262606257,143896.5010308282,True,False,0,0,2.091837814077735e-11,10.948498661645772,inf,,small_s,0.020044348113996014,0.00154515043096714,3.325584870792813,0.0017250312571283444,d=-0.025 zeta=0.2%,-0.02468759524535182,0.002
94,144250.74762393459,144250.74762393459,144197.2731261566,True,False,0,0,0.0,3.410605131648481e-11,inf,,mirror,0.02338,0.0020178995181227223,3.32213,0.001165141445928783,144374.02134606446,True,False,0,0,0.0,1.4097167877480388e-11,inf,,mirror,0.025040279865712712,0.002020851378004814,3.3217773761040146,0.0020806843401709046,d=-0.025 zeta=0.2%,-0.02468759524535182,0.002
95,144250.74762393459,144250.74762393459,144136.16318766624,True,False,0,0,0.0,1.8189894035458565e-12,inf,,mirror,0.02338,0.001920820551304712,3.32213,0.0010133244486786252,144478.81432378863,True,False,0,0,1.4097167877480388e-11,9.549694368615746e-12,inf,,small_s,0.026260940676570692,0.0019981749146749444,3.3208433391607994,0.0019691004982348,d=-0.025 zeta=0.2%,-0.02468759524535182,0.002
96,144250.74762393459,144250.74762393459,144279.40011525998,True,False,0,0,0.0,3.183231456205249e-12,inf,,mirror,0.02338,0.002681170663184502,3.32213,0.0011759320977854087,144499.0915447184,True,False,0,0,0.0,16.21380925798485,16.21380925798485,142668.97479630855,mirror,0.025963560845935367,0.0023803939160194636,3.3264377615055225,0.002258458543172987,d=-0.025 zeta=0.2%,-0.02468759524535182,0.002
97,144250.74762393459,144250.74762393459,144352.01544769044,True,False,0,0,6.821210263296962e-12,0.0,inf,,peaks,0.02338,0.0025313219736680494,3.32213,0.001097498109543494,144226.42889325673,True,False,0,0,2.1827872842550278e-11,5.115054326174686,5.115054326174686,142641.01309222626,truth,0.02147312798756644,0.002286512649185263,3.3165941709665647,0.002243999224243922,d=-0.025 zeta=0.2%,-0.02468759524535182,0.002
98,144250.74762393459,144250.74762393459,144306.47821067853,True,False,0,0,0.0,1.1368683772161603e-11,inf,,mirror,0.02338,0.0017163547826178182,3.32213,0.0009228699182201135,144482.02208480006,True,False,0,0,6.821210263296962e-12,0.0,inf,,peaks,0.024836322075758647,0.0017729356139551623,3.3212969247805657,0.002051011809888129,d=-0.025 zeta=0.2%,-0.02468759524535182,0.002
99,144250.74762393459,144250.74762393459,143945.6050661563,True,False,0,0,0.0,3.319655661471188e-11,inf,,mirror,0.02338,0.0025241445620003116,3.32213,0.0010864850582615175,144188.2910004898,True,False,0,0,0.0,15.28251466501115,15.28251466501115,142468.3787402562,mirror,0.02475832457676428,0.00256191412203257,3.3165666572211956,0.0023037407852721757,d=-0.025 zeta=0.2%,-0.02468759524535182,0.002
10000,149163.82325092924,149163.82325092924,149507.86466694562,True,False,0,0,0.0,9.094947017729282e-13,inf,,mirror,0.02338,0.0024556310147757603,3.32213,0.0013398023084962819,149571.19936279516,True,False,0,0,0.0,4.547473508864641e-12,inf,,mirror,0.023423714306678483,0.0024913682806063067,3.321130113583932,0.0016156368262829138,d=-0.008 zeta=0.2%,-0.007968001015840826,0.002
10001,149163.82325092924,149163.82325092924,148849.65477599608,True,False,0,0,1.0459189070388675e-11,0.0,inf,,peaks,0.02338,0.0013438282117130907,3.32213,0.0009519961702710592,149018.97634231977,True,False,0,0,1.6370904631912708e-11,0.0,inf,,peaks,0.0241020073215316,0.001379294879178432,3.3205682385088213,0.0014434749590418136,d=-0.008 zeta=0.2%,-0.007968001015840826,0.002
10002,149163.82325092924,149163.82325092924,148762.07755103687,True,False,0,0,1.8189894035458565e-12,0.0,inf,,peaks,0.02338,0.00212671952636727,3.32213,0.001187844833939288,148589.41022553682,True,False,0,0,2.2737367544323206e-12,1.6825651982799172e-11,inf,,small_s,0.021627093585478423,0.001993068866888218,3.322576554974323,0.0016149436853927731,d=-0.008 zeta=0.2%,-0.007968001015840826,0.002
10003,149163.82325092924,149163.82325092924,148997.2497771053,True,False,0,2,0.0,1.7280399333685637e-11,inf,,mirror,0.02338,0.0020793350371546347,3.32213,0.0011936419476481575,149165.78215383468,True,False,0,0,2.3646862246096134e-11,0.0,inf,,peaks,0.024814644427475805,0.002121891744234721,3.321636248933138,0.0015483527261539937,d=-0.008 zeta=0.2%,-0.007968001015840826,0.002
10004,149163.82325092924,149163.82325092924,149167.7430499343,True,False,0,0,0.0,3.456079866737127e-11,inf,,mirror,0.02338,0.0026625011796305945,3.32213,0.0013715376401295912,149080.29485773697,False,False,0,1,0.0,7.275957614183426e-12,inf,,mirror,0.022752192933057833,0.00261208336277848,3.3225371249899758,0.0017528984329120041,d=-0.008 zeta=0.2%,-0.007968001015840826,0.002
10005,149163.82325092924,149163.82325092924,149142.1915828518,True,False,0,0,0.0,2.6830093702301383e-11,inf,,mirror,0.02338,0.0023339769636423866,3.32213,0.0012478601714936942,148996.41778353284,True,False,0,0,4.1382008930668235e-11,0.0,63.53164397421597,147503.03235332033,peaks,0.022054955280964544,0.0022219969591591635,3.3225351748260086,0.0015959360690382485,d=-0.008 zeta=0.2%,-0.007968001015840826,0.002
10006,149163.82325092924,149163.82325092924,149224.647425008,True,False,0,0,1.3642420526593924e-12,0.0,inf,,peaks,0.02338,0.0018396194836493309,3.32213,0.0010778252870266103,149363.64615774335,True,False,0,0,2.091837814077735e-11,1.3642420526593924e-12,inf,,truth,0.023165166544538564,0.0018142756571591222,3.3196387742550924,0.0015413319437933358,d=-0.008 zeta=0.2%,-0.007968001015840826,0.002
10007,149163.82325092924,149163.82325092924,149175.25867457796,True,False,0,0,0.0,5.002220859751105e-12,inf,,mirror,0.02338,0.0019499404449982414,3.32213,0.0012558991248988163,149491.37240345948,True,False,0,0,4.8203219193965197e-11,3.183231456205249e-12,98.6963763376607,150966.36726146092,truth,0.025058796798942226,0.002123326314623812,3.3185947138111977,0.0015881854593546353,d=-0.008 zeta=0.2%,-0.007968001015840826,0.002
10008,149163.82325092924,149163.82325092924,149293.43253087145,False,False,0,1,0.0,3.183231456205249e-12,inf,,mirror,0.02338,0.002677785600753829,3.32213,0.0013386660791564807,149115.41088518154,True,False,0,0,0.0,1.3642420526593924e-12,inf,,mirror,0.022378393383206168,0.0026093281272015164,3.3234740080791956,0.001696977958684364,d=-0.008 zeta=0.2%,-0.007968001015840826,0.002
10009,149163.82325092924,149163.82325092924,149284.23984933618,True,False,0,0,1.8189894035458565e-12,1.8189894035458565e-12,inf,,truth,0.02338,0.001722278381373723,3.32213,0.0009710797547805316,149024.69081688346,True,False,0,0,0.0,6.184563972055912e-11,inf,,mirror,0.02180346793318777,0.0016327267681380847,3.323113014360437,0.001442409052128977,d=-0.008 zeta=0.2%,-0.007968001015840826,0.002
10010,149163.82325092924,149163.82325092924,149451.4689188153,True,False,0,0,0.0,1.3642420526593924e-12,inf,,mirror,0.02338,0.0022414101682493954,3.32213,0.0011726904953251072,149526.17925094577,True,False,0,0,2.4556356947869062e-11,4.547473508864641e-12,inf,,small_s,0.0230026280315956,0.0022665630953487316,3.320521617252308,0.0015282277263970383,d=-0.008 zeta=0.2%,-0.007968001015840826,0.002
10011,149163.82325092924,149163.82325092924,148947.9200559157,True,False,0,0,3.637978807091713e-12,1.3642420526593924e-12,inf,,truth,0.02338,0.002805532001667327,3.32213,0.0013410968642107598,148804.40570603436,True,False,0,0,3.456079866737127e-11,9.094947017729282e-12,inf,,small_s,0.023025434886072355,0.002635732778646457,3.3244210761105406,0.0017269536159663392,d=-0.008 zeta=0.2%,-0.007968001015840826,0.002
10012,149163.82325092924,149163.82325092924,148937.22723277163,True,False,0,0,0.0,4.547473508864641e-12,inf,,mirror,0.02338,0.0018437220585553113,3.32213,0.0010089936987954784,148597.3684677454,True,False,0,0,1.4551915228366852e-11,1.1823431123048067e-11,inf,,small_s,0.022124118267141824,0.0017036297293993282,3.325747692765763,0.0015033475661136752,d=-0.008 zeta=0.2%,-0.007968001015840826,0.002
10013,149163.82325092924,149163.82325092924,149036.91848870207,True,False,0,0,4.547473508864641e-12,0.0,inf,,truth,0.02338,0.002358825915313428,3.32213,0.001261888152840981,149086.70007482308,True,False,0,0,3.183231456205249e-11,6.366462912410498e-12,inf,,small_s,0.022992614053988916,0.0023764913212259505,3.3204941002209343,0.0017153675986848155,d=-0.008 zeta=0.2%,-0.007968001015840826,0.002
10014,149163.82325092924,149163.82325092924,149542.55410347972,True,False,0,0,6.821210263296962e-12,7.73070496506989e-12,inf,,truth,0.02338,0.003124279375162095,3.32213,0.0013390813324287427,149321.40835011684,True,False,0,0,2.3646862246096134e-11,2.637534635141492e-11,inf,,small_s,0.021646070847577227,0.0029551895492448553,3.3226477069177656,0.0017070155929036724,d=-0.008 zeta=0.2%,-0.007968001015840826,0.002
10015,149163.82325092924,149163.82325092924,149067.53164199385,True,False,0,0,3.637978807091713e-11,0.0,inf,,peaks,0.02338,0.0018660470187296893,3.32213,0.0010104154978107407,149135.08830250663,True,False,1,0,2.5011104298755527e-11,0.0,104.06350494430626,147481.0973697092,peaks,0.023106635977313224,0.00184829231808847,3.320583466584512,0.001340436473273228,d=-0.008 zeta=0.2%,-0.007968001015840826,0.002
10016,149163.82325092924,149163.82325092924,149278.77573815998,True,False,0,0,0.0,1.8189894035458565e-12,inf,,truth,0.02338,0.002108200887940068,3.32213,0.001161035551870662,149172.23666081854,True,False,0,0,3.228706191293895e-11,6.366462912410498e-12,inf,,truth,0.022739062623578464,0.002074782693943226,3.3227715472711754,0.0015320778944257782,d=-0.008 zeta=0.2%,-0.007968001015840826,0.002
10017,149163.82325092924,149163.82325092924,148856.0808635766,True,False,0,0,0.0,1.2732925824820995e-11,inf,,mirror,0.02338,0.0017239291116350598,3.32213,0.000993150180301661,148890.08083612687,True,False,0,0,0.0,5.002220859751105e-12,inf,,mirror,0.02387520428324146,0.0017091288375638283,3.3225386922626,0.001485920129739053,d=-0.008 zeta=0.2%,-0.007968001015840826,0.002
10018,149163.82325092924,149163.82325092924,148915.60458664197,True,False,0,0,2.5920599000528455e-11,5.4569682106375694e-12,inf,,truth,0.02338,0.0020565088489511818,3.32213,0.001027553891701638,148866.05948009365,True,False,0,1,0.0,1.3642420526593924e-11,inf,,mirror,0.023309574537090955,0.002030045391858682,3.3229526707691903,0.0015334302631189846,d=-0.008 zeta=0.2%,-0.007968001015840826,0.002
10019,149163.82325092924,149163.82325092924,149392.8686085349,True,False,0,0,0.0,5.002220859751105e-12,inf,,mirror,0.02338,0.001994450322451252,3.32213,0.0011427660147384261,149407.8208287479,True,False,0,0,0.0,1.4097167877480388e-11,84.67083590454831,151758.97967316338,mirror,0.022896385353511167,0.0019596609891060156,3.3211957275473716,0.0014631868828752718,d=-0.008 zeta=0.2%,-0.007968001015840826,0.002
10020,149163.82325092924,149163.82325092924,149069.48249924227,True,False,0,0,1.0913936421275139e-11,0.0,inf,,peaks,0.02338,0.0018061939980880013,3.32213,0.0010930861858255475,149144.08556212854,True,False,0,0,0.0,2.7284841053187847e-11,inf,,mirror,0.02289686153389595,0.00184108999749617,3.3202918170049474,0.0016160532182277303,d=-0.008 zeta=0.2%,-0.007968001015840826,0.002
10021,149163.82325092924,149163.82325092924,149194.24216694903,True,False,0,0,0.0,2.3646862246096134e-11,inf,,mirror,0.02338,0.0024808356105297065,3.32213,0.0012381999855321953,149511.4769070439,True,False,0,0,9.094947017729282e-12,5.4569682106375694e-12,inf,,truth,0.02388983453651103,0.0025274992114272137,3.3170415043773556,0.0015286872353932521,d=-0.008 zeta=0.2%,-0.007968001015840826,0.002
10022,149163.82325092924,149163.82325092924,149322.20465975694,True,False,0,0,0.0,9.094947017729282e-13,inf,,mirror,0.02338,0.002793813397650378,3.32213,0.0014303303711859592,149370.7828795221,True,False,0,0,4.18367562815547e-11,3.54702933691442e-11,inf,,truth,0.023498822996863046,0.0028388993196008876,3.3214004945640117,0.0017055743900350323,d=-0.008 zeta=0.2%,-0.007968001015840826,0.002
10023,149163.82325092924,149163.82325092924,149037.14508462843,True,False,0,0,8.185452315956354e-12,0.0,inf,,peaks,0.02338,0.002459257349508004,3.32213,0.0012519916163876545,149006.4178454183,True,False,0,0,1.000444171950221e-11,5.9117155615240335e-12,inf,,truth,0.02331735148428694,0.002442979592695287,3.3225983851321104,0.0017081616833006178,d=-0.008 zeta=0.2%,-0.007968001015840826,0.002
10024,149163.82325092924,149163.82325092924,149061.31040353814,True,False,0,0,0.0,4.092726157978177e-12,inf,,mirror,0.02338,0.001711843787872402,3.32213,0.0010588531320850484,148996.28486064918,True,False,0,0,0.0,3.183231456205249e-12,inf,,mirror,0.023560717267080897,0.0016668212781297692,3.323350252517339,0.0013673917942509568,d=-0.008 zeta=0.2%,-0.007968001015840826,0.002
10025,149163.82325092924,149163.82325092924,149298.36549837908,True,False,0,0,1.8189894035458565e-12,4.547473508864641e-13,inf,,truth,0.02338,0.0017592780151351876,3.32213,0.0010966607316230102,149439.70635804473,True,False,0,0,2.0463630789890885e-11,5.4569682106375694e-12,inf,,truth,0.024093404511300067,0.0017885012742391685,3.321208869008446,0.001587554385165132,d=-0.008 zeta=0.2%,-0.007968001015840826,0.002
10026,149163.82325092924,149163.82325092924,149175.6292077201,True,False,0,0,0.0,1.0322764865122736e-10,inf,,mirror,0.02338,0.0018874425876766467,3.32213,0.0010394760969175652,149383.71273419505,True,False,0,0,0.0,2.4101609596982598e-11,87.12490844143804,147192.59975793588,mirror,0.02463937948723838,0.0019091252830902546,3.32160019643845,0.001600918718349441,d=-0.008 zeta=0.2%,-0.007968001015840826,0.002
10027,149163.82325092924,149163.82325092924,148835.68182131165,True,False,0,0,9.094947017729282e-13,1.3642420526593924e-11,inf,,truth,0.02338,0.002282805907230949,3.32213,0.0012208533614377045,148843.43421817455,True,False,0,0,1.4551915228366852e-11,0.0,72.1565248781435,146996.19245874288,peaks,0.023412102961781436,0.0022888395832679487,3.3220406871006163,0.0016278199730676735,d=-0.008 zeta=0.2%,-0.007968001015840826,0.002
10028,149163.82325092924,149163.82325092924,149384.73465519387,True,False,0,0,0.0,2.7284841053187847e-11,inf,,truth,0.02338,0.0020728503519143317,3.32213,0.001160982979250674,149152.9305799602,True,False,0,0,0.0,1.000444171950221e-11,inf,,mirror,0.021773102044924948,0.001979834708108549,3.322515181983804,0.001636081005507536,d=-0.008 zeta=0.2%,-0.007968001015840826,0.002
10029,149163.82325092924,149163.82325092924,149170.5921601236,True,False,0,0,1.0459189070388675e-11,4.001776687800884e-11,inf,,truth,0.02338,0.0020330341041393746,3.32213,0.0011950771506282181,149139.87682523063,True,False,0,1,0.0,1.2732925824820995e-11,inf,,mirror,0.023111377128750166,0.002021163950826667,3.3222622339310197,0.001542352188923303,d=-0.008 zeta=0.2%,-0.007968001015840826,0.002
10030,149163.82325092924,149163.82325092924,148925.08616271176,True,False,0,0,1.5006662579253316e-11,0.0,inf,,peaks,0.02338,0.001513813848065548,3.32213,0.0010216086701978478,149018.68903944016,True,False,0,0,0.0,4.092726157978177e-12,inf,,mirror,0.023548626526196062,0.0015594082687297396,3.3209531487038983,0.0015124988290069398,d=-0.008 zeta=0.2%,-0.007968001015840826,0.002
10031,149163.82325092924,149163.82325092924,149065.5129027837,True,False,0,0,1.8189894035458565e-12,0.0,inf,,peaks,0.02338,0.0024794673328318094,3.32213,0.001275780716209328,149077.62967397284,True,False,0,0,0.0,6.821210263296962e-12,60.05386126036001,149913.5034672616,mirror,0.02356115633677207,0.00249074209781386,3.3223154856518193,0.0017294492680143092,d=-0.008 zeta=0.2%,-0.007968001015840826,0.002
10032,149163.82325092924,149163.82325092924,149182.4556715974,True,False,0,0,1.0913936421275139e-11,0.0,inf,,peaks,0.02338,0.0020990276092147696,3.32213,0.001091961868842567,148944.49239084485,True,False,0,0,3.183231456205249e-12,5.9117155615240335e-12,inf,,truth,0.021783916080244152,0.0019762050348434788,3.3223689230843862,0.0016116425178682604,d=-0.008 zeta=0.2%,-0.007968001015840826,0.002
10033,149163.82325092924,149163.82325092924,149052.19471949092,True,False,0,0,1.4551915228366852e-11,0.0,inf,,peaks,0.02338,0.002323075579715192,3.32213,0.0012566624184730262,148985.5591977481,True,False,0,0,6.366462912410498e-12,0.0,inf,,peaks,0.02302511627285893,0.00229729225864882,3.322739966836915,0.001577567365940033,d=-0.008 zeta=0.2%,-0.007968001015840826,0.002
10034,149163.82325092924,149163.82325092924,149133.78701612778,True,False,0,0,8.185452315956354e-12,0.0,inf,,peaks,0.02338,0.0018868321838844306,3.32213,0.00110229126828432,149207.5588623004,True,False,0,0,5.547917680814862e-11,7.73070496506989e-12,inf,,small_s,0.024056640201591532,0.0018932537778809494,3.322357300701221,0.0016220861893571704,d=-0.008 zeta=0.2%,-0.007968001015840826,0.002
10035,149163.82325092924,149163.82325092924,149389.7415359299,True,False,0,0,0.0,6.821210263296962e-12,inf,,mirror,0.02338,0.0017878185038410976,3.32213,0.0010714506182516606,149486.38686171026,True,False,0,0,0.0,1.0913936421275139e-11,inf,,mirror,0.023829837895246994,0.0017995686357301054,3.3214531825463194,0.0015613549156565881,d=-0.008 zeta=0.2%,-0.007968001015840826,0.002
10036,149163.82325092924,149163.82325092924,149321.65284143048,True,False,0,0,0.0,5.32054400537163e-11,inf,,mirror,0.02338,0.002398230604834631,3.32213,0.0012376386383197806,149291.01985842842,True,False,0,0,0.0,2.7284841053187847e-12,inf,,mirror,0.023891515305041758,0.0023748058287434005,3.32381810722545,0.0017419332292949131,d=-0.008 zeta=0.2%,-0.007968001015840826,0.002
10037,149163.82325092924,149163.82325092924,149121.99928102194,True,False,0,0,5.002220859751105e-12,0.0,inf,,peaks,0.02338,0.0017286712509361236,3.32213,0.0010337700002822003,149077.84856840872,True,False,0,0,0.0,5.9117155615240335e-12,93.00162863378137,147231.49641840035,mirror,0.02365795933710976,0.001708654365349166,3.3234324921563325,0.0014569366943246414,d=-0.008 zeta=0.2%,-0.007968001015840826,0.002
10038,149163.82325092924,149163.82325092924,149242.30138552567,True,False,0,0,1.4551915228366852e-11,0.0,inf,,peaks,0.02338,0.0019014791984554198,3.32213,0.001157427681109796,149357.27749670643,True,False,0,0,0.0,2.3646862246096134e-11,inf,,mirror,0.023857179995082738,0.001930911816565392,3.320907798334228,0.001494493023452352,d=-0.008 zeta=0.2%,-0.007968001015840826,0.002
10039,149163.82325092924,149163.82325092924,149118.13767142594,True,False,0,0,3.637978807091713e-12,4.547473508864641e-13,inf,,truth,0.02338,0.0026251767477821686,3.32213,0.001382658893157455,149322.15390010612,True,False,0,0,2.637534635141492e-11,0.0,66.40402198886432,150190.4153701185,peaks,0.024254789168399352,0.0027114498424577827,3.3198486244280816,0.0017794573195531334,d=-0.008 zeta=0.2%,-0.007968001015840826,0.002
10040,149163.82325092924,149163.82325092924,149351.74233642462,True,False,0,0,2.000888343900442e-11,0.0,inf,,peaks,0.02338,0.0018345777833828447,3.32213,0.001084963983770853,148973.0958660528,True,False,0,0,1.8189894035458565e-12,1.1368683772161603e-11,inf,,small_s,0.022198925433428742,0.0016369257420822802,3.3262747780614297,0.0015232767252850803,d=-0.008 zeta=0.2%,-0.007968001015840826,0.002
10041,149163.82325092924,149163.82325092924,149083.4921773641,True,False,0,0,7.275957614183426e-12,0.0,inf,,peaks,0.02338,0.002241002885408762,3.32213,0.0011201282905653558,149427.22312681287,True,False,0,0,6.366462912410498e-12,4.411049303598702e-11,inf,,truth,0.023779541290107942,0.002012951041815547,3.3169717235345106,0.001546723043851924,d=-0.008 zeta=0.2%,-0.007968001015840826,0.002
10042,149163.82325092924,149163.82325092924,149560.35868745245,True,False,0,0,0.0,3.637978807091713e-12,inf,,mirror,0.02338,0.001804596226000361,3.32213,0.0010779439605721399,149569.15340097857,True,False,0,0,2.7284841053187847e-12,5.002220859751105e-12,inf,,truth,0.022877597726599627,0.0017742734791711787,3.3211805518392876,0.0014709902560925885,d=-0.008 zeta=0.2%,-0.007968001015840826,0.002
10043,149163.82325092924,149163.82325092924,149022.26288174567,True,False,0,0,4.547473508864641e-12,0.0,inf,,peaks,0.02338,0.0015756343970395204,3.32213,0.001009009109091193,148994.62603122348,True,False,0,0,3.774403012357652e-11,0.0,inf,,peaks,0.023115361267627886,0.0015691136240001016,3.322187835224536,0.0014352074947444077,d=-0.008 zeta=0.2%,-0.007968001015840826,0.002
10044,149163.82325092924,149163.82325092924,149046.8204054061,True,False,0,0,0.0,1.8189894035458565e-12,inf,,mirror,0.02338,0.0020176308851143215,3.32213,0.001041429308533417,148848.56228167753,True,False,0,0,4.4565240386873484e-11,0.0,75.89373138320116,150978.65628067774,peaks,0.022411619675333033,0.0019643774227442743,3.3238054831143016,0.0014840964306403926,d=-0.008 zeta=0.2%,-0.007968001015840826,0.002
10045,149163.82325092924,149163.82325092924,149029.69224600162,True,False,0,0,5.002220859751105e-12,0.0,inf,,peaks,0.02338,0.0023676878843475573,3.32213,0.001228013488123052,149091.80718828706,True,False,0,0,0.0,3.183231456205249e-12,inf,,mirror,0.02342423980041585,0.0024125199068058597,3.3210606933074365,0.0017633969523086677,d=-0.008 zeta=0.2%,-0.007968001015840826,0.002
10046,149163.82325092924,149163.82325092924,149159.03134407668,True,False,0,0,0.0,1.4551915228366852e-11,inf,,mirror,0.02338,0.002104574031678858,3.32213,0.0011548488981174216,148997.80639394923,True,False,0,0,1.8189894035458565e-12,0.0,inf,,peaks,0.022433381040518834,0.0019996120026225996,3.3234263617506024,0.001570941086538259,d=-0.008 zeta=0.2%,-0.007968001015840826,0.002
10047,149163.82325092924,149163.82325092924,149307.94736868303,True,False,0,0,2.7284841053187847e-12,0.0,inf,,peaks,0.02338,0.0021174687629847513,3.32213,0.0011823821708018384,149516.1743525949,True,False,0,0,2.546585164964199e-11,1.2278178473934531e-11,inf,,small_s,0.024253923934736757,0.0021074080574695064,3.32030521584248,0.0016204254574746298,d=-0.008 zeta=0.2%,-0.007968001015840826,0.002
10048,149163.82325092924,149163.82325092924,148973.96210055816,True,False,0,0,0.0,4.3655745685100555e-11,inf,,mirror,0.02338,0.0021573552328248845,3.32213,0.0011645392980737927,148922.5317611959,True,False,0,0,0.0,3.501554601825774e-11,inf,,mirror,0.022925450292926034,0.002130304412362182,3.3220496431083504,0.0016026222025745268,d=-0.008 zeta=0.2%,-0.007968001015840826,0.002
10049,149163.82325092924,149163.82325092924,149168.54849891574,True,False,0,0,0.0,9.094947017729282e-12,inf,,mirror,0.02338,0.0025584134064571542,3.32213,0.001294869918934543,149325.9240169529,True,False,0,0,2.5920599000528455e-11,0.0,inf,,peaks,0.023779142493901815,0.002612061968950962,3.3199748465610854,0.0017274486945444711,d=-0.008 zeta=0.2%,-0.007968001015840826,0.002
10050,149163.82325092924,149163.82325092924,149089.39070688977,True,False,0,0,0.0,1.0459189070388675e-11,inf,,mirror,0.02338,0.003031681604349734,3.32213,0.0013885906715801004,148997.22411281255,True,False,0,0,0.0,6.002665031701326e-11,inf,,mirror,0.02423068607864321,0.002746698493898381,3.325971397065399,0.0018390277108945405,d=-0.008 zeta=0.2%,-0.007968001015840826,0.002
10051,149163.82325092924,149163.82325092924,149131.31465909356,True,False,0,0,0.0,2.2737367544323206e-12,inf,,mirror,0.02338,0.002574454986416608,3.32213,0.0011512723169621632,149062.7843491781,True,False,0,0,2.7284841053187847e-12,2.9103830456733704e-11,inf,,truth,0.022217796625152556,0.002412449390928575,3.320215975776117,0.0016091236036079207,d=-0.008 zeta=0.2%,-0.007968001015840826,0.002
10052,149163.82325092924,149163.82325092924,149238.3563260226,True,False,0,0,0.0,1.6825651982799172e-11,inf,,mirror,0.02338,0.001826463843467165,3.32213,0.00112440906879912,149204.94667607127,True,False,1,0,0.0,1.3642420526593924e-12,73.94119071988098,205398.87849111733,mirror,0.02289854748955316,0.0018009898210240502,3.3217692390188938,0.0015542986071771503,d=-0.008 zeta=0.2%,-0.007968001015840826,0.002
10053,149163.82325092924,149163.82325092924,149082.83109645252,True,False,0,0,1.8189894035458565e-12,0.0,inf,,peaks,0.02338,0.0018980063377204337,3.32213,0.001085108839663037,149203.00190460635,True,False,0,1,0.0,3.183231456205249e-12,inf,,mirror,0.023367912250173168,0.0018908488169434212,3.320105216373898,0.0015124132997031108,d=-0.008 zeta=0.2%,-0.007968001015840826,0.002
10054,149163.82325092924,149163.82325092924,149179.13492069585,True,False,0,0,5.047695594839752e-11,0.0,inf,,peaks,0.02338,0.002380282044723095,3.32213,0.0013825383391417485,149212.48215177114,True,False,0,0,0.0,4.547473508864641e-13,inf,,mirror,0.023689531629665236,0.002397359119526389,3.321983827739951,0.0017568418640184704,d=-0.008 zeta=0.2%,-0.007968001015840826,0.002
10055,149163.82325092924,149163.82325092924,149003.28356100962,True,False,0,0,0.0,8.185452315956354e-12,inf,,mirror,0.02338,0.002054241463933092,3.32213,0.001137393350155909,148883.24663690955,True,False,0,0,1.0277290130034089e-10,4.179128154646605e-10,62.790476731346644,147961.9405547594,truth,0.022151441784950994,0.001984386896866922,3.321591529927026,0.0016915293992358425,d=-0.008 zeta=0.2%,-0.007968001015840826,0.002
10056,149163.82325092924,149163.82325092924,149351.451122773,True,False,0,0,0.0,8.094502845779061e-11,inf,,truth,0.02338,0.0020980320569951353,3.32213,0.0011475816729245112,149095.13054147092,True,False,0,0,2.2737367544323206e-12,0.0,inf,,peaks,0.02279380193160158,0.002030950721619309,3.3255717989082987,0.0016298003318542652,d=-0.008 zeta=0.2%,-0.007968001015840826,0.002
10057,149163.82325092924,149163.82325092924,148925.14090160193,True,False,0,0,4.547473508864641e-13,3.3651303965598345e-11,inf,,truth,0.02338,0.001665558208473888,3.32213,0.0010110571992732714,148950.4012113237,True,False,0,0,5.3660187404602766e-11,1.8189894035458565e-12,99.02023142451071,147474.77488921114,truth,0.02271195285624767,0.001703749983490985,3.321071384111181,0.0014511654486383538,d=-0.008 zeta=0.2%,-0.007968001015840826,0.002
10058,149163.82325092924,149163.82325092924,149179.39766038148,True,False,0,0,0.0,5.9117155615240335e-12,inf,,mirror,0.02338,0.0022580937692946927,3.32213,0.0012144706917339675,148976.76941770938,True,False,0,0,1.318767317570746e-11,0.0,inf,,peaks,0.023118925879246854,0.0020901907414741304,3.3254083346252283,0.0015614254764638035,d=-0.008 zeta=0.2%,-0.007968001015840826,0.002
10059,149163.82325092924,149163.82325092924,149030.3151148558,True,False,0,0,1.3642420526593924e-12,4.547473508864641e-13,inf,,truth,0.02338,0.0021523679245778623,3.32213,0.0013328751589252842,149070.63954337584,True,False,0,0,0.0,1.6825651982799172e-11,inf,,mirror,0.024633754859932168,0.0021080947349342827,3.3230545674568104,0.0017352226574408251,d=-0.008 zeta=0.2%,-0.007968001015840826,0.002
10060,149163.82325092924,149163.82325092924,149178.35769322468,True,False,0,0,0.0,5.9117155615240335e-12,inf,,mirror,0.02338,0.0016245045700197358,3.32213,0.0010935827707174621,149332.11642919114,True,False,0,0,1.7280399333685637e-11,3.9108272176235914e-11,inf,,truth,0.02419101221995822,0.0016574168376732295,3.320745653443107,0.0014537904450297467,d=-0.008 zeta=0.2%,-0.007968001015840826,0.002
10061,149163.82325092924,149163.82325092924,149481.38729055744,True,False,0,0,3.637978807091713e-12,0.0,inf,,peaks,0.02338,0.002568412711454703,3.32213,0.0012870607200100757,149709.5425497189,True,False,1,0,1.0459189070388675e-11,9.549694368615746e-12,74.1367803257649,176338.32304445823,truth,0.024215550396367316,0.002570940142144436,3.319541233641586,0.0016708485414960977,d=-0.008 zeta=0.2%,-0.007968001015840826,0.002
10062,149163.82325092924,149163.82325092924,149108.402034166,True,False,0,0,0.0,2.7284841053187847e-12,inf,,mirror,0.02338,0.002225474416997812,3.32213,0.0012216596495331412,149310.0852115813,True,False,0,0,1.6370904631912708e-11,0.0,inf,,peaks,0.025113752877641515,0.002239300359083902,3.321982453038353,0.001713681911998201,d=-0.008 zeta=0.2%,-0.007968001015840826,0.002
10063,149163.82325092924,149163.82325092924,149542.55912606406,False,False,0,1,0.0,5.9117155615240335e-12,inf,,mirror,0.02338,0.0016990815782224095,3.32213,0.0011033059903287578,149359.75917038054,True,False,0,0,6.821210263296962e-12,0.0,inf,,peaks,0.023167302923732893,0.001596014688647064,3.3245682767670983,0.0014448957850145524,d=-0.008 zeta=0.2%,-0.007968001015840826,0.002
10064,149163.82325092924,149163.82325092924,149283.55366897257,True,False,0,0,0.0,3.637978807091713e-12,inf,,mirror,0.02338,0.0022980193859801963,3.32213,0.0012826264022842485,149126.72188305185,True,False,1,0,5.95719029661268e-11,1.2278178473934531e-11,63.44995832019276,146178.9698243385,truth,0.023099276928110823,0.002175133744364551,3.324376639078425,0.001665422609783942,d=-0.008 zeta=0.2%,-0.007968001015840826,0.002
10065,149163.82325092924,149163.82325092924,149310.31810886555,True,False,0,0,0.0,1.4551915228366852e-11,inf,,mirror,0.02338,0.0024213847550576292,3.32213,0.001273213232257303,149296.43983880297,True,False,0,0,0.0,1.000444171950221e-11,75.38983711724904,151124.15482456645,mirror,0.022714733772452457,0.0023912715600907996,3.321727585451497,0.0015231592887203376,d=-0.008 zeta=0.2%,-0.007968001015840826,0.002
10066,149163.82325092924,149163.82325092924,148874.31020185162,True,False,0,0,1.0459189070388675e-11,0.0,inf,,peaks,0.02338,0.002566205605416379,3.32213,0.0012735155822572186,148814.98846264082,True,False,1,0,1.9099388737231493e-11,3.637978807091713e-11,56.40243878349611,208493.9274175961,truth,0.022857251367179175,0.002525816011780533,3.3221590139867847,0.0016634045137358673,d=-0.008 zeta=0.2%,-0.007968001015840826,0.002
10067,149163.82325092924,149163.82325092924,149266.08375025445,True,False,0,0,0.0,5.4569682106375694e-12,inf,,mirror,0.02338,0.0018011390549527203,3.32213,0.0011450010409265517,149359.29237591813,True,False,0,0,1.0231815394945443e-10,3.728928277269006e-11,inf,,small_s,0.02322651014226054,0.0018698917807363374,3.320723521537078,0.0015712511117875689,d=-0.008 zeta=0.2%,-0.007968001015840826,0.002
10068,149163.82325092924,149163.82325092924,149531.10922359946,True,False,0,0,1.3642420526593924e-12,0.0,inf,,peaks,0.02338,0.00236205193219783,3.32213,0.0012731620785880718,149496.3223174918,True,False,0,0,3.6834535421803594e-11,7.735252438578755e-10,inf,,small_s,0.02353970019632801,0.0023625013597300157,3.3230396385180345,0.0016128862096577577,d=-0.008 zeta=0.2%,-0.007968001015840826,0.002
10069,149163.82325092924,149163.82325092924,149107.29672569284,True,False,0,0,0.0,9.549694368615746e-12,inf,,mirror,0.02338,0.001818362693104315,3.32213,0.0010713047398318786,148889.62850786807,True,False,0,0,1.8189894035458565e-12,8.640199666842818e-12,inf,,small_s,0.02326647872117662,0.0017345709249403252,3.326020901878065,0.0015703788147393054,d=-0.008 zeta=0.2%,-0.007968001015840826,0.002
10070,149163.82325092924,149163.82325092924,149365.71155561155,True,False,0,0,1.1823431123048067e-11,3.0468072509393096e-11,inf,,truth,0.02338,0.002119853844298577,3.32213,0.0011646436763178888,149110.800669019,True,False,0,0,1.2732925824820995e-11,0.0,inf,,peaks,0.021417223793244896,0.0019756005459747625,3.322998837367986,0.0015152136662561814,d=-0.008 zeta=0.2%,-0.007968001015840826,0.002
10071,149163.82325092924,149163.82325092924,149114.04838302638,True,False,0,0,1.6825651982799172e-11,0.0,inf,,peaks,0.02338,0.0021871300506387027,3.32213,0.0011133070875761937,149150.6702905438,True,False,0,0,1.1823431123048067e-11,1.7280399333685637e-11,inf,,small_s,0.023385831373922104,0.002193118325970631,3.321445434925792,0.0015843326749301514,d=-0.008 zeta=0.2%,-0.007968001015840826,0.002
10072,149163.82325092924,149163.82325092924,149321.09203764773,True,False,0,0,1.4551915228366852e-11,9.094947017729282e-13,inf,,truth,0.02338,0.0024136357747628185,3.32213,0.0011372283306397188,149087.21334301424,True,False,0,0,0.0,1.8189894035458565e-12,inf,,mirror,0.022462302366983513,0.0024091955985385306,3.3245792096190523,0.0015952915703889914,d=-0.008 zeta=0.2%,-0.007968001015840826,0.002
10073,149163.82325092924,149163.82325092924,149084.92366603322,True,False,0,0,5.9117155615240335e-12,3.410605131648481e-11,inf,,truth,0.02338,0.0018174411521482135,3.32213,0.0011133411049557018,149098.2516360332,True,False,0,0,8.094502845779061e-11,5.775291356258094e-11,inf,,truth,0.024241106046217733,0.0018034837274231272,3.3236980984814517,0.0015821360841512494,d=-0.008 zeta=0.2%,-0.007968001015840826,0.002
10074,149163.82325092924,149163.82325092924,149108.8465345084,True,False,0,0,2.000888343900442e-11,0.0,inf,,peaks,0.02338,0.002257560070621497,3.32213,0.0011267005629283788,148836.286279912,True,False,0,0,5.911715561524034e-11,0.0,inf,,peaks,0.021600399422672563,0.0021169340586193086,3.3226966426153752,0.0016196232954127897,d=-0.008 zeta=0.2%,-0.007968001015840826,0.002
10075,149163.82325092924,149163.82325092924,149260.86522312136,True,False,0,0,0.0,1.000444171950221e-11,inf,,mirror,0.02338,0.0025118657413220474,3.32213,0.0013064460541740706,149384.56586556282,True,False,0,0,9.094947017729282e-13,5.729816621169448e-11,inf,,small_s,0.023492934292417736,0.0025133519825325606,3.3200734350706753,0.0016572113413026092,d=-0.008 zeta=0.2%,-0.007968001015840826,0.002
10076,149163.82325092924,149163.82325092924,148829.7254037414,True,False,0,0,3.637978807091713e-12,0.0,inf,,peaks,0.02338,0.0017433932228576251,3.32213,0.0010874225662262035,148739.52252138194,True,False,0,0,4.229150363244116e-11,0.0,80.80692938594802,150726.9962305885,peaks,0.023108008696406675,0.0016938714779595827,3.3231925461078107,0.0014640852304965409,d=-0.008 zeta=0.2%,-0.007968001015840826,0.002
10077,149163.82325092924,149163.82325092924,149405.08746167153,True,False,0,0,0.0,9.094947017729282e-13,inf,,mirror,0.02338,0.00218263483706899,3.32213,0.0012889004072587204,149460.61754679415,True,False,0,0,6.230038707144558e-11,0.0,inf,,peaks,0.023154699184501755,0.002184238271081679,3.3211283961288345,0.001526982064175148,d=-0.008 zeta=0.2%,-0.007968001015840826,0.002
10078,149163.82325092924,149163.82325092924,148981.20906408443,True,False,0,0,1.8189894035458565e-12,0.0,inf,,peaks,0.02338,0.002619805865717181,3.32213,0.0012625339715140588,148805.39453037555,True,False,0,0,2.2282620193436742e-11,2.2282620193436742e-11,inf,,truth,0.0227719303943497,0.0025777417850326037,3.3243028907925054,0.0017617568414098953,d=-0.008 zeta=0.2%,-0.007968001015840826,0.002
10079,149163.82325092924,149163.82325092924,149000.32892953884,True,False,0,0,2.1827872842550278e-11,9.094947017729282e-12,inf,,truth,0.02338,0.002334531516630262,3.32213,0.0012168496621736671,148996.60195528265,True,False,0,0,1.2278178473934531e-11,0.0,inf,,peaks,0.023541309353966842,0.0023434257044343296,3.3225977082292806,0.0016535254946969525,d=-0.008 zeta=0.2%,-0.007968001015840826,0.002
10080,149163.82325092924,149163.82325092924,149399.42909258534,True,False,0,0,7.275957614183426e-12,1.7280399333685637e-11,inf,,truth,0.02338,0.0025032518372772455,3.32213,0.0013111894906497705,149441.2434695562,True,False,0,0,8.185452315956354e-12,5.2295945351943374e-11,inf,,truth,0.023045727935913692,0.002514483688324626,3.3207810172350087,0.0017327508504367112,d=-0.008 zeta=0.2%,-0.007968001015840826,0.002
10081,149163.82325092924,149163.82325092924,149201.08320627792,True,False,0,0,0.0,4.547473508864641e-13,inf,,mirror,0.02338,0.0023786048914572625,3.32213,0.0012473106337483144,149094.81875489355,True,False,0,0,6.366462912410498e-12,6.366462912410498e-12,inf,,truth,0.022485536715668848,0.002320557367944422,3.3224385955128155,0.0016000895916936674,d=-0.008 zeta=0.2%,-0.007968001015840826,0.002
10082,149163.82325092924,149163.82325092924,149338.46375685712,True,False,0,0,0.0,3.637978807091713e-12,inf,,mirror,0.02338,0.0023500267566322493,3.32213,0.0012318614705209361,149345.34859054053,True,False,0,0,5.9117155615240335e-12,4.1382008930668235e-11,inf,,truth,0.022621749195184886,0.002327419861531574,3.321040780741795,0.0015522649442689534,d=-0.008 zeta=0.2%,-0.007968001015840826,0.002
10083,149163.82325092924,149163.82325092924,148957.55225225547,True,False,0,0,0.0,4.547473508864641e-12,inf,,mirror,0.02338,0.0022992523455726867,3.32213,0.0012075790088034648,148908.09539046593,True,False,0,0,5.047695594839752e-11,1.1732481652870774e-10,inf,,small_s,0.023597049287745243,0.002248765867043284,3.323410278438312,0.0016116542177429095,d=-0.008 zeta=0.2%,-0.007968001015840826,0.002
10084,149163.82325092924,149163.82325092924,149202.44853579046,True,False,0,0,0.0,6.366462912410498e-12,inf,,truth,0.02338,0.002086161013891725,3.32213,0.0011566862816314166,149431.25521453275,True,False,0,0,0.0,3.183231456205249e-12,inf,,mirror,0.023071088712927908,0.002076561410734273,3.3185252667522684,0.0014016827493084016,d=-0.008 zeta=0.2%,-0.007968001015840826,0.002
10085,149163.82325092924,149163.82325092924,149047.14657089938,True,False,0,0,5.4569682106375694e-12,0.0,inf,,peaks,0.02338,0.002428882485124287,3.32213,0.0012693226899958888,149165.86688127008,True,False,0,0,0.0,2.3646862246096134e-11,inf,,mirror,0.024338948378693565,0.0024764438390129672,3.32205773529901,0.0017204046625839485,d=-0.008 zeta=0.2%,-0.007968001015840826,0.002
10086,149163.82325092924,149163.82325092924,148819.21084307058,True,False,0,0,0.0,1.5006662579253316e-11,inf,,mirror,0.02338,0.0023287954102501804,3.32213,0.0011778832746446788,148928.87752040915,True,False,0,0,2.2737367544323206e-12,3.092281986027956e-11,inf,,truth,0.023628384841991246,0.0023883754287676792,3.320504053696635,0.0016445023305559177,d=-0.008 zeta=0.2%,-0.007968001015840826,0.002
10087,149163.82325092924,149163.82325092924,149223.08302671128,True,False,0,0,2.7284841053187847e-12,0.0,inf,,peaks,0.02338,0.0018889323555440526,3.32213,0.0010793483533389305,148899.60028595026,True,False,0,0,1.7280399333685637e-11,0.0,inf,,peaks,0.02159061953737928,0.0017427928532939717,3.324367334821791,0.0014551754505724515,d=-0.008 zeta=0.2%,-0.007968001015840826,0.002
10088,149163.82325092924,149163.82325092924,149141.16772180004,True,False,0,0,5.4569682106375694e-12,0.0,inf,,peaks,0.02338,0.002103946627313766,3.32213,0.0011569649698655517,149171.73284512945,True,False,0,0,0.0,1.5006662579253316e-11,inf,,mirror,0.022694276125565335,0.0020590455422653253,3.3207966083432536,0.0014307925220267206,d=-0.008 zeta=0.2%,-0.007968001015840826,0.002
10089,149163.82325092924,149163.82325092924,149242.22844427262,True,False,0,0,5.275069270282984e-11,0.0,inf,,peaks,0.02338,0.001615237837576858,3.32213,0.0009923644670201792,149257.458269644,True,False,0,0,7.275957614183426e-12,0.0,inf,,peaks,0.023080973928225036,0.0015932732272973264,3.3212267504475363,0.001503448226147012,d=-0.008 zeta=0.2%,-0.007968001015840826,0.002
10090,149163.82325092924,149163.82325092924,149144.87207970332,True,False,0,0,1.1823431123048067e-11,0.0,inf,,peaks,0.02338,0.0021869920567027397,3.32213,0.0010951640723442773,149178.04817584052,True,False,0,0,3.637978807091713e-12,1.8189894035458565e-12,inf,,small_s,0.023710436990195965,0.002203542814861917,3.3222309917332105,0.0015087093415913093,d=-0.008 zeta=0.2%,-0.007968001015840826,0.002
10091,149163.82325092924,149163.82325092924,149313.21893630442,True,False,0,0,2.864908310584724e-11,0.0,inf,,peaks,0.02338,0.0018474865592891894,3.32213,0.001122625797570574,149064.40365587058,True,False,0,0,7.73070496506989e-12,0.0,inf,,peaks,0.021828586622869534,0.0017278126192522415,3.3236760801415075,0.0015886387386821739,d=-0.008 zeta=0.2%,-0.007968001015840826,0.002
10092,149163.82325092924,149163.82325092924,149181.77933581558,True,False,0,0,4.274625098332763e-11,0.0,inf,,peaks,0.02338,0.001844879077454877,3.32213,0.0010606075146739283,149397.15213810361,True,False,0,0,1.1596057447604835e-10,7.275957614183426e-12,inf,,truth,0.024001419085969925,0.0018829257977959117,3.3195616273256903,0.00153630660187956,d=-0.008 zeta=0.2%,-0.007968001015840826,0.002
10093,149163.82325092924,149163.82325092924,149078.2718202489,True,False,0,0,2.2737367544323206e-12,0.0,inf,,peaks,0.02338,0.0021194154595215527,3.32213,0.001154059504860681,149056.24257450164,True,False,0,0,0.0,5.4569682106375694e-12,inf,,mirror,0.022837153789552415,0.0020992057751238946,3.3216697534659794,0.0015101068938072034,d=-0.008 zeta=0.2%,-0.007968001015840826,0.002
10094,149163.82325092924,149163.82325092924,149132.28126631948,True,False,0,0,1.1368683772161603e-11,0.0,inf,,peaks,0.02338,0.002285909764363138,3.32213,0.0012419025148717956,149110.99666584862,True,False,0,0,0.0,9.549694368615746e-12,inf,,mirror,0.023359224028957275,0.002264042807293005,3.322461184476374,0.001614113663091037,d=-0.008 zeta=0.2%,-0.007968001015840826,0.002
10095,149163.82325092924,149163.82325092924,149284.05220780408,True,False,0,0,0.0,2.5011104298755527e-11,inf,,mirror,0.02338,0.0030107622130892595,3.32213,0.001526632324536737,149500.6537545841,True,False,0,0,0.0,5.002220859751105e-12,inf,,mirror,0.023890666200626888,0.0030500332579959546,3.3189047790634802,0.0018983699560743924,d=-0.008 zeta=0.2%,-0.007968001015840826,0.002
10096,149163.82325092924,149163.82325092924,149354.11510898886,True,False,0,0,0.0,7.73070496506989e-12,inf,,mirror,0.02338,0.0025894704538942967,3.32213,0.001267684327380393,149403.5758067787,True,False,0,0,2.7284841053187847e-12,0.0,inf,,peaks,0.023090782606551695,0.0025266248552490156,3.3205022387382903,0.0016834662527342873,d=-0.008 zeta=0.2%,-0.007968001015840826,0.002
10097,149163.82325092924,149163.82325092924,148932.87925728355,True,False,0,0,4.547473508864641e-12,9.094947017729282e-12,inf,,truth,0.02338,0.002352973796544037,3.32213,0.0012829694900030023,149106.83680459295,True,False,0,0,1.1823431123048067e-11,1.2732925824820995e-11,inf,,small_s,0.02489254678010594,0.0023782655635203836,3.3219944894799327,0.0017568771035687762,d=-0.008 zeta=0.2%,-0.007968001015840826,0.002
10098,149163.82325092924,149163.82325092924,148936.2315386555,True,False,0,0,9.094947017729282e-13,9.094947017729282e-13,inf,,truth,0.02338,0.0024072764385742944,3.32213,0.001230477263708691,148926.62336320066,True,False,0,0,0.0,2.2737367544323206e-11,inf,,mirror,0.02412954066183719,0.0023733314389572835,3.3241336324600455,0.0016847826591417253,d=-0.008 zeta=0.2%,-0.007968001015840826,0.002
10099,149163.82325092924,149163.82325092924,149102.7445163814,True,False,0,0,0.0,1.4097167877480388e-11,inf,,mirror,0.02338,0.002129848620290201,3.32213,0.0011274958794728687,148856.93357396114,True,False,0,0,1.546140993013978e-11,8.185452315956354e-11,inf,,truth,0.022491117223626803,0.0020467868799117616,3.32484103830992,0.001548652663723379,d=-0.008 zeta=0.2%,-0.007968001015840826,0.002
20000,151563.03497787408,151563.03497787408,151580.77658690535,True,False,0,0,0.0,1.7280399333685637e-11,inf,,truth,0.02338,0.002450084230427863,3.32213,0.0012667541402356147,151523.61606809334,True,False,0,0,4.547473508864641e-12,5.9117155615240335e-12,inf,,small_s,0.02278151578989169,0.0023923940877811634,3.323080227147972,0.0015047793936971525,d=+0.000 zeta=0.2%,0.0,0.002
20001,151563.03497787408,151563.03497787408,151658.48334087498,True,False,0,0,0.0,4.547473508864641e-12,inf,,truth,0.02338,0.0022167979742900063,3.32213,0.0012669177186429993,151580.15091136383,True,False,0,0,3.637978807091713e-12,0.0,inf,,peaks,0.023334526414294128,0.002223765410071239,3.3231706768929654,0.0014729073059330765,d=+0.000 zeta=0.2%,0.0,0.002
20002,151563.03497787408,151563.03497787408,151614.35154368775,True,False,0,0,4.092726157978177e-12,0.0,inf,,peaks,0.02338,0.002514248449805554,3.32213,0.001307923834759592,151482.5912879375,True,False,1,0,0.0,2.9103830456733704e-11,102.22733669407171,150366.9972853936,truth,0.023576863379237024,0.0024553037531065696,3.3241183261614324,0.0015370147671019564,d=+0.000 zeta=0.2%,0.0,0.002
20003,151563.03497787408,151563.03497787408,151699.63215224023,True,False,0,0,2.3646862246096134e-11,0.0,inf,,peaks,0.02338,0.003187724781618892,3.32213,0.0014558050440911527,151689.97647549116,True,False,0,0,0.0,7.821654435247183e-11,inf,,truth,0.022600253034399043,0.003095015326852789,3.322908559243752,0.001640474158197145,d=+0.000 zeta=0.2%,0.0,0.002
20004,151563.03497787408,151563.03497787408,151736.09778930817,True,False,0,0,1.7280399333685637e-11,0.0,inf,,peaks,0.02338,0.001683206489013068,3.32213,0.001116948420094208,151695.4699777893,True,False,0,0,0.0,3.637978807091713e-12,inf,,truth,0.02349395516920986,0.0016804570562044625,3.322627384425725,0.0013641161663638152,d=+0.000 zeta=0.2%,0.0,0.002
20005,151563.03497787408,151563.03497787408,151505.9393986062,True,False,0,0,0.0,1.2732925824820995e-11,inf,,truth,0.02338,0.0016666066575437937,3.32213,0.001065401018646733,151473.86162786122,True,False,0,0,0.0,1.3642420526593924e-11,inf,,truth,0.02381029875170772,0.0016608430623504145,3.322597184757252,0.0013152175296205027,d=+0.000 zeta=0.2%,0.0,0.002
20006,151563.03497787408,151563.03497787408,151528.2615966623,True,False,0,0,0.0,9.094947017729282e-12,inf,,truth,0.02338,0.0024789170301298554,3.32213,0.0013552581308356674,151353.64645465373,True,False,0,0,0.0,5.5933924159035087e-11,inf,,truth,0.023392970696720222,0.0024402362293575045,3.3246540406968137,0.0015990510477901006,d=+0.000 zeta=0.2%,0.0,0.002
20007,151563.03497787408,151563.03497787408,151561.71659185502,True,False,0,0,0.0,9.094947017729282e-12,inf,,truth,0.02338,0.001889261601478798,3.32213,0.00119745314750723,151543.8676078252,True,False,0,0,0.0,1.2732925824820995e-11,inf,,truth,0.023432196289013517,0.001889371789227817,3.322383305489138,0.001452880960066574,d=+0.000 zeta=0.2%,0.0,0.002
20008,151563.03497787408,151563.03497787408,151392.81685312316,True,False,0,0,0.0,1.3642420526593924e-12,inf,,truth,0.02338,0.0017238355801136463,3.32213,0.0011025133743966492,151460.05894323383,True,False,0,0,0.0,1.0913936421275139e-11,inf,,truth,0.02299592961495218,0.0016889896925900286,3.321214804727986,0.0013126103663643298,d=+0.000 zeta=0.2%,0.0,0.002
20009,151563.03497787408,151563.03497787408,151368.70517879794,True,False,0,0,1.9554136088117957e-11,0.0,inf,,peaks,0.02338,0.0017825390514356013,3.32213,0.0011856332714433794,151319.3226069269,True,False,0,0,3.3651303965598345e-11,2.7284841053187847e-12,inf,,small_s,0.024119106115373733,0.0017690016344128348,3.32262578855836,0.0014558273539654843,d=+0.000 zeta=0.2%,0.0,0.002
20010,151563.03497787408,151563.03497787408,151324.57595749391,True,False,0,0,0.0,4.9112713895738125e-11,inf,,truth,0.02338,0.002934472113846434,3.32213,0.0013988557463747414,151252.71446006166,True,False,0,0,0.0,4.547473508864641e-13,inf,,truth,0.023470449461283717,0.0029306802181939882,3.3233901307364286,0.0015701981071207774,d=+0.000 zeta=0.2%,0.0,0.002
20011,151563.03497787408,151563.03497787408,151671.58320576677,True,False,0,0,0.0,5.4569682106375694e-12,inf,,truth,0.02338,0.0019640583254681944,3.32213,0.001133316803064846,151623.42391905055,True,False,0,0,0.0,1.0913936421275139e-11,inf,,truth,0.022894624491567546,0.0019555072053327456,3.3224417242662514,0.0013973692116285817,d=+0.000 zeta=0.2%,0.0,0.002
20012,151563.03497787408,151563.03497787408,151705.95045946667,True,False,0,0,4.6838977141305804e-11,0.0,inf,,peaks,0.02338,0.0025576878495647644,3.32213,0.0012242797963367775,151635.55912657655,True,False,0,0,1.1823431123048067e-11,3.092281986027956e-11,inf,,small_s,0.02265309232476194,0.0025009373711755356,3.322240577697497,0.00149135372240866,d=+0.000 zeta=0.2%,0.0,0.002
20013,151563.03497787408,151563.03497787408,151755.657084681,True,False,0,0,0.0,4.6838977141305804e-11,inf,,truth,0.02338,0.00232565351714424,3.32213,0.0013298522619096982,151785.82434628898,True,False,0,0,2.1373125491663814e-11,0.0,inf,,peaks,0.02428329888894407,0.002357889382169777,3.321945010421199,0.0015309676975620143,d=+0.000 zeta=0.2%,0.0,0.002
20014,151563.03497787408,151563.03497787408,151432.85349281138,True,False,0,0,9.094947017729282e-13,0.0,inf,,peaks,0.02338,0.0023534107188017774,3.32213,0.0012144344217579438,151591.95231467794,True,False,0,0,2.3646862246096134e-11,1.1368683772161603e-11,inf,,small_s,0.022903094255606427,0.0022480422016352684,3.3197418878362788,0.0014439117538621682,d=+0.000 zeta=0.2%,0.0,0.002
20015,151563.03497787408,151563.03497787408,151010.8971373719,True,False,0,0,1.8189894035458565e-11,0.0,inf,,peaks,0.02338,0.0023197095293509525,3.32213,0.0012480702499048767,150932.28870709316,True,False,0,0,8.185452315956354e-12,0.0,inf,,peaks,0.021319654576655456,0.0021632454094264305,3.322533689314997,0.0014604158873786114,d=+0.000 zeta=0.2%,0.0,0.002
20016,151563.03497787408,151563.03497787408,151484.02896577225,True,False,0,0,0.0,6.366462912410498e-12,inf,,truth,0.02338,0.0022140575490152254,3.32213,0.0012646974657695169,151708.13139288806,True,False,0,2,9.094947017729282e-13,0.0,inf,,peaks,0.0231748252295728,0.0021703229781712997,3.3192828613223204,0.0014835694601776533,d=+0.000 zeta=0.2%,0.0,0.002
20017,151563.03497787408,151563.03497787408,151558.87941102748,True,False,0,0,2.546585164964199e-11,0.0,inf,,peaks,0.02338,0.001994921193978249,3.32213,0.0011670304456024483,151543.975549432,True,False,0,0,9.094947017729282e-12,0.0,inf,,peaks,0.02397079004400516,0.00200449727508377,3.322262894784069,0.0014390159592519694,d=+0.000 zeta=0.2%,0.0,0.002
20018,151563.03497787408,151563.03497787408,151167.7922109326,True,False,0,0,0.0,8.185452315956354e-12,inf,,truth,0.02338,0.0019159230774558834,3.32213,0.0011632399730263537,151027.71864654566,True,False,1,0,0.0,1.5916157281026244e-11,118.2529395057054,149906.47534614688,truth,0.02337546837488186,0.0018383190617638754,3.323913477469277,0.001424234693296722,d=+0.000 zeta=0.2%,0.0,0.002
20019,151563.03497787408,151563.03497787408,152024.04917036436,True,False,0,0,0.0,1.0913936421275139e-11,inf,,truth,0.02338,0.002498798726979786,3.32213,0.001315088857156253,151873.3028685435,True,False,0,0,2.7284841053187847e-12,4.547473508864641e-13,inf,,small_s,0.022745751398614754,0.0023823397959186077,3.3242824057072973,0.001514945373630444,d=+0.000 zeta=0.2%,0.0,0.002
20020,151563.03497787408,151563.03497787408,151713.12545994084,True,False,0,0,2.2737367544323206e-12,0.0,inf,,peaks,0.02338,0.0021590034660435085,3.32213,0.0012564459040735362,151615.76524356287,True,False,0,0,1.0913936421275139e-11,3.637978807091713e-12,inf,,small_s,0.023491998204874496,0.0021250424756088346,3.323401861958754,0.0015390322466844275,d=+0.000 zeta=0.2%,0.0,0.002
20021,151563.03497787408,151563.03497787408,151425.71899942606,True,False,0,0,0.0,1.8189894035458565e-11,inf,,truth,0.02338,0.0023770077707887635,3.32213,0.0012790691592724534,151590.37005262353,True,False,0,0,7.275957614183426e-12,0.0,inf,,peaks,0.021855999961278665,0.002185877104736543,3.3199801651087233,0.0014298287165631811,d=+0.000 zeta=0.2%,0.0,0.002
20022,151563.03497787408,151563.03497787408,151472.55628484953,True,False,0,0,2.1827872842550278e-11,0.0,inf,,peaks,0.02338,0.002013406285743839,3.32213,0.0011534382397635433,151418.43377824253,True,False,0,0,0.0,2.2737367544323206e-12,inf,,truth,0.023876658943971115,0.0020012584393114246,3.322959435160354,0.0013858510586831417,d=+0.000 zeta=0.2%,0.0,0.002
20023,151563.03497787408,151563.03497787408,151349.64245663185,True,False,0,0,0.0,5.4569682106375694e-12,inf,,truth,0.02338,0.002120049943983254,3.32213,0.0011911113648770412,151662.1040660645,True,False,1,0,1.1823431123048067e-11,0.0,inf,,peaks,0.023873949919615174,0.0021879213600990454,3.3172992008457243,0.0014237502381499057,d=+0.000 zeta=0.2%,0.0,0.002
20024,151563.03497787408,151563.03497787408,151659.3731307543,True,False,0,0,0.0,1.8189894035458565e-12,inf,,truth,0.02338,0.0021627127558136836,3.32213,0.001266572428957411,151553.5811690439,True,False,0,0,0.0,1.000444171950221e-11,87.69236606389086,149303.678739131,truth,0.02282028450732066,0.002158627156952597,3.32282840285958,0.0016325371007522653,d=+0.000 zeta=0.2%,0.0,0.002
20025,151563.03497787408,151563.03497787408,151862.1909497785,True,False,0,0,0.0,7.275957614183426e-12,inf,,truth,0.02338,0.002471717678512409,3.32213,0.0013659067954927366,151844.97392361105,True,False,0,0,7.003109203651547e-11,8.640199666842818e-12,inf,,small_s,0.02283849730098724,0.0024395384915229614,3.3221352961563437,0.001582530208392204,d=+0.000 zeta=0.2%,0.0,0.002
20026,151563.03497787408,151563.03497787408,151399.19099335108,True,False,0,0,0.0,3.8198777474462986e-11,inf,,truth,0.02338,0.0021907565353446014,3.32213,0.0011578071075131137,151253.2450389098,True,False,0,0,7.73070496506989e-12,0.0,inf,,peaks,0.02215117284847963,0.0020524132637253075,3.324129402038823,0.0014097595768451827,d=+0.000 zeta=0.2%,0.0,0.002
20027,151563.03497787408,151563.03497787408,151951.39358645672,True,False,0,0,1.8735590856522322e-10,0.0,inf,,peaks,0.02338,0.0025092315109702086,3.32213,0.0013033517242149646,151796.64146478905,True,False,0,0,0.0,1.6370904631912708e-11,101.67154886950266,150468.18199686648,truth,0.02339008575008907,0.002460518978173853,3.3243764903825492,0.00159613755743393,d=+0.000 zeta=0.2%,0.0,0.002
20028,151563.03497787408,151563.03497787408,151528.69365295037,True,False,0,0,0.0,4.18367562815547e-11,inf,,truth,0.02338,0.0015893337725608702,3.32213,0.0010637641589311764,151297.18940885388,True,False,0,0,0.0,3.228706191293895e-11,inf,,truth,0.024184285471073284,0.0015463187307087403,3.325304776720049,0.0013489445969278719,d=+0.000 zeta=0.2%,0.0,0.002
20029,151563.03497787408,151563.03497787408,151371.56347066286,True,False,0,0,0.0,5.002220859751105e-12,inf,,truth,0.02338,0.002685633457786123,3.32213,0.0014360571182908493,151435.33911393027,True,False,0,0,1.6825651982799172e-11,3.001332515850663e-11,inf,,small_s,0.023074003619721572,0.0026713295144754567,3.321156168966822,0.0016232339398520909,d=+0.000 zeta=0.2%,0.0,0.002
20030,151563.03497787408,151563.03497787408,151911.24761984512,True,False,0,0,5.002220859751105e-12,0.0,inf,,peaks,0.02338,0.0022507715876419645,3.32213,0.001223523090466523,151937.32694571564,True,False,0,0,1.546140993013978e-11,0.0,inf,,peaks,0.022748409836136612,0.00222466520742173,3.3218544915009325,0.0014512301740583393,d=+0.000 zeta=0.2%,0.0,0.002
20031,151563.03497787408,151563.03497787408,151750.04868442696,True,False,0,0,4.092726157978177e-12,0.0,inf,,peaks,0.02338,0.00247354900642069,3.32213,0.0012857785329616891,151449.88515291427,True,False,0,0,0.0,1.7280399333685637e-11,101.11210460656594,150298.89586645996,truth,0.022899037520372645,0.002284408424509221,3.3261557472356302,0.0014791703658348322,d=+0.000 zeta=0.2%,0.0,0.002
20032,151563.03497787408,151563.03497787408,151482.10520731538,True,False,0,0,0.0,1.7280399333685637e-11,inf,,truth,0.02338,0.002114180223508367,3.32213,0.001184535776367542,151578.71428724087,True,False,0,0,8.185452315956354e-12,2.319211489520967e-11,inf,,small_s,0.023704593867529076,0.0021123221857946247,3.321033678676897,0.001415104198056585,d=+0.000 zeta=0.2%,0.0,0.002
20033,151563.03497787408,151563.03497787408,151354.47902474098,True,False,0,0,0.0,0.0,inf,,truth,0.02338,0.0017753195726473686,3.32213,0.0011375007201258403,151307.91568587683,True,False,0,0,0.0,2.319211489520967e-11,inf,,truth,0.02367842554852049,0.0017677080411958417,3.3227823258742295,0.0013685925343370799,d=+0.000 zeta=0.2%,0.0,0.002
20034,151563.03497787408,151563.03497787408,151763.01513999753,True,False,0,0,5.4569682106375694e-12,0.0,inf,,peaks,0.02338,0.0016426479666636913,3.32213,0.0010038702573987813,151699.79817961637,True,False,1,0,0.0,2.3646862246096134e-11,inf,,truth,0.02273433382813181,0.0015997369879548599,3.323537193597014,0.0012801602763249386,d=+0.000 zeta=0.2%,0.0,0.002
20035,151563.03497787408,151563.03497787408,151394.0869158575,True,False,0,0,0.0,1.546140993013978e-11,inf,,truth,0.02338,0.0020634404523977973,3.32213,0.0012246860682480765,151470.94439051178,True,False,0,0,0.0,3.183231456205249e-12,inf,,truth,0.023451296508462824,0.0020892131631964975,3.3210931644300086,0.0014540924840067391,d=+0.000 zeta=0.2%,0.0,0.002
20036,151563.03497787408,151563.03497787408,151750.91418312874,True,False,0,0,0.0,2.0463630789890885e-11,inf,,truth,0.02338,0.0019322224512277897,3.32213,0.0011738353012156761,151726.54067967267,True,False,0,0,1.3642420526593924e-11,0.0,inf,,peaks,0.02302295238261657,0.0019162353263163661,3.322144753386906,0.0014552141312121417,d=+0.000 zeta=0.2%,0.0,0.002
20037,151563.03497787408,151563.03497787408,151607.91146581154,True,False,0,0,0.0,1.1823431123048067e-11,inf,,truth,0.02338,0.0018764517682738641,3.32213,0.0011446260118315845,151603.21266476478,True,False,0,0,0.0,1.1368683772161603e-11,inf,,truth,0.022296225386473106,0.0018169177888591507,3.321745745489508,0.0013814137692590611,d=+0.000 zeta=0.2%,0.0,0.002
20038,151563.03497787408,151563.03497787408,151516.52502637904,True,False,0,0,0.0,1.1823431123048067e-11,inf,,truth,0.02338,0.0017145064616830824,3.32213,0.0011163002420700528,151416.53651597782,True,False,0,0,0.0,3.54702933691442e-11,inf,,truth,0.023704135666671906,0.0017261731831497743,3.323687517419438,0.0014219057286122931,d=+0.000 zeta=0.2%,0.0,0.002
20039,151563.03497787408,151563.03497787408,151505.21344584526,True,False,0,0,2.2737367544323206e-11,0.0,inf,,peaks,0.02338,0.0016302573830122983,3.32213,0.0011017637326121313,151489.48643121,True,False,1,0,0.0,1.2732925824820995e-11,inf,,truth,0.023429004796047693,0.0016318967537877942,3.322335188957364,0.0013549895903885326,d=+0.000 zeta=0.2%,0.0,0.002
20040,151563.03497787408,151563.03497787408,151511.73736014246,True,False,0,0,0.0,0.0,inf,,truth,0.02338,0.0017738276929877698,3.32213,0.0011194829950912878,151488.17987109022,True,False,0,0,2.5920599000528455e-11,1.8189894035458565e-12,inf,,small_s,0.023767238885594226,0.0017684104349128512,3.3224328621382964,0.0013188335182797771,d=+0.000 zeta=0.2%,0.0,0.002
20041,151563.03497787408,151563.03497787408,151589.57670733106,True,False,0,0,1.0913936421275139e-11,0.0,inf,,peaks,0.02338,0.002705435109182448,3.32213,0.0014003078479345368,151726.49031326346,True,False,0,0,5.4569682106375694e-12,6.366462912410498e-12,inf,,small_s,0.023367871479628915,0.0027857274423074055,3.3201066032121536,0.0015958537061812978,d=+0.000 zeta=0.2%,0.0,0.002
20042,151563.03497787408,151563.03497787408,151408.62527045395,True,False,0,0,0.0,2.319211489520967e-11,inf,,truth,0.02338,0.002111192589738556,3.32213,0.0012360787821970509,151385.51715596608,True,False,1,0,2.1827872842550278e-11,0.0,104.17785545710922,150270.6923503822,peaks,0.022717833458122977,0.00208079271903936,3.3223558557349517,0.0014771772679559125,d=+0.000 zeta=0.2%,0.0,0.002
20043,151563.03497787408,151563.03497787408,151678.56621551473,True,False,0,0,1.2732925824820995e-11,0.0,inf,,peaks,0.02338,0.0023915573802565514,3.32213,0.0012034314875161792,151774.57264384208,True,False,0,0,1.4097167877480388e-11,2.319211489520967e-11,inf,,small_s,0.022415136491062523,0.002366835975105797,3.3213793185497034,0.001413220107422428,d=+0.000 zeta=0.2%,0.0,0.002
20044,151563.03497787408,151563.03497787408,151220.0436375438,True,False,0,0,0.0,1.8189894035458565e-12,inf,,truth,0.02338,0.0020934670706372876,3.32213,0.0012294444766774184,151135.1795125461,True,False,0,0,7.275957614183426e-12,2.7284841053187847e-12,inf,,small_s,0.02400680431311055,0.0021417370680890013,3.3240755431655002,0.0015504283317788418,d=+0.000 zeta=0.2%,0.0,0.002
20045,151563.03497787408,151563.03497787408,151714.04465353306,True,False,0,0,0.0,2.7284841053187847e-12,inf,,truth,0.02338,0.0023615729164158015,3.32213,0.0012885043290307174,151623.73529180442,True,False,0,0,3.1377567211166024e-11,0.0,83.90662337825233,149526.743150833,peaks,0.02195111868170931,0.002249116847890745,3.3222138489181536,0.0015104556503268854,d=+0.000 zeta=0.2%,0.0,0.002
20046,151563.03497787408,151563.03497787408,151866.97583434288,True,False,0,0,7.275957614183426e-12,0.0,inf,,peaks,0.02338,0.00271951834768137,3.32213,0.0013703744714246887,151897.96891651655,True,False,0,0,2.8194335754960775e-11,6.366462912410498e-12,inf,,small_s,0.022711200996524388,0.0026879506861089996,3.3218380575474113,0.0015379660841013845,d=+0.000 zeta=0.2%,0.0,0.002
20047,151563.03497787408,151563.03497787408,151683.8526244348,True,False,0,0,5.4569682106375694e-11,0.0,inf,,peaks,0.02338,0.0019166124054328323,3.32213,0.0011398594028745929,151737.86460570124,True,False,0,0,5.9117155615240335e-12,6.366462912410498e-12,inf,,small_s,0.02362073765418918,0.0019059252535106946,3.321526569645213,0.0014225543035452394,d=+0.000 zeta=0.2%,0.0,0.002
20048,151563.03497787408,151563.03497787408,151640.3977099737,True,False,0,0,0.0,5.547917680814862e-11,inf,,truth,0.02338,0.0019081719393182265,3.32213,0.0011462317168142821,151852.25809852153,True,False,0,0,0.0,2.546585164964199e-11,132.48445038151385,151056.86971138295,truth,0.02296824284438539,0.0017759135719884445,3.319675295012216,0.0013098559847935427,d=+0.000 zeta=0.2%,0.0,0.002
20049,151563.03497787408,151563.03497787408,151370.80496144676,True,False,0,0,6.366462912410498e-12,0.0,inf,,peaks,0.02338,0.0025463001218970745,3.32213,0.0013837664020154808,151698.12263195697,True,False,1,0,0.0,2.091837814077735e-11,inf,,truth,0.025369021169816725,0.0024849050823457165,3.3180750657127485,0.0016101593599641873,d=+0.000 zeta=0.2%,0.0,0.002
20050,151563.03497787408,151563.03497787408,151808.1677592584,True,False,0,0,6.821210263296962e-12,0.0,inf,,peaks,0.02338,0.0018913417623861834,3.32213,0.0012045854591525257,151688.17008651778,True,False,0,0,0.0,2.2737367544323206e-11,inf,,truth,0.022908619245133204,0.001851786356371886,3.3235181398111915,0.0014266655262406848,d=+0.000 zeta=0.2%,0.0,0.002
20051,151563.03497787408,151563.03497787408,151292.44697996552,True,False,0,0,1.8189894035458565e-11,0.0,inf,,peaks,0.02338,0.002372875566089939,3.32213,0.0011580066372628391,151391.79019155266,True,False,0,0,2.2737367544323206e-11,2.864908310584724e-11,inf,,small_s,0.02239965406561488,0.0022667216683450444,3.3202055185837573,0.0014234996192452427,d=+0.000 zeta=0.2%,0.0,0.002
20052,151563.03497787408,151563.03497787408,151469.51137471112,True,False,0,0,0.0,7.239577826112509e-10,inf,,truth,0.02338,0.0019142430233940913,3.32213,0.0011167154061082947,151354.7055956403,True,False,0,0,5.002220859751105e-11,1.9099388737231493e-11,inf,,small_s,0.022703171354305544,0.0018719360095414371,3.323303708252459,0.0013384099544771185,d=+0.000 zeta=0.2%,0.0,0.002
20053,151563.03497787408,151563.03497787408,151673.9228118522,True,False,0,0,9.094947017729282e-13,0.0,inf,,peaks,0.02338,0.0024436259661392732,3.32213,0.0013405890093184177,151583.2134146,True,False,1,0,0.0,1.546140993013978e-11,inf,,truth,0.023806847440960642,0.0024894086179986985,3.3237050298810047,0.001588207813295823,d=+0.000 zeta=0.2%,0.0,0.002
20054,151563.03497787408,151563.03497787408,151248.57791504808,True,False,0,0,2.7284841053187847e-12,0.0,inf,,peaks,0.02338,0.0023874459131379626,3.32213,0.0012178254033807638,151198.86674267892,True,False,0,0,0.0,7.275957614183426e-12,inf,,truth,0.02334407612553327,0.002390175897035226,3.322827671135739,0.0015046151825594033,d=+0.000 zeta=0.2%,0.0,0.002
20055,151563.03497787408,151563.03497787408,151704.3245087771,True,False,0,0,0.0,0.0,inf,,truth,0.02338,0.0029229732713832754,3.32213,0.001327682096719408,151618.20826257506,True,False,0,0,5.002220859751105e-12,7.366907084360719e-11,inf,,small_s,0.02367034822672549,0.0028673897429895537,3.3237082549193784,0.001492034593822765,d=+0.000 zeta=0.2%,0.0,0.002
20056,151563.03497787408,151563.03497787408,152068.93749998242,True,False,0,0,0.0,4.092726157978177e-12,inf,,truth,0.02338,0.002620191284126956,3.32213,0.0013933322653316607,152067.73989151453,True,False,0,0,7.275957614183426e-12,0.0,inf,,peaks,0.022226268707160372,0.0025306076468814714,3.322265334475484,0.0015732088901452806,d=+0.000 zeta=0.2%,0.0,0.002
20057,151563.03497787408,151563.03497787408,151479.63365275034,True,False,0,0,0.0,1.1368683772161603e-11,inf,,truth,0.02338,0.002180099893681166,3.32213,0.0012763695656991135,151311.7188239189,False,False,0,2,0.0,1.77351466845721e-11,inf,,truth,0.023152759515894253,0.0021971739127628555,3.324151148055706,0.0015288348832089723,d=+0.000 zeta=0.2%,0.0,0.002
20058,151563.03497787408,151563.03497787408,151586.70949534854,True,False,0,0,0.0,9.094947017729282e-13,inf,,truth,0.02338,0.0026767003145389792,3.32213,0.0013041592068662494,151746.7009424558,True,False,0,0,3.8198777474462986e-11,0.0,inf,,peaks,0.022712674949360138,0.0026466583588970944,3.3199076334341493,0.0014757481870251148,d=+0.000 zeta=0.2%,0.0,0.002
20059,151563.03497787408,151563.03497787408,151471.2006958302,True,False,0,0,0.0,1.3642420526593924e-11,inf,,truth,0.02338,0.0018234178966273576,3.32213,0.0011232746999410104,151545.14432053154,True,False,0,0,5.5933924159035087e-11,3.155946615152061e-10,inf,,small_s,0.023762535568243395,0.0018295688656549986,3.3215540450285994,0.0014148253489896187,d=+0.000 zeta=0.2%,0.0,0.002
20060,151563.03497787408,151563.03497787408,151367.63461545494,True,False,0,0,5.002220859751105e-12,0.0,inf,,peaks,0.02338,0.0019610223742635878,3.32213,0.0011102605457470993,151442.26419302213,True,False,0,0,7.548806024715304e-11,0.0,inf,,peaks,0.02335817864899458,0.0019466660742224547,3.321135762288761,0.0014835804688841843,d=+0.000 zeta=0.2%,0.0,0.002
20061,151563.03497787408,151563.03497787408,151093.5849514256,True,False,0,0,0.0,1.1823431123048067e-11,inf,,truth,0.02338,0.0023163479720867317,3.32213,0.001324684661548158,151333.202029804,True,False,0,0,9.094947017729282e-13,0.0,inf,,peaks,0.02481779932882216,0.002490095433054321,3.3177213906674687,0.001609860881181643,d=+0.000 zeta=0.2%,0.0,0.002
20062,151563.03497787408,151563.03497787408,151491.11044062034,True,False,0,0,4.547473508864641e-13,0.0,inf,,peaks,0.02338,0.00299348395103584,3.32213,0.0013743918587637977,151683.62444011917,True,False,0,0,2.4556356947869062e-11,1.6370904631912708e-11,inf,,small_s,0.02362816709555603,0.0029500566282277484,3.3189729552079563,0.0015912030719444656,d=+0.000 zeta=0.2%,0.0,0.002
20063,151563.03497787408,151563.03497787408,151421.62527973813,True,False,0,0,0.0,5.4569682106375694e-12,inf,,truth,0.02338,0.0018141012943315767,3.32213,0.001091811846593362,151405.19504739268,True,False,0,0,0.0,2.000888343900442e-11,inf,,truth,0.023352213111296906,0.0018167998017052504,3.3223374549138738,0.0014104946255128574,d=+0.000 zeta=0.2%,0.0,0.002
20064,151563.03497787408,151563.03497787408,151553.32475455053,True,False,0,0,0.0,5.002220859751105e-12,inf,,truth,0.02338,0.001846295570964597,3.32213,0.0010482873833641102,151661.8338505559,True,False,0,0,6.45741238258779e-11,0.0,inf,,peaks,0.023187021351423188,0.00176062675280652,3.3205677928143627,0.001355952143281913,d=+0.000 zeta=0.2%,0.0,0.002
20065,151563.03497787408,151563.03497787408,151826.30801256042,True,False,0,0,1.0913936421275139e-11,0.0,inf,,peaks,0.02338,0.0016487550960684058,3.32213,0.0010702557294753419,151968.90840595437,True,False,0,0,9.094947017729282e-12,0.0,inf,,peaks,0.023265334125830317,0.001649016941595484,3.320458698025578,0.0013084171407463103,d=+0.000 zeta=0.2%,0.0,0.002
20066,151563.03497787408,151563.03497787408,151434.3203868794,True,False,0,0,0.0,2.2737367544323206e-12,inf,,truth,0.02338,0.0019669066888249663,3.32213,0.0011356018148691335,151529.41998431983,True,False,0,0,0.0,4.547473508864641e-13,inf,,truth,0.024252015477694847,0.0019790762389797455,3.3219108960185912,0.0015853735092927006,d=+0.000 zeta=0.2%,0.0,0.002
20067,151563.03497787408,151563.03497787408,151593.03079269335,True,False,0,0,4.547473508864641e-13,0.0,inf,,peaks,0.02338,0.0019681112014036323,3.32213,0.001175245868697882,151608.86306575558,True,False,0,0,0.0,9.094947017729282e-13,inf,,truth,0.02325151273111124,0.0019712197488318483,3.3219414097371516,0.0014554928066751042,d=+0.000 zeta=0.2%,0.0,0.002
20068,151563.03497787408,151563.03497787408,151552.38876359793,True,False,0,0,1.9099388737231493e-11,0.0,inf,,peaks,0.02338,0.0020569398970493777,3.32213,0.001247768401134864,151351.22460980207,True,False,0,0,7.503331289626658e-11,7.275957614183426e-12,inf,,small_s,0.02457170218878391,0.001978946007114923,3.323991767755353,0.0014597803132385945,d=+0.000 zeta=0.2%,0.0,0.002
20069,151563.03497787408,151563.03497787408,151815.7052092205,True,False,0,0,0.0,2.2737367544323206e-12,inf,,truth,0.02338,0.002522062342908779,3.32213,0.0012784853968141386,151737.1297997958,True,False,0,0,2.7284841053187847e-12,0.0,inf,,peaks,0.02465205410695004,0.0024989341543432773,3.323856796216764,0.001488849366527914,d=+0.000 zeta=0.2%,0.0,0.002
20070,151563.03497787408,151563.03497787408,151359.1095055525,True,False,0,0,0.0,8.185452315956354e-12,inf,,truth,0.02338,0.0024342326709714734,3.32213,0.0012843016517906907,151322.72747627902,True,False,0,0,7.275957614183426e-12,0.0,inf,,peaks,0.02343520523639483,0.002450278458857637,3.3227299087224904,0.0015384788243674025,d=+0.000 zeta=0.2%,0.0,0.002
20071,151563.03497787408,151563.03497787408,151701.19027130085,True,False,0,0,1.5006662579253316e-11,0.0,inf,,peaks,0.02338,0.002208507932006008,3.32213,0.0012365142098991232,151875.16315517793,True,False,0,0,4.3655745685100555e-11,0.0,inf,,peaks,0.024388758522921168,0.002221194768102362,3.319353782334117,0.001461993224939822,d=+0.000 zeta=0.2%,0.0,0.002
20072,151563.03497787408,151563.03497787408,151674.05055589956,True,False,0,0,0.0,2.7284841053187847e-12,inf,,truth,0.02338,0.0022949781387631004,3.32213,0.0011636713816627956,151479.1435478325,True,False,0,0,0.0,3.54702933691442e-11,inf,,truth,0.022951833645358008,0.002266953386438835,3.3246367880572802,0.0015775185909903606,d=+0.000 zeta=0.2%,0.0,0.002
20073,151563.03497787408,151563.03497787408,151702.23967307256,True,False,0,0,0.0,3.637978807091713e-12,inf,,truth,0.02338,0.0017762986947917172,3.32213,0.0010546096282565073,151653.6206643005,True,False,0,0,1.4551915228366852e-11,1.368789526168257e-10,inf,,small_s,0.022928593512295276,0.0017133534019960555,3.3231862537884127,0.001231398713177256,d=+0.000 zeta=0.2%,0.0,0.002
20074,151563.03497787408,151563.03497787408,151719.32943789795,True,False,0,0,0.0,7.185008144006133e-11,inf,,truth,0.02338,0.002496469838622209,3.32213,0.0012121060134941727,151778.16109820042,True,False,0,0,3.5925040720030665e-11,2.773958840407431e-11,inf,,small_s,0.023392618476120845,0.0024890755753592714,3.3212396320256037,0.0014326475164926297,d=+0.000 zeta=0.2%,0.0,0.002
20075,151563.03497787408,151563.03497787408,151149.64323068783,True,False,0,0,3.637978807091713e-12,0.0,inf,,peaks,0.02338,0.0024459089135136294,3.32213,0.0012892955641401907,151239.7730205653,True,False,0,0,5.4569682106375694e-12,2.637534635141492e-11,inf,,small_s,0.02281999592601671,0.0023976474627752913,3.3204123931585414,0.0015493649336895579,d=+0.000 zeta=0.2%,0.0,0.002
20076,151563.03497787408,151563.03497787408,151466.2532626005,True,False,0,0,0.0,1.0913936421275139e-11,inf,,truth,0.02338,0.002814010985791128,3.32213,0.0013569851956121688,151270.52084680228,True,False,0,0,0.0,2.000888343900442e-11,inf,,truth,0.023234805357552804,0.0027874623714756767,3.3251725472001357,0.001604220346617262,d=+0.000 zeta=0.2%,0.0,0.002
20077,151563.03497787408,151563.03497787408,151665.1744244099,True,False,0,0,0.0,1.9099388737231493e-11,inf,,truth,0.02338,0.002157207359413457,3.32213,0.0013001622330191733,151600.78968363462,True,False,0,0,0.0,6.116351869422942e-10,inf,,truth,0.022942544170594287,0.0020923501636678425,3.3231748823040603,0.001507896363824377,d=+0.000 zeta=0.2%,0.0,0.002
20078,151563.03497787408,151563.03497787408,151304.1793096653,True,False,0,0,1.6370904631912708e-11,0.0,inf,,peaks,0.02338,0.0019152152789033566,3.32213,0.0012411466569831099,151292.12438348602,True,False,0,0,2.5920599000528455e-11,0.0,inf,,peaks,0.023904073581127346,0.0019202106591613539,3.3220368614870477,0.0014848173007487265,d=+0.000 zeta=0.2%,0.0,0.002
20079,151563.03497787408,151563.03497787408,151803.57569264533,True,False,0,0,0.0,0.0,inf,,truth,0.02338,0.0029083272504374126,3.32213,0.0014336477275372118,151761.65652122145,True,False,0,0,0.0,9.094947017729282e-12,80.18900743990889,150234.49141425468,truth,0.02327590133149207,0.002894285197164138,3.3227754947518693,0.0015905577829558916,d=+0.000 zeta=0.2%,0.0,0.002
20080,151563.03497787408,151563.03497787408,151494.15013959378,True,False,0,0,0.0,5.093170329928398e-11,inf,,truth,0.02338,0.0022823612291200546,3.32213,0.001227316671715275,151283.02804058816,True,False,0,0,1.7280399333685637e-11,0.0,inf,,peaks,0.022603727136394924,0.0021958460013625208,3.324789172502322,0.0014463664983610943,d=+0.000 zeta=0.2%,0.0,0.002
20081,151563.03497787408,151563.03497787408,151514.43096169745,True,False,0,0,0.0,1.3642420526593924e-12,inf,,truth,0.02338,0.0017331785955767536,3.32213,0.0011714608192571715,151656.0934910374,True,False,0,0,2.2737367544323206e-11,4.3655745685100555e-11,inf,,small_s,0.02322621050542938,0.001704990737217105,3.3204201593479015,0.001467959606620476,d=+0.000 zeta=0.2%,0.0,0.002
20082,151563.03497787408,151563.03497787408,151786.89032270666,True,False,0,0,3.410605131648481e-11,0.0,inf,,peaks,0.02338,0.0023778208462596874,3.32213,0.0012998652161414223,151928.74787674635,True,False,0,0,1.4097167877480388e-11,0.0,inf,,peaks,0.023234191977153935,0.0024293356503457147,3.3202191802171863,0.0015718753167463177,d=+0.000 zeta=0.2%,0.0,0.002
20083,151563.03497787408,151563.03497787408,151636.48938494615,True,False,0,0,4.547473508864641e-13,0.0,inf,,peaks,0.02338,0.002248324470726124,3.32213,0.0012070753614447421,151841.84414619688,True,False,0,0,0.0,7.275957614183426e-12,inf,,truth,0.02343999393863972,0.002147146630937765,3.319367724808794,0.0014590810360354672,d=+0.000 zeta=0.2%,0.0,0.002
20084,151563.03497787408,151563.03497787408,151556.21516626334,True,False,0,0,0.0,1.5688783605583012e-10,inf,,truth,0.02338,0.0017100240029386102,3.32213,0.0011276821347743931,151653.63988427087,True,False,0,0,2.1373125491663814e-11,1.8189894035458565e-11,inf,,small_s,0.024273456753587896,0.001758614050578952,3.320431021121212,0.0014196073979324201,d=+0.000 zeta=0.2%,0.0,0.002
20085,151563.03497787408,151563.03497787408,151369.17197240668,True,False,0,0,0.0,1.5006662579253316e-11,inf,,truth,0.02338,0.002498061234980445,3.32213,0.0012268758839966056,151256.60935442228,True,False,0,0,0.0,2.7284841053187847e-12,53.00781022400042,150430.01490785883,truth,0.022982229077021746,0.0025071815760601885,3.3232263330410947,0.0016048000585145116,d=+0.000 zeta=0.2%,0.0,0.002
20086,151563.03497787408,151563.03497787408,151456.82489233493,True,False,0,0,9.094947017729282e-13,0.0,inf,,peaks,0.02338,0.002677568516921323,3.32213,0.00121165321753218,151540.26593899057,True,False,0,0,0.0,6.821210263296962e-12,inf,,truth,0.022519885086264436,0.0026388580781723393,3.3210921771948687,0.0014283784883060001,d=+0.000 zeta=0.2%,0.0,0.002
20087,151563.03497787408,151563.03497787408,151619.92735859688,True,False,0,0,4.092726157978177e-12,0.0,inf,,peaks,0.02338,0.001946955903456837,3.32213,0.0011854400918395879,151587.06286686868,True,False,1,0,9.094947017729282e-12,0.0,inf,,peaks,0.02318318419905743,0.0019402214287047182,3.3224494703059912,0.0014868763451820058,d=+0.000 zeta=0.2%,0.0,0.002
20088,151563.03497787408,151563.03497787408,151642.68468918747,True,False,0,0,0.0,5.9117155615240335e-12,inf,,truth,0.02338,0.0020884900823774717,3.32213,0.0011956300291121754,151775.302583774,True,False,0,0,4.092726157978177e-12,0.0,inf,,peaks,0.023042449145595646,0.002029334536015819,3.3203042902040183,0.0014723516368315844,d=+0.000 zeta=0.2%,0.0,0.002
20089,151563.03497787408,151563.03497787408,151494.5828153075,True,False,0,0,0.0,1.77351466845721e-11,inf,,truth,0.02338,0.0019520239608793082,3.32213,0.0012254596501912135,151302.82870935646,True,False,0,0,2.7284841053187847e-12,0.0,inf,,peaks,0.023920404373902214,0.001830242436913493,3.32461165701993,0.0014755847746068223,d=+0.000 zeta=0.2%,0.0,0.002
20090,151563.03497787408,151563.03497787408,151405.88157619545,True,False,0,0,0.0,1.8189894035458565e-12,inf,,truth,0.02338,0.0021892044966510976,3.32213,0.0012684805439786538,151551.13546306436,True,False,0,0,2.7284841053187847e-11,0.0,inf,,peaks,0.022699012844245768,0.00220558525530618,3.3209732928236404,0.0014801214443438545,d=+0.000 zeta=0.2%,0.0,0.002
20091,151563.03497787408,151563.03497787408,151581.47553756708,True,False,0,0,1.1368683772161603e-11,0.0,inf,,peaks,0.02338,0.0022733428325265085,3.32213,0.001226767551382865,151735.4697252386,True,False,0,0,9.094947017729282e-13,0.0,inf,,peaks,0.02247304513051016,0.0022442392572627587,3.3205971277378534,0.0014077590709980438,d=+0.000 zeta=0.2%,0.0,0.002
20092,151563.03497787408,151563.03497787408,151504.76195312696,True,False,0,0,0.0,5.4569682106375694e-12,inf,,truth,0.02338,0.0019886587475023768,3.32213,0.0011714472926802235,151375.2394540146,True,False,0,0,1.3642420526593924e-12,0.0,inf,,peaks,0.0231709689561863,0.0019559913607299193,3.3237977006256103,0.001386748541552467,d=+0.000 zeta=0.2%,0.0,0.002
20093,151563.03497787408,151563.03497787408,151612.78879916528,True,False,0,0,2.5647750589996576e-10,0.0,inf,,peaks,0.02338,0.0028765122000991477,3.32213,0.0013692740917292472,151847.75384163615,True,False,0,0,0.0,3.9108272176235914e-11,inf,,truth,0.02278894871620845,0.0028208608675478874,3.3185808665349406,0.001546914942528689,d=+0.000 zeta=0.2%,0.0,0.002
20094,151563.03497787408,151563.03497787408,151594.35307057484,True,False,0,0,7.09405867382884e-11,0.0,inf,,peaks,0.02338,0.0024616793911296565,3.32213,0.0012991372766269845,151397.17197808131,True,False,0,0,2.1373125491663814e-11,0.0,inf,,peaks,0.022611570849005017,0.0023484024471957425,3.325087703822965,0.0015172663242679128,d=+0.000 zeta=0.2%,0.0,0.002
20095,151563.03497787408,151563.03497787408,151541.03527851502,True,False,0,0,0.0,5.184119800105691e-11,inf,,truth,0.02338,0.002778235243992994,3.32213,0.001391749715344007,151465.7034075194,True,False,0,0,2.9103830456733704e-11,0.0,76.80203997984017,150612.81637846862,peaks,0.02146534795371048,0.0025982428059799357,3.3229973059064797,0.0015504924648181639,d=+0.000 zeta=0.2%,0.0,0.002
20096,151563.03497787408,151563.03497787408,151473.22943937907,True,False,0,0,0.0,8.185452315956354e-11,inf,,truth,0.02338,0.003056247609448147,3.32213,0.0015155596800777052,151518.02942240128,True,False,0,0,4.547473508864641e-13,0.0,inf,,peaks,0.02377073833371909,0.0031149326928325435,3.3214208928137996,0.001691352366256468,d=+0.000 zeta=0.2%,0.0,0.002
20097,151563.03497787408,151563.03497787408,151508.03776442847,True,False,0,0,4.547473508864641e-13,0.0,inf,,peaks,0.02338,0.0020064235764125386,3.32213,0.0011272752222708689,151295.88174265067,True,False,0,0,2.864908310584724e-11,0.0,inf,,peaks,0.023379228968166944,0.002014318974864716,3.325048387429727,0.001406483786092871,d=+0.000 zeta=0.2%,0.0,0.002
20098,151563.03497787408,151563.03497787408,151847.82043161994,True,False,0,0,1.0913936421275139e-11,0.0,inf,,peaks,0.02338,0.002173794219055981,3.32213,0.0012439949003408594,152093.83611474463,True,False,0,0,0.0,8.185452315956354e-12,108.29352403051644,149866.67743585596,truth,0.023802817239809686,0.0020111813141755644,3.3195680630877655,0.0016109085319630967,d=+0.000 zeta=0.2%,0.0,0.002
20099,151563.03497787408,151563.03497787408,151802.65548682804,True,False,0,0,2.9103830456733704e-11,0.0,inf,,peaks,0.02338,0.002820231373089598,3.32213,0.001323429281561765,151695.00292069922,True,False,0,0,1.127773430198431e-10,0.0,inf,,peaks,0.02205138882709463,0.0026699589743056974,3.323349790356093,0.001470816228150424,d=+0.000 zeta=0.2%,0.0,0.002
30000,154020.52589321043,154020.52589321043,154038.90056720213,True,False,0,0,7.275957614183426e-12,2.7284841053187847e-12,inf,,truth,0.02338,0.002038046529927405,3.32213,0.001004129037324182,154249.63857556175,True,False,0,0,3.637978807091713e-11,0.0,inf,,peaks,0.02211760458645054,0.001983933122667585,3.3210342357744946,0.00125792359058272,d=+0.008 zeta=0.2%,0.008031998967775265,0.002
30001,154020.52589321043,154020.52589321043,154170.5982246841,True,False,0,0,9.094947017729282e-13,0.0,inf,,peaks,0.02338,0.001969956199996395,3.32213,0.0011738690622706373,153997.74234278826,True,False,1,0,9.094947017729282e-12,0.0,144.44725003532767,153125.61504892408,peaks,0.02387663166067457,0.001983779074246821,3.3243501635959527,0.001399246642639979,d=+0.008 zeta=0.2%,0.008031998967775265,0.002
30002,154020.52589321043,154020.52589321043,154234.81418553865,True,False,0,0,5.4569682106375694e-12,4.547473508864641e-12,inf,,truth,0.02338,0.001756205511330178,3.32213,0.0010091410235996082,154249.87544701484,True,False,0,0,0.0,3.637978807091713e-12,inf,,mirror,0.02332989794173587,0.0017488538475550748,3.321950584790442,0.0013025718429064824,d=+0.008 zeta=0.2%,0.008031998967775265,0.002
30003,154020.52589321043,154020.52589321043,153668.7428477916,True,False,0,0,1.3642420526593924e-12,0.0,inf,,peaks,0.02338,0.002807658067853895,3.32213,0.0011760767966475106,153722.10091025045,True,False,1,0,0.0,1.4551915228366852e-11,inf,,mirror,0.02275300899045235,0.0027644712016554143,3.3220861020128662,0.0014087728962091954,d=+0.008 zeta=0.2%,0.008031998967775265,0.002
30004,154020.52589321043,154020.52589321043,153818.0663397848,True,False,0,0,0.0,1.8189894035458565e-12,inf,,mirror,0.02338,0.0020119993296886136,3.32213,0.0011264475967704315,153760.33669182012,True,False,0,0,0.0,1.9099388737231493e-11,inf,,mirror,0.023130754935472904,0.0019888238962550496,3.3231210751375944,0.0013752411947053757,d=+0.008 zeta=0.2%,0.008031998967775265,0.002
30005,154020.52589321043,154020.52589321043,154136.79553826604,True,False,0,0,2.8194335754960775e-11,8.185452315956354e-12,inf,,truth,0.02338,0.0023322048530474183,3.32213,0.0011512600776921625,154273.1108806565,True,False,0,0,3.001332515850663e-11,0.0,inf,,peaks,0.02182160815511518,0.002229064339635095,3.3220801647589604,0.0013472326216119452,d=+0.008 zeta=0.2%,0.008031998967775265,0.002
30006,154020.52589321043,154020.52589321043,154213.0275104901,True,False,0,0,0.0,3.54702933691442e-11,inf,,mirror,0.02338,0.002336259097155984,3.32213,0.0010839401269179079,154213.25628525356,True,False,0,0,2.2737367544323206e-11,7.73070496506989e-12,inf,,truth,0.02322857364266537,0.0023286684592233454,3.3224239396673463,0.0013554307782083536,d=+0.008 zeta=0.2%,0.008031998967775265,0.002
30007,154020.52589321043,154020.52589321043,153946.92055964418,True,False,0,0,2.7284841053187847e-11,9.094947017729282e-13,inf,,truth,0.02338,0.0019906128034459943,3.32213,0.0011485931221584353,153990.83360643615,True,False,1,0,3.728928277269006e-11,0.0,inf,,peaks,0.023110322874011054,0.00196954488699599,3.321765368044059,0.0013845245005379091,d=+0.008 zeta=0.2%,0.008031998967775265,0.002
30008,154020.52589321043,154020.52589321043,153796.96829186665,True,False,0,0,7.275957614183426e-12,3.9108272176235914e-11,inf,,truth,0.02338,0.0019015457632699882,3.32213,0.001125431651678318,153848.12230926522,True,False,0,0,0.0,1.9690560293383896e-10,inf,,mirror,0.0231521094109869,0.0018913743815077413,3.3215771804602507,0.0013288115420883216,d=+0.008 zeta=0.2%,0.008031998967775265,0.002
30009,154020.52589321043,154020.52589321043,154112.6235678282,True,False,0,0,1.77351466845721e-11,4.547473508864641e-12,inf,,truth,0.02338,0.0016527533904444193,3.32213,0.0010864878495440735,153967.80416767724,True,False,1,0,6.821210263296962e-12,1.2278178473934531e-11,inf,,truth,0.024308350263681233,0.0016776913485317564,3.323683819207416,0.0013158114472856916,d=+0.008 zeta=0.2%,0.008031998967775265,0.002
30010,154020.52589321043,154020.52589321043,154043.70482251153,True,False,0,0,1.3642420526593924e-12,2.955857780762017e-11,inf,,truth,0.02338,0.0026065388145853213,3.32213,0.0012185149274609923,154055.9762642316,True,False,0,0,3.092281986027956e-11,2.7284841053187847e-12,inf,,truth,0.022554404410273208,0.002542743269305753,3.32333314916338,0.0014894781613440594,d=+0.008 zeta=0.2%,0.008031998967775265,0.002
30011,154020.52589321043,154020.52589321043,154096.747421731,True,False,0,0,3.183231456205249e-12,2.6830093702301383e-11,inf,,truth,0.02338,0.0019187790067597991,3.32213,0.0010910270890802586,154015.9763740071,True,False,0,0,0.0,1.0913936421275139e-11,inf,,mirror,0.023277260851843153,0.0019111626996655682,3.3235469941719398,0.0013367253754573514,d=+0.008 zeta=0.2%,0.008031998967775265,0.002
30012,154020.52589321043,154020.52589321043,153753.37287140285,True,False,0,0,0.0,2.000888343900442e-11,inf,,mirror,0.02338,0.002661981086804661,3.32213,0.0013388617050109932,153787.80960892877,True,False,1,0,0.0,1.0277290130034089e-10,106.09306195677846,177318.91596141685,mirror,0.024319455772944462,0.002685472900172467,3.320809645351102,0.0015387528505489332,d=+0.008 zeta=0.2%,0.008031998967775265,0.002
30013,154020.52589321043,154020.52589321043,154131.0149913236,True,False,0,0,0.0,9.094947017729282e-13,inf,,mirror,0.02338,0.001836979560727075,3.32213,0.0010354293085569862,154349.79928761267,True,False,0,0,0.0,3.410605131648481e-11,inf,,mirror,0.022697066513494454,0.0018059705437232082,3.319755207022281,0.0013279967591987235,d=+0.008 zeta=0.2%,0.008031998967775265,0.002
30014,154020.52589321043,154020.52589321043,153842.06287949986,True,False,0,0,9.094947017729282e-13,0.0,inf,,peaks,0.02338,0.0018263239157339552,3.32213,0.0011027262529068763,153742.57604125535,True,False,1,0,0.0,1.0913936421275139e-11,inf,,mirror,0.02370716135781129,0.0018236987449863832,3.3232613988906237,0.0013321201906584595,d=+0.008 zeta=0.2%,0.008031998967775265,0.002
30015,154020.52589321043,154020.52589321043,153756.66384973103,True,False,0,0,7.639755494892597e-11,0.0,inf,,peaks,0.02338,0.0025131619294438716,3.32213,0.0012664334318069205,153597.58452733382,True,False,0,0,1.8189894035458565e-12,0.0,inf,,peaks,0.024131952009418697,0.002499370155576791,3.3239019931580613,0.0015445013349489113,d=+0.008 zeta=0.2%,0.008031998967775265,0.002
30016,154020.52589321043,154020.52589321043,153897.26487276005,True,False,0,0,0.0,6.45741238258779e-11,inf,,mirror,0.02338,0.0020592327915978426,3.32213,0.0010896668376515596,154081.35146604106,True,False,0,0,2.091837814077735e-11,0.0,inf,,peaks,0.02239529033643922,0.001955817262638523,3.3205601191260237,0.0014414243356211903,d=+0.008 zeta=0.2%,0.008031998967775265,0.002
30017,154020.52589321043,154020.52589321043,154077.259970335,True,False,0,0,8.185452315956354e-12,6.366462912410498e-12,inf,,truth,0.02338,0.0019331316896692818,3.32213,0.0010159585604298065,154195.34882643155,True,False,0,0,5.95719029661268e-11,0.0,inf,,peaks,0.02272100822267155,0.0019086645022367023,3.321255924199515,0.0012762954914028101,d=+0.008 zeta=0.2%,0.008031998967775265,0.002
30018,154020.52589321043,154020.52589321043,153929.1329774525,True,False,0,0,1.2278178473934531e-11,0.0,inf,,peaks,0.02338,0.0022168187500966495,3.32213,0.0012061630000262846,153988.30766562867,True,False,1,0,2.9103830456733704e-11,2.7284841053187847e-11,inf,,truth,0.023163414007571104,0.0022088338907233053,3.321488004781305,0.001442424508148099,d=+0.008 zeta=0.2%,0.008031998967775265,0.002
30019,154020.52589321043,154020.52589321043,153966.15340002518,True,False,0,0,0.0,1.546140993013978e-11,inf,,mirror,0.02338,0.0029593492956205133,3.32213,0.001306515480442174,153994.00164757812,True,False,0,0,0.0,5.9117155615240335e-12,inf,,mirror,0.023726599534030054,0.002955475233175418,3.3208003014911482,0.0015662907394218659,d=+0.008 zeta=0.2%,0.008031998967775265,0.002
30020,154020.52589321043,154020.52589321043,154199.1501489916,True,False,0,0,0.0,9.094947017729282e-13,inf,,mirror,0.02338,0.0024232086039524454,3.32213,0.0012426663911226737,154113.7438909289,True,False,0,0,0.0,1.2732925824820995e-11,inf,,mirror,0.0232079866683331,0.0024510158586434436,3.323616273048022,0.0014996660951578696,d=+0.008 zeta=0.2%,0.008031998967775265,0.002
30021,154020.52589321043,154020.52589321043,153752.07636424337,True,False,0,0,0.0,1.8189894035458565e-11,inf,,mirror,0.02338,0.002874468495378639,3.32213,0.0013856678560223935,153712.95300537968,True,False,0,0,1.0459189070388675e-11,0.0,inf,,peaks,0.024281894988693514,0.002930653681429335,3.322144539554105,0.0015406099230725041,d=+0.008 zeta=0.2%,0.008031998967775265,0.002
30022,154020.52589321043,154020.52589321043,153828.18604689185,True,False,0,0,6.366462912410498e-12,1.8189894035458565e-12,inf,,truth,0.02338,0.002257983690376448,3.32213,0.0011389005735193546,153900.35127299937,True,False,0,0,1.2732925824820995e-11,0.0,inf,,peaks,0.02257490144901431,0.002217476763690115,3.321916792652091,0.0014110410430364995,d=+0.008 zeta=0.2%,0.008031998967775265,0.002
30023,154020.52589321043,154020.52589321043,153902.3831364686,True,False,0,0,0.0,8.640199666842818e-12,inf,,mirror,0.02338,0.0025118729281980614,3.32213,0.0012995241352047695,153966.86542824213,True,False,0,0,5.002220859751105e-12,1.9554136088117957e-11,inf,,small_s,0.022222161101481147,0.0024334439663607674,3.322302768191964,0.0015234342746407645,d=+0.008 zeta=0.2%,0.008031998967775265,0.002
30024,154020.52589321043,154020.52589321043,153983.53425993785,True,False,0,0,0.0,1.1823431123048067e-11,inf,,mirror,0.02338,0.0020300098701161303,3.32213,0.0010609749517861843,154230.9520954093,True,False,0,0,8.640199666842818e-12,9.094947017729282e-13,inf,,small_s,0.022154046432498558,0.0019000995992753261,3.319555225143999,0.0013215568770099373,d=+0.008 zeta=0.2%,0.008031998967775265,0.002
30025,154020.52589321043,154020.52589321043,154128.18672754327,True,False,0,0,0.0,0.0,inf,,mirror,0.02338,0.0024654227099708604,3.32213,0.0011171479455622279,154278.96422833417,True,False,1,0,3.637978807091713e-12,0.0,inf,,peaks,0.02310789823436036,0.0023669596808149453,3.3197429256799174,0.0013773577667320835,d=+0.008 zeta=0.2%,0.008031998967775265,0.002
30026,154020.52589321043,154020.52589321043,154106.31446932544,True,False,0,0,0.0,5.4569682106375694e-12,inf,,mirror,0.02338,0.0020503370110296353,3.32213,0.0011574227818402774,154057.23702150956,True,False,1,0,2.2737367544323206e-12,1.8189894035458565e-12,inf,,truth,0.02342581552369717,0.002069841975220692,3.322818673048428,0.001448435798306891,d=+0.008 zeta=0.2%,0.008031998967775265,0.002
30027,154020.52589321043,154020.52589321043,154165.71360734123,True,False,0,0,9.549694368615746e-12,0.0,inf,,peaks,0.02338,0.00188473807481244,3.32213,0.0010535085968945727,154085.81524633497,True,False,0,0,1.2732925824820995e-11,7.09405867382884e-11,inf,,truth,0.023847494454332506,0.0018875131360038377,3.3228276607134313,0.0012959891633248532,d=+0.008 zeta=0.2%,0.008031998967775265,0.002
30028,154020.52589321043,154020.52589321043,153719.7655711593,True,False,0,0,7.275957614183426e-12,6.821210263296962e-12,inf,,truth,0.02338,0.0027306149852979,3.32213,0.0011886153338599864,153694.73935824612,True,False,0,0,2.6830093702301383e-11,0.0,104.63519719324313,156430.45369447832,peaks,0.022880739879932326,0.002676753251433072,3.323512047240736,0.001412821842562603,d=+0.008 zeta=0.2%,0.008031998967775265,0.002
30029,154020.52589321043,154020.52589321043,154402.0933479337,True,False,0,0,4.092726157978177e-12,2.538854459999129e-09,inf,,truth,0.02338,0.0026635568774819878,3.32213,0.0012396720877209714,154415.91851005508,True,False,0,0,3.001332515850663e-11,9.549694368615746e-12,inf,,truth,0.022707360481168525,0.0026109835271588143,3.3228852385578316,0.0014162398776979667,d=+0.008 zeta=0.2%,0.008031998967775265,0.002
30030,154020.52589321043,154020.52589321043,153952.81413549223,True,False,0,0,0.0,2.546585164964199e-11,inf,,mirror,0.02338,0.0022144373780343747,3.32213,0.0011743221671485348,154024.98081626106,True,False,0,0,1.77351466845721e-11,8.640199666842818e-12,inf,,truth,0.023183693058298274,0.0022212711391285116,3.321272744277675,0.0014566616598240868,d=+0.008 zeta=0.2%,0.008031998967775265,0.002
30031,154020.52589321043,154020.52589321043,154202.22487696065,True,False,0,0,3.183231456205249e-12,0.0,inf,,peaks,0.02338,0.002427038056433469,3.32213,0.0013470489005076114,154156.57858399022,True,False,0,0,2.773958840407431e-11,0.0,inf,,peaks,0.0247483424025473,0.0025035910549768593,3.322198367590534,0.0015815282293100675,d=+0.008 zeta=0.2%,0.008031998967775265,0.002
30032,154020.52589321043,154020.52589321043,153934.3604659055,True,False,0,0,0.0,2.1827872842550278e-11,inf,,mirror,0.02338,0.0018212932542805856,3.32213,0.0010719391065609817,153666.27341449592,True,False,1,0,1.9099388737231493e-11,2.3646862246096134e-11,inf,,truth,0.02522141128610734,0.0017434500549910706,3.323753559791198,0.0013047887692327334,d=+0.008 zeta=0.2%,0.008031998967775265,0.002
30033,154020.52589321043,154020.52589321043,154058.49786751266,True,False,0,0,9.094947017729282e-13,0.0,inf,,peaks,0.02338,0.002009657947697216,3.32213,0.0010300562239734965,154311.24872879803,True,False,1,0,3.3651303965598345e-11,0.0,inf,,peaks,0.02247175851492504,0.0019186805092195182,3.31947474426075,0.001270610642709289,d=+0.008 zeta=0.2%,0.008031998967775265,0.002
30034,154020.52589321043,154020.52589321043,154204.37858062444,True,False,0,0,0.0,0.0,inf,,mirror,0.02338,0.002239679256302814,3.32213,0.0011597179593255123,154521.07560097627,True,False,0,0,1.1823431123048067e-11,3.728928277269006e-11,inf,,small_s,0.02263322829065088,0.0020691180974999716,3.31793441063665,0.0014351405503341978,d=+0.008 zeta=0.2%,0.008031998967775265,0.002
30035,154020.52589321043,154020.52589321043,153611.54544762243,True,False,0,0,0.0,5.820766091346741e-11,inf,,mirror,0.02338,0.00196945820274855,3.32213,0.0010660450817243441,153483.11294042328,True,False,0,0,6.366462912410498e-12,0.0,inf,,peaks,0.0235895478820849,0.0019747148917940434,3.3238599182984734,0.001283972435099741,d=+0.008 zeta=0.2%,0.008031998967775265,0.002
30036,154020.52589321043,154020.52589321043,153803.93592471653,True,False,0,0,3.183231456205249e-12,5.4569682106375694e-12,inf,,truth,0.02338,0.0019485774774099175,3.32213,0.0010477661114391761,153982.50012603664,True,False,1,0,1.103217073250562e-09,0.0,inf,,peaks,0.0229975610385684,0.001901263839691188,3.3198207577374808,0.0012589960880508922,d=+0.008 zeta=0.2%,0.008031998967775265,0.002
30037,154020.52589321043,154020.52589321043,154005.00228709812,True,False,0,0,0.0,6.366462912410498e-12,inf,,mirror,0.02338,0.002011860642442549,3.32213,0.0010984114207660061,154135.56966967278,True,False,1,0,4.547473508864641e-13,3.637978807091713e-12,inf,,truth,0.02234769309517301,0.0019458478767032652,3.3213006061689185,0.001273392506266329,d=+0.008 zeta=0.2%,0.008031998967775265,0.002
30038,154020.52589321043,154020.52589321043,153854.96287063745,True,False,0,0,2.1827872842550278e-11,6.002665031701326e-11,inf,,truth,0.02338,0.002187779002669616,3.32213,0.00123281155811536,153844.65927018365,True,False,1,0,3.8198777474462986e-11,0.0,inf,,peaks,0.023382862950333268,0.002189665809519632,3.3222821076838676,0.0014832806192076682,d=+0.008 zeta=0.2%,0.008031998967775265,0.002
30039,154020.52589321043,154020.52589321043,154076.2633742481,True,False,0,0,1.1823431123048067e-11,7.275957614183426e-12,inf,,truth,0.02338,0.0022977507125930877,3.32213,0.001234564975870976,154126.36711601316,True,False,1,0,4.274625098332763e-11,1.0913936421275139e-11,inf,,truth,0.02454502546548164,0.0022943964491494726,3.3207269597641034,0.0014466866295828195,d=+0.008 zeta=0.2%,0.008031998967775265,0.002
30040,154020.52589321043,154020.52589321043,153868.5920598871,True,False,0,0,0.0,3.5925040720030665e-11,inf,,mirror,0.02338,0.0030199999854183847,3.32213,0.001262469100520067,154032.6678966797,True,False,0,0,0.0,3.5925040720030665e-11,inf,,mirror,0.02155638999344266,0.0028325202394581485,3.322115404235209,0.001444331412678238,d=+0.008 zeta=0.2%,0.008031998967775265,0.002
30041,154020.52589321043,154020.52589321043,153973.8696155005,True,False,0,0,2.000888343900442e-11,0.0,inf,,peaks,0.02338,0.002008417750988726,3.32213,0.0010890165709335196,153894.9687467971,True,False,0,0,0.0,1.3460521586239338e-10,inf,,mirror,0.02369777171548305,0.001996100280517094,3.322882647546555,0.0013661922711927402,d=+0.008 zeta=0.2%,0.008031998967775265,0.002
30042,154020.52589321043,154020.52589321043,153847.79760086458,True,False,0,0,0.0,5.4569682106375694e-12,inf,,mirror,0.02338,0.0026352340460259957,3.32213,0.0013127649876814394,153815.89460979268,True,False,0,0,3.8198777474462986e-11,0.0,inf,,peaks,0.022926589545344742,0.002597431414521506,3.3232096895299565,0.0015086462573138592,d=+0.008 zeta=0.2%,0.008031998967775265,0.002
30043,154020.52589321043,154020.52589321043,154175.8342326362,True,False,0,0,0.0,1.000444171950221e-11,inf,,mirror,0.02338,0.001999084924720519,3.32213,0.001039920214699185,154233.7941868282,True,False,0,0,2.546585164964199e-11,5.9117155615240335e-12,119.25591392616025,167556.1567240224,truth,0.022892739459745126,0.001977249051369518,3.3220090621609444,0.0012415880264362196,d=+0.008 zeta=0.2%,0.008031998967775265,0.002
30044,154020.52589321043,154020.52589321043,153740.22277766137,True,False,0,0,1.5916157281026244e-11,0.0,inf,,peaks,0.02338,0.0016554384210192982,3.32213,0.001021867827329759,153844.75213569636,True,False,0,0,0.0,9.094947017729282e-13,inf,,mirror,0.023593883037334517,0.0016525923853412932,3.320326614222162,0.0013263691030168591,d=+0.008 zeta=0.2%,0.008031998967775265,0.002
30045,154020.52589321043,154020.52589321043,154037.661001142,True,False,0,0,0.0,1.1368683772161603e-11,inf,,mirror,0.02338,0.001971237043247684,3.32213,0.0012176767277099821,153923.44814231002,True,False,1,0,4.547473508864641e-12,3.183231456205249e-11,inf,,truth,0.024877984444277017,0.0020082221409900634,3.3229815516246926,0.001466413992197578,d=+0.008 zeta=0.2%,0.008031998967775265,0.002
30046,154020.52589321043,154020.52589321043,154007.68922455795,True,False,0,0,2.7284841053187847e-12,0.0,inf,,peaks,0.02338,0.0017102235132699217,3.32213,0.0011140314609547931,154051.991700628,True,False,1,0,2.9103830456733704e-11,0.0,inf,,peaks,0.023382016422090632,0.0017049757087642273,3.3215331865700835,0.0013301461416915764,d=+0.008 zeta=0.2%,0.008031998967775265,0.002
30047,154020.52589321043,154020.52589321043,154050.31876147573,True,False,0,0,2.7284841053187847e-12,8.185452315956354e-12,inf,,truth,0.02338,0.0022552233103269193,3.32213,0.0011612569004347574,154289.56652180944,True,False,0,0,2.2328094928525388e-10,5.1386450650170445e-11,inf,,small_s,0.02233044860560287,0.002009022921168299,3.31950697098498,0.001361550724776505,d=+0.008 zeta=0.2%,0.008031998967775265,0.002
30048,154020.52589321043,154020.52589321043,154054.59891279164,True,False,0,0,0.0,8.458300726488233e-11,inf,,mirror,0.02338,0.0023771575801960006,3.32213,0.0011955705361082218,153867.98431503406,True,False,0,0,2.319211489520967e-11,6.366462912410498e-12,inf,,small_s,0.023904358472500678,0.0023563263003135255,3.3246127252474156,0.001428981028380066,d=+0.008 zeta=0.2%,0.008031998967775265,0.002
30049,154020.52589321043,154020.52589321043,153980.53115815,True,False,0,0,1.8189894035458565e-11,1.9099388737231493e-11,inf,,truth,0.02338,0.0028509016854371847,3.32213,0.0012259451332789155,153987.53249118975,True,False,0,0,7.73070496506989e-12,0.0,inf,,peaks,0.022731804138665733,0.0028101811403098767,3.323048410100571,0.0015242236432302762,d=+0.008 zeta=0.2%,0.008031998967775265,0.002
30050,154020.52589321043,154020.52589321043,153818.98316489038,True,False,0,0,2.7284841053187847e-11,0.0,inf,,peaks,0.02338,0.0015597016964635614,3.32213,0.000985300230084193,153973.02672581974,True,False,0,0,9.094947017729282e-12,0.0,inf,,peaks,0.023017393354274933,0.0015106425732319807,3.3203468078451466,0.0012119199043204001,d=+0.008 zeta=0.2%,0.008031998967775265,0.002
30051,154020.52589321043,154020.52589321043,154040.38660049898,True,False,0,0,0.0,8.185452315956354e-12,inf,,mirror,0.02338,0.0021341424087035934,3.32213,0.001092767948690443,154065.28128990217,True,False,1,0,0.0,2.7284841053187847e-11,inf,,mirror,0.022409738821310997,0.0020584380222635045,3.323171140643661,0.0013014388684317534,d=+0.008 zeta=0.2%,0.008031998967775265,0.002
30052,154020.52589321043,154020.52589321043,154130.7911384958,True,False,0,0,1.6825651982799172e-11,0.0,inf,,peaks,0.02338,0.0026087668898326904,3.32213,0.0013621810858838424,154078.87781772346,True,False,1,0,0.0,4.547473508864641e-12,inf,,mirror,0.02317655088144889,0.0025976598363662536,3.3231934988162153,0.0015556955414230595,d=+0.008 zeta=0.2%,0.008031998967775265,0.002
30053,154020.52589321043,154020.52589321043,153989.48599889252,True,False,0,0,1.8189894035458565e-12,0.0,inf,,peaks,0.02338,0.002090441179764442,3.32213,0.0010863911412505713,154115.51346791972,True,False,1,0,1.2732925824820995e-11,1.1823431123048067e-11,inf,,truth,0.02223928136463194,0.002055351687006323,3.3218916649069445,0.0013920005261638996,d=+0.008 zeta=0.2%,0.008031998967775265,0.002
30054,154020.52589321043,154020.52589321043,153904.43919603422,True,False,0,0,0.0,0.0,inf,,mirror,0.02338,0.002576784740077648,3.32213,0.0011624886245458672,154139.01843630636,True,False,0,0,5.4569682106375694e-12,4.547473508864641e-12,inf,,small_s,0.022451102892665265,0.0023582258379642547,3.319147755749411,0.0013367233432058326,d=+0.008 zeta=0.2%,0.008031998967775265,0.002
30055,154020.52589321043,154020.52589321043,154030.76961896656,True,False,0,0,1.8189894035458565e-12,1.9099388737231493e-11,inf,,truth,0.02338,0.002246364974370476,3.32213,0.0011819918592783152,154196.82912587048,True,False,0,0,1.7189449863508344e-10,1.1823431123048067e-11,inf,,truth,0.02304304763334707,0.0022010592253669126,3.3198700427150034,0.0014299583730274805,d=+0.008 zeta=0.2%,0.008031998967775265,0.002
30056,154020.52589321043,154020.52589321043,154035.71076180434,True,False,0,0,2.7284841053187847e-12,0.0,inf,,peaks,0.02338,0.0024423250029504333,3.32213,0.0013129097692656765,154184.8225308782,True,False,1,0,0.0,1.2141754268668592e-10,inf,,mirror,0.022078772333489715,0.0021849929687915385,3.320630580801359,0.0015142444054060738,d=+0.008 zeta=0.2%,0.008031998967775265,0.002
30057,154020.52589321043,154020.52589321043,153613.19508863662,True,False,0,0,9.094947017729282e-13,0.0,inf,,peaks,0.02338,0.0021357258178551094,3.32213,0.0012056132866823913,153572.37905839022,True,False,0,0,0.0,1.2278178473934531e-11,inf,,mirror,0.022418478858215,0.002080357014730852,3.3233591727521756,0.0013856532080560799,d=+0.008 zeta=0.2%,0.008031998967775265,0.002
30058,154020.52589321043,154020.52589321043,153895.90129789314,True,False,0,0,1.8189894035458565e-12,1.000444171950221e-11,inf,,truth,0.02338,0.0020685214588795843,3.32213,0.0010940664399975836,153927.29443483494,True,False,1,0,1.4551915228366852e-11,6.366462912410498e-12,inf,,truth,0.022675405841516665,0.0020402891480205626,3.322799851401711,0.0013632070129338469,d=+0.008 zeta=0.2%,0.008031998967775265,0.002
30059,154020.52589321043,154020.52589321043,154503.96642898192,True,False,0,0,0.0,5.729816621169448e-11,inf,,mirror,0.02338,0.0017337602414736824,3.32213,0.0011206397630003197,154468.58055637596,True,False,1,0,5.9117155615240335e-12,1.0459189070388675e-11,inf,,truth,0.02327596642894808,0.0017471313645382805,3.322709910243571,0.0013953343787203346,d=+0.008 zeta=0.2%,0.008031998967775265,0.002
30060,154020.52589321043,154020.52589321043,153878.08625867404,True,False,0,0,1.0459189070388675e-11,0.0,inf,,peaks,0.02338,0.002061067854547304,3.32213,0.0012331066947513663,153872.3703192813,True,False,1,0,8.185452315956354e-12,0.0,124.88833639864788,153088.31187658277,peaks,0.02344421349493058,0.0020674442711533765,3.3221820413499765,0.0014862308116412467,d=+0.008 zeta=0.2%,0.008031998967775265,0.002
30061,154020.52589321043,154020.52589321043,154088.65626601037,True,False,0,0,0.0,1.6279955161735415e-10,inf,,mirror,0.02338,0.0021930435278850547,3.32213,0.0011234204295325779,154153.0776185664,True,False,0,0,2.2737367544323206e-12,2.8194335754960775e-11,95.6111065101286,166863.6789858943,truth,0.022541433645982267,0.0021496013500734144,3.3226533218798786,0.0014023180606717942,d=+0.008 zeta=0.2%,0.008031998967775265,0.002
30062,154020.52589321043,154020.52589321043,154470.78923554503,True,False,0,0,0.0,6.366462912410498e-12,inf,,mirror,0.02338,0.0017795731313701212,3.32213,0.001070471096124788,154635.51568519298,True,False,1,0,1.546140993013978e-11,2.2737367544323206e-11,inf,,truth,0.022341194625109924,0.0016762096869077725,3.3207503113482453,0.0012312321033196994,d=+0.008 zeta=0.2%,0.008031998967775265,0.002
30063,154020.52589321043,154020.52589321043,154149.50827533362,True,False,0,0,1.0459189070388675e-11,0.0,inf,,peaks,0.02338,0.002621230061003105,3.32213,0.0011293201300906156,154041.6719053859,True,False,1,0,6.366462912410498e-12,1.191438059322536e-10,inf,,truth,0.02286356468586171,0.00251825002391457,3.3248710853288297,0.0012916652491514141,d=+0.008 zeta=0.2%,0.008031998967775265,0.002
30064,154020.52589321043,154020.52589321043,154204.36169253514,True,False,0,0,2.9103830456733704e-11,0.0,inf,,peaks,0.02338,0.0023757025145570527,3.32213,0.0011409400821937121,154146.3427885373,True,False,0,0,6.866684998385608e-11,0.0,inf,,peaks,0.022529809636109385,0.002319138439232671,3.3243050138623955,0.0014109744920396583,d=+0.008 zeta=0.2%,0.008031998967775265,0.002
30065,154020.52589321043,154020.52589321043,153693.29046463373,True,False,0,0,1.864464138634503e-11,0.0,inf,,peaks,0.02338,0.002366456704568548,3.32213,0.0012446398534426842,153558.03457656872,True,False,0,0,4.547473508864641e-12,0.0,inf,,peaks,0.0243191548996385,0.0023696972715924313,3.3237366694918413,0.0014258005570131663,d=+0.008 zeta=0.2%,0.008031998967775265,0.002
30066,154020.52589321043,154020.52589321043,153623.49656118132,True,False,0,0,2.546585164964199e-11,0.0,inf,,peaks,0.02338,0.0024652532834993288,3.32213,0.0013154028686594745,153663.93262236964,True,False,1,0,0.0,2.3646862246096134e-11,inf,,mirror,0.02275230930882574,0.0024151643751058357,3.3219868992922197,0.0014981417123021113,d=+0.008 zeta=0.2%,0.008031998967775265,0.002
30067,154020.52589321043,154020.52589321043,154220.3700657335,True,False,0,0,0.0,9.549694368615746e-12,inf,,mirror,0.02338,0.002524204036743081,3.32213,0.0011716379017292573,154506.7686640647,True,False,0,0,2.773958840407431e-11,0.0,inf,,peaks,0.021087407258559246,0.0023656688680040562,3.321329339065525,0.0014499411039766957,d=+0.008 zeta=0.2%,0.008031998967775265,0.002
30068,154020.52589321043,154020.52589321043,153862.19787696688,True,False,0,0,1.8189894035458565e-12,3.183231456205249e-12,inf,,truth,0.02338,0.002053846684817555,3.32213,0.001092859181841699,153707.25385539365,True,False,1,0,1.8189894035458565e-12,4.5929482439532876e-11,inf,,truth,0.02349930655579952,0.0020448752278241842,3.3244202474803815,0.001459462411928587,d=+0.008 zeta=0.2%,0.008031998967775265,0.002
30069,154020.52589321043,154020.52589321043,153760.8014190671,True,False,0,0,1.9099388737231493e-11,0.0,inf,,peaks,0.02338,0.0016110593086813181,3.32213,0.0010149258979000925,153741.8047716961,True,False,1,0,1.5916157281026244e-11,4.547473508864641e-13,inf,,truth,0.02313934608933522,0.001613525553869539,3.322624427257566,0.001312693481959155,d=+0.008 zeta=0.2%,0.008031998967775265,0.002
30070,154020.52589321043,154020.52589321043,153903.2714080546,True,False,0,0,0.0,7.185008144006133e-11,inf,,mirror,0.02338,0.002311935399425287,3.32213,0.0011549872669674875,154007.11877888435,True,False,0,0,5.4569682106375694e-12,7.139533408917487e-11,inf,,truth,0.022677561390764593,0.002244238551619538,3.321362965868344,0.0013449509728282736,d=+0.008 zeta=0.2%,0.008031998967775265,0.002
30071,154020.52589321043,154020.52589321043,153877.83286012794,True,False,0,0,0.0,5.002220859751105e-12,inf,,mirror,0.02338,0.0025029459595600828,3.32213,0.0012346551419890983,153835.89360977235,True,False,0,0,3.1877789297141135e-10,1.2732925824820995e-11,inf,,small_s,0.022268212282969744,0.002450254586731168,3.3232656201968838,0.0014436036491207059,d=+0.008 zeta=0.2%,0.008031998967775265,0.002
30072,154020.52589321043,154020.52589321043,154069.5849945196,True,False,0,0,0.0,1.77351466845721e-11,inf,,mirror,0.02338,0.00217623959393891,3.32213,0.0011822703133209302,154040.37438003087,True,False,0,0,0.0,0.0,inf,,mirror,0.023591349181404105,0.0021870718833432606,3.3223419883207788,0.001450385437129934,d=+0.008 zeta=0.2%,0.008031998967775265,0.002
30073,154020.52589321043,154020.52589321043,153900.55195425008,True,False,0,0,2.7284841053187847e-12,2.2737367544323206e-12,inf,,truth,0.02338,0.0019953136305461503,3.32213,0.0011572488067746267,153870.5539162852,True,False,0,0,0.0,2.2282620193436742e-11,inf,,mirror,0.023241272093242452,0.0019827387108077477,3.3227468423628648,0.001350345157966565,d=+0.008 zeta=0.2%,0.008031998967775265,0.002
30074,154020.52589321043,154020.52589321043,154147.51164471777,True,False,0,0,9.549694368615746e-12,4.092726157978177e-12,inf,,truth,0.02338,0.0018729456436260593,3.32213,0.0011414637079285377,154053.4377959207,True,False,0,0,8.640199666842818e-12,5.002220859751105e-12,inf,,small_s,0.023287926949248746,0.0018599597782501917,3.32364625521043,0.0013365850658184286,d=+0.008 zeta=0.2%,0.008031998967775265,0.002
30075,154020.52589321043,154020.52589321043,154008.16561529756,True,False,0,0,9.094947017729282e-13,0.0,inf,,peaks,0.02338,0.0017105619463634542,3.32213,0.0009628364926168874,154085.6453993215,True,False,0,0,1.7280399333685637e-11,1.0459189070388675e-11,inf,,small_s,0.022686912799096424,0.0016968163532449618,3.3225099799319224,0.0013546182915576384,d=+0.008 zeta=0.2%,0.008031998967775265,0.002
30076,154020.52589321043,154020.52589321043,154089.24494766936,True,False,0,0,0.0,4.092726157978177e-12,inf,,mirror,0.02338,0.0022156581448065336,3.32213,0.0012776652718446515,153987.25012200157,True,False,1,0,0.0,3.2741809263825417e-11,112.90949111206646,167990.8622499634,mirror,0.02468396618886442,0.0022826254795433975,3.3228711190118365,0.0014949125971566674,d=+0.008 zeta=0.2%,0.008031998967775265,0.002
30077,154020.52589321043,154020.52589321043,154442.77125155984,True,False,0,0,5.4569682106375694e-11,2.7284841053187847e-12,inf,,truth,0.02338,0.0025444305182979335,3.32213,0.001412754731452718,154468.95417308385,True,False,0,0,7.275957614183426e-12,1.318767317570746e-11,74.20771841364194,166939.4890681391,truth,0.022087282994946864,0.002434459955570305,3.3234217346687367,0.0016000187694385091,d=+0.008 zeta=0.2%,0.008031998967775265,0.002
30078,154020.52589321043,154020.52589321043,154157.27156799636,True,False,0,0,2.2282620193436742e-11,1.1823431123048067e-11,inf,,truth,0.02338,0.002969866330661098,3.32213,0.0013904122751950425,154235.75956692963,True,False,1,0,0.0,5.184119800105691e-11,inf,,truth,0.02310983992931391,0.0028665087407311446,3.3209543100966727,0.0015771592777431872,d=+0.008 zeta=0.2%,0.008031998967775265,0.002
30079,154020.52589321043,154020.52589321043,153812.4791312093,True,False,0,0,0.0,1.2278178473934531e-11,inf,,mirror,0.02338,0.00255606460473633,3.32213,0.0013143794513499698,153722.42923769745,True,False,0,0,2.7284841053187847e-12,1.9099388737231493e-11,inf,,small_s,0.02337630245409793,0.002594454787448889,3.3236892070529245,0.0015474169510172157,d=+0.008 zeta=0.2%,0.008031998967775265,0.002
30080,154020.52589321043,154020.52589321043,153873.31012130593,True,False,0,0,0.0,4.547473508864641e-12,inf,,mirror,0.02338,0.002500633589622531,3.32213,0.0012154437371337064,153746.9373487583,True,False,0,0,5.775291356258094e-11,1.318767317570746e-11,inf,,small_s,0.02467529357644926,0.0025420693124300455,3.3229443962969145,0.0014731145707479298,d=+0.008 zeta=0.2%,0.008031998967775265,0.002
30081,154020.52589321043,154020.52589321043,153714.13859653345,True,False,0,0,6.002665031701326e-11,0.0,inf,,peaks,0.02338,0.0024467692617295826,3.32213,0.0012066162362742157,153632.6980726511,True,False,1,0,9.094947017729282e-13,4.547473508864641e-13,inf,,truth,0.023308311281381663,0.002456369962602049,3.323495497741303,0.001445075379325399,d=+0.008 zeta=0.2%,0.008031998967775265,0.002
30082,154020.52589321043,154020.52589321043,153978.56890935605,True,False,0,0,1.3642420526593924e-11,5.4569682106375694e-12,inf,,truth,0.02338,0.0022581684363344977,3.32213,0.0011903005832139412,154012.03154207367,True,False,0,0,0.0,0.0,inf,,mirror,0.02272786159198034,0.0022227966413274442,3.3222296031519876,0.001423753503971728,d=+0.008 zeta=0.2%,0.008031998967775265,0.002
30083,154020.52589321043,154020.52589321043,154045.69539977208,True,False,0,0,2.7284841053187847e-12,0.0,inf,,peaks,0.02338,0.001852298128528967,3.32213,0.0011761228352418411,153986.8916212109,True,False,1,0,1.546140993013978e-11,1.9554136088117957e-11,inf,,truth,0.023522870071469377,0.0018890546968209547,3.322855558345866,0.0013845265846708773,d=+0.008 zeta=0.2%,0.008031998967775265,0.002
30084,154020.52589321043,154020.52589321043,153581.14283054142,True,False,0,0,0.0,6.366462912410498e-12,inf,,mirror,0.02338,0.0024216947946700575,3.32213,0.0011634543945634838,153702.30035916518,True,False,1,0,2.637534635141492e-11,2.2737367544323206e-12,inf,,truth,0.022290400385471212,0.0023235788143901206,3.3212585136276647,0.0013410631404948499,d=+0.008 zeta=0.2%,0.008031998967775265,0.002
30085,154020.52589321043,154020.52589321043,153988.50112883665,True,False,0,0,0.0,3.410605131648481e-11,inf,,mirror,0.02338,0.002273691256696096,3.32213,0.0011632804410281698,154244.12349545592,True,False,0,0,0.0,3.183231456205249e-11,inf,,mirror,0.022650353827388545,0.0020728437460736807,3.3188790218535407,0.0013649744978316983,d=+0.008 zeta=0.2%,0.008031998967775265,0.002
30086,154020.52589321043,154020.52589321043,154254.8457498815,True,False,0,0,1.2278178473934531e-11,0.0,inf,,peaks,0.02338,0.0018794247987631415,3.32213,0.0009591025757831499,154353.96334467246,True,False,0,0,0.0,2.091837814077735e-11,inf,,mirror,0.022639927385028184,0.0018767145502527139,3.322089150296539,0.0013158150975468206,d=+0.008 zeta=0.2%,0.008031998967775265,0.002
30087,154020.52589321043,154020.52589321043,153900.76897192159,True,False,0,0,4.547473508864641e-12,1.4642864698544145e-10,inf,,truth,0.02338,0.002352874251487883,3.32213,0.0011174847136430082,154046.82649559533,True,False,0,0,0.0,1.5006662579253316e-11,inf,,mirror,0.022852880915857257,0.002373262332039716,3.3204711923174233,0.001388794613542556,d=+0.008 zeta=0.2%,0.008031998967775265,0.002
30088,154020.52589321043,154020.52589321043,154223.285919508,True,False,0,0,9.094947017729282e-12,1.6370904631912708e-11,inf,,truth,0.02338,0.0018769215566137754,3.32213,0.0010712026324292538,154104.7694196924,True,False,1,0,1.2732925824820995e-11,1.7280399333685637e-11,inf,,truth,0.02356949049972061,0.0018845119792917945,3.323728733328598,0.0012707405575437935,d=+0.008 zeta=0.2%,0.008031998967775265,0.002
30089,154020.52589321043,154020.52589321043,153720.19228232984,True,False,0,0,0.0,5.002220859751105e-12,inf,,mirror,0.02338,0.002901086218839293,3.32213,0.0013222405834912064,153768.04052581656,True,False,0,0,6.775735528208315e-11,1.8189894035458565e-12,inf,,small_s,0.023468317955703536,0.002923312049192366,3.3210162126477845,0.001540638790222523,d=+0.008 zeta=0.2%,0.008031998967775265,0.002
30090,154020.52589321043,154020.52589321043,154254.42988621516,True,False,0,0,2.546585164964199e-11,3.5925040720030665e-11,inf,,truth,0.02338,0.003041768887263497,3.32213,0.0014639698572210564,154194.465129886,True,False,0,0,6.821210263296962e-12,9.094947017729282e-12,inf,,truth,0.024210588938525693,0.003088026083485119,3.3221862019450237,0.0016466781606646803,d=+0.008 zeta=0.2%,0.008031998967775265,0.002
30091,154020.52589321043,154020.52589321043,154199.64622028556,True,False,0,0,0.0,1.3642420526593924e-12,inf,,mirror,0.02338,0.002764815064532697,3.32213,0.001207239533293228,154089.64697919256,True,False,1,0,6.639311322942376e-11,4.8203219193965197e-11,inf,,truth,0.022789171753648283,0.002670562687430395,3.3249743324238654,0.00135613034849748,d=+0.008 zeta=0.2%,0.008031998967775265,0.002
30092,154020.52589321043,154020.52589321043,154039.80221801088,True,False,0,0,0.0,2.3646862246096134e-11,inf,,mirror,0.02338,0.0017167434297909164,3.32213,0.0009867167965486767,154321.48477757905,True,False,0,0,6.275513442233205e-11,0.0,inf,,peaks,0.021941621225799963,0.0016461069949226049,3.320303183314472,0.0012835622029669243,d=+0.008 zeta=0.2%,0.008031998967775265,0.002
30093,154020.52589321043,154020.52589321043,153873.5742184322,True,False,0,0,0.0,3.183231456205249e-11,inf,,mirror,0.02338,0.002418308850151654,3.32213,0.0012580038647925886,154038.33114135877,True,False,1,0,2.546585164964199e-11,0.0,inf,,peaks,0.023362731174886495,0.0023665890435784565,3.3194809040245006,0.0014618525829067333,d=+0.008 zeta=0.2%,0.008031998967775265,0.002
30094,154020.52589321043,154020.52589321043,154195.08795844865,True,False,0,0,0.0,6.821210263296962e-12,inf,,mirror,0.02338,0.002002004863604996,3.32213,0.0010148603798079392,154359.9608965594,True,False,0,0,6.821210263296962e-12,2.773958840407431e-11,inf,,truth,0.024064083783957847,0.0019166712585785139,3.317962198287721,0.001294127881325012,d=+0.008 zeta=0.2%,0.008031998967775265,0.002
30095,154020.52589321043,154020.52589321043,154056.6961197916,True,False,0,0,1.9554136088117957e-11,3.2741809263825417e-11,inf,,truth,0.02338,0.002185242357613156,3.32213,0.0010826143300545355,154069.9474838535,True,False,1,0,1.0913936421275139e-11,7.73070496506989e-12,inf,,truth,0.02255651179975726,0.0021305736308469625,3.3234143644689325,0.0013560988968618645,d=+0.008 zeta=0.2%,0.008031998967775265,0.002
30096,154020.52589321043,154020.52589321043,153835.8007183222,True,False,0,0,4.092726157978177e-12,1.6825651982799172e-11,inf,,truth,0.02338,0.0019187559127303137,3.32213,0.001141266371487213,153850.55009957272,True,False,1,0,0.0,3.637978807091713e-12,inf,,mirror,0.02346108350989545,0.0019176987992929472,3.321869847059312,0.0013691683319559274,d=+0.008 zeta=0.2%,0.008031998967775265,0.002
30097,154020.52589321043,154020.52589321043,153734.49214472153,True,False,0,0,9.094947017729282e-12,1.1368683772161603e-11,inf,,truth,0.02338,0.001781926656940932,3.32213,0.0010299553415190842,153794.2319011978,True,False,0,0,9.094947017729282e-13,3.54702933691442e-11,inf,,truth,0.022922666823042816,0.0017603673802609348,3.3217859796624785,0.0012384645680134038,d=+0.008 zeta=0.2%,0.008031998967775265,0.002
30098,154020.52589321043,154020.52589321043,154320.24245716285,True,False,0,0,1.3642420526593924e-11,0.0,inf,,peaks,0.02338,0.001702364577435587,3.32213,0.0010064851021595054,154207.30755354563,True,False,0,0,9.731593308970332e-11,2.0463630789890885e-11,inf,,truth,0.023543186417497915,0.0016682709582693754,3.3236793608002193,0.001224586956839997,d=+0.008 zeta=0.2%,0.008031998967775265,0.002
30099,154020.52589321043,154020.52589321043,154266.4516128965,True,False,0,0,2.3646862246096134e-11,4.547473508864641e-12,inf,,truth,0.02338,0.001677778597794035,3.32213,0.0010543082471943296,154188.8312158753,True,False,0,0,6.366462912410498e-12,1.3642420526593924e-12,inf,,small_s,0.02260873736434045,0.0016360299824160944,3.3242676359803878,0.001304864979589768,d=+0.008 zeta=0.2%,0.008031998967775265,0.002
40000,159444.98762692578,159444.98762692578,159470.8741296837,True,False,0,0,0.0,2.2737367544323206e-11,inf,,mirror,0.02338,0.002136658324107414,3.32213,0.0009940359902969377,159769.95600787405,True,False,0,0,5.4569682106375694e-12,9.231371222995222e-11,inf,,small_s,0.020575629170020544,0.00180664579210235,3.3209084781491853,0.0012532560231853906,d=+0.025 zeta=0.2%,0.02531239987183604,0.002
40001,159444.98762692578,159444.98762692578,159573.52938078553,True,False,0,0,1.1823431123048067e-11,8.185452315956354e-12,inf,,truth,0.02338,0.0029314987054160223,3.32213,0.0011644609965335412,159456.260461048,True,False,0,0,0.0,3.865352482534945e-11,54.260158956021314,160764.12966135124,mirror,0.024156370413593187,0.0029758500275104934,3.32397120122297,0.0015374452346040655,d=+0.025 zeta=0.2%,0.02531239987183604,0.002
40002,159444.98762692578,159444.98762692578,159540.6190912792,True,False,0,0,5.4569682106375694e-12,0.0,inf,,peaks,0.02338,0.002346864629474901,3.32213,0.0011580168390793967,159352.60864453402,True,False,0,0,1.2732925824820995e-11,0.0,70.89134217712763,171305.6001906822,peaks,0.024492556288523412,0.0025070248675578403,3.325105696346172,0.001469554369172747,d=+0.025 zeta=0.2%,0.02531239987183604,0.002
40003,159444.98762692578,159444.98762692578,159429.68641666733,True,False,0,0,0.0,1.2278178473934531e-11,inf,,mirror,0.02338,0.0022802398271924897,3.32213,0.0010430003334160876,159578.0008543428,True,False,0,0,3.501554601825774e-11,0.0,inf,,peaks,0.02191428699538024,0.002132227580373796,3.322116725812289,0.0013442851052253215,d=+0.025 zeta=0.2%,0.02531239987183604,0.002
40004,159444.98762692578,159444.98762692578,159515.2145631076,True,False,0,0,0.0,4.729372449219227e-11,inf,,mirror,0.02338,0.002503890866980891,3.32213,0.0011151558598213444,159397.98643459153,True,False,0,0,1.2732925824820995e-11,0.0,inf,,peaks,0.02447310672162111,0.0026090995088933963,3.3224757190045393,0.0014478816492222988,d=+0.025 zeta=0.2%,0.02531239987183604,0.002
40005,159444.98762692578,159444.98762692578,159257.2842928249,True,False,0,0,9.094947017729282e-12,0.0,inf,,peaks,0.02338,0.002022146160696985,3.32213,0.0010967027652503886,159149.6109774267,True,False,0,0,0.0,1.9099388737231493e-11,inf,,mirror,0.02356328766013411,0.002173875493896397,3.32512473208775,0.0015039170512808303,d=+0.025 zeta=0.2%,0.02531239987183604,0.002
40006,159444.98762692578,159444.98762692578,159723.35095484962,True,False,0,0,0.0,1.0459189070388675e-11,inf,,mirror,0.02338,0.0021853032977183677,3.32213,0.0009840947649254203,159630.7390719954,True,False,0,0,0.0,2.546585164964199e-11,inf,,mirror,0.02349717808820641,0.002352335033665697,3.325590859224016,0.0014091069033945653,d=+0.025 zeta=0.2%,0.02531239987183604,0.002
40007,159444.98762692578,159444.98762692578,159548.7338568478,True,False,0,0,0.0,2.2282620193436742e-11,inf,,mirror,0.02338,0.0017562131921650338,3.32213,0.0007839312374928785,159757.11052265533,True,False,0,0,2.8194335754960775e-11,1.8189894035458565e-11,inf,,truth,0.021498345666685174,0.0017254889276530406,3.321597208206754,0.0011928996516012845,d=+0.025 zeta=0.2%,0.02531239987183604,0.002
40008,159444.98762692578,159444.98762692578,159156.0898319355,True,False,0,0,4.547473508864641e-13,1.0322764865122736e-10,inf,,truth,0.02338,0.0028153909878179694,3.32213,0.0012808692290971217,159200.61080384144,True,False,0,0,1.000444171950221e-11,0.0,inf,,peaks,0.022879672466745323,0.002765434831082807,3.3223868885090337,0.0016195659455553143,d=+0.025 zeta=0.2%,0.02531239987183604,0.002
40009,159444.98762692578,159444.98762692578,159738.89983723903,True,False,0,0,0.0,3.228706191293895e-11,inf,,mirror,0.02338,0.002249433782593691,3.32213,0.0011321394487340852,159500.02348483982,True,False,0,0,3.3651303965598345e-11,9.094947017729282e-12,inf,,small_s,0.02473171587164746,0.002504555314537539,3.325948280082866,0.0015812796580943185,d=+0.025 zeta=0.2%,0.02531239987183604,0.002
40010,159444.98762692578,159444.98762692578,159324.70772548902,True,False,0,0,2.0463630789890885e-11,0.0,inf,,peaks,0.02338,0.002335920553401035,3.32213,0.001025223313106483,159309.56139284538,True,False,0,0,4.547473508864641e-12,4.547473508864641e-12,inf,,truth,0.024150700843595087,0.002224033563324517,3.319478617465259,0.0014334576204640456,d=+0.025 zeta=0.2%,0.02531239987183604,0.002
40011,159444.98762692578,159444.98762692578,159645.83554679374,True,False,0,0,1.5006662579253316e-11,0.0,inf,,peaks,0.02338,0.0020910157804828132,3.32213,0.0010643052683840227,159771.03403364084,True,False,0,0,0.0,7.73070496506989e-12,inf,,mirror,0.022066332956002216,0.0019820413619657568,3.3222879122669244,0.0013796769855734204,d=+0.025 zeta=0.2%,0.02531239987183604,0.002
40012,159444.98762692578,159444.98762692578,159535.91829110487,True,False,0,0,0.0,1.000444171950221e-11,inf,,mirror,0.02338,0.002004256223616846,3.32213,0.0009231981209211485,159603.64394532688,True,False,0,0,9.094947017729282e-12,3.637978807091713e-12,inf,,small_s,0.022601346411608457,0.001970112792001084,3.3226679350330715,0.0012345922055020274,d=+0.025 zeta=0.2%,0.02531239987183604,0.002
40013,159444.98762692578,159444.98762692578,159554.55599201238,True,False,0,0,0.0,1.000444171950221e-11,inf,,mirror,0.02338,0.002220399653738866,3.32213,0.0009425387760674326,159791.01923029608,True,False,0,0,0.0,2.3646862246096134e-11,inf,,mirror,0.021161208682248755,0.002047657643209511,3.3217749101574188,0.0013472288553540795,d=+0.025 zeta=0.2%,0.02531239987183604,0.002
40014,159444.98762692578,159444.98762692578,159333.86047500675,True,False,0,0,4.4565240386873484e-11,1.3642420526593924e-11,inf,,truth,0.02338,0.0024212495594762066,3.32213,0.0010659386785618612,159410.46872608011,True,False,0,0,0.0,2.319211489520967e-11,inf,,mirror,0.022436701397907547,0.0023693510557295885,3.3229698257556874,0.0013794456426992126,d=+0.025 zeta=0.2%,0.02531239987183604,0.002
40015,159444.98762692578,159444.98762692578,159546.0253162954,True,False,0,0,2.7284841053187847e-12,0.0,inf,,peaks,0.02338,0.0027356161538922923,3.32213,0.0011923479585068393,159504.90895155183,True,False,0,0,3.183231456205249e-11,1.1368683772161603e-11,inf,,small_s,0.023634569984986514,0.002796132475308488,3.3228191016384283,0.0014711720695240438,d=+0.025 zeta=0.2%,0.02531239987183604,0.002
40016,159444.98762692578,159444.98762692578,159270.0060321107,True,False,0,0,6.366462912410498e-12,2.5011104298755527e-11,inf,,truth,0.02338,0.0020990522541937348,3.32213,0.000977909746715363,158995.13435971126,True,False,0,0,0.0,4.865796654485166e-11,inf,,mirror,0.026292048247707974,0.0021142563761987264,3.3205451956384624,0.0014607088551504546,d=+0.025 zeta=0.2%,0.02531239987183604,0.002
40017,159444.98762692578,159444.98762692578,159382.66461854923,True,False,0,0,3.319655661471188e-11,0.0,inf,,peaks,0.02338,0.002301196249931995,3.32213,0.001086665039129802,159317.8398591836,True,False,0,0,1.0913936421275139e-11,0.0,inf,,peaks,0.02364209861717457,0.0023534540024775694,3.3236115545109404,0.0013407174596525191,d=+0.025 zeta=0.2%,0.02531239987183604,0.002
40018,159444.98762692578,159444.98762692578,159646.15542825754,True,False,0,0,5.002220859751105e-12,9.094947017729282e-12,inf,,truth,0.02338,0.0020012080554407084,3.32213,0.000882398587993974,159795.16670245133,True,False,0,0,4.092726157978177e-11,1.7280399333685637e-11,inf,,small_s,0.022229273882712567,0.0019311601361344118,3.320649168750392,0.0012346179817093164,d=+0.025 zeta=0.2%,0.02531239987183604,0.002
40019,159444.98762692578,159444.98762692578,159291.69318810722,True,False,0,0,0.0,1.2732925824820995e-11,inf,,mirror,0.02338,0.0026394244529316453,3.32213,0.0010845852081906213,159331.65164386644,True,False,0,0,1.8189894035458565e-11,1.8189894035458565e-12,inf,,small_s,0.02324380411727084,0.002594185576333483,3.3208849149296653,0.0014566847055454805,d=+0.025 zeta=0.2%,0.02531239987183604,0.002
40020,159444.98762692578,159444.98762692578,159460.11323771477,True,False,0,0,4.092726157978177e-12,4.092726157978177e-12,inf,,truth,0.02338,0.0023144605910636945,3.32213,0.0009789084229539196,159331.88020616653,True,False,0,0,7.185008144006133e-11,9.094947017729282e-13,inf,,truth,0.024328179685576063,0.0023206813548059405,3.3233954714020757,0.001309082482536719,d=+0.025 zeta=0.2%,0.02531239987183604,0.002
40021,159444.98762692578,159444.98762692578,159505.55992120385,True,False,0,0,2.2737367544323206e-11,0.0,inf,,peaks,0.02338,0.0016097087634114162,3.32213,0.0007208839978826073,160049.93917927195,True,False,0,0,3.728928277269006e-11,2.7284841053187847e-12,inf,,small_s,0.018672797019576613,0.0012826262518473262,3.317228211242843,0.0010929510325905258,d=+0.025 zeta=0.2%,0.02531239987183604,0.002
40022,159444.98762692578,159444.98762692578,159441.03898474234,True,False,0,0,5.9117155615240335e-12,1.546140993013978e-11,inf,,truth,0.02338,0.00211841771523529,3.32213,0.0009521932154004108,159366.4106628233,True,False,0,0,8.185452315956354e-12,3.637978807091713e-11,inf,,small_s,0.023754424318196347,0.002161544032650042,3.3236745206706755,0.0013384089396685597,d=+0.025 zeta=0.2%,0.02531239987183604,0.002
40023,159444.98762692578,159444.98762692578,159540.51082570292,True,False,0,0,2.2737367544323206e-12,0.0,inf,,peaks,0.02338,0.0021503937846616638,3.32213,0.0009738064235871337,159573.76298424476,True,False,0,0,7.275957614183426e-12,0.0,inf,,peaks,0.022632709914791677,0.002183791758012684,3.32404859877392,0.0015042735256078203,d=+0.025 zeta=0.2%,0.02531239987183604,0.002
40024,159444.98762692578,159444.98762692578,159538.9231505032,True,False,0,0,1.6370904631912708e-11,0.0,inf,,peaks,0.02338,0.0022393406899452375,3.32213,0.0010129238309643821,159631.49257638704,True,False,0,0,9.777068044058979e-11,0.0,inf,,peaks,0.02258708269736546,0.0021720246937238096,3.321689829920276,0.0014136412072912794,d=+0.025 zeta=0.2%,0.02531239987183604,0.002
40025,159444.98762692578,159444.98762692578,159141.2073664518,True,False,0,0,0.0,2.7284841053187847e-11,inf,,mirror,0.02338,0.002330529311304203,3.32213,0.000992161486089428,158997.89549229742,True,False,0,0,9.094947017729282e-13,0.0,inf,,peaks,0.02435962791722669,0.0023790360172582206,3.323820465701764,0.001356172130557341,d=+0.025 zeta=0.2%,0.02531239987183604,0.002
40026,159444.98762692578,159444.98762692578,159286.39390876258,True,False,0,0,6.366462912410498e-12,5.4569682106375694e-12,inf,,truth,0.02338,0.001893267844374416,3.32213,0.0011624981375229122,158913.44996054098,True,False,0,0,1.4097167877480388e-11,2.9103830456733704e-11,inf,,small_s,0.026238348888369897,0.0022423017100986083,3.3252898563933417,0.001549936989046773,d=+0.025 zeta=0.2%,0.02531239987183604,0.002
40027,159444.98762692578,159444.98762692578,159567.4773644808,True,False,0,0,1.3642420526593924e-11,1.8189894035458565e-11,inf,,truth,0.02338,0.0014446516352472263,3.32213,0.0008618876581417139,159656.7854848244,True,False,0,0,1.2278178473934531e-11,1.9554136088117957e-11,inf,,truth,0.022664287187376023,0.0013783095528309987,3.321409758377562,0.0013360675489130203,d=+0.025 zeta=0.2%,0.02531239987183604,0.002
40028,159444.98762692578,159444.98762692578,159532.36968000408,True,False,0,0,1.8189894035458565e-12,0.0,inf,,peaks,0.02338,0.0022922643435407688,3.32213,0.0010639724714225254,159610.69962869113,True,False,0,0,5.9117155615240335e-12,0.0,inf,,peaks,0.023548067411714304,0.002026732805087836,3.318703450397751,0.00145587635893799,d=+0.025 zeta=0.2%,0.02531239987183604,0.002
40029,159444.98762692578,159444.98762692578,159371.49511787755,True,False,0,0,2.2737367544323206e-11,0.0,inf,,peaks,0.02338,0.0023878490897226673,3.32213,0.0011834176503209787,159151.7009330366,True,False,0,0,1.318767317570746e-11,3.456079866737127e-11,inf,,truth,0.024913864893158978,0.002603744229098681,3.324653445732431,0.0015010031927064225,d=+0.025 zeta=0.2%,0.02531239987183604,0.002
40030,159444.98762692578,159444.98762692578,159459.17378323153,True,False,0,0,0.0,1.2732925824820995e-11,inf,,mirror,0.02338,0.002032325406402561,3.32213,0.0010801750333737895,159429.92214316333,True,False,0,0,1.0913936421275139e-11,0.0,inf,,peaks,0.023426403448970987,0.00208715574565788,3.322920530649919,0.0013728809697432618,d=+0.025 zeta=0.2%,0.02531239987183604,0.002
40031,159444.98762692578,159444.98762692578,159356.779015309,True,False,0,0,9.094947017729282e-13,1.8189894035458565e-12,inf,,truth,0.02338,0.0017771287906634906,3.32213,0.0008979842734077874,159257.67091205515,True,False,0,0,1.5234036254696548e-10,2.7284841053187847e-12,inf,,small_s,0.024138415917787114,0.001818822625095714,3.3229445229178003,0.0012518895581689472,d=+0.025 zeta=0.2%,0.02531239987183604,0.002
40032,159444.98762692578,159444.98762692578,159713.75795693573,True,False,0,0,1.8189894035458565e-12,7.275957614183426e-12,inf,,truth,0.02338,0.0028644812308835075,3.32213,0.001079681229468418,159808.1089905758,True,False,0,0,0.0,52.402265064007224,52.402265064007224,163291.33068088614,mirror,0.022524803386514886,0.0027800911841478642,3.321647033007129,0.0014458401095272361,d=+0.025 zeta=0.2%,0.02531239987183604,0.002
40033,159444.98762692578,159444.98762692578,159343.2032956295,True,False,0,0,0.0,1.1368683772161603e-11,inf,,mirror,0.02338,0.0022941263191991633,3.32213,0.0009074817516428723,159479.34204459994,True,False,0,0,0.0,49.91686313581795,49.91686313581795,160813.95829078482,mirror,0.022408908416002175,0.0022176751456107094,3.3204872156153473,0.0013580391632307652,d=+0.025 zeta=0.2%,0.02531239987183604,0.002
40034,159444.98762692578,159444.98762692578,159373.85782428063,True,False,0,0,0.0,4.3655745685100555e-11,inf,,mirror,0.02338,0.0018058253878686374,3.32213,0.0008593052171524343,159566.030462054,True,False,0,0,1.3642420526593924e-11,2.637534635141492e-11,inf,,truth,0.021692598038480317,0.0016855262152665573,3.3215605607502843,0.0012549184468863262,d=+0.025 zeta=0.2%,0.02531239987183604,0.002
40035,159444.98762692578,159444.98762692578,159535.79430113581,True,False,0,0,0.0,1.6370904631912708e-11,inf,,mirror,0.02338,0.001806712428958178,3.32213,0.000876299233111353,159537.18606922304,True,False,0,0,1.5006662579253316e-11,3.319655661471188e-11,inf,,truth,0.023437254500036447,0.001802585717981756,3.3217758538629494,0.0012989274238371011,d=+0.025 zeta=0.2%,0.02531239987183604,0.002
40036,159444.98762692578,159444.98762692578,159492.82226470596,True,False,0,0,1.2732925824820995e-11,0.0,inf,,peaks,0.02338,0.0020028364875734708,3.32213,0.0009118201070705357,159584.3176060266,True,False,0,0,0.0,2.2737367544323206e-12,inf,,mirror,0.022478228630049203,0.001950990021121438,3.322478099128521,0.0013124986932544391,d=+0.025 zeta=0.2%,0.02531239987183604,0.002
40037,159444.98762692578,159444.98762692578,159930.88935128256,True,False,0,0,1.0913936421275139e-11,0.0,inf,,peaks,0.02338,0.0021620450582884388,3.32213,0.0009817543247193996,160150.60004988438,True,False,0,0,1.6825651982799172e-11,58.42894708915537,58.42894708915537,161719.6500526568,truth,0.021609925067545176,0.0019224122785018222,3.3199279325531035,0.0013815253023903606,d=+0.025 zeta=0.2%,0.02531239987183604,0.002
40038,159444.98762692578,159444.98762692578,159284.39565230525,True,False,0,0,7.73070496506989e-12,5.002220859751105e-12,inf,,truth,0.02338,0.0026590914126981393,3.32213,0.001195163377916752,159227.079396684,True,False,0,0,1.000444171950221e-11,59.999668599785764,59.999668599785764,173994.78747987706,truth,0.02406449975820687,0.002698908288430606,3.3216256085734877,0.0015102636764618474,d=+0.025 zeta=0.2%,0.02531239987183604,0.002
40039,159444.98762692578,159444.98762692578,159672.7319126739,True,False,0,0,0.0,5.4569682106375694e-12,inf,,mirror,0.02338,0.0024331128356446874,3.32213,0.0009143466979072035,159553.61935311803,True,False,0,0,0.0,3.728928277269006e-11,inf,,mirror,0.023885698783995643,0.002392362699383141,3.3256067343373075,0.0013209448623299064,d=+0.025 zeta=0.2%,0.02531239987183604,0.002
40040,159444.98762692578,159444.98762692578,159563.73016090074,True,False,0,0,0.0,2.7284841053187847e-12,inf,,mirror,0.02338,0.002439266858589199,3.32213,0.0010194742046617,159315.1790260332,True,False,0,0,1.5916157281026244e-11,1.0459189070388675e-11,inf,,truth,0.026028338210736114,0.002482316482239104,3.3206254227372303,0.0015386852978985887,d=+0.025 zeta=0.2%,0.02531239987183604,0.002
40041,159444.98762692578,159444.98762692578,159585.1561376609,True,False,0,0,0.0,2.7284841053187847e-12,inf,,mirror,0.02338,0.002898008331484635,3.32213,0.0012477810458369815,159596.2006525041,True,False,0,0,4.092726157978177e-12,0.0,inf,,peaks,0.023579815388993237,0.002831819262269063,3.3210203308336195,0.0015230941885663088,d=+0.025 zeta=0.2%,0.02531239987183604,0.002
40042,159444.98762692578,159444.98762692578,159523.9558606216,True,False,0,0,9.549694368615746e-12,0.0,inf,,peaks,0.02338,0.0021242836039427,3.32213,0.0009097703009968504,159242.83570470606,True,False,0,0,9.094947017729282e-13,2.7284841053187847e-12,inf,,small_s,0.025811000578988365,0.0022188329761554794,3.3228475445664385,0.0013815862749617298,d=+0.025 zeta=0.2%,0.02531239987183604,0.002
40043,159444.98762692578,159444.98762692578,159463.18005628555,True,False,0,0,9.094947017729282e-13,2.3646862246096134e-11,inf,,truth,0.02338,0.002093376736596022,3.32213,0.0010304942349211154,159357.5965787375,True,False,0,0,5.4569682106375694e-12,1.4551915228366852e-11,inf,,small_s,0.024567891637918626,0.002145857180746348,3.32163109932892,0.001349607253586063,d=+0.025 zeta=0.2%,0.02531239987183604,0.002
40044,159444.98762692578,159444.98762692578,159526.58885931037,True,False,0,0,2.2737367544323206e-11,0.0,inf,,peaks,0.02338,0.0024613645312588444,3.32213,0.0010427233574857686,159471.5506118839,True,False,0,0,0.0,1.7280399333685637e-11,inf,,mirror,0.023450562271668113,0.002477435628772602,3.324311990039865,0.0014088197696825622,d=+0.025 zeta=0.2%,0.02531239987183604,0.002
40045,159444.98762692578,159444.98762692578,159698.88758606795,True,False,0,0,4.092726157978177e-12,1.887201506178826e-10,inf,,truth,0.02338,0.0018045007728083322,3.32213,0.0008633280539459668,159848.02763934594,True,False,0,0,0.0,1.000444171950221e-11,inf,,mirror,0.022391930159591268,0.0016944544037185755,3.319845839228471,0.0012415822270263788,d=+0.025 zeta=0.2%,0.02531239987183604,0.002
40046,159444.98762692578,159444.98762692578,159455.81523965287,True,False,0,0,9.094947017729282e-13,0.0,inf,,peaks,0.02338,0.0019784756305560214,3.32213,0.0010542866096325695,159403.67329512368,True,False,0,0,1.5006662579253316e-11,3.637978807091713e-12,inf,,truth,0.02417831729099199,0.0019700832431583703,3.321393485603398,0.0013800848347567617,d=+0.025 zeta=0.2%,0.02531239987183604,0.002
40047,159444.98762692578,159444.98762692578,159493.34502176542,True,False,0,0,9.094947017729282e-12,0.0,inf,,peaks,0.02338,0.00200315164617328,3.32213,0.0009945998974839985,159560.54446064265,True,False,0,0,0.0,2.7284841053187847e-11,inf,,mirror,0.022512482054775827,0.001968649664784578,3.3231110486952957,0.0013817010849049938,d=+0.025 zeta=0.2%,0.02531239987183604,0.002
40048,159444.98762692578,159444.98762692578,159545.63868905022,True,False,0,0,3.865352482534945e-11,8.640199666842818e-12,inf,,truth,0.02338,0.0015904030042768014,3.32213,0.0008569248416719802,159528.21477512113,True,False,0,0,5.4569682106375694e-12,4.547473508864641e-13,inf,,truth,0.023546021472072343,0.0015971442890376792,3.322142286675169,0.001192924436233991,d=+0.025 zeta=0.2%,0.02531239987183604,0.002
40049,159444.98762692578,159444.98762692578,159680.1284998604,True,False,0,0,0.0,8.185452315956354e-12,inf,,mirror,0.02338,0.0020536028761173135,3.32213,0.001095482847681235,159568.20783223258,True,False,0,0,5.4569682106375694e-12,8.640199666842818e-12,inf,,truth,0.02384987746957109,0.0021664922779517037,3.324576503301053,0.0013539997883032894,d=+0.025 zeta=0.2%,0.02531239987183604,0.002
40050,159444.98762692578,159444.98762692578,159700.5396346039,True,False,0,0,0.0,4.547473508864641e-11,inf,,mirror,0.02338,0.0030819793025958974,3.32213,0.001153322285165327,159865.69091284386,True,False,1,0,1.3642420526593924e-11,46.2843264734006,46.2843264734006,162351.40504557063,truth,0.021800771701795847,0.002908338091158982,3.3218211334447814,0.0014419292450731018,d=+0.025 zeta=0.2%,0.02531239987183604,0.002
40051,159444.98762692578,159444.98762692578,159440.69793104197,True,False,0,0,6.366462912410498e-12,3.0468072509393096e-11,inf,,truth,0.02338,0.002692361097458716,3.32213,0.0010113691435108354,159799.20915866064,True,False,0,0,0.0,2.7284841053187847e-12,inf,,mirror,0.020839850303598244,0.0020295102443651336,3.316803279860509,0.0013369080981287195,d=+0.025 zeta=0.2%,0.02531239987183604,0.002
40052,159444.98762692578,159444.98762692578,159443.26825980537,True,False,0,0,2.319211489520967e-11,0.0,inf,,peaks,0.02338,0.0012846420895561202,3.32213,0.0007217607784011505,159508.00983270747,True,False,0,0,3.637978807091713e-12,8.36735125631094e-11,inf,,small_s,0.023032838621276818,0.0012315083142519895,3.320918347197611,0.0010798645076922349,d=+0.025 zeta=0.2%,0.02531239987183604,0.002
40053,159444.98762692578,159444.98762692578,159285.73964801192,True,False,0,0,3.728928277269006e-11,1.546140993013978e-11,inf,,truth,0.02338,0.0014826227833097056,3.32213,0.0008304576662318406,159352.901425005,True,False,0,0,1.546140993013978e-11,0.0,inf,,peaks,0.022817221742307776,0.0014489710598091876,3.3217743288103967,0.001242304271522286,d=+0.025 zeta=0.2%,0.02531239987183604,0.002
40054,159444.98762692578,159444.98762692578,159407.429684865,True,False,0,0,1.0913936421275139e-11,0.0,inf,,peaks,0.02338,0.0025959692527002154,3.32213,0.0010482793259354655,159801.987468655,True,False,0,0,5.4569682106375694e-12,2.7284841053187847e-12,inf,,small_s,0.019487554304003375,0.002165851650597555,3.3223923907993242,0.0014309585475315583,d=+0.025 zeta=0.2%,0.02531239987183604,0.002
40055,159444.98762692578,159444.98762692578,159454.1719302313,True,False,0,0,2.6830093702301383e-11,1.000444171950221e-11,inf,,truth,0.02338,0.00210342653537649,3.32213,0.0009567430901979427,159504.73802687292,True,False,0,0,0.0,5.547917680814862e-11,inf,,mirror,0.022936444111125838,0.002079921843654557,3.321972212177233,0.0013697624581207202,d=+0.025 zeta=0.2%,0.02531239987183604,0.002
40056,159444.98762692578,159444.98762692578,159731.25135612726,True,False,0,0,4.729372449219227e-11,4.547473508864641e-12,inf,,truth,0.02338,0.0025223183324564846,3.32213,0.0010603714266526247,159802.12051181114,True,False,0,0,1.2732925824820995e-11,3.183231456205249e-11,inf,,truth,0.022484204015473623,0.00247654800847739,3.3230480746922444,0.0013613055813023567,d=+0.025 zeta=0.2%,0.02531239987183604,0.002
40057,159444.98762692578,159444.98762692578,159324.85894017367,True,False,0,0,0.0,2.7284841053187847e-12,inf,,mirror,0.02338,0.0021126134296568237,3.32213,0.0010238652237487822,159459.32637700942,True,False,0,0,1.546140993013978e-11,1.0754774848464876e-09,inf,,small_s,0.02197864366714998,0.0019864611778599526,3.3224134550998836,0.0013263061812665224,d=+0.025 zeta=0.2%,0.02531239987183604,0.002
40058,159444.98762692578,159444.98762692578,159340.2212957646,True,False,0,0,6.821210263296962e-12,0.0,inf,,peaks,0.02338,0.001618463145077462,3.32213,0.0008274416304390577,159438.62347637015,True,False,0,0,0.0,4.6838977141305804e-11,inf,,mirror,0.023066033164207675,0.0015138443152922293,3.3193896596561214,0.001179460813545944,d=+0.025 zeta=0.2%,0.02531239987183604,0.002
40059,159444.98762692578,159444.98762692578,159247.39745315537,True,False,0,0,0.0,6.821210263296962e-12,inf,,mirror,0.02338,0.003697654834356164,3.32213,0.0014003757242327752,159180.39033895786,True,False,0,0,0.0,1.864464138634503e-11,49.357249449505616,162391.88590327464,mirror,0.023396931935312643,0.0036915836740053893,3.325607773186476,0.0017212707732832421,d=+0.025 zeta=0.2%,0.02531239987183604,0.002
40060,159444.98762692578,159444.98762692578,159589.1805255514,True,False,0,0,0.0,2.1827872842550278e-11,inf,,mirror,0.02338,0.0025856965190062526,3.32213,0.0010354250610507079,159724.10301578583,True,False,0,0,1.000444171950221e-11,3.183231456205249e-12,inf,,truth,0.023086538198705483,0.0023656868006690594,3.316890351964942,0.0014399002679537562,d=+0.025 zeta=0.2%,0.02531239987183604,0.002
40061,159444.98762692578,159444.98762692578,159342.72438428394,False,False,0,2,3.637978807091713e-12,4.547473508864641e-13,inf,,truth,0.02338,0.0025543030437331703,3.32213,0.0011448687477798776,159307.19780795267,True,False,0,0,3.8198777474462986e-11,8.185452315956354e-12,inf,,small_s,0.02426393005514574,0.002509800701999512,3.32010490949607,0.0014197924631552076,d=+0.025 zeta=0.2%,0.02531239987183604,0.002
40062,159444.98762692578,159444.98762692578,159548.50735235462,True,False,0,0,2.1827872842550278e-11,5.002220859751105e-12,inf,,truth,0.02338,0.002286235335673722,3.32213,0.0010488442631537394,159363.5414980081,True,False,0,0,2.9103830456733704e-11,0.0,inf,,peaks,0.024849538253461093,0.002388700748564547,3.3236960718986808,0.0013708382130449245,d=+0.025 zeta=0.2%,0.02531239987183604,0.002
40063,159444.98762692578,159444.98762692578,159350.18747670596,True,False,0,0,0.0,2.091837814077735e-11,inf,,mirror,0.02338,0.0026703833565944655,3.32213,0.0011692027270687995,159519.37221980243,True,False,0,0,2.4556356947869062e-11,7.275957614183426e-12,inf,,small_s,0.021372416114349185,0.0024658874465634767,3.324122434550989,0.0014993647430368618,d=+0.025 zeta=0.2%,0.02531239987183604,0.002
40064,159444.98762692578,159444.98762692578,159363.12907187006,True,False,0,0,0.0,7.275957614183426e-12,inf,,mirror,0.02338,0.002127240471968798,3.32213,0.000982023317534539,159260.51439339772,True,False,0,0,3.5925040720030665e-11,0.0,inf,,peaks,0.02418191319849503,0.002192957509955842,3.322891832042858,0.0013729387074578395,d=+0.025 zeta=0.2%,0.02531239987183604,0.002
40065,159444.98762692578,159444.98762692578,159269.2719973179,True,False,0,0,6.366462912410498e-12,0.0,inf,,peaks,0.02338,0.002063384483678309,3.32213,0.0010538459729830287,159086.51999530784,True,False,0,0,3.456079866737127e-11,0.0,inf,,peaks,0.02470515894424552,0.002181981827200669,3.3238457806161374,0.0013837964789375743,d=+0.025 zeta=0.2%,0.02531239987183604,0.002
40066,159444.98762692578,159444.98762692578,159475.5291142985,True,False,0,0,0.0,2.2737367544323206e-12,inf,,mirror,0.02338,0.002424758457460808,3.32213,0.0010463040144374552,159409.31967604507,True,False,0,0,0.0,60.766982053687116,60.766982053687116,161275.1922052118,mirror,0.024030540609312447,0.002466277354878742,3.3219326782276517,0.0014267371597113108,d=+0.025 zeta=0.2%,0.02531239987183604,0.002
40067,159444.98762692578,159444.98762692578,159554.5254098091,True,False,0,0,4.092726157978177e-12,0.0,inf,,peaks,0.02338,0.002394511097229239,3.32213,0.000986142271337618,159836.70223310002,True,False,0,0,0.0,4.547473508864641e-11,inf,,mirror,0.021085635166256,0.0021496343583229335,3.319571598643424,0.0013490509776329844,d=+0.025 zeta=0.2%,0.02531239987183604,0.002
40068,159444.98762692578,159444.98762692578,159531.0114035447,True,False,0,0,9.094947017729282e-13,9.094947017729282e-12,inf,,truth,0.02338,0.0029028659379753065,3.32213,0.0012168194875877686,159511.67543550956,True,False,0,0,0.0,5.3660187404602766e-11,inf,,mirror,0.02376097392373443,0.0028874944895006904,3.3214239841460635,0.001609903419131946,d=+0.025 zeta=0.2%,0.02531239987183604,0.002
40069,159444.98762692578,159444.98762692578,159471.09016509523,True,False,0,0,0.0,4.547473508864641e-12,inf,,mirror,0.02338,0.002859131968614469,3.32213,0.0010860616268489655,159393.98616295666,True,False,0,0,0.0,4.547473508864641e-12,inf,,mirror,0.02358568617515508,0.0028360288776296738,3.3250282021877586,0.0014171697192168688,d=+0.025 zeta=0.2%,0.02531239987183604,0.002
40070,159444.98762692578,159444.98762692578,159397.09175492416,True,False,0,0,8.185452315956354e-12,6.366462912410498e-11,inf,,truth,0.02338,0.001757338202623405,3.32213,0.000829015534463707,159455.53954401697,True,False,0,0,1.000444171950221e-11,9.549694368615746e-12,inf,,truth,0.02322139116602315,0.0016621627194964034,3.320237366122562,0.0013237933839697188,d=+0.025 zeta=0.2%,0.02531239987183604,0.002
40071,159444.98762692578,159444.98762692578,159314.31887557294,True,False,0,0,0.0,1.7280399333685637e-11,inf,,mirror,0.02338,0.0021041443516074646,3.32213,0.0009832518499384537,159232.26710292257,True,False,0,1,0.0,2.7284841053187847e-12,inf,,mirror,0.024000365285589232,0.002152335916052784,3.3228021588781393,0.0013546364781316718,d=+0.025 zeta=0.2%,0.02531239987183604,0.002
40072,159444.98762692578,159444.98762692578,159151.84815809675,True,False,0,0,0.0,2.7284841053187847e-12,inf,,mirror,0.02338,0.0022106196028911173,3.32213,0.0010638941021198028,159171.99447918733,True,False,0,0,7.275957614183426e-12,5.3660187404602766e-11,inf,,truth,0.022875732303565214,0.002222072534695718,3.3234251216735413,0.0014609837800261963,d=+0.025 zeta=0.2%,0.02531239987183604,0.002
40073,159444.98762692578,159444.98762692578,159367.54907068802,True,False,0,0,4.547473508864641e-12,0.0,inf,,peaks,0.02338,0.0024563856300294654,3.32213,0.001116075370370008,159457.6448032005,True,False,0,0,6.366462912410498e-12,65.71497870832718,65.71497870832718,160493.45713550554,truth,0.022905325042801017,0.002339274610865976,3.3204366925527404,0.0014458982392029887,d=+0.025 zeta=0.2%,0.02531239987183604,0.002
40074,159444.98762692578,159444.98762692578,159376.96602520472,True,False,0,0,0.0,4.3655745685100555e-11,inf,,mirror,0.02338,0.002124731015000413,3.32213,0.000983456962164173,159413.11048829852,True,False,0,0,5.411493475548923e-11,2.2737367544323206e-11,inf,,small_s,0.02319694841697734,0.002078383238008651,3.3214215992877656,0.0014428264644754428,d=+0.025 zeta=0.2%,0.02531239987183604,0.002
40075,159444.98762692578,159444.98762692578,159573.53226976626,True,False,0,0,1.3642420526593924e-12,3.183231456205249e-12,inf,,truth,0.02338,0.0016467875038854716,3.32213,0.0009232968516718104,159457.636894381,True,False,0,0,1.3642420526593924e-12,3.183231456205249e-12,inf,,truth,0.02476606941559372,0.0016512250876584628,3.321632932301021,0.0013085165628720402,d=+0.025 zeta=0.2%,0.02531239987183604,0.002
40076,159444.98762692578,159444.98762692578,159365.10878416125,True,False,0,0,1.2278178473934531e-11,0.0,inf,,peaks,0.02338,0.0018945251938333753,3.32213,0.0011135672116744822,159078.8876557323,True,False,0,0,0.0,5.4569682106375694e-12,inf,,mirror,0.025524760280836403,0.0021356785007202463,3.324735418988567,0.0014398691524872718,d=+0.025 zeta=0.2%,0.02531239987183604,0.002
40077,159444.98762692578,159444.98762692578,159259.6347896803,True,False,0,0,0.0,3.410605131648481e-11,inf,,mirror,0.02338,0.0023013072553719626,3.32213,0.0009618752849662906,159334.713152848,True,False,0,0,1.0913936421275139e-11,2.2282620193436742e-11,inf,,truth,0.02317769758229342,0.002197817314242709,3.319613990464632,0.001489096817056192,d=+0.025 zeta=0.2%,0.02531239987183604,0.002
40078,159444.98762692578,159444.98762692578,159554.54425410082,True,False,0,0,2.9103830456733704e-11,7.73070496506989e-12,inf,,truth,0.02338,0.0019492293972289993,3.32213,0.0008400418606681558,159650.74892310848,True,False,0,0,8.185452315956354e-12,3.865352482534945e-11,inf,,truth,0.02240809903195594,0.0019194081394653905,3.3224381807101713,0.001164630599175215,d=+0.025 zeta=0.2%,0.02531239987183604,0.002
40079,159444.98762692578,159444.98762692578,159493.40592395817,True,False,0,0,1.2278178473934531e-11,0.0,inf,,peaks,0.02338,0.0015088963986462822,3.32213,0.0007196569236197087,159577.29143616743,True,False,0,0,4.320099833421409e-11,1.4097167877480388e-11,inf,,small_s,0.022813913929052545,0.0014868084422571888,3.320945154878399,0.0012140769097848136,d=+0.025 zeta=0.2%,0.02531239987183604,0.002
40080,159444.98762692578,159444.98762692578,159612.7811860455,True,False,0,0,0.0,4.547473508864641e-12,inf,,mirror,0.02338,0.0017873631488874487,3.32213,0.0009514130961785511,159684.66155160713,True,False,0,0,8.640199666842818e-12,0.0,inf,,peaks,0.022423970386968896,0.0018041875139621151,3.3228652159467753,0.0015406865329779533,d=+0.025 zeta=0.2%,0.02531239987183604,0.002
40081,159444.98762692578,159444.98762692578,159690.7018922367,True,False,0,0,0.0,1.4551915228366852e-11,inf,,mirror,0.02338,0.0018811989465867464,3.32213,0.0008673789132682796,159746.49521924055,True,False,0,0,2.3646862246096134e-11,6.366462912410498e-12,inf,,truth,0.022903217662610043,0.0018582201577690381,3.321814399542409,0.0011678150275384054,d=+0.025 zeta=0.2%,0.02531239987183604,0.002
40082,159444.98762692578,159444.98762692578,159474.77887948937,True,False,0,0,5.002220859751105e-12,0.0,inf,,peaks,0.02338,0.0028558900280714625,3.32213,0.0010923380991446202,159764.86000660594,True,False,0,0,4.092726157978177e-12,43.75026427089051,43.75026427089051,162942.08998208845,truth,0.020695560838070726,0.002574839518378544,3.321081206108929,0.001360701104495882,d=+0.025 zeta=0.2%,0.02531239987183604,0.002
40083,159444.98762692578,159444.98762692578,159353.7289488391,True,False,0,0,7.73070496506989e-12,0.0,inf,,peaks,0.02338,0.002337793352915788,3.32213,0.0010495399393324984,159020.02172469636,True,False,0,0,3.637978807091713e-12,2.0463630789890885e-11,inf,,truth,0.025743179377861025,0.0024769028603331606,3.325214263054042,0.001501148607304689,d=+0.025 zeta=0.2%,0.02531239987183604,0.002
40084,159444.98762692578,159444.98762692578,159544.75019962294,True,False,0,0,0.0,2.9103830456733704e-11,inf,,mirror,0.02338,0.0018570701961778111,3.32213,0.0009184968892389227,159458.92847227262,True,False,0,0,0.0,59.01625979807386,59.01625979807386,183619.6019312512,mirror,0.02444784958256981,0.001860084916589002,3.3209027576491597,0.0013241619748047067,d=+0.025 zeta=0.2%,0.02531239987183604,0.002
40085,159444.98762692578,159444.98762692578,159402.38306102974,True,False,0,0,0.0,6.093614501878619e-11,inf,,mirror,0.02338,0.002070388324695377,3.32213,0.000902394185903877,159532.49225309945,True,False,0,0,0.0,1.7280399333685637e-11,inf,,mirror,0.022677165718336976,0.0019795277892031616,3.3193254909881844,0.0012004991833272224,d=+0.025 zeta=0.2%,0.02531239987183604,0.002
40086,159444.98762692578,159444.98762692578,159240.35640930163,True,False,0,0,0.0,5.911715561524034e-11,inf,,mirror,0.02338,0.0021110954105104432,3.32213,0.0010820276535548903,158952.6984801588,True,False,0,0,5.002220859751105e-12,0.0,inf,,peaks,0.02532687305945114,0.0022646418192929464,3.325460586975269,0.0013932988241702516,d=+0.025 zeta=0.2%,0.02531239987183604,0.002
40087,159444.98762692578,159444.98762692578,159501.8759313375,True,False,0,0,0.0,4.9112713895738125e-11,inf,,mirror,0.02338,0.0018592329155451542,3.32213,0.0011299828838073878,159489.3550281658,True,False,0,0,2.546585164964199e-11,2.1827872842550278e-11,inf,,truth,0.023374316638154504,0.0018830626755197116,3.3225005140531905,0.0014037423865925576,d=+0.025 zeta=0.2%,0.02531239987183604,0.002
40088,159444.98762692578,159444.98762692578,159381.982663661,True,False,0,0,1.4097167877480388e-11,0.0,inf,,peaks,0.02338,0.0016992007836701608,3.32213,0.0008408368178891083,159523.79111214553,False,False,0,1,2.9103830456733704e-11,1.0913936421275139e-11,inf,,small_s,0.022303040912585035,0.0016160531246955617,3.3207371323044836,0.001187429167328384,d=+0.025 zeta=0.2%,0.02531239987183604,0.002
40089,159444.98762692578,159444.98762692578,159387.5715456494,True,False,0,0,0.0,9.094947017729282e-13,inf,,mirror,0.02338,0.0020161962066121137,3.32213,0.0008719569892999196,159360.29168615915,True,False,0,0,4.674802767112851e-10,1.5006662579253316e-11,inf,,small_s,0.023289128237100595,0.0020201371205630127,3.3239994276689226,0.0013042158992552302,d=+0.025 zeta=0.2%,0.02531239987183604,0.002
40090,159444.98762692578,159444.98762692578,159621.66762990228,True,False,0,0,4.092726157978177e-12,0.0,inf,,peaks,0.02338,0.00221437071619304,3.32213,0.0009937788532910477,159597.49060076513,True,False,0,0,2.1009327610954642e-10,6.366462912410498e-12,inf,,small_s,0.02348121497847776,0.0022358224049122953,3.3227672628095064,0.0012815408984407433,d=+0.025 zeta=0.2%,0.02531239987183604,0.002
40091,159444.98762692578,159444.98762692578,159234.0618419461,True,False,0,0,2.3646862246096134e-11,5.2295945351943374e-11,inf,,truth,0.02338,0.001516680942821153,3.32213,0.0009765520894913791,158902.4680212471,True,False,0,0,2.762135409284383e-09,0.0,inf,,peaks,0.025190712847001764,0.0017509064278311438,3.326660867097627,0.00129944206455247,d=+0.025 zeta=0.2%,0.02531239987183604,0.002
40092,159444.98762692578,159444.98762692578,159630.67936812455,True,False,0,0,2.6830093702301383e-11,0.0,inf,,peaks,0.02338,0.0020349346249614406,3.32213,0.0009292835190190036,159875.15372261862,True,False,0,0,0.0,2.546585164964199e-11,inf,,mirror,0.02101120246867305,0.0018751488990096596,3.321737356196214,0.0011923588403066803,d=+0.025 zeta=0.2%,0.02531239987183604,0.002
40093,159444.98762692578,159444.98762692578,159672.8174780923,True,False,0,0,0.0,5.002220859751105e-12,inf,,mirror,0.02338,0.001612853500441678,3.32213,0.0008403029896643373,159854.902073071,True,False,0,0,4.9112713895738125e-11,1.3642420526593924e-12,inf,,truth,0.022016744464728025,0.0014452810033262753,3.31999642243674,0.0012150518810296108,d=+0.025 zeta=0.2%,0.02531239987183604,0.002
40094,159444.98762692578,159444.98762692578,159367.87697358496,True,False,0,0,2.000888343900442e-11,0.0,inf,,peaks,0.02338,0.002231421871951173,3.32213,0.0009768973029891154,159303.86156411842,True,False,0,0,9.549694368615746e-11,0.0,inf,,peaks,0.024066543956204448,0.002243877453993576,3.3217107848674723,0.0014111627020447204,d=+0.025 zeta=0.2%,0.02531239987183604,0.002
40095,159444.98762692578,159444.98762692578,159250.1975919233,True,False,0,0,0.0,5.9117155615240335e-12,inf,,mirror,0.02338,0.0019906024550982323,3.32213,0.0008711408159688394,159081.04430428677,True,False,0,0,0.0,1.3642420526593924e-12,inf,,mirror,0.025246319782431758,0.001981938145425123,3.320274678998257,0.0013144729321235451,d=+0.025 zeta=0.2%,0.02531239987183604,0.002
40096,159444.98762692578,159444.98762692578,159360.7381262269,True,False,0,0,1.5006662579253316e-11,1.8189894035458565e-12,inf,,truth,0.02338,0.0024897069256241593,3.32213,0.0009770574630751326,159642.91953934703,True,False,0,0,1.1368683772161603e-11,1.546140993013978e-11,inf,,truth,0.021314205284243392,0.0021551515609857744,3.318537154479269,0.0013481998592477884,d=+0.025 zeta=0.2%,0.02531239987183604,0.002
40097,159444.98762692578,159444.98762692578,159579.9905813792,True,False,0,1,9.094947017729282e-13,5.9117155615240335e-12,inf,,truth,0.02338,0.001811176178096701,3.32213,0.0009650970435883272,159438.93599085757,True,False,0,0,6.275513442233205e-11,3.183231456205249e-12,inf,,small_s,0.0250771226094012,0.0017897404597158751,3.3214500425619313,0.0013778406468767967,d=+0.025 zeta=0.2%,0.02531239987183604,0.002
40098,159444.98762692578,159444.98762692578,159468.43812330835,True,False,0,0,0.0,3.4924596548080444e-10,inf,,mirror,0.02338,0.0015889170948258117,3.32213,0.0008916453803146893,159607.68411958343,True,False,0,0,0.0,4.8203219193965197e-11,inf,,mirror,0.022276759982340195,0.001465032065480278,3.3210025027362424,0.0014067910265525036,d=+0.025 zeta=0.2%,0.02531239987183604,0.002
40099,159444.98762692578,159444.98762692578,159377.9220205651,True,False,0,0,0.0,0.0,inf,,mirror,0.02338,0.0019961224841053998,3.32213,0.000910377770609472,159507.42288938074,True,False,0,0,5.093170329928398e-11,2.7284841053187847e-11,inf,,small_s,0.022471608778021606,0.001863854959549806,3.3204271161251437,0.0013290651165811303,d=+0.025 zeta=0.2%,0.02531239987183604,0.002
50000,144250.74762393459,144250.74762393459,143861.2698669716,True,False,0,0,8.185452315956354e-12,0.0,inf,,peaks,0.02338,0.005688220199107495,3.32213,0.0017056001917216555,143569.000263285,True,False,0,0,9.549694368615746e-12,1.0726533967003888,1.0726533967003888,142444.01200193993,small_s,0.02121825062788649,0.005650396267682693,3.330216069425082,0.003603202004379741,d=-0.025 zeta=0.5%,-0.02468759524535182,0.005
50001,144250.74762393459,144250.74762393459,144613.6963036367,True,False,0,0,0.0,2.7284841053187847e-12,inf,,mirror,0.02338,0.004712184741080976,3.32213,0.0016173910987732714,144277.05545621575,True,False,0,0,4.092726157978177e-11,6.59383658785373e-11,inf,,small_s,0.02124246129743458,0.004728975639904884,3.331478949964365,0.0032428034151849505,d=-0.025 zeta=0.5%,-0.02468759524535182,0.005
50002,144250.74762393459,144250.74762393459,144363.83409869063,True,False,0,0,5.4569682106375694e-12,2.4556356947869062e-11,inf,,truth,0.02338,0.0045939125296312585,3.32213,0.001571284790357703,144732.1831194005,True,False,0,0,1.9099388737231493e-11,6.184563972055912e-11,inf,,truth,0.02629007379584539,0.00471467350242399,3.320288280007654,0.0028541206151901275,d=-0.025 zeta=0.5%,-0.02468759524535182,0.005
50003,144250.74762393459,144250.74762393459,144224.93844326827,True,False,0,0,0.0,2.2737367544323206e-12,inf,,mirror,0.02338,0.006197729302930089,3.32213,0.0018607856961119287,144545.342598491,True,False,0,0,8.185452315956354e-12,1.2732925824820995e-11,inf,,small_s,0.026121628671319085,0.006284821907558216,3.3216958358510076,0.0036840454898592156,d=-0.025 zeta=0.5%,-0.02468759524535182,0.005
50004,144250.74762393459,144250.74762393459,144105.5723514117,True,False,0,0,7.275957614183426e-12,9.094947017729282e-12,inf,,truth,0.02338,0.004651872757016305,3.32213,0.0016865071032393076,144266.5760235353,True,False,0,0,1.0913936421275139e-11,1.0913936421275139e-11,inf,,small_s,0.02496354187328133,0.004591653788178495,3.323044080540235,0.002735801444072449,d=-0.025 zeta=0.5%,-0.02468759524535182,0.005
50005,144250.74762393459,144250.74762393459,144314.4047455397,True,False,0,0,1.8189894035458565e-12,0.0,inf,,peaks,0.02338,0.006253230523662328,3.32213,0.0019259084272861089,144566.62726810295,True,False,0,0,9.094947017729282e-12,3.9643888783052716,3.9643888783052716,142422.5434078814,truth,0.026351230744686892,0.006357549105493839,3.3303249841332736,0.0043445545858703674,d=-0.025 zeta=0.5%,-0.02468759524535182,0.005
50006,144250.74762393459,144250.74762393459,144044.98371783382,True,False,0,0,0.0,6.821210263296962e-12,inf,,mirror,0.02338,0.005267893694349235,3.32213,0.0017175146199898377,143888.6133675014,True,False,0,0,2.3646862246096134e-11,1.4551915228366852e-11,inf,,small_s,0.023105971470516847,0.00519389629869039,3.333828165361647,0.004392484860160642,d=-0.025 zeta=0.5%,-0.02468759524535182,0.005
50007,144250.74762393459,144250.74762393459,144320.47576612263,True,False,0,0,2.8194335754960775e-11,5.002220859751105e-12,inf,,truth,0.02338,0.0061189856167536095,3.32213,0.0018439687075771458,144030.40075776842,True,False,0,0,7.685230229981244e-11,3.2318632000196885,3.2318632000196885,142728.93800200566,small_s,0.019415970567815494,0.005483367793036848,3.3105859370294737,0.003122880163459917,d=-0.025 zeta=0.5%,-0.02468759524535182,0.005
50008,144250.74762393459,144250.74762393459,144253.99795626974,True,False,0,0,0.0,5.002220859751105e-12,inf,,mirror,0.02338,0.006164672103033077,3.32213,0.0019773878950257503,144895.0696772919,True,False,0,0,1.3642420526593924e-12,10.174115254118533,10.174115254118533,142832.86866996187,truth,0.028726589708458972,0.005990475890322079,3.3227884153671896,0.0035430794567401884,d=-0.025 zeta=0.5%,-0.02468759524535182,0.005
50009,144250.74762393459,144250.74762393459,144126.4948762113,True,False,0,0,4.547473508864641e-13,0.0,inf,,peaks,0.02338,0.0041641030723222686,3.32213,0.0014531565912426763,143768.56759812386,True,False,0,0,4.547473508864641e-13,2.715057868531403,2.715057868531403,142547.2022984695,truth,0.020078214481924962,0.004008721579197701,3.323157193258455,0.0032069386731583107,d=-0.025 zeta=0.5%,-0.02468759524535182,0.005
50010,144250.74762393459,144250.74762393459,144454.90353196676,True,False,0,2,4.547473508864641e-12,0.0,inf,,peaks,0.02338,0.0049037238052683394,3.32213,0.001690588217965493,144360.28309087007,True,False,0,0,2.5920599000528455e-11,3.643535116529165,3.643535116529165,142670.77824451803,truth,0.022813631999901496,0.004874282877758468,3.3247396434999885,0.0029165579612426763,d=-0.025 zeta=0.5%,-0.02468759524535182,0.005
50011,144250.74762393459,144250.74762393459,144354.942040019,True,False,0,0,8.640199666842818e-12,4.547473508864641e-13,inf,,truth,0.02338,0.004219126879960356,3.32213,0.0015358729250364712,144672.40648711938,True,False,0,0,2.1373125491663814e-11,11.003220094593416,11.003220094593416,142653.6916692341,small_s,0.02546016813075099,0.004376685315708893,3.317305111630973,0.0028582413450751734,d=-0.025 zeta=0.5%,-0.02468759524535182,0.005
50012,144250.74762393459,144250.74762393459,144263.18902563583,True,False,0,0,0.0,4.547473508864641e-12,inf,,mirror,0.02338,0.00589570529193642,3.32213,0.001788214858557865,143688.61960345454,True,False,0,0,4.1382008930668235e-11,0.6062062677392532,0.6062062677392532,142720.65334779225,truth,0.01853673280509918,0.005837775610315541,3.332936958784959,0.0042908024151688436,d=-0.025 zeta=0.5%,-0.02468759524535182,0.005
50013,144250.74762393459,144250.74762393459,144588.95384048446,True,False,0,0,0.0,6.639311322942376e-11,inf,,mirror,0.02338,0.00597599740020493,3.32213,0.001810120567123365,144960.68128751716,True,False,0,0,9.094947017729282e-12,3.9108272176235914e-11,inf,,small_s,0.027187460256713845,0.006166369295339647,3.327972827907294,0.0033665688421195775,d=-0.025 zeta=0.5%,-0.02468759524535182,0.005
50014,144250.74762393459,144250.74762393459,144490.01914130332,True,False,0,0,4.547473508864641e-12,5.820766091346741e-11,inf,,truth,0.02338,0.004481359668933537,3.32213,0.0016246446738822954,144284.23404104044,True,False,0,0,4.0472514228895307e-11,1.3642420526593924e-12,inf,,small_s,0.021864412712482045,0.0044808078503207754,3.3251595955726794,0.0030877710771193916,d=-0.025 zeta=0.5%,-0.02468759524535182,0.005
50015,144250.74762393459,144250.74762393459,144360.04266380757,True,False,0,0,1.3642420526593924e-12,9.094947017729282e-13,inf,,truth,0.02338,0.005460024896436225,3.32213,0.0017318352674460724,144257.86528784074,True,False,0,0,0.0,3.642317715466106,3.642317715466106,142473.87684345842,mirror,0.021858101042699446,0.005296931031233342,3.316964775461932,0.002874160378494926,d=-0.025 zeta=0.5%,-0.02468759524535182,0.005
50016,144250.74762393459,144250.74762393459,143999.5856526058,True,False,0,0,0.0,1.1095835361629725e-10,inf,,mirror,0.02338,0.004947588836003355,3.32213,0.001668447380973506,143763.95215293102,True,False,0,0,2.5011104298755527e-11,3.394347939324689,3.394347939324689,142579.87092609776,small_s,0.021187111549314755,0.00490546385648888,3.322629900423766,0.0032535581123137878,d=-0.025 zeta=0.5%,-0.02468759524535182,0.005
50017,144250.74762393459,144250.74762393459,144233.88642038088,True,False,0,0,0.0,6.821210263296962e-11,inf,,mirror,0.02338,0.004448225046386555,3.32213,0.0015513493180202044,144186.510765102,True,False,0,0,9.5042196335271e-11,5.566975755712065,5.566975755712065,142500.88044086276,small_s,0.022397387428337048,0.004418171254833061,3.317356745924823,0.0028729187502594417,d=-0.025 zeta=0.5%,-0.02468759524535182,0.005
50018,144250.74762393459,144250.74762393459,144667.06776489134,True,False,0,0,1.8189894035458565e-12,1.8189894035458565e-11,inf,,truth,0.02338,0.00369030923054524,3.32213,0.0014519274970068985,144692.0611264499,True,False,0,0,0.0,6.949697845329865,6.949697845329865,142718.31843814114,mirror,0.02303588593631404,0.003572346107190218,3.3181482138403458,0.002763564685237744,d=-0.025 zeta=0.5%,-0.02468759524535182,0.005
50019,144250.74762393459,144250.74762393459,144460.5360981709,True,False,0,0,0.0,4.092726157978177e-12,inf,,truth,0.02338,0.003947998776039894,3.32213,0.001415170892898987,143926.96306303045,True,False,0,0,0.0,1.354135129471615,1.354135129471615,142755.21474539494,mirror,0.019085928388324114,0.0037526344729605,3.3317540748347545,0.0028211412547320554,d=-0.025 zeta=0.5%,-0.02468759524535182,0.005
50020,144250.74762393459,144250.74762393459,143995.26357103392,True,False,0,0,2.7284841053187847e-12,9.094947017729282e-12,inf,,truth,0.02338,0.004307891954875903,3.32213,0.0015700795986237643,145084.5936047202,True,False,0,0,2.3646862246096134e-11,13.477742510091957,13.477742510091957,142322.14382400445,truth,0.03190718515949237,0.004700677764478778,3.324050719101844,0.004193902840954456,d=-0.025 zeta=0.5%,-0.02468759524535182,0.005
50021,144250.74762393459,144250.74762393459,144381.17110892592,True,False,0,0,1.3642420526593924e-12,1.4097167877480388e-11,inf,,truth,0.02338,0.005259911021980791,3.32213,0.0016944526147116305,144402.97940511312,True,False,0,0,1.0913936421275139e-11,5.382659387217245,5.382659387217245,142659.123631339,small_s,0.02339360020846929,0.005251016319900972,3.320475001144987,0.0030897500441635427,d=-0.025 zeta=0.5%,-0.02468759524535182,0.005
50022,144250.74762393459,144250.74762393459,144138.58693639716,True,False,0,0,1.3642420526593924e-12,4.638422979041934e-11,inf,,truth,0.02338,0.004594744573615261,3.32213,0.001570705475833945,143418.87211348728,True,False,0,0,8.230927051045e-11,0.3877888730698942,0.3877888730698942,142548.39800526763,truth,0.01634972152433765,0.004501365668769982,3.3293719428551385,0.0032368342312575956,d=-0.025 zeta=0.5%,-0.02468759524535182,0.005
50023,144250.74762393459,144250.74762393459,144807.51367408986,True,False,0,0,0.0,0.0,inf,,mirror,0.02338,0.0037414799538254065,3.32213,0.0014627659525505877,144858.31251761175,True,False,0,0,5.547917680814862e-11,10.568749777799894,10.568749777799894,143009.12151801243,small_s,0.022866387418794442,0.003669168237474159,3.315506573003697,0.002496830035242252,d=-0.025 zeta=0.5%,-0.02468759524535182,0.005
50024,144250.74762393459,144250.74762393459,144357.55146190478,True,False,0,0,1.0913936421275139e-11,1.0913936421275139e-11,inf,,truth,0.02338,0.004842066129756199,3.32213,0.0016901267586102314,144709.1079152793,True,False,0,0,2.091837814077735e-11,10.316104985028687,10.316104985028687,142910.23245541682,truth,0.026049672820044882,0.004911674610091505,3.3195412591640183,0.003034603642096739,d=-0.025 zeta=0.5%,-0.02468759524535182,0.005
50025,144250.74762393459,144250.74762393459,144292.73573725653,True,False,0,0,0.0,1.1823431123048067e-11,inf,,mirror,0.02338,0.005311351670534406,3.32213,0.0017482226962352199,144044.17371138505,True,False,0,0,0.0,2.1954544355276084,2.1954544355276084,142698.47289389506,mirror,0.021357928740748926,0.005288264723902334,3.3247701398121383,0.0034844164872570448,d=-0.025 zeta=0.5%,-0.02468759524535182,0.005
50026,144250.74762393459,144250.74762393459,144177.34246217535,True,False,0,0,1.000444171950221e-11,1.864464138634503e-11,inf,,truth,0.02338,0.00628044228726679,3.32213,0.001913276491181387,144306.83256169953,True,False,0,0,7.275957614183426e-12,9.094947017729282e-13,inf,,small_s,0.024529358097758924,0.006270880091139318,3.3219374457048243,0.0032744086150757893,d=-0.025 zeta=0.5%,-0.02468759524535182,0.005
50027,144250.74762393459,144250.74762393459,144029.79966303907,True,False,0,0,4.092726157978177e-12,1.000444171950221e-11,inf,,truth,0.02338,0.005651512431373987,3.32213,0.0017956364758292434,144422.8956393002,True,False,0,0,2.34194885706529e-10,6.821210263296962e-12,inf,,small_s,0.02779600804620114,0.0057330885411954,3.3320400176312317,0.0038583531877967765,d=-0.025 zeta=0.5%,-0.02468759524535182,0.005
50028,144250.74762393459,144250.74762393459,144171.46264017338,True,False,0,0,1.4551915228366852e-11,2.7284841053187847e-12,inf,,truth,0.02338,0.005289180362287979,3.32213,0.001686058963637039,144181.5099563333,True,False,0,0,5.275069270282984e-11,6.856931419191824,6.856931419191824,142787.20814324645,small_s,0.022508164173458592,0.005263239373562014,3.3129277092859297,0.0031956203757882015,d=-0.025 zeta=0.5%,-0.02468759524535182,0.005
50029,144250.74762393459,144250.74762393459,144340.3268647439,True,False,0,0,1.864464138634503e-11,1.8189894035458565e-12,inf,,truth,0.02338,0.005941830516195333,3.32213,0.0019133511893333606,144354.7619512861,True,False,0,0,3.637978807091713e-11,1.0913936421275139e-11,inf,,truth,0.022204905674528312,0.0054052791285994755,3.311947278705187,0.0030198292300245458,d=-0.025 zeta=0.5%,-0.02468759524535182,0.005
50030,144250.74762393459,144250.74762393459,143984.32331355984,True,False,0,0,1.4097167877480388e-11,0.0,inf,,peaks,0.02338,0.006272145789018561,3.32213,0.0018585410399001752,143836.81562462478,True,False,0,0,0.0,2.484778054732942,2.484778054732942,142956.60685331922,mirror,0.021450230599598486,0.00607373407509528,3.316521617193297,0.003418538811250248,d=-0.025 zeta=0.5%,-0.02468759524535182,0.005
50031,144250.74762393459,144250.74762393459,144056.36784667178,True,False,0,0,0.0,5.206857167650014e-10,inf,,mirror,0.02338,0.004916983227123071,3.32213,0.001656076177917755,144541.27630123464,True,False,0,0,0.0,11.573945410525539,11.573945410525539,142569.30973475543,mirror,0.02601360144137847,0.0046124647336054335,3.311345156892003,0.0030152204196669395,d=-0.025 zeta=0.5%,-0.02468759524535182,0.005
50032,144250.74762393459,144250.74762393459,143909.2267399922,True,False,0,0,1.318767317570746e-11,0.0,inf,,truth,0.02338,0.005233487913841694,3.32213,0.0017752052709549414,144518.08630688634,True,False,0,0,0.0,6.093614501878619e-11,inf,,mirror,0.02861070204335026,0.005176474713332271,3.3230054524487747,0.0032491622659324296,d=-0.025 zeta=0.5%,-0.02468759524535182,0.005
50033,144250.74762393459,144250.74762393459,144130.8249709373,True,False,0,0,1.3642420526593924e-12,5.043148121330887e-10,inf,,truth,0.02338,0.004695204377778279,3.32213,0.0015944435852563174,144354.57045939806,True,False,0,0,2.4556356947869062e-11,7.305395722956746,7.305395722956746,142521.02680320406,small_s,0.023900852124537617,0.004204159594423912,3.311440446108054,0.0034781134808533395,d=-0.025 zeta=0.5%,-0.02468759524535182,0.005
50034,144250.74762393459,144250.74762393459,144366.589478213,True,False,0,0,0.0,3.637978807091713e-12,inf,,mirror,0.02338,0.005124107878440985,3.32213,0.0017179736938537048,144623.51771643906,True,False,0,0,1.1368683772161603e-10,7.926299655260664,7.926299655260664,142695.54846900664,truth,0.02506436182322697,0.005225366729991139,3.3179152907849265,0.003378726406388098,d=-0.025 zeta=0.5%,-0.02468759524535182,0.005
50035,144250.74762393459,144250.74762393459,144366.65842465273,True,False,0,0,0.0,3.183231456205249e-12,inf,,mirror,0.02338,0.005223180661802386,3.32213,0.001722604360951002,144219.221164314,True,False,0,0,9.094947017729282e-13,4.06599375726455,4.06599375726455,142765.0291383333,small_s,0.021896893890175056,0.005171144939995197,3.320950909838641,0.003146680218922931,d=-0.025 zeta=0.5%,-0.02468759524535182,0.005
50036,144250.74762393459,144250.74762393459,144395.53742819905,True,False,0,0,1.6825651982799172e-11,7.73070496506989e-12,inf,,truth,0.02338,0.004914705642188552,3.32213,0.0016849329353054196,144434.2464321674,True,False,0,0,0.0,7.54145649236807,7.54145649236807,142832.85036610384,mirror,0.021386437896995777,0.004382784009158191,3.3032046727954616,0.003110816731967666,d=-0.025 zeta=0.5%,-0.02468759524535182,0.005
50037,144250.74762393459,144250.74762393459,144411.59830430808,True,False,0,0,0.0,1.8189894035458565e-12,inf,,mirror,0.02338,0.005161812081305843,3.32213,0.001687824733233098,144477.9427994723,True,False,0,0,0.0,4.547473508864641e-12,inf,,mirror,0.0233599062985552,0.004984973454397535,3.316967188982201,0.003351751849867064,d=-0.025 zeta=0.5%,-0.02468759524535182,0.005
50038,144250.74762393459,144250.74762393459,144099.0445408757,True,False,0,0,3.183231456205249e-12,1.3642420526593924e-12,inf,,truth,0.02338,0.00486809514372298,3.32213,0.0016294711660391715,144037.77171793135,True,False,0,0,2.7284841053187847e-12,3.4961615725155752,3.4961615725155752,142466.33886523877,truth,0.023116285127586924,0.004827390772606233,3.324819090775057,0.0033717777016713216,d=-0.025 zeta=0.5%,-0.02468759524535182,0.005
50039,144250.74762393459,144250.74762393459,144251.98261351214,True,False,0,0,1.000444171950221e-11,1.77351466845721e-11,inf,,truth,0.02338,0.005101131681021094,3.32213,0.0016659538453078703,144296.3364181696,True,False,0,0,0.0,5.803959856617439,5.803959856617439,142649.9976195443,mirror,0.022866964313736575,0.004770904550618968,3.3143521289678355,0.0035104896374347,d=-0.025 zeta=0.5%,-0.02468759524535182,0.005
50040,144250.74762393459,144250.74762393459,144152.9214912136,True,False,0,0,2.546585164964199e-11,9.094947017729282e-12,inf,,truth,0.02338,0.004480837761626565,3.32213,0.0015665205484576186,144443.28623584108,True,False,0,0,5.6843418860808015e-11,3.9108272176235914e-11,inf,,small_s,0.026570480672380214,0.00474581401627989,3.3286770755002313,0.003955339786454186,d=-0.025 zeta=0.5%,-0.02468759524535182,0.005
50041,144250.74762393459,144250.74762393459,144254.86149931213,True,False,0,0,9.094947017729282e-12,1.3642420526593924e-12,inf,,truth,0.02338,0.006409613130228655,3.32213,0.0019778308664406205,143744.60215471138,True,False,0,0,1.7280399333685637e-11,0.8018135758561584,0.8018135758561584,142735.0973568698,small_s,0.017784137246499635,0.006289177451588086,3.3168277207433023,0.0035679923371329417,d=-0.025 zeta=0.5%,-0.02468759524535182,0.005
50042,144250.74762393459,144250.74762393459,144436.76253009596,True,False,0,0,1.8189894035458565e-11,5.4569682106375694e-12,inf,,truth,0.02338,0.0068642157740343955,3.32213,0.002011401934023306,144426.83537085546,True,False,0,0,1.4551915228366852e-11,3.2741809263825417e-11,inf,,truth,0.022925534571675284,0.006761388812746653,3.3185140038535157,0.0037048363217976215,d=-0.025 zeta=0.5%,-0.02468759524535182,0.005
50043,144250.74762393459,144250.74762393459,144451.7604974345,True,False,0,0,0.0,3.637978807091713e-12,inf,,mirror,0.02338,0.005782500608709798,3.32213,0.0019061462185498699,145061.57615754887,True,False,0,0,1.1368683772161603e-11,0.0,9.433665089637543,143340.88921321338,peaks,0.027703888114214148,0.005908903468865049,3.3179074895970873,0.004094756210962615,d=-0.025 zeta=0.5%,-0.02468759524535182,0.005
50044,144250.74762393459,144250.74762393459,144263.88009334248,True,False,0,0,2.091837814077735e-11,7.275957614183426e-12,inf,,truth,0.02338,0.005699757872998785,3.32213,0.001818244679623024,143924.06014214034,True,False,0,0,6.548361852765083e-11,0.0,inf,,peaks,0.021479093655575193,0.0057098795641516865,3.335313980911526,0.005769131309121482,d=-0.025 zeta=0.5%,-0.02468759524535182,0.005
50045,144250.74762393459,144250.74762393459,144186.62071419146,True,False,0,0,7.275957614183426e-12,4.547473508864641e-12,inf,,truth,0.02338,0.006314942120733299,3.32213,0.0019683678479411287,144412.91871515184,True,False,0,0,3.001332515850663e-11,3.728928277269006e-11,inf,,small_s,0.02520751428731534,0.006294626306057295,3.320692267656937,0.0034728353474145013,d=-0.025 zeta=0.5%,-0.02468759524535182,0.005
50046,144250.74762393459,144250.74762393459,144498.1959475541,True,False,0,0,7.73070496506989e-12,9.549694368615746e-12,inf,,truth,0.02338,0.004028078482229396,3.32213,0.0015357542974812146,144806.0743676411,True,False,0,0,2.1373125491663814e-11,12.16214147338087,12.16214147338087,142847.43187546963,truth,0.02538959608621011,0.004101589337776749,3.3178261831624947,0.002820931789594553,d=-0.025 zeta=0.5%,-0.02468759524535182,0.005
50047,144250.74762393459,144250.74762393459,144459.1038778479,True,False,0,0,1.8189894035458565e-12,2.2737367544323206e-11,inf,,truth,0.02338,0.006029630526156633,3.32213,0.0019487067049131902,144504.88760589118,True,False,0,0,3.410605131648481e-11,5.379030928330394,5.379030928330394,143029.29693392146,truth,0.022442817562313144,0.005517459155471109,3.311449861745936,0.003263827379314021,d=-0.025 zeta=0.5%,-0.02468759524535182,0.005
50048,144250.74762393459,144250.74762393459,144019.15859313143,True,False,0,0,0.0,6.366462912410498e-12,inf,,mirror,0.02338,0.005838838090792848,3.32213,0.001797568788848147,144670.90569628007,True,False,0,0,1.2732925824820995e-11,8.195041064140241,8.195041064140241,142345.49573906834,truth,0.029726261150356027,0.0057857707929402395,3.330710625642703,0.0037413759492773806,d=-0.025 zeta=0.5%,-0.02468759524535182,0.005
50049,144250.74762393459,144250.74762393459,144085.57380646843,True,False,0,0,2.3646862246096134e-11,0.0,inf,,peaks,0.02338,0.00630984671721548,3.32213,0.0019872186427332193,144144.23216260545,True,False,0,0,1.1368683772161603e-11,4.329182687898083,4.329182687898083,142995.82293433728,small_s,0.022838022047512074,0.005958104128485433,3.3134016041262266,0.0033414105601770167,d=-0.025 zeta=0.5%,-0.02468759524535182,0.005
50050,144250.74762393459,144250.74762393459,144219.8501469154,True,False,0,0,3.637978807091713e-12,0.0,inf,,peaks,0.02338,0.0035655018534912894,3.32213,0.0013985908381048658,144711.57507755104,True,False,0,0,3.001332515850663e-11,0.0,inf,,peaks,0.02722396004195988,0.0037638527155498622,3.3206086054269814,0.0029047713693075624,d=-0.025 zeta=0.5%,-0.02468759524535182,0.005
50051,144250.74762393459,144250.74762393459,144436.25179749043,True,False,0,0,0.0,8.185452315956354e-12,inf,,mirror,0.02338,0.00366004138920548,3.32213,0.0013107014486242433,143669.947630892,True,False,0,0,0.0,0.3547606931383598,0.3547606931383598,142810.85694450725,mirror,0.016738826171273414,0.0029864784057153032,3.339090139211699,0.002966288967224383,d=-0.025 zeta=0.5%,-0.02468759524535182,0.005
50052,144250.74762393459,144250.74762393459,144085.09660916377,True,False,0,0,0.0,8.731149137020111e-11,inf,,mirror,0.02338,0.005252401806992093,3.32213,0.0017173565720574916,143972.5775066298,True,False,0,0,0.0,1.4551915228366852e-11,inf,,mirror,0.022087054639748655,0.005183879064223081,3.31967759944137,0.0035932077077646227,d=-0.025 zeta=0.5%,-0.02468759524535182,0.005
50053,144250.74762393459,144250.74762393459,144333.55379089128,True,False,0,0,1.7280399333685637e-11,0.0,inf,,peaks,0.02338,0.006523528124879171,3.32213,0.0019882081270343396,144196.97204077488,True,False,0,0,4.0472514228895307e-11,2.740832085319653,2.740832085319653,142740.62114398053,small_s,0.02225826168141765,0.00654940871627478,3.323249093638471,0.003909610656022032,d=-0.025 zeta=0.5%,-0.02468759524535182,0.005
50054,144250.74762393459,144250.74762393459,144332.34418290123,True,False,0,0,6.821210263296962e-12,0.0,inf,,peaks,0.02338,0.005440088435233635,3.32213,0.0017619536516563033,144262.9808436361,True,False,0,0,1.0459189070388675e-11,4.4815121590067974,4.4815121590067974,142627.07931133526,truth,0.02162943688228326,0.005132578915344945,3.3123011820360735,0.003281239743508616,d=-0.025 zeta=0.5%,-0.02468759524535182,0.005
50055,144250.74762393459,144250.74762393459,144373.23840877222,True,False,0,0,1.9099388737231493e-11,0.0,inf,,peaks,0.02338,0.0056090541712078106,3.32213,0.001827451530287568,144701.44131403367,True,False,0,0,5.4569682106375694e-12,4.867416382660849,4.867416382660849,142497.41330544578,small_s,0.025570615934480047,0.005629112281363326,3.3174114641899273,0.0035502160779026246,d=-0.025 zeta=0.5%,-0.02468759524535182,0.005
50056,144250.74762393459,144250.74762393459,144286.85592073938,True,False,0,0,3.637978807091713e-12,0.0,inf,,peaks,0.02338,0.0051228786797029545,3.32213,0.0017919349298313697,144853.44502470118,True,False,0,0,1.0913936421275139e-11,10.920623215784417,10.920623215784417,142735.3582625859,truth,0.027928982379024178,0.005063973647325578,3.3211658537246778,0.0031739750985985723,d=-0.025 zeta=0.5%,-0.02468759524535182,0.005
50057,144250.74762393459,144250.74762393459,144227.32121646177,True,False,0,0,4.547473508864641e-13,0.0,inf,,peaks,0.02338,0.004273330102054352,3.32213,0.0015608133148799982,144300.02121266784,True,False,0,0,7.73070496506989e-12,4.547473508864641e-13,5.008916821055664,143043.6844908067,truth,0.023821260226143608,0.004275372533995254,3.320541399908376,0.0031655287926207784,d=-0.025 zeta=0.5%,-0.02468759524535182,0.005
50058,144250.74762393459,144250.74762393459,144382.41718525637,True,False,0,0,2.0463630789890885e-11,0.0,inf,,peaks,0.02338,0.003962741559738915,3.32213,0.0014421205542349824,144545.46293476748,True,False,0,0,0.0,2.319211489520967e-11,inf,,mirror,0.023210864857367137,0.0037470816662675305,3.309831520126017,0.002704819652060186,d=-0.025 zeta=0.5%,-0.02468759524535182,0.005
50059,144250.74762393459,144250.74762393459,144280.69561114325,True,False,0,0,2.4556356947869062e-11,2.7284841053187847e-12,inf,,truth,0.02338,0.004376959234624759,3.32213,0.0016614256283002872,144428.9154515748,True,False,0,0,3.637978807091713e-12,2.2737367544323206e-11,inf,,truth,0.023980976592562177,0.004447213810332166,3.3170062434079917,0.003155697457237988,d=-0.025 zeta=0.5%,-0.02468759524535182,0.005
50060,144250.74762393459,144250.74762393459,144171.0891516253,True,False,0,0,0.0,2.000888343900442e-11,inf,,mirror,0.02338,0.005235545324791337,3.32213,0.0017513855229922106,144286.4666733434,True,False,0,0,0.0,1.000444171950221e-11,inf,,mirror,0.025200086789016127,0.00518535809783792,3.329345518636841,0.0032550594955713503,d=-0.025 zeta=0.5%,-0.02468759524535182,0.005
50061,144250.74762393459,144250.74762393459,144410.21455116116,True,False,0,0,1.1368683772161603e-11,0.0,inf,,peaks,0.02338,0.00522889508990548,3.32213,0.0016677012787995316,144095.6920019099,True,False,0,0,0.0,9.094947017729282e-13,inf,,mirror,0.019525989840703462,0.004590811213161491,3.313220741830773,0.0030404171428126663,d=-0.025 zeta=0.5%,-0.02468759524535182,0.005
50062,144250.74762393459,144250.74762393459,144377.54904004993,True,False,0,0,1.8189894035458565e-12,0.0,inf,,peaks,0.02338,0.005345304230443051,3.32213,0.0019414148233956982,144637.9883322716,True,False,0,0,2.241904439870268e-10,3.457152000723454,3.457152000723454,142663.9885774966,small_s,0.02542053001616608,0.005289208878668457,3.3209018719871706,0.003286102010792477,d=-0.025 zeta=0.5%,-0.02468759524535182,0.005
50063,144250.74762393459,144250.74762393459,144245.54344904012,True,False,0,0,4.547473508864641e-12,0.0,inf,,peaks,0.02338,0.005401411069828682,3.32213,0.0017739916164464394,144203.30576744245,True,False,0,0,9.094947017729282e-13,5.4569682106375694e-12,inf,,small_s,0.022682253251943493,0.005378869240387729,3.3192531074194123,0.003301267558978641,d=-0.025 zeta=0.5%,-0.02468759524535182,0.005
50064,144250.74762393459,144250.74762393459,144397.55409263502,True,False,0,0,2.2737367544323206e-12,0.0,inf,,peaks,0.02338,0.004313733637560777,3.32213,0.0016153247761481894,145105.89107131807,True,False,0,0,3.3651303965598345e-11,14.079400927004372,14.079400927004372,142832.24377882548,small_s,0.028586084534096043,0.004517998486144618,3.319541563203071,0.003444023342866091,d=-0.025 zeta=0.5%,-0.02468759524535182,0.005
50065,144250.74762393459,144250.74762393459,144441.42000527607,True,False,0,0,1.77351466845721e-11,0.0,inf,,peaks,0.02338,0.0059024608552213,3.32213,0.0019280208533338794,145077.99747032448,True,False,0,0,5.4569682106375694e-12,1.4551915228366852e-11,inf,,truth,0.028967523103412073,0.005705605108908318,3.3264356552132175,0.0041548831342896045,d=-0.025 zeta=0.5%,-0.02468759524535182,0.005
50066,144250.74762393459,144250.74762393459,144370.53540094313,True,False,0,0,3.637978807091713e-12,2.2737367544323206e-12,inf,,truth,0.02338,0.0043820208010429155,3.32213,0.0014646120848780296,144118.23967331662,True,False,0,0,1.0913936421275139e-11,0.0,inf,,peaks,0.022625410454012118,0.004061988716758679,3.3376171726966173,0.0036016060495754833,d=-0.025 zeta=0.5%,-0.02468759524535182,0.005
50067,144250.74762393459,144250.74762393459,143724.01185100657,True,False,0,0,0.0,5.9117155615240335e-12,inf,,mirror,0.02338,0.004624297738008564,3.32213,0.0016095291704176264,144117.06150709116,True,False,0,0,0.0,5.4569682106375694e-12,inf,,mirror,0.02715357997992495,0.004677751535917939,3.3255211648174154,0.0036169875594996674,d=-0.025 zeta=0.5%,-0.02468759524535182,0.005
50068,144250.74762393459,144250.74762393459,144456.82003921006,True,False,0,0,0.0,4.547473508864641e-12,inf,,mirror,0.02338,0.005011375153752415,3.32213,0.0016117261595881302,144580.8970057757,True,False,0,0,5.6843418860808015e-11,0.0,inf,,peaks,0.025662409018969528,0.004872011108327571,3.3331812193462187,0.003116157339112562,d=-0.025 zeta=0.5%,-0.02468759524535182,0.005
50069,144250.74762393459,144250.74762393459,144404.7705270144,True,False,0,0,2.000888343900442e-11,0.0,inf,,peaks,0.02338,0.004240790296773415,3.32213,0.0016704673442759076,145202.88439959276,True,False,0,0,1.1959855328314006e-10,9.094947017729282e-13,inf,,truth,0.028814010057134028,0.004458427074549622,3.315225503132618,0.002904528169940825,d=-0.025 zeta=0.5%,-0.02468759524535182,0.005
50070,144250.74762393459,144250.74762393459,144146.72440136815,True,False,0,0,0.0,3.637978807091713e-12,inf,,mirror,0.02338,0.00449998895792183,3.32213,0.001618054037653496,144591.44623235994,True,False,0,0,3.637978807091713e-12,6.257844000948808,6.257844000948808,142367.35782761037,small_s,0.028115622156895476,0.004558105550751758,3.3306401903468768,0.0034437744219709744,d=-0.025 zeta=0.5%,-0.02468759524535182,0.005
50071,144250.74762393459,144250.74762393459,143979.9176800598,True,False,0,0,1.9099388737231493e-11,3.54702933691442e-11,inf,,truth,0.02338,0.0050074643034642725,3.32213,0.0016584701066099927,144354.56945614537,True,False,0,0,0.0,7.194767566167684,7.194767566167684,142288.7003394485,mirror,0.0268010805627765,0.0049952613930654656,3.323654758838307,0.003276835302759139,d=-0.025 zeta=0.5%,-0.02468759524535182,0.005
50072,144250.74762393459,144250.74762393459,144671.87503828117,True,False,0,0,0.0,4.547473508864641e-13,inf,,mirror,0.02338,0.004948337589374649,3.32213,0.0016989335226608737,144624.86746108942,True,False,0,0,1.546140993013978e-11,9.549694368615746e-12,inf,,truth,0.023819505983785686,0.005001956855708073,3.3295916702197137,0.004137629022852507,d=-0.025 zeta=0.5%,-0.02468759524535182,0.005
50073,144250.74762393459,144250.74762393459,143835.21664265782,True,False,0,0,0.0,4.547473508864641e-13,inf,,mirror,0.02338,0.005870455249103281,3.32213,0.0018347759245223366,143632.39310798928,True,False,0,0,0.0,0.8900635963336754,0.8900635963336754,142173.3343080189,mirror,0.020809741954124546,0.005639105846396958,3.3159566256258106,0.0036560818205351453,d=-0.025 zeta=0.5%,-0.02468759524535182,0.005
50074,144250.74762393459,144250.74762393459,144349.53690891448,True,False,0,0,5.002220859751105e-12,1.6370904631912708e-11,inf,,truth,0.02338,0.005359437932679726,3.32213,0.0018904743169461777,144754.68351409317,True,False,0,0,9.094947017729282e-13,8.4188498257231,8.4188498257231,142830.4682385382,small_s,0.0260608804221571,0.005316187667101516,3.3163942897950096,0.003094660532613972,d=-0.025 zeta=0.5%,-0.02468759524535182,0.005
50075,144250.74762393459,144250.74762393459,144285.01005473544,True,False,0,0,2.1373125491663814e-11,8.640199666842818e-12,inf,,truth,0.02338,0.005142007817463089,3.32213,0.0018280378548761645,144672.66415382846,True,False,0,0,0.0,6.96654661529783,6.9665466152928275,143786.42326075383,mirror,0.025765913729622544,0.0052966793807942445,3.314516958692959,0.0029763597531997765,d=-0.025 zeta=0.5%,-0.02468759524535182,0.005
50076,144250.74762393459,144250.74762393459,144096.04877092422,True,False,0,0,0.0,9.094947017729282e-13,inf,,truth,0.02338,0.005272263531939078,3.32213,0.001707676546553408,143329.25871196683,True,False,0,0,0.3588398965644046,0.0,inf,,peaks,0.015622457249488504,0.005054160577078424,3.3252562581995457,0.0042419506610628975,d=-0.025 zeta=0.5%,-0.02468759524535182,0.005
50077,144250.74762393459,144250.74762393459,144577.41359498285,True,False,0,0,1.8189894035458565e-12,9.094947017729282e-12,inf,,truth,0.02338,0.005306113883808374,3.32213,0.0017354263927868395,144734.97311330616,True,False,0,0,0.0,8.24920646264627,8.24920646264627,142966.42400198412,mirror,0.024079778228657863,0.005350383001931182,3.316359768017906,0.003097451281412598,d=-0.025 zeta=0.5%,-0.02468759524535182,0.005
50078,144250.74762393459,144250.74762393459,144027.35012108734,True,False,0,0,1.546140993013978e-11,2.4556356947869062e-11,inf,,truth,0.02338,0.004756516182560186,3.32213,0.001597143719914338,143802.65369924222,True,False,0,0,4.956746124662459e-11,1.5897967386990786e-09,inf,,small_s,0.022373489024282343,0.004575846175627621,3.332675204800562,0.005565821918787745,d=-0.025 zeta=0.5%,-0.02468759524535182,0.005
50079,144250.74762393459,144250.74762393459,144279.92491929323,True,False,0,0,1.7280399333685637e-11,1.8189894035458565e-12,inf,,truth,0.02338,0.004755917324201562,3.32213,0.0016373767999629015,144490.17331093232,True,False,0,0,8.185452315956354e-12,9.648587899444465,9.648587899444465,142758.2278147153,small_s,0.02334141933601391,0.004262490466384621,3.308017925885894,0.0028349248649693864,d=-0.025 zeta=0.5%,-0.02468759524535182,0.005
50080,144250.74762393459,144250.74762393459,144235.64564253448,True,False,0,0,0.0,1.1823431123048067e-11,inf,,mirror,0.02338,0.0049597317758980075,3.32213,0.0017604732303630446,144219.96875329755,True,False,0,0,3.456079866737127e-11,3.4967714079857615,3.4967714079857615,142548.3459967634,truth,0.02328371139670244,0.004960079102331767,3.3224769724712577,0.003450246334779747,d=-0.025 zeta=0.5%,-0.02468759524535182,0.005
50081,144250.74762393459,144250.74762393459,144251.19701186594,True,False,0,0,0.0,6.957634468562901e-11,inf,,mirror,0.02338,0.005115043543599374,3.32213,0.0017250661289239478,144336.9512580291,True,False,0,1,2.2737367544323206e-12,0.0,inf,,peaks,0.02444290312575954,0.005132932531107899,3.324893803292412,0.0035923022197863995,d=-0.025 zeta=0.5%,-0.02468759524535182,0.005
50082,144250.74762393459,144250.74762393459,144266.96725040002,True,False,0,0,4.547473508864641e-12,6.821210263296962e-12,inf,,truth,0.02338,0.00662849340674615,3.32213,0.001999788200698522,144528.21521843615,True,False,0,0,0.4050022593860376,2.1830850943911173,0.4050022593860376,143750.8235224245,truth,0.028698029468551423,0.0065265057797075,3.353179707625775,0.008893852303965053,d=-0.025 zeta=0.5%,-0.02468759524535182,0.005
50083,144250.74762393459,144250.74762393459,144251.5701114955,True,False,0,0,1.3642420526593924e-12,0.0,inf,,peaks,0.02338,0.0066070145072386266,3.32213,0.0020234475411289245,144748.24910960684,True,False,0,0,0.0,9.549694368615746e-12,inf,,mirror,0.026657637264727675,0.0064268239360679175,3.3134330973533284,0.0030896089895237045,d=-0.025 zeta=0.5%,-0.02468759524535182,0.005
50084,144250.74762393459,144250.74762393459,144247.25663012013,True,False,0,0,5.4569682106375694e-12,8.185452315956354e-12,inf,,truth,0.02338,0.007480422964197833,3.32213,0.002085467064861554,144481.8582726839,True,False,0,0,0.0,4.09324237490091,4.09324237490091,142415.67781042366,mirror,0.025675057102158907,0.0074720083321330516,3.324601385649563,0.003875663566372527,d=-0.025 zeta=0.5%,-0.02468759524535182,0.005
50085,144250.74762393459,144250.74762393459,143854.69062106448,True,False,0,0,1.3642420526593924e-12,8.230927051045e-11,inf,,truth,0.02338,0.004732221837903647,3.32213,0.0016887445711384588,143852.03970415934,True,False,0,0,2.2737367544323206e-12,0.0,inf,,peaks,0.02316197703930575,0.004712348426939272,3.3205483466464942,0.0032576472674536905,d=-0.025 zeta=0.5%,-0.02468759524535182,0.005
50086,144250.74762393459,144250.74762393459,144060.9187415276,True,False,0,0,0.0,9.094947017729282e-13,inf,,mirror,0.02338,0.006254959253796938,3.32213,0.0018595488521541464,141982.22169448977,True,False,0,0,1.2000380934091481,0.0,1.2000380933509405,143690.06074877386,peaks,0.02635705209489343,0.006421791418925016,2.9931184252317475,0.0027937003975171443,d=-0.025 zeta=0.5%,-0.02468759524535182,0.005
50087,144250.74762393459,144250.74762393459,144467.2062737673,True,False,0,0,3.183231456205249e-12,0.0,inf,,peaks,0.02338,0.005947361221520741,3.32213,0.001943957499939411,145232.48490202727,True,False,0,0,2.2737367544323206e-11,11.22201487993243,11.22201487993243,142710.65786317087,small_s,0.02856826263958483,0.005861789960371854,3.315385178089839,0.0035320496791385065,d=-0.025 zeta=0.5%,-0.02468759524535182,0.005
50088,144250.74762393459,144250.74762393459,144001.70033528507,True,False,0,0,4.092726157978177e-12,2.091837814077735e-11,inf,,truth,0.02338,0.004746667688662418,3.32213,0.0015986649737642488,144092.10438463688,True,False,0,0,0.0,6.315533774517462,4.721134410974173,143167.7949214052,mirror,0.02415388868914046,0.004780510823687515,3.321901554708997,0.003444364293922133,d=-0.025 zeta=0.5%,-0.02468759524535182,0.005
50089,144250.74762393459,144250.74762393459,144078.8716106082,True,False,0,0,1.77351466845721e-11,0.0,inf,,peaks,0.02338,0.00508310299010788,3.32213,0.0017207241121225804,144205.20140452206,True,False,0,0,0.0,7.639755494892597e-11,inf,,mirror,0.023385306052451364,0.004997120976444479,3.313037691666929,0.0037213986248522696,d=-0.025 zeta=0.5%,-0.02468759524535182,0.005
50090,144250.74762393459,144250.74762393459,144464.3488028006,True,False,0,0,1.4551915228366852e-11,1.8189894035458565e-12,inf,,truth,0.02338,0.003905734094843227,3.32213,0.001525854179553913,144813.47616085503,True,False,0,0,2.091837814077735e-11,0.0,11.317784561043482,143442.40986865104,peaks,0.02610739193968863,0.0040343037253741405,3.320714864673942,0.003012586463041658,d=-0.025 zeta=0.5%,-0.02468759524535182,0.005
50091,144250.74762393459,144250.74762393459,144382.89624328312,True,False,0,0,1.318767317570746e-11,0.0,inf,,peaks,0.02338,0.00494198173401044,3.32213,0.0016680879478915443,144394.43485028326,True,False,0,0,0.0,5.4569682106375694e-12,inf,,mirror,0.02266639344054713,0.004594973452022066,3.315229692316489,0.0031036081702278287,d=-0.025 zeta=0.5%,-0.02468759524535182,0.005
50092,144250.74762393459,144250.74762393459,144177.22759370264,True,False,0,0,0.0,3.637978807091713e-12,inf,,mirror,0.02338,0.005482228934462321,3.32213,0.0017346936566767265,144764.33808753834,True,False,0,0,5.4569682106375694e-12,8.24226795971299,8.24226795971299,142383.583099631,truth,0.029098502109353185,0.005388261771377494,3.329867042887109,0.0035752979276318557,d=-0.025 zeta=0.5%,-0.02468759524535182,0.005
50093,144250.74762393459,144250.74762393459,144487.04354969424,True,False,0,0,2.7284841053187847e-12,1.7280399333685637e-11,inf,,truth,0.02338,0.005507711874195931,3.32213,0.0017626512418728755,144422.45894536338,True,False,0,0,8.185452315956354e-12,4.764042260901078,4.764042260901078,142903.5246682631,small_s,0.023105344304827656,0.005475236674681617,3.325078922999941,0.003464535027693567,d=-0.025 zeta=0.5%,-0.02468759524535182,0.005
50094,144250.74762393459,144250.74762393459,144780.70533501057,True,False,0,0,1.8189894035458565e-12,0.0,inf,,peaks,0.02338,0.00492938854115349,3.32213,0.001716480578740934,144429.89701422275,True,False,0,0,9.549694368615746e-12,2.6577488316511335,2.6577488316511335,143052.5627854414,truth,0.020533623941117275,0.004854785648764413,3.3254400552742402,0.003182189911426875,d=-0.025 zeta=0.5%,-0.02468759524535182,0.005
50095,144250.74762393459,144250.74762393459,143797.22768880788,True,False,0,0,1.77351466845721e-11,0.0,inf,,peaks,0.02338,0.005492891551560701,3.32213,0.001796750613989403,144174.33272918823,True,False,0,0,7.275957614183426e-12,1.6370904631912708e-11,inf,,truth,0.025464381816663974,0.005269846413820707,3.3117674243142283,0.002863029276349595,d=-0.025 zeta=0.5%,-0.02468759524535182,0.005
50096,144250.74762393459,144250.74762393459,144617.04368211012,True,False,0,0,0.0,5.820766091346741e-11,inf,,mirror,0.02338,0.005892155251016637,3.32213,0.0017939999956347549,145021.8830364936,True,False,0,0,8.185452315956354e-12,5.403238009877441,5.403238009877441,143023.61914052145,small_s,0.0288791640321305,0.005060220305090577,3.3428370482824863,0.003641022636701653,d=-0.025 zeta=0.5%,-0.02468759524535182,0.005
50097,144250.74762393459,144250.74762393459,144565.15833421482,True,False,0,0,9.094947017729282e-13,0.0,inf,,peaks,0.02338,0.004368252318427593,3.32213,0.0015776968905231404,144408.72537372963,True,False,0,0,0.0,2.5956314409149854,2.5956314409149854,142696.5795001755,mirror,0.02210595613942302,0.0043190503344915495,3.323098710599798,0.0033172647345932095,d=-0.025 zeta=0.5%,-0.02468759524535182,0.005
50098,144250.74762393459,144250.74762393459,144168.59298790817,True,False,0,0,9.094947017729282e-13,5.9117155615240335e-12,inf,,truth,0.02338,0.005325277031957155,3.32213,0.001763955753049909,144451.4339329476,True,False,0,0,2.7284841053187847e-12,6.08527852970019,6.08527852970019,142499.9805530952,small_s,0.025944100899450085,0.005432710568866235,3.323429755833631,0.00369430773791843,d=-0.025 zeta=0.5%,-0.02468759524535182,0.005
50099,144250.74762393459,144250.74762393459,144524.76483618547,True,False,0,0,3.637978807091713e-12,3.637978807091713e-12,inf,,truth,0.02338,0.005296811286204396,3.32213,0.001763713028266543,144210.33855756023,True,False,0,0,2.1827872842550278e-11,6.821210263296962e-12,2.6878686721279337,143345.5658464403,truth,0.020482986786223626,0.005304280279978718,3.322993719044071,0.0030103551831381446,d=-0.025 zeta=0.5%,-0.02468759524535182,0.005
60000,149163.82325092924,149163.82325092924,149029.1871400984,True,False,0,0,0.0,2.0463630789890885e-11,inf,,mirror,0.02338,0.006299025986492813,3.32213,0.0019490832641296156,148802.47037263305,True,False,0,0,1.0459189070388675e-11,6.366462912410498e-12,inf,,truth,0.021918054841401947,0.006145675463322915,3.327483143581293,0.0022955859215142704,d=-0.008 zeta=0.5%,-0.007968001015840826,0.005
60001,149163.82325092924,149163.82325092924,149273.75041178562,True,False,0,0,7.275957614183426e-12,4.547473508864641e-13,inf,,truth,0.02338,0.003952524019175562,3.32213,0.0016032580636128986,149099.93455773022,True,False,0,0,6.366462912410498e-12,9.822542779147625e-11,inf,,truth,0.02286263522346935,0.003800403869198246,3.325649120898942,0.0019381193707946576,d=-0.008 zeta=0.5%,-0.007968001015840826,0.005
60002,149163.82325092924,149163.82325092924,149030.5382271514,True,False,0,0,4.547473508864641e-12,3.3651303965598345e-11,inf,,truth,0.02338,0.0050279517155185915,3.32213,0.0018079845793948486,149001.94201794153,True,False,0,0,7.958078640513122e-11,0.0,inf,,peaks,0.024490690204417066,0.0049358271067898975,3.3294211822338173,0.002211574162154627,d=-0.008 zeta=0.5%,-0.007968001015840826,0.005
60003,149163.82325092924,149163.82325092924,148850.5479638973,True,False,0,0,1.1823431123048067e-11,0.0,inf,,peaks,0.02338,0.004825290189653235,3.32213,0.001816533328227473,148765.54784763933,True,False,0,0,8.185452315956354e-12,1.000444171950221e-11,inf,,truth,0.02398400211976854,0.0045799189335461,3.3284500689422205,0.0023423481867501637,d=-0.008 zeta=0.5%,-0.007968001015840826,0.005
60004,149163.82325092924,149163.82325092924,148964.40598954837,True,False,0,0,6.502887117676437e-10,7.73070496506989e-12,inf,,truth,0.02338,0.00570084792421998,3.32213,0.0020075872337863678,148682.4791346762,True,False,0,0,4.1382008930668235e-11,1.1823431123048067e-11,inf,,small_s,0.02102385410231993,0.005456464811448651,3.323479323192027,0.0023320795582103147,d=-0.008 zeta=0.5%,-0.007968001015840826,0.005
60005,149163.82325092924,149163.82325092924,148617.87235718023,True,False,0,0,0.0,2.7284841053187847e-11,inf,,mirror,0.02338,0.004800763401251336,3.32213,0.0017882661427722972,148703.99517292806,True,False,0,0,4.8203219193965197e-11,4.547473508864641e-13,inf,,truth,0.02294738591014252,0.00467936760913854,3.3170557789998627,0.002084859383919376,d=-0.008 zeta=0.5%,-0.007968001015840826,0.005
60006,149163.82325092924,149163.82325092924,148935.7722222468,True,False,0,0,1.1823431123048067e-11,2.2737367544323206e-12,inf,,truth,0.02338,0.005672431283820059,3.32213,0.0020652790732449077,148986.44147708095,True,False,0,0,1.4097167877480388e-11,0.0,11.24716706743311,140657.07520238182,peaks,0.02439925953521881,0.005650209447553285,3.3256867000336445,0.00260421746398723,d=-0.008 zeta=0.5%,-0.007968001015840826,0.005
60007,149163.82325092924,149163.82325092924,148685.7115577784,True,False,0,0,8.185452315956354e-12,1.2732925824820995e-11,inf,,truth,0.02338,0.00651136954616573,3.32213,0.0022949203838841595,148793.225589557,True,False,0,0,0.0,1.5916157281026244e-11,14.442050899677724,147210.95080031964,mirror,0.023748796368537137,0.006619584432915968,3.3158876339156462,0.0024349902335646834,d=-0.008 zeta=0.5%,-0.007968001015840826,0.005
60008,149163.82325092924,149163.82325092924,148755.631891354,True,False,0,0,0.0,8.185452315956354e-12,inf,,mirror,0.02338,0.0044331904220525934,3.32213,0.001907279004830613,149034.7524962918,True,False,0,0,9.549694368615746e-12,7.73070496506989e-12,29.724608875098056,146008.26896371445,truth,0.025702501619534284,0.004559567211556155,3.3206397589520633,0.002236368976999959,d=-0.008 zeta=0.5%,-0.007968001015840826,0.005
60009,149163.82325092924,149163.82325092924,148762.2285917458,True,False,0,0,4.547473508864641e-12,4.547473508864641e-12,inf,,truth,0.02338,0.004572641615835191,3.32213,0.0018653078090290153,148825.5893609599,True,False,0,0,0.0,8.640199666842818e-12,inf,,mirror,0.0235577279185965,0.004632370563934015,3.320553525916455,0.0022204460181513017,d=-0.008 zeta=0.5%,-0.007968001015840826,0.005
60010,149163.82325092924,149163.82325092924,148986.02803069243,True,False,0,0,0.0,0.0,inf,,mirror,0.02338,0.004540890740351423,3.32213,0.0018871683975448836,148840.06540164776,True,False,0,0,1.4551915228366852e-11,4.6838977141305804e-11,inf,,truth,0.022689332072146576,0.004417043186282194,3.324338742615127,0.002315920622029599,d=-0.008 zeta=0.5%,-0.007968001015840826,0.005
60011,149163.82325092924,149163.82325092924,148927.89251336534,True,False,0,0,0.0,2.2737367544323206e-12,inf,,mirror,0.02338,0.0049925059116046975,3.32213,0.0018917443426559126,148847.26068382038,True,False,0,0,8.185452315956354e-12,3.637978807091713e-12,inf,,small_s,0.022363489961643702,0.004894106096361659,3.321043018805181,0.0021913258433775835,d=-0.008 zeta=0.5%,-0.007968001015840826,0.005
60012,149163.82325092924,149163.82325092924,149016.82532501064,True,False,0,0,3.2741809263825417e-11,0.0,inf,,peaks,0.02338,0.004708203510900506,3.32213,0.0017599849475344429,148921.08591334728,True,False,0,0,3.637978807091713e-11,0.0,inf,,peaks,0.022691957398843696,0.004632064866916383,3.3228356785053794,0.0021235336632995324,d=-0.008 zeta=0.5%,-0.007968001015840826,0.005
60013,149163.82325092924,149163.82325092924,149108.8147597551,True,False,0,0,9.094947017729282e-13,0.0,inf,,peaks,0.02338,0.00524660347499085,3.32213,0.001979669084318957,149218.31894316504,True,False,0,0,4.547473508864641e-12,1.7280399333685637e-11,26.820500304962025,152041.0274812749,truth,0.023693771466273054,0.005227081235013391,3.3185613523322024,0.002212964429642167,d=-0.008 zeta=0.5%,-0.007968001015840826,0.005
60014,149163.82325092924,149163.82325092924,149109.3700763196,True,False,0,0,0.0,2.7284841053187847e-12,inf,,mirror,0.02338,0.00583506448570633,3.32213,0.0019604690959027543,148797.7718755,True,False,0,0,9.094947017729282e-13,3.6834535421803594e-11,inf,,small_s,0.020525694762302617,0.005492493908892704,3.3218666887864496,0.002265621672013168,d=-0.008 zeta=0.5%,-0.007968001015840826,0.005
60015,149163.82325092924,149163.82325092924,149194.55916043336,True,False,0,0,4.547473508864641e-13,5.4569682106375694e-12,inf,,truth,0.02338,0.005071529117281933,3.32213,0.0019330929122409084,149346.00690793904,True,False,0,0,0.0,3.183231456205249e-12,26.92740280581984,150413.9144194856,mirror,0.024763943877634923,0.005193865180753859,3.3223137570077186,0.00228746202723045,d=-0.008 zeta=0.5%,-0.007968001015840826,0.005
60016,149163.82325092924,149163.82325092924,149110.7263555494,True,False,0,0,1.3642420526593924e-12,0.0,inf,,peaks,0.02338,0.004783723119331264,3.32213,0.001809673657443561,149146.36842675708,True,False,0,0,1.7280399333685637e-11,6.366462912410498e-12,inf,,small_s,0.024262551749964934,0.004834956205205426,3.324832195766902,0.0021988347115288955,d=-0.008 zeta=0.5%,-0.007968001015840826,0.005
60017,149163.82325092924,149163.82325092924,149069.712645009,True,False,0,0,2.2737367544323206e-12,0.0,inf,,peaks,0.02338,0.0052224368124601265,3.32213,0.0019878627398173107,149044.09602142993,True,False,0,0,2.319211489520967e-11,1.864464138634503e-11,22.952347185868348,146932.37364905648,truth,0.02447081839883226,0.004896466953039047,3.3286241365103275,0.0023189468319931533,d=-0.008 zeta=0.5%,-0.007968001015840826,0.005
60018,149163.82325092924,149163.82325092924,149344.56542332246,True,False,0,0,9.094947017729282e-13,0.0,inf,,peaks,0.02338,0.004995679897607747,3.32213,0.0019913541323085685,149589.08244688073,True,False,0,0,1.1368683772161603e-11,5.047695594839752e-11,inf,,truth,0.025433219629277633,0.005140374201105439,3.3200185445696633,0.002249901425723306,d=-0.008 zeta=0.5%,-0.007968001015840826,0.005
60019,149163.82325092924,149163.82325092924,148983.15556424917,True,False,0,0,0.0,5.4569682106375694e-12,inf,,mirror,0.02338,0.00537506966605997,3.32213,0.0019088933129527248,148947.82164703484,True,False,0,0,6.02540239924565e-10,0.0,20.08792940907415,146544.2041273891,peaks,0.02204825936543565,0.004891147564389295,3.3163279285344225,0.002313670255465998,d=-0.008 zeta=0.5%,-0.007968001015840826,0.005
60020,149163.82325092924,149163.82325092924,148759.1461490782,True,False,0,0,1.8189894035458565e-12,0.0,inf,,peaks,0.02338,0.004307230887192433,3.32213,0.0017101391549103086,148888.44639274778,True,False,0,0,1.3642420526593924e-11,2.2737367544323206e-11,inf,,truth,0.024553019863970328,0.004393879889147337,3.3220102052006792,0.0020841179322488284,d=-0.008 zeta=0.5%,-0.007968001015840826,0.005
60021,149163.82325092924,149163.82325092924,148922.9854066143,True,False,0,0,1.3642420526593924e-11,0.0,inf,,truth,0.02338,0.005297649832865899,3.32213,0.0019995998784371983,149063.39116308687,True,False,0,0,2.1827872842550278e-11,0.0,24.83604448171718,152817.15595194476,peaks,0.023414562951869586,0.005231231837287024,3.315921115308192,0.0022004893403081544,d=-0.008 zeta=0.5%,-0.007968001015840826,0.005
60022,149163.82325092924,149163.82325092924,149077.75424740586,True,False,0,0,1.6370904631912708e-11,0.0,inf,,peaks,0.02338,0.005459113241831161,3.32213,0.0020546678483636203,149381.50568725134,True,False,0,0,0.0,19.049543326727417,19.049543326727417,141618.0345154951,truth,0.02539798146930163,0.005567235584792749,3.320387676526799,0.00257552917967528,d=-0.008 zeta=0.5%,-0.007968001015840826,0.005
60023,149163.82325092924,149163.82325092924,149252.22309731907,True,False,0,0,1.4551915228366852e-11,0.0,inf,,peaks,0.02338,0.005263365901467526,3.32213,0.0020283786277382585,149529.66333250282,True,False,0,0,0.0,5.9117155615240335e-12,inf,,mirror,0.025763748896050945,0.005429602380203391,3.3193866819367304,0.0022705142585000074,d=-0.008 zeta=0.5%,-0.007968001015840826,0.005
60024,149163.82325092924,149163.82325092924,148932.02874236729,True,False,0,0,5.4569682106375694e-12,0.0,inf,,peaks,0.02338,0.004311318633790066,3.32213,0.0017048082564017806,149134.9282845966,True,False,0,0,8.458300726488233e-11,2.5920599000528455e-11,inf,,small_s,0.024453479757212505,0.004360519122305283,3.3204677140305043,0.002313925602116795,d=-0.008 zeta=0.5%,-0.007968001015840826,0.005
60025,149163.82325092924,149163.82325092924,148810.6889756526,True,False,0,0,1.1823431123048067e-11,0.0,inf,,peaks,0.02338,0.0045554378738801036,3.32213,0.0019434166354320391,149112.91866902847,True,False,0,0,0.0,0.0,inf,,mirror,0.02478702868956625,0.004624237603672188,3.31670048475435,0.0022424416408153725,d=-0.008 zeta=0.5%,-0.007968001015840826,0.005
60026,149163.82325092924,149163.82325092924,149309.64712200194,True,False,0,0,1.494299795012921e-09,3.2741809263825417e-11,inf,,truth,0.02338,0.004733021858503922,3.32213,0.0019146820293662185,149419.86854025532,True,False,0,1,1.2732925824820995e-11,0.0,inf,,peaks,0.024529686535256084,0.0048471907195408405,3.322984614410722,0.002357646289459654,d=-0.008 zeta=0.5%,-0.007968001015840826,0.005
60027,149163.82325092924,149163.82325092924,149651.61441621598,True,False,0,0,4.092726157978177e-12,2.2737367544323206e-12,inf,,truth,0.02338,0.004535607234788844,3.32213,0.0019306346621590419,149650.03023002722,True,False,0,0,1.0913936421275139e-11,0.0,28.920595905921346,153568.15933749254,peaks,0.023543321064702152,0.0045424349890595996,3.3225528253500887,0.002118846229747836,d=-0.008 zeta=0.5%,-0.007968001015840826,0.005
60028,149163.82325092924,149163.82325092924,148859.6005884749,True,False,0,0,2.1373125491663814e-11,0.0,inf,,peaks,0.02338,0.005857935057414498,3.32213,0.0019352663266587154,148530.65551964907,True,False,0,0,0.0,10.674042939002902,10.674042939002902,146554.20083724786,mirror,0.02011575654883759,0.0054385625281870515,3.3216624294758206,0.00219489438608704,d=-0.008 zeta=0.5%,-0.007968001015840826,0.005
60029,149163.82325092924,149163.82325092924,149287.7264267411,True,False,0,0,0.0,1.000444171950221e-11,inf,,mirror,0.02338,0.004843977641795812,3.32213,0.0018988597257361631,149364.84458173788,True,False,0,0,8.185452315956354e-12,0.0,26.37338438370807,147245.70668477655,peaks,0.02349424975144336,0.004858956193994666,3.3197452012962874,0.0021503718827272944,d=-0.008 zeta=0.5%,-0.007968001015840826,0.005
60030,149163.82325092924,149163.82325092924,149182.66893523757,True,False,0,0,2.2737367544323206e-12,0.0,inf,,peaks,0.02338,0.004996590168791203,3.32213,0.0019805110539723217,149236.67407738607,True,False,0,0,5.820766091346741e-11,2.637534635141492e-11,inf,,truth,0.024081227128135485,0.005026425769486991,3.32228378171301,0.002200832547286625,d=-0.008 zeta=0.5%,-0.007968001015840826,0.005
60031,149163.82325092924,149163.82325092924,149408.61193244974,True,False,0,0,0.0,2.1373125491663814e-11,inf,,mirror,0.02338,0.006499618086951979,3.32213,0.002328064496593333,149353.35792264793,True,False,0,0,2.4556356947869062e-11,7.366907084360719e-11,12.320399603910118,147847.30759381145,truth,0.022790742251438654,0.006432734230732914,3.3227597132534195,0.0024408884203676157,d=-0.008 zeta=0.5%,-0.007968001015840826,0.005
60032,149163.82325092924,149163.82325092924,148601.27977913182,True,False,0,0,2.7284841053187847e-12,0.0,inf,,peaks,0.02338,0.004585180013766254,3.32213,0.001828254584529705,148549.33596692796,True,False,0,0,1.8189894035458565e-12,0.0,inf,,peaks,0.023118303784146504,0.0045646176196833975,3.322883557307946,0.0022666387001719634,d=-0.008 zeta=0.5%,-0.007968001015840826,0.005
60033,149163.82325092924,149163.82325092924,148705.59142077196,True,False,0,0,9.094947017729282e-12,0.0,inf,,peaks,0.02338,0.006473423145949329,3.32213,0.0022574277729479897,149049.83885535065,True,False,1,0,3.637978807091713e-12,0.0,21.685102339186415,188963.55568358858,peaks,0.026284385112045484,0.006614744343224756,3.3185562877109374,0.002558112580096784,d=-0.008 zeta=0.5%,-0.007968001015840826,0.005
60034,149163.82325092924,149163.82325092924,148973.06664202444,True,False,0,0,0.0,2.9103830456733704e-11,inf,,mirror,0.02338,0.004796586037643109,3.32213,0.0017819211398661082,148750.32578533955,True,False,0,0,0.0,2.0463630789890885e-11,inf,,mirror,0.02189938661779689,0.004635837514311269,3.3235460685931626,0.002275306234644049,d=-0.008 zeta=0.5%,-0.007968001015840826,0.005
60035,149163.82325092924,149163.82325092924,148982.08734331335,True,False,0,0,0.0,4.547473508864641e-12,inf,,mirror,0.02338,0.005323336807788562,3.32213,0.001929394057439703,148875.97643523087,True,False,0,0,1.5916157281026244e-11,1.4097167877480388e-11,19.84295207686,150961.12699471795,truth,0.023309131708529166,0.005326733997198918,3.3268042880719952,0.0024152879611741827,d=-0.008 zeta=0.5%,-0.007968001015840826,0.005
60036,149163.82325092924,149163.82325092924,149270.92203335225,True,False,0,0,4.092726157978177e-11,0.0,inf,,peaks,0.02338,0.006271686202515837,3.32213,0.0020833440988400546,149463.1663358753,True,False,1,0,2.0463630789890885e-11,0.0,24.0726472223605,145728.60820176188,peaks,0.025514328491805432,0.006349038403884539,3.323628455904615,0.002342867061168073,d=-0.008 zeta=0.5%,-0.007968001015840826,0.005
60037,149163.82325092924,149163.82325092924,149236.1427024488,True,False,0,0,1.2278178473934531e-11,0.0,inf,,peaks,0.02338,0.0050121711723124665,3.32213,0.001976328980191951,149337.52440378015,True,False,0,0,9.094947017729282e-13,0.0,25.843994700503117,152017.91967398164,peaks,0.02393675822917351,0.0050410935051375325,3.3201907312829944,0.00221598296178566,d=-0.008 zeta=0.5%,-0.007968001015840826,0.005
60038,149163.82325092924,149163.82325092924,148967.71740085905,True,False,0,0,8.913048077374697e-11,0.0,inf,,peaks,0.02338,0.006799624887979045,3.32213,0.002082739016387781,148869.2115545373,True,False,0,0,0.0,4.547473508864641e-12,inf,,mirror,0.022413266927340754,0.006685484778668958,3.3217797360156305,0.0024135159416393596,d=-0.008 zeta=0.5%,-0.007968001015840826,0.005
60039,149163.82325092924,149163.82325092924,149430.8654792663,True,False,0,0,1.1823431123048067e-11,0.0,inf,,peaks,0.02338,0.005634935791773876,3.32213,0.00199524647544792,149380.04071608282,True,False,0,0,4.547473508864641e-12,0.0,21.144618274893674,153100.83649643383,peaks,0.022671311393309183,0.005517874226121806,3.3211719077031523,0.0022258463271223597,d=-0.008 zeta=0.5%,-0.007968001015840826,0.005
60040,149163.82325092924,149163.82325092924,148871.9773723579,True,False,0,0,2.2737367544323206e-12,1.3642420526593924e-12,inf,,truth,0.02338,0.005419114090358622,3.32213,0.0019780190255299507,148729.05480540497,True,False,0,0,1.1823431123048067e-11,0.0,inf,,peaks,0.02214551974070596,0.00530228846375279,3.3227435232683527,0.0022845566091799544,d=-0.008 zeta=0.5%,-0.007968001015840826,0.005
60041,149163.82325092924,149163.82325092924,150038.22598198155,True,False,0,0,0.0,9.094947017729282e-12,inf,,mirror,0.02338,0.005238929909013795,3.32213,0.002005169905643065,150141.47725535807,True,False,0,0,7.73070496506989e-12,5.4569682106375694e-12,inf,,truth,0.02472906700642051,0.005332576103790867,3.3232994931651,0.0022579953482787436,d=-0.008 zeta=0.5%,-0.007968001015840826,0.005
60042,149163.82325092924,149163.82325092924,149310.19306837866,True,False,0,0,5.4569682106375694e-12,4.547473508864641e-13,inf,,truth,0.02338,0.004848060389845358,3.32213,0.0018924338869965782,149239.9486868654,True,False,0,0,9.094947017729282e-13,2.546585164964199e-11,inf,,small_s,0.021542417787799195,0.004576101285149947,3.3196761602512472,0.002046598595578192,d=-0.008 zeta=0.5%,-0.007968001015840826,0.005
60043,149163.82325092924,149163.82325092924,149398.7291233915,True,False,0,0,4.547473508864641e-13,0.0,inf,,peaks,0.02338,0.003860209952267322,3.32213,0.0017150791651428885,149374.4669548117,True,False,0,0,2.7284841053187847e-12,0.0,inf,,peaks,0.023729610949946002,0.003829771597779149,3.323824950605875,0.0021127595876538597,d=-0.008 zeta=0.5%,-0.007968001015840826,0.005
60044,149163.82325092924,149163.82325092924,148891.99896091205,True,False,0,0,2.4101609596982598e-11,0.0,inf,,peaks,0.02338,0.0037415282629049656,3.32213,0.0015781414699445693,148772.2487992471,True,False,0,0,9.094947017729282e-13,30.143465851142537,30.143465851142537,146897.4111308142,truth,0.022759432804239265,0.0036876904334363528,3.323062898611371,0.002238741139652448,d=-0.008 zeta=0.5%,-0.007968001015840826,0.005
60045,149163.82325092924,149163.82325092924,149451.83261057353,True,False,0,0,9.822542779147625e-11,0.0,inf,,peaks,0.02338,0.004798011788812704,3.32213,0.0018966443433194081,149714.02127679766,True,False,1,0,3.1377567211166024e-11,4.1382008930668235e-11,39.23400018881239,148185.81282338116,truth,0.025992475325614717,0.00510571581340515,3.3185829964467755,0.002084261508036082,d=-0.008 zeta=0.5%,-0.007968001015840826,0.005
60046,149163.82325092924,149163.82325092924,149223.66149464477,True,False,0,0,5.4569682106375694e-12,1.000444171950221e-11,inf,,truth,0.02338,0.004871163287800555,3.32213,0.001902599635550685,149500.0937423375,True,False,0,0,2.7284841053187847e-12,4.547473508864641e-12,inf,,truth,0.025314805290806493,0.0050646379653685345,3.3180287859275808,0.002142829679966666,d=-0.008 zeta=0.5%,-0.007968001015840826,0.005
60047,149163.82325092924,149163.82325092924,148425.82429034315,True,False,0,0,6.120899342931807e-10,0.0,inf,,peaks,0.02338,0.005642903181087829,3.32213,0.0019233177232295018,148445.56460933658,True,False,0,0,5.002220859751105e-12,0.0,inf,,peaks,0.02264416621569208,0.005291493395678221,3.3172512539002534,0.002270124341587542,d=-0.008 zeta=0.5%,-0.007968001015840826,0.005
60048,149163.82325092924,149163.82325092924,149716.11610841568,True,False,0,0,0.0,1.8189894035458565e-12,inf,,truth,0.02338,0.005419851139955184,3.32213,0.0019222337632198523,149614.20792939415,True,False,0,0,0.0,8.185452315956354e-12,inf,,mirror,0.021524387687088586,0.0050447773796222836,3.3193109484310908,0.002068093917627098,d=-0.008 zeta=0.5%,-0.007968001015840826,0.005
60049,149163.82325092924,149163.82325092924,149239.54660732954,True,False,0,0,5.4569682106375694e-12,0.0,inf,,peaks,0.02338,0.004821524986815927,3.32213,0.0018768056696045262,149036.33646614623,True,False,0,0,3.54702933691442e-11,2.9103830456733704e-11,inf,,small_s,0.022231070177984227,0.004693837969305038,3.3250176603639603,0.002205461539762968,d=-0.008 zeta=0.5%,-0.007968001015840826,0.005
60050,149163.82325092924,149163.82325092924,149011.82382762892,True,False,0,1,3.637978807091713e-12,3.8198777474462986e-11,inf,,truth,0.02338,0.005093337784441042,3.32213,0.0018889912727179624,148897.19909813383,True,False,0,0,0.0,3.637978807091713e-12,inf,,mirror,0.022129964922553803,0.005003397520777779,3.321458113522664,0.0021942539578748716,d=-0.008 zeta=0.5%,-0.007968001015840826,0.005
60051,149163.82325092924,149163.82325092924,149449.75559317778,True,False,0,0,4.547473508864641e-13,0.0,inf,,peaks,0.02338,0.0037705904719795105,3.32213,0.0016989080691586997,149739.3815021171,True,False,0,0,3.183231456205249e-12,0.0,inf,,peaks,0.02494085166235136,0.003902752010439705,3.3181337204444312,0.001976935152880316,d=-0.008 zeta=0.5%,-0.007968001015840826,0.005
60052,149163.82325092924,149163.82325092924,148858.96241975547,True,False,0,0,0.0,3.183231456205249e-11,inf,,mirror,0.02338,0.0057367655525204465,3.32213,0.001957843633375009,148743.6330053592,True,False,0,0,2.7284841053187847e-11,4.092726157978177e-12,17.068399372095882,147192.67548977552,truth,0.02224440338795646,0.0055901385818310665,3.321538750057596,0.0023070093200731807,d=-0.008 zeta=0.5%,-0.007968001015840826,0.005
60053,149163.82325092924,149163.82325092924,149386.4731988419,True,False,0,0,5.002220859751105e-12,4.092726157978177e-12,inf,,truth,0.02338,0.004658351768483966,3.32213,0.0017671467205676802,148981.21735469048,True,False,0,0,2.637534635141492e-11,0.0,inf,,peaks,0.021986769451388763,0.0044852231962983,3.3301318769738484,0.002353524357339279,d=-0.008 zeta=0.5%,-0.007968001015840826,0.005
60054,149163.82325092924,149163.82325092924,149709.71018529008,True,False,0,0,0.0,1.2278178473934531e-11,inf,,mirror,0.02338,0.005028360020138637,3.32213,0.002003374812449215,149526.26449056543,True,False,0,0,2.2737367544323206e-11,1.7280399333685637e-11,inf,,small_s,0.021818073428530177,0.004842586812480152,3.3241583572879154,0.002167472531236191,d=-0.008 zeta=0.5%,-0.007968001015840826,0.005
60055,149163.82325092924,149163.82325092924,149070.11837107045,True,False,0,0,2.637534635141492e-11,0.0,inf,,peaks,0.02338,0.005470856723046545,3.32213,0.00195400204527461,149112.8041295014,True,False,0,0,6.366462912410498e-12,4.547473508864641e-12,inf,,small_s,0.024027037097765797,0.005496231803232507,3.323484853523474,0.002259266638442972,d=-0.008 zeta=0.5%,-0.007968001015840826,0.005
60056,149163.82325092924,149163.82325092924,148794.71356283317,True,False,0,0,0.0,3.092281986027956e-11,inf,,mirror,0.02338,0.0056836437640863996,3.32213,0.0018978953681647254,149032.95365545762,True,False,0,0,3.3651303965598345e-11,0.0,26.79835182129409,150524.6227741132,peaks,0.024931905778168777,0.005756036657955432,3.3189626627003976,0.0022796176412995394,d=-0.008 zeta=0.5%,-0.007968001015840826,0.005
60057,149163.82325092924,149163.82325092924,149059.78496907424,True,False,0,0,1.864464138634503e-11,0.0,inf,,peaks,0.02338,0.004819688308147789,3.32213,0.0016939507522942207,148938.78902050582,True,False,0,0,2.7284841053187847e-11,0.0,inf,,peaks,0.023239305563494912,0.004867070923126446,3.3267914394539697,0.0021604600592770463,d=-0.008 zeta=0.5%,-0.007968001015840826,0.005
60058,149163.82325092924,149163.82325092924,148820.9938554561,True,False,0,0,1.4551915228366852e-11,3.092281986027956e-11,inf,,truth,0.02338,0.005221873160864048,3.32213,0.001744066137582889,148248.6678552114,True,False,0,0,5.88897819397971e-10,0.0,inf,,peaks,0.018526427998763806,0.00410012340805649,3.318848051127513,0.002158499475737414,d=-0.008 zeta=0.5%,-0.007968001015840826,0.005
60059,149163.82325092924,149163.82325092924,149148.03185701295,True,False,0,0,1.3642420526593924e-11,3.637978807091713e-12,inf,,truth,0.02338,0.0051314454108236695,3.32213,0.0019229669463764192,149335.90094450457,True,False,0,0,9.094947017729282e-13,2.9103830456733704e-11,29.852695232088536,150766.09354487344,truth,0.025096293767179246,0.005247430093654341,3.321664385654343,0.0022168880862655505,d=-0.008 zeta=0.5%,-0.007968001015840826,0.005
60060,149163.82325092924,149163.82325092924,149102.80600684034,True,False,0,0,0.0,0.0,inf,,mirror,0.02338,0.00497768872857781,3.32213,0.0018385803752485712,149192.0853707473,True,False,0,0,1.000444171950221e-11,0.0,29.394059956556248,147713.05143490277,peaks,0.02351381008821751,0.0048984026324952554,3.3191523255250095,0.0021695805048401475,d=-0.008 zeta=0.5%,-0.007968001015840826,0.005
60061,149163.82325092924,149163.82325092924,148972.5475789549,True,False,0,0,0.0,1.0459189070388675e-11,inf,,mirror,0.02338,0.004831856275041863,3.32213,0.0018368548766134688,149161.75059236967,True,False,0,0,0.0,1.3642420526593924e-11,inf,,mirror,0.024683550346306645,0.0049803830131287564,3.320058198861211,0.002188613180715769,d=-0.008 zeta=0.5%,-0.007968001015840826,0.005
60062,149163.82325092924,149163.82325092924,149293.2539611973,True,False,0,0,0.0,9.549694368615746e-12,inf,,mirror,0.02338,0.005258565158440846,3.32213,0.0020263584320227277,149250.27991460572,True,False,0,0,8.640199666842818e-12,1.000444171950221e-11,20.780175198459347,147115.30392269997,truth,0.023657998140816157,0.00527813324080065,3.325157742859852,0.0022884741679046337,d=-0.008 zeta=0.5%,-0.007968001015840826,0.005
60063,149163.82325092924,149163.82325092924,149064.46790157928,True,False,0,0,0.0,7.73070496506989e-12,inf,,mirror,0.02338,0.005829753998050537,3.32213,0.001950666196435493,149160.09757348246,True,False,0,0,0.0,9.094947017729282e-12,inf,,mirror,0.02426275103031633,0.005901199034014808,3.3219030672747487,0.0022360838478273676,d=-0.008 zeta=0.5%,-0.007968001015840826,0.005
60064,149163.82325092924,149163.82325092924,149157.95156833806,True,False,0,0,0.0,1.8189894035458565e-11,inf,,mirror,0.02338,0.005661521555954706,3.32213,0.0021516389328224616,149338.79659130095,True,False,0,0,0.0,4.547473508864641e-13,23.037506435658543,146611.24709635726,mirror,0.02541285043521353,0.0058151902489683395,3.3207012133710405,0.002304203222591219,d=-0.008 zeta=0.5%,-0.007968001015840826,0.005
60065,149163.82325092924,149163.82325092924,149554.48597784946,True,False,0,0,2.319211489520967e-11,1.8189894035458565e-12,inf,,truth,0.02338,0.005240549150507891,3.32213,0.0018383401122017257,149608.5010793246,True,False,0,0,3.183231456205249e-11,1.4097167877480388e-11,inf,,small_s,0.023928724826861106,0.005298307004340621,3.322494607167213,0.002162430744087114,d=-0.008 zeta=0.5%,-0.007968001015840826,0.005
60066,149163.82325092924,149163.82325092924,149423.84049463252,False,False,0,1,2.2737367544323206e-12,0.0,inf,,peaks,0.02338,0.005341965218798291,3.32213,0.0019087244982079687,149209.75167841298,True,False,0,0,6.366462912410498e-11,5.002220859751105e-11,inf,,small_s,0.021908744456645445,0.005249753370835323,3.3243882737646673,0.002217532705253679,d=-0.008 zeta=0.5%,-0.007968001015840826,0.005
60067,149163.82325092924,149163.82325092924,148993.9509844465,True,False,0,0,0.0,3.637978807091713e-12,inf,,mirror,0.02338,0.004748925730453225,3.32213,0.0018076617542355181,148844.06378721225,True,False,0,0,1.8189894035458565e-12,21.568075906366175,21.568075906366175,146868.6294510044,truth,0.023057171107456597,0.004806798195454032,3.3263454203899845,0.0023990140768661464,d=-0.008 zeta=0.5%,-0.007968001015840826,0.005
60068,149163.82325092924,149163.82325092924,149284.17613877764,True,False,0,0,4.547473508864641e-13,0.0,inf,,peaks,0.02338,0.004674502699384769,3.32213,0.0016760897884716137,149119.8898436384,True,False,0,0,4.547473508864641e-13,6.821210263296962e-12,inf,,truth,0.021848021297982693,0.004495171742869914,3.321068191682499,0.0020643176834049728,d=-0.008 zeta=0.5%,-0.007968001015840826,0.005
60069,149163.82325092924,149163.82325092924,149057.34672502681,True,False,0,0,1.7280399333685637e-11,0.0,inf,,peaks,0.02338,0.00571185568261387,3.32213,0.0019801631947922345,149108.65076631051,True,False,0,0,1.8189894035458565e-12,4.547473508864641e-13,inf,,small_s,0.02253119800138278,0.005549143045149567,3.3148150224753574,0.002139597330977487,d=-0.008 zeta=0.5%,-0.007968001015840826,0.005
60070,149163.82325092924,149163.82325092924,149403.77259068534,True,False,0,0,0.0,0.0,inf,,mirror,0.02338,0.004806404183649809,3.32213,0.0017719104446885438,149527.0382698773,True,False,0,0,4.3655745685100555e-11,1.8189894035458565e-12,inf,,small_s,0.023320354128961916,0.004623149475044442,3.3171740983572895,0.002089095721713846,d=-0.008 zeta=0.5%,-0.007968001015840826,0.005
60071,149163.82325092924,149163.82325092924,149007.31105374865,True,False,0,0,0.0,9.094947017729282e-12,inf,,mirror,0.02338,0.0051797691775945995,3.32213,0.001881591089211398,148952.17852227832,True,False,0,0,1.8189894035458565e-12,0.0,inf,,peaks,0.02406509055443291,0.004976610566370251,3.328569380794861,0.002260935923719653,d=-0.008 zeta=0.5%,-0.007968001015840826,0.005
60072,149163.82325092924,149163.82325092924,148777.2802184491,True,False,0,0,2.1827872842550278e-11,0.0,inf,,peaks,0.02338,0.0038155449364353044,3.32213,0.0016291883133914321,148870.2021432168,True,False,0,0,0.0,7.73070496506989e-12,inf,,mirror,0.024043402845722362,0.0038667299158350868,3.321656127479225,0.0020660011982588907,d=-0.008 zeta=0.5%,-0.007968001015840826,0.005
60073,149163.82325092924,149163.82325092924,148816.8081543376,True,False,0,0,6.821210263296962e-12,1.0913936421275139e-11,inf,,truth,0.02338,0.005578258909494868,3.32213,0.0019919589693979697,148861.96363433538,True,False,1,0,3.228706191293895e-11,0.0,20.834301989550568,184569.63274799954,peaks,0.024545901870000445,0.005510690970130259,3.3270839891897577,0.0023877222503231135,d=-0.008 zeta=0.5%,-0.007968001015840826,0.005
60074,149163.82325092924,149163.82325092924,149432.62049596666,True,False,0,0,1.9099388737231493e-11,0.0,inf,,peaks,0.02338,0.004275415210240841,3.32213,0.0017837528703265925,149437.5660042295,True,False,0,0,2.2737367544323206e-12,4.488356353249401e-10,inf,,truth,0.024051508764325605,0.004324746029127349,3.32398827401043,0.002061432129107995,d=-0.008 zeta=0.5%,-0.007968001015840826,0.005
60075,149163.82325092924,149163.82325092924,149513.63265072738,True,False,0,0,3.183231456205249e-12,4.092726157978177e-12,inf,,truth,0.02338,0.006391396888568757,3.32213,0.0021659140555452747,149523.75356369567,True,False,1,0,0.0,1.3642420526593924e-12,13.98744864149512,180800.12269729812,mirror,0.02367590520013958,0.006478528591193826,3.323673420760046,0.0027125840192389335,d=-0.008 zeta=0.5%,-0.007968001015840826,0.005
60076,149163.82325092924,149163.82325092924,149255.02145245892,True,False,0,0,0.0,2.7284841053187847e-12,inf,,mirror,0.02338,0.004562116374829258,3.32213,0.001748160760797825,149169.11585044494,True,False,0,0,1.546140993013978e-11,4.547473508864641e-13,inf,,small_s,0.022423775157182923,0.004456125854741187,3.3209555822136547,0.00215256853360411,d=-0.008 zeta=0.5%,-0.007968001015840826,0.005
60077,149163.82325092924,149163.82325092924,148875.2769588832,True,False,0,0,2.7284841053187847e-12,0.0,inf,,peaks,0.02338,0.004393441125035003,3.32213,0.0017274410388153274,149015.7678001743,True,False,0,0,9.549694368615746e-12,1.2732925824820995e-11,inf,,small_s,0.02450275362329792,0.00449051523173038,3.3221500557291916,0.0021963596014238427,d=-0.008 zeta=0.5%,-0.007968001015840826,0.005
60078,149163.82325092924,149163.82325092924,149198.42593683786,True,False,0,0,0.0,0.0,inf,,mirror,0.02338,0.004007949772345205,3.32213,0.0016851033053920004,148982.80117709207,True,False,0,0,0.0,26.03670442608609,26.03670442608609,147007.58331360162,mirror,0.021648917410427605,0.0037871478824582443,3.321867478799671,0.002153504224430191,d=-0.008 zeta=0.5%,-0.007968001015840826,0.005
60079,149163.82325092924,149163.82325092924,148934.91007039958,True,False,0,0,9.549694368615746e-12,0.0,inf,,peaks,0.02338,0.005808291792178149,3.32213,0.002098337161333821,148912.6048011419,True,False,0,0,3.3651303965598345e-11,9.549694368615746e-12,inf,,truth,0.023127126612888505,0.00577123144732037,3.321818511517906,0.0024990235556825507,d=-0.008 zeta=0.5%,-0.007968001015840826,0.005
60080,149163.82325092924,149163.82325092924,149330.79939860044,True,False,0,0,0.0,6.730260793119669e-11,inf,,mirror,0.02338,0.006126878030302729,3.32213,0.00208072675957081,149607.34216526718,True,False,0,0,2.2737367544323206e-11,8.640199666842818e-12,26.124582337562515,147722.97775380133,truth,0.02598041802970106,0.006326682236743044,3.3234097836204533,0.0024540055717459873,d=-0.008 zeta=0.5%,-0.007968001015840826,0.005
60081,149163.82325092924,149163.82325092924,149091.58539401065,True,False,0,0,1.2732925824820995e-11,9.094947017729282e-12,inf,,truth,0.02338,0.0059112104158210235,3.32213,0.001981151308717004,148779.844464454,True,False,1,0,0.0,3.637978807091713e-12,14.361087895718356,147351.26754268134,mirror,0.020486768755143162,0.005461567779930869,3.3206963066619584,0.002341878356281066,d=-0.008 zeta=0.5%,-0.007968001015840826,0.005
60082,149163.82325092924,149163.82325092924,149588.0845197856,True,False,0,0,6.821210263296962e-12,0.0,inf,,peaks,0.02338,0.004299150756787645,3.32213,0.001797932779764266,149660.01215067576,True,False,0,0,2.637534635141492e-11,3.456079866737127e-11,inf,,small_s,0.02374970250270492,0.004316255398581684,3.3208899612995975,0.002026124165189232,d=-0.008 zeta=0.5%,-0.007968001015840826,0.005
60083,149163.82325092924,149163.82325092924,149142.2699389775,True,False,0,0,1.8189894035458565e-12,0.0,inf,,peaks,0.02338,0.0058777256645343775,3.32213,0.002135027172881394,149059.5770263407,True,False,1,0,0.0,13.9217718336713,13.9217718336713,146484.56394753847,mirror,0.02215976351101645,0.005535395915392688,3.3196536104254175,0.002487288534016198,d=-0.008 zeta=0.5%,-0.007968001015840826,0.005
60084,149163.82325092924,149163.82325092924,149192.91753976909,True,False,0,0,2.7284841053187847e-12,1.000444171950221e-11,inf,,truth,0.02338,0.004351432615731671,3.32213,0.0017693072355632008,149135.9170758083,True,False,0,0,0.0,1.3642420526593924e-11,inf,,mirror,0.022142075395307506,0.004046141595274293,3.319861818619086,0.0020628199488878884,d=-0.008 zeta=0.5%,-0.007968001015840826,0.005
60085,149163.82325092924,149163.82325092924,148805.00998390422,True,False,0,0,0.0,8.185452315956354e-12,inf,,mirror,0.02338,0.0052915806672896755,3.32213,0.00187077928635058,148874.17997617897,True,False,0,0,1.0913936421275139e-11,0.0,inf,,peaks,0.022737331739303108,0.004960011640223391,3.315637950392344,0.00218848675122712,d=-0.008 zeta=0.5%,-0.007968001015840826,0.005
60086,149163.82325092924,149163.82325092924,148762.38613109334,True,False,0,0,3.456079866737127e-11,6.366462912410498e-12,inf,,truth,0.02338,0.005039038214527996,3.32213,0.0018781571366576425,148754.52515333315,True,False,0,0,2.7284841053187847e-12,2.5011104298755527e-11,inf,,small_s,0.02282446551501076,0.004962476322922983,3.320018608120414,0.0021930960792925186,d=-0.008 zeta=0.5%,-0.007968001015840826,0.005
60087,149163.82325092924,149163.82325092924,149190.0930046857,True,False,0,0,0.0,0.0,inf,,mirror,0.02338,0.006705857742490821,3.32213,0.0022314282755492615,149319.7626362318,True,False,0,0,1.0913936421275139e-11,1.1823431123048067e-11,17.264736783397893,147113.94606541164,truth,0.02446262128453072,0.006889142791595018,3.317982829470337,0.00240928754797329,d=-0.008 zeta=0.5%,-0.007968001015840826,0.005
60088,149163.82325092924,149163.82325092924,149084.1035334456,True,False,0,0,7.275957614183426e-12,0.0,inf,,peaks,0.02338,0.0052876129776635765,3.32213,0.0018981233427568518,149241.53519446144,True,False,0,0,1.77351466845721e-11,1.000444171950221e-11,inf,,truth,0.02485390111807238,0.005425603775346017,3.323162013492815,0.0023275569070976233,d=-0.008 zeta=0.5%,-0.007968001015840826,0.005
60089,149163.82325092924,149163.82325092924,149578.27237664632,True,False,0,0,0.0,5.9117155615240335e-12,inf,,mirror,0.02338,0.005160809743178927,3.32213,0.001899415779942318,149505.29371554297,True,False,0,0,2.2737367544323206e-11,0.0,inf,,peaks,0.022345832016017714,0.005040258378174288,3.3210666812655085,0.0021168856825122175,d=-0.008 zeta=0.5%,-0.007968001015840826,0.005
60090,149163.82325092924,149163.82325092924,148982.2161444572,True,False,0,0,0.0,9.094947017729282e-13,inf,,mirror,0.02338,0.004656952287013203,3.32213,0.0018113871708578574,149133.5170179044,True,False,0,0,2.7284841053187847e-12,1.8189894035458565e-12,32.35407273175042,146629.20816441195,truth,0.02623010800517373,0.0044627716803138364,3.3279568135905087,0.0021425147094581414,d=-0.008 zeta=0.5%,-0.007968001015840826,0.005
60091,149163.82325092924,149163.82325092924,148803.37120717939,True,False,0,0,0.0,5.002220859751105e-12,inf,,mirror,0.02338,0.004614305119387587,3.32213,0.0017716872668463828,148844.5882621416,True,False,0,0,1.6825651982799172e-11,0.0,inf,,peaks,0.024305761925550513,0.004617605838341676,3.3248993873470414,0.002200337312536641,d=-0.008 zeta=0.5%,-0.007968001015840826,0.005
60092,149163.82325092924,149163.82325092924,149502.96097925297,True,False,0,0,5.4569682106375694e-12,0.0,inf,,peaks,0.02338,0.005099991298851349,3.32213,0.0019819457021817656,149502.27681166626,True,False,0,0,1.1823431123048067e-11,5.9117155615240335e-12,inf,,small_s,0.022890399507516652,0.005019284859900934,3.3204218071916345,0.0022073493551942633,d=-0.008 zeta=0.5%,-0.007968001015840826,0.005
60093,149163.82325092924,149163.82325092924,148861.56735633587,True,False,0,0,1.4551915228366852e-11,0.0,inf,,peaks,0.02338,0.005082505340197003,3.32213,0.001821088043481885,148836.25169315716,True,False,0,0,1.546140993013978e-11,0.0,inf,,truth,0.023078617160631337,0.0050324060275609645,3.3215883029616347,0.00225630770460109,d=-0.008 zeta=0.5%,-0.007968001015840826,0.005
60094,149163.82325092924,149163.82325092924,148943.06847378568,True,False,0,0,0.0,3.637978807091713e-12,inf,,mirror,0.02338,0.005231381916778662,3.32213,0.0018621767037399644,148900.75291563882,True,False,0,0,0.0,7.457856554538012e-11,inf,,mirror,0.023490762525381848,0.005046354214116917,3.324674632345772,0.002136529299870979,d=-0.008 zeta=0.5%,-0.007968001015840826,0.005
60095,149163.82325092924,149163.82325092924,149150.06809346582,True,False,0,0,1.3642420526593924e-12,1.6825651982799172e-11,inf,,truth,0.02338,0.004972374924024061,3.32213,0.0018831917426522429,149454.70193426494,True,False,1,0,0.0,2.7284841053187847e-12,22.41477145598992,138891.17083965088,mirror,0.026042714972119928,0.005202962262650193,3.3231034008843707,0.0023400440402654697,d=-0.008 zeta=0.5%,-0.007968001015840826,0.005
60096,149163.82325092924,149163.82325092924,149167.4672596103,True,False,0,0,0.0,1.3642420526593924e-12,inf,,mirror,0.02338,0.005783110749560756,3.32213,0.0020817065112784627,149198.9338990599,True,False,0,0,0.0,1.864464138634503e-11,inf,,mirror,0.02285637341473125,0.005781500484326061,3.3179752690225177,0.0022511245974390663,d=-0.008 zeta=0.5%,-0.007968001015840826,0.005
60097,149163.82325092924,149163.82325092924,149350.86389351383,True,False,0,0,0.0,1.0459189070388675e-11,inf,,mirror,0.02338,0.0046283974792466955,3.32213,0.0020804080661974574,149729.16776999316,True,False,0,0,4.638422979041934e-11,4.547473508864641e-12,30.44654806219478,144564.65884681456,truth,0.026973470376724675,0.00479470761279484,3.3189273623618605,0.002354079918734822,d=-0.008 zeta=0.5%,-0.007968001015840826,0.005
60098,149163.82325092924,149163.82325092924,149005.59776759718,True,False,0,0,7.275957614183426e-12,1.8189894035458565e-12,inf,,truth,0.02338,0.004585789667806537,3.32213,0.0018260173954628026,149204.01238148613,True,False,0,0,0.0,2.6830093702301383e-11,inf,,mirror,0.024377365155035104,0.004658945224670215,3.319546769103962,0.002293292540464203,d=-0.008 zeta=0.5%,-0.007968001015840826,0.005
60099,149163.82325092924,149163.82325092924,149170.25410603013,True,False,0,0,4.547473508864641e-12,0.0,inf,,peaks,0.02338,0.003990035054672067,3.32213,0.0017108326373082789,149477.86867967763,True,False,0,0,0.0,1.2732925824820995e-11,inf,,mirror,0.024484942925612457,0.0038688141541247897,3.316983539759889,0.002023617410157009,d=-0.008 zeta=0.5%,-0.007968001015840826,0.005
70000,151563.03497787408,151563.03497787408,151253.4164805109,True,False,0,0,0.0,2.7284841053187847e-12,inf,,truth,0.02338,0.005444914748296171,3.32213,0.002017312902648417,151270.70668025207,True,False,0,0,2.319211489520967e-11,0.0,inf,,peaks,0.023484442098971894,0.0054642935371508215,3.3214597980390184,0.002065681898591001,d=+0.000 zeta=0.5%,0.0,0.005
70001,151563.03497787408,151563.03497787408,151338.9879583678,True,False,0,0,7.73070496506989e-12,0.0,inf,,peaks,0.02338,0.004844253446725101,3.32213,0.0018691577471624315,151286.63144609344,True,False,0,0,0.0,7.548806024715304e-11,inf,,truth,0.023816403588194594,0.004786350124307857,3.324754455175195,0.0019981971229396534,d=+0.000 zeta=0.5%,0.0,0.005
70002,151563.03497787408,151563.03497787408,151499.87967971878,True,False,0,0,1.4551915228366852e-11,0.0,inf,,peaks,0.02338,0.004662965105918043,3.32213,0.0018376026297485233,151441.82658578496,False,False,0,1,1.3642420526593924e-12,0.0,inf,,peaks,0.021716983588621633,0.004392880518600462,3.323840724191566,0.0018978244388527408,d=+0.000 zeta=0.5%,0.0,0.005
70003,151563.03497787408,151563.03497787408,151698.0454658725,True,False,0,0,1.5916157281026244e-11,0.0,inf,,peaks,0.02338,0.004507828039799267,3.32213,0.0019130763657749978,151847.34571407945,True,False,0,0,0.0,1.9099388737231493e-11,44.25623776186512,150900.57234538006,truth,0.024490818370310568,0.00458605672401587,3.3186450331623014,0.002027277337004366,d=+0.000 zeta=0.5%,0.0,0.005
70004,151563.03497787408,151563.03497787408,151540.748742838,True,False,0,0,2.637534635141492e-11,0.0,inf,,peaks,0.02338,0.005376506614005726,3.32213,0.0019855433077426905,151584.7840637956,True,False,1,0,2.091837814077735e-11,0.0,33.464341137965675,150446.70480201815,peaks,0.023386299637982198,0.005346515204443288,3.3203082766906507,0.0020468145714107274,d=+0.000 zeta=0.5%,0.0,0.005
70005,151563.03497787408,151563.03497787408,150940.89269422498,True,False,0,0,3.456079866737127e-11,0.0,inf,,peaks,0.02338,0.007873647217344794,3.32213,0.0022235163171663514,150903.85326707215,True,False,0,0,1.709850039333105e-10,0.0,15.494442895435895,149907.8419732688,peaks,0.022679865050658728,0.007813881483047637,3.3212268263025044,0.0022826676080149677,d=+0.000 zeta=0.5%,0.0,0.005
70006,151563.03497787408,151563.03497787408,151884.6994547661,True,False,0,0,5.6843418860808015e-11,0.0,inf,,peaks,0.02338,0.005263047809273392,3.32213,0.0020433297566229106,151855.7984843626,True,False,0,0,1.3642420526593924e-12,0.0,inf,,peaks,0.024051975573544805,0.00526337735801361,3.3231193727871915,0.002099577131877896,d=+0.000 zeta=0.5%,0.0,0.005
70007,151563.03497787408,151563.03497787408,151728.2272903928,True,False,0,0,1.8189894035458565e-12,0.0,inf,,peaks,0.02338,0.006230945946427981,3.32213,0.0021301286220502284,151848.7024836999,True,False,1,0,0.0,8.185452315956354e-12,28.849163633407898,150782.97850212906,truth,0.024584979401613787,0.006086432348580743,3.3164058072199336,0.0021717449648414313,d=+0.000 zeta=0.5%,0.0,0.005
70008,151563.03497787408,151563.03497787408,151340.83036032182,True,False,0,0,0.0,2.7284841053187847e-11,inf,,truth,0.02338,0.00496567301686843,3.32213,0.001980309442970458,151469.0926774211,True,False,0,0,0.0,2.091837814077735e-11,32.870406333270694,150507.50865652884,truth,0.0236172437402559,0.005065833025693783,3.31817194658722,0.0020633800589586267,d=+0.000 zeta=0.5%,0.0,0.005
70009,151563.03497787408,151563.03497787408,152033.7255442958,True,False,0,0,1.5006662579253316e-11,0.0,inf,,peaks,0.02338,0.005024297140546079,3.32213,0.0019563935819469887,151996.2823146684,True,False,0,0,0.0,4.092726157978177e-12,36.357535460918825,150359.29452561267,truth,0.02402544196281787,0.0050801861629759205,3.324250744793236,0.0020340695887374515,d=+0.000 zeta=0.5%,0.0,0.005
70010,151563.03497787408,151563.03497787408,151812.09429315059,True,False,0,0,0.0,2.7284841053187847e-12,inf,,truth,0.02338,0.005398229210836028,3.32213,0.0020205085660159588,151827.8902038995,True,False,1,0,0.0,2.8194335754960775e-11,27.105817724821463,151002.00596568594,truth,0.023133929349366564,0.005376544579217288,3.321485351950002,0.002067908680690198,d=+0.000 zeta=0.5%,0.0,0.005
70011,151563.03497787408,151563.03497787408,152065.01166318686,True,False,0,0,0.0,0.0,inf,,truth,0.02338,0.005360669989807344,3.32213,0.0020368286138311075,152248.34200888843,True,False,0,0,1.4551915228366852e-11,0.0,inf,,peaks,0.02343437083393737,0.005025649280607905,3.3156463767965714,0.002054817427147589,d=+0.000 zeta=0.5%,0.0,0.005
70012,151563.03497787408,151563.03497787408,151355.9754159616,True,False,0,0,0.0,3.183231456205249e-12,inf,,truth,0.02338,0.005085284772604224,3.32213,0.0019163973052683664,151497.07153666648,True,False,1,0,1.6370904631912708e-11,0.0,inf,,peaks,0.0235199894482344,0.004969198019986508,3.3172544757395523,0.0019880014469742737,d=+0.000 zeta=0.5%,0.0,0.005
70013,151563.03497787408,151563.03497787408,151537.0592335942,True,False,0,0,4.547473508864641e-12,0.0,inf,,peaks,0.02338,0.005333173877218227,3.32213,0.0019259578070507915,151450.43051426715,True,False,0,0,0.0,5.911715561524034e-11,inf,,truth,0.023098431636819423,0.0052229794712182216,3.3250985849855352,0.0020159110980388284,d=+0.000 zeta=0.5%,0.0,0.005
70014,151563.03497787408,151563.03497787408,151335.23923384905,True,False,0,0,5.002220859751105e-12,0.0,inf,,peaks,0.02338,0.004913332846232076,3.32213,0.001923216471389401,151327.28322731797,True,False,0,0,3.001332515850663e-11,0.0,inf,,peaks,0.024004755859403985,0.004946845598896758,3.3232661142465987,0.002032021454698261,d=+0.000 zeta=0.5%,0.0,0.005
70015,151563.03497787408,151563.03497787408,151645.2312948523,True,False,0,0,0.0,5.9117155615240335e-12,inf,,truth,0.02338,0.005257530569997458,3.32213,0.0020162056034048236,151566.99722267376,True,False,0,0,0.0,3.637978807091713e-12,30.85177439624522,150090.9258081042,truth,0.023279058516797218,0.0054036798548401386,3.3247366107806644,0.0021693180638751655,d=+0.000 zeta=0.5%,0.0,0.005
70016,151563.03497787408,151563.03497787408,151948.45022248453,True,False,0,0,2.5920599000528455e-11,0.0,inf,,peaks,0.02338,0.005864612126824326,3.32213,0.002043004252563923,152003.7297965736,True,False,1,0,0.0,3.54702933691442e-11,29.998169494694594,151218.8305218235,truth,0.02350892268503296,0.005920659801082331,3.3191501241820247,0.002078013104947713,d=+0.000 zeta=0.5%,0.0,0.005
70017,151563.03497787408,151563.03497787408,151432.21998416857,True,False,0,0,5.4569682106375694e-12,0.0,inf,,peaks,0.02338,0.00486993942810037,3.32213,0.0018643597995451901,151400.0711930395,True,False,1,0,0.0,5.729816621169448e-11,36.86081511178327,150408.85507959456,truth,0.02272659803177771,0.00477489485145503,3.3231359997383794,0.0019150808770602198,d=+0.000 zeta=0.5%,0.0,0.005
70018,151563.03497787408,151563.03497787408,151668.88874076866,True,False,0,0,0.0,1.000444171950221e-11,inf,,truth,0.02338,0.004497711767795357,3.32213,0.0018183974266510973,151734.5143227492,True,False,1,0,0.0,9.094947017729282e-12,48.1599298250394,150524.19559555477,truth,0.024426158807123993,0.004597121879998246,3.3213442283496284,0.0019484324962085915,d=+0.000 zeta=0.5%,0.0,0.005
70019,151563.03497787408,151563.03497787408,151874.11191920523,True,False,0,0,6.366462912410498e-12,0.0,inf,,peaks,0.02338,0.0056358830476782714,3.32213,0.0019815660580105553,151825.62225821,True,False,1,0,4.638422979041934e-11,0.0,29.780503212970416,150048.6812532971,peaks,0.023569490639833667,0.005546585974538067,3.3247421704459095,0.002027907155395475,d=+0.000 zeta=0.5%,0.0,0.005
70020,151563.03497787408,151563.03497787408,151757.94236033797,True,False,0,0,0.0,5.4569682106375694e-12,inf,,truth,0.02338,0.004684045735463523,3.32213,0.001826806210883474,151723.71680514535,True,False,0,0,3.637978807091713e-12,0.0,inf,,peaks,0.02405603083154872,0.004776877759964054,3.3238362324350517,0.0018993048882889679,d=+0.000 zeta=0.5%,0.0,0.005
70021,151563.03497787408,151563.03497787408,151713.94173008238,True,False,0,0,9.094947017729282e-13,0.0,inf,,peaks,0.02338,0.004582597972513493,3.32213,0.0018871930358043073,151622.06588609793,True,False,0,0,0.0,3.8198777474462986e-11,inf,,truth,0.024098501640634044,0.004610812339627564,3.325575245809948,0.0019752647274192993,d=+0.000 zeta=0.5%,0.0,0.005
70022,151563.03497787408,151563.03497787408,151395.2568771969,True,False,0,0,0.0,2.637534635141492e-11,inf,,truth,0.02338,0.00532394471257896,3.32213,0.0018668784000485882,151379.90570298294,True,False,1,0,0.0,1.6370904631912708e-11,inf,,truth,0.022629283520398943,0.005226837842040185,3.321526556963151,0.0019332984103324997,d=+0.000 zeta=0.5%,0.0,0.005
70023,151563.03497787408,151563.03497787408,151431.99920444196,True,False,0,0,9.094947017729282e-13,0.0,inf,,peaks,0.02338,0.00420089716790991,3.32213,0.0017902086731344986,151466.91751980293,True,False,1,0,1.3642420526593924e-11,0.0,inf,,peaks,0.023846781199351196,0.004244525792057501,3.3216496369378135,0.0019169596386708013,d=+0.000 zeta=0.5%,0.0,0.005
70024,151563.03497787408,151563.03497787408,151465.90532507838,True,False,0,0,9.549694368615746e-12,0.0,inf,,peaks,0.02338,0.005622578431579064,3.32213,0.0019758657376221503,151423.96833775844,True,False,1,0,0.0,2.9103830456733704e-11,35.90134252264852,150341.6634199908,truth,0.024126007900664385,0.0055186500601649155,3.3251675367120335,0.0020005501635008845,d=+0.000 zeta=0.5%,0.0,0.005
70025,151563.03497787408,151563.03497787408,151432.46266883868,True,False,0,0,1.3642420526593924e-11,0.0,inf,,peaks,0.02338,0.004078496413833917,3.32213,0.0016919695675086885,151440.23225811395,True,False,0,0,0.0,5.9117155615240335e-12,inf,,truth,0.023247391051282203,0.004066410620965106,3.3218368583723663,0.00182905598257143,d=+0.000 zeta=0.5%,0.0,0.005
70026,151563.03497787408,151563.03497787408,151667.01047917345,True,False,0,0,0.0,8.640199666842818e-12,inf,,truth,0.02338,0.004158808546371367,3.32213,0.001699410654891396,151504.50730845646,True,False,0,0,2.7284841053187847e-12,0.0,54.64698380956452,150445.64032732014,peaks,0.023307325265982937,0.003967802199144346,3.3263045322995817,0.0018272438218027258,d=+0.000 zeta=0.5%,0.0,0.005
70027,151563.03497787408,151563.03497787408,150908.23913134733,True,False,0,0,0.0,8.185452315956354e-12,inf,,truth,0.02338,0.005391178222946627,3.32213,0.00202587340146461,150927.7724101505,True,False,0,0,0.0,7.275957614183426e-12,28.579536552414538,149736.84448855842,truth,0.02263542621943056,0.005203871648093308,3.319457526470179,0.0021351913921815904,d=+0.000 zeta=0.5%,0.0,0.005
70028,151563.03497787408,151563.03497787408,151210.82067050048,True,False,0,0,1.318767317570746e-11,0.0,inf,,peaks,0.02338,0.005110489880628171,3.32213,0.0018962402145094568,151317.5079888465,True,False,0,0,0.0,4.8203219193965197e-11,39.137901287773275,161547.48327545793,truth,0.023755202043829835,0.005091813882059609,3.3186765828891076,0.0019800723794230622,d=+0.000 zeta=0.5%,0.0,0.005
70029,151563.03497787408,151563.03497787408,151437.56652674236,True,False,0,0,2.5920599000528455e-11,0.0,inf,,peaks,0.02338,0.005324871812539744,3.32213,0.00189567904272779,151363.5152691236,True,False,0,0,1.0459189070388675e-11,0.0,inf,,peaks,0.0231179154927591,0.005293539757803442,3.3247433346246824,0.002002851765314822,d=+0.000 zeta=0.5%,0.0,0.005
70030,151563.03497787408,151563.03497787408,151659.61289275484,True,False,0,0,0.0,1.3642420526593924e-12,inf,,truth,0.02338,0.0053477635424225576,3.32213,0.001994680955223343,151675.12568402634,True,False,0,0,0.0,1.546140993013978e-11,30.50249165369314,150767.36803099347,truth,0.02292986685385754,0.005321405306003487,3.3213992064620372,0.002043678402735884,d=+0.000 zeta=0.5%,0.0,0.005
70031,151563.03497787408,151563.03497787408,151575.13738437495,True,False,0,0,0.0,1.546140993013978e-11,inf,,truth,0.02338,0.005741515863496691,3.32213,0.0021036063387361035,151487.7402661967,True,False,1,0,0.0,6.821210263296962e-12,25.650484223740932,150184.99657504685,truth,0.023320572804734718,0.005524668645251556,3.3267929398635743,0.002104238621887184,d=+0.000 zeta=0.5%,0.0,0.005
70032,151563.03497787408,151563.03497787408,151207.78080791657,True,False,0,0,0.0,2.773958840407431e-11,inf,,truth,0.02338,0.0047373311049473165,3.32213,0.0018334759842069876,151190.5127998157,True,False,0,0,3.456079866737127e-11,0.0,40.816633284395266,149089.5965164764,peaks,0.024079651983961836,0.004778247487291038,3.323836398207473,0.0019482954266452342,d=+0.000 zeta=0.5%,0.0,0.005
70033,151563.03497787408,151563.03497787408,151001.55680901185,True,False,0,0,0.0,2.546585164964199e-11,inf,,truth,0.02338,0.005104184164757897,3.32213,0.001923406446454973,151116.89914308264,True,False,1,0,1.0459189070388675e-11,0.0,39.16639799507038,149901.3097594523,peaks,0.024251139391291452,0.005282032948871086,3.318479370167388,0.002015042210238193,d=+0.000 zeta=0.5%,0.0,0.005
70034,151563.03497787408,151563.03497787408,151512.38185774203,True,False,0,0,7.73070496506989e-11,0.0,inf,,peaks,0.02338,0.00552664624252354,3.32213,0.0019437707785216205,151541.92605203207,True,False,0,0,2.955857780762017e-11,1.2732925824820995e-11,inf,,small_s,0.021845505200083982,0.005153577980072831,3.3189749931394075,0.0019692484289968726,d=+0.000 zeta=0.5%,0.0,0.005
70035,151563.03497787408,151563.03497787408,151736.5889581837,True,False,0,0,0.0,1.0913936421275139e-11,inf,,truth,0.02338,0.004951311996002422,3.32213,0.0019530467579939278,151803.74726281207,True,False,0,0,0.0,2.1827872842550278e-11,29.7675246172671,150496.505537833,truth,0.022732136085169042,0.004865987224472899,3.320141100274351,0.0020030764284654024,d=+0.000 zeta=0.5%,0.0,0.005
70036,151563.03497787408,151563.03497787408,151498.75803693672,True,False,0,0,0.0,4.4565240386873484e-11,inf,,truth,0.02338,0.004902111885992257,3.32213,0.001959913283976497,151598.86489822005,True,False,1,0,0.0,5.4569682106375694e-12,39.85953747670828,150424.41922293208,truth,0.025250796647928373,0.00508734495507269,3.3204655108845897,0.002056803731745064,d=+0.000 zeta=0.5%,0.0,0.005
70037,151563.03497787408,151563.03497787408,151341.2905161076,True,False,0,0,0.0,9.549694368615746e-12,inf,,truth,0.02338,0.005960669604946067,3.32213,0.0021001991284612435,151278.27257194679,True,False,0,0,1.3324097380973399e-10,0.0,27.080544764692604,148817.28988942297,peaks,0.024484724414780955,0.005546652394937476,3.3298734053093333,0.002148788737419752,d=+0.000 zeta=0.5%,0.0,0.005
70038,151563.03497787408,151563.03497787408,151491.62754852476,True,False,0,0,0.0,4.547473508864641e-13,inf,,truth,0.02338,0.005276895575681509,3.32213,0.001985099458137765,151579.7478500035,True,False,0,0,0.0,1.4651959645561874e-09,inf,,truth,0.023775865088637296,0.005238004117124077,3.3193552769324013,0.002066630280623913,d=+0.000 zeta=0.5%,0.0,0.005
70039,151563.03497787408,151563.03497787408,151440.00705266008,True,False,0,0,0.0,7.275957614183426e-12,inf,,truth,0.02338,0.005210726940766083,3.32213,0.001980207146910124,151471.18735441557,True,False,1,0,0.0,4.5929482439532876e-11,28.33615084919802,150357.36621567383,truth,0.023044359689308482,0.005096160192967443,3.320641432412374,0.002056794114227659,d=+0.000 zeta=0.5%,0.0,0.005
70040,151563.03497787408,151563.03497787408,151362.2626654662,True,False,0,0,0.0,1.1368683772161603e-11,inf,,truth,0.02338,0.004599717754237979,3.32213,0.0018316501089417692,151403.66548152137,True,False,1,0,0.0,0.0,39.898705639190666,150280.1483218466,truth,0.02312137358218252,0.004575639625936193,3.3207528600414147,0.0019299443359229703,d=+0.000 zeta=0.5%,0.0,0.005
70041,151563.03497787408,151563.03497787408,151248.95898102826,True,False,0,0,0.0,4.547473508864641e-12,inf,,truth,0.02338,0.005335277298375118,3.32213,0.0020860313152028767,151323.17210860155,True,False,1,0,0.0,4.547473508864641e-12,34.62510446020542,149774.97318439308,truth,0.025354088395020274,0.005459514197108903,3.3245033520374747,0.002227767233758335,d=+0.000 zeta=0.5%,0.0,0.005
70042,151563.03497787408,151563.03497787408,151835.92551014476,True,False,0,0,2.2282620193436742e-11,0.0,inf,,peaks,0.02338,0.005043494989957462,3.32213,0.002012564099345456,151733.64179006018,True,False,0,0,0.0,7.275957614183426e-12,inf,,truth,0.023043362510771527,0.004971957491105816,3.3253634393658538,0.002043481328280701,d=+0.000 zeta=0.5%,0.0,0.005
70043,151563.03497787408,151563.03497787408,151641.9644202397,True,False,0,0,1.6825651982799172e-11,0.0,inf,,peaks,0.02338,0.004522084195271941,3.32213,0.0017731362115934147,151596.34473118235,True,False,0,0,4.18367562815547e-11,0.0,47.075903619190285,150447.17220638125,peaks,0.023508063626859234,0.004527952611301459,3.323621707353062,0.0018726751571970695,d=+0.000 zeta=0.5%,0.0,0.005
70044,151563.03497787408,151563.03497787408,151460.1779339804,True,False,0,0,0.0,9.094947017729282e-13,inf,,truth,0.02338,0.004514697695454552,3.32213,0.0018842899033652371,151472.46386309247,True,False,1,0,9.094947017729282e-12,0.0,inf,,peaks,0.024136367931019028,0.004568447243288148,3.322398267670265,0.0020110773407333677,d=+0.000 zeta=0.5%,0.0,0.005
70045,151563.03497787408,151563.03497787408,150963.17734942996,True,False,0,0,0.0,2.2737367544323206e-12,inf,,truth,0.02338,0.005966822166792328,3.32213,0.002100002820724012,151137.497186442,True,False,0,0,4.092726157978177e-12,0.0,34.206364721609134,149877.8550693473,peaks,0.02571670843858479,0.006106845316821155,3.3180485804253954,0.002175310047635293,d=+0.000 zeta=0.5%,0.0,0.005
70046,151563.03497787408,151563.03497787408,151790.20381577735,True,False,0,0,2.8194335754960775e-11,0.0,inf,,peaks,0.02338,0.005781839107469703,3.32213,0.0019834079880008616,151796.4046167085,True,False,0,0,2.091837814077735e-11,0.0,29.826023917453313,150346.51387280988,peaks,0.023379187637111,0.005784228308727362,3.3217700915897446,0.0020166812830290036,d=+0.000 zeta=0.5%,0.0,0.005
70047,151563.03497787408,151563.03497787408,151336.3484924055,True,False,0,0,3.2741809263825417e-11,0.0,inf,,peaks,0.02338,0.006506141146574965,3.32213,0.0020703934272562185,151237.24303297917,True,False,0,0,0.0,6.202753866091371e-10,18.501693565562164,153466.8857616585,truth,0.020675603724851586,0.005991419242792648,3.3202143310539265,0.0020788497937136636,d=+0.000 zeta=0.5%,0.0,0.005
70048,151563.03497787408,151563.03497787408,151452.33449486605,True,False,0,0,0.0,9.094947017729282e-13,inf,,truth,0.02338,0.005605828442141102,3.32213,0.0020023114804525177,151420.9490332762,True,False,1,0,7.776179700158536e-11,0.0,27.15366741989328,150330.8599291129,peaks,0.022831775783297956,0.005524255001508239,3.3229680521459386,0.0020420010491464247,d=+0.000 zeta=0.5%,0.0,0.005
70049,151563.03497787408,151563.03497787408,151486.2064233441,True,False,0,0,2.2737367544323206e-12,0.0,inf,,peaks,0.02338,0.005206555519459914,3.32213,0.0019496972167088204,151624.9176621846,True,False,1,0,1.9099388737231493e-11,0.0,inf,,peaks,0.023026504150196473,0.005304340237988856,3.3173130759822387,0.0020055618071819644,d=+0.000 zeta=0.5%,0.0,0.005
70050,151563.03497787408,151563.03497787408,151691.05652197803,True,False,0,0,2.2737367544323206e-12,0.0,inf,,peaks,0.02338,0.004479572597116539,3.32213,0.0017722993826710981,151708.33514175803,True,False,0,0,1.8189894035458565e-12,4.18367562815547e-11,inf,,small_s,0.024742724191809607,0.004565925703914676,3.322450838422354,0.001890197659123534,d=+0.000 zeta=0.5%,0.0,0.005
70051,151563.03497787408,151563.03497787408,151366.7716815604,True,False,0,0,0.0,9.094947017729282e-13,inf,,truth,0.02338,0.004619871078489756,3.32213,0.0019233597778812023,151607.1261212338,True,False,1,0,0.0,1.1823431123048067e-11,inf,,truth,0.02562330356163398,0.004650451029258818,3.3178254513348646,0.002063469008209938,d=+0.000 zeta=0.5%,0.0,0.005
70052,151563.03497787408,151563.03497787408,151999.71877381974,True,False,0,0,0.0,3.2741809263825417e-11,inf,,truth,0.02338,0.007016960972329906,3.32213,0.0022001043852217074,152053.02417536214,True,False,0,0,1.2732925824820995e-11,0.0,22.503544473467628,151176.35813564053,peaks,0.024118683746181667,0.006996048535831888,3.318312237231005,0.0022212733675263173,d=+0.000 zeta=0.5%,0.0,0.005
70053,151563.03497787408,151563.03497787408,151327.72572063387,True,False,0,0,1.0459189070388675e-10,0.0,inf,,peaks,0.02338,0.00611304399167742,3.32213,0.0019932038839293527,151370.40989639537,True,False,1,0,0.0,1.9554136088117957e-11,inf,,truth,0.02105339174440897,0.005804164310738324,3.3187391974501623,0.0019744685252751533,d=+0.000 zeta=0.5%,0.0,0.005
70054,151563.03497787408,151563.03497787408,151792.89990731777,True,False,0,0,0.0,5.4569682106375694e-12,inf,,truth,0.02338,0.004677271190157077,3.32213,0.0018027760683739164,151755.16791768986,True,False,0,0,1.3642420526593924e-11,4.229150363244116e-11,inf,,small_s,0.022714311614963442,0.004585748681294307,3.322950920281925,0.0018679499125295563,d=+0.000 zeta=0.5%,0.0,0.005
70055,151563.03497787408,151563.03497787408,151658.49897339309,True,False,0,0,1.7280399333685637e-11,0.0,inf,,peaks,0.02338,0.005152029769460417,3.32213,0.00197406540892073,151451.59500937563,True,False,0,0,0.0,9.094947017729282e-13,26.121668113029045,158271.9876759314,truth,0.021850244682582613,0.004720012545065242,3.3269934630760947,0.0020121079101546235,d=+0.000 zeta=0.5%,0.0,0.005
70056,151563.03497787408,151563.03497787408,151496.0476841008,True,False,0,0,0.0,3.183231456205249e-12,inf,,truth,0.02338,0.006404296956925441,3.32213,0.0021339112343905136,151521.20189429034,True,False,0,0,1.5916157281026244e-10,0.0,24.844623030848652,150439.25910474706,peaks,0.024548493496010827,0.006523963778689681,3.323409128775661,0.0021722847261811634,d=+0.000 zeta=0.5%,0.0,0.005
70057,151563.03497787408,151563.03497787408,151322.57791112733,True,False,0,0,4.547473508864641e-13,0.0,inf,,peaks,0.02338,0.0048393567382279,3.32213,0.0019074059219087787,151251.51323380205,True,False,0,0,2.7284841053187847e-12,0.0,inf,,peaks,0.023003861289637276,0.004691502609762739,3.324213646432005,0.0019840595722532823,d=+0.000 zeta=0.5%,0.0,0.005
70058,151563.03497787408,151563.03497787408,151643.4644542557,True,False,0,0,0.0,2.0099832909181714e-10,inf,,truth,0.02338,0.004998008732015532,3.32213,0.0018231996284192493,151527.78919871696,True,False,0,0,0.0,2.5011104298755527e-11,inf,,truth,0.022932856625068315,0.0048822244128485905,3.3258083425052867,0.001895566744766257,d=+0.000 zeta=0.5%,0.0,0.005
70059,151563.03497787408,151563.03497787408,151662.84077847307,True,False,0,0,8.185452315956354e-12,0.0,inf,,peaks,0.02338,0.0044791789731818,3.32213,0.001826253977369935,151530.26987162058,True,False,0,0,1.000444171950221e-11,0.0,inf,,peaks,0.02373307803135089,0.004383461876749225,3.3263658784392196,0.0019442061373924383,d=+0.000 zeta=0.5%,0.0,0.005
70060,151563.03497787408,151563.03497787408,151651.1589985781,True,False,0,0,4.411049303598702e-11,0.0,inf,,peaks,0.02338,0.004191512906728832,3.32213,0.0017494294280658387,151748.18828413176,True,False,0,0,1.8189894035458565e-12,0.0,inf,,peaks,0.023676577222889177,0.004252622803476547,3.319668412417612,0.0018687733769239428,d=+0.000 zeta=0.5%,0.0,0.005
70061,151563.03497787408,151563.03497787408,151235.23218246506,True,False,0,0,1.0459189070388675e-11,0.0,inf,,peaks,0.02338,0.004368581382425467,3.32213,0.0017637186010009923,151280.8481212975,True,False,1,0,6.002665031701326e-11,0.0,43.95948829172585,149283.23090920722,peaks,0.023530568368018475,0.004366400965111392,3.3210791307057224,0.0018820436080166465,d=+0.000 zeta=0.5%,0.0,0.005
70062,151563.03497787408,151563.03497787408,151539.22708776972,True,False,0,0,0.0,1.2732925824820995e-11,inf,,truth,0.02338,0.004506144476816121,3.32213,0.0017716900430992798,151551.05518229777,True,False,0,0,2.2737367544323206e-11,3.183231456205249e-12,inf,,small_s,0.022915347296712286,0.004444136691552106,3.321555777994801,0.0018477491759048823,d=+0.000 zeta=0.5%,0.0,0.005
70063,151563.03497787408,151563.03497787408,151752.2149460415,True,False,0,0,2.7284841053187847e-12,0.0,inf,,peaks,0.02338,0.0048598674085112365,3.32213,0.0019084793341737935,151719.45629307875,True,False,0,0,1.3642420526593924e-12,4.638422979041934e-11,inf,,small_s,0.022596382043045194,0.0047622213618460875,3.3223669175994774,0.0019996100234124653,d=+0.000 zeta=0.5%,0.0,0.005
70064,151563.03497787408,151563.03497787408,151689.45642997412,True,False,0,0,9.094947017729282e-12,0.0,inf,,peaks,0.02338,0.0054083112661905694,3.32213,0.0019564523071796255,151625.96846244985,True,False,1,0,2.3646862246096134e-11,0.0,inf,,peaks,0.02347771776879274,0.005249712293302448,3.324943568595188,0.0020146345683449743,d=+0.000 zeta=0.5%,0.0,0.005
70065,151563.03497787408,151563.03497787408,151519.43068904255,True,False,0,0,0.0,2.7284841053187847e-11,inf,,truth,0.02338,0.005800117460960501,3.32213,0.001966673633590151,151554.48622758442,True,False,1,0,1.4915713109076023e-10,0.0,28.740577993596162,150361.10426055657,peaks,0.022985013498940186,0.005769126051511801,3.3198448924826662,0.0020003043515577335,d=+0.000 zeta=0.5%,0.0,0.005
70066,151563.03497787408,151563.03497787408,151165.51356307647,True,False,0,0,2.2737367544323206e-12,0.0,inf,,peaks,0.02338,0.004673904467124949,3.32213,0.0018511670562716485,151122.04792716147,True,False,0,0,2.7284841053187847e-12,0.0,38.35101621739659,149026.6553028424,peaks,0.023987695049327462,0.004673365900109026,3.3245180024096666,0.001962071297674952,d=+0.000 zeta=0.5%,0.0,0.005
70067,151563.03497787408,151563.03497787408,151324.8171929868,True,False,0,0,0.0,8.412825991399586e-11,inf,,truth,0.02338,0.00425093741097164,3.32213,0.0017035513560008065,151295.3889107921,True,False,0,0,0.0,4.547473508864641e-13,inf,,truth,0.023859745654747452,0.004220530266326572,3.323233256950272,0.0018514241256874042,d=+0.000 zeta=0.5%,0.0,0.005
70068,151563.03497787408,151563.03497787408,151677.90358668563,True,False,0,0,8.185452315956354e-12,0.0,inf,,peaks,0.02338,0.004413697796948142,3.32213,0.0018226740236958999,151606.34921400083,True,False,0,0,1.77351466845721e-11,1.2732925824820995e-11,inf,,small_s,0.023414504323598942,0.004470263716249565,3.3240874966909866,0.001962556127369884,d=+0.000 zeta=0.5%,0.0,0.005
70069,151563.03497787408,151563.03497787408,151323.8970567422,True,False,0,0,0.0,5.002220859751105e-12,inf,,truth,0.02338,0.003997595491545104,3.32213,0.0017980444445170871,151265.75985932365,True,False,0,0,1.318767317570746e-11,0.0,inf,,peaks,0.024602422198042907,0.004070831358483826,3.3258948377102744,0.0019988540180300813,d=+0.000 zeta=0.5%,0.0,0.005
70070,151563.03497787408,151563.03497787408,151684.2268947033,True,False,0,0,9.549694368615746e-12,0.0,inf,,peaks,0.02338,0.006053144391196119,3.32213,0.0020334803776445526,151671.4353305857,True,False,1,0,6.821210263296962e-12,0.0,27.432398388098136,150598.9252795813,peaks,0.0233756108694786,0.0060635942255794426,3.322962339852057,0.002084719313326335,d=+0.000 zeta=0.5%,0.0,0.005
70071,151563.03497787408,151563.03497787408,151565.89011500246,True,False,0,0,0.0,1.8189894035458565e-12,inf,,truth,0.02338,0.0045449080892715375,3.32213,0.0017846222059076117,151640.74574448162,True,False,0,0,1.9554136088117957e-11,4.547473508864641e-13,inf,,small_s,0.02258452572567909,0.00444880996868839,3.3199160558843186,0.0018694377044440773,d=+0.000 zeta=0.5%,0.0,0.005
70072,151563.03497787408,151563.03497787408,151927.37703080033,True,False,0,0,0.0,4.092726157978177e-12,inf,,truth,0.02338,0.004826797485749918,3.32213,0.001868581767137215,152113.78050413716,True,False,0,0,4.5929482439532876e-11,0.0,inf,,peaks,0.022943482610644137,0.004623947762157395,3.3167850918795154,0.001929557611641799,d=+0.000 zeta=0.5%,0.0,0.005
70073,151563.03497787408,151563.03497787408,151236.1408638605,True,False,0,0,0.0,6.366462912410498e-12,inf,,truth,0.02338,0.005581535266323192,3.32213,0.0019909257629621606,151393.2403353643,True,False,1,0,0.0,8.185452315956354e-12,36.693482676195345,150088.3898822051,truth,0.0252969923419367,0.005670586594175835,3.319260031519487,0.0020855491016539486,d=+0.000 zeta=0.5%,0.0,0.005
70074,151563.03497787408,151563.03497787408,151741.64746563352,True,False,0,0,1.5006662579253316e-11,0.0,inf,,peaks,0.02338,0.00504193607495375,3.32213,0.001845838232733147,151762.8117346412,True,False,0,0,2.7284841053187847e-12,0.0,34.64081832967668,150558.0823381813,peaks,0.02183433404935534,0.004811143149054061,3.321160714458637,0.0018811017923381472,d=+0.000 zeta=0.5%,0.0,0.005
70075,151563.03497787408,151563.03497787408,151475.0608758327,True,False,0,0,1.8189894035458565e-11,0.0,inf,,peaks,0.02338,0.005154630417824121,3.32213,0.001842124652755735,151340.71569233836,True,False,0,0,0.0,3.637978807091713e-12,inf,,truth,0.022513660819095338,0.004825732406004256,3.326263500632084,0.0018959164940222748,d=+0.000 zeta=0.5%,0.0,0.005
70076,151563.03497787408,151563.03497787408,151347.94621098175,True,False,0,0,0.0,4.092726157978177e-11,inf,,truth,0.02338,0.0049694095941620435,3.32213,0.0018429685590256963,151386.39653743265,True,False,0,0,2.2737367544323206e-11,0.0,inf,,peaks,0.021557365491508544,0.004719408690616476,3.3200768748480782,0.0018846444620334607,d=+0.000 zeta=0.5%,0.0,0.005
70077,151563.03497787408,151563.03497787408,151398.40445141622,True,False,0,0,1.3642420526593924e-11,0.0,inf,,peaks,0.02338,0.0059379768006278255,3.32213,0.0021262209527023557,151529.4327971523,True,False,0,0,3.637978807091713e-11,0.0,30.419663037290775,150092.6051602603,peaks,0.02580680551767252,0.0061517982403260915,3.3245500565704726,0.0022899680863556825,d=+0.000 zeta=0.5%,0.0,0.005
70078,151563.03497787408,151563.03497787408,151679.9027241028,True,False,0,0,5.002220859751105e-11,0.0,inf,,peaks,0.02338,0.005145643772347,3.32213,0.0018294012305612218,151656.32528567102,True,False,0,0,4.501998773775995e-11,0.0,inf,,peaks,0.023589858249241123,0.005152821530020264,3.3234072915393167,0.0019161341581492384,d=+0.000 zeta=0.5%,0.0,0.005
70079,151563.03497787408,151563.03497787408,152499.74346346332,True,False,0,0,0.0,8.640199666842818e-12,inf,,truth,0.02338,0.004563261917529919,3.32213,0.0018663462453707418,152470.15561968295,True,False,0,0,0.0,1.2732925824820995e-11,38.9844536537762,151191.36622259347,truth,0.022301492018772493,0.004418425793906321,3.3226885301197218,0.001936776851990594,d=+0.000 zeta=0.5%,0.0,0.005
70080,151563.03497787408,151563.03497787408,151597.50905623118,True,False,0,0,4.547473508864641e-12,0.0,inf,,peaks,0.02338,0.004831668566243672,3.32213,0.0019487879677771503,151560.59372950127,True,False,1,0,2.1827872842550278e-11,0.0,34.373259670708194,150434.76670522973,peaks,0.02335904380763175,0.004823475833236797,3.3232617940215263,0.002023206357809789,d=+0.000 zeta=0.5%,0.0,0.005
70081,151563.03497787408,151563.03497787408,151931.0641124234,True,False,0,0,0.0,0.0,inf,,truth,0.02338,0.00555711739640436,3.32213,0.002000040663335121,151961.42647749628,True,False,1,0,4.547473508864641e-13,0.0,32.49296884907744,151063.990946952,peaks,0.023011690800232524,0.005552443983314366,3.320564098160506,0.002039156803044853,d=+0.000 zeta=0.5%,0.0,0.005
70082,151563.03497787408,151563.03497787408,151680.55764818648,True,False,0,0,2.4556356947869062e-11,0.0,inf,,peaks,0.02338,0.005242552097450886,3.32213,0.0018997292175803808,151744.68936396507,True,False,1,0,9.094947017729282e-13,0.0,35.74492570513894,150911.04579194586,peaks,0.023167111827026517,0.005276289240079979,3.3195185944000176,0.0019543118498452964,d=+0.000 zeta=0.5%,0.0,0.005
70083,151563.03497787408,151563.03497787408,151877.04787649226,True,False,0,0,0.0,9.094947017729282e-13,inf,,truth,0.02338,0.004866161858310969,3.32213,0.0018370059330814388,151934.30574498963,True,False,0,0,0.0,2.2282620193436742e-11,inf,,truth,0.022890437835959645,0.004733912719358336,3.3198081268779687,0.0019140074616090601,d=+0.000 zeta=0.5%,0.0,0.005
70084,151563.03497787408,151563.03497787408,151087.2775934906,True,False,0,0,0.0,6.366462912410498e-12,inf,,truth,0.02338,0.005976487257174384,3.32213,0.0021185746013694874,151008.09528268725,True,False,0,0,1.0913936421275139e-11,0.0,inf,,peaks,0.022616048048126496,0.005771001753048881,3.32556260881309,0.0021417201611159584,d=+0.000 zeta=0.5%,0.0,0.005
70085,151563.03497787408,151563.03497787408,151818.0688569445,True,False,0,0,8.640199666842818e-12,0.0,inf,,peaks,0.02338,0.005932363722053747,3.32213,0.0019895567131591203,151781.88009657888,True,False,0,0,2.02817318495363e-10,7.275957614183426e-12,inf,,small_s,0.022031483073549206,0.005721844549607612,3.321856584163701,0.0020149389456517526,d=+0.000 zeta=0.5%,0.0,0.005
70086,151563.03497787408,151563.03497787408,151768.66125951186,True,False,0,0,4.729372449219227e-11,0.0,inf,,peaks,0.02338,0.004992281834140919,3.32213,0.0019978486467988558,151619.9875562298,True,False,1,0,0.0,8.640199666842818e-12,39.05191678027313,150353.89959060354,truth,0.02452765819435359,0.004872192704418473,3.328719935161162,0.0020354120108228824,d=+0.000 zeta=0.5%,0.0,0.005
70087,151563.03497787408,151563.03497787408,151491.5567345445,True,False,0,0,0.0,3.2741809263825417e-11,inf,,truth,0.02338,0.004568286255398994,3.32213,0.0018122482239774033,151594.08651106153,True,False,0,0,4.547473508864641e-11,2.9103830456733704e-11,inf,,small_s,0.024675514364953306,0.004768375675748543,3.3193375168101498,0.0019204566892664777,d=+0.000 zeta=0.5%,0.0,0.005
70088,151563.03497787408,151563.03497787408,151832.51911221416,True,False,0,0,0.0,2.2737367544323206e-12,inf,,truth,0.02338,0.00452087396965022,3.32213,0.0017978967469853128,151753.62299483398,True,False,0,0,6.366462912410498e-12,1.4551915228366852e-11,inf,,small_s,0.023072079166404042,0.004491550783451893,3.3239735712349785,0.0019009612768017003,d=+0.000 zeta=0.5%,0.0,0.005
70089,151563.03497787408,151563.03497787408,152060.4083886483,True,False,0,0,0.0,4.092726157978177e-12,inf,,truth,0.02338,0.006482872813443192,3.32213,0.0021610042579875465,152091.47525296596,True,False,1,0,2.0463630789890885e-11,0.0,24.612851077372852,151099.53221817967,peaks,0.024155902740690606,0.006561546167535709,3.3209782343959713,0.0021901544393530376,d=+0.000 zeta=0.5%,0.0,0.005
70090,151563.03497787408,151563.03497787408,151731.49404641258,True,False,0,0,4.547473508864641e-12,0.0,inf,,peaks,0.02338,0.005009095115900084,3.32213,0.0019147702805473153,151698.20228563604,True,False,0,0,0.0,1.2732925824820995e-11,33.70702999725927,150006.2125383389,truth,0.02317620180736608,0.004975317012251099,3.323125032486027,0.0019865081526925215,d=+0.000 zeta=0.5%,0.0,0.005
70091,151563.03497787408,151563.03497787408,151863.62260154032,True,False,0,0,0.0,1.5916157281026244e-11,inf,,truth,0.02338,0.005566944402348421,3.32213,0.001984359344156665,151889.56978345726,True,False,0,0,5.4569682106375694e-12,0.0,inf,,peaks,0.022502866692622324,0.005490527650896602,3.3213153809979192,0.002013730147179635,d=+0.000 zeta=0.5%,0.0,0.005
70092,151563.03497787408,151563.03497787408,151858.55434827154,True,False,0,0,1.6370904631912708e-11,0.0,inf,,peaks,0.02338,0.003770246836243832,3.32213,0.001710588648318739,151786.70027938753,True,False,0,0,0.0,1.8189894035458565e-12,inf,,truth,0.02256973530331179,0.003638422217993204,3.3236123195148157,0.0018218682749899064,d=+0.000 zeta=0.5%,0.0,0.005
70093,151563.03497787408,151563.03497787408,151637.04541557818,True,False,0,0,0.0,2.2737367544323206e-12,inf,,truth,0.02338,0.004992445357502859,3.32213,0.0019499758697873566,151640.20580668023,True,False,1,0,1.9099388737231493e-11,0.0,33.52585941156303,150479.5781149448,peaks,0.023985170000844314,0.0050696332370506435,3.3226993362339177,0.0020366688486722928,d=+0.000 zeta=0.5%,0.0,0.005
70094,151563.03497787408,151563.03497787408,151537.2347111503,True,False,0,0,0.0,6.821210263296962e-12,inf,,truth,0.02338,0.005099859779845499,3.32213,0.001908559634185325,151499.72274202248,True,False,1,0,0.0,2.1373125491663814e-11,37.545680038266255,150210.04046278846,truth,0.023698564279012815,0.005154396297407743,3.324149530341778,0.001990751276529733,d=+0.000 zeta=0.5%,0.0,0.005
70095,151563.03497787408,151563.03497787408,151895.5663016838,True,False,0,0,2.3646862246096134e-11,0.0,inf,,peaks,0.02338,0.004705750962827658,3.32213,0.0017818527853756762,152100.09289276385,True,False,0,0,2.7284841053187847e-12,0.0,inf,,peaks,0.021695125827907565,0.0044141084874703435,3.3169899598928754,0.0018373562317925514,d=+0.000 zeta=0.5%,0.0,0.005
70096,151563.03497787408,151563.03497787408,151360.4128150289,True,False,0,0,1.1368683772161603e-11,0.0,inf,,peaks,0.02338,0.005426601727179284,3.32213,0.0018913773524846299,151240.25033970785,True,False,1,0,0.0,7.275957614183426e-11,27.37757490886179,153133.56429513593,truth,0.02104828371046632,0.005043587508336195,3.322306903880276,0.0019476273030606956,d=+0.000 zeta=0.5%,0.0,0.005
70097,151563.03497787408,151563.03497787408,151195.68148067378,True,False,0,0,0.0,2.5920599000528455e-11,inf,,truth,0.02338,0.004749764875937922,3.32213,0.001848440937241109,151057.31656798208,True,False,0,0,1.3642420526593924e-11,0.0,inf,,peaks,0.023165299290645914,0.004679012365927679,3.3262212091703467,0.001964341677940539,d=+0.000 zeta=0.5%,0.0,0.005
70098,151563.03497787408,151563.03497787408,151734.44193452466,True,False,0,0,5.002220859751105e-12,0.0,inf,,peaks,0.02338,0.0048474736359129696,3.32213,0.0019028427407057178,151646.5397929881,True,False,0,0,4.0472514228895307e-11,0.0,inf,,peaks,0.023032838564278985,0.004768810147745582,3.3246945157251644,0.0019640238120554243,d=+0.000 zeta=0.5%,0.0,0.005
70099,151563.03497787408,151563.03497787408,151037.85021693635,True,False,0,0,0.0,2.7284841053187847e-11,inf,,truth,0.02338,0.005745151215220035,3.32213,0.001886574744733695,151066.33743404798,True,False,1,0,0.0,1.9235812942497432e-10,37.73719362527845,155638.1102936079,truth,0.024515080169812513,0.005831913263593376,3.324559776675053,0.0019830688382102986,d=+0.000 zeta=0.5%,0.0,0.005
80000,154020.52589321043,154020.52589321043,153867.89464479464,True,False,0,0,4.5929482439532876e-11,1.546140993013978e-11,inf,,truth,0.02338,0.004819253349545562,3.32213,0.0018053749570207506,153869.80492827526,True,False,0,0,3.637978807091713e-12,4.547473508864641e-12,inf,,truth,0.023687558369522146,0.004839136704540237,3.321576076159351,0.001919575124124525,d=+0.008 zeta=0.5%,0.008031998967775265,0.005
80001,154020.52589321043,154020.52589321043,153895.82651715513,True,False,0,0,0.0,9.094947017729282e-13,inf,,mirror,0.02338,0.004962816217912965,3.32213,0.0017332132931047485,153911.06263875717,True,False,0,0,1.1823431123048067e-11,2.7284841053187847e-11,inf,,small_s,0.02285989795123325,0.0048461996225415555,3.3231223536073764,0.0018617650915106788,d=+0.008 zeta=0.5%,0.008031998967775265,0.005
80002,154020.52589321043,154020.52589321043,153793.25076368515,True,False,0,0,1.2732925824820995e-11,3.183231456205249e-12,inf,,truth,0.02338,0.004886007316054397,3.32213,0.0018279863349517035,153720.97591555872,True,False,1,0,0.0,1.2732925824820995e-11,inf,,mirror,0.0229491414465571,0.004774130836570551,3.3256677498534137,0.0019053760265394307,d=+0.008 zeta=0.5%,0.008031998967775265,0.005
80003,154020.52589321043,154020.52589321043,154419.96885783935,True,False,0,0,1.77351466845721e-11,1.3642420526593924e-11,inf,,truth,0.02338,0.006283484885419297,3.32213,0.0020094479285784708,154448.30683473783,True,False,0,0,3.3651303965598345e-11,0.0,23.853369701258544,166944.82778084217,peaks,0.023022975677236407,0.006264530116716997,3.321645101151551,0.0020806601182300414,d=+0.008 zeta=0.5%,0.008031998967775265,0.005
80004,154020.52589321043,154020.52589321043,154410.3891867123,True,False,0,0,3.637978807091713e-12,1.000444171950221e-11,inf,,truth,0.02338,0.003991896490047361,3.32213,0.0016897737172731464,154287.77588686004,True,False,1,0,0.0,3.319655661471188e-11,inf,,mirror,0.02418861605916646,0.004057499639161994,3.323874438313625,0.0018584301442416053,d=+0.008 zeta=0.5%,0.008031998967775265,0.005
80005,154020.52589321043,154020.52589321043,154165.77630915897,True,False,0,0,2.9103830456733704e-11,2.7284841053187847e-12,inf,,truth,0.02338,0.004833492436132213,3.32213,0.0018965274205110202,154035.5306445496,True,False,1,0,0.0,1.000444171950221e-11,inf,,mirror,0.025300353351310045,0.005100860295740418,3.3246332472631877,0.0019667099225438595,d=+0.008 zeta=0.5%,0.008031998967775265,0.005
80006,154020.52589321043,154020.52589321043,154075.5059467639,True,False,0,2,1.3642420526593924e-11,0.0,inf,,peaks,0.02338,0.0049203302503994,3.32213,0.0017202580474332397,154301.85971463827,True,False,0,0,1.546140993013978e-11,0.0,inf,,peaks,0.023273794244574847,0.004728997001662214,3.314298099734967,0.0018412033346395834,d=+0.008 zeta=0.5%,0.008031998967775265,0.005
80007,154020.52589321043,154020.52589321043,153739.14122799574,True,False,0,0,0.0,2.0463630789890885e-11,inf,,truth,0.02338,0.004194512527348637,3.32213,0.0017622841753221709,153833.20438645442,True,False,0,0,1.4551915228366852e-11,0.0,43.57150222034943,152915.59423605667,peaks,0.022085588808311282,0.00402025458723033,3.321385979323693,0.0018738074047516134,d=+0.008 zeta=0.5%,0.008031998967775265,0.005
80008,154020.52589321043,154020.52589321043,154178.26419695342,True,False,0,0,2.2737367544323206e-11,0.0,inf,,peaks,0.02338,0.005636959332004214,3.32213,0.0019330965592775045,154123.58129879547,True,False,0,0,5.4569682106375694e-12,1.864464138634503e-11,inf,,truth,0.02334447416841141,0.005572377148104063,3.3252543929089584,0.0019634074706635168,d=+0.008 zeta=0.5%,0.008031998967775265,0.005
80009,154020.52589321043,154020.52589321043,153694.9036279983,True,False,0,0,2.2737367544323206e-12,0.0,inf,,peaks,0.02338,0.005881744779925545,3.32213,0.0020357864081288132,153660.23137928208,True,False,0,0,0.0,5.4569682106375694e-12,31.190456610389447,152488.84959319566,mirror,0.023956960847514915,0.005976104026708914,3.323649786703923,0.002071283675521326,d=+0.008 zeta=0.5%,0.008031998967775265,0.005
80010,154020.52589321043,154020.52589321043,154474.73886307105,True,False,0,0,1.4551915228366852e-11,0.0,inf,,peaks,0.02338,0.006030823565902333,3.32213,0.0020499657698001975,154506.9583178611,True,False,1,0,1.1823431123048067e-11,3.183231456205249e-12,inf,,truth,0.023520421321481428,0.005986675149775881,3.319824200252095,0.0021355011667308697,d=+0.008 zeta=0.5%,0.008031998967775265,0.005
80011,154020.52589321043,154020.52589321043,153923.4205594454,True,False,0,0,2.1373125491663814e-11,5.9117155615240335e-12,inf,,truth,0.02338,0.005191329740679767,3.32213,0.0017911115080236802,154040.91729463474,True,False,0,0,1.000444171950221e-11,5.184119800105691e-11,inf,,truth,0.022957308342220543,0.0051384636180087295,3.318414502616924,0.0018879162855272229,d=+0.008 zeta=0.5%,0.008031998967775265,0.005
80012,154020.52589321043,154020.52589321043,153973.75214998776,True,False,0,0,0.0,3.456079866737127e-11,inf,,mirror,0.02338,0.0052041176224084905,3.32213,0.0018648937306129005,153960.36782513047,True,False,1,0,5.184119800105691e-11,0.0,inf,,peaks,0.022469636813736506,0.005050389096743658,3.324271702963946,0.0019202362725637592,d=+0.008 zeta=0.5%,0.008031998967775265,0.005
80013,154020.52589321043,154020.52589321043,154275.64625584698,True,False,0,0,8.185452315956354e-12,0.0,inf,,peaks,0.02338,0.004888533161138022,3.32213,0.001757619949552891,154354.73444477213,True,False,1,0,0.0,0.0,inf,,mirror,0.021569791351951327,0.004608161993127018,3.3236397867803014,0.0018420017677026046,d=+0.008 zeta=0.5%,0.008031998967775265,0.005
80014,154020.52589321043,154020.52589321043,154181.15652780718,True,False,0,0,9.094947017729282e-13,2.7284841053187847e-12,inf,,truth,0.02338,0.005007898610997327,3.32213,0.0018297422551704656,154136.71075339246,True,False,1,0,5.9117155615240335e-12,4.092726157978177e-12,inf,,truth,0.02344097512870993,0.005016619316896094,3.3237551647620553,0.0019272888563728302,d=+0.008 zeta=0.5%,0.008031998967775265,0.005
80015,154020.52589321043,154020.52589321043,153633.1043377777,True,False,0,0,0.0,3.54702933691442e-11,inf,,mirror,0.02338,0.0052387867237888115,3.32213,0.0018879816272368772,153704.48337066625,True,False,0,0,4.092726157978177e-12,0.0,40.09995426455134,152096.9099184335,peaks,0.024715272126251953,0.0052747510790231095,3.3178943398245253,0.0019760688760559284,d=+0.008 zeta=0.5%,0.008031998967775265,0.005
80016,154020.52589321043,154020.52589321043,154088.82303338952,True,False,0,0,9.094947017729282e-13,2.7284841053187847e-12,inf,,truth,0.02338,0.004479550640166793,3.32213,0.0017809096842957104,153986.0103058142,True,False,1,0,9.868017514236271e-11,0.0,inf,,truth,0.025246415585473407,0.004604728398814059,3.322155542404154,0.0019039112358207092,d=+0.008 zeta=0.5%,0.008031998967775265,0.005
80017,154020.52589321043,154020.52589321043,154327.889921806,True,False,0,0,4.547473508864641e-12,0.0,inf,,peaks,0.02338,0.006480064211860668,3.32213,0.0020139302756384475,154373.88509306477,True,False,0,0,1.8189894035458565e-12,0.0,inf,,peaks,0.023229538460100074,0.006392340176454773,3.319132677767376,0.002051712927490071,d=+0.008 zeta=0.5%,0.008031998967775265,0.005
80018,154020.52589321043,154020.52589321043,154263.71005813035,True,False,0,0,0.0,7.366907084360719e-11,inf,,mirror,0.02338,0.004133618850078701,3.32213,0.0016784115576154862,154220.21487653628,True,False,1,0,1.8189894035458565e-12,0.0,inf,,peaks,0.023713862132279825,0.004158202025233203,3.3226977682575387,0.0018043253947173119,d=+0.008 zeta=0.5%,0.008031998967775265,0.005
80019,154020.52589321043,154020.52589321043,153954.15585156245,True,False,0,0,0.0,7.275957614183426e-12,inf,,mirror,0.02338,0.004694613476604379,3.32213,0.0018445377713967866,153991.01295467597,True,False,0,0,1.546140993013978e-11,0.0,inf,,peaks,0.023947226040937165,0.004772808605601123,3.3197520238904086,0.0019912227105649202,d=+0.008 zeta=0.5%,0.008031998967775265,0.005
80020,154020.52589321043,154020.52589321043,154095.77957553818,True,False,0,0,4.092726157978177e-12,0.0,inf,,peaks,0.02338,0.004304265603805849,3.32213,0.0017418536002950754,153859.30649653112,True,False,1,0,0.0,4.092726157978177e-12,inf,,mirror,0.02496535774096037,0.004249218491526159,3.3267447122927134,0.0018368047652320611,d=+0.008 zeta=0.5%,0.008031998967775265,0.005
80021,154020.52589321043,154020.52589321043,154186.53498855565,True,False,0,0,0.0,9.094947017729282e-13,inf,,mirror,0.02338,0.005177168120167177,3.32213,0.0019034972319238689,154090.99331494866,True,False,1,0,1.6916601452976465e-10,3.1377567211166024e-11,inf,,truth,0.02441666233420381,0.005254867186138534,3.323658087241406,0.001993699086153617,d=+0.008 zeta=0.5%,0.008031998967775265,0.005
80022,154020.52589321043,154020.52589321043,154117.4592718233,True,False,0,0,9.094947017729282e-13,2.2737367544323206e-12,inf,,truth,0.02338,0.004857451197241349,3.32213,0.001813235760184024,154074.8778269389,True,False,0,0,9.549694368615746e-12,1.0913936421275139e-11,inf,,small_s,0.0235662120273096,0.0048500581923886,3.3232941336584867,0.0019085877547444184,d=+0.008 zeta=0.5%,0.008031998967775265,0.005
80023,154020.52589321043,154020.52589321043,153947.57225184242,True,False,0,0,2.637534635141492e-11,1.0913936421275139e-11,inf,,truth,0.02338,0.006080742724449129,3.32213,0.001983677115824518,153901.29501084765,True,False,0,0,2.546585164964199e-11,4.547473508864641e-12,inf,,truth,0.02248013414994407,0.005621420902434796,3.3282244226673567,0.0020012113223094033,d=+0.008 zeta=0.5%,0.008031998967775265,0.005
80024,154020.52589321043,154020.52589321043,153653.0778159841,True,False,0,0,0.0,2.3646862246096134e-11,inf,,mirror,0.02338,0.005027645329952671,3.32213,0.001872919014464106,153674.0978807656,True,False,0,1,1.8189894035458565e-11,8.185452315956354e-12,inf,,truth,0.024009876942470663,0.0051150240283408775,3.3204185396451966,0.001962916711556692,d=+0.008 zeta=0.5%,0.008031998967775265,0.005
80025,154020.52589321043,154020.52589321043,153784.36047542942,True,False,0,0,2.1373125491663814e-11,0.0,inf,,peaks,0.02338,0.005056914411570534,3.32213,0.0017874181027363524,153746.87704572108,True,False,1,0,4.092726157978177e-12,0.0,inf,,peaks,0.0232489117666712,0.005015515463065424,3.323865475271961,0.0018647107693470814,d=+0.008 zeta=0.5%,0.008031998967775265,0.005
80026,154020.52589321043,154020.52589321043,154266.37998414514,True,False,0,0,1.864464138634503e-11,9.094947017729282e-12,inf,,truth,0.02338,0.0052820122258690205,3.32213,0.0018830680599882757,154234.05859939096,True,False,0,0,9.868017514236271e-11,5.4569682106375694e-12,35.31699439374643,168757.53279579725,truth,0.023665783132494306,0.005306824274365183,3.322813999044484,0.0019865342301309723,d=+0.008 zeta=0.5%,0.008031998967775265,0.005
80027,154020.52589321043,154020.52589321043,154112.57037436063,True,False,0,0,2.8194335754960775e-11,0.0,inf,,peaks,0.02338,0.0049637264830479245,3.32213,0.001894726514668725,154078.7453936429,True,False,0,0,1.8189894035458565e-12,3.5925040720030665e-11,inf,,small_s,0.023710580788308722,0.0050002694120543645,3.3226056188424318,0.0020062557175685057,d=+0.008 zeta=0.5%,0.008031998967775265,0.005
80028,154020.52589321043,154020.52589321043,153882.08830258713,True,False,0,0,3.637978807091713e-12,0.0,inf,,peaks,0.02338,0.006073252969782654,3.32213,0.0019925711820243533,154014.3977830945,True,False,1,0,3.183231456205249e-12,0.0,inf,,peaks,0.02069354677986027,0.005560683504512531,3.3223658576951873,0.0020118878976503585,d=+0.008 zeta=0.5%,0.008031998967775265,0.005
80029,154020.52589321043,154020.52589321043,154344.15890245198,True,False,0,0,1.3642420526593924e-12,0.0,inf,,peaks,0.02338,0.005296817123497533,3.32213,0.0019415521193022103,154254.3014887563,True,False,1,0,1.9099388737231493e-11,0.0,inf,,peaks,0.023647127392744376,0.005317033434994625,3.3257285854567735,0.0019952004585925,d=+0.008 zeta=0.5%,0.008031998967775265,0.005
80030,154020.52589321043,154020.52589321043,154290.7140683166,True,False,0,0,2.5011104298755527e-11,0.0,inf,,truth,0.02338,0.004754621392361481,3.32213,0.0018412914061239469,154343.26080085864,True,False,1,0,2.2737367544323206e-12,0.0,inf,,peaks,0.023274102803179292,0.004748151285366502,3.320706147574282,0.0019860987588128116,d=+0.008 zeta=0.5%,0.008031998967775265,0.005
80031,154020.52589321043,154020.52589321043,153953.80411623084,True,False,0,0,1.2278178473934531e-11,3.183231456205249e-12,inf,,truth,0.02338,0.004372352439699297,3.32213,0.0016901824906642837,153869.0264381303,True,False,1,0,2.091837814077735e-11,0.0,inf,,peaks,0.024877400714654867,0.0044930962313019015,3.32146184743817,0.0018363954490666604,d=+0.008 zeta=0.5%,0.008031998967775265,0.005
80032,154020.52589321043,154020.52589321043,153782.53974075272,True,False,0,0,0.0,4.547473508864641e-13,inf,,mirror,0.02338,0.004693917727698842,3.32213,0.0017015041388141442,153863.93326417747,True,False,0,0,1.7280399333685637e-11,0.0,inf,,peaks,0.023456486960559846,0.004688653330719813,3.3191410504500216,0.001847766784458193,d=+0.008 zeta=0.5%,0.008031998967775265,0.005
80033,154020.52589321043,154020.52589321043,154193.7134840841,True,False,0,0,0.0,0.0,inf,,mirror,0.02338,0.0049697828341213005,3.32213,0.001817065247726273,154257.3018748677,True,False,1,0,2.1827872842550278e-11,0.0,inf,,peaks,0.022080287461924943,0.004793025484640795,3.323218329413263,0.0019415491187050396,d=+0.008 zeta=0.5%,0.008031998967775265,0.005
80034,154020.52589321043,154020.52589321043,154080.21676823424,True,False,0,0,1.000444171950221e-11,0.0,inf,,peaks,0.02338,0.005592340089082435,3.32213,0.0018673875325795697,154092.07832025844,True,False,0,0,4.729372449219227e-11,4.6838977141305804e-11,inf,,small_s,0.022289149132042475,0.005386660308931655,3.3244519471776486,0.0019124319616542604,d=+0.008 zeta=0.5%,0.008031998967775265,0.005
80035,154020.52589321043,154020.52589321043,154196.54457964617,True,False,0,0,0.0,1.4551915228366852e-11,inf,,mirror,0.02338,0.005020825396503711,3.32213,0.0018357291795353546,154351.76727578978,True,False,0,0,0.0,2.9103830456733704e-11,inf,,mirror,0.022010151409658764,0.004878360248312479,3.320517228000893,0.0019460944057483488,d=+0.008 zeta=0.5%,0.008031998967775265,0.005
80036,154020.52589321043,154020.52589321043,153985.4471976306,True,False,0,0,2.7284841053187847e-12,0.0,inf,,truth,0.02338,0.004892604661359129,3.32213,0.001725894179865555,154082.12622434692,True,False,0,0,6.821210263296962e-12,0.0,inf,,peaks,0.02230586579282531,0.004805617789531764,3.3214020689148915,0.0018619763266275633,d=+0.008 zeta=0.5%,0.008031998967775265,0.005
80037,154020.52589321043,154020.52589321043,153555.2611197062,True,False,0,0,1.8189894035458565e-12,6.366462912410498e-11,inf,,truth,0.02338,0.005350201833208998,3.32213,0.0019203734514399707,153604.23797834766,True,False,1,0,4.547473508864641e-13,0.0,inf,,peaks,0.02480271394872582,0.0054707728992756275,3.31776701802659,0.002002227164672984,d=+0.008 zeta=0.5%,0.008031998967775265,0.005
80038,154020.52589321043,154020.52589321043,153792.35013989845,True,False,0,0,2.5920599000528455e-11,5.002220859751105e-12,inf,,truth,0.02338,0.0046380000520107375,3.32213,0.0017693840151078763,153789.82798910094,True,False,0,0,2.2737367544323206e-11,0.0,inf,,peaks,0.023057161058383954,0.004599032223647141,3.3227052790594214,0.0018584236584777152,d=+0.008 zeta=0.5%,0.008031998967775265,0.005
80039,154020.52589321043,154020.52589321043,154237.25686137256,True,False,0,0,0.0,3.001332515850663e-11,inf,,mirror,0.02338,0.004264176606523821,3.32213,0.0016346111358435335,154432.52494034992,True,False,0,0,1.2278178473934531e-11,6.502887117676437e-11,inf,,small_s,0.022220062192780728,0.004133584093795764,3.319660575217615,0.0018331332432952952,d=+0.008 zeta=0.5%,0.008031998967775265,0.005
80040,154020.52589321043,154020.52589321043,154155.58866819934,True,False,0,0,4.774847184307873e-11,0.0,inf,,peaks,0.02338,0.005516562759758409,3.32213,0.0019705411812696405,154310.98150165152,True,False,0,0,0.0,0.0,25.115690777502095,153508.24712640504,mirror,0.02136691323938049,0.005189950089792907,3.3205725449329164,0.0020202506405158473,d=+0.008 zeta=0.5%,0.008031998967775265,0.005
80041,154020.52589321043,154020.52589321043,154616.95704180992,True,False,0,0,1.546140993013978e-11,1.8189894035458565e-12,inf,,truth,0.02338,0.004811372561783743,3.32213,0.0017792596306172932,154527.23681613972,True,False,1,0,0.0,2.7284841053187847e-12,inf,,mirror,0.02378590453200164,0.004815463540111258,3.324580092180908,0.0018790090864749648,d=+0.008 zeta=0.5%,0.008031998967775265,0.005
80042,154020.52589321043,154020.52589321043,154272.3512441024,False,False,0,1,3.637978807091713e-12,0.0,inf,,peaks,0.02338,0.005072416553689812,3.32213,0.0018228066177112588,154179.36175664514,True,False,0,0,4.3655745685100555e-11,0.0,36.860493920986755,172315.34948394797,truth,0.02398691175415387,0.005027488691634928,3.323992909697042,0.0019526544590489452,d=+0.008 zeta=0.5%,0.008031998967775265,0.005
80043,154020.52589321043,154020.52589321043,154848.18083912137,True,False,0,0,0.0,4.5929482439532876e-11,inf,,truth,0.02338,0.0060604934888141455,3.32213,0.0019532863266276917,154896.50061612602,True,False,0,0,1.9554136088117957e-11,4.092726157978177e-11,22.94090185766663,172685.4353935071,truth,0.02285093630473647,0.006020230428400485,3.321519705888238,0.0020676788978660756,d=+0.008 zeta=0.5%,0.008031998967775265,0.005
80044,154020.52589321043,154020.52589321043,153616.78463260346,True,False,0,0,0.0,0.0,inf,,mirror,0.02338,0.004893802427951874,3.32213,0.0017623917971187411,153733.1114843369,True,False,0,0,5.4569682106375694e-12,1.864464138634503e-11,inf,,truth,0.022624143496754744,0.004766383329980399,3.319618372082036,0.0018826819411733036,d=+0.008 zeta=0.5%,0.008031998967775265,0.005
80045,154020.52589321043,154020.52589321043,154211.04657827385,True,False,0,0,2.2737367544323206e-12,2.637534635141492e-11,inf,,truth,0.02338,0.005278459157315028,3.32213,0.0018854427918559191,154253.8374139251,True,False,0,0,7.275957614183426e-12,0.0,inf,,peaks,0.023542127084610405,0.005274405966320125,3.3201945017485843,0.0019538176806192377,d=+0.008 zeta=0.5%,0.008031998967775265,0.005
80046,154020.52589321043,154020.52589321043,153948.45953505026,True,False,0,0,0.0,3.637978807091713e-12,inf,,mirror,0.02338,0.005338441275228178,3.32213,0.00198855661155104,153786.12674532767,True,False,1,0,2.4101609596982598e-11,0.0,inf,,peaks,0.02454482963913665,0.005300145965249342,3.3286320653346473,0.0020119660545811716,d=+0.008 zeta=0.5%,0.008031998967775265,0.005
80047,154020.52589321043,154020.52589321043,153590.1363662077,True,False,0,0,2.091837814077735e-11,5.4569682106375694e-12,inf,,truth,0.02338,0.005244225516656466,3.32213,0.002002409786008047,153541.45265504785,True,False,1,0,6.366462912410498e-12,4.547473508864641e-12,inf,,truth,0.025097871386740186,0.005412689120782254,3.321650919523179,0.0020935634935077105,d=+0.008 zeta=0.5%,0.008031998967775265,0.005
80048,154020.52589321043,154020.52589321043,153348.05023831932,True,False,0,0,0.0,7.275957614183426e-12,inf,,mirror,0.02338,0.00465373823101841,3.32213,0.0018201358294018218,153324.4819818006,True,False,0,0,8.640199666842818e-12,8.640199666842818e-12,inf,,truth,0.024427765029295778,0.0047619365476354435,3.3218538053947384,0.0019118144101886395,d=+0.008 zeta=0.5%,0.008031998967775265,0.005
80049,154020.52589321043,154020.52589321043,154189.8643119683,True,False,0,0,9.549694368615746e-12,0.0,inf,,peaks,0.02338,0.004314347089317812,3.32213,0.0015950341048887352,154164.6052009208,True,False,1,0,0.0,3.865352482534945e-11,inf,,mirror,0.022547748388377142,0.0040380485132854305,3.3252826772403137,0.0017928296285112846,d=+0.008 zeta=0.5%,0.008031998967775265,0.005
80050,154020.52589321043,154020.52589321043,153818.64905815857,True,False,0,0,9.094947017729282e-12,2.955857780762017e-11,inf,,truth,0.02338,0.004928467881842818,3.32213,0.0017953646772813033,153745.88814561052,True,False,1,0,0.0,1.4551915228366852e-11,inf,,mirror,0.024332784480325352,0.004978629877201879,3.323112363667249,0.0018854787508616896,d=+0.008 zeta=0.5%,0.008031998967775265,0.005
80051,154020.52589321043,154020.52589321043,153675.44410823827,True,False,0,0,1.7280399333685637e-11,0.0,inf,,peaks,0.02338,0.004878878174147375,3.32213,0.0019417111645898576,153565.0407000179,True,False,0,0,1.6370904631912708e-11,0.0,45.923833316240234,167110.09055181718,peaks,0.025259646374072027,0.005018477562537512,3.3254085822007537,0.002002415000754367,d=+0.008 zeta=0.5%,0.008031998967775265,0.005
80052,154020.52589321043,154020.52589321043,153522.70684848638,True,False,0,0,0.0,2.2737367544323206e-12,inf,,mirror,0.02338,0.004648429619650118,3.32213,0.0017941061692413659,153421.2916028896,True,False,1,0,1.000444171950221e-11,0.0,inf,,peaks,0.02361564665655981,0.004689848077429457,3.3251723330783807,0.0018802174017693697,d=+0.008 zeta=0.5%,0.008031998967775265,0.005
80053,154020.52589321043,154020.52589321043,154158.08597628045,True,False,0,0,1.1823431123048067e-11,4.547473508864641e-12,inf,,truth,0.02338,0.004954672865374403,3.32213,0.0018227459578108824,154122.41251857576,True,False,1,0,1.1368683772161603e-11,1.8189894035458565e-12,inf,,truth,0.023540951714106507,0.004993457943456417,3.32316635632,0.0019057975301765414,d=+0.008 zeta=0.5%,0.008031998967775265,0.005
80054,154020.52589321043,154020.52589321043,154294.33451118134,True,False,0,0,2.7284841053187847e-12,5.184119800105691e-11,inf,,truth,0.02338,0.005481474293741049,3.32213,0.002000898797679239,154340.29404518096,True,False,0,0,0.0,1.0459189070388675e-11,inf,,mirror,0.023145321893848714,0.005431592518903431,3.320695214624484,0.0020671569462293077,d=+0.008 zeta=0.5%,0.008031998967775265,0.005
80055,154020.52589321043,154020.52589321043,154338.27313160818,True,False,0,0,0.0,8.049028110690415e-11,inf,,mirror,0.02338,0.004636506627565323,3.32213,0.0017573424459776175,154307.04562255807,True,False,1,0,0.0,1.3642420526593924e-11,inf,,mirror,0.02263390397460539,0.00449328817252149,3.3244922137928534,0.001841573420869232,d=+0.008 zeta=0.5%,0.008031998967775265,0.005
80056,154020.52589321043,154020.52589321043,153831.9276247855,True,False,0,0,5.9117155615240335e-12,1.3642420526593924e-12,inf,,truth,0.02338,0.004509916255094676,3.32213,0.0017622638771659035,153839.5774906756,True,False,1,0,5.9117155615240335e-12,1.2278178473934531e-11,inf,,truth,0.023593417713949356,0.004537649351473624,3.321540586455056,0.0018790397595092143,d=+0.008 zeta=0.5%,0.008031998967775265,0.005
80057,154020.52589321043,154020.52589321043,153783.44982601565,True,False,0,0,0.0,8.185452315956354e-12,inf,,mirror,0.02338,0.004913540648779869,3.32213,0.0018502965085640452,153807.600595796,True,False,0,0,0.0,1.2278178473934531e-11,45.889633936300925,152950.45068274613,mirror,0.024462410411503863,0.004994263594147441,3.3193076437283677,0.0019715230292447605,d=+0.008 zeta=0.5%,0.008031998967775265,0.005
80058,154020.52589321043,154020.52589321043,154046.5485157224,True,False,0,0,0.0,3.637978807091713e-12,inf,,mirror,0.02338,0.004987896066757313,3.32213,0.001820342356913785,154179.35688378988,True,False,0,0,0.0,1.0832081898115575e-09,33.45259670746191,170861.49335107385,mirror,0.022604857901827327,0.004964658065758343,3.319519465082649,0.001956057841598201,d=+0.008 zeta=0.5%,0.008031998967775265,0.005
80059,154020.52589321043,154020.52589321043,153889.01983791473,True,False,0,0,2.7284841053187847e-12,8.640199666842818e-12,inf,,truth,0.02338,0.004926629139186614,3.32213,0.00179169898103229,154027.38610427486,True,False,0,0,4.092726157978177e-12,2.955857780762017e-11,inf,,truth,0.02311465791305734,0.0049902215294965555,3.3179814937405,0.001969059543067187,d=+0.008 zeta=0.5%,0.008031998967775265,0.005
80060,154020.52589321043,154020.52589321043,154439.061669526,True,False,0,0,2.7284841053187847e-12,0.0,inf,,peaks,0.02338,0.0049015656332505875,3.32213,0.0018295149546375376,154460.2006869314,True,False,1,0,3.0468072509393096e-11,0.0,inf,,peaks,0.023931851842029592,0.004939295130669366,3.3203916126120925,0.0019312515771341648,d=+0.008 zeta=0.5%,0.008031998967775265,0.005
80061,154020.52589321043,154020.52589321043,153703.44767631294,True,False,0,0,4.547473508864641e-12,3.637978807091713e-12,inf,,truth,0.02338,0.004965319796952199,3.32213,0.0018081150907312534,153793.20562414694,True,False,1,0,2.5011104298755527e-11,4.547473508864641e-13,inf,,truth,0.023830063003332097,0.00519257310901171,3.3174649105397935,0.001976752169675492,d=+0.008 zeta=0.5%,0.008031998967775265,0.005
80062,154020.52589321043,154020.52589321043,154023.82709972403,True,False,0,0,0.0,2.2737367544323206e-11,inf,,mirror,0.02338,0.005397094182940105,3.32213,0.0019257305940534057,153982.57219284962,True,False,0,1,1.2278178473934531e-11,0.0,inf,,peaks,0.023322226661764776,0.005345433071818628,3.32411617920544,0.0019822275327640625,d=+0.008 zeta=0.5%,0.008031998967775265,0.005
80063,154020.52589321043,154020.52589321043,153908.9824139989,True,False,0,0,3.2741809263825417e-11,4.274625098332763e-11,inf,,truth,0.02338,0.00633629171637199,3.32213,0.00196533836288963,154076.35521072647,True,False,1,0,0.0,3.183231456205249e-12,inf,,mirror,0.022428883712744725,0.0061683301553741385,3.3152254304829394,0.002053204297998513,d=+0.008 zeta=0.5%,0.008031998967775265,0.005
80064,154020.52589321043,154020.52589321043,154105.89332145045,True,False,0,0,5.9117155615240335e-12,7.275957614183426e-12,inf,,truth,0.02338,0.004851333205338664,3.32213,0.001824341581848823,154229.35205330307,True,False,0,0,1.2732925824820995e-11,5.4569682106375694e-12,36.3882547327521,169888.05459565064,truth,0.023035978140592748,0.00477351086151247,3.3188810453480695,0.0019862663764534127,d=+0.008 zeta=0.5%,0.008031998967775265,0.005
80065,154020.52589321043,154020.52589321043,153618.5622348747,True,False,0,0,0.0,8.640199666842818e-12,inf,,mirror,0.02338,0.005064648754857906,3.32213,0.0019305237749444506,153598.87739903815,True,False,1,0,1.77351466845721e-11,4.274625098332763e-11,inf,,truth,0.02633622970530531,0.00525608816076268,3.3190749554056778,0.00202182588196242,d=+0.008 zeta=0.5%,0.008031998967775265,0.005
80066,154020.52589321043,154020.52589321043,154212.06429863637,True,False,0,0,7.73070496506989e-12,6.821210263296962e-12,inf,,truth,0.02338,0.0051121961677317185,3.32213,0.0018806609790120105,154138.25423204806,True,False,1,0,5.4569682106375694e-12,0.0,inf,,peaks,0.02380752342341624,0.005055556967776749,3.3238300421201727,0.0019908828751453406,d=+0.008 zeta=0.5%,0.008031998967775265,0.005
80067,154020.52589321043,154020.52589321043,153734.6561410802,True,False,0,0,0.0,1.546140993013978e-11,inf,,mirror,0.02338,0.005172734215938244,3.32213,0.002015756959168394,153658.19581310402,True,False,1,0,1.0459189070388675e-11,1.8189894035458565e-12,inf,,truth,0.023476214301574677,0.005238524511014109,3.324844582346642,0.00206938623786734,d=+0.008 zeta=0.5%,0.008031998967775265,0.005
80068,154020.52589321043,154020.52589321043,153994.38051928006,True,False,0,0,1.8189894035458565e-12,0.0,inf,,peaks,0.02338,0.005293509923510341,3.32213,0.0019064568935540475,153990.89154806867,True,False,0,0,0.0,6.366462912410498e-12,35.4135735854843,169040.37017838057,mirror,0.023962630615045437,0.005352641666769291,3.3210676833138493,0.0020026185816472337,d=+0.008 zeta=0.5%,0.008031998967775265,0.005
80069,154020.52589321043,154020.52589321043,153943.63506951253,True,False,0,0,9.094947017729282e-13,0.0,inf,,peaks,0.02338,0.005289830304574991,3.32213,0.0018240196947058908,153892.5670537163,True,False,1,0,8.640199666842818e-12,4.547473508864641e-12,inf,,truth,0.024249860232386747,0.005392634026833812,3.3218834584960923,0.0019272740182884004,d=+0.008 zeta=0.5%,0.008031998967775265,0.005
80070,154020.52589321043,154020.52589321043,154593.30273237752,True,False,0,0,1.6825651982799172e-11,0.0,inf,,truth,0.02338,0.0056415209328947395,3.32213,0.0018565292304129786,154711.35105820157,True,False,1,0,0.0,1.3642420526593924e-12,inf,,mirror,0.021363278645329317,0.005325047683519204,3.322767902290436,0.0019258557817758161,d=+0.008 zeta=0.5%,0.008031998967775265,0.005
80071,154020.52589321043,154020.52589321043,154710.3815783216,True,False,0,0,6.366462912410498e-12,8.185452315956354e-12,inf,,truth,0.02338,0.0046733539633165835,3.32213,0.0017454607695667256,154689.95379665328,True,False,1,0,2.7284841053187847e-12,5.3660187404602766e-11,inf,,truth,0.023256506434178377,0.004611539362629329,3.323119723272828,0.001860398479114239,d=+0.008 zeta=0.5%,0.008031998967775265,0.005
80072,154020.52589321043,154020.52589321043,154331.6963363855,True,False,0,0,0.0,4.729372449219227e-11,inf,,mirror,0.02338,0.005204778425832022,3.32213,0.0018584347848212407,154368.26840284633,True,False,1,0,0.0,4.547473508864641e-12,inf,,mirror,0.022734527675988114,0.005119680165254152,3.3223679517755693,0.0019751617527899103,d=+0.008 zeta=0.5%,0.008031998967775265,0.005
80073,154020.52589321043,154020.52589321043,153817.87363149427,True,False,0,0,0.0,5.4569682106375694e-12,inf,,mirror,0.02338,0.005086426130469571,3.32213,0.0018736596912465736,153832.36027805353,True,False,0,0,0.0,3.637978807091713e-12,inf,,mirror,0.02262288192168025,0.004969143905442749,3.323060632644489,0.0019429949146434098,d=+0.008 zeta=0.5%,0.008031998967775265,0.005
80074,154020.52589321043,154020.52589321043,153729.72659887033,True,False,0,0,0.0,6.366462912410498e-12,inf,,mirror,0.02338,0.0035805590552992687,3.32213,0.0015232175867536354,153831.5092981469,True,False,0,0,5.002220859751105e-12,0.0,inf,,peaks,0.02325203083010335,0.003571309223720023,3.320038586407334,0.0017160318882490655,d=+0.008 zeta=0.5%,0.008031998967775265,0.005
80075,154020.52589321043,154020.52589321043,153825.82669833046,True,False,0,0,3.637978807091713e-11,0.0,inf,,peaks,0.02338,0.003772952746003184,3.32213,0.0015682014451617373,153835.49737861572,True,False,0,0,1.000444171950221e-11,1.3642420526593924e-11,inf,,small_s,0.024343106352527857,0.003888000815615613,3.3197055115257776,0.0017953200017735754,d=+0.008 zeta=0.5%,0.008031998967775265,0.005
80076,154020.52589321043,154020.52589321043,154481.24878975714,True,False,0,0,1.864464138634503e-11,5.002220859751105e-12,inf,,truth,0.02338,0.004258168192082724,3.32213,0.0017833566490965307,154462.30075927815,True,False,0,0,0.0,9.094947017729282e-12,43.93154836087979,164703.30750313224,mirror,0.023050553777876077,0.004219266869673989,3.323157947195438,0.0019110410703564063,d=+0.008 zeta=0.5%,0.008031998967775265,0.005
80077,154020.52589321043,154020.52589321043,153842.64432391548,True,False,0,0,7.275957614183426e-12,1.000444171950221e-11,inf,,truth,0.02338,0.005364253032556637,3.32213,0.001796594212752213,153959.91262500494,True,False,1,0,3.410605131648481e-11,0.0,inf,,peaks,0.022665670089210187,0.0053441018328512875,3.318888059816729,0.0018781847708497271,d=+0.008 zeta=0.5%,0.008031998967775265,0.005
80078,154020.52589321043,154020.52589321043,153468.73989584512,True,False,0,0,3.54702933691442e-11,9.094947017729282e-13,inf,,truth,0.02338,0.005044211911868673,3.32213,0.0018735789259778156,153556.78649886342,True,False,1,0,0.0,1.3642420526593924e-12,inf,,mirror,0.023571610014993805,0.0051255271835906,3.3186168384339982,0.0019800567147381315,d=+0.008 zeta=0.5%,0.008031998967775265,0.005
80079,154020.52589321043,154020.52589321043,154282.16391477035,True,False,0,0,0.0,1.3642420526593924e-12,inf,,mirror,0.02338,0.00493519298081995,3.32213,0.0017713336197775972,154253.87827675283,True,False,0,0,0.0,44.506635838539296,44.506635838539296,170940.04997386184,mirror,0.02412701458204272,0.005010125325597342,3.321420714535618,0.0018909563247677835,d=+0.008 zeta=0.5%,0.008031998967775265,0.005
80080,154020.52589321043,154020.52589321043,154106.17116648096,True,False,0,0,8.185452315956354e-12,0.0,inf,,peaks,0.02338,0.006063178679914399,3.32213,0.002053011242864947,154098.0910862936,True,False,0,0,0.0,3.6834535421803594e-11,inf,,mirror,0.02280462657817661,0.005831803992801049,3.3245973779161813,0.00210174537624549,d=+0.008 zeta=0.5%,0.008031998967775265,0.005
80081,154020.52589321043,154020.52589321043,153539.58480701887,True,False,0,0,0.0,7.275957614183426e-12,inf,,mirror,0.02338,0.005132359774887996,3.32213,0.0018718706756356187,153577.58395901375,True,False,1,0,0.0,1.4551915228366852e-11,inf,,mirror,0.02398862817169157,0.005147025044035942,3.3199026784922694,0.0019443037086412831,d=+0.008 zeta=0.5%,0.008031998967775265,0.005
80082,154020.52589321043,154020.52589321043,154088.43589084482,True,False,0,0,3.637978807091713e-12,3.183231456205249e-12,inf,,truth,0.02338,0.005717770411788334,3.32213,0.0020236174715068875,154023.10029295707,True,False,1,0,1.0459189070388675e-11,8.185452315956354e-12,inf,,truth,0.023290461496645844,0.005690218948249157,3.3260065101657195,0.002066150733888533,d=+0.008 zeta=0.5%,0.008031998967775265,0.005
80083,154020.52589321043,154020.52589321043,153619.7061404875,True,False,0,0,2.1827872842550278e-11,7.275957614183426e-12,inf,,truth,0.02338,0.005681898799231505,3.32213,0.0018959725508392578,153620.09206493836,True,False,0,0,4.547473508864641e-13,3.637978807091713e-11,inf,,truth,0.022431025307952986,0.005488553878864173,3.324168255340205,0.0019368049705101,d=+0.008 zeta=0.5%,0.008031998967775265,0.005
80084,154020.52589321043,154020.52589321043,154274.0852172373,True,False,0,0,6.366462912410498e-12,5.4569682106375694e-12,inf,,truth,0.02338,0.004526704624642765,3.32213,0.001675590479148979,154366.51142606538,True,False,1,0,9.094947017729282e-13,0.0,inf,,peaks,0.023385473997037585,0.00441153526475084,3.319111203579805,0.0018355350020143723,d=+0.008 zeta=0.5%,0.008031998967775265,0.005
80085,154020.52589321043,154020.52589321043,154132.34332617684,True,False,0,0,8.185452315956354e-12,0.0,inf,,peaks,0.02338,0.005311311519980886,3.32213,0.0017892509554353541,154269.68045432967,True,False,0,0,2.7284841053187847e-12,0.0,inf,,peaks,0.022073704646277583,0.005129397439116075,3.319146684112028,0.001861223272079052,d=+0.008 zeta=0.5%,0.008031998967775265,0.005
80086,154020.52589321043,154020.52589321043,154185.32645328512,True,False,0,0,0.0,3.183231456205249e-12,inf,,mirror,0.02338,0.0056379702839080845,3.32213,0.0020127542295622866,154224.65832707155,True,False,0,0,1.3642420526593924e-11,1.8189894035458565e-11,inf,,truth,0.0233088993552845,0.0055676982415300376,3.320521074721145,0.002122890650026211,d=+0.008 zeta=0.5%,0.008031998967775265,0.005
80087,154020.52589321043,154020.52589321043,153803.2637491176,True,False,0,0,2.7284841053187847e-12,2.2737367544323206e-12,inf,,truth,0.02338,0.004742490673862654,3.32213,0.001785938675674848,153886.58809552027,True,False,1,0,1.8189894035458565e-12,0.0,inf,,peaks,0.02353444611246057,0.004689656610365345,3.319177093965452,0.0019023820691541988,d=+0.008 zeta=0.5%,0.008031998967775265,0.005
80088,154020.52589321043,154020.52589321043,154295.22106849359,True,False,0,0,0.0,2.091837814077735e-11,inf,,mirror,0.02338,0.005062178348445292,3.32213,0.0018026481300401104,154302.5280650336,True,False,0,0,0.0,6.821210263296962e-12,inf,,mirror,0.023731308553940737,0.005121784778227144,3.3209995758405606,0.0019050169647565403,d=+0.008 zeta=0.5%,0.008031998967775265,0.005
80089,154020.52589321043,154020.52589321043,154067.39325837308,True,False,0,0,8.185452315956354e-12,4.547473508864641e-13,inf,,truth,0.02338,0.005545950921053863,3.32213,0.002045782992178311,153974.70060063933,True,False,0,0,3.637978807091713e-12,9.094947017729282e-13,inf,,truth,0.023397411389381634,0.005578651618248503,3.3268197112394504,0.0020659912768821553,d=+0.008 zeta=0.5%,0.008031998967775265,0.005
80090,154020.52589321043,154020.52589321043,153694.40690728606,True,False,0,0,2.2737367544323206e-12,0.0,inf,,peaks,0.02338,0.005113153610346671,3.32213,0.0018797320153558317,153784.44715983194,True,False,0,0,6.821210263296962e-12,0.0,44.436333065846156,170792.7258753245,peaks,0.025115737717067304,0.005025554371317599,3.3155240624444846,0.0019754265000844987,d=+0.008 zeta=0.5%,0.008031998967775265,0.005
80091,154020.52589321043,154020.52589321043,154070.1112737026,True,False,0,0,2.7284841053187847e-12,2.2737367544323206e-12,inf,,truth,0.02338,0.004753226379028993,3.32213,0.0016047813787761036,154329.9091290966,True,False,0,0,7.275957614183426e-12,1.3642420526593924e-11,inf,,small_s,0.020752606993630157,0.0044439903543451,3.3205973486664395,0.0017083574626938788,d=+0.008 zeta=0.5%,0.008031998967775265,0.005
80092,154020.52589321043,154020.52589321043,153360.20054941563,True,False,0,0,0.0,1.8189894035458565e-12,inf,,mirror,0.02338,0.00423119620632078,3.32213,0.0018204266261556384,153288.30757903084,True,False,1,0,2.5920599000528455e-11,0.0,44.453007160201196,152503.55072345812,peaks,0.02302935938654718,0.004185859323996127,3.323905192501221,0.0019168459719952787,d=+0.008 zeta=0.5%,0.008031998967775265,0.005
80093,154020.52589321043,154020.52589321043,154159.66340536883,True,False,0,0,1.0459189070388675e-11,0.0,inf,,peaks,0.02338,0.005760265256841388,3.32213,0.0020163802752408136,154177.25749324096,True,False,0,0,4.547473508864641e-13,0.0,inf,,peaks,0.023508802745406742,0.0057926960202634905,3.3208831571805844,0.0021033437675442015,d=+0.008 zeta=0.5%,0.008031998967775265,0.005
80094,154020.52589321043,154020.52589321043,153721.65061046017,True,False,0,0,9.094947017729282e-12,6.366462912410498e-12,inf,,truth,0.02338,0.004786311650493453,3.32213,0.001710914606186793,153774.51976800326,True,False,1,0,1.1368683772161603e-11,0.0,inf,,peaks,0.02196845783232834,0.004573677330404865,3.322518084824193,0.001770417881060661,d=+0.008 zeta=0.5%,0.008031998967775265,0.005
80095,154020.52589321043,154020.52589321043,154392.431259363,True,False,0,0,7.73070496506989e-12,0.0,inf,,peaks,0.02338,0.004086080692488468,3.32213,0.0016492867541680607,154499.6097688844,True,False,0,0,3.9108272176235914e-11,1.0277290130034089e-10,inf,,small_s,0.022512929869292736,0.004011392018832371,3.3215167075947774,0.0018727312019583932,d=+0.008 zeta=0.5%,0.008031998967775265,0.005
80096,154020.52589321043,154020.52589321043,154592.3702750935,True,False,0,0,0.0,2.2737367544323206e-11,inf,,mirror,0.02338,0.005120283627310393,3.32213,0.001836405704026311,154607.00832313384,True,False,0,0,2.1827872842550278e-11,2.7284841053187847e-12,inf,,truth,0.02456579471849737,0.005102672594540147,3.31875658333505,0.001985097698953846,d=+0.008 zeta=0.5%,0.008031998967775265,0.005
80097,154020.52589321043,154020.52589321043,153731.7648548661,True,False,0,0,4.547473508864641e-12,3.092281986027956e-11,inf,,truth,0.02338,0.0055443695995576366,3.32213,0.001982159307663188,153658.46678611738,True,False,1,0,3.637978807091713e-11,0.0,inf,,peaks,0.024786126966803053,0.005685884155689097,3.324683192576416,0.002025989149941035,d=+0.008 zeta=0.5%,0.008031998967775265,0.005
80098,154020.52589321043,154020.52589321043,153913.01668454712,True,False,0,0,0.0,1.8189894035458565e-12,inf,,mirror,0.02338,0.005432394431686214,3.32213,0.0020494151713235007,153887.22027128725,True,False,0,0,0.0,1.000444171950221e-11,inf,,mirror,0.024050510178893456,0.005552242559988175,3.3224843988473696,0.0021140376167741643,d=+0.008 zeta=0.5%,0.008031998967775265,0.005
80099,154020.52589321043,154020.52589321043,154040.66273420665,True,False,0,0,8.185452315956354e-12,9.094947017729282e-12,inf,,truth,0.02338,0.004405906379756846,3.32213,0.0017113989451459127,154223.27612035413,True,False,1,0,1.4097167877480388e-11,2.4101609596982598e-11,inf,,truth,0.022674146510632494,0.0042752384870842885,3.318273211883896,0.0018263007857525564,d=+0.008 zeta=0.5%,0.008031998967775265,0.005
90000,159444.98762692578,159444.98762692578,159356.20690995193,True,False,0,0,5.9117155615240335e-12,1.546140993013978e-11,inf,,truth,0.02338,0.004223623813631609,3.32213,0.001479496122494605,159138.02484901753,True,False,0,0,4.547473508864641e-13,28.594856767630972,28.594856767630972,161307.7308268597,small_s,0.025534040699526687,0.0043990562611834795,3.3206033015483007,0.0021567881415766885,d=+0.025 zeta=0.5%,0.02531239987183604,0.005
90001,159444.98762692578,159444.98762692578,159580.98351116708,True,False,0,0,9.094947017729282e-13,0.0,inf,,peaks,0.02338,0.00443746837361532,3.32213,0.0015391393481826662,159369.69528827711,True,False,0,0,0.0,4.092726157978177e-12,inf,,mirror,0.024711408536766823,0.004514236303205523,3.3273880507286133,0.0018815943120807056,d=+0.025 zeta=0.5%,0.02531239987183604,0.005
90002,159444.98762692578,159444.98762692578,159430.34371766774,True,False,0,0,0.0,3.501554601825774e-11,inf,,mirror,0.02338,0.005997671823122906,3.32213,0.0017908536737310948,159479.63740792053,True,False,0,0,3.637978807091713e-12,19.446265762338953,19.446265762338953,160790.22680731193,small_s,0.02329274255326862,0.005982605835013368,3.3189194669529076,0.0021741817950970566,d=+0.025 zeta=0.5%,0.02531239987183604,0.005
90003,159444.98762692578,159444.98762692578,159278.5118297742,True,False,0,0,3.637978807091713e-12,0.0,inf,,peaks,0.02338,0.0045168684609966075,3.32213,0.0016077937204341869,159093.40311778535,True,False,0,0,5.002220859751105e-12,0.0,inf,,peaks,0.025545861761186766,0.0046742268142556135,3.319014169673302,0.0023435659416392203,d=+0.025 zeta=0.5%,0.02531239987183604,0.005
90004,159444.98762692578,159444.98762692578,159078.2252734259,True,False,0,0,0.0,8.594724931754172e-11,inf,,mirror,0.02338,0.005285802627536212,3.32213,0.001698240345633475,158967.42945325034,True,False,0,0,1.8189894035458565e-11,25.744840166847098,25.744840166847098,174190.2357202866,truth,0.02557338073000677,0.005220575951119125,3.314557584247206,0.002217143240941995,d=+0.025 zeta=0.5%,0.02531239987183604,0.005
90005,159444.98762692578,159444.98762692578,159655.00851304634,True,False,0,0,1.6370904631912708e-11,0.0,inf,,peaks,0.02338,0.006307734099665159,3.32213,0.0018834851578181703,159557.34825976074,True,False,0,0,0.0,16.553743674056022,16.553743674056022,162290.1012113777,mirror,0.024259855991224634,0.006330473402018354,3.3229329904128506,0.002296532996094571,d=+0.025 zeta=0.5%,0.02531239987183604,0.005
90006,159444.98762692578,159444.98762692578,159419.32968821612,True,False,0,0,0.0,3.637978807091713e-11,inf,,truth,0.02338,0.006041873773744738,3.32213,0.0017603907051860852,159386.57752291285,True,False,0,0,1.2732925824820995e-11,1.5916157281026244e-11,inf,,truth,0.023272631330797093,0.00596434788514502,3.326276723616613,0.0021669015456657467,d=+0.025 zeta=0.5%,0.02531239987183604,0.005
90007,159444.98762692578,159444.98762692578,159232.64914632682,True,False,0,0,2.4101609596982598e-11,0.0,inf,,truth,0.02338,0.005592032329224737,3.32213,0.0017452465492552567,159137.35006843985,True,False,0,0,0.0,23.284743932054425,23.284743932054425,161052.9209362536,mirror,0.02435778965568562,0.00566556996173779,3.321590539157077,0.002255539659174224,d=+0.025 zeta=0.5%,0.02531239987183604,0.005
90008,159444.98762692578,159444.98762692578,159175.78028088977,True,False,0,0,1.0459189070388675e-11,2.1827872842550278e-11,inf,,truth,0.02338,0.004622181936715586,3.32213,0.0015404038570001818,159175.8435218627,True,False,0,0,1.4551915228366852e-11,30.00955338359381,30.00955338359381,160487.74454322192,truth,0.023642853732745304,0.004626784282064092,3.320434859774928,0.001965544379581567,d=+0.025 zeta=0.5%,0.02531239987183604,0.005
90009,159444.98762692578,159444.98762692578,159089.41480930673,True,False,0,0,1.77351466845721e-11,6.366462912410498e-12,inf,,truth,0.02338,0.005169319190676778,3.32213,0.0016111766865648399,159217.6497333142,True,False,0,0,4.547473508864641e-12,0.0,inf,,peaks,0.02283769058712106,0.004978421740478317,3.3171828161950483,0.0020157042496396177,d=+0.025 zeta=0.5%,0.02531239987183604,0.005
90010,159444.98762692578,159444.98762692578,159976.12896572694,True,False,0,0,1.1368683772161603e-11,0.0,inf,,peaks,0.02338,0.004675952522027589,3.32213,0.0014696698699897697,160250.52773283774,True,False,0,0,2.2737367544323206e-11,14.021246230737233,14.021246230737233,161355.7542607748,small_s,0.0204081199679921,0.004387435158512618,3.3248430976400702,0.001979227167466326,d=+0.025 zeta=0.5%,0.02531239987183604,0.005
90011,159444.98762692578,159444.98762692578,159617.51430768007,True,False,0,0,7.73070496506989e-12,5.002220859751105e-12,inf,,truth,0.02338,0.005698835924902382,3.32213,0.001776813631972424,159462.3708586838,True,False,0,0,0.0,7.275957614183426e-12,inf,,mirror,0.024430407343986188,0.005612681332427192,3.32637186976779,0.0020950876639577384,d=+0.025 zeta=0.5%,0.02531239987183604,0.005
90012,159444.98762692578,159444.98762692578,159703.75381545484,True,False,0,0,0.0,4.547473508864641e-12,inf,,mirror,0.02338,0.0059198298242831215,3.32213,0.0017361684672281457,160016.40878091773,True,False,0,0,1.0913936421275139e-11,8.750807831145721,8.750807831145721,161715.16706644424,small_s,0.020381821128351966,0.0057131205039623835,3.3219033675151572,0.002432375483279332,d=+0.025 zeta=0.5%,0.02531239987183604,0.005
90013,159444.98762692578,159444.98762692578,159433.74866072755,True,False,0,0,5.4569682106375694e-12,1.0459189070388675e-11,inf,,truth,0.02338,0.004898310844149958,3.32213,0.001569199898131698,159626.58021184802,True,False,0,0,0.0,19.775013826943905,19.775013826943905,161207.93777507805,mirror,0.021269284272588146,0.0047035772724028325,3.323682022163852,0.001937334788413739,d=+0.025 zeta=0.5%,0.02531239987183604,0.005
90014,159444.98762692578,159444.98762692578,159451.03556770703,True,False,0,0,1.3642420526593924e-11,0.0,inf,,peaks,0.02338,0.005598663114569633,3.32213,0.0016957971929157734,159471.8138329599,True,False,0,0,0.0,20.239683280788995,20.239683280788995,161787.4826762833,mirror,0.022935672318116225,0.005544411017671087,3.3243509773092397,0.002364578839537775,d=+0.025 zeta=0.5%,0.02531239987183604,0.005
90015,159444.98762692578,159444.98762692578,159441.42425342664,True,False,0,0,9.094947017729282e-13,3.637978807091713e-12,inf,,truth,0.02338,0.00565614903687888,3.32213,0.0017393320676149257,159319.94479702116,True,False,0,0,0.0,24.128446013938174,24.128446013938174,161011.42741457027,mirror,0.023667547088946982,0.005310322642442577,3.3289572718509923,0.002173515535431798,d=+0.025 zeta=0.5%,0.02531239987183604,0.005
90016,159444.98762692578,159444.98762692578,159783.12490499264,True,False,0,0,1.8189894035458565e-12,0.0,inf,,peaks,0.02338,0.0036992568772141886,3.32213,0.0014088123646955426,159516.4769936488,True,False,0,0,6.366462912410498e-12,51.96806246245251,51.96806246245251,160972.6942617642,small_s,0.026287638154609445,0.0038637071861345575,3.320681036972719,0.0017885686136346157,d=+0.025 zeta=0.5%,0.02531239987183604,0.005
90017,159444.98762692578,159444.98762692578,159874.3510326551,True,False,0,0,5.002220859751105e-12,1.4551915228366852e-11,inf,,truth,0.02338,0.005787763398363048,3.32213,0.0016595545779790057,160183.40670981177,True,False,0,0,1.6370904631912708e-11,6.548361852765083e-11,inf,,small_s,0.020568632951882004,0.005564183382326355,3.3196340802498123,0.0022193816102026257,d=+0.025 zeta=0.5%,0.02531239987183604,0.005
90018,159444.98762692578,159444.98762692578,158927.26014742037,True,False,0,0,9.094947017729282e-13,0.0,inf,,peaks,0.02338,0.005188835330902063,3.32213,0.001718891568556534,158880.65520396578,True,False,0,0,0.0,25.927671585603548,25.927671585603548,160924.52351285997,mirror,0.02343451100104974,0.00517760539406993,3.324862162773047,0.0021884744099994165,d=+0.025 zeta=0.5%,0.02531239987183604,0.005
90019,159444.98762692578,159444.98762692578,159827.9655590036,True,False,0,0,2.2737367544323206e-11,0.0,inf,,truth,0.02338,0.005329754970725182,3.32213,0.00158389397921774,160119.0065579237,True,False,0,0,2.000888343900442e-11,14.210541545818614,14.210541545818614,161983.97738753536,small_s,0.020892008578008263,0.005001186681234549,3.3187215259051888,0.002172379860165581,d=+0.025 zeta=0.5%,0.02531239987183604,0.005
90020,159444.98762692578,159444.98762692578,159524.7794178752,True,False,0,0,2.2737367544323206e-12,2.7284841053187847e-12,inf,,truth,0.02338,0.00481532807946869,3.32213,0.001542550014881197,159649.90107864284,True,False,0,0,0.0,20.124896111234648,20.124896111234648,162279.06694408343,mirror,0.021675377810825163,0.004493222727198379,3.326541133911179,0.0020593229463752283,d=+0.025 zeta=0.5%,0.02531239987183604,0.005
90021,159444.98762692578,159444.98762692578,159137.84253201092,True,False,0,0,0.0,9.549694368615746e-12,inf,,mirror,0.02338,0.005487252636272502,3.32213,0.0017188453704801226,159251.0868432427,True,False,0,0,8.185452315956354e-12,4.001776687800884e-11,inf,,small_s,0.022162294810659268,0.005324594915950245,3.323443608854122,0.0024047638799307726,d=+0.025 zeta=0.5%,0.02531239987183604,0.005
90022,159444.98762692578,159444.98762692578,159242.39627345226,True,False,0,0,0.0,2.7284841053187847e-12,inf,,mirror,0.02338,0.005736896942892667,3.32213,0.001643975066266778,159271.18914186925,True,False,0,0,0.0,25.66340125669285,25.66340125669285,161095.12851291997,mirror,0.023739484236249615,0.005666526292849125,3.3167896292528227,0.002148673849432318,d=+0.025 zeta=0.5%,0.02531239987183604,0.005
90023,159444.98762692578,159444.98762692578,159356.14027092923,True,False,0,0,1.864464138634503e-11,2.7284841053187847e-11,inf,,truth,0.02338,0.004512061451336398,3.32213,0.0014848828211438336,159346.22326434936,True,False,0,0,3.410605131648481e-11,28.36103770527916,28.36103770527916,161878.1531405502,small_s,0.02307706585127316,0.004356343788600551,3.325185700184177,0.0019915492745707997,d=+0.025 zeta=0.5%,0.02531239987183604,0.005
90024,159444.98762692578,159444.98762692578,159317.4220866903,True,False,0,0,3.2741809263825417e-11,2.2737367544323206e-12,inf,,truth,0.02338,0.005114622297307535,3.32213,0.0016402351845067372,159242.1563814814,False,False,1,1,0.0,24.925255030007975,24.925255030007975,220615.64916538732,mirror,0.025282297393277565,0.005078775642981948,3.3148105560513903,0.0020882576818056376,d=+0.025 zeta=0.5%,0.02531239987183604,0.005
90025,159444.98762692578,159444.98762692578,159227.89568779126,True,False,0,0,2.2282620193436742e-11,3.183231456205249e-12,inf,,truth,0.02338,0.004769197093103681,3.32213,0.0016135797884832088,159295.23962842865,True,False,0,0,1.8189894035458565e-12,24.769136911482292,24.769136911482292,160533.8634615465,truth,0.022754218926001324,0.004714881889339924,3.321841940329747,0.0019692808754370717,d=+0.025 zeta=0.5%,0.02531239987183604,0.005
90026,159444.98762692578,159444.98762692578,159393.0453115875,True,False,0,0,0.0,5.9117155615240335e-12,inf,,mirror,0.02338,0.004789185504625131,3.32213,0.0015984434671541534,159314.69251762563,True,False,0,0,4.547473508864641e-13,29.09699381973087,29.09699381973087,161048.01844000377,small_s,0.023968105231349734,0.00481969154721468,3.3232980078087904,0.001980951517146826,d=+0.025 zeta=0.5%,0.02531239987183604,0.005
90027,159444.98762692578,159444.98762692578,159731.47928629487,True,False,0,0,0.0,9.094947017729282e-13,inf,,mirror,0.02338,0.006559995347684715,3.32213,0.001878161682267849,159769.17491635442,True,False,0,0,0.0,6.366462912410498e-12,inf,,mirror,0.023377207388872112,0.006546276838409204,3.3187317736899535,0.0023934312202998857,d=+0.025 zeta=0.5%,0.02531239987183604,0.005
90028,159444.98762692578,159444.98762692578,159499.12439416445,True,False,0,0,7.275957614183426e-12,9.094947017729282e-13,inf,,truth,0.02338,0.005266672137121706,3.32213,0.001655712721645597,159232.43278949652,True,False,0,0,0.0,38.57850838719969,38.57850838719969,161709.34536697512,mirror,0.025920214947796935,0.005496831529579958,3.323996913653199,0.0019782931996650864,d=+0.025 zeta=0.5%,0.02531239987183604,0.005
90029,159444.98762692578,159444.98762692578,159181.72629361422,True,False,0,0,4.092726157978177e-12,1.318767317570746e-11,inf,,truth,0.02338,0.0055124571032747795,3.32213,0.0018397069452740986,158899.2202598249,True,False,0,0,1.0913936421275139e-11,7.275957614183426e-12,inf,,small_s,0.026468567936462968,0.0057674546153682164,3.321904793164774,0.0021707322742940903,d=+0.025 zeta=0.5%,0.02531239987183604,0.005
90030,159444.98762692578,159444.98762692578,159838.40681004032,True,False,0,0,3.183231456205249e-12,0.0,inf,,peaks,0.02338,0.004500357790146064,3.32213,0.0015160392785244275,159756.45125351154,True,False,0,0,8.230927051045e-11,2.1827872842550278e-11,inf,,truth,0.023983842179265843,0.004577842179381793,3.323450903584628,0.0021106727529767457,d=+0.025 zeta=0.5%,0.02531239987183604,0.005
90031,159444.98762692578,159444.98762692578,159528.1879588386,True,False,0,0,3.183231456205249e-12,1.546140993013978e-11,inf,,truth,0.02338,0.005016449755575969,3.32213,0.0017019686112269973,159547.82397955703,True,False,0,0,0.0,21.68572931374092,21.68572931374092,162056.68347182797,mirror,0.022964793614593443,0.005003949807112549,3.323572100532017,0.002098835744669991,d=+0.025 zeta=0.5%,0.02531239987183604,0.005
90032,159444.98762692578,159444.98762692578,159257.08370911065,True,False,0,0,0.0,1.0913936421275139e-11,inf,,mirror,0.02338,0.003908625286947554,3.32213,0.0014055360979976519,159208.83298735824,True,False,0,0,1.0459189070388675e-11,34.59880308648735,34.59880308648735,162894.01687365377,truth,0.023740062077660266,0.003950117031586996,3.322710308453087,0.0018839036834960709,d=+0.025 zeta=0.5%,0.02531239987183604,0.005
90033,159444.98762692578,159444.98762692578,159073.30605622754,True,False,0,0,6.821210263296962e-12,3.774403012357652e-11,inf,,truth,0.02338,0.006063579219658014,3.32213,0.001819757121523797,158752.08595115665,True,False,0,0,1.8189894035458565e-12,32.09161705447514,32.09161705447514,162554.3998133478,truth,0.02751665948582269,0.006384382249456991,3.3140269082826586,0.0023909759375026225,d=+0.025 zeta=0.5%,0.02531239987183604,0.005
90034,159444.98762692578,159444.98762692578,159333.31478519036,True,False,0,0,7.73070496506989e-12,0.0,inf,,peaks,0.02338,0.005812581294416375,3.32213,0.0017089900469124404,159432.1574623582,True,False,0,0,7.275957614183426e-12,3.637978807091713e-12,inf,,truth,0.023782224405128376,0.005894080863212137,3.310191168922532,0.0028046188691694647,d=+0.025 zeta=0.5%,0.02531239987183604,0.005
90035,159444.98762692578,159444.98762692578,159444.98353026918,True,False,0,0,0.0,2.8194335754960775e-11,inf,,mirror,0.02338,0.004448726852631885,3.32213,0.001485365704291936,159638.55315244044,True,False,0,0,0.0,19.62914373589456,19.62914373589456,160930.1023209135,mirror,0.02234343324946769,0.004334193948262874,3.316542487940037,0.0020386390489806534,d=+0.025 zeta=0.5%,0.02531239987183604,0.005
90036,159444.98762692578,159444.98762692578,158904.08227533053,True,False,0,0,3.637978807091713e-12,0.0,inf,,peaks,0.02338,0.006838502971070067,3.32213,0.0018943463374000882,158812.1067115493,True,False,0,0,2.2737367544323206e-12,4.547473508864641e-12,inf,,small_s,0.024121409400132226,0.0068467457512868994,3.324015461954262,0.0023558242242610774,d=+0.025 zeta=0.5%,0.02531239987183604,0.005
90037,159444.98762692578,159444.98762692578,159656.76161610728,True,False,0,0,3.092281986027956e-11,2.0463630789890885e-11,inf,,truth,0.02338,0.005716998951366367,3.32213,0.001747987305965281,159687.5537687816,True,False,0,0,0.0,1.8189894035458565e-12,inf,,mirror,0.023265010761502773,0.005664249454404083,3.3206090637785084,0.0021279599472134162,d=+0.025 zeta=0.5%,0.02531239987183604,0.005
90038,159444.98762692578,159444.98762692578,159475.763777456,True,False,0,0,4.229150363244116e-11,0.0,inf,,peaks,0.02338,0.006199143497902737,3.32213,0.001833425327641633,159391.09790021044,True,False,0,0,1.3642420526593924e-11,22.020829013952607,22.020829013952607,160654.484165595,small_s,0.024241311196428864,0.006251805848176192,3.3220771344700797,0.002198708185429051,d=+0.025 zeta=0.5%,0.02531239987183604,0.005
90039,159444.98762692578,159444.98762692578,159191.2569328842,True,False,0,0,3.092281986027956e-11,0.0,inf,,peaks,0.02338,0.005866969455784937,3.32213,0.0018155758413384675,159042.68913332818,True,False,0,0,0.0,17.659977984238594,17.659977984238594,180366.3561458631,mirror,0.02462390432759285,0.006015825461810319,3.323679195567514,0.002380501066852231,d=+0.025 zeta=0.5%,0.02531239987183604,0.005
90040,159444.98762692578,159444.98762692578,159721.45558555005,True,False,0,0,1.77351466845721e-11,0.0,inf,,peaks,0.02338,0.0042513347701579555,3.32213,0.0017102642157316957,159328.8399221462,True,False,0,0,9.094947017729282e-13,33.45403748732497,33.45403748732497,193403.37895990704,truth,0.026468557772524364,0.004588517823709357,3.326901015128493,0.002078490647010058,d=+0.025 zeta=0.5%,0.02531239987183604,0.005
90041,159444.98762692578,159444.98762692578,159338.16145029952,True,False,0,0,0.0,9.094947017729282e-13,inf,,mirror,0.02338,0.004677456098948503,3.32213,0.0016714352523063704,159500.92386092467,True,False,0,0,9.549694368615746e-12,17.39044489591197,17.39044489591197,172404.69058197486,small_s,0.021581077301270367,0.004477185591403574,3.3237893516200083,0.0021780489601292666,d=+0.025 zeta=0.5%,0.02531239987183604,0.005
90042,159444.98762692578,159444.98762692578,159707.8828513469,True,False,0,0,0.0,2.091837814077735e-11,inf,,truth,0.02338,0.004623685209936028,3.32213,0.0016814006554022546,159328.9674217565,True,False,0,0,2.1827872842550278e-11,34.534172455274984,34.534172455274984,166884.37057366254,truth,0.0259820606341526,0.004725954217721495,3.3294418091471853,0.002071776211248035,d=+0.025 zeta=0.5%,0.02531239987183604,0.005
90043,159444.98762692578,159444.98762692578,159040.32340431344,True,False,0,0,9.094947017729282e-13,0.0,inf,,peaks,0.02338,0.0035404551320567385,3.32213,0.0013809542002062847,159053.74776930446,True,False,0,0,1.8189894035458565e-12,39.46007221227865,39.46007221227865,161035.24901732564,small_s,0.023382230501134586,0.0035227963787769494,3.321454208259962,0.0017883908510256598,d=+0.025 zeta=0.5%,0.02531239987183604,0.005
90044,159444.98762692578,159444.98762692578,159805.33063081847,True,False,0,0,0.0,1.318767317570746e-11,inf,,mirror,0.02338,0.005039350319351646,3.32213,0.001658742464645976,159609.47774998972,True,False,0,0,8.640199666842818e-12,1.6825651982799172e-11,inf,,small_s,0.025433895003318267,0.005174789219633373,3.3210161151372852,0.00215500132384022,d=+0.025 zeta=0.5%,0.02531239987183604,0.005
90045,159444.98762692578,159444.98762692578,159808.50952232952,True,False,0,0,2.1373125491663814e-11,0.0,inf,,peaks,0.02338,0.005090619785058017,3.32213,0.0015153110814960034,160154.96479082262,True,False,0,0,1.864464138634503e-11,14.981205152445455,14.981205152445455,161294.46507111297,truth,0.020821679094766316,0.004468284986117644,3.3151589952854064,0.0021804837928067903,d=+0.025 zeta=0.5%,0.02531239987183604,0.005
90046,159444.98762692578,159444.98762692578,159426.8169553894,True,False,0,0,4.547473508864641e-12,4.092726157978177e-12,inf,,truth,0.02338,0.005284601924349256,3.32213,0.0016795985372657471,159352.7309440927,True,False,0,0,1.3642420526593924e-12,23.367366861785285,23.367366861785285,161357.422793819,truth,0.02346547798102568,0.005124878173924834,3.3268770990724517,0.0021555734986132523,d=+0.025 zeta=0.5%,0.02531239987183604,0.005
90047,159444.98762692578,159444.98762692578,159470.98487634596,True,False,0,0,0.0,1.0913936421275139e-11,inf,,mirror,0.02338,0.0050432235254739425,3.32213,0.0017318444906779477,159273.87464107492,True,False,1,0,1.7280399333685637e-11,36.08624498356494,36.08624498356494,160501.70565673444,truth,0.02525234208878778,0.005317276618853118,3.3229642236982593,0.002221080944141533,d=+0.025 zeta=0.5%,0.02531239987183604,0.005
90048,159444.98762692578,159444.98762692578,159521.33938532777,True,False,0,0,0.0,1.7280399333685637e-11,inf,,truth,0.02338,0.004742436933774594,3.32213,0.0014904211312475515,159602.67378930296,True,False,0,0,3.183231456205249e-11,21.189427292300024,21.189427292300024,161923.80483751697,truth,0.022838643271133142,0.004691255424255594,3.3202344839150046,0.0020643285254539905,d=+0.025 zeta=0.5%,0.02531239987183604,0.005
90049,159444.98762692578,159444.98762692578,159474.47423433012,True,False,0,0,9.094947017729282e-13,1.2278178473934531e-11,inf,,truth,0.02338,0.0040386969104763484,3.32213,0.001513576229799504,159301.98071674304,True,False,0,0,0.0,1.0913936421275139e-11,inf,,mirror,0.02570539927734606,0.004084875367587246,3.3194809417576887,0.001842395036014524,d=+0.025 zeta=0.5%,0.02531239987183604,0.005
90050,159444.98762692578,159444.98762692578,159897.7463487463,True,False,0,0,4.092726157978177e-12,0.0,inf,,peaks,0.02338,0.00449661922231199,3.32213,0.0015499635335120786,159900.1258882848,True,False,0,0,9.094947017729282e-12,21.813671893070477,21.813671893070477,175128.3516001475,small_s,0.023359574863721456,0.004494398164402157,3.322115204766104,0.002109374930465212,d=+0.025 zeta=0.5%,0.02531239987183604,0.005
90051,159444.98762692578,159444.98762692578,159248.98751545508,True,False,0,0,1.4097167877480388e-11,9.094947017729282e-13,inf,,truth,0.02338,0.0050192371241353385,3.32213,0.0015985431942948417,159168.56913201732,True,False,1,0,6.366462912410498e-12,19.211849240437914,19.211849240437914,220615.64916538732,small_s,0.02382120510073246,0.004981362781849548,3.3244477895654185,0.0021672126401757184,d=+0.025 zeta=0.5%,0.02531239987183604,0.005
90052,159444.98762692578,159444.98762692578,159236.27944744538,True,False,0,0,1.3642420526593924e-12,0.0,inf,,peaks,0.02338,0.0050934033532993046,3.32213,0.0015822942042759817,159366.6847538636,True,False,0,0,0.0,18.164528814892492,18.164528814892492,161534.65812048857,mirror,0.022443299794490442,0.005030720199997133,3.319962675999924,0.0022410289482608773,d=+0.025 zeta=0.5%,0.02531239987183604,0.005
90053,159444.98762692578,159444.98762692578,159591.81815447597,True,False,0,0,0.0,3.637978807091713e-12,inf,,mirror,0.02338,0.0033974383703955584,3.32213,0.0013357613824788233,159703.11302061478,True,False,0,1,5.4569682106375694e-12,9.094947017729282e-13,inf,,small_s,0.022343212028908304,0.0032981422050372754,3.3219933094686946,0.0017737247689440937,d=+0.025 zeta=0.5%,0.02531239987183604,0.005
90054,159444.98762692578,159444.98762692578,159232.89534022927,True,False,0,0,0.0,1.3642420526593924e-12,inf,,mirror,0.02338,0.004864069608443378,3.32213,0.0015425056758962656,159522.9369658586,True,False,0,0,3.183231456205249e-12,10.884342427003958,10.884342427003958,161967.4025757813,truth,0.02152636888616145,0.0047376544610767965,3.315410658749192,0.0021491958612709894,d=+0.025 zeta=0.5%,0.02531239987183604,0.005
90055,159444.98762692578,159444.98762692578,160034.4215596981,True,False,0,0,1.1823431123048067e-11,8.640199666842818e-12,inf,,truth,0.02338,0.00563988657360951,3.32213,0.0017229044082249598,159947.17633200728,True,False,0,0,1.6825651982799172e-11,17.808091708556276,17.808091708556276,161944.38312315606,truth,0.02361132826872657,0.005476459129941373,3.327164251651421,0.0023247431378672677,d=+0.025 zeta=0.5%,0.02531239987183604,0.005
90056,159444.98762692578,159444.98762692578,159659.1297908824,True,False,0,0,3.637978807091713e-12,0.0,inf,,peaks,0.02338,0.004898706190560024,3.32213,0.0015698680336585702,159677.55204643213,True,False,0,0,2.4556356947869062e-11,3.637978807091713e-12,inf,,truth,0.023170127179107478,0.004878946226501259,3.322328938543686,0.0019849177150713443,d=+0.025 zeta=0.5%,0.02531239987183604,0.005
90057,159444.98762692578,159444.98762692578,159661.90430395165,True,False,0,0,3.228706191293895e-11,5.4569682106375694e-12,inf,,truth,0.02338,0.006970081741850132,3.32213,0.0018778988018412909,160047.80275109617,True,False,0,0,0.0,4.6838977141305804e-11,inf,,mirror,0.019651797568955992,0.006699153806137478,3.320872978738413,0.002631181586501789,d=+0.025 zeta=0.5%,0.02531239987183604,0.005
90058,159444.98762692578,159444.98762692578,159465.3412401487,True,False,0,0,4.547473508864641e-13,0.0,inf,,peaks,0.02338,0.005057027646891494,3.32213,0.0016682229884462047,159310.6882124763,True,False,0,0,3.183231456205249e-11,0.0,inf,,peaks,0.025302441010857664,0.005154800342039013,3.319748113479239,0.002080274083532581,d=+0.025 zeta=0.5%,0.02531239987183604,0.005
90059,159444.98762692578,159444.98762692578,159357.65650129112,True,False,0,0,1.4097167877480388e-11,2.2737367544323206e-12,inf,,truth,0.02338,0.004416727931135694,3.32213,0.0014786349614133304,159618.6511613252,True,False,0,0,9.549694368615746e-12,17.47414641002115,17.47414641002115,161553.1634742714,small_s,0.02131928273915527,0.004224881028678624,3.3195987303613923,0.002093318636798995,d=+0.025 zeta=0.5%,0.02531239987183604,0.005
90060,159444.98762692578,159444.98762692578,160009.57391392262,True,False,0,0,3.183231456205249e-12,6.366462912410498e-12,inf,,truth,0.02338,0.005217950993507785,3.32213,0.0016789705396523557,159921.1271061704,True,False,0,0,6.366462912410498e-12,24.658737116784323,24.658737116784323,161373.34407949194,small_s,0.024999141166932817,0.005197802710258146,3.316711870410733,0.002181202880370044,d=+0.025 zeta=0.5%,0.02531239987183604,0.005
90061,159444.98762692578,159444.98762692578,159624.86625631902,True,False,0,0,5.184119800105691e-11,1.3642420526593924e-12,inf,,truth,0.02338,0.004883240308649092,3.32213,0.0015468339441360643,159896.26085505096,True,False,0,0,6.366462912410498e-12,3.774403012357652e-11,inf,,small_s,0.020414889146079855,0.0044544535021497035,3.3260954691836235,0.0021960109532399388,d=+0.025 zeta=0.5%,0.02531239987183604,0.005
90062,159444.98762692578,159444.98762692578,159171.0372352842,True,False,0,0,0.0,5.9117155615240335e-12,inf,,mirror,0.02338,0.005379506329039385,3.32213,0.0018309870363153024,158990.34754800214,True,False,0,0,3.183231456205249e-12,28.37926718596964,28.37926718596964,174046.32297193032,truth,0.02506869553566038,0.005701580646134629,3.32419593503579,0.0021332677942250623,d=+0.025 zeta=0.5%,0.02531239987183604,0.005
90063,159444.98762692578,159444.98762692578,159236.17998818512,True,False,0,0,1.8189894035458565e-11,0.0,inf,,peaks,0.02338,0.00587165389449907,3.32213,0.001948170143800121,158982.50930351767,True,False,0,0,0.0,3.319655661471188e-11,inf,,mirror,0.026434611443097753,0.006012763492171832,3.3198809140301915,0.0024660973936763593,d=+0.025 zeta=0.5%,0.02531239987183604,0.005
90064,159444.98762692578,159444.98762692578,159363.6326218557,True,False,0,0,1.8189894035458565e-12,1.2732925824820995e-11,inf,,truth,0.02338,0.004976146784287164,3.32213,0.0015803961055121047,159423.5487771083,True,False,0,0,1.0913936421275139e-11,7.275957614183426e-12,inf,,small_s,0.022602475726140988,0.004860173613425427,3.323738540517704,0.0020543040222362014,d=+0.025 zeta=0.5%,0.02531239987183604,0.005
90065,159444.98762692578,159444.98762692578,159350.34000266058,True,False,0,0,0.0,1.8189894035458565e-12,inf,,mirror,0.02338,0.00414931741235268,3.32213,0.001451916507958098,159241.7606298931,True,False,0,0,1.2732925824820995e-11,36.64356667191896,36.64356667191896,161222.25752374806,small_s,0.024175851360110915,0.004201435836916078,3.3235863323073507,0.0018681499746005855,d=+0.025 zeta=0.5%,0.02531239987183604,0.005
90066,159444.98762692578,159444.98762692578,159407.9833753456,True,False,0,0,1.4097167877480388e-11,0.0,inf,,peaks,0.02338,0.0067929610194008856,3.32213,0.0019241506547318888,159300.23319144358,True,False,1,0,4.774847184307873e-11,21.601112362143795,21.58653068696276,160597.29112276805,truth,0.024132877397953664,0.006754712489820874,3.3258689800738233,0.002304532575310096,d=+0.025 zeta=0.5%,0.02531239987183604,0.005
90067,159444.98762692578,159444.98762692578,159095.3225400591,True,False,0,0,5.4569682106375694e-12,0.0,inf,,peaks,0.02338,0.0055329156600561905,3.32213,0.0016347882268656594,159290.9275337259,True,False,0,0,1.9099388737231493e-11,0.0,inf,,peaks,0.02209936320025199,0.00524799771597187,3.3168797282085456,0.0020195767877241896,d=+0.025 zeta=0.5%,0.02531239987183604,0.005
90068,159444.98762692578,159444.98762692578,159499.20955935164,True,False,0,0,2.2737367544323206e-12,3.0468072509393096e-11,inf,,truth,0.02338,0.00520516440075818,3.32213,0.0016134125096073872,159440.30158721775,True,False,0,0,1.9099388737231493e-11,25.153580205677827,25.153580205677827,161495.61820207996,truth,0.02542236360351919,0.0052010609775967245,3.3110269882337118,0.0022899574170558807,d=+0.025 zeta=0.5%,0.02531239987183604,0.005
90069,159444.98762692578,159444.98762692578,159580.98479531234,True,False,0,0,2.2737367544323206e-12,0.0,inf,,peaks,0.02338,0.00507566635815809,3.32213,0.0016618170820907286,159264.93039683937,True,False,0,0,0.0,2.7284841053187847e-12,inf,,mirror,0.02592701456232653,0.00521516975373933,3.326804917005898,0.0019716265400575948,d=+0.025 zeta=0.5%,0.02531239987183604,0.005
90070,159444.98762692578,159444.98762692578,159231.02193282847,True,False,0,0,1.1368683772161603e-11,0.0,inf,,peaks,0.02338,0.00629977152633664,3.32213,0.0018479688569616039,159296.45418123849,True,False,1,0,4.320099833421409e-11,18.86732577439261,18.86732577439261,160428.3280861208,truth,0.023467833027142945,0.006260798893786549,3.3164096891557384,0.0021812964115076783,d=+0.025 zeta=0.5%,0.02531239987183604,0.005
90071,159444.98762692578,159444.98762692578,159773.13969578373,True,False,0,0,1.3642420526593924e-11,0.0,inf,,peaks,0.02338,0.003957482798364242,3.32213,0.0013634669090572826,159953.82322838242,True,False,0,0,2.2737367544323206e-11,0.0,21.41553609460516,160760.5646580152,peaks,0.021733968605607175,0.0037643293568006505,3.3218308803490184,0.0020607693224133504,d=+0.025 zeta=0.5%,0.02531239987183604,0.005
90072,159444.98762692578,159444.98762692578,159605.64591564078,True,False,0,0,7.275957614183426e-12,4.547473508864641e-12,inf,,truth,0.02338,0.005891448600775065,3.32213,0.0016918188159010515,159714.65671703604,True,False,0,0,5.4569682106375694e-12,0.0,inf,,peaks,0.02281404755534492,0.005855259582912452,3.317416800081833,0.0021963475647994507,d=+0.025 zeta=0.5%,0.02531239987183604,0.005
90073,159444.98762692578,159444.98762692578,159327.7232037695,True,False,0,0,0.0,2.7284841053187847e-12,inf,,mirror,0.02338,0.005605732852048237,3.32213,0.0017582330657413448,159526.16296342204,True,False,0,0,3.501554601825774e-11,15.513198035143887,15.513198035143887,160682.85888919374,small_s,0.0218189602379292,0.005501653082878415,3.3190849537808527,0.002151444652522283,d=+0.025 zeta=0.5%,0.02531239987183604,0.005
90074,159444.98762692578,159444.98762692578,159772.34529146558,True,False,0,0,0.0,9.549694368615746e-12,inf,,mirror,0.02338,0.005089195949384593,3.32213,0.0016765714799747324,159651.67332726857,True,False,1,0,0.0,31.790906125062975,31.790906125062975,160888.52387417934,mirror,0.024560587434209382,0.005199455807181599,3.3225894058509433,0.0020255443813460964,d=+0.025 zeta=0.5%,0.02531239987183604,0.005
90075,159444.98762692578,159444.98762692578,159354.9441845521,True,False,0,0,0.0,9.094947017729282e-13,inf,,mirror,0.02338,0.005157823324841187,3.32213,0.0017426715702611192,159513.11881509813,True,False,0,0,9.094947017729282e-13,8.962435065149293,8.962435065149293,182226.83879855977,small_s,0.022023762559139577,0.00498419541736147,3.3213966746003565,0.0024697767385434615,d=+0.025 zeta=0.5%,0.02531239987183604,0.005
90076,159444.98762692578,159444.98762692578,159157.3472207961,True,False,0,0,0.0,3.637978807091713e-12,inf,,mirror,0.02338,0.005278588731558056,3.32213,0.001609874395164987,159760.6721740279,True,False,0,0,3.728928277269006e-11,4.798553595004705,4.798553595004705,161551.37483018078,small_s,0.017909689869942513,0.004714320395713284,3.317741736264318,0.0022158262862054874,d=+0.025 zeta=0.5%,0.02531239987183604,0.005
90077,159444.98762692578,159444.98762692578,159673.76143792245,True,False,0,0,0.0,5.002220859751105e-12,inf,,mirror,0.02338,0.005649115106005321,3.32213,0.0016735184803721083,159644.3782517174,True,False,0,0,1.0459189070388675e-11,23.318401708187594,23.318401708187594,160917.71004440042,truth,0.02357772622661477,0.0056549976914421225,3.3229057227730445,0.0021424614685499744,d=+0.025 zeta=0.5%,0.02531239987183604,0.005
90078,159444.98762692578,159444.98762692578,159537.83573451577,True,False,0,0,1.2732925824820995e-11,2.4101609596982598e-11,inf,,truth,0.02338,0.004314098962952256,3.32213,0.0014947690779935805,159605.53569814394,True,False,0,0,0.0,31.229466326352394,31.229466326352394,160931.14777980634,mirror,0.023420682200950605,0.004118943595021414,3.317863452123083,0.0018180961548471663,d=+0.025 zeta=0.5%,0.02531239987183604,0.005
90079,159444.98762692578,159444.98762692578,159225.06873997906,True,False,0,0,3.637978807091713e-12,5.002220859751105e-12,inf,,truth,0.02338,0.005037956731625013,3.32213,0.0016908487188262795,159196.7040172386,True,False,0,0,1.3642420526593924e-11,1.6370904631912708e-11,inf,,truth,0.022649776654604506,0.004925504332885999,3.329453771347541,0.0020732469138919304,d=+0.025 zeta=0.5%,0.02531239987183604,0.005
90080,159444.98762692578,159444.98762692578,159308.89313308144,True,False,0,0,1.4551915228366852e-11,1.3642420526593924e-11,inf,,truth,0.02338,0.006196350983221261,3.32213,0.0017289331228494415,159527.31017472528,True,False,0,0,2.4101609596982598e-11,1.8189894035458565e-12,inf,,small_s,0.02052658224803624,0.005703396854559538,3.328613492992896,0.002168898773120828,d=+0.025 zeta=0.5%,0.02531239987183604,0.005
90081,159444.98762692578,159444.98762692578,159432.14843599746,True,False,0,0,2.7284841053187847e-12,0.0,inf,,peaks,0.02338,0.005157791455549662,3.32213,0.0016083727396905938,159362.80050689707,True,False,0,0,4.092726157978177e-12,33.03519641640969,33.03519641640969,161065.6078649284,small_s,0.025011261596758448,0.005105812414201965,3.3159372203092987,0.0019872690698227585,d=+0.025 zeta=0.5%,0.02531239987183604,0.005
90082,159444.98762692578,159444.98762692578,159633.83307978103,True,False,0,0,4.547473508864641e-12,0.0,inf,,peaks,0.02338,0.005267235153577824,3.32213,0.0015358159028497147,160245.09615936317,True,False,0,0,3.54702933691442e-11,4.988756078522329,4.988756078522329,161874.24046190138,small_s,0.01857186314174076,0.00467063800465313,3.3099300257439688,0.0021066445438143646,d=+0.025 zeta=0.5%,0.02531239987183604,0.005
90083,159444.98762692578,159444.98762692578,159567.93162101568,True,False,0,0,0.0,9.094947017729282e-13,inf,,mirror,0.02338,0.004727435468077494,3.32213,0.0017082290605761963,159359.3139112279,True,False,1,0,1.0459189070388675e-11,27.503375178181614,27.503375178181614,220615.64916538732,small_s,0.02464416867448559,0.0048536391332698586,3.3270469028931298,0.0021350531103542024,d=+0.025 zeta=0.5%,0.02531239987183604,0.005
90084,159444.98762692578,159444.98762692578,159350.62155192,True,False,0,0,3.728928277269006e-11,0.0,inf,,peaks,0.02338,0.004769931794031597,3.32213,0.0017292519211055657,159021.90419481441,True,False,1,0,1.5006662579253316e-11,26.236776665119123,26.236776665119123,220615.64916538732,small_s,0.02573341629195087,0.004956766212915304,3.327190878842499,0.0022102627026429045,d=+0.025 zeta=0.5%,0.02531239987183604,0.005
90085,159444.98762692578,159444.98762692578,159376.22447116615,True,False,0,0,9.094947017729282e-13,1.6370904631912708e-11,inf,,truth,0.02338,0.005702253244069338,3.32213,0.0018169165354511563,159165.62760958684,True,False,0,0,0.0,30.258220781196997,30.25822078118472,163931.24019100773,mirror,0.025336691628466922,0.005930269453402006,3.324192530160563,0.0021574208173803975,d=+0.025 zeta=0.5%,0.02531239987183604,0.005
90086,159444.98762692578,159444.98762692578,159475.09082096108,True,False,0,0,3.183231456205249e-12,4.092726157978177e-12,inf,,truth,0.02338,0.005725738795629377,3.32213,0.0017050687896291745,159564.89421204865,True,False,0,0,4.0472514228895307e-11,21.5762214051947,21.5762214051947,160640.30223097056,truth,0.021506476819258484,0.005219348182049374,3.330732688736685,0.0020001016613661895,d=+0.025 zeta=0.5%,0.02531239987183604,0.005
90087,159444.98762692578,159444.98762692578,159487.1210013633,True,False,0,0,7.275957614183426e-12,3.8198777474462986e-11,inf,,truth,0.02338,0.00521922792196765,3.32213,0.0016032404213311828,159603.6279044372,True,False,0,0,0.0,16.6848664094764,16.6848664094764,161409.8540794307,mirror,0.02166854080143488,0.004986427173223058,3.3269510585957427,0.002057749657089406,d=+0.025 zeta=0.5%,0.02531239987183604,0.005
90088,159444.98762692578,159444.98762692578,159377.227377471,True,False,0,0,1.8189894035458565e-12,2.000888343900442e-11,inf,,truth,0.02338,0.004357326943171562,3.32213,0.0016183482188718784,159119.22774628407,True,False,1,0,4.092726157978177e-12,31.7439025125218,31.7439025125218,160866.43543731092,small_s,0.025755825166873775,0.004587896889758961,3.3217824777065657,0.002364436841052149,d=+0.025 zeta=0.5%,0.02531239987183604,0.005
90089,159444.98762692578,159444.98762692578,159389.97595904378,True,False,0,0,5.4569682106375694e-12,5.638867150992155e-11,inf,,truth,0.02338,0.004966144707695584,3.32213,0.0015268154363880311,159566.55987564457,True,False,0,0,3.183231456205249e-11,17.065779183380073,17.065779183380073,161377.4061192649,small_s,0.021687134427414025,0.004807401138964244,3.3222808949286895,0.0020943358100081674,d=+0.025 zeta=0.5%,0.02531239987183604,0.005
90090,159444.98762692578,159444.98762692578,158943.40375154707,True,False,0,0,4.638422979041934e-11,0.0,inf,,peaks,0.02338,0.005142149752244645,3.32213,0.0016847947016688744,158869.221576967,True,False,0,0,1.6370904631912708e-11,2.7284841053187847e-12,inf,,truth,0.024510412609297223,0.00515682213647801,3.3195963378657822,0.0021833753380128803,d=+0.025 zeta=0.5%,0.02531239987183604,0.005
90091,159444.98762692578,159444.98762692578,159709.9334891097,True,False,0,0,0.0,9.094947017729282e-13,inf,,mirror,0.02338,0.004916535225938847,3.32213,0.0015280756861938212,160151.73128345425,True,False,0,0,1.9554136088117957e-11,0.0,inf,,peaks,0.018995523259788035,0.004354557288827332,3.324942536188076,0.002353438228998938,d=+0.025 zeta=0.5%,0.02531239987183604,0.005
90092,159444.98762692578,159444.98762692578,159289.6882350513,True,False,0,0,3.637978807091713e-12,6.821210263296962e-12,inf,,truth,0.02338,0.005134774328129646,3.32213,0.0015035489547920318,159524.13905294903,True,False,0,0,6.821210263296962e-12,16.3821222630404,16.3821222630404,161275.57130991467,truth,0.020320032601836124,0.004667536210132087,3.328739148253159,0.0019080262738052785,d=+0.025 zeta=0.5%,0.02531239987183604,0.005
90093,159444.98762692578,159444.98762692578,159477.72311628333,True,False,0,0,1.8189894035458565e-11,0.0,inf,,peaks,0.02338,0.005093956002657408,3.32213,0.0016508904556681594,159359.57250903663,True,False,0,0,1.4097167877480388e-11,32.26108232314937,32.26108232314937,162710.2922987503,small_s,0.024758368657829714,0.0051931460735653535,3.321045758315334,0.0019836615704498586,d=+0.025 zeta=0.5%,0.02531239987183604,0.005
90094,159444.98762692578,159444.98762692578,159397.29447130748,True,False,0,0,0.0,1.2732925824820995e-11,inf,,mirror,0.02338,0.004291505477736906,3.32213,0.0015014383082274057,159309.55725668214,True,False,0,0,0.0,30.80552141335602,30.80552141335602,161367.61489023123,mirror,0.02459414700815953,0.004305469393892162,3.3197860952760005,0.001953732270793872,d=+0.025 zeta=0.5%,0.02531239987183604,0.005
90095,159444.98762692578,159444.98762692578,159345.72766305174,True,False,0,0,1.864464138634503e-11,0.0,inf,,peaks,0.02338,0.005533052801041542,3.32213,0.0017870754985334484,159144.43839280045,True,False,1,0,7.275957614183426e-12,28.14663391826798,28.14663391826798,160575.84635489236,small_s,0.025177786397545462,0.005706691881419464,3.3234441277521225,0.002302693859758602,d=+0.025 zeta=0.5%,0.02531239987183604,0.005
90096,159444.98762692578,159444.98762692578,159378.13913413743,True,False,0,0,2.000888343900442e-11,5.4569682106375694e-12,inf,,truth,0.02338,0.00593077319889326,3.32213,0.0017220206991611648,159432.82182245146,True,False,0,0,0.0,18.536819170893068,18.536819170893068,160678.84649958127,mirror,0.022853276424437206,0.00588596357318536,3.3221115785113553,0.0022348955092199333,d=+0.025 zeta=0.5%,0.02531239987183604,0.005
90097,159444.98762692578,159444.98762692578,159723.127109992,True,False,0,0,1.9554136088117957e-11,0.0,inf,,peaks,0.02338,0.007034447102281516,3.32213,0.0019518922455627856,159703.00026993285,True,False,0,0,0.0,7.73070496506989e-12,17.1919378264638,160805.15794043778,mirror,0.023257554256948528,0.006891363964931462,3.325422380436734,0.0022756694014683617,d=+0.025 zeta=0.5%,0.02531239987183604,0.005
90098,159444.98762692578,159444.98762692578,159502.25331066624,True,False,0,0,0.0,1.5916157281026244e-11,inf,,mirror,0.02338,0.0038390254827515846,3.32213,0.001388166968005041,159438.2350892084,True,False,0,0,2.1373125491663814e-11,34.36649989421994,34.36649989421994,161105.55793096137,truth,0.023624499149058526,0.0038293999116694654,3.3243155948431635,0.0018031789285549286,d=+0.025 zeta=0.5%,0.02531239987183604,0.005
90099,159444.98762692578,159444.98762692578,159221.70274949312,True,False,0,0,9.094947017729282e-13,9.094947017729282e-13,inf,,truth,0.02338,0.004976487151792744,3.32213,0.0017112639627311634,159065.1073287476,True,False,0,0,3.014974936377257e-10,27.69341999772314,27.69341999772314,178637.23761329218,small_s,0.02443202584538506,0.005176564875547583,3.3258539092270034,0.002043917493538572,d=+0.025 zeta=0.5%,0.02531239987183604,0.005
100000,144250.74762393459,144250.74762393459,144018.0812188145,True,False,0,0,8.185452315956354e-12,0.0,inf,,peaks,0.02338,0.01653708578704741,3.32213,inf,142263.21701046356,True,False,0,0,0.33607807351518204,0.33607807376029086,0.3360780734492437,144008.66745963081,small_s,0.017600132718919696,0.016000304151314246,3.1193437484901994,inf,d=-0.025 zeta=2.0%,-0.02468759524535182,0.02
100001,144250.74762393459,144250.74762393459,145350.88495149263,True,False,0,0,2.6830093702301383e-11,1.000444171950221e-10,inf,,truth,0.02338,0.015212004408627496,3.32213,inf,147662.59521350212,True,False,0,0,0.0,3.0666634390154286,3.0666634390154286,143166.61929882888,mirror,0.04007165287824764,0.01483107991413237,3.3456846728228786,inf,d=-0.025 zeta=2.0%,-0.02468759524535182,0.02
100002,144250.74762393459,144250.74762393459,144915.50742632564,True,False,0,0,0.0,3.228706191293895e-11,inf,,mirror,0.02338,0.032360625736503855,3.32213,inf,145103.46185054525,True,False,0,0,4.9112713895738125e-11,1.1004885891452432e-10,inf,,small_s,0.02727727579805378,0.019892476681919555,3.244842168116068,inf,d=-0.025 zeta=2.0%,-0.02468759524535182,0.02
100003,144250.74762393459,144250.74762393459,144418.2604446195,True,False,0,0,3.183231456205249e-12,2.2282620193436742e-11,inf,,truth,0.02338,0.020747674864053545,3.32213,inf,144599.59288329497,True,False,0,0,1.014086592476815e-10,1.77351466845721e-11,inf,,truth,0.02283819295274746,0.014329223412829268,3.26490059550039,inf,d=-0.025 zeta=2.0%,-0.02468759524535182,0.02
100004,144250.74762393459,144250.74762393459,143926.8281282949,True,False,0,0,9.094947017729282e-13,0.0,inf,,peaks,0.02338,0.015825407149596103,3.32213,inf,144577.60151534443,True,False,0,0,2.6921043172478676e-10,0.0,inf,,peaks,0.02736823300477496,0.013725768070297488,3.3025028921684223,inf,d=-0.025 zeta=2.0%,-0.02468759524535182,0.02
100005,144250.74762393459,144250.74762393459,144185.74149429402,True,False,0,0,8.913048077374697e-11,0.0,inf,,peaks,0.02338,0.029752535898929035,3.32213,inf,144476.80079954021,True,False,0,0,9.094947017729282e-13,2.9103830456733704e-11,inf,,small_s,0.026774110271801634,0.02288546056566561,3.2595039859929678,inf,d=-0.025 zeta=2.0%,-0.02468759524535182,0.02
100006,144250.74762393459,144250.74762393459,144947.9968205981,True,False,0,0,7.73070496506989e-12,0.0,inf,,peaks,0.02338,0.015885417616151698,3.32213,inf,145359.39080755142,True,False,0,0,5.911715561524034e-11,1.3642420526593924e-12,inf,,small_s,0.0274402993960848,0.015791312829970098,3.3335071533388874,inf,d=-0.025 zeta=2.0%,-0.02468759524535182,0.02
100007,144250.74762393459,144250.74762393459,145030.1591994255,True,False,0,0,2.7284841053187847e-12,0.0,inf,,peaks,0.02338,0.020596537880012537,3.32213,inf,144608.77506485383,True,False,0,0,0.0,0.6213944222540704,0.6213944222263308,146222.28264847345,mirror,0.020969310861277467,0.012353271381311691,3.2475820417303933,inf,d=-0.025 zeta=2.0%,-0.02468759524535182,0.02
100008,144250.74762393459,144250.74762393459,145102.42862865404,True,False,0,0,5.638867150992155e-11,0.0,inf,,peaks,0.02338,0.018135824783761117,3.32213,inf,145538.779227793,True,False,0,0,4.8203219193965197e-11,1.9963408703915775e-10,inf,,small_s,0.029312772221969905,0.019283883036117794,3.3620182802474567,inf,d=-0.025 zeta=2.0%,-0.02468759524535182,0.02
100009,144250.74762393459,144250.74762393459,144004.65509197672,True,False,0,0,9.549694368615746e-12,3.3651303965598345e-11,inf,,truth,0.02338,0.019194057161639935,3.32213,inf,150579.1324506277,True,False,0,0,1.4551915228366852e-11,8.185452315956354e-11,inf,,truth,0.0680037751927556,0.023912292648027585,3.3896404661494075,inf,d=-0.025 zeta=2.0%,-0.02468759524535182,0.02
100010,144250.74762393459,144250.74762393459,144151.68448890958,True,False,0,0,1.0459189070388675e-11,0.0,inf,,peaks,0.02338,0.026503902712471383,3.32213,inf,151822.5327440023,True,False,0,0,0.4062732681413763,0.0,0.40627326803496544,143487.89312730692,peaks,0.08317320330681892,0.03251122306432142,3.4515916666171167,inf,d=-0.025 zeta=2.0%,-0.02468759524535182,0.02
100011,144250.74762393459,144250.74762393459,145011.93834730037,True,False,0,0,0.0,5.911715561524034e-11,inf,,mirror,0.02338,0.01887152394880817,3.32213,inf,143492.70212460362,True,False,0,0,0.30867276421940915,0.0,0.30867276399385446,144430.7114211369,peaks,0.017236205447149523,0.01939475677562981,3.1502939190530657,inf,d=-0.025 zeta=2.0%,-0.02468759524535182,0.02
100012,144250.74762393459,144250.74762393459,144197.50689268086,True,False,0,0,9.094947017729282e-13,0.0,inf,,peaks,0.02338,0.02245356539724261,3.32213,inf,142905.43649637973,True,False,1,0,0.0,2.7284841053187847e-12,3.273906231656838,202678.9378678372,mirror,0.025156631287204988,0.01330061897401278,3.1738919607441605,inf,d=-0.025 zeta=2.0%,-0.02468759524535182,0.02
100013,144250.74762393459,144250.74762393459,143742.0771401177,True,False,0,0,1.1823431123048067e-11,1.8189894035458565e-12,inf,,truth,0.02338,0.020311229660175834,3.32213,inf,144639.89818795637,True,False,0,0,6.821210263296962e-11,4.5929482439532876e-11,inf,,small_s,0.030047234213815388,0.016483144350523383,3.2940802678294725,inf,d=-0.025 zeta=2.0%,-0.02468759524535182,0.02
100014,144250.74762393459,144250.74762393459,145139.01481707065,True,False,0,0,3.637978807091713e-12,6.821210263296962e-12,inf,,truth,0.02338,0.02189828216168442,3.32213,inf,145266.19115292688,True,False,0,0,0.0,1.000444171950221e-11,inf,,mirror,0.024676005584916418,0.016221153686540767,3.271854264796898,inf,d=-0.025 zeta=2.0%,-0.02468759524535182,0.02
100015,144250.74762393459,144250.74762393459,143010.0357846143,True,False,0,0,0.0,1.0732037480920553e-10,inf,,mirror,0.02338,0.022259448595003138,3.32213,inf,144278.16141309417,True,False,0,0,1.8189894035458565e-12,7.275957614183426e-12,inf,,truth,0.03483780608691641,0.02168398589537902,3.328490532315387,inf,d=-0.025 zeta=2.0%,-0.02468759524535182,0.02
100016,144250.74762393459,144250.74762393459,145999.93913760784,True,False,0,0,9.549694368615746e-12,0.0,inf,,peaks,0.02338,0.017370881691546523,3.32213,inf,147471.44972744872,True,False,0,0,5.2295945351943374e-11,3.5925040720030665e-11,inf,,small_s,0.03666280386127239,0.01835725375346424,3.3635629730109455,inf,d=-0.025 zeta=2.0%,-0.02468759524535182,0.02
100017,144250.74762393459,144250.74762393459,143960.01137803614,True,False,0,0,4.547473508864641e-12,0.0,inf,,truth,0.02338,0.017467137990441313,3.32213,inf,144083.54293772756,True,False,0,0,0.0,1.9099388737231493e-11,inf,,mirror,0.022060042946781794,0.010909171523311261,3.2608155197677005,inf,d=-0.025 zeta=2.0%,-0.02468759524535182,0.02
100018,144250.74762393459,144250.74762393459,143962.22461417151,True,False,0,0,3.637978807091713e-12,1.546140993013978e-11,inf,,truth,0.02338,0.02199876354431264,3.32213,inf,154528.65016050113,True,False,0,0,0.20601918949023457,0.20601918958118404,0.20601918949023457,142499.3495320068,truth,0.09487588790291096,0.025209457982839092,3.450117106737272,inf,d=-0.025 zeta=2.0%,-0.02468759524535182,0.02
100019,144250.74762393459,144250.74762393459,144583.77105366002,True,False,0,0,1.3642420526593924e-12,0.0,inf,,peaks,0.02338,0.02048436460571958,3.32213,inf,143207.57820896467,True,False,0,0,1.3813162323258439,0.0,1.3813162223850668,144919.62322916402,peaks,0.0208151088229173,0.012341538020847668,3.189142699532179,inf,d=-0.025 zeta=2.0%,-0.02468759524535182,0.02
100020,144250.74762393459,144250.74762393459,145006.98701118393,True,False,0,0,0.0,1.1368683772161603e-11,inf,,mirror,0.02338,0.021412027308276235,3.32213,inf,145446.2435247851,True,False,0,0,0.0,8.230927051045e-11,inf,,mirror,0.027317975036668947,0.020122490049720373,3.3196606261181287,inf,d=-0.025 zeta=2.0%,-0.02468759524535182,0.02
100021,144250.74762393459,144250.74762393459,142697.64049310732,True,False,0,0,0.0,4.547473508864641e-12,inf,,mirror,0.02338,0.026115903247634024,3.32213,inf,143050.14968539553,True,False,0,0,1.3778844731859863e-10,5.6843418860808015e-11,inf,,small_s,0.02536733356459973,0.020941056418082745,3.2698534613281764,inf,d=-0.025 zeta=2.0%,-0.02468759524535182,0.02
100022,144250.74762393459,144250.74762393459,144226.9897593624,True,False,0,0,2.7284841053187847e-12,0.0,inf,,peaks,0.02338,0.024321034930679046,3.32213,inf,144848.44558530007,True,False,0,0,0.0,0.27245437863257393,0.27245437863257393,143226.2906839219,mirror,0.029620960962251648,0.023188146019970112,3.325568693048207,inf,d=-0.025 zeta=2.0%,-0.02468759524535182,0.02
100023,144250.74762393459,144250.74762393459,143455.72881957504,True,False,0,0,0.0,1.5006662579253316e-11,inf,,mirror,0.02338,0.017112533153917166,3.32213,inf,140048.8917304473,True,False,0,0,0.3082132730878584,0.0,0.30821327306421153,147569.259494208,peaks,0.04512223159409634,0.019820265243453032,2.959072412734308,inf,d=-0.025 zeta=2.0%,-0.02468759524535182,0.02
100024,144250.74762393459,144250.74762393459,144525.1640151476,False,False,0,2,5.002220859751105e-12,1.4097167877480388e-11,inf,,truth,0.02338,0.019319074412218827,3.32213,inf,146590.01912384116,True,False,0,0,2.2737367544323206e-11,0.31723996796245046,0.31723996796245046,144705.28617658184,small_s,0.0419306647651455,0.021190545556182157,3.363872724586705,inf,d=-0.025 zeta=2.0%,-0.02468759524535182,0.02
100025,144250.74762393459,144250.74762393459,142897.27610256887,True,False,0,0,0.0,3.3651303965598345e-11,inf,,mirror,0.02338,0.0197610108668313,3.32213,inf,144437.86067387066,True,False,0,0,4.320099833421409e-11,9.094947017729282e-13,inf,,small_s,0.036255505780712675,0.018753030267799082,3.3253823233292654,inf,d=-0.025 zeta=2.0%,-0.02468759524535182,0.02
100026,144250.74762393459,144250.74762393459,144426.5419492368,True,False,0,0,0.0,2.2282620193436742e-11,inf,,mirror,0.02338,0.01642934729334498,3.32213,inf,144611.21429259656,True,False,0,0,0.0,2.3646862246096134e-11,inf,,mirror,0.02340483036328319,0.014031270571834535,3.2905820922428255,inf,d=-0.025 zeta=2.0%,-0.02468759524535182,0.02
100027,144250.74762393459,144250.74762393459,143473.20814684316,True,False,0,0,8.913048077374697e-11,2.2282620193436742e-11,inf,,truth,0.02338,0.018220436344549062,3.32213,inf,145575.54214187278,True,False,0,0,1.3642420526593924e-11,1.8189894035458565e-12,inf,,truth,0.038992846049415573,0.017643842501704234,3.3250937123251036,inf,d=-0.025 zeta=2.0%,-0.02468759524535182,0.02
100028,144250.74762393459,144250.74762393459,144224.83910334532,True,False,0,0,1.4097167877480388e-11,0.0,inf,,peaks,0.02338,0.016940054363543008,3.32213,inf,145562.30656068434,True,False,0,0,9.094947017729282e-12,9.094947017729282e-13,inf,,truth,0.02982186481784328,0.011986817988306498,3.2960045879985547,inf,d=-0.025 zeta=2.0%,-0.02468759524535182,0.02
100029,144250.74762393459,144250.74762393459,143779.0946755361,True,False,0,0,1.6825651982799172e-11,0.0,inf,,peaks,0.02338,0.02726634403804773,3.32213,inf,144119.74627238436,True,False,0,0,4.547473508864641e-13,2.7284841053187847e-11,inf,,truth,0.026615066747408475,0.019162599894356615,3.2558139394890455,inf,d=-0.025 zeta=2.0%,-0.02468759524535182,0.02
100030,144250.74762393459,144250.74762393459,144206.85474305463,True,False,0,0,0.0,5.9117155615240335e-12,inf,,mirror,0.02338,0.018654574135833064,3.32213,inf,143641.76767973378,True,False,0,0,1.0913936421275139e-10,0.0,inf,,peaks,0.017196877114659642,0.019919980697516083,3.3274998884573432,inf,d=-0.025 zeta=2.0%,-0.02468759524535182,0.02
100031,144250.74762393459,144250.74762393459,143124.8573852552,True,False,0,0,0.0,2.5920599000528455e-11,inf,,mirror,0.02338,0.02200534026582062,3.32213,inf,148028.91745234551,True,False,0,0,0.0,1.0459189070388675e-11,inf,,mirror,0.06056450822388991,0.02276394882157106,3.37514255503152,inf,d=-0.025 zeta=2.0%,-0.02468759524535182,0.02
100032,144250.74762393459,144250.74762393459,143999.47432803488,True,False,0,0,0.0,1.2278178473934531e-11,inf,,mirror,0.02338,0.019027468861472108,3.32213,inf,144042.77271896528,True,False,0,0,0.8002438843886921,0.0,inf,,peaks,0.021183825134622095,0.014344270893894447,3.268970001067085,inf,d=-0.025 zeta=2.0%,-0.02468759524535182,0.02
100033,144250.74762393459,144250.74762393459,145669.11909692746,True,False,0,0,3.637978807091713e-12,1.0913936421275139e-11,inf,,truth,0.02338,0.013935432837566115,3.32213,inf,145796.51487415325,True,False,0,0,9.367795428261161e-11,0.0,inf,,peaks,0.02275614473063317,0.011799037250189656,3.2954280556763353,inf,d=-0.025 zeta=2.0%,-0.02468759524535182,0.02
100034,144250.74762393459,144250.74762393459,144927.7039446136,True,False,0,0,0.0,4.547473508864641e-13,inf,,mirror,0.02338,0.015708189214784077,3.32213,inf,153742.9426881751,True,False,0,0,1.2547762605790922,0.0,1.2547762603171577,144197.89924264268,peaks,0.08062593085755058,0.022088706064521183,3.423342811174252,inf,d=-0.025 zeta=2.0%,-0.02468759524535182,0.02
100035,144250.74762393459,144250.74762393459,144616.20831470075,True,False,0,0,0.0,1.2278178473934531e-11,inf,,mirror,0.02338,0.013400658885053499,3.32213,inf,145597.414565308,True,False,0,0,5.4569682106375694e-12,0.24023102915089112,0.24023102906085114,144395.67016921207,truth,0.035623664186061825,0.014808424908864451,3.3735328854240465,inf,d=-0.025 zeta=2.0%,-0.02468759524535182,0.02
100036,144250.74762393459,144250.74762393459,143746.82666311835,True,False,0,0,1.3642420526593924e-11,4.774847184307873e-11,inf,,truth,0.02338,0.01610918778505686,3.32213,inf,145427.50512636267,True,False,0,0,0.0,1.4931824198865797,1.4931824198865797,140658.78409724328,mirror,0.035102316034938914,0.014868145033174445,3.315477048913312,inf,d=-0.025 zeta=2.0%,-0.02468759524535182,0.02
100037,144250.74762393459,144250.74762393459,144406.09945482644,True,False,0,0,2.546585164964199e-11,0.0,inf,,peaks,0.02338,0.01787789433788544,3.32213,inf,145747.5269389771,True,False,0,0,5.184119800105691e-11,0.0,inf,,peaks,0.033435312403954136,0.016130568933520016,3.322758306117882,inf,d=-0.025 zeta=2.0%,-0.02468759524535182,0.02
100038,144250.74762393459,144250.74762393459,143800.52288135237,True,False,0,0,0.0,3.728928277269006e-11,inf,,mirror,0.02338,0.022293393742536055,3.32213,inf,148399.31545012357,True,False,0,0,2.319211489520967e-11,0.0,inf,,peaks,0.06062870865586082,0.02470198070027948,3.395548688541276,inf,d=-0.025 zeta=2.0%,-0.02468759524535182,0.02
100039,144250.74762393459,144250.74762393459,143643.5973836334,True,False,0,0,2.2737367544323206e-12,5.775291356258094e-11,inf,,truth,0.02338,0.019646542388145366,3.32213,inf,144727.20267234996,True,False,0,0,0.0,6.366462912410498e-12,inf,,mirror,0.03364832039190236,0.018856615995832715,3.3421534613172437,inf,d=-0.025 zeta=2.0%,-0.02468759524535182,0.02
100040,144250.74762393459,144250.74762393459,145103.44031502053,True,False,0,0,1.4097167877480388e-11,0.0,inf,,peaks,0.02338,0.01883756149068304,3.32213,inf,145869.2646188629,True,False,0,0,2.0463630789890885e-11,1.0459189070388675e-11,inf,,small_s,0.027419312480104107,0.012416196575745211,3.2806858900191083,inf,d=-0.025 zeta=2.0%,-0.02468759524535182,0.02
100041,144250.74762393459,144250.74762393459,145012.9912235838,True,False,0,0,0.0,5.911715561524034e-11,inf,,mirror,0.02338,0.016041383268477934,3.32213,inf,145752.1685484586,True,False,0,0,0.0,1.0913936421275139e-11,inf,,mirror,0.02967845999629729,0.015838429467076292,3.3271747824448887,inf,d=-0.025 zeta=2.0%,-0.02468759524535182,0.02
100042,144250.74762393459,144250.74762393459,144349.62768617418,True,False,0,0,3.637978807091713e-12,0.0,inf,,peaks,0.02338,0.02601573525656493,3.32213,inf,145260.9614331054,True,False,0,0,1.5188561519607902e-10,0.6199213937770764,0.6199213937770764,143311.03820190826,small_s,0.03223454405800268,0.023972144096027295,3.328125938787113,inf,d=-0.025 zeta=2.0%,-0.02468759524535182,0.02
100043,144250.74762393459,144250.74762393459,144095.06747288656,True,False,0,0,2.080014382954687e-09,0.0,inf,,peaks,0.02338,0.041803535323548045,3.32213,inf,147405.8470528146,True,False,0,0,5.377828529162798e-06,0.5972476369347532,0.5972476369347532,156968.36029956193,truth,0.05413287787488786,0.0383053121585131,3.3740747916643152,inf,d=-0.025 zeta=2.0%,-0.02468759524535182,0.02
100044,144250.74762393459,144250.74762393459,144681.38286476023,True,False,0,0,0.0,4.547473508864641e-12,inf,,mirror,0.02338,0.01817235450826866,3.32213,inf,144814.85406102243,True,False,0,0,0.8394161232645274,0.8394161181045092,0.7909550959825538,146234.583337742,small_s,0.019898070178514863,0.011401209049926739,3.27222411546994,inf,d=-0.025 zeta=2.0%,-0.02468759524535182,0.02
100045,144250.74762393459,144250.74762393459,144663.41927205634,True,False,0,0,1.2732925824820995e-11,6.366462912410498e-12,inf,,truth,0.02338,0.016283772672269155,3.32213,inf,144517.18696408023,True,False,0,0,4.547473508864641e-12,3.9108272176235914e-11,inf,,small_s,0.020693099018880744,0.01496997628033795,3.2985987838215807,inf,d=-0.025 zeta=2.0%,-0.02468759524535182,0.02
100046,144250.74762393459,144250.74762393459,144406.0439564939,True,False,0,0,0.0,5.4569682106375694e-12,inf,,mirror,0.02338,0.01585432560615406,3.32213,inf,146130.61804537202,True,False,0,0,2.4556356947869062e-11,4.3655745685100555e-11,inf,,truth,0.03705885258407232,0.01462335801612187,3.3372835443851163,inf,d=-0.025 zeta=2.0%,-0.02468759524535182,0.02
100047,144250.74762393459,144250.74762393459,143887.80610365598,True,False,0,0,4.638422979041934e-11,0.0,inf,,peaks,0.02338,0.02164895990910452,3.32213,inf,143528.15707521047,True,False,0,0,6.093614501878619e-11,0.02575435005928739,0.02575435005928739,144747.5037985778,truth,0.019834805260597766,0.022912222724827746,3.358808581252446,inf,d=-0.025 zeta=2.0%,-0.02468759524535182,0.02
100048,144250.74762393459,144250.74762393459,144617.33849971107,True,False,0,0,1.3642420526593924e-12,5.95719029661268e-11,inf,,truth,0.02338,0.022238309960312074,3.32213,inf,145325.19731302417,True,False,0,0,7.275957614183426e-12,8.958522812463343e-11,inf,,small_s,0.028895897409691413,0.019059045081357136,3.303633417513801,inf,d=-0.025 zeta=2.0%,-0.02468759524535182,0.02
100049,144250.74762393459,144250.74762393459,144603.39103617755,True,False,0,0,0.0,1.318767317570746e-11,inf,,mirror,0.02338,0.016186725555128078,3.32213,inf,145894.21273219047,True,False,0,0,1.659827830735594e-10,0.0,inf,,peaks,0.03147190282309386,0.012707819216415924,3.299578812451074,inf,d=-0.025 zeta=2.0%,-0.02468759524535182,0.02
100050,144250.74762393459,144250.74762393459,144288.04547899595,True,False,0,0,0.0,1.000444171950221e-11,inf,,mirror,0.02338,0.021091697198721518,3.32213,inf,143960.86516087843,True,False,0,0,6.093614501878619e-11,0.089130318635398,inf,,truth,0.019906457002027412,0.022081716667722955,3.3357363942128893,inf,d=-0.025 zeta=2.0%,-0.02468759524535182,0.02
100051,144250.74762393459,144250.74762393459,145155.5083604005,True,False,0,0,9.094947017729282e-13,0.0,inf,,peaks,0.02338,0.02798636513220269,3.32213,inf,147563.0737569321,True,False,0,0,0.0,2.9359399233276235,2.9359399233276235,144306.7045742938,mirror,0.04509481107939043,0.02520829815262434,3.3529231724406263,inf,d=-0.025 zeta=2.0%,-0.02468759524535182,0.02
100052,144250.74762393459,144250.74762393459,144672.1860292357,True,False,0,0,5.866240826435387e-11,1.7280399333685637e-11,inf,,truth,0.02338,0.02040644852895129,3.32213,inf,145491.15400892188,True,False,0,0,5.047695594839752e-11,4.1382008930668235e-11,inf,,truth,0.030245984179800952,0.018522607230693718,3.3132539176239013,inf,d=-0.025 zeta=2.0%,-0.02468759524535182,0.02
100053,144250.74762393459,144250.74762393459,145028.15123125113,True,False,0,0,0.0,3.3651303965598345e-11,inf,,mirror,0.02338,0.019454050601116452,3.32213,inf,147319.2987414536,True,False,0,0,0.0,1.6429360363808883,1.6429360363808883,144077.80839423195,mirror,0.046314238085467974,0.02087699309730108,3.3978957056196974,inf,d=-0.025 zeta=2.0%,-0.02468759524535182,0.02
100054,144250.74762393459,144250.74762393459,143666.87964119707,True,False,0,0,0.0,2.1373125491663814e-11,inf,,mirror,0.02338,0.029263642998950436,3.32213,inf,144592.06515648263,True,False,0,0,0.08939441183065355,0.08939441183838426,0.05604347554663036,148339.4399610837,small_s,0.03565887716305674,0.03051342413810408,3.384709295134409,inf,d=-0.025 zeta=2.0%,-0.02468759524535182,0.02
100055,144250.74762393459,144250.74762393459,144157.53300727674,True,False,0,0,0.0,1.6325429896824062e-10,inf,,mirror,0.02338,0.02245871574312069,3.32213,inf,144057.20899188027,True,False,0,0,6.366462912410498e-12,5.002220859751105e-12,inf,,truth,0.02202205404930397,0.01502494175716768,3.2449453122574323,inf,d=-0.025 zeta=2.0%,-0.02468759524535182,0.02
100056,144250.74762393459,144250.74762393459,144172.84543362132,True,False,0,0,2.000888343900442e-11,3.637978807091713e-12,inf,,truth,0.02338,0.01778488864639866,3.32213,inf,142099.8062552935,True,False,0,0,0.23336145275652598,0.23336145277289688,0.23336145275652598,167964.0068084488,small_s,0.025211070952469997,0.017264190278183787,3.091322888336352,inf,d=-0.025 zeta=2.0%,-0.02468759524535182,0.02
100057,144250.74762393459,144250.74762393459,144756.1565746689,True,False,0,0,3.1377567211166024e-11,1.7462298274040222e-10,inf,,truth,0.02338,0.019275720717151768,3.32213,inf,172479.3384701924,True,False,0,0,6.366462912410498e-11,1.8290505552331524,1.8290505552135983,144187.40042291538,truth,0.12017991442897429,0.02506505236393339,3.4093112497373332,inf,d=-0.025 zeta=2.0%,-0.02468759524535182,0.02
100058,144250.74762393459,144250.74762393459,144163.08091756923,True,False,0,0,5.4569682106375694e-12,0.0,inf,,peaks,0.02338,0.02319663141663113,3.32213,inf,147703.23534510576,True,False,0,0,6.821210263296962e-12,2.1373125491663814e-11,inf,,truth,0.051072044453203326,0.0241689253155262,3.3646906023854193,inf,d=-0.025 zeta=2.0%,-0.02468759524535182,0.02
100059,144250.74762393459,144250.74762393459,143545.84556429248,True,False,0,0,0.0,1.9554136088117957e-11,inf,,mirror,0.02338,0.021210691084490464,3.32213,inf,147430.02226890158,True,False,0,0,3.183231456205249e-12,1.5916157281026244e-11,inf,,truth,0.05516522845812519,0.022251673087102162,3.3833043206824267,inf,d=-0.025 zeta=2.0%,-0.02468759524535182,0.02
100060,144250.74762393459,144250.74762393459,144709.8776788516,True,False,0,0,1.8189894035458565e-12,0.0,inf,,peaks,0.02338,0.023297764186263496,3.32213,inf,145042.37941559887,True,False,0,0,0.0,0.21699003055755384,0.21699003055755384,143462.81862368464,mirror,0.0269037870936713,0.02298620610507164,3.329336154874624,inf,d=-0.025 zeta=2.0%,-0.02468759524535182,0.02
100061,144250.74762393459,144250.74762393459,144545.48301393935,True,False,0,0,1.3642420526593924e-12,0.0,inf,,truth,0.02338,0.014556930870879411,3.32213,inf,149493.09467997565,True,False,0,0,1.000444171950221e-11,2.0724742517813866,2.0724742517813866,140027.2903219392,small_s,0.059351554363374553,0.016905177606801654,3.3856758709178663,inf,d=-0.025 zeta=2.0%,-0.02468759524535182,0.02
100062,144250.74762393459,144250.74762393459,143847.73997245159,True,False,0,0,8.458300726488233e-11,0.0,inf,,peaks,0.02338,0.024241600176021023,3.32213,inf,144529.68793690758,True,False,0,0,0.0,8.185452315956354e-12,inf,,mirror,0.029558739203458233,0.021356810522891963,3.3012191915166293,inf,d=-0.025 zeta=2.0%,-0.02468759524535182,0.02
100063,144250.74762393459,144250.74762393459,144427.9344517788,True,False,0,0,6.821210263296962e-12,6.639311322942376e-11,inf,,truth,0.02338,0.019191204735520433,3.32213,inf,143556.91118353518,True,False,0,0,0.41720645725717986,2.8194335754960775e-11,inf,,small_s,0.016979950751585964,0.015130062436775674,3.2230046528746468,inf,d=-0.025 zeta=2.0%,-0.02468759524535182,0.02
100064,144250.74762393459,144250.74762393459,144201.4967847057,True,False,0,0,8.185452315956354e-12,2.1827872842550278e-11,inf,,truth,0.02338,0.01636554962155275,3.32213,inf,145767.96516277627,True,False,0,0,7.958078640513122e-11,0.0,inf,,peaks,0.033651085981393304,0.014753927690147241,3.313030341345199,inf,d=-0.025 zeta=2.0%,-0.02468759524535182,0.02
100065,144250.74762393459,144250.74762393459,143633.5119596124,True,False,0,0,0.0,1.1868905858136714e-10,inf,,mirror,0.02338,0.019738847948798932,3.32213,inf,142900.31059240364,True,False,0,0,0.2015848358519179,9.094947017729282e-13,0.2015848358519179,143725.52477154674,small_s,0.015660581159865617,0.01610228788278617,3.22382077833344,inf,d=-0.025 zeta=2.0%,-0.02468759524535182,0.02
100066,144250.74762393459,144250.74762393459,144055.47178391865,True,False,0,0,1.2278178473934531e-11,9.094947017729282e-13,inf,,truth,0.02338,0.014013551258651459,3.32213,inf,149131.94685552997,True,False,0,0,0.0,0.49932995388826384,0.49932995388826384,137641.60802576988,mirror,0.05986685443235944,0.017739489079189114,3.3811461671098506,inf,d=-0.025 zeta=2.0%,-0.02468759524535182,0.02
100067,144250.74762393459,144250.74762393459,143826.09645449815,True,False,0,0,1.0913936421275139e-11,1.3642420526593924e-11,inf,,truth,0.02338,0.024814103880806838,3.32213,inf,144262.17775929155,True,False,0,0,1.823536877054721e-10,0.0,inf,,peaks,0.027353095133312216,0.021264200675144503,3.2875805644748124,inf,d=-0.025 zeta=2.0%,-0.02468759524535182,0.02
100068,144250.74762393459,144250.74762393459,145504.20236733774,True,False,0,0,0.0,9.094947017729282e-13,inf,,mirror,0.02338,0.021790592572080807,3.32213,inf,148218.93207297171,True,False,0,0,0.0,1.6370904631912708e-11,inf,,mirror,0.04437209516309122,0.021525683187305657,3.358279263199628,inf,d=-0.025 zeta=2.0%,-0.02468759524535182,0.02
100069,144250.74762393459,144250.74762393459,143754.2217578841,True,False,0,0,0.0,5.9117155615240335e-12,inf,,mirror,0.02338,0.025024614744931385,3.32213,inf,174365.5192156115,True,False,0,0,0.5618760312891027,0.5618760312522681,0.5618760312522681,142843.41157617295,truth,0.123067491228022,0.028465315034189944,3.400889395269035,inf,d=-0.025 zeta=2.0%,-0.02468759524535182,0.02
100070,144250.74762393459,144250.74762393459,144936.0745382541,True,False,0,0,6.002665031701326e-11,0.0,inf,,peaks,0.02338,0.017672615094030026,3.32213,inf,144345.8351360524,True,False,0,0,0.06795994981621334,0.06795994982485354,0.06795994981621334,153348.33894269995,small_s,0.018347907599922792,0.011967648264172724,3.246651750754673,inf,d=-0.025 zeta=2.0%,-0.02468759524535182,0.02
100071,144250.74762393459,144250.74762393459,144271.61533031563,True,False,0,0,5.002220859751105e-12,0.0,inf,,truth,0.02338,0.017424906008433792,3.32213,inf,145285.19959346444,True,False,0,0,0.0,7.23048287909478e-11,inf,,mirror,0.032498878613926946,0.017254439194302255,3.333812726653415,inf,d=-0.025 zeta=2.0%,-0.02468759524535182,0.02
100072,144250.74762393459,144250.74762393459,143346.1508050811,True,False,0,0,9.094947017729282e-13,4.547473508864641e-13,inf,,truth,0.02338,0.02612786485521583,3.32213,inf,144325.90731582697,True,False,0,0,1.000444171950221e-11,5.411493475548923e-11,inf,,small_s,0.031097104584015413,0.020837621929874366,3.2932273001538652,inf,d=-0.025 zeta=2.0%,-0.02468759524535182,0.02
100073,144250.74762393459,144250.74762393459,144955.8147833086,True,False,0,0,1.3096723705530167e-10,7.003109203651547e-11,inf,,truth,0.02338,0.019892095664771698,3.32213,inf,147054.17279949752,True,False,0,0,3.228706191293895e-11,3.456079866737127e-11,inf,,truth,0.03794269677188203,0.015349235229210724,3.3060512840777703,inf,d=-0.025 zeta=2.0%,-0.02468759524535182,0.02
100074,144250.74762393459,144250.74762393459,146203.50380856448,True,False,0,0,5.002220859751105e-12,8.185452315956354e-12,inf,,truth,0.02338,0.012107945312441656,3.32213,0.004599177681324792,148214.63767839904,True,False,0,0,0.0,9.094947017729282e-13,inf,,mirror,0.03663490165958809,0.012763121262498333,3.33756487181541,inf,d=-0.025 zeta=2.0%,-0.02468759524535182,0.02
100075,144250.74762393459,144250.74762393459,144212.1820611408,True,False,0,0,0.0,5.3660187404602766e-11,inf,,mirror,0.02338,0.026401976770085857,3.32213,inf,144159.61626504836,True,False,0,0,2.2737367544323206e-12,0.0,inf,,peaks,0.02405284307591705,0.019715791713701147,3.244648360746942,inf,d=-0.025 zeta=2.0%,-0.02468759524535182,0.02
100076,144250.74762393459,144250.74762393459,145435.46056194216,True,False,0,0,0.0,1.546140993013978e-11,inf,,mirror,0.02338,0.01699513237891346,3.32213,inf,146392.78074292614,True,False,0,0,1.3642420526593924e-12,0.6192437207419061,0.6192437207419061,143751.3063905352,truth,0.033156679635847806,0.017948902216535667,3.3600977376484926,inf,d=-0.025 zeta=2.0%,-0.02468759524535182,0.02
100077,144250.74762393459,144250.74762393459,144099.71846500563,True,False,0,0,1.0913936421275139e-11,3.637978807091713e-12,inf,,truth,0.02338,0.017336383090628467,3.32213,inf,150817.9788551981,True,False,0,0,5.047695594839752e-11,2.632445142036886,2.6324451420300647,143430.7640149092,truth,0.07146774584080551,0.021880041771987165,3.4064570564089447,inf,d=-0.025 zeta=2.0%,-0.02468759524535182,0.02
100078,144250.74762393459,144250.74762393459,144212.8200021649,True,False,0,0,9.094947017729282e-13,0.0,inf,,peaks,0.02338,0.01976505546286952,3.32213,inf,144847.66556575996,True,False,0,0,1.0459189070388675e-11,8.640199666842818e-12,inf,,truth,0.029367453215202555,0.019524050944648392,3.328936283247748,inf,d=-0.025 zeta=2.0%,-0.02468759524535182,0.02
100079,144250.74762393459,144250.74762393459,143912.03337321317,False,False,0,1,1.1368683772161603e-10,0.0,inf,,peaks,0.02338,0.020304950425834984,3.32213,inf,159466.79026563425,True,False,0,0,1.5214548217695665,1.521454821820953,1.5214548217695665,143714.6502130202,small_s,0.10412680550500089,0.02478828840211869,3.4246637794242556,inf,d=-0.025 zeta=2.0%,-0.02468759524535182,0.02
100080,144250.74762393459,144250.74762393459,143718.81950133422,True,False,0,0,6.366462912410498e-12,8.185452315956354e-12,inf,,truth,0.02338,0.019261580593860097,3.32213,inf,143309.40258564768,True,False,0,0,0.6429069657951914,0.0,0.6429069657951914,149455.3398250193,peaks,0.018919091701459056,0.011347951653256944,3.2343919675796275,inf,d=-0.025 zeta=2.0%,-0.02468759524535182,0.02
100081,144250.74762393459,144250.74762393459,142896.53593252305,True,False,0,0,0.0,9.549694368615746e-12,inf,,mirror,0.02338,0.026084911406115924,3.32213,inf,143834.09625890985,True,False,0,0,3.228706191293895e-11,1.6825651982799172e-11,inf,,small_s,0.0320050832906652,0.02396776160518521,3.3100164471356965,inf,d=-0.025 zeta=2.0%,-0.02468759524535182,0.02
100082,144250.74762393459,144250.74762393459,144650.28127571006,True,False,0,0,1.1368683772161603e-11,0.0,inf,,peaks,0.02338,0.021763841945027528,3.32213,inf,146734.0452195934,True,False,0,0,9.522409527562559e-10,1.2732925824820995e-10,inf,,small_s,0.04964196705330729,0.025100998450142405,3.440226717379584,inf,d=-0.025 zeta=2.0%,-0.02468759524535182,0.02
100083,144250.74762393459,144250.74762393459,144126.38104054562,True,False,0,0,3.728928277269006e-11,0.0,inf,,peaks,0.02338,0.014780953474043469,3.32213,inf,143831.45111119532,True,False,0,0,4.420144250616431e-10,0.0,inf,,peaks,0.023081989114746893,0.01557691179282687,3.3703258007620835,inf,d=-0.025 zeta=2.0%,-0.02468759524535182,0.02
100084,144250.74762393459,144250.74762393459,143987.1347298683,True,False,0,0,1.2732925824820995e-11,0.0,inf,,peaks,0.02338,0.018272339864681814,3.32213,inf,150849.11603725955,True,False,0,0,1.2278178473934531e-11,0.0,inf,,peaks,0.06907757209796127,0.021799207189211536,3.388118560486347,inf,d=-0.025 zeta=2.0%,-0.02468759524535182,0.02
100085,144250.74762393459,144250.74762393459,144574.17915200055,True,False,0,0,0.0,5.4569682106375694e-12,inf,,mirror,0.02338,0.01565224787231076,3.32213,inf,149171.57346498297,True,False,0,0,0.0,1.1492655703204946,1.1492655703204946,147435.701883004,mirror,0.060931808832847115,0.017775408614661217,3.4077857992148037,inf,d=-0.025 zeta=2.0%,-0.02468759524535182,0.02
100086,144250.74762393459,144250.74762393459,143055.95664070963,True,False,0,0,1.9099388737231493e-11,0.0,inf,,peaks,0.02338,0.0131919671320526,3.32213,inf,143631.29785410728,True,False,0,0,0.0,1.5213849864649092,1.5213849864649092,141177.2552856238,mirror,0.0259598309818309,0.011762486802883793,3.297038577784679,inf,d=-0.025 zeta=2.0%,-0.02468759524535182,0.02
100087,144250.74762393459,144250.74762393459,144415.36225116378,True,False,0,0,6.366462912410498e-12,2.7284841053187847e-12,inf,,truth,0.02338,0.0162695328834038,3.32213,inf,144782.36647244066,True,False,0,0,2.7284841053187847e-12,1.1186784831807017e-10,inf,,truth,0.02513982554890342,0.01456877568191445,3.30446287612469,inf,d=-0.025 zeta=2.0%,-0.02468759524535182,0.02
100088,144250.74762393459,144250.74762393459,145401.3891556837,True,False,0,0,3.2741809263825417e-11,0.0,inf,,peaks,0.02338,0.015276792964202198,3.32213,inf,142996.95007952783,True,False,0,0,0.1565234571844485,0.0,0.15652345714761395,146038.0002406195,peaks,0.024464184789465354,0.01662466159716632,3.090782026708297,inf,d=-0.025 zeta=2.0%,-0.02468759524535182,0.02
100089,144250.74762393459,144250.74762393459,142551.6024046232,True,False,0,0,0.0,1.000444171950221e-11,inf,,mirror,0.02338,0.018128346256007014,3.32213,inf,142569.75073837992,True,False,0,0,4.092726157978177e-11,3.2741809263825417e-11,inf,,truth,0.021585961404700794,0.015210868774090265,3.2679310213133594,inf,d=-0.025 zeta=2.0%,-0.02468759524535182,0.02
100090,144250.74762393459,144250.74762393459,143910.19987957348,True,False,0,0,5.3660187404602766e-11,0.0,inf,,truth,0.02338,0.027001079957368543,3.32213,inf,144191.22328260614,True,False,0,0,2.2737367544323206e-12,0.0,inf,,peaks,0.025216559077919958,0.019235126136078102,3.2642198072417106,inf,d=-0.025 zeta=2.0%,-0.02468759524535182,0.02
100091,144250.74762393459,144250.74762393459,143458.61900360213,True,False,0,0,2.2737367544323206e-12,0.0,inf,,peaks,0.02338,0.027658031544229366,3.32213,inf,143944.20992579457,True,False,0,0,3.728928277269006e-11,0.0,inf,,peaks,0.025593218427223337,0.016616824594381355,3.258761954666641,inf,d=-0.025 zeta=2.0%,-0.02468759524535182,0.02
100092,144250.74762393459,144250.74762393459,143892.35127526888,True,False,0,0,2.5920599000528455e-11,8.640199666842818e-12,inf,,truth,0.02338,0.03114014913799778,3.32213,inf,146084.98125556108,True,False,0,0,1.1004885891452432e-10,9.094947017729282e-12,inf,,small_s,0.037878283491724805,0.0176999634772592,3.2922268556098087,inf,d=-0.025 zeta=2.0%,-0.02468759524535182,0.02
100093,144250.74762393459,144250.74762393459,144259.65848406396,True,False,0,0,3.637978807091713e-12,0.0,inf,,peaks,0.02338,0.017205192648979496,3.32213,inf,148728.66167961454,True,False,0,0,1.7280399333685637e-11,2.7931582434516713,2.7931582434516713,142240.72520139028,small_s,0.05282729930869073,0.0191858598178923,3.350648216413568,inf,d=-0.025 zeta=2.0%,-0.02468759524535182,0.02
100094,144250.74762393459,144250.74762393459,145468.66738364214,True,False,0,0,3.183231456205249e-12,0.0,inf,,peaks,0.02338,0.01808907203237999,3.32213,inf,146455.78396618646,True,False,0,0,4.092726157978177e-12,2.2737367544323206e-12,inf,,truth,0.028038372940437057,0.011200440324879919,3.286365968384963,inf,d=-0.025 zeta=2.0%,-0.02468759524535182,0.02
100095,144250.74762393459,144250.74762393459,144297.2570733602,True,False,0,0,0.0,2.4556356947869062e-11,inf,,mirror,0.02338,0.01572032365620795,3.32213,inf,145761.95726278055,True,False,0,0,3.637978807091713e-12,0.0,inf,,peaks,0.035084645037209726,0.01536311661589449,3.332030574981252,inf,d=-0.025 zeta=2.0%,-0.02468759524535182,0.02
100096,144250.74762393459,144250.74762393459,143538.8903406211,True,False,0,0,1.8189894035458565e-12,0.0,inf,,peaks,0.02338,0.020417403986358183,3.32213,inf,142900.62288333534,True,False,0,0,0.7073925617255554,0.7073925616541601,0.7073925616541601,144895.38290701597,small_s,0.01963268375618641,0.011305418702269476,3.2218404263221725,inf,d=-0.025 zeta=2.0%,-0.02468759524535182,0.02
100097,144250.74762393459,144250.74762393459,143462.14465321266,True,False,0,0,4.547473508864641e-13,6.366462912410498e-12,inf,,truth,0.02338,0.01786104882470655,3.32213,inf,144411.37391625124,True,False,0,0,1.0368239600211382e-10,0.0,inf,,peaks,0.034153192057343955,0.018132766598899706,3.359654548112446,inf,d=-0.025 zeta=2.0%,-0.02468759524535182,0.02
100098,144250.74762393459,144250.74762393459,143669.19696840676,True,False,0,0,1.0459189070388675e-11,0.0,inf,,peaks,0.02338,0.015537091633103696,3.32213,inf,146304.07660898258,True,False,0,0,4.092726157978177e-12,3.111642973515245,3.111642973515245,139375.54014124552,truth,0.04268320295675528,0.015829025421625363,3.3329952949702375,inf,d=-0.025 zeta=2.0%,-0.02468759524535182,0.02
100099,144250.74762393459,144250.74762393459,145345.01203488652,True,False,0,0,1.9554136088117957e-11,9.094947017729282e-12,inf,,truth,0.02338,0.016041773656955936,3.32213,inf,145633.48302586257,True,False,0,0,7.548806024715304e-11,1.2278178473934531e-11,inf,,small_s,0.026916887123237924,0.016627192757710203,3.339223470133599,inf,d=-0.025 zeta=2.0%,-0.02468759524535182,0.02
110000,149163.82325092924,149163.82325092924,150075.13912459198,True,False,0,0,2.864908310584724e-11,0.0,inf,,peaks,0.02338,0.019767849302970143,3.32213,inf,149595.13661551173,True,False,0,0,1.0186340659856796e-10,0.0,inf,,peaks,0.025968058085237063,0.015271947975036376,3.2689199419465655,inf,d=-0.008 zeta=2.0%,-0.007968001015840826,0.02
110001,149163.82325092924,149163.82325092924,149305.7656570658,True,False,0,0,0.0,1.3642420526593924e-12,inf,,truth,0.02338,0.017667864957775888,3.32213,inf,149299.26193787777,True,False,0,0,0.0,4.547473508864641e-11,inf,,mirror,0.022977745778251235,0.018261436435679564,3.3285558312013106,inf,d=-0.008 zeta=2.0%,-0.007968001015840826,0.02
110002,149163.82325092924,149163.82325092924,150291.76136284645,True,False,0,0,3.183231456205249e-11,0.0,inf,,peaks,0.02338,0.009670991977089526,3.32213,0.003562766232985153,150983.11324056226,True,False,0,0,3.637978807091713e-12,0.0,inf,,peaks,0.029314942859041866,0.009934408743557619,3.3294939613212224,0.0056557648621633665,d=-0.008 zeta=2.0%,-0.007968001015840826,0.02
110003,149163.82325092924,149163.82325092924,149207.67005780304,True,False,0,0,0.0,2.091837814077735e-11,inf,,mirror,0.02338,0.02562605795274382,3.32213,inf,150637.72817868862,True,False,0,0,1.482476363889873e-10,5.4569682106375694e-11,inf,,small_s,0.036973338987587374,0.026515170260495907,3.382295859486226,inf,d=-0.008 zeta=2.0%,-0.007968001015840826,0.02
110004,149163.82325092924,149163.82325092924,149659.8677660343,True,False,0,0,0.0,3.183231456205249e-12,inf,,mirror,0.02338,0.011883152778506139,3.32213,inf,150465.2709454564,True,False,0,0,1.8189894035458565e-11,0.0,inf,,peaks,0.029588161157008144,0.011568247746941285,3.339207110709647,inf,d=-0.008 zeta=2.0%,-0.007968001015840826,0.02
110005,149163.82325092924,149163.82325092924,149803.13028752108,True,False,0,0,0.0,1.3642420526593924e-11,inf,,mirror,0.02338,0.023102851953388282,3.32213,inf,150341.20681405332,True,False,0,0,1.864464138634503e-11,1.8189894035458565e-12,inf,,truth,0.02931321419173279,0.018754596072971103,3.316937565858419,inf,d=-0.008 zeta=2.0%,-0.007968001015840826,0.02
110006,149163.82325092924,149163.82325092924,148910.26347909478,True,False,0,0,0.0,9.094947017729282e-12,inf,,mirror,0.02338,0.014432753506672728,3.32213,inf,148847.7477516263,True,False,0,0,0.0,5.047695594839752e-11,inf,,mirror,0.022761091830729666,0.013945437165155177,3.3173977332132263,inf,d=-0.008 zeta=2.0%,-0.007968001015840826,0.02
110007,149163.82325092924,149163.82325092924,149760.5816289023,True,False,0,0,0.0,5.002220859751105e-12,inf,,mirror,0.02338,0.014241227345804066,3.32213,inf,149822.5270867153,True,False,0,0,8.594724931754172e-11,5.547917680814862e-11,inf,,small_s,0.022117030291843715,0.014532800657222478,3.352320181934599,inf,d=-0.008 zeta=2.0%,-0.007968001015840826,0.02
110008,149163.82325092924,149163.82325092924,149272.34488312356,True,False,0,0,1.546140993013978e-11,2.305569068994373e-10,inf,,truth,0.02338,0.03112491775579035,3.32213,inf,150050.25298359068,True,False,0,0,0.0,2.519300323911011e-10,inf,,mirror,0.032461917504221074,0.03422616011234175,3.433809411614935,inf,d=-0.008 zeta=2.0%,-0.007968001015840826,0.02
110009,149163.82325092924,149163.82325092924,149112.52583424366,True,False,0,0,0.0,0.0,inf,,mirror,0.02338,0.020236775923443442,3.32213,inf,150556.4887389412,True,False,0,0,1.3642420526593924e-12,0.0,inf,,peaks,0.03451135157969571,0.016872045614186204,3.339163159035693,inf,d=-0.008 zeta=2.0%,-0.007968001015840826,0.02
110010,149163.82325092924,149163.82325092924,149091.85206229423,True,False,0,0,1.8189894035458565e-12,0.0,inf,,peaks,0.02338,0.01997230056621616,3.32213,inf,151289.87745368804,True,False,0,0,1.8553691916167736e-10,0.0,inf,,peaks,0.04597642384721812,0.02407788621362664,3.4614597028548233,inf,d=-0.008 zeta=2.0%,-0.007968001015840826,0.02
110011,149163.82325092924,149163.82325092924,148566.56726460267,True,False,0,0,1.1823431123048067e-11,6.912159733474255e-11,inf,,truth,0.02338,0.018844236648371534,3.32213,inf,149413.32284716595,True,False,0,0,2.7284841053187847e-12,9.094947017729282e-13,inf,,truth,0.03107948481880404,0.01323815708865816,3.3062602049791336,inf,d=-0.008 zeta=2.0%,-0.007968001015840826,0.02
110012,149163.82325092924,149163.82325092924,150242.01332537743,True,False,0,0,1.9099388737231493e-11,1.4551915228366852e-11,inf,,truth,0.02338,0.015694690500857717,3.32213,inf,149927.3279451251,True,False,0,0,5.002220859751105e-12,1.0459189070388675e-11,inf,,truth,0.020436345412237832,0.015075525494461514,3.3067013299649455,inf,d=-0.008 zeta=2.0%,-0.007968001015840826,0.02
110013,149163.82325092924,149163.82325092924,148571.64881449466,True,False,0,0,1.4551915228366852e-11,0.0,inf,,peaks,0.02338,0.02217029972924769,3.32213,inf,148914.2779951608,True,False,0,0,7.912603905424476e-11,4.5929482439532876e-11,inf,,truth,0.026687152033140957,0.01840970331593868,3.309468183083881,inf,d=-0.008 zeta=2.0%,-0.007968001015840826,0.02
110014,149163.82325092924,149163.82325092924,147803.5915943683,True,False,0,0,5.95719029661268e-11,1.0413714335300028e-10,inf,,truth,0.02338,0.021087601228797565,3.32213,inf,146924.53565647188,True,False,0,0,0.44444944513816154,1.8189894035458565e-12,0.44444944484257576,148094.54237725973,small_s,0.02085001014116533,0.015215120893480023,3.250932203196115,inf,d=-0.008 zeta=2.0%,-0.007968001015840826,0.02
110015,149163.82325092924,149163.82325092924,149159.63100301867,True,False,0,0,0.0,1.0913936421275139e-11,inf,,mirror,0.02338,0.016769213202551238,3.32213,inf,149759.5894140463,True,False,0,0,2.546585164964199e-11,2.3646862246096134e-11,inf,,small_s,0.02830524143513791,0.016479195164546455,3.3350794062618276,inf,d=-0.008 zeta=2.0%,-0.007968001015840826,0.02
110016,149163.82325092924,149163.82325092924,150081.62461021126,True,False,0,0,1.5006662579253316e-11,0.0,inf,,peaks,0.02338,0.021607634867006488,3.32213,inf,150919.24285854117,True,False,0,0,8.86757334228605e-11,3.728928277269006e-11,inf,,truth,0.03007411081831069,0.022813947644232592,3.3656998621702954,inf,d=-0.008 zeta=2.0%,-0.007968001015840826,0.02
110017,149163.82325092924,149163.82325092924,148752.93070321376,True,False,0,0,6.821210263296962e-12,1.8189894035458565e-12,inf,,truth,0.02338,0.02220179845546537,3.32213,inf,148761.7092734068,True,False,0,0,4.547473508864641e-13,0.0,inf,,peaks,0.024590937676355257,0.019832113364118983,3.2992717243484573,inf,d=-0.008 zeta=2.0%,-0.007968001015840826,0.02
110018,149163.82325092924,149163.82325092924,149110.70421724298,True,False,0,0,0.0,4.9112713895738125e-11,inf,,mirror,0.02338,0.019341386700180024,3.32213,inf,149551.9205005311,True,False,0,0,6.366462912410498e-12,1.5916157281026244e-11,inf,,truth,0.028977844346443495,0.012461387753565943,3.294730651382534,inf,d=-0.008 zeta=2.0%,-0.007968001015840826,0.02
110019,149163.82325092924,149163.82325092924,148148.88971635993,True,False,0,2,0.0,6.366462912410498e-12,inf,,mirror,0.02338,0.013768922067712127,3.32213,inf,149038.0334185005,True,False,0,0,7.73070496506989e-12,4.0472514228895307e-11,inf,,small_s,0.029904143859229668,0.012492522617986137,3.316010392087088,inf,d=-0.008 zeta=2.0%,-0.007968001015840826,0.02
110020,149163.82325092924,149163.82325092924,150261.16453643033,True,False,0,0,8.185452315956354e-12,2.2282620193436742e-11,inf,,truth,0.02338,0.020984161101101705,3.32213,inf,150517.45295400106,True,False,0,0,0.0,1.4551915228366852e-11,inf,,mirror,0.02752951978764089,0.016716628546433823,3.307779737900971,inf,d=-0.008 zeta=2.0%,-0.007968001015840826,0.02
110021,149163.82325092924,149163.82325092924,148605.8198716045,True,False,0,0,1.0459189070388675e-11,1.1823431123048067e-11,inf,,truth,0.02338,0.020115192784105604,3.32213,inf,157021.27378556738,True,False,0,0,1.2732925824820995e-11,0.0,inf,,peaks,0.07347903334227113,0.02886234324366673,3.439429745081924,inf,d=-0.008 zeta=2.0%,-0.007968001015840826,0.02
110022,149163.82325092924,149163.82325092924,148722.53978990958,True,False,0,0,1.000444171950221e-11,0.0,inf,,peaks,0.02338,0.022347471125337855,3.32213,inf,148189.64143298115,True,False,0,0,2.000888343900442e-11,0.0,inf,,peaks,0.023552934794746464,0.014491375037415466,3.255242906603464,inf,d=-0.008 zeta=2.0%,-0.007968001015840826,0.02
110023,149163.82325092924,149163.82325092924,148645.8262151149,True,False,0,0,0.0,1.000444171950221e-11,inf,,mirror,0.02338,0.02472899177686139,3.32213,inf,150129.0501850742,True,False,0,0,3.0468072509393096e-11,0.0,inf,,peaks,0.03503647107544389,0.017157126542948414,3.3208437279560683,inf,d=-0.008 zeta=2.0%,-0.007968001015840826,0.02
110024,149163.82325092924,149163.82325092924,149386.0776947624,True,False,0,0,7.23048287909478e-11,1.0459189070388675e-11,inf,,truth,0.02338,0.021810118698523426,3.32213,inf,150576.65531906424,True,False,0,0,0.0,1.2625614384915025,1.2625614384915025,148080.6752016214,mirror,0.030386469208262608,0.017268358796191142,3.3597215237988376,inf,d=-0.008 zeta=2.0%,-0.007968001015840826,0.02
110025,149163.82325092924,149163.82325092924,149782.65436309853,True,False,0,0,0.0,9.822542779147625e-11,inf,,mirror,0.02338,0.01817270554684184,3.32213,inf,152237.3637613059,True,False,0,0,0.009930505095326225,0.0,0.009930505069405626,150628.4196880425,peaks,0.045010887474186134,0.02267710447274992,3.4370641739989383,inf,d=-0.008 zeta=2.0%,-0.007968001015840826,0.02
110026,149163.82325092924,149163.82325092924,149313.11037036666,True,False,0,0,1.000444171950221e-11,1.8189894035458565e-11,inf,,truth,0.02338,0.0163206768870425,3.32213,inf,149327.8859669444,True,False,0,0,5.184119800105691e-11,2.7284841053187847e-12,inf,,truth,0.024868312261473586,0.013372269321629621,3.30256578044177,inf,d=-0.008 zeta=2.0%,-0.007968001015840826,0.02
110027,149163.82325092924,149163.82325092924,149693.7886486944,True,False,0,0,7.639755494892597e-11,0.0,inf,,peaks,0.02338,0.026160509110239694,3.32213,inf,150122.68763308303,True,False,0,0,1.5916157281026244e-11,2.8194335754960775e-11,inf,,small_s,0.028374778847625216,0.018228027046264906,3.3019785468519545,inf,d=-0.008 zeta=2.0%,-0.007968001015840826,0.02
110028,149163.82325092924,149163.82325092924,149675.17025265336,True,False,0,0,1.2732925824820995e-11,0.0,inf,,peaks,0.02338,0.019960260434166984,3.32213,inf,149469.58885369563,True,False,0,0,7.685230229981244e-11,4.547473508864641e-13,inf,,small_s,0.02261988056025337,0.01873055419888313,3.3015800336884555,inf,d=-0.008 zeta=2.0%,-0.007968001015840826,0.02
110029,149163.82325092924,149163.82325092924,149903.989698571,True,False,0,0,9.094947017729282e-13,0.0,inf,,peaks,0.02338,0.017923425705282794,3.32213,inf,150448.9886345325,True,False,1,0,4.547473508864641e-13,0.5782628402084811,0.5782628402084811,146148.1380237964,truth,0.025937588143163638,0.017450687458551824,3.364869931333778,inf,d=-0.008 zeta=2.0%,-0.007968001015840826,0.02
110030,149163.82325092924,149163.82325092924,148496.00058239285,True,False,0,0,1.0368239600211382e-10,2.637534635141492e-11,inf,,truth,0.02338,0.021451652658021812,3.32213,inf,149077.6322898484,True,False,0,0,1.2732925824820995e-11,0.0,inf,,peaks,0.029192172177676924,0.017328381706809125,3.310911846268496,inf,d=-0.008 zeta=2.0%,-0.007968001015840826,0.02
110031,149163.82325092924,149163.82325092924,149262.15222638298,True,False,0,0,0.0,1.546140993013978e-11,inf,,mirror,0.02338,0.015748438022131824,3.32213,inf,149856.8375609392,True,False,0,0,3.456079866737127e-11,9.094947017729282e-13,inf,,truth,0.027699658012830697,0.0156697791092232,3.3569518206367808,inf,d=-0.008 zeta=2.0%,-0.007968001015840826,0.02
110032,149163.82325092924,149163.82325092924,150526.04558817882,True,False,0,0,4.729372449219227e-11,1.1368683772161603e-11,inf,,truth,0.02338,0.012484548315401108,3.32213,inf,150685.22323444634,True,False,0,0,2.1827872842550278e-11,0.0,inf,,peaks,0.025913217437982566,0.012145252420592029,3.31858499706305,inf,d=-0.008 zeta=2.0%,-0.007968001015840826,0.02
110033,149163.82325092924,149163.82325092924,149123.98014313012,True,False,0,0,0.0,5.4569682106375694e-12,inf,,mirror,0.02338,0.0263290318529127,3.32213,inf,150170.34847724866,True,False,0,0,4.547473508864641e-12,9.549694368615746e-12,inf,,truth,0.0333808302215029,0.016054413283967443,3.3090956979819977,inf,d=-0.008 zeta=2.0%,-0.007968001015840826,0.02
110034,149163.82325092924,149163.82325092924,148743.00367943902,True,False,0,0,0.0,9.276845958083868e-11,inf,,mirror,0.02338,0.03223399591045087,3.32213,inf,150240.95191924414,True,False,0,0,1.546140993013978e-11,1.0459189070388675e-11,inf,,truth,0.03606983578134293,0.015263970114230896,3.3021657591922615,inf,d=-0.008 zeta=2.0%,-0.007968001015840826,0.02
110035,149163.82325092924,149163.82325092924,150296.20230704898,True,False,0,0,1.3642420526593924e-12,0.0,inf,,peaks,0.02338,0.016324634117349857,3.32213,inf,149977.1041607339,True,False,0,0,1.9099388737231493e-11,0.0,inf,,peaks,0.020162729078803607,0.013914028392327605,3.3030837612438138,inf,d=-0.008 zeta=2.0%,-0.007968001015840826,0.02
110036,149163.82325092924,149163.82325092924,149218.71185066685,True,False,0,0,3.183231456205249e-12,1.6370904631912708e-11,inf,,truth,0.02338,0.025083640971120053,3.32213,inf,150245.23070014626,True,False,0,0,3.001332515850663e-11,5.638867150992155e-11,inf,,small_s,0.031040447803819864,0.019487969104326746,3.332766036132015,inf,d=-0.008 zeta=2.0%,-0.007968001015840826,0.02
110037,149163.82325092924,149163.82325092924,149442.7696431848,True,False,0,0,0.0,2.7284841053187847e-12,inf,,mirror,0.02338,0.02025888311643957,3.32213,inf,158042.69264252216,True,False,0,0,4.229150363244116e-11,0.0,inf,,peaks,0.0824119237808084,0.028711126890558922,3.501203256385573,inf,d=-0.008 zeta=2.0%,-0.007968001015840826,0.02
110038,149163.82325092924,149163.82325092924,149622.54403275816,True,False,0,0,1.1823431123048067e-11,2.8194335754960775e-11,inf,,truth,0.02338,0.02308981248294976,3.32213,inf,149869.2742820663,True,False,0,0,1.5734258340671659e-10,6.139089236967266e-11,inf,,small_s,0.026111750209186678,0.021655677065472886,3.323105333444092,inf,d=-0.008 zeta=2.0%,-0.007968001015840826,0.02
110039,149163.82325092924,149163.82325092924,149854.80724230202,True,False,0,0,1.1641532182693481e-10,0.0,inf,,peaks,0.02338,0.02288905967903851,3.32213,inf,150901.93062297394,True,False,0,0,0.0,3.3651303965598345e-11,0.09241793858973324,152296.55656583208,mirror,0.032139565071890634,0.023466361418097787,3.379805854950889,inf,d=-0.008 zeta=2.0%,-0.007968001015840826,0.02
110040,149163.82325092924,149163.82325092924,148566.7908910137,True,False,0,0,0.0,1.5415935195051134e-10,inf,,mirror,0.02338,0.027104557053646658,3.32213,inf,147006.63372296432,True,False,0,0,0.7719926196277811,0.0,0.7719926195886728,148820.6529274767,peaks,0.027306631626206126,0.026923390916428962,3.1369945975322566,inf,d=-0.008 zeta=2.0%,-0.007968001015840826,0.02
110041,149163.82325092924,149163.82325092924,149499.27304659336,True,False,0,0,3.54702933691442e-11,0.0,inf,,peaks,0.02338,0.018354612347169813,3.32213,inf,150462.86054472133,True,False,0,0,4.547473508864641e-13,0.0,inf,,peaks,0.030981302013396664,0.01846383687635301,3.356634214080241,inf,d=-0.008 zeta=2.0%,-0.007968001015840826,0.02
110042,149163.82325092924,149163.82325092924,148648.72290895003,True,False,0,0,8.36735125631094e-11,0.0,inf,,peaks,0.02338,0.01775085038215087,3.32213,inf,148552.73379044083,True,False,0,0,2.7284841053187847e-12,5.2295945351943374e-11,inf,,truth,0.022541619950077914,0.017552494391758194,3.3155880693368194,inf,d=-0.008 zeta=2.0%,-0.007968001015840826,0.02
110043,149163.82325092924,149163.82325092924,150488.48170210852,True,False,0,0,1.000444171950221e-11,0.0,inf,,peaks,0.02338,0.010466973434173328,3.32213,0.0038001726813892732,150500.20086911603,True,False,0,1,3.637978807091713e-12,4.092726157978177e-12,inf,,small_s,0.022748424868601312,0.010334205563539742,3.3297750650096103,inf,d=-0.008 zeta=2.0%,-0.007968001015840826,0.02
110044,149163.82325092924,149163.82325092924,148806.9309087288,True,False,0,0,0.0,2.4556356947869062e-11,inf,,mirror,0.02338,0.018878947490840424,3.32213,inf,147718.59160750013,True,False,0,0,0.2785506412274117,0.0,0.2785506412274117,148531.27408051203,peaks,0.017209853178174587,0.016228379721294543,3.2333979731929428,inf,d=-0.008 zeta=2.0%,-0.007968001015840826,0.02
110045,149163.82325092924,149163.82325092924,149657.39367985583,True,False,0,0,9.094947017729282e-13,7.275957614183426e-12,inf,,truth,0.02338,0.01675568153618577,3.32213,inf,149339.40473060706,True,False,0,0,1.8189894035458565e-12,1.673470251262188e-10,inf,,small_s,0.02231680221826757,0.011750100582545442,3.28988717562205,inf,d=-0.008 zeta=2.0%,-0.007968001015840826,0.02
110046,149163.82325092924,149163.82325092924,148221.42736912498,True,False,0,0,0.0,7.412381819449365e-11,inf,,mirror,0.02338,0.01940159660019898,3.32213,inf,147979.72800153715,True,False,0,0,6.821210263296962e-12,1.77351466845721e-11,inf,,small_s,0.021163661801165523,0.01879773974692284,3.3061418242503455,inf,d=-0.008 zeta=2.0%,-0.007968001015840826,0.02
110047,149163.82325092924,149163.82325092924,148858.04122819827,True,False,0,0,1.8189894035458565e-12,0.0,inf,,peaks,0.02338,0.014886184078705164,3.32213,inf,149400.4642551263,True,False,0,0,9.094947017729282e-12,2.000888343900442e-11,inf,,small_s,0.028010784146940682,0.014797085429003197,3.333125209129996,inf,d=-0.008 zeta=2.0%,-0.007968001015840826,0.02
110048,149163.82325092924,149163.82325092924,150532.68551244814,True,False,0,0,3.637978807091713e-12,0.0,inf,,peaks,0.02338,0.017518769797991062,3.32213,inf,150590.41977196513,True,False,0,0,9.094947017729282e-13,0.0,inf,,peaks,0.02662670602525819,0.014693897056970363,3.3039415515029664,inf,d=-0.008 zeta=2.0%,-0.007968001015840826,0.02
110049,149163.82325092924,149163.82325092924,149819.09143366394,True,False,0,0,4.547473508864641e-12,7.867129170335829e-11,inf,,truth,0.02338,0.01258074032676204,3.32213,inf,149544.49216567466,True,False,1,0,0.26725145520686056,0.22833688587161305,0.22833688587161305,177412.99328198936,small_s,0.019649328290774204,0.013288224084487203,3.344356085426804,inf,d=-0.008 zeta=2.0%,-0.007968001015840826,0.02
110050,149163.82325092924,149163.82325092924,149522.5111175381,True,False,0,0,0.0,4.092726157978177e-12,inf,,mirror,0.02338,0.022850033967152607,3.32213,inf,149592.75679690356,True,False,0,0,9.094947017729282e-13,6.821210263296962e-11,inf,,small_s,0.02451300923905982,0.021879284341501385,3.316333309305018,inf,d=-0.008 zeta=2.0%,-0.007968001015840826,0.02
110051,149163.82325092924,149163.82325092924,149372.064894818,True,False,0,0,0.0,1.4551915228366852e-11,inf,,mirror,0.02338,0.01842911012480341,3.32213,inf,149246.43300991817,True,False,0,0,2.660272002685815e-10,0.0,inf,,peaks,0.02351674704979401,0.017901297580628948,3.3056285163245307,inf,d=-0.008 zeta=2.0%,-0.007968001015840826,0.02
110052,149163.82325092924,149163.82325092924,148354.21986524243,True,False,0,0,4.729372449219227e-11,2.7284841053187847e-12,inf,,truth,0.02338,0.020359302902380062,3.32213,inf,148473.78400319218,True,False,0,0,0.0,2.000888343900442e-11,inf,,mirror,0.025801214468168937,0.015633026133384686,3.2976095322421046,inf,d=-0.008 zeta=2.0%,-0.007968001015840826,0.02
110053,149163.82325092924,149163.82325092924,148175.15860220362,True,False,0,0,6.093614501878619e-11,1.546140993013978e-11,inf,,truth,0.02338,0.023818694779517,3.32213,inf,148034.55486179292,True,False,1,0,6.366462912410498e-12,1.4917267823739166,1.4917267823739166,147169.5749294623,truth,0.02536750231426278,0.017780769150320733,3.2655824583167012,inf,d=-0.008 zeta=2.0%,-0.007968001015840826,0.02
110054,149163.82325092924,149163.82325092924,148337.76896868437,True,False,0,0,4.274625098332763e-11,0.0,inf,,peaks,0.02338,0.01531673506303664,3.32213,inf,149295.6661962578,True,False,0,0,6.548361852765083e-11,0.0,inf,,peaks,0.030138921564248636,0.013919684863961968,3.3518261928527466,inf,d=-0.008 zeta=2.0%,-0.007968001015840826,0.02
110055,149163.82325092924,149163.82325092924,148245.8610631206,True,False,0,0,3.637978807091713e-12,0.0,inf,,peaks,0.02338,0.01981618941314374,3.32213,inf,147837.8984766934,True,False,0,0,1.8189894035458565e-11,1.5006662579253316e-10,inf,,small_s,0.01905065264789884,0.02121764684556482,3.3094502377006485,inf,d=-0.008 zeta=2.0%,-0.007968001015840826,0.02
110056,149163.82325092924,149163.82325092924,149645.72540073653,True,False,0,0,0.0,2.1827872842550278e-11,inf,,mirror,0.02338,0.021021569454159037,3.32213,inf,149477.07956473643,True,False,0,0,2.2737367544323206e-12,2.2282620193436742e-11,inf,,small_s,0.022189644796418075,0.02067885171824476,3.3103362432809926,inf,d=-0.008 zeta=2.0%,-0.007968001015840826,0.02
110057,149163.82325092924,149163.82325092924,149607.8429522807,True,False,0,0,0.0,2.4556356947869062e-11,inf,,mirror,0.02338,0.016736081251677904,3.32213,inf,150050.0944617424,True,False,0,0,4.092726157978177e-12,8.185452315956354e-12,inf,,truth,0.027763287934192523,0.015116941281986067,3.32190177837776,inf,d=-0.008 zeta=2.0%,-0.007968001015840826,0.02
110058,149163.82325092924,149163.82325092924,149788.82094621437,True,False,0,0,5.002220859751105e-12,3.637978807091713e-12,inf,,truth,0.02338,0.01658562167771315,3.32213,inf,149232.931671919,True,False,0,0,4.956746124662459e-11,4.0472514228895307e-11,inf,,truth,0.01716375681483679,0.0169117416898855,3.2956275468729106,inf,d=-0.008 zeta=2.0%,-0.007968001015840826,0.02
110059,149163.82325092924,149163.82325092924,148318.66941880534,True,False,0,0,3.5925040720030665e-11,1.0459189070388675e-11,inf,,truth,0.02338,0.0233981010827955,3.32213,inf,153597.87817814204,True,False,0,0,7.821654435247183e-11,1.0822986951097846e-10,1.4268650729682122,147406.07260624898,small_s,0.06591963562387448,0.0298780512916136,3.4636194941332175,inf,d=-0.008 zeta=2.0%,-0.007968001015840826,0.02
110060,149163.82325092924,149163.82325092924,147683.5357306897,True,False,0,0,2.2737367544323206e-12,1.1823431123048067e-11,inf,,truth,0.02338,0.019730794084736703,3.32213,inf,147675.61770829727,True,False,0,0,0.0,8.731149137020111e-11,inf,,mirror,0.02312894348967101,0.018522443999257922,3.3086860321651272,inf,d=-0.008 zeta=2.0%,-0.007968001015840826,0.02
110061,149163.82325092924,149163.82325092924,149921.10821994586,True,False,0,0,5.4569682106375694e-12,0.0,inf,,peaks,0.02338,0.014914933125293862,3.32213,inf,149991.30712766235,True,False,0,0,2.7284841053187847e-12,0.0,inf,,peaks,0.02508467621849902,0.013519323318426766,3.311831524739296,inf,d=-0.008 zeta=2.0%,-0.007968001015840826,0.02
110062,149163.82325092924,149163.82325092924,149760.58126948937,True,False,0,0,9.094947017729282e-12,0.0,inf,,peaks,0.02338,0.017798671986091037,3.32213,inf,150101.71486743362,True,False,0,0,4.4565240386873484e-11,3.319655661471188e-11,inf,,truth,0.025518549707353382,0.018564409291254944,3.3469104795952465,inf,d=-0.008 zeta=2.0%,-0.007968001015840826,0.02
110063,149163.82325092924,149163.82325092924,148365.85348002813,True,False,0,0,0.0,2.1373125491663814e-10,inf,,mirror,0.02338,0.019927792790607475,3.32213,inf,148853.50098548547,True,False,0,0,4.547473508864641e-13,5.4569682106375694e-11,inf,,small_s,0.02592987836251967,0.013723451587913051,3.3077977322460947,inf,d=-0.008 zeta=2.0%,-0.007968001015840826,0.02
110064,149163.82325092924,149163.82325092924,148128.93101395702,True,False,0,0,1.3642420526593924e-11,8.640199666842818e-12,inf,,truth,0.02338,0.02298934580123946,3.32213,inf,147673.66369236322,True,False,0,0,0.0,9.094947017729282e-12,inf,,mirror,0.022218256216458954,0.015633104688997198,3.2586956041297306,inf,d=-0.008 zeta=2.0%,-0.007968001015840826,0.02
110065,149163.82325092924,149163.82325092924,148409.60453573227,True,False,0,0,0.0,9.094947017729282e-13,inf,,mirror,0.02338,0.018919412843568833,3.32213,inf,147749.23934376866,True,False,0,0,1.864464138634503e-11,2.319211489520967e-11,inf,,truth,0.01953923025051879,0.01658682037613302,3.26039542778425,inf,d=-0.008 zeta=2.0%,-0.007968001015840826,0.02
110066,149163.82325092924,149163.82325092924,149683.33142749718,True,False,0,0,3.774403012357652e-11,5.4569682106375694e-12,inf,,truth,0.02338,0.025900393236601853,3.32213,inf,149000.54983997528,True,False,0,0,1.0913936421275139e-11,1.9554136088117957e-11,inf,,small_s,0.025326436196317276,0.01997880359130911,3.2425695216448713,inf,d=-0.008 zeta=2.0%,-0.007968001015840826,0.02
110067,149163.82325092924,149163.82325092924,149687.84164406513,True,False,0,0,0.0,9.686118573881686e-11,inf,,mirror,0.02338,0.028513841856627118,3.32213,inf,151505.43138555318,True,False,0,0,1.3915268937125802e-10,0.0,inf,,peaks,0.03459135862986483,0.01975912568399968,3.3618090002894996,inf,d=-0.008 zeta=2.0%,-0.007968001015840826,0.02
110068,149163.82325092924,149163.82325092924,148281.25997005572,True,False,0,0,7.389203346974682e-06,2.719835265452275e-06,inf,,truth,0.02338,0.036773696716550126,3.32213,0.004675971551832971,150042.6147747671,True,True,1,0,2.423356227154727e-05,0.0,0.2632501227699322,147594.5910417133,peaks,0.04252887078793291,0.03639566396564324,3.447153397690211,0.019092118388577915,d=-0.008 zeta=2.0%,-0.007968001015840826,0.02
110069,149163.82325092924,149163.82325092924,149098.2679800621,True,False,0,0,6.639311322942376e-11,5.3660187404602766e-11,inf,,truth,0.02338,0.02035059772633226,3.32213,inf,155343.8641068814,True,False,0,0,5.5933924159035087e-11,5.047695594839752e-11,inf,,small_s,0.06819843581021963,0.02861152971519483,3.4613566161266895,inf,d=-0.008 zeta=2.0%,-0.007968001015840826,0.02
110070,149163.82325092924,149163.82325092924,149459.0498588766,True,False,0,0,1.8189894035458565e-12,0.0,inf,,peaks,0.02338,0.0222162739359966,3.32213,inf,149399.08124095,True,False,0,0,9.094947017729282e-13,2.7284841053187847e-12,inf,,truth,0.026411757128550505,0.012989374154955694,3.2836566824585973,inf,d=-0.008 zeta=2.0%,-0.007968001015840826,0.02
110071,149163.82325092924,149163.82325092924,149147.24032196865,True,False,0,0,7.275957614183426e-12,0.0,inf,,peaks,0.02338,0.023159265371004135,3.32213,inf,148792.90222863323,True,False,0,0,2.7284841053187847e-12,0.0,inf,,peaks,0.021695090281053524,0.0203694120026577,3.272587038819187,inf,d=-0.008 zeta=2.0%,-0.007968001015840826,0.02
110072,149163.82325092924,149163.82325092924,148773.4443028993,True,False,0,0,0.0,9.094947017729282e-13,inf,,mirror,0.02338,0.020186908930413736,3.32213,inf,148644.17373254758,True,False,0,0,2.1373125491663814e-11,7.73070496506989e-12,inf,,small_s,0.025759736211215946,0.016329801365000545,3.2804444060195905,inf,d=-0.008 zeta=2.0%,-0.007968001015840826,0.02
110073,149163.82325092924,149163.82325092924,148886.50052879556,True,False,0,0,3.637978807091713e-12,0.0,inf,,peaks,0.02338,0.013290720849812556,3.32213,inf,148938.27486929574,True,False,0,0,0.0,5.411493475548923e-11,inf,,mirror,0.02383774739853641,0.014179051155472359,3.3399176567268327,inf,d=-0.008 zeta=2.0%,-0.007968001015840826,0.02
110074,149163.82325092924,149163.82325092924,148139.19912281787,True,False,0,0,2.000888343900442e-11,0.0,inf,,peaks,0.02338,0.03236159333045212,3.32213,inf,149426.65179616745,True,False,0,0,2.000888343900442e-11,5.5933924159035087e-11,inf,,truth,0.034723552915521,0.02579965948183214,3.33518829795891,inf,d=-0.008 zeta=2.0%,-0.007968001015840826,0.02
110075,149163.82325092924,149163.82325092924,148557.86944067394,True,False,0,0,7.185008144006133e-11,0.0,inf,,peaks,0.02338,0.022600619429239785,3.32213,inf,149027.04162179152,True,False,0,0,3.501554601825774e-11,1.3005774235352874e-10,inf,,small_s,0.027708884330272923,0.020673543950694324,3.3288206328494145,inf,d=-0.008 zeta=2.0%,-0.007968001015840826,0.02
110076,149163.82325092924,149163.82325092924,149518.234354998,True,False,0,0,2.7284841053187847e-12,0.0,inf,,peaks,0.02338,0.019796900450252872,3.32213,inf,152833.78025810295,True,False,0,0,0.0,2.3283064365386963e-10,inf,,mirror,0.056350053522073354,0.02533735769183793,3.4966287682384114,inf,d=-0.008 zeta=2.0%,-0.007968001015840826,0.02
110077,149163.82325092924,149163.82325092924,148523.09337870727,True,False,0,0,1.8189894035458565e-11,1.8189894035458565e-12,inf,,truth,0.02338,0.017276819653857696,3.32213,inf,157496.03577235344,True,False,0,0,2.637534635141492e-11,1.5052137314341962e-10,0.9610240422348397,147344.0219459486,truth,0.08416584609032511,0.023442109727017615,3.4853743442092875,inf,d=-0.008 zeta=2.0%,-0.007968001015840826,0.02
110078,149163.82325092924,149163.82325092924,148760.68490787953,True,False,0,0,9.094947017729282e-13,1.546140993013978e-11,inf,,truth,0.02338,0.01915039412154097,3.32213,inf,149090.45191224653,True,False,0,0,7.821654435247183e-11,1.8189894035458565e-11,inf,,small_s,0.025798563892490876,0.019711851033742775,3.3581657570683228,inf,d=-0.008 zeta=2.0%,-0.007968001015840826,0.02
110079,149163.82325092924,149163.82325092924,148453.01117112374,True,False,0,0,2.2737367544323206e-12,0.0,inf,,peaks,0.02338,0.026834178570321825,3.32213,inf,149008.19046647713,True,False,0,0,5.4569682106375694e-12,0.0,inf,,peaks,0.029733555869017908,0.01618067183047588,3.2860134957863276,inf,d=-0.008 zeta=2.0%,-0.007968001015840826,0.02
110080,149163.82325092924,149163.82325092924,150523.53014942876,True,False,0,0,0.0,2.2282620193436742e-11,inf,,mirror,0.02338,0.016271514171841084,3.32213,inf,151292.2529600142,True,False,0,0,2.1827872842550278e-11,2.4101609596982598e-11,inf,,truth,0.029816451711589746,0.014922302384396045,3.3335004847300933,inf,d=-0.008 zeta=2.0%,-0.007968001015840826,0.02
110081,149163.82325092924,149163.82325092924,149469.68994065622,True,False,0,0,1.2732925824820995e-11,0.0,inf,,peaks,0.02338,0.01743973085386139,3.32213,inf,149099.0014378485,True,False,0,1,5.9117155615240335e-12,5.4569682106375694e-12,inf,,truth,0.01946786505610737,0.0174423432873546,3.308311920486321,inf,d=-0.008 zeta=2.0%,-0.007968001015840826,0.02
110082,149163.82325092924,149163.82325092924,149208.9620298797,True,False,0,0,0.0,2.7284841053187847e-12,inf,,mirror,0.02338,0.019174597761692294,3.32213,inf,149115.62273190424,True,False,0,0,1.2732925824820995e-11,9.094947017729282e-12,inf,,small_s,0.022837890093393702,0.01854670511444331,3.309890474309297,inf,d=-0.008 zeta=2.0%,-0.007968001015840826,0.02
110083,149163.82325092924,149163.82325092924,148500.37212198268,True,False,0,0,0.0,3.456079866737127e-11,inf,,mirror,0.02338,0.020925387387203422,3.32213,inf,148271.29357688595,True,False,0,0,1.864464138634503e-11,0.0,inf,,peaks,0.02262957321800275,0.018405932030225638,3.2881186296711027,inf,d=-0.008 zeta=2.0%,-0.007968001015840826,0.02
110084,149163.82325092924,149163.82325092924,147632.86128206292,True,False,0,0,0.0,2.6830093702301383e-11,inf,,mirror,0.02338,0.023583037602283887,3.32213,inf,147379.50581033377,True,False,0,0,1.0913936421275139e-11,4.320099833421409e-11,inf,,small_s,0.02268149968782094,0.016918154628414207,3.264130538590029,inf,d=-0.008 zeta=2.0%,-0.007968001015840826,0.02
110085,149163.82325092924,149163.82325092924,149743.97975217472,True,False,0,0,0.0,2.2737367544323206e-11,inf,,mirror,0.02338,0.015827070387364518,3.32213,inf,149315.32572481208,True,False,0,0,0.007241812455959007,6.002665031701326e-11,0.007241812455959007,155805.38463024836,small_s,0.016895011377817785,0.01773909656486138,3.3465931099284414,inf,d=-0.008 zeta=2.0%,-0.007968001015840826,0.02
110086,149163.82325092924,149163.82325092924,147783.47748642668,True,False,0,0,2.2737367544323206e-12,9.094947017729282e-13,inf,,truth,0.02338,0.022321591561114375,3.32213,inf,149206.03194880692,True,False,0,0,4.865796654485166e-11,4.547473508864641e-13,inf,,small_s,0.03492525784208258,0.019560148550294382,3.372999117781552,inf,d=-0.008 zeta=2.0%,-0.007968001015840826,0.02
110087,149163.82325092924,149163.82325092924,149005.28302908497,True,False,0,0,0.0,4.638422979041934e-11,inf,,mirror,0.02338,0.020404229748469727,3.32213,inf,148797.08927753175,True,False,0,0,0.0,2.2737367544323206e-12,inf,,mirror,0.024220691457861605,0.014757783308393273,3.2816579735438425,inf,d=-0.008 zeta=2.0%,-0.007968001015840826,0.02
110088,149163.82325092924,149163.82325092924,148889.1917937587,True,False,0,0,1.3642420526593924e-12,0.0,inf,,peaks,0.02338,0.02022400118821212,3.32213,inf,148533.46541822908,True,False,0,0,6.684786058031023e-11,1.418811734765768e-10,inf,,small_s,0.021555046515007035,0.015521578151626803,3.277776308756694,inf,d=-0.008 zeta=2.0%,-0.007968001015840826,0.02
110089,149163.82325092924,149163.82325092924,149799.72315279828,True,False,0,0,3.637978807091713e-12,4.001776687800884e-11,inf,,truth,0.02338,0.01306054583399911,3.32213,inf,149566.41028200093,True,False,0,0,4.8203219193965197e-11,6.45741238258779e-11,inf,,small_s,0.020396156799521233,0.011832944013783785,3.312676099651904,inf,d=-0.008 zeta=2.0%,-0.007968001015840826,0.02
110090,149163.82325092924,149163.82325092924,148077.266522269,True,False,0,0,1.000444171950221e-11,5.093170329928398e-11,inf,,truth,0.02338,0.021318418736258733,3.32213,inf,147851.10111379824,True,False,0,0,6.821210263296962e-12,1.0459189070388675e-11,inf,,truth,0.022718849663567024,0.01988797895487362,3.2862862662280357,inf,d=-0.008 zeta=2.0%,-0.007968001015840826,0.02
110091,149163.82325092924,149163.82325092924,148094.61003095476,True,False,0,0,6.45741238258779e-11,0.0,inf,,peaks,0.02338,0.031492764070425006,3.32213,inf,148299.6854184565,True,False,0,0,3.001332515850663e-11,1.9099388737231493e-11,inf,,small_s,0.029253352842968816,0.02408059834456165,3.2678627651398666,inf,d=-0.008 zeta=2.0%,-0.007968001015840826,0.02
110092,149163.82325092924,149163.82325092924,148933.8395722762,True,False,0,0,3.001332515850663e-11,0.0,inf,,peaks,0.02338,0.021148260451125524,3.32213,inf,149296.9282424012,True,False,0,0,8.185452315956354e-12,1.559783413540572e-10,inf,,truth,0.026663528466424856,0.021003004224010587,3.3483191617196564,inf,d=-0.008 zeta=2.0%,-0.007968001015840826,0.02
110093,149163.82325092924,149163.82325092924,148420.9972966435,True,False,0,0,7.09405867382884e-11,0.0,inf,,peaks,0.02338,0.01793716451614799,3.32213,inf,149606.86070285772,True,False,0,0,2.546585164964199e-11,1.2732925824820995e-11,inf,,small_s,0.03385771539442963,0.019255560735338153,3.382296121061332,inf,d=-0.008 zeta=2.0%,-0.007968001015840826,0.02
110094,149163.82325092924,149163.82325092924,149080.59595916682,True,False,0,0,5.002220859751105e-11,1.8189894035458565e-12,inf,,truth,0.02338,0.01789022571533178,3.32213,inf,148909.50493203293,True,False,0,0,1.6370904631912708e-11,3.183231456205249e-12,inf,,truth,0.02246349401021691,0.012578732279792768,3.288003364101865,inf,d=-0.008 zeta=2.0%,-0.007968001015840826,0.02
110095,149163.82325092924,149163.82325092924,148880.42560050378,True,False,0,0,0.0,6.684786058031023e-11,inf,,mirror,0.02338,0.02475460795467256,3.32213,inf,150347.65116284438,True,False,0,0,6.912159733474255e-11,8.958522812463343e-11,inf,,small_s,0.036284052901455796,0.022173641154076048,3.3574864886611326,inf,d=-0.008 zeta=2.0%,-0.007968001015840826,0.02
110096,149163.82325092924,149163.82325092924,148528.82538295852,True,False,0,0,1.1550582712516189e-10,2.1736923372372985e-10,inf,,truth,0.02338,0.03148013516782754,3.32213,inf,149938.6773552271,True,False,0,0,5.452420737128705e-10,5.4569682106375694e-11,inf,,truth,0.03803007809549211,0.03167849724762755,3.411985942496935,inf,d=-0.008 zeta=2.0%,-0.007968001015840826,0.02
110097,149163.82325092924,149163.82325092924,150342.9079584417,True,False,0,0,8.185452315956354e-12,9.094947017729282e-13,inf,,truth,0.02338,0.013718882592231845,3.32213,inf,150204.67506491256,True,False,0,0,2.773958840407431e-11,0.0,inf,,peaks,0.02194948598419133,0.013436584975073633,3.315378030427314,inf,d=-0.008 zeta=2.0%,-0.007968001015840826,0.02
110098,149163.82325092924,149163.82325092924,149571.20458290013,True,False,0,0,0.0,1.4551915228366852e-11,inf,,mirror,0.02338,0.02631510074934095,3.32213,inf,150029.20134249175,True,False,0,0,0.0,3.001332515850663e-11,inf,,mirror,0.02757264007279265,0.02475193050406313,3.338545149998037,inf,d=-0.008 zeta=2.0%,-0.007968001015840826,0.02
110099,149163.82325092924,149163.82325092924,150178.59895318313,True,False,0,0,0.0,1.7280399333685637e-11,inf,,mirror,0.02338,0.013738737474526787,3.32213,inf,150123.72587305272,True,False,0,0,0.0,7.412381819449365e-11,inf,,mirror,0.023315381727828707,0.01314556375162744,3.315266383552484,inf,d=-0.008 zeta=2.0%,-0.007968001015840826,0.02
120000,151563.03497787408,151563.03497787408,152374.3274694639,True,False,0,0,0.0,1.4551915228366852e-11,inf,,truth,0.02338,0.013733889144010455,3.32213,inf,152256.0436293228,True,False,0,0,7.275957614183426e-11,4.092726157978177e-11,inf,,small_s,0.024073165647868953,0.01317527425670594,3.3119591920986746,inf,d=+0.000 zeta=2.0%,0.0,0.02
120001,151563.03497787408,151563.03497787408,152014.51824658382,True,False,0,0,0.0,5.4569682106375694e-12,inf,,truth,0.02338,0.01889787706371403,3.32213,inf,152133.69288381093,True,False,0,0,4.547473508864641e-12,0.0,inf,,peaks,0.024616624046532577,0.018365685829969204,3.3270969581670036,inf,d=+0.000 zeta=2.0%,0.0,0.02
120002,151563.03497787408,151563.03497787408,151771.0589412402,True,False,0,0,0.0,2.6830093702301383e-11,inf,,truth,0.02338,0.016342770858343278,3.32213,inf,151701.63586320658,True,False,0,0,1.8189894035458565e-12,0.0,inf,,peaks,0.030812576686841852,0.012894978247056526,3.296198189241197,inf,d=+0.000 zeta=2.0%,0.0,0.02
120003,151563.03497787408,151563.03497787408,152354.5907287532,True,False,0,0,0.0,1.4506440493278205e-10,inf,,truth,0.02338,0.022174971205010035,3.32213,inf,153538.8329812215,True,False,0,0,0.0,1.546140993013978e-11,inf,,truth,0.03133758246109652,0.01711406311417676,3.3602550408158187,inf,d=+0.000 zeta=2.0%,0.0,0.02
120004,151563.03497787408,151563.03497787408,151341.53966746182,True,False,0,0,7.275957614183426e-12,0.0,inf,,peaks,0.02338,0.018391578625297673,3.32213,inf,150990.9804718309,True,False,0,0,0.0,1.7280399333685637e-11,inf,,truth,0.022519919769055107,0.016679457287895532,3.29354463903463,inf,d=+0.000 zeta=2.0%,0.0,0.02
120005,151563.03497787408,151563.03497787408,151478.3078361432,True,False,0,0,8.185452315956354e-12,0.0,inf,,peaks,0.02338,0.02482998998587945,3.32213,inf,151652.2454650201,True,False,1,0,3.728928277269006e-11,0.0,2.8578195456866524,150669.99840912136,peaks,0.029345806181944725,0.01886144127863605,3.293933255362605,inf,d=+0.000 zeta=2.0%,0.0,0.02
120006,151563.03497787408,151563.03497787408,151744.086925221,True,False,0,0,6.366462912410498e-12,0.0,inf,,peaks,0.02338,0.023399861647420545,3.32213,inf,152653.9387580217,True,False,0,0,2.7284841053187847e-12,3.637978807091713e-11,inf,,small_s,0.029070846790746216,0.02078882622409739,3.367282338372411,inf,d=+0.000 zeta=2.0%,0.0,0.02
120007,151563.03497787408,151563.03497787408,151410.8447569258,True,False,0,0,0.0,1.0322764865122736e-10,inf,,truth,0.02338,0.023858076186244657,3.32213,inf,163363.3205879944,True,False,0,0,1.7266294144287713,1.7266294145365464,1.7266294144287713,151561.35343402586,small_s,0.09031380634682679,0.03489684342080741,3.509622116083447,inf,d=+0.000 zeta=2.0%,0.0,0.02
120008,151563.03497787408,151563.03497787408,151189.82621283166,True,False,0,0,0.0,3.092281986027956e-11,inf,,truth,0.02338,0.020622915924708267,3.32213,inf,153385.06198803685,True,False,0,0,1.6370904631912708e-11,0.0,inf,,peaks,0.038961672244146366,0.02032876510272366,3.4119962499982237,inf,d=+0.000 zeta=2.0%,0.0,0.02
120009,151563.03497787408,151563.03497787408,151703.11149966242,True,False,0,0,1.723492459859699e-10,0.0,inf,,peaks,0.02338,0.03137803844902683,3.32213,inf,152453.5103081953,True,False,0,0,1.737134880386293e-10,0.0,0.7762820004090827,150981.82268607113,peaks,0.03111751420311024,0.02503229091729714,3.332735746951976,inf,d=+0.000 zeta=2.0%,0.0,0.02
120010,151563.03497787408,151563.03497787408,152255.81821414744,True,False,0,0,0.0,3.319655661471188e-11,inf,,truth,0.02338,0.018067165102096962,3.32213,inf,152180.07411346424,True,False,0,0,1.0913936421275139e-11,2.864908310584724e-11,inf,,small_s,0.025436673207220633,0.016193595701286412,3.3074164447830827,inf,d=+0.000 zeta=2.0%,0.0,0.02
120011,151563.03497787408,151563.03497787408,151769.05571507296,True,False,0,0,0.0,1.367880031466484e-09,inf,,truth,0.02338,0.03057668555514971,3.32213,inf,151917.64390969943,True,False,0,0,0.0,5.948095349594951e-10,0.19038907617232326,150886.5011559358,truth,0.026787402170118633,0.026901246524532362,3.305479900113725,inf,d=+0.000 zeta=2.0%,0.0,0.02
120012,151563.03497787408,151563.03497787408,152099.50536806288,True,False,0,0,0.0,2.2737367544323206e-12,inf,,truth,0.02338,0.022050191849011073,3.32213,inf,150314.27595038502,True,False,0,0,0.3928215309051666,0.39282153095973626,0.3928215309051666,151371.84151911153,small_s,0.030981395397906557,0.029305601601693095,3.1119674073895487,inf,d=+0.000 zeta=2.0%,0.0,0.02
120013,151563.03497787408,151563.03497787408,150802.07008900063,True,False,0,0,1.4097167877480388e-11,0.0,inf,,peaks,0.02338,0.016905448100988187,3.32213,inf,152092.5458790155,True,False,0,0,1.6370904631912708e-11,2.5920599000528455e-11,inf,,small_s,0.029956590453437532,0.015531642614892356,3.394482549190355,inf,d=+0.000 zeta=2.0%,0.0,0.02
120014,151563.03497787408,151563.03497787408,151862.2340881304,True,False,0,0,1.8189894035458565e-11,0.0,inf,,peaks,0.02338,0.02091089480657916,3.32213,inf,151230.6411059846,True,False,0,0,0.0,9.094947017729282e-12,inf,,truth,0.01660467592549005,0.022964391501028632,3.254848615659565,inf,d=+0.000 zeta=2.0%,0.0,0.02
120015,151563.03497787408,151563.03497787408,151322.42376872545,True,False,0,0,2.2737367544323206e-12,0.0,inf,,peaks,0.02338,0.011966460312388167,3.32213,inf,151637.79350256978,True,False,0,0,9.549694368615746e-12,0.0,inf,,peaks,0.025520594820806815,0.011737313639343414,3.3357438858040562,inf,d=+0.000 zeta=2.0%,0.0,0.02
120016,151563.03497787408,151563.03497787408,149717.4281352199,True,False,0,0,0.0,3.183231456205249e-11,inf,,truth,0.02338,0.02221487382000686,3.32213,inf,150214.06291348208,True,False,0,0,0.0,6.821210263296962e-11,inf,,truth,0.029233471430526587,0.02630213157323581,3.423143569068555,inf,d=+0.000 zeta=2.0%,0.0,0.02
120017,151563.03497787408,151563.03497787408,151647.08514175168,True,False,0,0,0.0,2.546585164964199e-11,inf,,truth,0.02338,0.014333419447974045,3.32213,inf,151540.0778035373,True,False,0,0,6.366462912410498e-12,5.820766091346741e-11,inf,,small_s,0.023043981812457454,0.013280517152681998,3.3116013651440652,inf,d=+0.000 zeta=2.0%,0.0,0.02
120018,151563.03497787408,151563.03497787408,152339.08746923448,True,False,0,0,0.0,1.2732925824820995e-11,inf,,truth,0.02338,0.01585446468571891,3.32213,inf,152424.18230598618,True,False,0,0,0.0,5.32054400537163e-11,inf,,truth,0.019945332875215604,0.016898569016087286,3.346875852355715,inf,d=+0.000 zeta=2.0%,0.0,0.02
120019,151563.03497787408,151563.03497787408,151815.6629305462,True,False,0,0,0.0,0.0,inf,,truth,0.02338,0.0217270901764722,3.32213,inf,151302.2234049686,True,False,0,0,1.1550582712516189e-10,0.0,inf,,peaks,0.021640060061654913,0.021902167989913315,3.269807547213135,inf,d=+0.000 zeta=2.0%,0.0,0.02
120020,151563.03497787408,151563.03497787408,151475.84444028581,True,False,0,0,0.0,5.161382432561368e-10,inf,,truth,0.02338,0.020577927186079373,3.32213,inf,151842.63315924286,True,False,0,0,1.227817847393453e-10,0.0,inf,,peaks,0.028462955574082682,0.015770000096409068,3.3191174287979788,inf,d=+0.000 zeta=2.0%,0.0,0.02
120021,151563.03497787408,151563.03497787408,152498.2020884856,True,False,0,0,0.0,4.638422979041934e-11,inf,,truth,0.02338,0.013869301984333771,3.32213,inf,152617.34865482614,True,False,0,0,0.0,8.640199666842818e-12,inf,,truth,0.028183832405176842,0.0127149222248767,3.316844252976338,inf,d=+0.000 zeta=2.0%,0.0,0.02
120022,151563.03497787408,151563.03497787408,151375.57478861182,True,False,0,0,3.9108272176235914e-11,0.0,inf,,peaks,0.02338,0.023215172972726742,3.32213,inf,150776.23400264105,True,False,0,0,2.455635694786906e-10,2.546585164964199e-11,inf,,small_s,0.015443041920087486,0.02511138018465397,3.256819298707774,inf,d=+0.000 zeta=2.0%,0.0,0.02
120023,151563.03497787408,151563.03497787408,151142.53689019897,True,False,0,0,6.821210263296962e-12,0.0,inf,,peaks,0.02338,0.020477267028678088,3.32213,inf,151364.62212209107,True,False,0,0,0.0,8.276401786133647e-11,inf,,truth,0.028812831854344505,0.015805927405082965,3.305130039144483,inf,d=+0.000 zeta=2.0%,0.0,0.02
120024,151563.03497787408,151563.03497787408,151351.88018797632,True,False,0,0,0.0,3.001332515850663e-11,inf,,truth,0.02338,0.020296179928218302,3.32213,inf,151630.86001996094,True,False,0,0,5.2295945351943374e-11,1.0459189070388675e-11,inf,,small_s,0.025571303477293174,0.019634504256553324,3.335229610416725,inf,d=+0.000 zeta=2.0%,0.0,0.02
120025,151563.03497787408,151563.03497787408,151528.70201625716,True,False,0,0,3.637978807091713e-11,0.0,inf,,peaks,0.02338,0.018060718732778744,3.32213,inf,151616.8787928977,True,False,0,0,0.0,1.7280399333685637e-11,inf,,truth,0.023317997355994425,0.018287376719999974,3.333234011274753,inf,d=+0.000 zeta=2.0%,0.0,0.02
120026,151563.03497787408,151563.03497787408,151470.00969715006,True,False,0,0,0.0,2.3646862246096134e-11,inf,,truth,0.02338,0.015279576750506495,3.32213,inf,151554.2243035909,True,False,0,0,1.3278622645884752e-10,0.0,inf,,peaks,0.020798159222639938,0.017098262980475083,3.3596627548263673,inf,d=+0.000 zeta=2.0%,0.0,0.02
120027,151563.03497787408,151563.03497787408,151162.25355775648,True,False,0,0,0.0,3.410605131648481e-11,inf,,truth,0.02338,0.0165278725257478,3.32213,inf,151565.4833400223,True,False,0,0,5.002220859751105e-11,6.866684998385608e-11,inf,,small_s,0.027736025715151578,0.014602402121801398,3.326505553195069,inf,d=+0.000 zeta=2.0%,0.0,0.02
120028,151563.03497787408,151563.03497787408,152647.40585598943,True,False,0,0,0.0,1.3642420526593924e-12,inf,,truth,0.02338,0.015312547528980163,3.32213,inf,152590.1937428146,True,False,0,0,3.54702933691442e-11,0.0,inf,,peaks,0.025406394401948793,0.01457058308983854,3.3132131821754403,inf,d=+0.000 zeta=2.0%,0.0,0.02
120029,151563.03497787408,151563.03497787408,151218.4654014737,True,False,0,0,0.0,4.956746124662459e-11,inf,,truth,0.02338,0.02468509959976234,3.32213,inf,153829.68722732394,True,False,0,0,0.0,1.914486347232014e-10,inf,,truth,0.047331203103440855,0.027542644177642333,3.4935500223489893,inf,d=+0.000 zeta=2.0%,0.0,0.02
120030,151563.03497787408,151563.03497787408,152333.7381942366,True,False,0,0,0.0,1.0822986951097846e-10,inf,,truth,0.02338,0.026366422868911405,3.32213,inf,151583.996006353,True,False,0,0,1.8189894035458565e-12,5.093170329928398e-11,inf,,small_s,0.026227798881033815,0.022571090563504113,3.230679887047187,inf,d=+0.000 zeta=2.0%,0.0,0.02
120031,151563.03497787408,151563.03497787408,151360.28217014324,True,False,0,0,0.0,3.183231456205249e-12,inf,,truth,0.02338,0.012261430850760192,3.32213,inf,156321.21791512586,True,False,0,0,2.8194335754960775e-11,1.8189894035458565e-12,inf,,small_s,0.0597234832395921,0.024511415252984198,3.492810676778183,inf,d=+0.000 zeta=2.0%,0.0,0.02
120032,151563.03497787408,151563.03497787408,150906.17143701707,True,False,0,0,2.0463630789890885e-11,0.0,inf,,peaks,0.02338,0.01635073866457794,3.32213,inf,149269.710907326,True,False,0,0,0.15954755308212043,0.1595475529493342,0.1595475529493342,150745.9907398009,small_s,0.02264925294205537,0.02773902867276285,3.10393790028199,inf,d=+0.000 zeta=2.0%,0.0,0.02
120033,151563.03497787408,151563.03497787408,150713.80085203642,True,False,0,0,1.000444171950221e-11,0.0,inf,,peaks,0.02338,0.022894626922853486,3.32213,inf,152133.74369953107,True,False,0,0,1.0186340659856796e-10,0.0,inf,,peaks,0.03463902978908689,0.023975713534639106,3.388416559234934,inf,d=+0.000 zeta=2.0%,0.0,0.02
120034,151563.03497787408,151563.03497787408,151163.03477725436,True,False,0,0,8.640199666842818e-11,0.0,inf,,peaks,0.02338,0.022445745402864006,3.32213,inf,151609.76797352475,True,False,1,0,2.6057023205794394e-10,0.0,inf,,peaks,0.0274454421046984,0.02149139827793882,3.3453871462240405,inf,d=+0.000 zeta=2.0%,0.0,0.02
120035,151563.03497787408,151563.03497787408,151857.8157128074,True,False,0,0,0.0,4.192982942186063e-06,inf,,truth,0.02338,0.03190480741707523,3.32213,0.004215686620159386,151311.8073173031,True,False,1,0,0.0,2.6934221750707366e-06,inf,,truth,0.025678024425264265,0.02997588072578883,3.2128698876355317,0.0042934920038375695,d=+0.000 zeta=2.0%,0.0,0.02
120036,151563.03497787408,151563.03497787408,150633.23374456825,True,False,0,0,5.638867150992155e-10,0.0,inf,,peaks,0.02338,0.03160666495831155,3.32213,inf,151046.04325612582,True,False,0,0,0.0,6.930349627509713e-10,0.9995975092460867,149891.84572429498,truth,0.02997690155515171,0.026436164538024293,3.302255713603244,inf,d=+0.000 zeta=2.0%,0.0,0.02
120037,151563.03497787408,151563.03497787408,152559.38826750655,True,False,0,0,1.3642420526593924e-11,0.0,inf,,peaks,0.02338,0.017684336984999657,3.32213,inf,152824.29647245223,True,False,0,0,0.0,8.185452315956354e-12,inf,,truth,0.022080328936152745,0.018073960436616406,3.356252187197499,inf,d=+0.000 zeta=2.0%,0.0,0.02
120038,151563.03497787408,151563.03497787408,152484.0494342459,True,False,0,0,5.184119800105691e-11,0.0,inf,,peaks,0.02338,0.030111139565068574,3.32213,inf,152210.29844267856,True,False,0,0,4.9112713895738125e-11,8.549250196665525e-11,inf,,small_s,0.02653894679489928,0.027077199734256756,3.269421010051886,inf,d=+0.000 zeta=2.0%,0.0,0.02
120039,151563.03497787408,151563.03497787408,151822.88482662782,True,False,0,0,0.0,6.184563972055912e-11,inf,,truth,0.02338,0.02070990198961014,3.32213,inf,151999.5770008649,True,False,0,0,3.0468072509393096e-11,0.0,inf,,peaks,0.02678153684261431,0.0185240388545279,3.3179560387566043,inf,d=+0.000 zeta=2.0%,0.0,0.02
120040,151563.03497787408,151563.03497787408,151244.2602463727,True,False,0,0,0.0,1.20508047984913e-10,inf,,truth,0.02338,0.019523542444030317,3.32213,inf,151093.16352241987,True,False,0,0,2.2737367544323206e-12,7.139533408917487e-11,inf,,small_s,0.022837022357939215,0.019086003159241555,3.30753969104082,inf,d=+0.000 zeta=2.0%,0.0,0.02
120041,151563.03497787408,151563.03497787408,151024.99180993327,True,False,0,0,2.6830093702301383e-11,0.0,inf,,peaks,0.02338,0.020209635103801405,3.32213,inf,150728.64870821187,True,False,0,0,0.0,1.8189894035458565e-12,inf,,truth,0.02415911895849881,0.013600644534630143,3.281666677161812,inf,d=+0.000 zeta=2.0%,0.0,0.02
120042,151563.03497787408,151563.03497787408,151613.4998300612,True,False,0,0,0.0,5.093170329928398e-11,inf,,truth,0.02338,0.02013683306706064,3.32213,inf,151771.38768871143,True,False,0,0,1.000444171950221e-11,0.0,7.590333899736834,150496.71617729185,peaks,0.03125676466620213,0.014362292137600551,3.296909158894561,inf,d=+0.000 zeta=2.0%,0.0,0.02
120043,151563.03497787408,151563.03497787408,151950.076120346,True,False,0,0,1.8189894035458565e-12,0.0,inf,,peaks,0.02338,0.018339225574491042,3.32213,inf,152394.47305017832,True,False,0,0,2.546585164964199e-11,0.0,inf,,peaks,0.029410300439726755,0.015951655711653186,3.326313911820807,inf,d=+0.000 zeta=2.0%,0.0,0.02
120044,151563.03497787408,151563.03497787408,151980.57382912334,True,False,0,0,4.547473508864641e-13,0.0,inf,,peaks,0.02338,0.012111509236989991,3.32213,inf,152164.66605650441,True,False,0,0,2.7284841053187847e-12,1.5006662579253316e-11,inf,,small_s,0.028633588557064302,0.01157939700176309,3.3181305277413373,0.004327922057417841,d=+0.000 zeta=2.0%,0.0,0.02
120045,151563.03497787408,151563.03497787408,151414.44942589555,True,False,0,0,0.0,1.5006662579253316e-11,inf,,truth,0.02338,0.012418235751735977,3.32213,inf,151239.61392096657,True,False,0,0,1.2732925824820995e-11,0.0,inf,,peaks,0.02279429129074957,0.010384453563017088,3.3078435075300288,inf,d=+0.000 zeta=2.0%,0.0,0.02
120046,151563.03497787408,151563.03497787408,150648.04620585428,True,False,0,0,1.000444171950221e-11,0.0,inf,,peaks,0.02338,0.018579597725805384,3.32213,inf,150849.53068197038,True,False,0,0,1.4551915228366852e-11,0.0,inf,,peaks,0.025943635227138877,0.01740604908198187,3.321716902124141,inf,d=+0.000 zeta=2.0%,0.0,0.02
120047,151563.03497787408,151563.03497787408,150768.36447955764,True,False,0,0,3.183231456205249e-12,0.0,inf,,peaks,0.02338,0.01797245006629929,3.32213,inf,151984.99312493016,True,False,0,0,8.913048077374697e-11,0.0,inf,,peaks,0.03276842586961775,0.020229660813401006,3.393957240608168,inf,d=+0.000 zeta=2.0%,0.0,0.02
120048,151563.03497787408,151563.03497787408,151026.9645353485,True,False,0,0,0.0,2.319211489520967e-11,inf,,truth,0.02338,0.02042408427288571,3.32213,inf,151248.7239412611,True,False,0,0,1.8189894035458565e-12,0.0,inf,,peaks,0.024733656674402887,0.02002075369226323,3.3390946482514026,inf,d=+0.000 zeta=2.0%,0.0,0.02
120049,151563.03497787408,151563.03497787408,150217.0303502273,True,False,0,0,2.6957422960549593e-09,0.0,inf,,peaks,0.02338,0.029732468422008683,3.32213,inf,150617.59341006662,True,False,1,0,7.521521183662117e-10,0.0,1.9371298581404517,149476.8422042426,peaks,0.03074223705325813,0.022879341943209272,3.291099349338078,inf,d=+0.000 zeta=2.0%,0.0,0.02
120050,151563.03497787408,151563.03497787408,150655.38922472016,True,False,0,0,0.0,2.2737367544323206e-12,inf,,truth,0.02338,0.018273986298795158,3.32213,inf,150836.25482318678,True,False,0,0,8.776623872108757e-11,1.5006662579253316e-10,inf,,small_s,0.02250245163811907,0.020289081603211107,3.375532182042402,inf,d=+0.000 zeta=2.0%,0.0,0.02
120051,151563.03497787408,151563.03497787408,150777.24941281325,True,False,0,0,7.075868779793382e-10,0.0,inf,,peaks,0.02338,0.02794220536183251,3.32213,inf,149823.3184492954,True,False,0,0,1.6564206362090772e-05,1.6536402654310223e-05,inf,,small_s,0.020713779717006733,0.03144294663017875,3.148462441383706,0.004545164180377045,d=+0.000 zeta=2.0%,0.0,0.02
120052,151563.03497787408,151563.03497787408,151140.57013624732,True,False,0,0,0.0,1.1641532182693481e-10,inf,,truth,0.02338,0.017382290731425387,3.32213,inf,151024.0248385978,True,False,0,0,6.912159733474255e-11,0.08636496131020976,inf,,small_s,0.018390116283063983,0.021110073273035303,3.40568458580594,inf,d=+0.000 zeta=2.0%,0.0,0.02
120053,151563.03497787408,151563.03497787408,152249.18477000028,True,False,0,0,1.000444171950221e-11,0.0,inf,,peaks,0.02338,0.013434464425313427,3.32213,inf,152197.48157236996,True,False,0,0,2.3646862246096134e-11,0.0,inf,,peaks,0.01907731666422681,0.01348075329190651,3.3296006296704457,inf,d=+0.000 zeta=2.0%,0.0,0.02
120054,151563.03497787408,151563.03497787408,151764.61951882264,True,False,0,0,0.0,6.275513442233205e-11,inf,,truth,0.02338,0.020369806897966736,3.32213,inf,151665.9162336413,True,False,0,0,0.0,1.9554136088117957e-11,inf,,truth,0.023884142728473876,0.019768809933667576,3.309342296502195,inf,d=+0.000 zeta=2.0%,0.0,0.02
120055,151563.03497787408,151563.03497787408,151616.11668480636,True,False,0,0,0.0,3.637978807091713e-12,inf,,truth,0.02338,0.014797663310624376,3.32213,inf,155880.93468719593,True,False,0,0,1.0913936421275139e-11,1.2505552149377763e-10,inf,,small_s,0.052456531098850956,0.01931686818703971,3.4568909080070322,inf,d=+0.000 zeta=2.0%,0.0,0.02
120056,151563.03497787408,151563.03497787408,150572.15570555627,True,False,0,0,0.0,2.2737367544323206e-12,inf,,truth,0.02338,0.024443359551278326,3.32213,inf,151936.60951124592,True,False,0,0,7.73070496506989e-12,0.0,inf,,peaks,0.032514462118659535,0.020095044482834768,3.3737692011425415,inf,d=+0.000 zeta=2.0%,0.0,0.02
120057,151563.03497787408,151563.03497787408,150622.78893226275,True,False,0,0,7.73070496506989e-12,0.0,inf,,peaks,0.02338,0.02080505691053317,3.32213,inf,150968.39518839985,True,False,0,0,0.0,1.9099388737231493e-11,inf,,truth,0.02722707579367401,0.018660261353651886,3.3239756344310534,inf,d=+0.000 zeta=2.0%,0.0,0.02
120058,151563.03497787408,151563.03497787408,151008.35941529885,True,False,0,0,1.2869350030086935e-10,0.0,inf,,peaks,0.02338,0.021072040970911265,3.32213,inf,151153.98078469012,True,False,0,0,4.5929482439532876e-11,0.0,inf,,peaks,0.025695661034169027,0.019598171424116965,3.3186105866858404,inf,d=+0.000 zeta=2.0%,0.0,0.02
120059,151563.03497787408,151563.03497787408,152142.02243187482,True,False,0,0,1.2732925824820995e-11,0.0,inf,,peaks,0.02338,0.017125487040338602,3.32213,inf,152237.48782935337,True,False,0,0,1.6370904631912708e-11,2.9103830456733704e-11,inf,,small_s,0.023911015247991337,0.017137074748040156,3.328290271724217,inf,d=+0.000 zeta=2.0%,0.0,0.02
120060,151563.03497787408,151563.03497787408,151245.6416621554,True,False,0,0,4.8203219193965197e-11,0.0,inf,,peaks,0.02338,0.014888201108510156,3.32213,inf,151260.05974825326,True,False,0,0,3.637978807091713e-12,0.0,inf,,peaks,0.024250799584025373,0.014592034041533234,3.318757788429343,inf,d=+0.000 zeta=2.0%,0.0,0.02
120061,151563.03497787408,151563.03497787408,151932.15158430312,True,False,0,0,1.3642420526593924e-12,0.0,inf,,peaks,0.02338,0.01996147920698857,3.32213,inf,152322.26728161814,True,False,0,0,1.5234036254696548e-10,3.183231456205249e-12,inf,,small_s,0.024031798444071183,0.023722725751324506,3.3977025548819193,inf,d=+0.000 zeta=2.0%,0.0,0.02
120062,151563.03497787408,151563.03497787408,152305.5352454224,True,False,0,0,8.185452315956354e-12,0.0,inf,,peaks,0.02338,0.015504443718647308,3.32213,inf,152657.0985764299,True,False,0,0,2.091837814077735e-11,0.0,inf,,peaks,0.027820519529823246,0.013741890584765522,3.3282254498626695,inf,d=+0.000 zeta=2.0%,0.0,0.02
120063,151563.03497787408,151563.03497787408,151975.50861261308,True,False,0,0,1.8189894035458565e-11,0.0,inf,,peaks,0.02338,0.019884524175288746,3.32213,inf,151936.0805161816,True,False,0,0,0.0,3.637978807091713e-11,inf,,truth,0.020387057334048993,0.02125149726812295,3.337762933484749,inf,d=+0.000 zeta=2.0%,0.0,0.02
120064,151563.03497787408,151563.03497787408,150973.781265656,True,False,0,0,2.2737367544323206e-11,0.0,inf,,peaks,0.02338,0.017823852211635283,3.32213,inf,151659.99378049816,True,False,0,0,1.2323653209023178e-10,0.0,inf,,peaks,0.02751392286450758,0.016361530072587872,3.358036834076662,inf,d=+0.000 zeta=2.0%,0.0,0.02
120065,151563.03497787408,151563.03497787408,151338.21288166908,True,False,0,0,0.0,1.0913936421275139e-11,inf,,truth,0.02338,0.023197522852527918,3.32213,inf,151138.89815914788,True,False,0,0,6.366462912410498e-12,0.0,inf,,peaks,0.02470803707759216,0.019045262823243064,3.2920532069940216,inf,d=+0.000 zeta=2.0%,0.0,0.02
120066,151563.03497787408,151563.03497787408,151790.23771296072,True,False,0,0,0.0,7.275957614183426e-12,inf,,truth,0.02338,0.01651814022572173,3.32213,inf,151959.6243208617,True,False,0,0,8.185452315956354e-12,0.0,0.5219746141997348,150466.22947513225,peaks,0.02281904319852954,0.015682913273543334,3.3335797194594368,inf,d=+0.000 zeta=2.0%,0.0,0.02
120067,151563.03497787408,151563.03497787408,150812.32504603034,True,False,0,0,2.7284841053187847e-12,0.0,inf,,peaks,0.02338,0.01647463862764752,3.32213,inf,151298.97726406695,True,False,0,0,1.000444171950221e-11,6.639311322942376e-11,inf,,small_s,0.026840854473423176,0.016339736775512318,3.344884637895795,inf,d=+0.000 zeta=2.0%,0.0,0.02
120068,151563.03497787408,151563.03497787408,151393.70138456544,True,False,0,0,2.3646862246096134e-11,0.0,inf,,peaks,0.02338,0.029678684643561312,3.32213,inf,152685.15122281,True,False,0,0,0.0,0.16233141373413673,0.16233141373413673,156559.09789284077,truth,0.03670667958894202,0.03213548164823481,3.470774642614781,inf,d=+0.000 zeta=2.0%,0.0,0.02
120069,151563.03497787408,151563.03497787408,150978.11252898214,True,False,0,0,0.0,1.2732925824820995e-11,inf,,truth,0.02338,0.02356402432005538,3.32213,inf,150574.7998873055,True,False,0,0,1.2732925824820995e-11,9.094947017729282e-12,inf,,small_s,0.027810770038593346,0.016186976305648113,3.2614254478055194,inf,d=+0.000 zeta=2.0%,0.0,0.02
120070,151563.03497787408,151563.03497787408,151779.15175318223,True,False,0,0,5.4569682106375694e-12,0.0,inf,,peaks,0.02338,0.014516544775461989,3.32213,inf,151978.65147926944,False,False,0,1,3.183231456205249e-12,0.0,inf,,peaks,0.026330681805465557,0.01406260944789039,3.323977175354578,inf,d=+0.000 zeta=2.0%,0.0,0.02
120071,151563.03497787408,151563.03497787408,152393.16504858236,True,False,0,0,0.0,2.6830093702301383e-11,inf,,truth,0.02338,0.016445101917864625,3.32213,inf,154109.6784496886,True,False,0,0,0.0,3.54702933691442e-11,inf,,truth,0.03274761126907063,0.018559810697035755,3.433220155209667,inf,d=+0.000 zeta=2.0%,0.0,0.02
120072,151563.03497787408,151563.03497787408,152411.6219869989,True,False,0,0,0.0,2.319211489520967e-11,inf,,truth,0.02338,0.02043653068215672,3.32213,inf,152048.76161742277,True,False,0,0,1.8189894035458565e-12,7.73070496506989e-12,inf,,small_s,0.018277341716453024,0.021640608512673583,3.2958078170652105,inf,d=+0.000 zeta=2.0%,0.0,0.02
120073,151563.03497787408,151563.03497787408,150792.5184770079,True,False,0,0,9.094947017729282e-13,0.0,inf,,peaks,0.02338,0.01720528598814572,3.32213,inf,151452.62111908014,True,False,0,0,0.0,2.8194335754960775e-11,inf,,truth,0.026240438226654478,0.015496715167411856,3.3559338256870057,inf,d=+0.000 zeta=2.0%,0.0,0.02
120074,151563.03497787408,151563.03497787408,150905.16815195535,True,False,0,0,8.640199666842818e-12,0.0,inf,,peaks,0.02338,0.01439989128034694,3.32213,inf,150725.57777474468,True,False,0,0,0.0,1.1823431123048067e-11,inf,,truth,0.02294706654130247,0.013736461057326062,3.308762399345111,inf,d=+0.000 zeta=2.0%,0.0,0.02
120075,151563.03497787408,151563.03497787408,150754.46513801406,True,False,0,0,2.8467184165492654e-10,0.0,inf,,peaks,0.02338,0.024701138343355893,3.32213,inf,152061.49464417042,True,False,0,0,9.094947017729282e-12,1.0868099705649001,1.0868099705649001,149994.3595507284,small_s,0.031005851035552843,0.02020089914381275,3.378640591695201,inf,d=+0.000 zeta=2.0%,0.0,0.02
120076,151563.03497787408,151563.03497787408,151477.50820429623,True,False,0,0,1.5006662579253316e-11,0.0,inf,,peaks,0.02338,0.02203031464612488,3.32213,inf,150709.79994001187,True,False,0,0,4.092726157978177e-12,1.546140993013978e-11,inf,,small_s,0.02293781433349682,0.022715214518244924,3.2313983768649712,inf,d=+0.000 zeta=2.0%,0.0,0.02
120077,151563.03497787408,151563.03497787408,151078.28215343572,True,False,0,0,0.0,8.185452315956354e-12,inf,,truth,0.02338,0.02141920348199286,3.32213,inf,150236.7973995908,True,False,0,0,1.8939554138341919e-06,4.445455033419421e-06,inf,,small_s,0.00014725206885782423,0.02973653628270709,3.3175363471475356,inf,d=+0.000 zeta=2.0%,0.0,0.02
120078,151563.03497787408,151563.03497787408,153027.07048251366,True,False,0,0,3.637978807091713e-11,0.0,inf,,peaks,0.02338,0.01525545643595733,3.32213,inf,153373.12937992223,True,False,0,0,1.4097167877480388e-11,0.0,inf,,peaks,0.022167682307729628,0.013144548487462267,3.3422247185323686,inf,d=+0.000 zeta=2.0%,0.0,0.02
120079,151563.03497787408,151563.03497787408,151880.2869882229,True,False,0,0,1.1823431123048067e-11,0.0,inf,,peaks,0.02338,0.017026801230897337,3.32213,inf,151693.42038979774,True,False,0,0,0.0,8.640199666842818e-12,inf,,truth,0.021898895802948532,0.016870836691897075,3.3107557298163064,inf,d=+0.000 zeta=2.0%,0.0,0.02
120080,151563.03497787408,151563.03497787408,151140.1255981463,True,False,0,0,0.0,6.366462912410498e-12,inf,,truth,0.02338,0.015311482905338234,3.32213,inf,151508.78458654892,True,False,0,0,0.0,2.1827872842550278e-11,inf,,truth,0.026658993880685978,0.01504774677452322,3.3338971074563455,inf,d=+0.000 zeta=2.0%,0.0,0.02
120081,151563.03497787408,151563.03497787408,151056.08837787082,True,False,0,0,0.0,3.54702933691442e-11,inf,,truth,0.02338,0.024163736917139005,3.32213,inf,151416.5045029457,True,False,0,0,0.0,3.228706191293895e-11,inf,,truth,0.028159762043771817,0.019828048660191718,3.3161187311143734,inf,d=+0.000 zeta=2.0%,0.0,0.02
120082,151563.03497787408,151563.03497787408,152070.8338652087,True,False,0,0,0.0,9.731593308970332e-11,inf,,truth,0.02338,0.014354925439034483,3.32213,inf,152091.12585399376,True,False,0,0,1.3460521586239338e-10,1.6007106751203537e-10,inf,,small_s,0.0254125189402226,0.013960392719090435,3.318612650962978,inf,d=+0.000 zeta=2.0%,0.0,0.02
120083,151563.03497787408,151563.03497787408,153228.13860952825,True,False,0,0,0.0,2.546585164964199e-11,inf,,truth,0.02338,0.01964585097371619,3.32213,inf,151963.11459846993,True,False,0,0,0.7839385418087659,0.7839385418074016,0.7839385418074016,152970.9215873165,small_s,0.025617786791616772,0.02702502118249307,3.1582476374024533,inf,d=+0.000 zeta=2.0%,0.0,0.02
120084,151563.03497787408,151563.03497787408,151810.2064763235,True,False,0,0,0.0,7.275957614183426e-12,inf,,truth,0.02338,0.01582440699155965,3.32213,inf,150932.8736917119,True,False,0,0,0.10320297451880833,0.10320297448561178,inf,,small_s,0.014478678314969882,0.02047941077609801,3.2012542984201673,inf,d=+0.000 zeta=2.0%,0.0,0.02
120085,151563.03497787408,151563.03497787408,150862.7254409516,True,False,0,0,0.0,4.638422979041934e-11,inf,,truth,0.02338,0.028611709649005168,3.32213,inf,150880.03381441324,True,False,0,0,0.0,6.230038707144558e-11,0.10882944654895255,149767.8161206962,truth,0.025663166224586864,0.025104933560510183,3.2923127884435535,inf,d=+0.000 zeta=2.0%,0.0,0.02
120086,151563.03497787408,151563.03497787408,152773.96370143263,True,False,0,0,0.0,2.1827872842550278e-11,inf,,truth,0.02338,0.0238786977221838,3.32213,inf,154408.75170700022,True,False,0,0,1.8189894035458565e-12,1.9099388737231493e-11,inf,,small_s,0.034275569336364525,0.02199670114725381,3.4071965542408518,inf,d=+0.000 zeta=2.0%,0.0,0.02
120087,151563.03497787408,151563.03497787408,150114.44561050585,True,False,0,0,0.0,1.7280399333685637e-11,inf,,truth,0.02338,0.026921806538177093,3.32213,inf,150723.29432994456,True,False,0,0,5.002220859751105e-11,2.4556356947869062e-11,inf,,small_s,0.031925153980930925,0.020016337153220303,3.2991443587729155,inf,d=+0.000 zeta=2.0%,0.0,0.02
120088,151563.03497787408,151563.03497787408,151795.4846698219,True,False,0,0,2.1827872842550278e-11,0.0,inf,,peaks,0.02338,0.014581383239561306,3.32213,inf,151595.929148801,True,False,0,0,5.9117155615240335e-12,0.0,inf,,peaks,0.021080350026792795,0.01451771186068955,3.3103577130428135,inf,d=+0.000 zeta=2.0%,0.0,0.02
120089,151563.03497787408,151563.03497787408,151686.19555404942,True,False,0,0,1.4551915228366852e-11,0.0,inf,,peaks,0.02338,0.01754572740836571,3.32213,inf,151372.87320130062,True,False,0,0,3.774403012357652e-11,2.0463630789890885e-11,inf,,small_s,0.01788138042170193,0.01924368563199946,3.315613721407929,inf,d=+0.000 zeta=2.0%,0.0,0.02
120090,151563.03497787408,151563.03497787408,151442.95807932795,True,False,0,0,2.7284841053187847e-12,0.0,inf,,peaks,0.02338,0.020507430587884512,3.32213,inf,151649.88986789575,True,False,0,0,0.0,4.638422979041934e-11,inf,,truth,0.0277918070402928,0.016511126625629313,3.311774138384156,inf,d=+0.000 zeta=2.0%,0.0,0.02
120091,151563.03497787408,151563.03497787408,151822.6361525231,True,False,0,0,0.0,1.2278178473934531e-11,inf,,truth,0.02338,0.01714768353845253,3.32213,inf,151048.16763420327,True,False,0,0,0.0,4.4565240386873484e-11,inf,,truth,0.02058542302784556,0.016895522389004297,3.2518461522962885,inf,d=+0.000 zeta=2.0%,0.0,0.02
120092,151563.03497787408,151563.03497787408,151753.67399324398,True,False,0,0,0.0,3.8198777474462986e-11,inf,,truth,0.02338,0.02056301713147393,3.32213,inf,152526.23905033024,True,False,0,0,1.0459189070388675e-11,0.0,inf,,peaks,0.026918232556545053,0.019459989174883733,3.377467031123952,inf,d=+0.000 zeta=2.0%,0.0,0.02
120093,151563.03497787408,151563.03497787408,150116.45713484855,True,False,0,0,3.0104274628683925e-10,0.0,inf,,peaks,0.02338,0.029523173397386877,3.32213,inf,151101.59216873953,True,False,0,0,1.7280399333685637e-11,0.0,2.8462981891111667,149083.09142589974,peaks,0.032601730868169795,0.018353477370662355,3.3049136510814967,inf,d=+0.000 zeta=2.0%,0.0,0.02
120094,151563.03497787408,151563.03497787408,151852.4252889484,True,False,0,0,6.821210263296962e-12,0.0,inf,,peaks,0.02338,0.02180292187989098,3.32213,inf,152392.95776780482,True,False,0,0,0.0,1.0913936421275139e-11,inf,,truth,0.030097894787385285,0.01727836022474485,3.3223886470190513,inf,d=+0.000 zeta=2.0%,0.0,0.02
120095,151563.03497787408,151563.03497787408,152151.57569054648,True,False,0,0,1.3369572116062045e-10,0.0,inf,,peaks,0.02338,0.024306520241505668,3.32213,inf,151448.7283635916,True,False,0,0,0.2116206227224211,0.21162062420216898,inf,,small_s,0.01686032495137286,0.026113383555655397,3.2109952088225295,inf,d=+0.000 zeta=2.0%,0.0,0.02
120096,151563.03497787408,151563.03497787408,150709.51338313273,True,False,0,0,0.0,1.3642420526593924e-12,inf,,truth,0.02338,0.023021817830421308,3.32213,inf,151303.32717197633,True,False,0,0,1.2278178473934531e-11,2.9103830456733704e-11,inf,,small_s,0.028776702377998932,0.02098171716852934,3.3398294547736787,inf,d=+0.000 zeta=2.0%,0.0,0.02
120097,151563.03497787408,151563.03497787408,152003.6987602156,True,False,0,0,4.4565240386873484e-11,0.0,inf,,peaks,0.02338,0.022941348331860813,3.32213,inf,152187.1741015119,True,False,0,0,0.0,9.094947017729282e-13,inf,,truth,0.029657580500220108,0.017482475888490348,3.306363424867879,inf,d=+0.000 zeta=2.0%,0.0,0.02
120098,151563.03497787408,151563.03497787408,151737.2172118666,True,False,0,0,0.0,5.820766091346741e-11,inf,,truth,0.02338,0.020166016532475135,3.32213,inf,152198.6789501217,True,False,0,0,0.0,7.73070496506989e-12,inf,,truth,0.025779632243622973,0.02279958195681533,3.3904701124428134,inf,d=+0.000 zeta=2.0%,0.0,0.02
120099,151563.03497787408,151563.03497787408,151781.83631754463,True,False,0,0,0.0,1.8189894035458565e-12,inf,,truth,0.02338,0.019696963419944452,3.32213,inf,151015.71578237135,True,False,0,0,4.0472514228895307e-11,1.1050360626541078e-10,inf,,small_s,0.012258456870676799,0.02423708030717171,3.1907708192401465,inf,d=+0.000 zeta=2.0%,0.0,0.02
130000,154020.52589321043,154020.52589321043,154145.1678268658,True,False,0,0,9.549694368615746e-12,0.0,inf,,peaks,0.02338,0.021688004529276037,3.32213,inf,154669.89497140312,True,False,0,0,5.4569682106375694e-12,0.0,inf,,peaks,0.025543932066865335,0.020581877646805684,3.359356245990729,inf,d=+0.008 zeta=2.0%,0.008031998967775265,0.02
130001,154020.52589321043,154020.52589321043,154027.72499070334,True,False,0,0,2.000888343900442e-11,5.4569682106375694e-12,inf,,truth,0.02338,0.017401359374272046,3.32213,inf,152322.1814544506,True,False,0,0,0.32669636331365837,0.3266963631267572,0.3266963631267572,154154.6518013692,small_s,0.0312501585016118,0.025484065323075903,3.115240277746982,inf,d=+0.008 zeta=2.0%,0.008031998967775265,0.02
130002,154020.52589321043,154020.52589321043,155262.46911128782,True,False,0,0,2.4556356947869062e-11,4.092726157978177e-12,inf,,truth,0.02338,0.014448418395442532,3.32213,inf,155013.22555091645,True,False,0,0,2.000888343900442e-11,2.4101609596982598e-11,inf,,truth,0.02451158989806959,0.014735791683341357,3.2999667061897906,inf,d=+0.008 zeta=2.0%,0.008031998967775265,0.02
130003,154020.52589321043,154020.52589321043,154102.61224189313,True,False,0,0,0.0,1.8189894035458565e-12,inf,,mirror,0.02338,0.014751744783238109,3.32213,inf,154188.6837970033,True,False,0,0,3.183231456205249e-12,1.0913936421275139e-11,inf,,small_s,0.02497598200718225,0.014248660120182381,3.327294643722563,inf,d=+0.008 zeta=2.0%,0.008031998967775265,0.02
130004,154020.52589321043,154020.52589321043,153888.76592001246,True,False,0,0,1.2732925824820995e-11,0.0,inf,,peaks,0.02338,0.020699271126426878,3.32213,inf,153935.95477031695,True,False,0,0,2.000888343900442e-11,0.0,inf,,peaks,0.030010451131516097,0.017001458868557265,3.3109442052619573,inf,d=+0.008 zeta=2.0%,0.008031998967775265,0.02
130005,154020.52589321043,154020.52589321043,153883.62411104958,True,False,0,0,1.9099388737231493e-10,0.0,inf,,peaks,0.02338,0.031293613863149286,3.32213,inf,152748.51274065985,True,False,0,0,0.0,4.132921367272502e-05,inf,,mirror,0.027214509926147473,0.03567986233134975,3.153602747050745,0.005233659248907316,d=+0.008 zeta=2.0%,0.008031998967775265,0.02
130006,154020.52589321043,154020.52589321043,154328.35110021936,True,False,0,0,0.0,2.9103830456733704e-11,inf,,mirror,0.02338,0.016439953873383584,3.32213,inf,153212.1218362159,True,False,0,0,0.0,1.1342192184119995,1.1342192184097257,154604.78223427746,mirror,0.026546417759569455,0.02098522096756677,3.1868062192355646,inf,d=+0.008 zeta=2.0%,0.008031998967775265,0.02
130007,154020.52589321043,154020.52589321043,152994.59876095693,True,False,0,0,0.0,9.549694368615746e-12,inf,,mirror,0.02338,0.02497969174952617,3.32213,inf,152494.76097281923,True,False,0,0,1.0822986951097846e-10,5.4569682106375694e-11,inf,,truth,0.022750446138430667,0.025137357997338176,3.2605239914172124,inf,d=+0.008 zeta=2.0%,0.008031998967775265,0.02
130008,154020.52589321043,154020.52589321043,153614.3252526327,True,False,0,0,1.318767317570746e-11,0.0,inf,,peaks,0.02338,0.016499256048932077,3.32213,inf,153345.75262333913,True,False,0,0,0.0,3.637978807091713e-12,inf,,mirror,0.02579993600472607,0.016600260821760596,3.300490086605474,inf,d=+0.008 zeta=2.0%,0.008031998967775265,0.02
130009,154020.52589321043,154020.52589321043,153339.65042900303,True,False,0,0,9.094947017729282e-13,0.0,inf,,peaks,0.02338,0.014259336569085691,3.32213,inf,153126.90352866266,True,False,0,0,0.0,2.6037699120365687,2.6037699120365687,154195.2661660411,mirror,0.022366490972494314,0.014097373991728293,3.3032504473927236,inf,d=+0.008 zeta=2.0%,0.008031998967775265,0.02
130010,154020.52589321043,154020.52589321043,153724.7793782889,True,False,0,0,1.7689671949483454e-10,4.229150363244116e-11,inf,,truth,0.02338,0.03182067669400471,3.32213,inf,155008.8430610516,True,False,0,0,3.3651303965598345e-11,0.0,inf,,peaks,0.03299409191782778,0.02749149885915027,3.3961577483643786,inf,d=+0.008 zeta=2.0%,0.008031998967775265,0.02
130011,154020.52589321043,154020.52589321043,154229.06804513902,True,False,0,0,0.0,6.366462912410498e-12,inf,,mirror,0.02338,0.018905679375918555,3.32213,inf,153305.81357612027,True,False,0,0,4.6838977141305804e-11,1.3642420526593924e-12,inf,,truth,0.032094320009912206,0.019006724670090264,3.2567501966706813,inf,d=+0.008 zeta=2.0%,0.008031998967775265,0.02
130012,154020.52589321043,154020.52589321043,154550.41880087266,True,False,0,0,0.0,4.547473508864641e-13,inf,,mirror,0.02338,0.0140480895042661,3.32213,inf,154585.48837996722,True,False,0,0,4.547473508864641e-13,0.0,inf,,peaks,0.02608244665973226,0.013493559988061227,3.3241783605147317,inf,d=+0.008 zeta=2.0%,0.008031998967775265,0.02
130013,154020.52589321043,154020.52589321043,154302.65044103732,True,False,0,0,1.6370904631912708e-11,4.547473508864641e-13,inf,,truth,0.02338,0.01566603364867163,3.32213,inf,154312.32705220542,True,False,0,0,1.1368683772161603e-11,4.092726157978177e-12,inf,,truth,0.02012332726945454,0.016574818234186495,3.321111339811112,inf,d=+0.008 zeta=2.0%,0.008031998967775265,0.02
130014,154020.52589321043,154020.52589321043,154487.51500734105,True,False,0,0,2.5011104298755527e-11,3.410605131648481e-11,inf,,truth,0.02338,0.019366786174967413,3.32213,inf,154628.6756406497,True,False,0,0,5.9117155615240335e-12,0.0,inf,,peaks,0.0257004300273881,0.017849666863812078,3.328851054991874,inf,d=+0.008 zeta=2.0%,0.008031998967775265,0.02
130015,154020.52589321043,154020.52589321043,152549.16694645165,True,False,0,0,6.093614501878619e-11,0.0,inf,,peaks,0.02338,0.015861642391127553,3.32213,inf,152194.2754710865,True,False,0,0,0.0,2.2282620193436742e-11,inf,,mirror,0.023409904664724392,0.015600511416295306,3.2950033941310886,inf,d=+0.008 zeta=2.0%,0.008031998967775265,0.02
130016,154020.52589321043,154020.52589321043,153787.32250005315,True,False,0,0,4.3382897274568677e-10,0.0,inf,,peaks,0.02338,0.026828902222940935,3.32213,inf,153810.59298684288,True,False,0,0,1.1095835361629725e-10,0.0,inf,,peaks,0.029008649746087623,0.019274645879959522,3.3025177638107914,inf,d=+0.008 zeta=2.0%,0.008031998967775265,0.02
130017,154020.52589321043,154020.52589321043,153547.38753408965,True,False,0,0,0.0,8.003553375601768e-11,inf,,mirror,0.02338,0.025015659784422883,3.32213,inf,154207.6723902968,True,False,0,0,0.0,1.77351466845721e-11,inf,,mirror,0.03394550871557422,0.015321764720180764,3.3233967351913947,inf,d=+0.008 zeta=2.0%,0.008031998967775265,0.02
130018,154020.52589321043,154020.52589321043,154463.5827731604,True,False,0,0,0.0,1.8189894035458565e-11,inf,,mirror,0.02338,0.031208298094127063,3.32213,inf,154894.46415109656,True,False,0,0,0.0,5.002220859751105e-12,inf,,mirror,0.030753988702009308,0.024072957567331934,3.327302400858629,inf,d=+0.008 zeta=2.0%,0.008031998967775265,0.02
130019,154020.52589321043,154020.52589321043,154199.37173084024,True,False,0,0,4.547473508864641e-13,1.000444171950221e-11,inf,,truth,0.02338,0.0196511871182186,3.32213,inf,154456.45672581374,True,False,0,0,2.4556356947869062e-11,3.456079866737127e-11,inf,,small_s,0.018793424301177114,0.019597466548989827,3.3546123647006243,inf,d=+0.008 zeta=2.0%,0.008031998967775265,0.02
130020,154020.52589321043,154020.52589321043,154208.4450918175,True,False,0,0,0.0,2.3722350306343287e-08,inf,,mirror,0.02338,0.03488621669799867,3.32213,inf,154915.5565356763,True,False,0,0,0.0,1.9417711882852018e-10,0.33564502592389545,153713.5232846777,mirror,0.029331252487700833,0.03241747213805283,3.378066686514855,inf,d=+0.008 zeta=2.0%,0.008031998967775265,0.02
130021,154020.52589321043,154020.52589321043,154407.43911369046,True,False,0,0,0.0,8.185452315956354e-12,inf,,mirror,0.02338,0.018195241258129196,3.32213,inf,154722.3964883808,True,False,0,0,0.0,4.3655745685100555e-11,inf,,mirror,0.023068534433322456,0.01731563259488033,3.3453747959598727,inf,d=+0.008 zeta=2.0%,0.008031998967775265,0.02
130022,154020.52589321043,154020.52589321043,153580.71736611138,True,False,0,0,0.0,5.002220859751105e-12,inf,,mirror,0.02338,0.017044254393341996,3.32213,inf,153207.62539436124,True,False,0,0,1.8189894035458565e-11,0.0,inf,,peaks,0.016953166964714574,0.018899492820269502,3.2720252049377234,inf,d=+0.008 zeta=2.0%,0.008031998967775265,0.02
130023,154020.52589321043,154020.52589321043,153303.11266372437,True,False,0,0,0.0,4.547473508864641e-12,inf,,mirror,0.02338,0.025909543396825305,3.32213,inf,152745.57173046685,True,False,0,0,1.7540896806167439e-06,3.604165158321848e-06,inf,,truth,0.0002490183561201808,0.03388204929130862,3.315458814185235,inf,d=+0.008 zeta=2.0%,0.008031998967775265,0.02
130024,154020.52589321043,154020.52589321043,153018.6659688717,True,False,0,0,4.092726157978177e-12,2.5920599000528455e-11,inf,,truth,0.02338,0.016731131082319564,3.32213,inf,152883.6998201488,True,False,0,0,1.7280399333685637e-11,1.2732925824820995e-11,inf,,truth,0.023090225444756585,0.016373572867388532,3.3120563396470173,inf,d=+0.008 zeta=2.0%,0.008031998967775265,0.02
130025,154020.52589321043,154020.52589321043,153662.11121443065,True,False,0,0,5.547917680814862e-11,0.0,inf,,peaks,0.02338,0.016597236702384895,3.32213,inf,151305.62424156832,True,False,0,0,1.6284348780800428,1.6284348781000517,1.6284348780800428,153835.47562646304,small_s,0.03767597521005131,0.02838649119316471,3.1229565921089417,0.004496105549120145,d=+0.008 zeta=2.0%,0.008031998967775265,0.02
130026,154020.52589321043,154020.52589321043,154048.28893384637,True,False,0,0,0.0,5.002220859751105e-11,inf,,mirror,0.02338,0.027598722843893746,3.32213,inf,154489.9740327165,True,False,0,0,0.0,3.8107828004285693e-10,inf,,mirror,0.02340518241432245,0.028282986313769524,3.3886145203326534,inf,d=+0.008 zeta=2.0%,0.008031998967775265,0.02
130027,154020.52589321043,154020.52589321043,154418.14912838023,True,False,0,0,2.7284841053187847e-12,0.0,inf,,peaks,0.02338,0.0249683570404868,3.32213,inf,153574.23988514085,True,False,0,0,5.070432962384075e-10,1.77351466845721e-11,inf,,truth,0.026575499660948347,0.025187812838412506,3.2128449469738816,inf,d=+0.008 zeta=2.0%,0.008031998967775265,0.02
130028,154020.52589321043,154020.52589321043,154275.68109199984,True,False,0,0,1.0186340659856796e-10,1.1368683772161603e-11,inf,,truth,0.02338,0.019822982761251474,3.32213,inf,154203.65029903784,True,False,0,0,2.2964741219766438e-10,0.0,inf,,peaks,0.026479558648322785,0.01844602091836784,3.311981653972774,inf,d=+0.008 zeta=2.0%,0.008031998967775265,0.02
130029,154020.52589321043,154020.52589321043,152843.47760848148,True,False,0,0,0.0,8.21819412522018e-09,inf,,mirror,0.02338,0.029337858758734174,3.32213,inf,152497.69533567125,True,False,0,0,2.724117621255573e-05,2.7766757739300374e-05,inf,,truth,0.014447295699245548,0.03257327298869714,3.3258029121397024,0.006904185729782691,d=+0.008 zeta=2.0%,0.008031998967775265,0.02
130030,154020.52589321043,154020.52589321043,154420.42072336553,True,False,0,0,2.000888343900442e-11,5.820766091346741e-11,inf,,truth,0.02338,0.022991566800836964,3.32213,inf,154698.82689530862,True,False,0,0,2.7284841053187847e-11,8.35825630929321e-10,inf,,small_s,0.02620629685199935,0.01998831697369766,3.337683133398689,inf,d=+0.008 zeta=2.0%,0.008031998967775265,0.02
130031,154020.52589321043,154020.52589321043,154557.5808306203,True,False,0,0,1.3642420526593924e-11,0.0,inf,,peaks,0.02338,0.028775495001456635,3.32213,inf,154605.21781894096,True,False,0,0,0.0,9.231371222995222e-11,inf,,mirror,0.026874543545051935,0.025976909343808613,3.3123747242642696,inf,d=+0.008 zeta=2.0%,0.008031998967775265,0.02
130032,154020.52589321043,154020.52589321043,153493.71094980446,True,False,0,0,0.0,9.094947017729282e-12,inf,,mirror,0.02338,0.015444697370707531,3.32213,inf,153491.3357952369,True,False,0,0,2.8194335754960775e-11,0.0,inf,,peaks,0.026043500558696565,0.014727314737484095,3.3176316914409103,inf,d=+0.008 zeta=2.0%,0.008031998967775265,0.02
130033,154020.52589321043,154020.52589321043,153621.017385646,True,False,0,0,2.773958840407431e-11,0.0,inf,,peaks,0.02338,0.02060279653213235,3.32213,inf,151872.35111547675,True,False,0,0,2.139930612259377,0.0,2.139930612259377,153709.74445205837,peaks,0.03304792463336359,0.02799280786171948,3.169637410440141,inf,d=+0.008 zeta=2.0%,0.008031998967775265,0.02
130034,154020.52589321043,154020.52589321043,154065.8643899492,True,False,0,0,4.5929482439532876e-11,2.546585164964199e-11,inf,,truth,0.02338,0.020724468915639675,3.32213,inf,154298.56039665744,True,False,0,0,6.821210263296962e-12,0.0,inf,,peaks,0.026513614070678853,0.018632437056668335,3.3310031105933535,inf,d=+0.008 zeta=2.0%,0.008031998967775265,0.02
130035,154020.52589321043,154020.52589321043,154229.0526603365,True,False,0,0,0.0,1.1823431123048067e-11,inf,,mirror,0.02338,0.018588137844749813,3.32213,inf,154676.04552705778,True,False,0,0,5.9117155615240335e-12,0.0,inf,,peaks,0.02118725900266291,0.018205879240236967,3.364047996493788,inf,d=+0.008 zeta=2.0%,0.008031998967775265,0.02
130036,154020.52589321043,154020.52589321043,154179.18243312414,True,False,0,0,2.0463630789890885e-11,5.002220859751105e-12,inf,,truth,0.02338,0.012905410444525756,3.32213,inf,154399.27672354624,True,False,0,0,0.0,1.9554136088117957e-11,inf,,mirror,0.02775194957887373,0.011961318838767328,3.3345047394245406,inf,d=+0.008 zeta=2.0%,0.008031998967775265,0.02
130037,154020.52589321043,154020.52589321043,153611.01576309738,True,False,0,0,0.0,1.8189894035458565e-12,inf,,mirror,0.02338,0.028538752182429454,3.32213,inf,154283.17864967423,True,False,0,0,9.549694368615746e-12,4.5929482439532876e-11,inf,,small_s,0.0322215195366622,0.01858059504296232,3.3287480236718148,inf,d=+0.008 zeta=2.0%,0.008031998967775265,0.02
130038,154020.52589321043,154020.52589321043,154903.00914722614,False,False,0,2,5.32054400537163e-11,4.547473508864641e-12,inf,,truth,0.02338,0.021678030499335404,3.32213,inf,155281.43207666892,True,False,0,0,4.547473508864641e-12,5.325091478880495e-10,inf,,small_s,0.024143781977524092,0.020320298626386967,3.352378787267927,inf,d=+0.008 zeta=2.0%,0.008031998967775265,0.02
130039,154020.52589321043,154020.52589321043,153499.88459612426,True,False,0,0,0.0,1.4006218407303095e-10,inf,,mirror,0.02338,0.021696919222469788,3.32213,inf,153293.2250498302,True,False,0,0,4.3655745685100555e-11,1.709850039333105e-10,inf,,small_s,0.0183664591707013,0.024117973417963224,3.316659432708879,inf,d=+0.008 zeta=2.0%,0.008031998967775265,0.02
130040,154020.52589321043,154020.52589321043,153237.87128661177,True,False,0,0,0.0,3.183231456205249e-12,inf,,mirror,0.02338,0.021661737989760954,3.32213,inf,152879.93630544274,True,False,0,0,6.548361852765083e-11,2.546585164964199e-11,inf,,truth,0.024546859933734747,0.020269592885593414,3.2884995838279663,inf,d=+0.008 zeta=2.0%,0.008031998967775265,0.02
130041,154020.52589321043,154020.52589321043,153805.5238562538,True,False,0,0,5.002220859751105e-12,2.6830093702301383e-11,inf,,truth,0.02338,0.018907808795832627,3.32213,inf,153690.9372556799,True,False,0,0,0.0,1.1823431123048067e-11,inf,,mirror,0.027764512584395246,0.016626392070114567,3.308740962730184,inf,d=+0.008 zeta=2.0%,0.008031998967775265,0.02
130042,154020.52589321043,154020.52589321043,153392.8657892538,True,False,0,0,0.0,5.002220859751105e-11,inf,,mirror,0.02338,0.022955445828422395,3.32213,inf,153231.40242594594,True,False,0,0,1.1823431123048067e-11,1.8189894035458565e-12,inf,,small_s,0.027425358261005603,0.019216273392089443,3.297943108099308,inf,d=+0.008 zeta=2.0%,0.008031998967775265,0.02
130043,154020.52589321043,154020.52589321043,154631.78089300604,True,False,0,0,0.0,2.091837814077735e-11,inf,,mirror,0.02338,0.02385897685200432,3.32213,inf,153825.45837821238,True,False,0,0,5.4569682106375694e-12,2.7284841053187847e-12,inf,,truth,0.03220583490276004,0.023336710294145385,3.253712798087543,inf,d=+0.008 zeta=2.0%,0.008031998967775265,0.02
130044,154020.52589321043,154020.52589321043,153404.74296632796,True,False,0,0,9.094947017729282e-13,6.821210263296962e-12,inf,,truth,0.02338,0.017167745558927076,3.32213,inf,153140.31068150006,True,False,0,0,5.002220859751105e-12,0.0,inf,,peaks,0.021663531230788676,0.017335548862984076,3.2981205923674763,inf,d=+0.008 zeta=2.0%,0.008031998967775265,0.02
130045,154020.52589321043,154020.52589321043,154252.1530680216,True,False,0,0,1.8189894035458565e-11,0.0,inf,,peaks,0.02338,0.01672194887046247,3.32213,inf,153816.03373856272,True,False,0,0,9.549694368615746e-12,3.637978807091713e-11,inf,,truth,0.02363433727900194,0.014454143525991125,3.282676606760056,inf,d=+0.008 zeta=2.0%,0.008031998967775265,0.02
130046,154020.52589321043,154020.52589321043,154359.40447277116,True,False,0,0,2.091837814077735e-11,3.637978807091713e-12,inf,,truth,0.02338,0.01557354801903047,3.32213,inf,154222.54233371175,True,False,0,0,3.2741809263825417e-11,1.9099388737231493e-11,inf,,small_s,0.029494976334398768,0.013767345843907597,3.3109921185388997,inf,d=+0.008 zeta=2.0%,0.008031998967775265,0.02
130047,154020.52589321043,154020.52589321043,153484.62442602398,True,False,0,0,6.366462912410498e-12,1.6007106751203537e-10,inf,,truth,0.02338,0.021828598561373987,3.32213,inf,154161.53284675535,True,False,0,0,0.0,1.546140993013978e-11,inf,,mirror,0.03184629507274268,0.016413659445354056,3.3362724441542375,inf,d=+0.008 zeta=2.0%,0.008031998967775265,0.02
130048,154020.52589321043,154020.52589321043,152280.5744377413,True,False,0,0,1.3524186215363443e-09,0.0,inf,,peaks,0.02338,0.02813180976382746,3.32213,inf,152483.87379497307,True,False,0,0,7.185008144006133e-11,0.0,inf,,peaks,0.029875949401250983,0.021082754174953016,3.295632840808663,inf,d=+0.008 zeta=2.0%,0.008031998967775265,0.02
130049,154020.52589321043,154020.52589321043,153156.3357063876,True,False,0,0,0.0,9.549694368615746e-12,inf,,mirror,0.02338,0.026508428414341565,3.32213,inf,153573.1498445904,True,False,0,0,2.5011104298755527e-11,5.4569682106375694e-11,inf,,small_s,0.030829394539384894,0.020067034695126218,3.3205265098112284,inf,d=+0.008 zeta=2.0%,0.008031998967775265,0.02
130050,154020.52589321043,154020.52589321043,154280.97419383455,True,False,0,0,0.0,8.049028110690415e-11,inf,,mirror,0.02338,0.022437016968847343,3.32213,inf,153894.9291410278,True,False,0,0,6.366462912410498e-12,1.9099388737231493e-11,inf,,small_s,0.02389600535536146,0.02236245607052607,3.275539756631246,inf,d=+0.008 zeta=2.0%,0.008031998967775265,0.02
130051,154020.52589321043,154020.52589321043,153928.15649507116,True,False,0,0,7.73070496506989e-12,0.0,inf,,peaks,0.02338,0.024407096507937483,3.32213,inf,153744.0034543113,True,False,0,0,9.640643838793039e-11,5.047695594839752e-11,inf,,small_s,0.023079982578709263,0.024319200949224132,3.3006236832430247,inf,d=+0.008 zeta=2.0%,0.008031998967775265,0.02
130052,154020.52589321043,154020.52589321043,155100.9595700338,True,False,0,0,0.0,9.640643838793039e-11,inf,,mirror,0.02338,0.01509276953580708,3.32213,inf,155221.61055155026,True,False,0,0,4.547473508864641e-12,5.4569682106375694e-12,inf,,small_s,0.02686338886828564,0.013783709044247753,3.3328755762342186,inf,d=+0.008 zeta=2.0%,0.008031998967775265,0.02
130053,154020.52589321043,154020.52589321043,154636.62757384172,True,False,0,0,0.0,5.1386450650170445e-11,inf,,mirror,0.02338,0.02303103278781932,3.32213,inf,155262.8969295628,True,False,0,0,2.091837814077735e-11,0.0,inf,,peaks,0.030979355295041845,0.01623704820029213,3.34090827768497,inf,d=+0.008 zeta=2.0%,0.008031998967775265,0.02
130054,154020.52589321043,154020.52589321043,154866.89046741326,True,False,0,0,9.094947017729282e-13,2.2282620193436742e-11,inf,,truth,0.02338,0.01679853930262077,3.32213,inf,154679.23474661072,True,False,0,0,0.0,5.093170329928398e-11,inf,,mirror,0.02133555520856886,0.01736610183629587,3.3007012904008155,inf,d=+0.008 zeta=2.0%,0.008031998967775265,0.02
130055,154020.52589321043,154020.52589321043,154266.19152611843,True,False,0,0,0.0,1.6825651982799172e-11,inf,,mirror,0.02338,0.02238222278211593,3.32213,inf,154424.53873825344,True,False,0,0,0.0,4.547473508864641e-13,inf,,mirror,0.022056702643527718,0.023260762671311705,3.3454281125528866,inf,d=+0.008 zeta=2.0%,0.008031998967775265,0.02
130056,154020.52589321043,154020.52589321043,153571.82294328747,True,False,0,0,0.0,6.789377948734909e-10,inf,,mirror,0.02338,0.024101386802901508,3.32213,inf,154229.51459061395,True,False,1,0,4.1382008930668235e-11,0.0,2.8057373715428184,151380.5988074731,peaks,0.03069331922131786,0.018235112445254303,3.338696614286113,inf,d=+0.008 zeta=2.0%,0.008031998967775265,0.02
130057,154020.52589321043,154020.52589321043,154253.78925062207,True,False,0,0,0.0,1.546140993013978e-11,inf,,mirror,0.02338,0.010607272207737996,3.32213,inf,154250.5515178246,True,False,0,0,1.2278178473934531e-11,0.0,inf,,peaks,0.023072207889051084,0.010705930558090423,3.3199525714374656,inf,d=+0.008 zeta=2.0%,0.008031998967775265,0.02
130058,154020.52589321043,154020.52589321043,153931.71851736293,True,False,0,0,1.8189894035458565e-12,1.318767317570746e-11,inf,,truth,0.02338,0.01990959880030361,3.32213,inf,153956.45305102644,True,False,0,0,0.0,2.773958840407431e-11,1.741068875673136,151919.98541687411,mirror,0.029634605738442305,0.016911202326104494,3.3133734429713257,inf,d=+0.008 zeta=2.0%,0.008031998967775265,0.02
130059,154020.52589321043,154020.52589321043,153398.0226692844,True,False,0,0,2.8194335754960775e-11,0.0,inf,,peaks,0.02338,0.016571214940648452,3.32213,inf,153763.49250401583,True,False,0,0,6.45741238258779e-11,1.8189894035458565e-11,inf,,small_s,0.02476660131006066,0.01528802168689288,3.3433846211858773,inf,d=+0.008 zeta=2.0%,0.008031998967775265,0.02
130060,154020.52589321043,154020.52589321043,154871.33052242643,True,False,0,0,0.0,4.092726157978177e-11,inf,,mirror,0.02338,0.01842414228064094,3.32213,inf,154769.4961382276,True,False,0,0,1.0913936421275139e-11,0.0,inf,,peaks,0.023929938170917334,0.01852461341594842,3.3120970879870235,inf,d=+0.008 zeta=2.0%,0.008031998967775265,0.02
130061,154020.52589321043,154020.52589321043,154009.46494944632,True,False,0,0,7.73070496506989e-12,6.048139766789973e-11,inf,,truth,0.02338,0.012067955071658908,3.32213,inf,154042.57170743478,True,False,0,0,6.184563972055912e-11,4.501998773775995e-11,inf,,truth,0.02528092090224375,0.011877867255712894,3.3250800630344703,inf,d=+0.008 zeta=2.0%,0.008031998967775265,0.02
130062,154020.52589321043,154020.52589321043,154593.39114277746,True,False,0,0,9.094947017729282e-13,0.0,inf,,peaks,0.02338,0.02907125559799637,3.32213,inf,153671.9373750762,True,False,0,0,9.877112461254e-10,5.638867150992155e-11,inf,,truth,0.028471220235218878,0.031975494229359365,3.208256110783299,inf,d=+0.008 zeta=2.0%,0.008031998967775265,0.02
130063,154020.52589321043,154020.52589321043,154614.79114849982,True,False,0,0,5.4569682106375694e-12,4.547473508864641e-13,inf,,truth,0.02338,0.01765692089357777,3.32213,inf,154531.72320507822,True,False,0,0,4.547473508864641e-11,0.0,inf,,peaks,0.015423585145997403,0.019854429184923618,3.305193030871745,inf,d=+0.008 zeta=2.0%,0.008031998967775265,0.02
130064,154020.52589321043,154020.52589321043,153422.11530288335,True,False,0,0,3.456079866737127e-11,0.0,inf,,peaks,0.02338,0.018527360122764944,3.32213,inf,153634.35640466164,True,False,0,0,0.0,1.9099388737231493e-11,inf,,mirror,0.02568392760556922,0.0171409328015489,3.3307869974906916,inf,d=+0.008 zeta=2.0%,0.008031998967775265,0.02
130065,154020.52589321043,154020.52589321043,153280.21327322142,True,False,0,0,1.8189894035458565e-11,3.728928277269006e-11,inf,,truth,0.02338,0.02291598910445459,3.32213,inf,154028.97551579517,True,False,0,0,1.7280399333685637e-11,0.0,inf,,peaks,0.02797387360463194,0.01871871236908507,3.3520028837677653,inf,d=+0.008 zeta=2.0%,0.008031998967775265,0.02
130066,154020.52589321043,154020.52589321043,154752.63855436898,True,False,0,0,5.4569682106375694e-12,1.2732925824820995e-11,inf,,truth,0.02338,0.021370117759492848,3.32213,inf,155206.6438483921,True,False,0,0,6.639311322942376e-11,3.319655661471188e-11,inf,,small_s,0.024029098511095724,0.01926954160032495,3.3561832783393135,inf,d=+0.008 zeta=2.0%,0.008031998967775265,0.02
130067,154020.52589321043,154020.52589321043,153835.84849619828,True,False,0,0,0.0,1.8189894035458565e-11,inf,,mirror,0.02338,0.019947751607988454,3.32213,inf,154817.1092505739,True,False,0,0,1.77351466845721e-11,1.07775122160092e-10,inf,,small_s,0.026158394174132925,0.015147363211531999,3.370826558821163,inf,d=+0.008 zeta=2.0%,0.008031998967775265,0.02
130068,154020.52589321043,154020.52589321043,153729.64498051966,True,False,0,0,7.275957614183426e-12,0.0,inf,,peaks,0.02338,0.01923234613195314,3.32213,inf,153715.6393973399,True,False,0,0,1.000444171950221e-11,0.0,inf,,peaks,0.024529302041430275,0.018415331890489963,3.318560906265954,inf,d=+0.008 zeta=2.0%,0.008031998967775265,0.02
130069,154020.52589321043,154020.52589321043,153523.63946232616,True,False,0,0,0.0,2.4556356947869062e-11,inf,,mirror,0.02338,0.01931141475126784,3.32213,inf,155137.5743828395,True,False,0,0,8.185452315956354e-12,4.0472514228895307e-11,inf,,truth,0.033131006167681026,0.021807429081689075,3.4634288538122706,inf,d=+0.008 zeta=2.0%,0.008031998967775265,0.02
130070,154020.52589321043,154020.52589321043,153129.4064432837,True,False,0,0,7.530616130679846e-10,0.0,inf,,peaks,0.02338,0.025883249451346783,3.32213,inf,152260.68295798573,True,True,1,0,1.6231821064138785e-05,1.3276265235617757e-05,inf,,small_s,0.021852781756454144,0.02945706718068433,3.1805266588100953,0.004186484500419807,d=+0.008 zeta=2.0%,0.008031998967775265,0.02
130071,154020.52589321043,154020.52589321043,153801.5660810512,True,False,0,0,0.0,2.4510882212780416e-10,inf,,mirror,0.02338,0.018004567043476093,3.32213,inf,154285.90447891242,True,False,0,0,1.4551915228366852e-11,0.0,inf,,peaks,0.026731094017408197,0.014189274885028531,3.340936861886318,inf,d=+0.008 zeta=2.0%,0.008031998967775265,0.02
130072,154020.52589321043,154020.52589321043,153766.23897865156,True,False,0,0,3.001332515850663e-11,0.0,inf,,peaks,0.02338,0.018964792980915184,3.32213,inf,153711.66462227292,True,False,0,0,3.456079866737127e-11,3.501554601825774e-11,inf,,truth,0.02276699935164558,0.019326321390879028,3.318456259773351,inf,d=+0.008 zeta=2.0%,0.008031998967775265,0.02
130073,154020.52589321043,154020.52589321043,154487.14740914182,True,False,0,0,2.637534635141492e-11,0.0,inf,,peaks,0.02338,0.022875725369334854,3.32213,inf,153975.56241687044,True,False,0,0,0.0,1.4097167877480388e-11,inf,,mirror,0.03129200891322557,0.019706110118432846,3.2840823090983444,inf,d=+0.008 zeta=2.0%,0.008031998967775265,0.02
130074,154020.52589321043,154020.52589321043,154122.4766112537,True,False,0,0,6.120899342931807e-10,0.0,inf,,peaks,0.02338,0.026217576554870912,3.32213,inf,153982.06254544746,True,False,1,0,2.7284841053187847e-12,0.0,inf,,peaks,0.029234749139207816,0.0234485944988655,3.2890327541604427,inf,d=+0.008 zeta=2.0%,0.008031998967775265,0.02
130075,154020.52589321043,154020.52589321043,154802.86545678833,True,False,0,0,1.9099388737231493e-11,0.0,inf,,peaks,0.02338,0.0234011642246942,3.32213,inf,154513.2453023587,True,False,0,0,1.1823431123048067e-11,0.0,inf,,peaks,0.021649334248651,0.024942492318853014,3.2926264274650467,inf,d=+0.008 zeta=2.0%,0.008031998967775265,0.02
130076,154020.52589321043,154020.52589321043,153535.1001375857,True,False,0,0,0.0,8.185452315956354e-12,inf,,mirror,0.02338,0.02175045319870711,3.32213,inf,153411.5361599616,True,False,0,0,6.002665031701326e-11,0.0,inf,,peaks,0.027923991556277644,0.01571892564954276,3.3063564484330814,inf,d=+0.008 zeta=2.0%,0.008031998967775265,0.02
130077,154020.52589321043,154020.52589321043,153894.81081421993,True,False,0,0,3.637978807091713e-12,0.0,inf,,peaks,0.02338,0.01857493961577869,3.32213,inf,153965.3344588567,True,False,0,0,6.184563972055912e-11,5.911715561524034e-11,inf,,small_s,0.021337217073310058,0.019642389202951686,3.3334688053130894,inf,d=+0.008 zeta=2.0%,0.008031998967775265,0.02
130078,154020.52589321043,154020.52589321043,153704.12278638853,True,False,0,0,0.0,2.2737367544323206e-11,inf,,mirror,0.02338,0.01936882337687527,3.32213,inf,154388.87200094367,True,False,0,0,2.4556356947869062e-11,2.2282620193436742e-11,inf,,small_s,0.026571631072547012,0.013366959874177084,3.348895970714739,inf,d=+0.008 zeta=2.0%,0.008031998967775265,0.02
130079,154020.52589321043,154020.52589321043,153967.39074461482,True,False,0,0,0.0,2.2328094928525388e-10,inf,,mirror,0.02338,0.020516840274399095,3.32213,inf,154561.77895867787,True,False,0,0,2.7284841053187847e-11,0.0,inf,,peaks,0.029086036161832526,0.015367001647689556,3.343120517371667,inf,d=+0.008 zeta=2.0%,0.008031998967775265,0.02
130080,154020.52589321043,154020.52589321043,153913.61521527046,True,False,0,0,1.864464138634503e-11,0.0,inf,,peaks,0.02338,0.021727979685125024,3.32213,inf,154302.15034594267,True,False,0,0,9.640643838793039e-11,3.183231456205249e-11,inf,,truth,0.024860791850807275,0.020653497190672426,3.350199495657,inf,d=+0.008 zeta=2.0%,0.008031998967775265,0.02
130081,154020.52589321043,154020.52589321043,153493.77555753407,True,False,0,0,6.184563972055912e-11,0.0,inf,,peaks,0.02338,0.03222288663470049,3.32213,inf,154453.7439198616,True,False,0,0,3.456079866737127e-11,0.0,1.8053152939082793,152345.5933182147,peaks,0.03348535864542571,0.020658205572442023,3.3315360940449716,inf,d=+0.008 zeta=2.0%,0.008031998967775265,0.02
130082,154020.52589321043,154020.52589321043,152738.85210851883,True,False,0,0,1.1823431123048067e-11,0.0,inf,,peaks,0.02338,0.021579860433586343,3.32213,inf,152661.9075020616,True,False,0,0,0.0,7.275957614183426e-12,inf,,mirror,0.026413043001317457,0.019137448358020448,3.3024086911383654,inf,d=+0.008 zeta=2.0%,0.008031998967775265,0.02
130083,154020.52589321043,154020.52589321043,153690.88971201883,True,False,0,0,0.0,2.546585164964199e-11,inf,,mirror,0.02338,0.01527758453869406,3.32213,inf,153573.14437392572,True,False,0,0,0.0,4.547473508864641e-12,inf,,mirror,0.02300069335434215,0.015364642022838503,3.313325256056274,inf,d=+0.008 zeta=2.0%,0.008031998967775265,0.02
130084,154020.52589321043,154020.52589321043,153301.67419495914,False,False,0,2,8.640199666842818e-12,4.547473508864641e-13,inf,,truth,0.02338,0.01524024683670009,3.32213,inf,154101.06759935155,True,False,0,0,0.0,9.094947017729282e-12,inf,,mirror,0.024977209177597912,0.011000845611239051,3.3575493774195766,inf,d=+0.008 zeta=2.0%,0.008031998967775265,0.02
130085,154020.52589321043,154020.52589321043,153751.8259951178,True,False,0,0,0.0,5.9117155615240335e-12,inf,,mirror,0.02338,0.022666872711421208,3.32213,inf,153516.94170506953,True,False,0,0,9.458744898438454e-11,3.728928277269006e-11,inf,,small_s,0.025678486213856967,0.021433145669995917,3.2975188806869604,inf,d=+0.008 zeta=2.0%,0.008031998967775265,0.02
130086,154020.52589321043,154020.52589321043,154080.0744526531,True,False,0,0,2.7284841053187847e-12,0.0,inf,,peaks,0.02338,0.018352336362801005,3.32213,inf,153711.75812118335,True,False,0,0,1.6370904631912708e-11,1.0913936421275139e-11,inf,,truth,0.024254231251666952,0.016900644256043235,3.286990612517595,inf,d=+0.008 zeta=2.0%,0.008031998967775265,0.02
130087,154020.52589321043,154020.52589321043,154292.38366295426,True,False,0,0,3.001332515850663e-11,7.73070496506989e-12,inf,,truth,0.02338,0.016901247371574047,3.32213,inf,154253.02201886775,True,False,0,0,5.729816621169448e-11,4.547473508864641e-12,inf,,small_s,0.025669265554026672,0.016151017796424527,3.317536275387833,inf,d=+0.008 zeta=2.0%,0.008031998967775265,0.02
130088,154020.52589321043,154020.52589321043,154690.4355166864,True,False,0,0,1.4551915228366852e-11,0.0,inf,,peaks,0.02338,0.02239884318861756,3.32213,inf,155031.72865442565,True,False,0,0,2.546585164964199e-11,1.1823431123048067e-11,inf,,small_s,0.02465119164410851,0.021148740309966264,3.3459784004727466,inf,d=+0.008 zeta=2.0%,0.008031998967775265,0.02
130089,154020.52589321043,154020.52589321043,154311.31939339897,True,False,0,0,7.275957614183426e-12,0.0,inf,,peaks,0.02338,0.019928387827603703,3.32213,inf,153934.81598203245,True,False,1,0,1.1368683772161603e-11,2.1494089277539388,inf,,truth,0.024836447585533196,0.01567361426566412,3.2895179857380734,inf,d=+0.008 zeta=2.0%,0.008031998967775265,0.02
130090,154020.52589321043,154020.52589321043,155038.17274886317,True,False,0,0,0.0,3.637978807091713e-12,inf,,mirror,0.02338,0.016571600424847104,3.32213,inf,155443.61675846472,True,False,0,0,0.0,2.1827872842550278e-11,inf,,mirror,0.02085366421759253,0.015022364241178988,3.346112731271106,inf,d=+0.008 zeta=2.0%,0.008031998967775265,0.02
130091,154020.52589321043,154020.52589321043,154241.16406781558,True,False,0,0,1.1368683772161603e-11,0.0,inf,,peaks,0.02338,0.01756161143063716,3.32213,inf,154170.58937608605,True,False,0,0,0.01990208454481035,0.0,inf,,peaks,0.017831798241352732,0.01914435867677703,3.3198159383595067,inf,d=+0.008 zeta=2.0%,0.008031998967775265,0.02
130092,154020.52589321043,154020.52589321043,153633.06127577083,True,False,0,0,1.3642420526593924e-10,0.0,inf,,peaks,0.02338,0.013730939265712378,3.32213,inf,153569.68742187362,True,False,0,0,1.3642420526593924e-12,3.728928277269006e-11,inf,,truth,0.02446816958064395,0.01406554878857553,3.3182292515220317,inf,d=+0.008 zeta=2.0%,0.008031998967775265,0.02
130093,154020.52589321043,154020.52589321043,155282.96769676846,True,False,0,0,2.1827872842550278e-11,2.637534635141492e-11,inf,,truth,0.02338,0.020651290674896457,3.32213,inf,155090.43450795914,True,False,0,0,1.3642420526593924e-11,1.2096279533579946e-10,inf,,truth,0.01792230593514601,0.02311964799128073,3.295077372465877,inf,d=+0.008 zeta=2.0%,0.008031998967775265,0.02
130094,154020.52589321043,154020.52589321043,153192.768139985,True,False,0,0,0.0,6.730260793119669e-11,inf,,mirror,0.02338,0.014202051016533369,3.32213,inf,153007.81281448147,True,False,0,0,5.3660187404602766e-11,0.0,inf,,peaks,0.019824402049734822,0.014782584807653602,3.307440174352445,inf,d=+0.008 zeta=2.0%,0.008031998967775265,0.02
130095,154020.52589321043,154020.52589321043,154945.93779541837,True,False,0,0,3.183231456205249e-12,0.0,inf,,peaks,0.02338,0.021205239459487733,3.32213,inf,155278.92149741828,True,False,0,0,8.640199666842818e-12,0.0,inf,,peaks,0.02784565159044715,0.018198898548393974,3.3393749245619233,inf,d=+0.008 zeta=2.0%,0.008031998967775265,0.02
130096,154020.52589321043,154020.52589321043,152765.18790165088,True,False,0,0,1.3642420526593924e-12,1.1368683772161603e-11,inf,,truth,0.02338,0.022441533505980278,3.32213,inf,152627.2671550798,True,False,0,0,3.092281986027956e-11,0.0,inf,,peaks,0.02511694719959428,0.02113318296025616,3.301479620527576,inf,d=+0.008 zeta=2.0%,0.008031998967775265,0.02
130097,154020.52589321043,154020.52589321043,153734.60471314855,True,False,0,0,2.7284841053187847e-12,0.0,inf,,peaks,0.02338,0.019148639477512126,3.32213,inf,153414.0141562852,True,False,0,0,9.413270163349807e-11,2.1827872842550278e-11,inf,,truth,0.026636332637642358,0.01613998747460383,3.294328689268487,inf,d=+0.008 zeta=2.0%,0.008031998967775265,0.02
130098,154020.52589321043,154020.52589321043,152926.57317105995,True,False,0,0,1.0913936421275139e-11,1.8553691916167736e-10,inf,,truth,0.02338,0.026063273651546096,3.32213,inf,153723.74815733373,True,False,0,0,2.091837814077735e-11,1.9099388737231493e-11,0.5898733843546324,151845.1367821435,truth,0.028759520227435963,0.021538989624427657,3.35650294774607,inf,d=+0.008 zeta=2.0%,0.008031998967775265,0.02
130099,154020.52589321043,154020.52589321043,153311.60121652417,True,False,0,0,1.6370904631912708e-11,0.0,inf,,peaks,0.02338,0.014821592873831496,3.32213,inf,153334.99643297642,True,False,0,0,1.000444171950221e-11,0.0,inf,,peaks,0.02500379660306516,0.014460643700739116,3.3213043785767447,inf,d=+0.008 zeta=2.0%,0.008031998967775265,0.02
140000,159444.98762692578,159444.98762692578,159983.8683143603,True,False,0,0,1.2278178473934531e-11,1.6825651982799172e-11,inf,,truth,0.02338,0.022067590954166497,3.32213,inf,159993.24649983962,True,False,0,0,1.4097167877480388e-11,0.0,inf,,peaks,0.027872118434625132,0.01808128938400594,3.3488169338665448,inf,d=+0.025 zeta=2.0%,0.02531239987183604,0.02
140001,159444.98762692578,159444.98762692578,159939.55650687224,True,False,0,0,1.000444171950221e-11,3.092281986027956e-11,inf,,truth,0.02338,0.02276455007486915,3.32213,inf,157541.9565534915,True,False,0,0,0.0,3.3032847568392754e-09,inf,,mirror,0.045923363114195,0.03179821343819792,3.2059877577908322,inf,d=+0.025 zeta=2.0%,0.02531239987183604,0.02
140002,159444.98762692578,159444.98762692578,159472.98536633633,True,False,0,0,0.0,1.8189894035458565e-12,inf,,mirror,0.02338,0.024505067587315014,3.32213,inf,159157.018779132,True,False,0,0,2.546585164964199e-11,1.241460267920047e-10,inf,,truth,0.02666114460205334,0.024409836829234668,3.2997442927474188,inf,d=+0.025 zeta=2.0%,0.02531239987183604,0.02
140003,159444.98762692578,159444.98762692578,159092.37224842006,True,False,0,0,1.8189894035458565e-12,0.0,inf,,peaks,0.02338,0.014974959318163913,3.32213,inf,158969.97193224233,True,False,0,0,0.0,3.2046086721593383,3.2046086721593383,174913.5709481366,mirror,0.02517337019680413,0.014272638214963976,3.3277255903772183,inf,d=+0.025 zeta=2.0%,0.02531239987183604,0.02
140004,159444.98762692578,159444.98762692578,158417.20470002692,True,False,0,0,7.275957614183426e-12,0.0,inf,,peaks,0.02338,0.01914531396166342,3.32213,inf,157232.21217157642,True,False,0,0,5.929905455559492e-10,0.0,inf,,peaks,0.033312807002514176,0.02513655371637724,3.231247476846904,inf,d=+0.025 zeta=2.0%,0.02531239987183604,0.02
140005,159444.98762692578,159444.98762692578,160862.69990341386,True,False,0,0,2.4556356947869062e-11,3.637978807091713e-12,inf,,truth,0.02338,0.016251530303833306,3.32213,inf,160093.84249219875,True,False,0,0,0.0,1.7143975128419697e-10,inf,,mirror,0.03138877934909203,0.016858452166716553,3.3114085908410438,inf,d=+0.025 zeta=2.0%,0.02531239987183604,0.02
140006,159444.98762692578,159444.98762692578,159842.0314435747,True,False,0,0,2.1827872842550278e-11,4.547473508864641e-12,inf,,truth,0.02338,0.022178459451522404,3.32213,inf,162649.72374768867,True,False,0,0,0.0,0.054573760578932706,0.05457376030153682,160876.126700065,mirror,0.0374348610669745,0.0242676987717133,3.6118622418545336,inf,d=+0.025 zeta=2.0%,0.02531239987183604,0.02
140007,159444.98762692578,159444.98762692578,159148.3967222852,True,False,0,0,0.0,6.821210263296962e-12,inf,,mirror,0.02338,0.02429006274662466,3.32213,inf,159278.8463940347,True,False,0,0,4.547473508864641e-12,0.0,inf,,peaks,0.026151233611118523,0.020215348802929498,3.3440425806650484,inf,d=+0.025 zeta=2.0%,0.02531239987183604,0.02
140008,159444.98762692578,159444.98762692578,158671.9077385285,True,False,0,0,1.1823431123048067e-11,0.0,inf,,peaks,0.02338,0.015586761879765166,3.32213,inf,158557.30201747274,True,False,0,0,2.637534635141492e-11,2.484293912314115,2.484293912314115,164320.5869471245,truth,0.02503981580870974,0.015276655129997279,3.3213828306343647,inf,d=+0.025 zeta=2.0%,0.02531239987183604,0.02
140009,159444.98762692578,159444.98762692578,160457.95081911585,True,False,0,0,1.8189894035458565e-12,1.9099388737231493e-11,inf,,truth,0.02338,0.019537248086906437,3.32213,inf,160366.2255083661,True,False,0,0,5.4569682106375694e-12,6.366462912410498e-12,inf,,small_s,0.02529115894228551,0.01679512416813736,3.341740131154543,inf,d=+0.025 zeta=2.0%,0.02531239987183604,0.02
140010,159444.98762692578,159444.98762692578,159547.66470054514,True,False,0,0,9.094947017729282e-13,0.0,inf,,peaks,0.02338,0.01567507998137833,3.32213,inf,159440.3837950476,True,False,0,0,0.0,0.945303109588167,0.945303109588167,193664.49541332186,mirror,0.025175954222002715,0.013912653164030878,3.3380046700608803,inf,d=+0.025 zeta=2.0%,0.02531239987183604,0.02
140011,159444.98762692578,159444.98762692578,159726.20246954597,True,False,0,0,6.366462912410498e-12,0.0,inf,,peaks,0.02338,0.015815905195708427,3.32213,inf,159295.38423818687,True,False,0,0,6.821210263296962e-11,0.0,inf,,peaks,0.028561456476840625,0.01564903114596123,3.3157191659266547,inf,d=+0.025 zeta=2.0%,0.02531239987183604,0.02
140012,159444.98762692578,159444.98762692578,159284.0102682671,True,False,0,0,9.094947017729282e-13,0.0,inf,,peaks,0.02338,0.013725953070418,3.32213,inf,158929.99264353508,True,False,0,0,0.0,2.546585164964199e-11,inf,,mirror,0.027161456702327762,0.013851873953694468,3.3158747141729337,inf,d=+0.025 zeta=2.0%,0.02531239987183604,0.02
140013,159444.98762692578,159444.98762692578,159252.24037483244,True,False,0,0,1.7280399333685637e-11,2.1827872842550278e-11,inf,,truth,0.02338,0.01923245503924819,3.32213,inf,159681.2336044341,True,False,0,0,0.0,2.7284841053187847e-12,inf,,mirror,0.02300444034998015,0.014200208156003487,3.368928742184098,inf,d=+0.025 zeta=2.0%,0.02531239987183604,0.02
140014,159444.98762692578,159444.98762692578,158580.50929922526,True,False,0,0,0.0,1.3642420526593924e-12,inf,,mirror,0.02338,0.016458662026203212,3.32213,inf,158405.36032586964,True,False,1,0,0.0,0.38560590736460654,0.38560590736460654,220615.64916538732,mirror,0.02445796479560211,0.01786132681338991,3.281104720970081,inf,d=+0.025 zeta=2.0%,0.02531239987183604,0.02
140015,159444.98762692578,159444.98762692578,160649.83860083597,True,False,0,0,0.0,3.637978807091713e-12,inf,,mirror,0.02338,0.02122972113228178,3.32213,inf,160329.037357656,True,False,0,0,0.0,1.7280399333685637e-11,inf,,mirror,0.02845304096979584,0.020083593719521627,3.322144045665478,inf,d=+0.025 zeta=2.0%,0.02531239987183604,0.02
140016,159444.98762692578,159444.98762692578,159570.76714543384,True,False,0,0,2.000888343900442e-11,3.319655661471188e-11,inf,,truth,0.02338,0.018915216930934512,3.32213,inf,159441.37586358053,True,False,0,0,0.0,2.0463630789890885e-11,inf,,mirror,0.0273608724433554,0.015930374417156928,3.3421550671459714,inf,d=+0.025 zeta=2.0%,0.02531239987183604,0.02
140017,159444.98762692578,159444.98762692578,158998.6274947049,True,False,0,0,0.0,2.9103830456733704e-11,inf,,mirror,0.02338,0.017958056409971185,3.32213,inf,158957.39228884305,True,False,0,0,1.1368683772161603e-11,1.3606808531353636,inf,,small_s,0.023428032302995838,0.018684727047600547,3.311102953067019,inf,d=+0.025 zeta=2.0%,0.02531239987183604,0.02
140018,159444.98762692578,159444.98762692578,159807.11794377078,True,False,0,0,1.8189894035458565e-12,0.0,inf,,peaks,0.02338,0.015744049433023603,3.32213,inf,159556.72323831942,True,False,0,0,0.0,1.8189894035458565e-11,inf,,mirror,0.02648195324458325,0.015710272122021668,3.318429068220848,inf,d=+0.025 zeta=2.0%,0.02531239987183604,0.02
140019,159444.98762692578,159444.98762692578,159296.22616209617,True,False,0,0,0.0,5.9117155615240335e-12,inf,,mirror,0.02338,0.01779625131467701,3.32213,inf,158835.0149380059,True,False,0,0,1.0459189070388675e-11,0.0,inf,,peaks,0.030158399894851622,0.01625244490816493,3.325858163815749,inf,d=+0.025 zeta=2.0%,0.02531239987183604,0.02
140020,159444.98762692578,159444.98762692578,158645.28859602453,True,False,0,0,3.456079866737127e-11,6.184563972055912e-11,inf,,truth,0.02338,0.023728396904276895,3.32213,inf,158798.62259420365,True,False,0,0,0.0,3.183231456205249e-12,inf,,mirror,0.028146535923119418,0.017866367781644583,3.346835887797054,inf,d=+0.025 zeta=2.0%,0.02531239987183604,0.02
140021,159444.98762692578,159444.98762692578,159158.73956344594,True,False,0,0,0.0,3.183231456205249e-11,inf,,mirror,0.02338,0.015680425330410086,3.32213,inf,158359.4777966585,True,False,0,0,4.001776687800884e-11,0.0,inf,,peaks,0.03137833341573119,0.016940342973818398,3.2913383887882093,inf,d=+0.025 zeta=2.0%,0.02531239987183604,0.02
140022,159444.98762692578,159444.98762692578,159290.1380038247,True,False,0,0,2.4556356947869062e-11,0.0,inf,,peaks,0.02338,0.016640445353360494,3.32213,inf,158816.31504312254,True,False,0,0,0.0,1.4636246167260651,1.4636246167260651,199138.53378283003,mirror,0.029157199014146335,0.01619127470826645,3.320006772281577,inf,d=+0.025 zeta=2.0%,0.02531239987183604,0.02
140023,159444.98762692578,159444.98762692578,160180.97588510846,True,False,0,0,0.0,4.092726157978177e-12,inf,,mirror,0.02338,0.017669511700041482,3.32213,inf,160326.54135071504,True,False,1,0,0.0,0.1347002466500271,0.1347002466500271,220615.64916538732,mirror,0.021687748419205916,0.017509798543042375,3.327659933791988,inf,d=+0.025 zeta=2.0%,0.02531239987183604,0.02
140024,159444.98762692578,159444.98762692578,158767.47977813057,True,False,0,0,2.2737367544323206e-11,5.4569682106375694e-12,inf,,truth,0.02338,0.01794070484134308,3.32213,inf,158503.7209370537,True,False,0,0,1.318767317570746e-10,5.952642823103815e-10,inf,,truth,0.026224548459968317,0.018193422485220465,3.3078715370499707,inf,d=+0.025 zeta=2.0%,0.02531239987183604,0.02
140025,159444.98762692578,159444.98762692578,160159.93889435162,True,False,0,0,2.7284841053187847e-12,0.0,inf,,peaks,0.02338,0.019573013356933466,3.32213,inf,158747.25726707012,True,False,0,0,0.8026805563104062,0.802680556139876,0.802680556139876,170630.27637133937,small_s,0.03832735908782654,0.022201682759362,3.23024270656652,inf,d=+0.025 zeta=2.0%,0.02531239987183604,0.02
140026,159444.98762692578,159444.98762692578,159899.8896555667,True,False,0,0,1.127773430198431e-10,0.0,inf,,peaks,0.02338,0.020020879827051613,3.32213,inf,159585.57539074039,True,False,0,0,4.092726157978177e-12,0.0,inf,,peaks,0.02880060246124057,0.018460545735960447,3.3263371879307,inf,d=+0.025 zeta=2.0%,0.02531239987183604,0.02
140027,159444.98762692578,159444.98762692578,160748.3629152706,True,False,0,0,0.0,4.547473508864641e-12,inf,,mirror,0.02338,0.015537792093903734,3.32213,inf,160956.46205266597,True,False,0,0,1.1823431123048067e-11,0.0,inf,,peaks,0.021730745343351482,0.013008204174037377,3.3554839787200517,inf,d=+0.025 zeta=2.0%,0.02531239987183604,0.02
140028,159444.98762692578,159444.98762692578,158626.750262528,True,False,0,0,0.0,2.091837814077735e-11,inf,,mirror,0.02338,0.01903379804136408,3.32213,inf,159084.44739087048,True,False,0,0,1.546140993013978e-11,1.2278178473934531e-11,inf,,small_s,0.02311930624191034,0.014284663362008647,3.362386895661284,inf,d=+0.025 zeta=2.0%,0.02531239987183604,0.02
140029,159444.98762692578,159444.98762692578,160279.41886466302,True,False,0,0,5.820766091346741e-11,0.0,inf,,peaks,0.02338,0.020026143379942903,3.32213,inf,160629.7294124168,True,False,0,0,5.275069270282984e-11,0.0,inf,,peaks,0.017317912151529835,0.021842757002786605,3.315334681985117,inf,d=+0.025 zeta=2.0%,0.02531239987183604,0.02
140030,159444.98762692578,159444.98762692578,159931.8905259176,True,False,0,0,1.0913936421275139e-11,1.8189894035458565e-12,inf,,truth,0.02338,0.023178530947607953,3.32213,inf,159782.58335134762,True,False,0,0,1.4097167877480388e-11,3.183231456205249e-12,inf,,truth,0.02371694006570402,0.023886463151549547,3.29577632302658,inf,d=+0.025 zeta=2.0%,0.02531239987183604,0.02
140031,159444.98762692578,159444.98762692578,158244.10801563563,True,False,0,0,4.092726157978177e-12,3.6834535421803594e-11,inf,,truth,0.02338,0.022415644654119524,3.32213,inf,158153.60702124765,True,False,0,0,1.1687006917782128e-10,9.094947017729282e-12,inf,,truth,0.027879923121764762,0.019859054800997908,3.328465935131701,inf,d=+0.025 zeta=2.0%,0.02531239987183604,0.02
140032,159444.98762692578,159444.98762692578,158279.41334515592,True,False,0,0,0.0,1.2460077414289117e-10,inf,,mirror,0.02338,0.01862015196329859,3.32213,inf,157837.43990326577,True,False,0,0,2.637534635141492e-11,8.185452315956354e-12,inf,,small_s,0.031130172450495076,0.016803307306107247,3.3200113248003316,inf,d=+0.025 zeta=2.0%,0.02531239987183604,0.02
140033,159444.98762692578,159444.98762692578,159727.39587724453,True,False,0,0,1.546140993013978e-11,0.0,inf,,peaks,0.02338,0.016274226006585398,3.32213,inf,158516.25123329973,True,False,0,0,8.640199666842818e-11,1.9554136088117957e-11,inf,,truth,0.03574335769941221,0.017719337819574073,3.289881446330688,inf,d=+0.025 zeta=2.0%,0.02531239987183604,0.02
140034,159444.98762692578,159444.98762692578,160209.61891727423,True,False,0,0,0.0,1.5916157281026244e-11,inf,,mirror,0.02338,0.01743804267113309,3.32213,inf,159584.30012758655,True,False,0,0,1.0913936421275139e-11,0.0,inf,,peaks,0.029100220520575676,0.02022029502804976,3.2664902466500374,inf,d=+0.025 zeta=2.0%,0.02531239987183604,0.02
140035,159444.98762692578,159444.98762692578,160022.49863657454,True,False,0,0,2.2737367544323206e-12,0.0,inf,,truth,0.02338,0.02293984772667236,3.32213,inf,160492.58505100154,True,False,0,0,0.0,2.3646862246096134e-11,inf,,mirror,0.02379994747638929,0.01985018311243272,3.3715677212550608,inf,d=+0.025 zeta=2.0%,0.02531239987183604,0.02
140036,159444.98762692578,159444.98762692578,159476.3988102702,True,False,0,0,2.1827872842550278e-11,2.1827872842550278e-11,inf,,truth,0.02338,0.016910839408229836,3.32213,inf,180598.5909204873,True,False,0,0,0.0,0.040737867314874165,0.040737867314874165,161889.96100303452,mirror,0.16859418933306353,0.01871712993612996,3.953212049147909,inf,d=+0.025 zeta=2.0%,0.02531239987183604,0.02
140037,159444.98762692578,159444.98762692578,159126.55545613827,True,False,0,0,4.0472514228895307e-11,1.6370904631912708e-11,inf,,truth,0.02338,0.02024365569347881,3.32213,inf,159011.34399396318,True,False,0,0,0.15791507614176226,0.15791507594258292,0.15791507594258292,160685.6357876791,small_s,0.022461010471773794,0.02176140615395924,3.224470025044432,inf,d=+0.025 zeta=2.0%,0.02531239987183604,0.02
140038,159444.98762692578,159444.98762692578,159099.11060183984,True,False,0,0,0.0,8.185452315956354e-12,inf,,mirror,0.02338,0.021256121307121355,3.32213,inf,158788.66324896278,True,False,0,0,0.0,2.2737367544323206e-12,inf,,mirror,0.025479465651554636,0.022243329321893865,3.285804764562291,inf,d=+0.025 zeta=2.0%,0.02531239987183604,0.02
140039,159444.98762692578,159444.98762692578,158830.64254837207,True,False,0,0,1.4551915228366852e-11,0.0,inf,,peaks,0.02338,0.019939427300127908,3.32213,inf,159334.90805224574,True,False,0,0,3.456079866737127e-11,8.185452315956354e-12,inf,,truth,0.02160246870401926,0.015255860293213826,3.367751124701573,inf,d=+0.025 zeta=2.0%,0.02531239987183604,0.02
140040,159444.98762692578,159444.98762692578,159348.44448719977,True,False,0,0,0.0,2.2737367544323206e-12,inf,,mirror,0.02338,0.018087750308881722,3.32213,inf,159349.57354299683,True,False,0,0,4.1109160520136356e-10,1.0552700541861668,1.0552700541861668,162201.49987669336,small_s,0.02253203509938657,0.018873744341497144,3.308472447699371,inf,d=+0.025 zeta=2.0%,0.02531239987183604,0.02
140041,159444.98762692578,159444.98762692578,158572.81597731262,True,False,0,0,5.729816621169448e-11,0.0,inf,,peaks,0.02338,0.01980206211345435,3.32213,inf,158700.24659422162,True,False,0,0,0.0,9.094947017729282e-13,inf,,mirror,0.02719000165318341,0.014822659023260697,3.3534833813692915,inf,d=+0.025 zeta=2.0%,0.02531239987183604,0.02
140042,159444.98762692578,159444.98762692578,159230.82592773062,True,False,0,0,5.093170329928398e-11,0.0,inf,,peaks,0.02338,0.023530044873298912,3.32213,inf,158652.90818196652,True,False,0,0,0.2180843509722763,0.0,0.2180843509722763,159515.82682676174,peaks,0.025913774851434628,0.028135884387326827,3.2105037555653713,inf,d=+0.025 zeta=2.0%,0.02531239987183604,0.02
140043,159444.98762692578,159444.98762692578,159198.67993310787,True,False,0,0,3.319655661471188e-11,1.3096723705530167e-10,inf,,truth,0.02338,0.018203944578515943,3.32213,inf,158983.84807920005,True,False,0,0,2.2737367544323206e-11,1.0913936421275139e-11,inf,,small_s,0.025285807015663544,0.0187425588559687,3.304839006823231,inf,d=+0.025 zeta=2.0%,0.02531239987183604,0.02
140044,159444.98762692578,159444.98762692578,161047.009766918,True,False,0,0,0.0,2.7284841053187847e-12,inf,,mirror,0.02338,0.019859636517478834,3.32213,inf,160595.98373652718,True,False,0,0,3.501554601825774e-11,9.549694368615746e-12,inf,,small_s,0.0284640607586282,0.019704430114408956,3.3110999341147767,inf,d=+0.025 zeta=2.0%,0.02531239987183604,0.02
140045,159444.98762692578,159444.98762692578,158895.20248129888,True,False,0,0,9.094947017729282e-13,0.0,inf,,peaks,0.02338,0.015710332414984613,3.32213,inf,158662.95981555196,True,False,0,1,2.546585164964199e-11,2.955857780762017e-11,inf,,small_s,0.025903277033112456,0.016007890709708296,3.3135486934375296,inf,d=+0.025 zeta=2.0%,0.02531239987183604,0.02
140046,159444.98762692578,159444.98762692578,160082.44023268382,True,False,0,0,1.2732925824820995e-11,1.4551915228366852e-11,inf,,truth,0.02338,0.018323922166506756,3.32213,inf,159457.73116769377,True,False,0,0,1.7280399333685637e-11,0.0,inf,,peaks,0.030089640454847823,0.01854593397199702,3.309997574046225,inf,d=+0.025 zeta=2.0%,0.02531239987183604,0.02
140047,159444.98762692578,159444.98762692578,159480.35621878915,True,False,0,0,3.637978807091713e-12,0.0,inf,,peaks,0.02338,0.023855576213106487,3.32213,inf,159482.38651028377,True,False,0,0,1.4097167877480388e-11,9.185896487906575e-11,inf,,truth,0.027075685975430055,0.020596406545455942,3.3376576154969104,inf,d=+0.025 zeta=2.0%,0.02531239987183604,0.02
140048,159444.98762692578,159444.98762692578,158837.41399891544,True,False,0,0,0.0,1.4551915228366852e-11,inf,,mirror,0.02338,0.027955768294033474,3.32213,inf,158819.05685008824,True,False,0,0,0.07690562871539441,0.07690562862353545,inf,,small_s,0.0160615680841877,0.030644149845133497,3.301542387915894,inf,d=+0.025 zeta=2.0%,0.02531239987183604,0.02
140049,159444.98762692578,159444.98762692578,159875.32995365158,True,False,0,0,0.0,2.5011104298755527e-11,inf,,mirror,0.02338,0.017422127290965414,3.32213,inf,158889.40435743856,True,False,0,0,1.4551915228366852e-11,3.337156816395691,3.337156816395691,197274.17086050002,small_s,0.03414151179002743,0.018593401758842172,3.2906273449991357,inf,d=+0.025 zeta=2.0%,0.02531239987183604,0.02
140050,159444.98762692578,159444.98762692578,160523.6668917242,True,False,0,0,2.7284841053187847e-12,0.0,inf,,peaks,0.02338,0.021211518549725857,3.32213,inf,160918.44133867315,True,False,0,0,0.0,0.21100425519489363,inf,,mirror,0.016893497031073984,0.02181293430393573,3.3350855441830283,inf,d=+0.025 zeta=2.0%,0.02531239987183604,0.02
140051,159444.98762692578,159444.98762692578,159486.57299497502,True,False,0,0,0.0,9.094947017729282e-12,inf,,mirror,0.02338,0.01684516035615155,3.32213,0.0038049101982320583,160747.09971606598,True,False,0,0,6.275513442233205e-11,0.0,2.814537163251316,158045.45211187523,peaks,0.018566422717835363,0.008997181328162409,3.4113441897260985,0.0032478120128676103,d=+0.025 zeta=2.0%,0.02531239987183604,0.02
140052,159444.98762692578,159444.98762692578,159973.46423148998,True,False,0,0,3.183231456205249e-11,2.2737367544323206e-12,inf,,truth,0.02338,0.018432930062398826,3.32213,inf,158690.62175879997,True,False,0,0,3.818546494278962,2.1373125491663814e-11,3.818546494278962,161350.58847945402,small_s,0.03728242918051956,0.020974775045188125,3.2420613741334723,inf,d=+0.025 zeta=2.0%,0.02531239987183604,0.02
140053,159444.98762692578,159444.98762692578,158770.33944439644,True,False,0,0,9.094947017729282e-12,2.7284841053187847e-12,inf,,truth,0.02338,0.02156808816350576,3.32213,inf,158616.92921144582,True,False,0,0,0.22571804939843787,0.22571804940753282,0.22571804939843787,159995.42659806166,truth,0.022693010181962934,0.02245400406563924,3.2917834817515614,inf,d=+0.025 zeta=2.0%,0.02531239987183604,0.02
140054,159444.98762692578,159444.98762692578,159625.21489605983,True,False,0,0,0.0,1.4551915228366852e-11,inf,,mirror,0.02338,0.015618349283727314,3.32213,inf,160051.55417970358,True,False,0,0,0.511334849135892,0.0,inf,,peaks,0.020680524091600497,0.012027142919013255,3.3609892162045334,inf,d=+0.025 zeta=2.0%,0.02531239987183604,0.02
140055,159444.98762692578,159444.98762692578,158618.20234717938,True,False,0,0,0.0,1.8189894035458565e-12,inf,,mirror,0.02338,0.01621654581192867,3.32213,inf,158257.36145190522,True,False,0,0,6.366462912410498e-12,3.295771240961585,3.295771240961585,194483.19592449296,truth,0.028768815994980688,0.01525801112228138,3.3238577715254998,inf,d=+0.025 zeta=2.0%,0.02531239987183604,0.02
140056,159444.98762692578,159444.98762692578,158665.48995923204,True,False,0,0,7.275957614183426e-12,0.0,inf,,peaks,0.02338,0.015641212675258143,3.32213,inf,158554.05011305824,True,False,0,0,2.0463630789890885e-11,0.0,inf,,peaks,0.02554374444875278,0.014591349824886116,3.332683622258847,inf,d=+0.025 zeta=2.0%,0.02531239987183604,0.02
140057,159444.98762692578,159444.98762692578,159020.69787493924,True,False,0,0,9.549694368615746e-12,0.0,inf,,peaks,0.02338,0.017679681436861085,3.32213,inf,158555.01330585338,True,False,0,0,3.319655661471188e-11,2.3646862246096134e-11,inf,,truth,0.028883078474301292,0.0175121926955315,3.3083858000502757,inf,d=+0.025 zeta=2.0%,0.02531239987183604,0.02
140058,159444.98762692578,159444.98762692578,160131.53092420817,True,False,0,0,5.002220859751105e-12,1.000444171950221e-11,inf,,truth,0.02338,0.02548936926662494,3.32213,inf,159618.20393129718,True,False,0,0,2.3646862246096134e-11,1.3642420526593924e-11,inf,,truth,0.03349212765330367,0.023409847913767212,3.313223767214812,inf,d=+0.025 zeta=2.0%,0.02531239987183604,0.02
140059,159444.98762692578,159444.98762692578,159690.3207428607,True,False,0,0,0.0,3.1377567211166024e-11,inf,,mirror,0.02338,0.020025914803220277,3.32213,inf,158411.8222243659,True,False,0,0,0.0,7.275957614183426e-12,inf,,mirror,0.03688224754829138,0.018635651294049288,3.2735006630857706,inf,d=+0.025 zeta=2.0%,0.02531239987183604,0.02
140060,159444.98762692578,159444.98762692578,159772.16578049536,True,False,0,0,9.094947017729282e-13,1.4870238373987377e-10,inf,,truth,0.02338,0.029473930411455136,3.32213,inf,160617.3838838716,True,False,0,0,9.094947017729282e-13,4.729372449219227e-11,inf,,small_s,0.026365782221414946,0.021863677291348024,3.401224613172832,inf,d=+0.025 zeta=2.0%,0.02531239987183604,0.02
140061,159444.98762692578,159444.98762692578,159467.1241027558,True,False,0,0,0.0,2.8194335754960775e-11,inf,,mirror,0.02338,0.015545640492065175,3.32213,inf,159047.17612459656,True,False,1,0,1.4097167877480388e-11,2.7894624305572506,2.7894624305572506,220615.64916538732,small_s,0.02805145869789285,0.015791266363432102,3.3139269653038967,inf,d=+0.025 zeta=2.0%,0.02531239987183604,0.02
140062,159444.98762692578,159444.98762692578,159699.90116683766,True,False,0,0,0.0,2.637534635141492e-11,inf,,truth,0.02338,0.01899025633944579,3.32213,inf,159641.29248036927,True,False,0,0,3.637978807091713e-12,4.547473508864641e-11,inf,,truth,0.022914287627128757,0.020300272170120624,3.300727533540733,inf,d=+0.025 zeta=2.0%,0.02531239987183604,0.02
140063,159444.98762692578,159444.98762692578,159960.62777999003,True,False,0,0,1.9099388737231493e-11,1.864464138634503e-11,inf,,truth,0.02338,0.02028419214874045,3.32213,inf,160191.62532479726,True,False,0,0,9.276845958083868e-11,1.4551915228366852e-11,inf,,small_s,0.02328180446809881,0.01550921531031241,3.363035081451504,inf,d=+0.025 zeta=2.0%,0.02531239987183604,0.02
140064,159444.98762692578,159444.98762692578,159082.90768272837,True,False,0,0,0.0,8.640199666842818e-11,inf,,mirror,0.02338,0.015984703974402187,3.32213,inf,158820.2244970629,True,False,0,0,8.86757334228605e-11,6.684786058031023e-11,inf,,small_s,0.025766050601293465,0.01699900968873105,3.2749058022018676,inf,d=+0.025 zeta=2.0%,0.02531239987183604,0.02
140065,159444.98762692578,159444.98762692578,159803.74946306122,True,False,0,0,0.0,1.864464138634503e-11,inf,,mirror,0.02338,0.018388427077543377,3.32213,inf,159960.61932875455,True,False,0,0,1.4733814168721437e-10,0.0,inf,,peaks,0.02146033233332878,0.01826356332081004,3.3283272655080793,inf,d=+0.025 zeta=2.0%,0.02531239987183604,0.02
140066,159444.98762692578,159444.98762692578,160256.9688161562,True,False,0,0,2.8194335754960775e-11,0.0,inf,,peaks,0.02338,0.020819508010264564,3.32213,inf,160294.6960238061,True,False,0,0,6.139089236967266e-11,4.092726157978177e-11,inf,,truth,0.021919556362795193,0.02168046790030042,3.3102485730356914,inf,d=+0.025 zeta=2.0%,0.02531239987183604,0.02
140067,159444.98762692578,159444.98762692578,159660.8640168334,True,False,0,0,0.0,2.7284841053187847e-12,inf,,mirror,0.02338,0.018546528298711465,3.32213,inf,159582.21605942014,True,False,0,0,1.3642420526593924e-12,1.4097167877480388e-11,inf,,small_s,0.023343591080671362,0.01959662080753843,3.297804492532944,inf,d=+0.025 zeta=2.0%,0.02531239987183604,0.02
140068,159444.98762692578,159444.98762692578,159333.87308331218,True,False,0,0,1.8189894035458565e-12,0.0,inf,,peaks,0.02338,0.018967039210095262,3.32213,inf,158733.6575655901,True,False,0,0,4.0472514228895307e-11,5.9117155615240335e-12,inf,,small_s,0.03220111871853125,0.01688084438867917,3.318853738233043,inf,d=+0.025 zeta=2.0%,0.02531239987183604,0.02
140069,159444.98762692578,159444.98762692578,159631.3019709163,True,False,0,0,1.9554136088117957e-11,0.0,inf,,truth,0.02338,0.021297563501912125,3.32213,inf,159491.04648165836,True,False,0,0,1.1368683772161603e-11,1.000444171950221e-11,inf,,truth,0.030477129328614197,0.017163850011501128,3.3398753464173274,inf,d=+0.025 zeta=2.0%,0.02531239987183604,0.02
140070,159444.98762692578,159444.98762692578,159728.3406107739,True,False,0,0,3.183231456205249e-12,4.092726157978177e-12,inf,,truth,0.02338,0.022501113641921137,3.32213,inf,160509.69399802593,True,False,0,0,6.366462912410498e-12,1.2732925824820995e-11,inf,,truth,0.026077232895476168,0.01455892582008806,3.3873260498960582,inf,d=+0.025 zeta=2.0%,0.02531239987183604,0.02
140071,159444.98762692578,159444.98762692578,160011.19989548498,True,False,0,0,1.2732925824820995e-11,6.366462912410498e-12,inf,,truth,0.02338,0.019990257005245097,3.32213,inf,159772.2184241746,True,False,0,0,2.3646862246096134e-11,1.2962566014216463,1.2962566014216463,178077.259825948,truth,0.025626998010568783,0.020156536069167924,3.3005719840251753,inf,d=+0.025 zeta=2.0%,0.02531239987183604,0.02
140072,159444.98762692578,159444.98762692578,158046.01627113356,True,False,0,0,3.637978807091713e-11,0.0,inf,,peaks,0.02338,0.019086288665193126,3.32213,inf,157769.0184379202,True,False,0,0,2.6830093702301383e-11,0.0,inf,,peaks,0.024751486184647543,0.019713273095147345,3.2886428652612913,inf,d=+0.025 zeta=2.0%,0.02531239987183604,0.02
140073,159444.98762692578,159444.98762692578,158590.7448676576,True,False,0,2,0.0,2.2282620193436742e-11,inf,,mirror,0.02338,0.029561513444993904,3.32213,inf,156737.6112664362,True,False,0,0,0.9594351288824328,0.9594351289292717,0.9594351288710641,160106.63908321795,small_s,0.03862925478120199,0.03431295252530142,3.1934163258342454,0.005382597504969965,d=+0.025 zeta=2.0%,0.02531239987183604,0.02
140074,159444.98762692578,159444.98762692578,158846.56361700347,True,False,0,0,2.2737367544323206e-12,5.002220859751105e-12,inf,,truth,0.02338,0.01123650859055314,3.32213,0.0033469228938283893,159133.83740108192,True,False,0,0,1.8189894035458565e-12,3.092281986027956e-11,inf,,truth,0.02008223708551805,0.010731477341401606,3.330491863790244,0.006451611061202562,d=+0.025 zeta=2.0%,0.02531239987183604,0.02
140075,159444.98762692578,159444.98762692578,159768.22109369078,True,False,0,0,5.9117155615240335e-12,0.0,inf,,peaks,0.02338,0.021513202220815347,3.32213,inf,159662.495315542,True,False,0,0,0.0,1.8189894035458565e-12,inf,,mirror,0.028620951755287914,0.015206197189945534,3.3522182097311224,inf,d=+0.025 zeta=2.0%,0.02531239987183604,0.02
140076,159444.98762692578,159444.98762692578,159293.6503127127,True,False,0,0,0.0,5.4569682106375694e-12,inf,,mirror,0.02338,0.01713416405320983,3.32213,inf,158635.364432507,True,False,0,0,0.0,1.6370904631912708e-11,inf,,truth,0.03052398006703049,0.016895435995214363,3.3042558849848556,inf,d=+0.025 zeta=2.0%,0.02531239987183604,0.02
140077,159444.98762692578,159444.98762692578,160187.38309145736,True,False,0,0,0.0,4.547473508864641e-12,inf,,mirror,0.02338,0.018747705699845116,3.32213,inf,160026.45847835857,True,False,0,0,2.9103830456733704e-11,1.6946290626274276,1.6946290626274276,162170.40539453182,small_s,0.025459270627518547,0.018456522392824602,3.3217900231832114,inf,d=+0.025 zeta=2.0%,0.02531239987183604,0.02
140078,159444.98762692578,159444.98762692578,159392.25175886904,True,False,0,0,1.3642420526593924e-12,7.73070496506989e-12,inf,,truth,0.02338,0.02398957786032933,3.32213,inf,159279.95334285387,True,False,0,0,5.002220859751105e-12,0.0,inf,,peaks,0.027172347908342963,0.022412357806767397,3.325604408272224,inf,d=+0.025 zeta=2.0%,0.02531239987183604,0.02
140079,159444.98762692578,159444.98762692578,157418.41125143445,True,False,0,0,2.2919266484677792e-10,1.5652403817512095e-09,inf,,truth,0.02338,0.03854740402141466,3.32213,inf,156964.97324116406,True,False,0,0,4.14261603509658e-06,6.247089459066046e-06,inf,,truth,0.030308212694590803,0.03794114722580484,3.2541750658689805,0.005661579576620608,d=+0.025 zeta=2.0%,0.02531239987183604,0.02
140080,159444.98762692578,159444.98762692578,158574.57381327415,True,False,0,0,3.183231456205249e-11,5.4569682106375694e-12,inf,,truth,0.02338,0.013960733792291326,3.32213,inf,158536.44849429635,True,False,1,0,4.547473508864641e-12,5.6120901822878295,5.6120901822878295,220615.64916538732,truth,0.02422376739323329,0.010225693033670356,3.3522853571755507,inf,d=+0.025 zeta=2.0%,0.02531239987183604,0.02
140081,159444.98762692578,159444.98762692578,159850.38171729466,True,False,0,0,5.4569682106375694e-12,0.0,inf,,truth,0.02338,0.0197284792284035,3.32213,inf,159871.14907693508,True,False,0,0,0.0,1.5006662579253316e-11,inf,,mirror,0.026414744167966398,0.0159205357130601,3.350493024573599,inf,d=+0.025 zeta=2.0%,0.02531239987183604,0.02
140082,159444.98762692578,159444.98762692578,159268.2828037629,True,False,0,0,3.1377567211166024e-11,1.4551915228366852e-11,inf,,truth,0.02338,0.020765924574322848,3.32213,inf,158718.67010502674,True,False,0,0,1.9554136088117957e-11,5.547917680814862e-11,inf,,truth,0.029028130465228563,0.021702224325999237,3.27628897344025,inf,d=+0.025 zeta=2.0%,0.02531239987183604,0.02
140083,159444.98762692578,159444.98762692578,160861.57291632108,True,False,0,0,0.0,1.000444171950221e-11,inf,,mirror,0.02338,0.02300547012995187,3.32213,inf,161910.76046277356,True,False,0,0,1.5506884665228426e-10,4.547473508864641e-13,inf,,small_s,0.025811395938338033,0.013682467144156158,3.404439379933559,inf,d=+0.025 zeta=2.0%,0.02531239987183604,0.02
140084,159444.98762692578,159444.98762692578,158795.29021021817,True,False,0,0,1.546140993013978e-11,2.2737367544323206e-12,inf,,truth,0.02338,0.02400214354023124,3.32213,inf,157535.46451488676,True,False,0,0,0.0,2.637534635141492e-11,inf,,mirror,0.03648759359247654,0.02623345906134657,3.2512721184886058,inf,d=+0.025 zeta=2.0%,0.02531239987183604,0.02
140085,159444.98762692578,159444.98762692578,158676.6931336071,True,False,0,0,1.8189894035458565e-11,3.54702933691442e-11,inf,,truth,0.02338,0.01876481260661428,3.32213,inf,158403.6116426394,True,False,0,0,4.547473508864641e-12,0.0,inf,,peaks,0.02582353606841068,0.019764549894896073,3.2941959041498827,inf,d=+0.025 zeta=2.0%,0.02531239987183604,0.02
140086,159444.98762692578,159444.98762692578,159716.8446589883,True,False,0,0,1.1823431123048067e-11,6.366462912410498e-12,inf,,truth,0.02338,0.025559621204768936,3.32213,inf,159679.4515087784,True,False,0,0,2.1373125491663814e-11,0.0,inf,,peaks,0.02790131566181995,0.022973041373977283,3.332502086795595,inf,d=+0.025 zeta=2.0%,0.02531239987183604,0.02
140087,159444.98762692578,159444.98762692578,159637.54957598966,True,False,0,0,0.0,2.7284841053187847e-12,inf,,mirror,0.02338,0.020496631214470398,3.32213,inf,160644.1689483123,True,False,0,0,5.4569682106375694e-11,7.867129170335829e-11,inf,,truth,0.022073572459126244,0.015638728056982874,3.3993392617322824,inf,d=+0.025 zeta=2.0%,0.02531239987183604,0.02
140088,159444.98762692578,159444.98762692578,159361.38255029908,True,False,0,0,0.0,1.77351466845721e-11,inf,,mirror,0.02338,0.014058889182676943,3.32213,inf,159195.4895063656,True,False,0,0,2.2737367544323206e-12,2.7284841053187847e-12,inf,,small_s,0.025499852115764658,0.013969205028090842,3.3199953966935616,inf,d=+0.025 zeta=2.0%,0.02531239987183604,0.02
140089,159444.98762692578,159444.98762692578,159169.57890322423,True,False,0,0,1.5916157281026244e-11,1.0459189070388675e-11,inf,,truth,0.02338,0.027842629362589102,3.32213,inf,159175.65074621892,True,False,0,0,1.318767317570746e-11,0.0,0.5366077333787871,157196.2064684589,peaks,0.03044401270591504,0.023654542861069855,3.333635048329539,inf,d=+0.025 zeta=2.0%,0.02531239987183604,0.02
140090,159444.98762692578,159444.98762692578,159305.41400054435,True,False,0,0,4.4565240386873484e-11,0.0,inf,,peaks,0.02338,0.022117353261439432,3.32213,inf,160499.56377761034,True,False,0,0,5.184119800105691e-11,2.091837814077735e-11,inf,,truth,0.020911840589001637,0.01766376690039928,3.4213629899144324,inf,d=+0.025 zeta=2.0%,0.02531239987183604,0.02
140091,159444.98762692578,159444.98762692578,159087.40338592735,True,False,0,0,7.275957614183426e-12,0.0,inf,,peaks,0.02338,0.015228621055821704,3.32213,inf,158151.7476757763,True,False,0,0,3.9108272176235914e-11,0.0,inf,,peaks,0.03261975088450535,0.016003688630909722,3.296414652903081,inf,d=+0.025 zeta=2.0%,0.02531239987183604,0.02
140092,159444.98762692578,159444.98762692578,160667.0322416027,True,False,0,0,0.0,7.275957614183426e-12,inf,,mirror,0.02338,0.02139485739300519,3.32213,inf,160697.28320387768,True,False,0,0,8.276401786133647e-11,1.3642420526593924e-11,inf,,small_s,0.026262931542122905,0.015844672836330467,3.3572947752448963,inf,d=+0.025 zeta=2.0%,0.02531239987183604,0.02
140093,159444.98762692578,159444.98762692578,158892.76005818052,True,False,0,0,1.2278178473934531e-11,1.8189894035458565e-11,inf,,truth,0.02338,0.01919802307125399,3.32213,inf,158831.03002827242,True,False,0,0,4.865796654485166e-11,0.0,inf,,peaks,0.025231377706065084,0.018270941117657438,3.3280881706075736,inf,d=+0.025 zeta=2.0%,0.02531239987183604,0.02
140094,159444.98762692578,159444.98762692578,159274.39667016172,True,False,0,0,0.0,4.092726157978177e-12,inf,,mirror,0.02338,0.018460955603995594,3.32213,inf,159458.45297349693,True,False,0,0,5.002220859751105e-12,2.864908310584724e-11,inf,,truth,0.02304084870290814,0.017041593421921002,3.3455329400485305,inf,d=+0.025 zeta=2.0%,0.02531239987183604,0.02
140095,159444.98762692578,159444.98762692578,158574.8244347112,True,False,0,0,1.1368683772161603e-11,0.0,inf,,peaks,0.02338,0.021050071450746756,3.32213,inf,158078.8993308134,True,False,0,0,0.0,4.001776687800884e-11,inf,,mirror,0.031669868320369575,0.019703670015769607,3.3073710908400815,inf,d=+0.025 zeta=2.0%,0.02531239987183604,0.02
140096,159444.98762692578,159444.98762692578,159621.0740246906,True,False,0,0,2.2737367544323206e-12,0.0,inf,,peaks,0.02338,0.01753139620382616,3.32213,inf,159767.02014494027,True,False,0,0,0.0,4.5929482439532876e-10,inf,,mirror,0.02079312447260096,0.018269814208202558,3.3090018964080756,inf,d=+0.025 zeta=2.0%,0.02531239987183604,0.02
140097,159444.98762692578,159444.98762692578,158645.02423404346,True,False,0,0,0.0,3.456079866737127e-11,inf,,mirror,0.02338,0.01976552537717854,3.32213,inf,158079.51857305513,True,False,0,0,0.0,4.547473508864641e-13,inf,,mirror,0.027585206885097708,0.02225726077974791,3.2795489034065217,inf,d=+0.025 zeta=2.0%,0.02531239987183604,0.02
140098,159444.98762692578,159444.98762692578,159890.67763069272,True,False,0,0,2.7284841053187847e-11,0.0,inf,,peaks,0.02338,0.014842563007052664,3.32213,inf,159308.12268341475,True,False,0,0,0.0,3.1603108591866658,3.1603108591866658,184071.39460156017,mirror,0.029391394091368515,0.014994115444513532,3.3196016012725664,inf,d=+0.025 zeta=2.0%,0.02531239987183604,0.02
140099,159444.98762692578,159444.98762692578,159771.63649399538,True,False,0,0,0.0,1.5916157281026244e-11,inf,,mirror,0.02338,0.014170082174087651,3.32213,inf,159279.19876695157,True,False,0,0,2.2737367544323206e-11,0.0,inf,,peaks,0.028678162266762317,0.014374396373087357,3.3096757529748273,inf,d=+0.025 zeta=2.0%,0.02531239987183604,0.02
