slice,case,T_true,estimator,sigma_s,rep,err_pct,Z
0,T0,132000.0,string_n1,0.0,-1,-0.1898370089557085,
0,T0,132000.0,multi_iso,0.0,-1,0.0023280549346633,
0,T0,132000.0,shapefit,0.0,-1,4.7453663269565864e-08,3163397.4910595436
0,T0,132000.0,pinn_free,0.0,-1,0.0005398847340653,3166545.7586617144
0,T0,132000.0,pinn_free,0.0,-2,0.0002496093331005,3167184.776155201
0,T0,132000.0,pinn_free,0.0,-3,0.0005077602105412,3168319.56879917
0,T0,132000.0,string_n1,0.005,0,0.0044406670048677,
0,T0,132000.0,multi_iso,0.005,0,0.1817692421712501,
0,T0,132000.0,shapefit,0.005,0,0.3627641334607633,
0,T0,132000.0,string_n1,0.005,1,0.8044126883491558,
0,T0,132000.0,multi_iso,0.005,1,-0.0366875138339695,
0,T0,132000.0,shapefit,0.005,1,1.9581215723561016,
0,T0,132000.0,string_n1,0.005,2,-1.1223984937221152,
0,T0,132000.0,multi_iso,0.005,2,0.231659524585892,
0,T0,132000.0,shapefit,0.005,2,-1.0871917042819514,
0,T0,132000.0,string_n1,0.005,3,0.2084758695094603,
0,T0,132000.0,multi_iso,0.005,3,-0.1665292520569258,
0,T0,132000.0,shapefit,0.005,3,0.6513913840605131,
0,T0,132000.0,string_n1,0.005,4,-0.7505791653217095,
0,T0,132000.0,multi_iso,0.005,4,0.1522264226675774,
0,T0,132000.0,shapefit,0.005,4,-0.1658147866882659,
0,T0,132000.0,string_n1,0.005,5,-0.3115083969633402,
0,T0,132000.0,multi_iso,0.005,5,0.0433348182232514,
0,T0,132000.0,shapefit,0.005,5,-0.5771977441455061,
0,T0,132000.0,string_n1,0.005,6,-0.0694745935638352,
0,T0,132000.0,multi_iso,0.005,6,0.1120384700722228,
0,T0,132000.0,shapefit,0.005,6,0.9345247488094724,
0,T0,132000.0,string_n1,0.005,7,-0.183036433475376,
0,T0,132000.0,multi_iso,0.005,7,0.0418889450602309,
0,T0,132000.0,shapefit,0.005,7,0.732569262279426,
0,T0,132000.0,string_n1,0.005,8,-0.1920667880112005,
0,T0,132000.0,multi_iso,0.005,8,-0.3197886700239685,
0,T0,132000.0,shapefit,0.005,8,0.4950399889039655,
0,T0,132000.0,string_n1,0.005,9,-0.1050305337677524,
0,T0,132000.0,multi_iso,0.005,9,0.1590592213146561,
0,T0,132000.0,shapefit,0.005,9,-1.1676430616962148,
0,T0,132000.0,string_n1,0.005,10,0.0260717623351603,
0,T0,132000.0,multi_iso,0.005,10,-0.151347908332801,
0,T0,132000.0,shapefit,0.005,10,0.2364943082702556,
0,T0,132000.0,string_n1,0.005,11,-0.0542670648704656,
0,T0,132000.0,multi_iso,0.005,11,0.370751243281627,
0,T0,132000.0,shapefit,0.005,11,0.2408618406663167,
0,T0,132000.0,string_n1,0.005,12,0.5387184822625855,
0,T0,132000.0,multi_iso,0.005,12,0.0930600866364054,
0,T0,132000.0,shapefit,0.005,12,0.6394493060778945,
0,T0,132000.0,string_n1,0.005,13,0.9361608016106676,
0,T0,132000.0,multi_iso,0.005,13,0.2228986625018341,
0,T0,132000.0,shapefit,0.005,13,1.519307371526476,
0,T0,132000.0,string_n1,0.005,14,0.4664099704019133,
0,T0,132000.0,multi_iso,0.005,14,0.1803984581515771,
0,T0,132000.0,shapefit,0.005,14,0.7667149130775986,
0,T0,132000.0,string_n1,0.005,15,0.4123861764090675,
0,T0,132000.0,multi_iso,0.005,15,-0.5321905591531091,
0,T0,132000.0,shapefit,0.005,15,0.4402546985665553,
0,T0,132000.0,string_n1,0.005,16,-0.1534703283596724,
0,T0,132000.0,multi_iso,0.005,16,-0.0774450056637182,
0,T0,132000.0,shapefit,0.005,16,0.7143510551165629,
0,T0,132000.0,string_n1,0.005,17,-0.1915578575032255,
0,T0,132000.0,multi_iso,0.005,17,-0.5630999308664204,
0,T0,132000.0,shapefit,0.005,17,-0.0423806814964998,
0,T0,132000.0,string_n1,0.005,18,-0.1714939869631824,
0,T0,132000.0,multi_iso,0.005,18,-0.2422113645401788,
0,T0,132000.0,shapefit,0.005,18,0.9424503380270448,
0,T0,132000.0,string_n1,0.005,19,-0.8178007946512728,
0,T0,132000.0,multi_iso,0.005,19,0.0752871530962831,
0,T0,132000.0,shapefit,0.005,19,-0.5654081920435243,
0,T0,132000.0,string_n1,0.005,20,-0.4272098149923047,
0,T0,132000.0,multi_iso,0.005,20,0.1760139457581593,
0,T0,132000.0,shapefit,0.005,20,-0.8449232713539183,
0,T0,132000.0,string_n1,0.005,21,0.1257499416388754,
0,T0,132000.0,multi_iso,0.005,21,-0.1005291531337592,
0,T0,132000.0,shapefit,0.005,21,0.6542115959845295,
0,T0,132000.0,string_n1,0.005,22,-0.0116634312017677,
0,T0,132000.0,multi_iso,0.005,22,-0.1790892775771543,
0,T0,132000.0,shapefit,0.005,22,-0.4018591375852173,
0,T0,132000.0,string_n1,0.005,23,-0.1249130207237392,
0,T0,132000.0,multi_iso,0.005,23,0.203921561857472,
0,T0,132000.0,shapefit,0.005,23,1.309177253511117,
0,T0,132000.0,string_n1,0.005,24,-0.4800044374668549,
0,T0,132000.0,multi_iso,0.005,24,0.0349400137151833,
0,T0,132000.0,shapefit,0.005,24,0.5542253438393263,
0,T0,132000.0,string_n1,0.005,25,-0.4044643105725602,
0,T0,132000.0,multi_iso,0.005,25,0.0349204242565699,
0,T0,132000.0,shapefit,0.005,25,0.115293054278917,
0,T0,132000.0,string_n1,0.005,26,-0.5337875270683347,
0,T0,132000.0,multi_iso,0.005,26,0.4653390472763876,
0,T0,132000.0,shapefit,0.005,26,-0.7430430564324276,
0,T0,132000.0,string_n1,0.005,27,-0.0667028267357223,
0,T0,132000.0,multi_iso,0.005,27,-0.0475165768602561,
0,T0,132000.0,shapefit,0.005,27,0.5026217276064651,
0,T0,132000.0,string_n1,0.005,28,-0.4531239242989668,
0,T0,132000.0,multi_iso,0.005,28,-0.2769685318751946,
0,T0,132000.0,shapefit,0.005,28,-0.968617356568619,
0,T0,132000.0,string_n1,0.005,29,-0.1647174712506636,
0,T0,132000.0,multi_iso,0.005,29,-0.1481914277723152,
0,T0,132000.0,shapefit,0.005,29,-1.1957558283034648,
0,T0,132000.0,string_n1,0.005,30,-0.1091734438459918,
0,T0,132000.0,multi_iso,0.005,30,0.0785248794318415,
0,T0,132000.0,shapefit,0.005,30,-0.7263536365336415,
0,T0,132000.0,string_n1,0.005,31,-0.0509510486436104,
0,T0,132000.0,multi_iso,0.005,31,0.0400749085511603,
0,T0,132000.0,shapefit,0.005,31,0.0728878156791986,
0,T0,132000.0,string_n1,0.005,32,-0.3426403393585078,
0,T0,132000.0,multi_iso,0.005,32,0.0446021421412738,
0,T0,132000.0,shapefit,0.005,32,0.4594436145128963,
0,T0,132000.0,string_n1,0.005,33,-0.3415771526359039,
0,T0,132000.0,multi_iso,0.005,33,0.1245855301872132,
0,T0,132000.0,shapefit,0.005,33,-0.2432718135799708,
0,T0,132000.0,string_n1,0.005,34,-0.4201680645640325,
0,T0,132000.0,multi_iso,0.005,34,-0.1601935342710931,
0,T0,132000.0,shapefit,0.005,34,-0.3798390220661972,
0,T0,132000.0,string_n1,0.005,35,-1.0613025455076155,
0,T0,132000.0,multi_iso,0.005,35,-0.1413743162831727,
0,T0,132000.0,shapefit,0.005,35,-0.6975741512107506,
0,T0,132000.0,string_n1,0.005,36,-0.2773967173039141,
0,T0,132000.0,multi_iso,0.005,36,0.0205037595809368,
0,T0,132000.0,shapefit,0.005,36,0.0802661042861335,
0,T0,132000.0,string_n1,0.005,37,-0.8040440141927706,
0,T0,132000.0,multi_iso,0.005,37,0.561130505843043,
0,T0,132000.0,shapefit,0.005,37,-1.0001832363284904,
0,T0,132000.0,string_n1,0.005,38,0.0268904175754207,
0,T0,132000.0,multi_iso,0.005,38,0.0283269830468987,
0,T0,132000.0,shapefit,0.005,38,-0.0164249361863546,
0,T0,132000.0,string_n1,0.005,39,-0.6338149102602928,
0,T0,132000.0,multi_iso,0.005,39,-0.0117320767003437,
0,T0,132000.0,shapefit,0.005,39,-0.0728904575450569,
0,T0,132000.0,string_n1,0.005,40,1.105041755875661,
0,T0,132000.0,multi_iso,0.005,40,-0.4532881056949642,
0,T0,132000.0,shapefit,0.005,40,1.007623336267826,
0,T0,132000.0,string_n1,0.005,41,0.0099784245098514,
0,T0,132000.0,multi_iso,0.005,41,0.397855577057679,
0,T0,132000.0,shapefit,0.005,41,-0.4300883564270572,
0,T0,132000.0,string_n1,0.005,42,-0.0373106007039358,
0,T0,132000.0,multi_iso,0.005,42,0.180178386641571,
0,T0,132000.0,shapefit,0.005,42,-0.0418510910518031,
0,T0,132000.0,string_n1,0.005,43,-0.0611135518574111,
0,T0,132000.0,multi_iso,0.005,43,0.1678850368698476,
0,T0,132000.0,shapefit,0.005,43,0.3396994799247874,
0,T0,132000.0,string_n1,0.005,44,0.4580560107917831,
0,T0,132000.0,multi_iso,0.005,44,0.1518800226975475,
0,T0,132000.0,shapefit,0.005,44,1.6326003479971516,
0,T0,132000.0,string_n1,0.005,45,-0.3052412589848576,
0,T0,132000.0,multi_iso,0.005,45,0.4571002577456635,
0,T0,132000.0,shapefit,0.005,45,0.251244765287177,
0,T0,132000.0,string_n1,0.005,46,-0.8513547574402874,
0,T0,132000.0,multi_iso,0.005,46,0.0683767373396249,
0,T0,132000.0,shapefit,0.005,46,-0.5404430554447489,
0,T0,132000.0,string_n1,0.005,47,-0.533000136223806,
0,T0,132000.0,multi_iso,0.005,47,0.4194404950193447,
0,T0,132000.0,shapefit,0.005,47,0.5200030567496442,
0,T0,132000.0,string_n1,0.005,48,-0.2239365874116519,
0,T0,132000.0,multi_iso,0.005,48,0.305636294965238,
0,T0,132000.0,shapefit,0.005,48,1.027033114466317,
0,T0,132000.0,string_n1,0.005,49,-0.0449185615616884,
0,T0,132000.0,multi_iso,0.005,49,-0.3533968263783952,
0,T0,132000.0,shapefit,0.005,49,1.1785100995702538,
0,T0,132000.0,string_n1,0.005,50,-0.6386422983094896,
0,T0,132000.0,multi_iso,0.005,50,0.080050524617047,
0,T0,132000.0,shapefit,0.005,50,-1.0515075102280014,
0,T0,132000.0,string_n1,0.005,51,-0.2142030039278986,
0,T0,132000.0,multi_iso,0.005,51,-0.1052759861350006,
0,T0,132000.0,shapefit,0.005,51,0.2834539316411599,
0,T0,132000.0,string_n1,0.005,52,0.1185182442924997,
0,T0,132000.0,multi_iso,0.005,52,-0.0606351667480449,
0,T0,132000.0,shapefit,0.005,52,1.582616132836009,
0,T0,132000.0,string_n1,0.005,53,-0.2424478945797918,
0,T0,132000.0,multi_iso,0.005,53,0.2407204278036343,
0,T0,132000.0,shapefit,0.005,53,-0.7355430613338038,
0,T0,132000.0,string_n1,0.005,54,-0.1731351702510217,
0,T0,132000.0,multi_iso,0.005,54,-0.048309635752252,
0,T0,132000.0,shapefit,0.005,54,-0.8435539452811182,
0,T0,132000.0,string_n1,0.005,55,-0.8013799435715169,
0,T0,132000.0,multi_iso,0.005,55,0.3476088667261964,
0,T0,132000.0,shapefit,0.005,55,-1.3053124020699298,
0,T0,132000.0,string_n1,0.005,56,-0.4328993618049108,
0,T0,132000.0,multi_iso,0.005,56,-0.0905369778748012,
0,T0,132000.0,shapefit,0.005,56,0.3507016485368226,
0,T0,132000.0,string_n1,0.005,57,-0.323336337410508,
0,T0,132000.0,multi_iso,0.005,57,0.1003461193049478,
0,T0,132000.0,shapefit,0.005,57,-0.382578570478235,
0,T0,132000.0,string_n1,0.005,58,-0.3342284503256175,
0,T0,132000.0,multi_iso,0.005,58,-0.0922627926608997,
0,T0,132000.0,shapefit,0.005,58,-0.3727190103748757,
0,T0,132000.0,string_n1,0.005,59,-0.4139733265910983,
0,T0,132000.0,multi_iso,0.005,59,-0.2089603092545241,
0,T0,132000.0,shapefit,0.005,59,-1.5930740029364008,
0,T0,132000.0,string_n1,0.005,60,0.0635344276885779,
0,T0,132000.0,multi_iso,0.005,60,-0.1164858788652936,
0,T0,132000.0,shapefit,0.005,60,0.8682369477625991,
0,T0,132000.0,string_n1,0.005,61,-0.1557325080215929,
0,T0,132000.0,multi_iso,0.005,61,0.0067161698217563,
0,T0,132000.0,shapefit,0.005,61,0.0510557554793194,
0,T0,132000.0,string_n1,0.005,62,-0.4641601128259825,
0,T0,132000.0,multi_iso,0.005,62,-0.2054161184395277,
0,T0,132000.0,shapefit,0.005,62,1.0314559538700312,
0,T0,132000.0,string_n1,0.005,63,-0.4403711778153427,
0,T0,132000.0,multi_iso,0.005,63,-0.1751289639945863,
0,T0,132000.0,shapefit,0.005,63,-1.1900434741796662,
0,T0,132000.0,string_n1,0.005,64,-0.5846648903790276,
0,T0,132000.0,multi_iso,0.005,64,0.2782485815881183,
0,T0,132000.0,shapefit,0.005,64,0.088902881149812,
0,T0,132000.0,string_n1,0.005,65,0.4120306234878433,
0,T0,132000.0,multi_iso,0.005,65,-0.0639543440524765,
0,T0,132000.0,shapefit,0.005,65,1.1956505450632628,
0,T0,132000.0,string_n1,0.005,66,-0.2208563446646043,
0,T0,132000.0,multi_iso,0.005,66,0.0445713597131543,
0,T0,132000.0,shapefit,0.005,66,-0.5508462397427965,
0,T0,132000.0,string_n1,0.005,67,0.3229077145038349,
0,T0,132000.0,multi_iso,0.005,67,-0.0187510033442143,
0,T0,132000.0,shapefit,0.005,67,1.0610630228086269,
0,T0,132000.0,string_n1,0.005,68,-0.4476834147176828,
0,T0,132000.0,multi_iso,0.005,68,0.2107556737678048,
0,T0,132000.0,shapefit,0.005,68,-0.966090047902286,
0,T0,132000.0,string_n1,0.005,69,0.1011299967240395,
0,T0,132000.0,multi_iso,0.005,69,0.0004496480417649,
0,T0,132000.0,shapefit,0.005,69,-0.0111576632944695,
0,T0,132000.0,string_n1,0.005,70,-0.4766172750401451,
0,T0,132000.0,multi_iso,0.005,70,0.0950932668350243,
0,T0,132000.0,shapefit,0.005,70,0.0555038902975149,
0,T0,132000.0,string_n1,0.005,71,-1.160405421760185,
0,T0,132000.0,multi_iso,0.005,71,-0.0962761503650461,
0,T0,132000.0,shapefit,0.005,71,-0.6816980151706296,
0,T0,132000.0,string_n1,0.005,72,-0.5473567328194666,
0,T0,132000.0,multi_iso,0.005,72,-0.0182815874691269,
0,T0,132000.0,shapefit,0.005,72,-0.6624696150922152,
0,T0,132000.0,string_n1,0.005,73,0.2303130093391563,
0,T0,132000.0,multi_iso,0.005,73,0.3648567928286811,
0,T0,132000.0,shapefit,0.005,73,1.1283855197668755,
0,T0,132000.0,string_n1,0.005,74,0.1531239327232028,
0,T0,132000.0,multi_iso,0.005,74,0.1624431377214822,
0,T0,132000.0,shapefit,0.005,74,-0.3241350522345094,
0,T0,132000.0,string_n1,0.005,75,0.4197291089823314,
0,T0,132000.0,multi_iso,0.005,75,0.5517983454031558,
0,T0,132000.0,shapefit,0.005,75,-0.323164921698635,
0,T0,132000.0,string_n1,0.005,76,-0.4577327500183442,
0,T0,132000.0,multi_iso,0.005,76,0.0710883077989847,
0,T0,132000.0,shapefit,0.005,76,-1.3347252424313576,
0,T0,132000.0,string_n1,0.005,77,-1.1185678590833987,
0,T0,132000.0,multi_iso,0.005,77,0.2406229852645386,
0,T0,132000.0,shapefit,0.005,77,-1.384100634803359,
0,T0,132000.0,string_n1,0.005,78,-0.5317357604582371,
0,T0,132000.0,multi_iso,0.005,78,0.0779500922080566,
0,T0,132000.0,shapefit,0.005,78,-1.1111609805930185,
0,T0,132000.0,string_n1,0.005,79,-0.7488735208438866,
0,T0,132000.0,multi_iso,0.005,79,0.0328850106746496,
0,T0,132000.0,shapefit,0.005,79,0.2622727819808377,
0,T0,132000.0,string_n1,0.005,80,-0.1557019213340413,
0,T0,132000.0,multi_iso,0.005,80,0.0303169987190675,
0,T0,132000.0,shapefit,0.005,80,0.238556329529467,
0,T0,132000.0,string_n1,0.005,81,0.0093865138856265,
0,T0,132000.0,multi_iso,0.005,81,0.502430129294887,
0,T0,132000.0,shapefit,0.005,81,-0.3956853339632895,
0,T0,132000.0,string_n1,0.005,82,0.0742007475720487,
0,T0,132000.0,multi_iso,0.005,82,-0.0971992924662834,
0,T0,132000.0,shapefit,0.005,82,-0.3725269643053197,
0,T0,132000.0,string_n1,0.005,83,0.0450453532373957,
0,T0,132000.0,multi_iso,0.005,83,0.1234939796792539,
0,T0,132000.0,shapefit,0.005,83,0.5388536354327119,
0,T0,132000.0,string_n1,0.005,84,-0.171821806210849,
0,T0,132000.0,multi_iso,0.005,84,-0.1750950677890311,
0,T0,132000.0,shapefit,0.005,84,0.1468242991840904,
0,T0,132000.0,string_n1,0.005,85,-0.8497073434860904,
0,T0,132000.0,multi_iso,0.005,85,0.0696012106956032,
0,T0,132000.0,shapefit,0.005,85,-1.1540062659882095,
0,T0,132000.0,string_n1,0.005,86,-0.4720777091557631,
0,T0,132000.0,multi_iso,0.005,86,0.1429514571888307,
0,T0,132000.0,shapefit,0.005,86,-1.5406275055160443,
0,T0,132000.0,string_n1,0.005,87,0.2397155363659487,
0,T0,132000.0,multi_iso,0.005,87,0.3292468219834766,
0,T0,132000.0,shapefit,0.005,87,0.3808716730388837,
0,T0,132000.0,string_n1,0.005,88,-0.2160332323618852,
0,T0,132000.0,multi_iso,0.005,88,-0.3062460634741001,
0,T0,132000.0,shapefit,0.005,88,0.3462314143795855,
0,T0,132000.0,string_n1,0.005,89,-0.7407837769755133,
0,T0,132000.0,multi_iso,0.005,89,0.0274081955688994,
0,T0,132000.0,shapefit,0.005,89,-0.3401221892413256,
0,T0,132000.0,string_n1,0.005,90,-0.1905557970924057,
0,T0,132000.0,multi_iso,0.005,90,-0.4117021351211323,
0,T0,132000.0,shapefit,0.005,90,-0.4350589738516701,
0,T0,132000.0,string_n1,0.005,91,0.0559161913231946,
0,T0,132000.0,multi_iso,0.005,91,0.1252540010564685,
0,T0,132000.0,shapefit,0.005,91,1.1040496903101016,
0,T0,132000.0,string_n1,0.005,92,-0.3907946207946665,
0,T0,132000.0,multi_iso,0.005,92,0.2353518633055059,
0,T0,132000.0,shapefit,0.005,92,-0.6918332847853008,
0,T0,132000.0,string_n1,0.005,93,-0.6351238233308046,
0,T0,132000.0,multi_iso,0.005,93,-0.4349340108444845,
0,T0,132000.0,shapefit,0.005,93,-0.2578974047781781,
0,T0,132000.0,string_n1,0.005,94,0.5201444858091594,
0,T0,132000.0,multi_iso,0.005,94,-0.0496550226097028,
0,T0,132000.0,shapefit,0.005,94,1.3334687228878797,
0,T0,132000.0,string_n1,0.005,95,0.4146331575130964,
0,T0,132000.0,multi_iso,0.005,95,0.0453853860186372,
0,T0,132000.0,shapefit,0.005,95,2.0306040509429075,
0,T0,132000.0,string_n1,0.005,96,-0.4166916033497149,
0,T0,132000.0,multi_iso,0.005,96,0.3578655747489062,
0,T0,132000.0,shapefit,0.005,96,-0.561329345239254,
0,T0,132000.0,string_n1,0.005,97,-0.3305208253690966,
0,T0,132000.0,multi_iso,0.005,97,0.1995691192750889,
0,T0,132000.0,shapefit,0.005,97,0.5434902270488788,
0,T0,132000.0,string_n1,0.005,98,-0.3469990186642628,
0,T0,132000.0,multi_iso,0.005,98,-0.1440032100507365,
0,T0,132000.0,shapefit,0.005,98,0.0519277636430078,
0,T0,132000.0,string_n1,0.005,99,-0.1340058473491367,
0,T0,132000.0,multi_iso,0.005,99,-0.3238181304146675,
0,T0,132000.0,shapefit,0.005,99,-1.7045295398535734,
0,T0,132000.0,string_n1,0.01,0,-0.6514429337451557,
0,T0,132000.0,multi_iso,0.01,0,-0.0595395024350375,
0,T0,132000.0,shapefit,0.01,0,-1.0976148466209534,
0,T0,132000.0,string_n1,0.01,1,-0.3928596590069046,
0,T0,132000.0,multi_iso,0.01,1,-0.1791151168987915,
0,T0,132000.0,shapefit,0.01,1,0.0826052780606198,
0,T0,132000.0,string_n1,0.01,2,0.2195048687259479,
0,T0,132000.0,multi_iso,0.01,2,-0.1183972558645385,
0,T0,132000.0,shapefit,0.01,2,-0.7775930833556864,
0,T0,132000.0,string_n1,0.01,3,0.5762126108089543,
0,T0,132000.0,multi_iso,0.01,3,-0.0985587953380617,
0,T0,132000.0,shapefit,0.01,3,-0.7655070735707947,
0,T0,132000.0,string_n1,0.01,4,-0.1798036293358591,
0,T0,132000.0,multi_iso,0.01,4,0.1672261184388789,
0,T0,132000.0,shapefit,0.01,4,0.3410383808322711,
0,T0,132000.0,string_n1,0.01,5,-0.1008214385140683,
0,T0,132000.0,multi_iso,0.01,5,0.0930854013837013,
0,T0,132000.0,shapefit,0.01,5,-0.6691342844458907,
0,T0,132000.0,string_n1,0.01,6,-0.5259766631641745,
0,T0,132000.0,multi_iso,0.01,6,0.2020944950981312,
0,T0,132000.0,shapefit,0.01,6,-0.0555802371601396,
0,T0,132000.0,string_n1,0.01,7,-0.0292811710745092,
0,T0,132000.0,multi_iso,0.01,7,-0.4919005281620643,
0,T0,132000.0,shapefit,0.01,7,-0.0891611077619459,
0,T0,132000.0,string_n1,0.01,8,0.0125827369340792,
0,T0,132000.0,multi_iso,0.01,8,-0.0644306901327747,
0,T0,132000.0,shapefit,0.01,8,-0.6296478058700097,
0,T0,132000.0,string_n1,0.01,9,-0.3073833451538865,
0,T0,132000.0,multi_iso,0.01,9,0.0066800552780808,
0,T0,132000.0,shapefit,0.01,9,-1.2668680050614278,
0,T0,132000.0,string_n1,0.01,10,-0.4389571073219871,
0,T0,132000.0,multi_iso,0.01,10,-0.0109968199509074,
0,T0,132000.0,shapefit,0.01,10,-0.8742092802031535,
0,T0,132000.0,string_n1,0.01,11,-0.5257458968854432,
0,T0,132000.0,multi_iso,0.01,11,-0.0653931156838415,
0,T0,132000.0,shapefit,0.01,11,-0.9887802629771834,
0,T0,132000.0,string_n1,0.01,12,0.3550519149025962,
0,T0,132000.0,multi_iso,0.01,12,-0.1354773883565388,
0,T0,132000.0,shapefit,0.01,12,1.0735543433972812,
0,T0,132000.0,string_n1,0.01,13,0.3532056343943898,
0,T0,132000.0,multi_iso,0.01,13,0.2391300688855787,
0,T0,132000.0,shapefit,0.01,13,3.4599615751377395,
0,T0,132000.0,string_n1,0.01,14,-0.4385737179411632,
0,T0,132000.0,multi_iso,0.01,14,0.2741178396641441,
0,T0,132000.0,shapefit,0.01,14,-0.5291193000532186,
0,T0,132000.0,string_n1,0.01,15,0.5389118114661621,
0,T0,132000.0,multi_iso,0.01,15,-0.1387197650943011,
0,T0,132000.0,shapefit,0.01,15,2.5713768667582015,
0,T0,132000.0,string_n1,0.01,16,-0.4296641753971705,
0,T0,132000.0,multi_iso,0.01,16,-0.42109921160498,
0,T0,132000.0,shapefit,0.01,16,-2.3560343884073847,
0,T0,132000.0,string_n1,0.01,17,0.0639611345436468,
0,T0,132000.0,multi_iso,0.01,17,-0.2158887348766394,
0,T0,132000.0,shapefit,0.01,17,0.6697971315758574,
0,T0,132000.0,string_n1,0.01,18,-0.287855096833223,
0,T0,132000.0,multi_iso,0.01,18,0.2049234453360082,
0,T0,132000.0,shapefit,0.01,18,-0.9825191036690244,
0,T0,132000.0,string_n1,0.01,19,-0.77218301373733,
0,T0,132000.0,multi_iso,0.01,19,-0.023741552447587,
0,T0,132000.0,shapefit,0.01,19,2.6314170199421687,
0,T0,132000.0,string_n1,0.01,20,0.1224572976890185,
0,T0,132000.0,multi_iso,0.01,20,0.3695303519171968,
0,T0,132000.0,shapefit,0.01,20,1.6706657456720484,
0,T0,132000.0,string_n1,0.01,21,-0.0155555662666853,
0,T0,132000.0,multi_iso,0.01,21,-0.09511157477596,
0,T0,132000.0,shapefit,0.01,21,2.4096518797854847,
0,T0,132000.0,string_n1,0.01,22,-1.0447135568284107,
0,T0,132000.0,multi_iso,0.01,22,-0.1602564789118222,
0,T0,132000.0,shapefit,0.01,22,-2.346148576008107,
0,T0,132000.0,string_n1,0.01,23,-0.0119602911603358,
0,T0,132000.0,multi_iso,0.01,23,-0.0860949786275424,
0,T0,132000.0,shapefit,0.01,23,-0.0730234517931945,
0,T0,132000.0,string_n1,0.01,24,0.3592677416674357,
0,T0,132000.0,multi_iso,0.01,24,0.0234538954658394,
0,T0,132000.0,shapefit,0.01,24,0.3740655512968563,
0,T0,132000.0,string_n1,0.01,25,-0.0040381936216638,
0,T0,132000.0,multi_iso,0.01,25,0.1736875945318113,
0,T0,132000.0,shapefit,0.01,25,-0.8816840059795527,
0,T0,132000.0,string_n1,0.01,26,0.2709734335918752,
0,T0,132000.0,multi_iso,0.01,26,-0.1366504927316617,
0,T0,132000.0,shapefit,0.01,26,1.236604433164713,
0,T0,132000.0,string_n1,0.01,27,-0.0270151231319301,
0,T0,132000.0,multi_iso,0.01,27,0.320667682718759,
0,T0,132000.0,shapefit,0.01,27,1.5669535936335954,
0,T0,132000.0,string_n1,0.01,28,-0.4496624562431613,
0,T0,132000.0,multi_iso,0.01,28,-0.0981392625711812,
0,T0,132000.0,shapefit,0.01,28,-0.1683057781364451,
0,T0,132000.0,string_n1,0.01,29,-1.0680028065041398,
0,T0,132000.0,multi_iso,0.01,29,0.0221799080173668,
0,T0,132000.0,shapefit,0.01,29,2.5616788111045468,
0,T0,132000.0,string_n1,0.01,30,0.3268337250941399,
0,T0,132000.0,multi_iso,0.01,30,-0.2593233591920359,
0,T0,132000.0,shapefit,0.01,30,1.2059401885357202,
0,T0,132000.0,string_n1,0.01,31,-0.8900023669479582,
0,T0,132000.0,multi_iso,0.01,31,-0.0989371075647024,
0,T0,132000.0,shapefit,0.01,31,-0.7330360676614157,
0,T0,132000.0,string_n1,0.01,32,-0.2284339434243465,
0,T0,132000.0,multi_iso,0.01,32,0.4180692839166802,
0,T0,132000.0,shapefit,0.01,32,1.2026646423440208,
0,T0,132000.0,string_n1,0.01,33,0.0952397819146757,
0,T0,132000.0,multi_iso,0.01,33,-0.2444732274348622,
0,T0,132000.0,shapefit,0.01,33,3.3000442067174873,
0,T0,132000.0,string_n1,0.01,34,-0.0868349462489608,
0,T0,132000.0,multi_iso,0.01,34,0.2560643465554731,
0,T0,132000.0,shapefit,0.01,34,0.2154862766402595,
0,T0,132000.0,string_n1,0.01,35,-0.7988783182395391,
0,T0,132000.0,multi_iso,0.01,35,0.3275012679122235,
0,T0,132000.0,shapefit,0.01,35,0.7734443885033243,
0,T0,132000.0,string_n1,0.01,36,-0.6102748263629937,
0,T0,132000.0,multi_iso,0.01,36,-0.0413717095180993,
0,T0,132000.0,shapefit,0.01,36,-0.3286080700323509,
0,T0,132000.0,string_n1,0.01,37,-0.8728532419196805,
0,T0,132000.0,multi_iso,0.01,37,0.2328677273258191,
0,T0,132000.0,shapefit,0.01,37,-0.7249718748287154,
0,T0,132000.0,string_n1,0.01,38,-0.3563675454183822,
0,T0,132000.0,multi_iso,0.01,38,0.2086027122508808,
0,T0,132000.0,shapefit,0.01,38,-1.7738166633309669,
0,T0,132000.0,string_n1,0.01,39,0.4783327968455551,
0,T0,132000.0,multi_iso,0.01,39,-0.377979372783937,
0,T0,132000.0,shapefit,0.01,39,-1.1824710201308115,
0,T0,132000.0,string_n1,0.01,40,-0.0339227575063529,
0,T0,132000.0,multi_iso,0.01,40,0.3356653622924403,
0,T0,132000.0,shapefit,0.01,40,-1.2707490798207084,
0,T0,132000.0,string_n1,0.01,41,-0.0724369024262352,
0,T0,132000.0,multi_iso,0.01,41,-0.2191588312529017,
0,T0,132000.0,shapefit,0.01,41,1.3288862241194168,
0,T0,132000.0,string_n1,0.01,42,-0.1826261343094026,
0,T0,132000.0,multi_iso,0.01,42,-0.0348603352367662,
0,T0,132000.0,shapefit,0.01,42,-0.2812073470927179,
0,T0,132000.0,string_n1,0.01,43,-0.4271794663849119,
0,T0,132000.0,multi_iso,0.01,43,-0.2341365652921729,
0,T0,132000.0,shapefit,0.01,43,0.7939437691693346,
0,T0,132000.0,string_n1,0.01,44,0.1357886553684886,
0,T0,132000.0,multi_iso,0.01,44,0.102195315256915,
0,T0,132000.0,shapefit,0.01,44,0.6496048236500153,
0,T0,132000.0,string_n1,0.01,45,-0.1879258281922816,
0,T0,132000.0,multi_iso,0.01,45,0.3776611400692094,
0,T0,132000.0,shapefit,0.01,45,0.8697098418905984,
0,T0,132000.0,string_n1,0.01,46,0.7047122847741059,
0,T0,132000.0,multi_iso,0.01,46,0.1220699757219391,
0,T0,132000.0,shapefit,0.01,46,0.2107650447348229,
0,T0,132000.0,string_n1,0.01,47,-0.6718648105608406,
0,T0,132000.0,multi_iso,0.01,47,0.1280350035423136,
0,T0,132000.0,shapefit,0.01,47,2.1521773551523933,
0,T0,132000.0,string_n1,0.01,48,-0.274441594767378,
0,T0,132000.0,multi_iso,0.01,48,-0.2022995022170961,
0,T0,132000.0,shapefit,0.01,48,0.0330734450799354,
0,T0,132000.0,string_n1,0.01,49,-0.3339049511787104,
0,T0,132000.0,multi_iso,0.01,49,0.0608819134745069,
0,T0,132000.0,shapefit,0.01,49,2.6320909303717075,
0,T0,132000.0,string_n1,0.01,50,0.3729389113757475,
0,T0,132000.0,multi_iso,0.01,50,0.1285948958373796,
0,T0,132000.0,shapefit,0.01,50,0.3043253983626279,
0,T0,132000.0,string_n1,0.01,51,-1.0160251138133114,
0,T0,132000.0,multi_iso,0.01,51,-0.1533164291705885,
0,T0,132000.0,shapefit,0.01,51,0.6967399861067172,
0,T0,132000.0,string_n1,0.01,52,0.4574814297195795,
0,T0,132000.0,multi_iso,0.01,52,0.1463015234451714,
0,T0,132000.0,shapefit,0.01,52,-3.1204343289109655,
0,T0,132000.0,string_n1,0.01,53,0.5632891393093098,
0,T0,132000.0,multi_iso,0.01,53,-0.0445267534228288,
0,T0,132000.0,shapefit,0.01,53,-0.2197764326160585,
0,T0,132000.0,string_n1,0.01,54,-0.1258240369239171,
0,T0,132000.0,multi_iso,0.01,54,0.3634704634601031,
0,T0,132000.0,shapefit,0.01,54,0.3643775237902776,
0,T0,132000.0,string_n1,0.01,55,0.1524855381532468,
0,T0,132000.0,multi_iso,0.01,55,0.0078959124734286,
0,T0,132000.0,shapefit,0.01,55,-0.7969633195018546,
0,T0,132000.0,string_n1,0.01,56,0.2630864631067776,
0,T0,132000.0,multi_iso,0.01,56,0.4667812573432016,
0,T0,132000.0,shapefit,0.01,56,2.9043278329890834,
0,T0,132000.0,string_n1,0.01,57,0.015815856929685,
0,T0,132000.0,multi_iso,0.01,57,-0.3802643297777677,
0,T0,132000.0,shapefit,0.01,57,3.031913770039241,
0,T0,132000.0,string_n1,0.01,58,0.3008569864214223,
0,T0,132000.0,multi_iso,0.01,58,-0.1983837170339415,
0,T0,132000.0,shapefit,0.01,58,-0.2327986473400607,
0,T0,132000.0,string_n1,0.01,59,-0.610973357052761,
0,T0,132000.0,multi_iso,0.01,59,0.1489150882295772,
0,T0,132000.0,shapefit,0.01,59,0.5909171372929202,
0,T0,132000.0,string_n1,0.01,60,-0.1475656409789349,
0,T0,132000.0,multi_iso,0.01,60,0.1412756599850113,
0,T0,132000.0,shapefit,0.01,60,1.05769995796619,
0,T0,132000.0,string_n1,0.01,61,-0.7143802601010534,
0,T0,132000.0,multi_iso,0.01,61,-0.2667212965096537,
0,T0,132000.0,shapefit,0.01,61,2.4658707314161195,
0,T0,132000.0,string_n1,0.01,62,-0.2370062792284994,
0,T0,132000.0,multi_iso,0.01,62,-0.2650932213374207,
0,T0,132000.0,shapefit,0.01,62,0.6664064183698925,
0,T0,132000.0,string_n1,0.01,63,-0.1607771266979618,
0,T0,132000.0,multi_iso,0.01,63,-0.178826510002788,
0,T0,132000.0,shapefit,0.01,63,0.0006897612907667,
0,T0,132000.0,string_n1,0.01,64,0.4233209117385823,
0,T0,132000.0,multi_iso,0.01,64,-0.0844548448024645,
0,T0,132000.0,shapefit,0.01,64,2.6607584829534585,
0,T0,132000.0,string_n1,0.01,65,-0.5263587121660142,
0,T0,132000.0,multi_iso,0.01,65,-0.1023369092615074,
0,T0,132000.0,shapefit,0.01,65,0.4191665173142445,
0,T0,132000.0,string_n1,0.01,66,-0.4122972384576948,
0,T0,132000.0,multi_iso,0.01,66,0.2680907416264138,
0,T0,132000.0,shapefit,0.01,66,-0.504538569295299,
0,T0,132000.0,string_n1,0.01,67,-0.3289040705307949,
0,T0,132000.0,multi_iso,0.01,67,-0.0306172929366408,
0,T0,132000.0,shapefit,0.01,67,-1.938635621423424,
0,T0,132000.0,string_n1,0.01,68,0.0062440532968718,
0,T0,132000.0,multi_iso,0.01,68,0.141913853825518,
0,T0,132000.0,shapefit,0.01,68,-0.5216456254019497,
0,T0,132000.0,string_n1,0.01,69,-0.8981288925509557,
0,T0,132000.0,multi_iso,0.01,69,-0.138305343435257,
0,T0,132000.0,shapefit,0.01,69,0.6185127236061927,
0,T0,132000.0,string_n1,0.01,70,0.1783304313275121,
0,T0,132000.0,multi_iso,0.01,70,-0.2317793507652822,
0,T0,132000.0,shapefit,0.01,70,-0.0589639986754539,
0,T0,132000.0,string_n1,0.01,71,-0.6415633897763408,
0,T0,132000.0,multi_iso,0.01,71,0.3686552807752433,
0,T0,132000.0,shapefit,0.01,71,1.1308078682263758,
0,T0,132000.0,string_n1,0.01,72,-0.5320342338802937,
0,T0,132000.0,multi_iso,0.01,72,0.42768774820224,
0,T0,132000.0,shapefit,0.01,72,-0.5874972365716751,
0,T0,132000.0,string_n1,0.01,73,0.0216507181629078,
0,T0,132000.0,multi_iso,0.01,73,0.3746265192295223,
0,T0,132000.0,shapefit,0.01,73,1.509089470073906,
0,T0,132000.0,string_n1,0.01,74,0.4236550802293729,
0,T0,132000.0,multi_iso,0.01,74,-0.140763782260734,
0,T0,132000.0,shapefit,0.01,74,1.518814353164811,
0,T0,132000.0,string_n1,0.01,75,0.0779967449162072,
0,T0,132000.0,multi_iso,0.01,75,-0.311318074505195,
0,T0,132000.0,shapefit,0.01,75,-2.0350960161279956,
0,T0,132000.0,string_n1,0.01,76,-0.1502657705463979,
0,T0,132000.0,multi_iso,0.01,76,-0.2943902526549319,
0,T0,132000.0,shapefit,0.01,76,-0.554190838162035,
0,T0,132000.0,string_n1,0.01,77,0.3189863267759695,
0,T0,132000.0,multi_iso,0.01,77,0.4197718260711664,
0,T0,132000.0,shapefit,0.01,77,-0.0349947841061238,
0,T0,132000.0,string_n1,0.01,78,-0.3031026320727533,
0,T0,132000.0,multi_iso,0.01,78,0.1304253202109645,
0,T0,132000.0,shapefit,0.01,78,0.5434980319612475,
0,T0,132000.0,string_n1,0.01,79,-0.5145595603707823,
0,T0,132000.0,multi_iso,0.01,79,-0.0843276009246906,
0,T0,132000.0,shapefit,0.01,79,-1.72729378007876,
0,T0,132000.0,string_n1,0.01,80,0.6140567030769571,
0,T0,132000.0,multi_iso,0.01,80,0.3996331823719436,
0,T0,132000.0,shapefit,0.01,80,2.005229218625821,
0,T0,132000.0,string_n1,0.01,81,-0.442690067875722,
0,T0,132000.0,multi_iso,0.01,81,0.3339797876868529,
0,T0,132000.0,shapefit,0.01,81,0.0699854845499926,
0,T0,132000.0,string_n1,0.01,82,-0.1733157553174489,
0,T0,132000.0,multi_iso,0.01,82,-0.1765997308727299,
0,T0,132000.0,shapefit,0.01,82,1.2372294068200007,
0,T0,132000.0,string_n1,0.01,83,-0.6702234760928893,
0,T0,132000.0,multi_iso,0.01,83,-0.0919524178675077,
0,T0,132000.0,shapefit,0.01,83,1.9261295947016068,
0,T0,132000.0,string_n1,0.01,84,0.7092954655910337,
0,T0,132000.0,multi_iso,0.01,84,-0.247527803814768,
0,T0,132000.0,shapefit,0.01,84,0.7251211003496075,
0,T0,132000.0,string_n1,0.01,85,-0.5562693843554095,
0,T0,132000.0,multi_iso,0.01,85,-0.1662246832027008,
0,T0,132000.0,shapefit,0.01,85,2.24307094916532,
0,T0,132000.0,string_n1,0.01,86,-0.4637506458267594,
0,T0,132000.0,multi_iso,0.01,86,-0.2445445478014528,
0,T0,132000.0,shapefit,0.01,86,1.6230264163236745,
0,T0,132000.0,string_n1,0.01,87,-0.0638234230056696,
0,T0,132000.0,multi_iso,0.01,87,0.1615785488759381,
0,T0,132000.0,shapefit,0.01,87,-0.0232084759672888,
0,T0,132000.0,string_n1,0.01,88,0.3268605526824654,
0,T0,132000.0,multi_iso,0.01,88,0.0699112655154639,
0,T0,132000.0,shapefit,0.01,88,2.901628391703068,
0,T0,132000.0,string_n1,0.01,89,0.0377091199832317,
0,T0,132000.0,multi_iso,0.01,89,0.0575781611870545,
0,T0,132000.0,shapefit,0.01,89,0.6644931315643947,
0,T0,132000.0,string_n1,0.01,90,-0.2145710947874415,
0,T0,132000.0,multi_iso,0.01,90,-0.3978903171758716,
0,T0,132000.0,shapefit,0.01,90,-0.0761600580537174,
0,T0,132000.0,string_n1,0.01,91,0.810567893217883,
0,T0,132000.0,multi_iso,0.01,91,-0.4787775764839104,
0,T0,132000.0,shapefit,0.01,91,-1.6744612934669545,
0,T0,132000.0,string_n1,0.01,92,0.3188192247627409,
0,T0,132000.0,multi_iso,0.01,92,0.212770824713494,
0,T0,132000.0,shapefit,0.01,92,-0.546611095587573,
0,T0,132000.0,string_n1,0.01,93,0.7111975966137614,
0,T0,132000.0,multi_iso,0.01,93,0.2975823598038969,
0,T0,132000.0,shapefit,0.01,93,1.633676525219661,
0,T0,132000.0,string_n1,0.01,94,0.0748246303495376,
0,T0,132000.0,multi_iso,0.01,94,0.32341631563891,
0,T0,132000.0,shapefit,0.01,94,0.4788021107839692,
0,T0,132000.0,string_n1,0.01,95,0.2768687817278436,
0,T0,132000.0,multi_iso,0.01,95,0.2547270640323404,
0,T0,132000.0,shapefit,0.01,95,0.4240474697065524,
0,T0,132000.0,string_n1,0.01,96,0.6578849187637168,
0,T0,132000.0,multi_iso,0.01,96,0.476925106865405,
0,T0,132000.0,shapefit,0.01,96,1.9976281867904508,
0,T0,132000.0,string_n1,0.01,97,-0.2020661790318572,
0,T0,132000.0,multi_iso,0.01,97,-0.3699388588865986,
0,T0,132000.0,shapefit,0.01,97,-1.3370254077420902,
0,T0,132000.0,string_n1,0.01,98,-0.3469975410113296,
0,T0,132000.0,multi_iso,0.01,98,0.0841241261705087,
0,T0,132000.0,shapefit,0.01,98,-0.1178436521504464,
0,T0,132000.0,string_n1,0.01,99,0.6332841171203737,
0,T0,132000.0,multi_iso,0.01,99,0.1460746061240515,
0,T0,132000.0,shapefit,0.01,99,1.1183111356123294,
0,T0,132000.0,string_n1,0.02,0,-0.0643213351149108,
0,T0,132000.0,multi_iso,0.02,0,0.1804019652287631,
0,T0,132000.0,shapefit,0.02,0,-0.5660533212575749,
0,T0,132000.0,string_n1,0.02,1,0.0963139152796154,
0,T0,132000.0,multi_iso,0.02,1,-0.1923866917378759,
0,T0,132000.0,shapefit,0.02,1,0.4346169530506868,
0,T0,132000.0,string_n1,0.02,2,-0.6618486988182916,
0,T0,132000.0,multi_iso,0.02,2,0.1338316199848839,
0,T0,132000.0,shapefit,0.02,2,-1.3588212585088926,
0,T0,132000.0,string_n1,0.02,3,-0.1149639928249323,
0,T0,132000.0,multi_iso,0.02,3,-0.1666279631860864,
0,T0,132000.0,shapefit,0.02,3,-3.1022159438800205,
0,T0,132000.0,string_n1,0.02,4,0.0316329467535428,
0,T0,132000.0,multi_iso,0.02,4,0.0739495491734653,
0,T0,132000.0,shapefit,0.02,4,-0.1074551333267167,
0,T0,132000.0,string_n1,0.02,5,-0.0312940619130324,
0,T0,132000.0,multi_iso,0.02,5,-0.2200423264791783,
0,T0,132000.0,shapefit,0.02,5,-2.2465173790412916,
0,T0,132000.0,string_n1,0.02,6,-0.1786199631071543,
0,T0,132000.0,multi_iso,0.02,6,-0.0773847788135753,
0,T0,132000.0,shapefit,0.02,6,-4.237763432761715,
0,T0,132000.0,string_n1,0.02,7,-0.0068101113928026,
0,T0,132000.0,multi_iso,0.02,7,0.1553583066416622,
0,T0,132000.0,shapefit,0.02,7,-0.0754835740621439,
0,T0,132000.0,string_n1,0.02,8,-0.1041763355768511,
0,T0,132000.0,multi_iso,0.02,8,0.290128458638223,
0,T0,132000.0,shapefit,0.02,8,1.490547897932155,
0,T0,132000.0,string_n1,0.02,9,0.0587167423096781,
0,T0,132000.0,multi_iso,0.02,9,0.1595358268353183,
0,T0,132000.0,shapefit,0.02,9,2.12547867649394,
0,T0,132000.0,string_n1,0.02,10,-0.880511219496938,
0,T0,132000.0,multi_iso,0.02,10,0.1376785509245757,
0,T0,132000.0,shapefit,0.02,10,-0.214670268867507,
0,T0,132000.0,string_n1,0.02,11,0.0350409005689884,
0,T0,132000.0,multi_iso,0.02,11,-0.4289593618274728,
0,T0,132000.0,shapefit,0.02,11,-2.7566973360179734,
0,T0,132000.0,string_n1,0.02,12,-0.2607483865999022,
0,T0,132000.0,multi_iso,0.02,12,0.4741930499785998,
0,T0,132000.0,shapefit,0.02,12,-0.3276635295057944,
0,T0,132000.0,string_n1,0.02,13,-0.6638735849114186,
0,T0,132000.0,multi_iso,0.02,13,-0.0927801473005798,
0,T0,132000.0,shapefit,0.02,13,1.3590962531815889,
0,T0,132000.0,string_n1,0.02,14,-0.4928653979407196,
0,T0,132000.0,multi_iso,0.02,14,-0.0899461669591167,
0,T0,132000.0,shapefit,0.02,14,0.7571214781741604,
0,T0,132000.0,string_n1,0.02,15,-0.8606843432487838,
0,T0,132000.0,multi_iso,0.02,15,-0.126186378643086,
0,T0,132000.0,shapefit,0.02,15,-0.7250738020524296,
0,T0,132000.0,string_n1,0.02,16,-0.3162873906031371,
0,T0,132000.0,multi_iso,0.02,16,-0.2920118814579451,
0,T0,132000.0,shapefit,0.02,16,-1.6147376946705856,
0,T0,132000.0,string_n1,0.02,17,-0.8260082020220249,
0,T0,132000.0,multi_iso,0.02,17,-0.2170081503806807,
0,T0,132000.0,shapefit,0.02,17,1.2813623587503211,
0,T0,132000.0,string_n1,0.02,18,0.1600954924000799,
0,T0,132000.0,multi_iso,0.02,18,-0.0711043623223138,
0,T0,132000.0,shapefit,0.02,18,1.5669992775200765,
0,T0,132000.0,string_n1,0.02,19,-0.294111918172381,
0,T0,132000.0,multi_iso,0.02,19,-0.3382252518372269,
0,T0,132000.0,shapefit,0.02,19,-2.0165556929103,
0,T0,132000.0,string_n1,0.02,20,-0.2930147211823196,
0,T0,132000.0,multi_iso,0.02,20,-0.0221453335039603,
0,T0,132000.0,shapefit,0.02,20,-2.307837778490692,
0,T0,132000.0,string_n1,0.02,21,0.071352031775049,
0,T0,132000.0,multi_iso,0.02,21,0.0925582591443151,
0,T0,132000.0,shapefit,0.02,21,-5.065295738233975,
0,T0,132000.0,string_n1,0.02,22,-0.2676227241025613,
0,T0,132000.0,multi_iso,0.02,22,0.5104735540369195,
0,T0,132000.0,shapefit,0.02,22,2.5902984208450963,
0,T0,132000.0,string_n1,0.02,23,-0.2635889163491701,
0,T0,132000.0,multi_iso,0.02,23,-0.0827585500924518,
0,T0,132000.0,shapefit,0.02,23,-0.2351420657614873,
0,T0,132000.0,string_n1,0.02,24,0.1364156629226768,
0,T0,132000.0,multi_iso,0.02,24,-0.1262119360398421,
0,T0,132000.0,shapefit,0.02,24,-1.3200134107987127,
0,T0,132000.0,string_n1,0.02,25,-0.0964413448437743,
0,T0,132000.0,multi_iso,0.02,25,-0.0411573964125692,
0,T0,132000.0,shapefit,0.02,25,-2.797755096076997,
0,T0,132000.0,string_n1,0.02,26,-0.5103104369856186,
0,T0,132000.0,multi_iso,0.02,26,-0.2474455295952793,
0,T0,132000.0,shapefit,0.02,26,0.601168624595007,
0,T0,132000.0,string_n1,0.02,27,-0.091928242520049,
0,T0,132000.0,multi_iso,0.02,27,0.1690036011577776,
0,T0,132000.0,shapefit,0.02,27,-0.4887910325390597,
0,T0,132000.0,string_n1,0.02,28,-0.4491212736801544,
0,T0,132000.0,multi_iso,0.02,28,0.2393276841564026,
0,T0,132000.0,shapefit,0.02,28,2.0846726236103597,
0,T0,132000.0,string_n1,0.02,29,0.2449555207828146,
0,T0,132000.0,multi_iso,0.02,29,0.1556369462023157,
0,T0,132000.0,shapefit,0.02,29,1.622644840658265,
0,T0,132000.0,string_n1,0.02,30,-0.150298000620387,
0,T0,132000.0,multi_iso,0.02,30,0.2805542650748535,
0,T0,132000.0,shapefit,0.02,30,0.042363182762501,
0,T0,132000.0,string_n1,0.02,31,1.2378240874860211,
0,T0,132000.0,multi_iso,0.02,31,0.4154868905514101,
0,T0,132000.0,shapefit,0.02,31,5.227850954143496,
0,T0,132000.0,string_n1,0.02,32,-0.2333870364923451,
0,T0,132000.0,multi_iso,0.02,32,-0.0259083106497807,
0,T0,132000.0,shapefit,0.02,32,0.1455460104111063,
0,T0,132000.0,string_n1,0.02,33,0.1355900697495654,
0,T0,132000.0,multi_iso,0.02,33,0.04923987204571,
0,T0,132000.0,shapefit,0.02,33,-0.0673218457199806,
0,T0,132000.0,string_n1,0.02,34,-0.2203419612319108,
0,T0,132000.0,multi_iso,0.02,34,0.1517941752471387,
0,T0,132000.0,shapefit,0.02,34,4.200259658305202,
0,T0,132000.0,string_n1,0.02,35,0.492297983257264,
0,T0,132000.0,multi_iso,0.02,35,0.3543731863260539,
0,T0,132000.0,shapefit,0.02,35,-0.1045918614242426,
0,T0,132000.0,string_n1,0.02,36,-0.6567362365105179,
0,T0,132000.0,multi_iso,0.02,36,0.2795938447068417,
0,T0,132000.0,shapefit,0.02,36,1.9090112434856013,
0,T0,132000.0,string_n1,0.02,37,-0.4365027417012078,
0,T0,132000.0,multi_iso,0.02,37,-0.2617799350292691,
0,T0,132000.0,shapefit,0.02,37,-0.0641090393810097,
0,T0,132000.0,string_n1,0.02,38,-0.4813921701062292,
0,T0,132000.0,multi_iso,0.02,38,0.3347164571773839,
0,T0,132000.0,shapefit,0.02,38,-0.9899994824468938,
0,T0,132000.0,string_n1,0.02,39,-0.1581981302989968,
0,T0,132000.0,multi_iso,0.02,39,0.1710824793942623,
0,T0,132000.0,shapefit,0.02,39,0.5437184672260958,
0,T0,132000.0,string_n1,0.02,40,0.2547781801016809,
0,T0,132000.0,multi_iso,0.02,40,-0.15936285900931,
0,T0,132000.0,shapefit,0.02,40,1.361809642699893,
0,T0,132000.0,string_n1,0.02,41,0.775502333535251,
0,T0,132000.0,multi_iso,0.02,41,0.1369741175959158,
0,T0,132000.0,shapefit,0.02,41,2.236152489600698,
0,T0,132000.0,string_n1,0.02,42,0.5483754007624653,
0,T0,132000.0,multi_iso,0.02,42,0.0706943768622515,
0,T0,132000.0,shapefit,0.02,42,0.3758132691064957,
0,T0,132000.0,string_n1,0.02,43,-0.4050343999612695,
0,T0,132000.0,multi_iso,0.02,43,-0.0788707588856623,
0,T0,132000.0,shapefit,0.02,43,-2.565432573045153,
0,T0,132000.0,string_n1,0.02,44,-0.2653542080317989,
0,T0,132000.0,multi_iso,0.02,44,0.0228201476427784,
0,T0,132000.0,shapefit,0.02,44,-1.9517756900031105,
0,T0,132000.0,string_n1,0.02,45,0.1400367776338085,
0,T0,132000.0,multi_iso,0.02,45,-0.2339956016832068,
0,T0,132000.0,shapefit,0.02,45,0.1159636818882118,
0,T0,132000.0,string_n1,0.02,46,-0.3032727856825328,
0,T0,132000.0,multi_iso,0.02,46,-0.0020849548300082,
0,T0,132000.0,shapefit,0.02,46,-2.6373685751494507,
0,T0,132000.0,string_n1,0.02,47,0.3001854864235307,
0,T0,132000.0,multi_iso,0.02,47,-0.1056939388889242,
0,T0,132000.0,shapefit,0.02,47,4.447669916402546,
0,T0,132000.0,string_n1,0.02,48,-0.6902958227686405,
0,T0,132000.0,multi_iso,0.02,48,0.3811980067161626,
0,T0,132000.0,shapefit,0.02,48,-3.4379493165018755,
0,T0,132000.0,string_n1,0.02,49,-0.28407954453675,
0,T0,132000.0,multi_iso,0.02,49,0.0217358707609078,
0,T0,132000.0,shapefit,0.02,49,4.928012595811588,
0,T0,132000.0,string_n1,0.02,50,0.0803816175958976,
0,T0,132000.0,multi_iso,0.02,50,-0.095002513214488,
0,T0,132000.0,shapefit,0.02,50,0.0862961484499189,
0,T0,132000.0,string_n1,0.02,51,-0.6015386903947343,
0,T0,132000.0,multi_iso,0.02,51,-0.1176856386317839,
0,T0,132000.0,shapefit,0.02,51,1.7525150511794367,
0,T0,132000.0,string_n1,0.02,52,-0.1541984498405795,
0,T0,132000.0,multi_iso,0.02,52,0.3756834253689951,
0,T0,132000.0,shapefit,0.02,52,1.0926434909555995,
0,T0,132000.0,string_n1,0.02,53,-0.4550133299697005,
0,T0,132000.0,multi_iso,0.02,53,-0.1110197029015222,
0,T0,132000.0,shapefit,0.02,53,-2.0881034186740592,
0,T0,132000.0,string_n1,0.02,54,0.2861335156844165,
0,T0,132000.0,multi_iso,0.02,54,-0.1226148023233911,
0,T0,132000.0,shapefit,0.02,54,-2.178172018744259,
0,T0,132000.0,string_n1,0.02,55,0.1809187634407311,
0,T0,132000.0,multi_iso,0.02,55,0.2577538498869134,
0,T0,132000.0,shapefit,0.02,55,-0.6197419901665302,
0,T0,132000.0,string_n1,0.02,56,-0.1193460715083126,
0,T0,132000.0,multi_iso,0.02,56,-0.3743967779186443,
0,T0,132000.0,shapefit,0.02,56,1.549144314797145,
0,T0,132000.0,string_n1,0.02,57,0.4549925210243655,
0,T0,132000.0,multi_iso,0.02,57,-0.1007335776987901,
0,T0,132000.0,shapefit,0.02,57,-0.4378058619851468,
0,T0,132000.0,string_n1,0.02,58,0.404418678669423,
0,T0,132000.0,multi_iso,0.02,58,0.2231612080068964,
0,T0,132000.0,shapefit,0.02,58,-1.427851476837168,
0,T0,132000.0,string_n1,0.02,59,-0.5110980653523945,
0,T0,132000.0,multi_iso,0.02,59,0.1100264051172196,
0,T0,132000.0,shapefit,0.02,59,1.5016011947926238,
0,T0,132000.0,string_n1,0.02,60,0.2765179964213475,
0,T0,132000.0,multi_iso,0.02,60,0.3647930956818913,
0,T0,132000.0,shapefit,0.02,60,3.87682206666564,
0,T0,132000.0,string_n1,0.02,61,-0.6089786410852288,
0,T0,132000.0,multi_iso,0.02,61,0.7365921509645308,
0,T0,132000.0,shapefit,0.02,61,-4.166314599042215,
0,T0,132000.0,string_n1,0.02,62,0.1097895224442419,
0,T0,132000.0,multi_iso,0.02,62,-0.3276699526420888,
0,T0,132000.0,shapefit,0.02,62,-2.324368386704792,
0,T0,132000.0,string_n1,0.02,63,0.5069578032166949,
0,T0,132000.0,multi_iso,0.02,63,0.0945326177619845,
0,T0,132000.0,shapefit,0.02,63,-1.5479138097403902,
0,T0,132000.0,string_n1,0.02,64,-0.4508814256662321,
0,T0,132000.0,multi_iso,0.02,64,0.3010046318578437,
0,T0,132000.0,shapefit,0.02,64,-4.833971689279364,
0,T0,132000.0,string_n1,0.02,65,0.0562245222004121,
0,T0,132000.0,multi_iso,0.02,65,0.2853308940363852,
0,T0,132000.0,shapefit,0.02,65,1.868986449536588,
0,T0,132000.0,string_n1,0.02,66,0.5182251801929934,
0,T0,132000.0,multi_iso,0.02,66,0.2842718374763067,
0,T0,132000.0,shapefit,0.02,66,-2.7253902262552647,
0,T0,132000.0,string_n1,0.02,67,0.0465171712566877,
0,T0,132000.0,multi_iso,0.02,67,-0.0929192749006412,
0,T0,132000.0,shapefit,0.02,67,-3.0786846639954035,
0,T0,132000.0,string_n1,0.02,68,-0.1470680137791505,
0,T0,132000.0,multi_iso,0.02,68,0.1898407151629781,
0,T0,132000.0,shapefit,0.02,68,0.3214996781192453,
0,T0,132000.0,string_n1,0.02,69,0.1591031361316819,
0,T0,132000.0,multi_iso,0.02,69,0.2034931925009225,
0,T0,132000.0,shapefit,0.02,69,-2.584627134419685,
0,T0,132000.0,string_n1,0.02,70,-0.4766349568083101,
0,T0,132000.0,multi_iso,0.02,70,-0.1023672620578233,
0,T0,132000.0,shapefit,0.02,70,1.42765539723956,
0,T0,132000.0,string_n1,0.02,71,0.9134962294491494,
0,T0,132000.0,multi_iso,0.02,71,-0.2126913471473072,
0,T0,132000.0,shapefit,0.02,71,1.9324226914802929,
0,T0,132000.0,string_n1,0.02,72,-0.4866990978868588,
0,T0,132000.0,multi_iso,0.02,72,-0.1024836143098196,
0,T0,132000.0,shapefit,0.02,72,-0.6282468630371802,
0,T0,132000.0,string_n1,0.02,73,-0.1188682452982131,
0,T0,132000.0,multi_iso,0.02,73,-0.0951015578652555,
0,T0,132000.0,shapefit,0.02,73,1.631378952920667,
0,T0,132000.0,string_n1,0.02,74,-0.239101780235157,
0,T0,132000.0,multi_iso,0.02,74,-0.1605347782307503,
0,T0,132000.0,shapefit,0.02,74,-4.947477158645427,
0,T0,132000.0,string_n1,0.02,75,0.0274177895083663,
0,T0,132000.0,multi_iso,0.02,75,-0.1541265621874613,
0,T0,132000.0,shapefit,0.02,75,4.521299484305906,
0,T0,132000.0,string_n1,0.02,76,-0.6133384641899973,
0,T0,132000.0,multi_iso,0.02,76,0.0008569326923117,
0,T0,132000.0,shapefit,0.02,76,4.188315347107908,
0,T0,132000.0,string_n1,0.02,77,-0.0340793870504112,
0,T0,132000.0,multi_iso,0.02,77,-0.3181705464488142,
0,T0,132000.0,shapefit,0.02,77,-2.766263244249201,
0,T0,132000.0,string_n1,0.02,78,-0.0159095162332849,
0,T0,132000.0,multi_iso,0.02,78,0.3571776366797911,
0,T0,132000.0,shapefit,0.02,78,1.5740701607506542,
0,T0,132000.0,string_n1,0.02,79,-0.5472134328123612,
0,T0,132000.0,multi_iso,0.02,79,0.4274726841690691,
0,T0,132000.0,shapefit,0.02,79,-1.8051889161083443,
0,T0,132000.0,string_n1,0.02,80,-0.1338095133647033,
0,T0,132000.0,multi_iso,0.02,80,0.0369766758216208,
0,T0,132000.0,shapefit,0.02,80,-3.4631750210874253,
0,T0,132000.0,string_n1,0.02,81,0.6968352567402966,
0,T0,132000.0,multi_iso,0.02,81,0.2781723055836858,
0,T0,132000.0,shapefit,0.02,81,2.3882635722244396,
0,T0,132000.0,string_n1,0.02,82,0.1751217314826852,
0,T0,132000.0,multi_iso,0.02,82,0.1339235023294653,
0,T0,132000.0,shapefit,0.02,82,-3.024468961921825,
0,T0,132000.0,string_n1,0.02,83,-0.1082489598789614,
0,T0,132000.0,multi_iso,0.02,83,0.0975147353328903,
0,T0,132000.0,shapefit,0.02,83,4.150481519300978,
0,T0,132000.0,string_n1,0.02,84,-0.721104988981758,
0,T0,132000.0,multi_iso,0.02,84,-0.1692604791053754,
0,T0,132000.0,shapefit,0.02,84,-1.360428826684008,
0,T0,132000.0,string_n1,0.02,85,-1.2800080166448782,
0,T0,132000.0,multi_iso,0.02,85,-0.1824318340117866,
0,T0,132000.0,shapefit,0.02,85,1.2474094626139436,
0,T0,132000.0,string_n1,0.02,86,0.0733034858038026,
0,T0,132000.0,multi_iso,0.02,86,0.0241240712579218,
0,T0,132000.0,shapefit,0.02,86,-0.0540149184597381,
0,T0,132000.0,string_n1,0.02,87,-0.2760687230445028,
0,T0,132000.0,multi_iso,0.02,87,-0.0557085930330989,
0,T0,132000.0,shapefit,0.02,87,-0.3119686270662262,
0,T0,132000.0,string_n1,0.02,88,-0.3464399244879931,
0,T0,132000.0,multi_iso,0.02,88,0.2490552615583124,
0,T0,132000.0,shapefit,0.02,88,-1.4414717624625293,
0,T0,132000.0,string_n1,0.02,89,0.0774022013958363,
0,T0,132000.0,multi_iso,0.02,89,0.2679216531081748,
0,T0,132000.0,shapefit,0.02,89,-1.2991928908141828,
0,T0,132000.0,string_n1,0.02,90,-0.2121632348059034,
0,T0,132000.0,multi_iso,0.02,90,-0.0439737364948086,
0,T0,132000.0,shapefit,0.02,90,-3.2112667245216775,
0,T0,132000.0,string_n1,0.02,91,-0.7581315258335191,
0,T0,132000.0,multi_iso,0.02,91,-0.3065361946156234,
0,T0,132000.0,shapefit,0.02,91,-2.920235125030751,
0,T0,132000.0,string_n1,0.02,92,-0.8805560499912892,
0,T0,132000.0,multi_iso,0.02,92,0.0659223687202029,
0,T0,132000.0,shapefit,0.02,92,2.139435094363007,
0,T0,132000.0,string_n1,0.02,93,-1.3915254521323346,
0,T0,132000.0,multi_iso,0.02,93,-0.0171290161990989,
0,T0,132000.0,shapefit,0.02,93,-2.1055756378662793,
0,T0,132000.0,string_n1,0.02,94,-0.1129925404043178,
0,T0,132000.0,multi_iso,0.02,94,-0.1977592578354233,
0,T0,132000.0,shapefit,0.02,94,0.2099673329856049,
0,T0,132000.0,string_n1,0.02,95,0.5345698483688245,
0,T0,132000.0,multi_iso,0.02,95,-0.303667030870455,
0,T0,132000.0,shapefit,0.02,95,-1.2859405167791864,
0,T0,132000.0,string_n1,0.02,96,-0.6513422747377648,
0,T0,132000.0,multi_iso,0.02,96,0.4205205742727699,
0,T0,132000.0,shapefit,0.02,96,0.1423794453681859,
0,T0,132000.0,string_n1,0.02,97,-0.4834309321330334,
0,T0,132000.0,multi_iso,0.02,97,0.2344213618457918,
0,T0,132000.0,shapefit,0.02,97,-2.2860151737255916,
0,T0,132000.0,string_n1,0.02,98,-0.4100502755314113,
0,T0,132000.0,multi_iso,0.02,98,-0.1905633452630409,
0,T0,132000.0,shapefit,0.02,98,-1.5561255819787303,
0,T0,132000.0,string_n1,0.02,99,-0.284907480212507,
0,T0,132000.0,multi_iso,0.02,99,-0.0265336369082488,
0,T0,132000.0,shapefit,0.02,99,-1.8915869888442651,
0,T0,132000.0,pinn_free,0.01,0,0.2501022891931025,
0,T0,132000.0,pinn_free,0.01,1,0.3761269405011262,
0,T0,132000.0,pinn_free,0.01,2,-0.7011001984002315,
1,T1,137500.0,string_n1,0.0,-1,-0.3468527328630867,
1,T1,137500.0,multi_iso,0.0,-1,-0.0043729570090601,
1,T1,137500.0,shapefit,0.0,-1,-7.076129444282163e-07,2263798.3481501304
1,T1,137500.0,pinn_free,0.0,-1,0.0008230666585943,2263989.357819958
1,T1,137500.0,pinn_free,0.0,-2,0.0004616688603577,2265601.5203053183
1,T1,137500.0,pinn_free,0.0,-3,0.0008529044117524,2265860.0475371606
1,T1,137500.0,string_n1,0.005,0,-0.2931099948614031,
1,T1,137500.0,multi_iso,0.005,0,0.3400919293007728,
1,T1,137500.0,shapefit,0.005,0,0.995119913013144,
1,T1,137500.0,string_n1,0.005,1,-0.0062620976880108,
1,T1,137500.0,multi_iso,0.005,1,-0.3632068470003803,
1,T1,137500.0,shapefit,0.005,1,0.7672143113243352,
1,T1,137500.0,string_n1,0.005,2,-0.4364234998037785,
1,T1,137500.0,multi_iso,0.005,2,0.0065717277427584,
1,T1,137500.0,shapefit,0.005,2,-0.6434662278655239,
1,T1,137500.0,string_n1,0.005,3,-0.9463198008238,
1,T1,137500.0,multi_iso,0.005,3,-0.2387607803246091,
1,T1,137500.0,shapefit,0.005,3,-0.5302064982033334,
1,T1,137500.0,string_n1,0.005,4,-0.0442773159764368,
1,T1,137500.0,multi_iso,0.005,4,-0.0091789210716008,
1,T1,137500.0,shapefit,0.005,4,-0.0502027197040575,
1,T1,137500.0,string_n1,0.005,5,-0.2944836886634796,
1,T1,137500.0,multi_iso,0.005,5,-0.2363002058935817,
1,T1,137500.0,shapefit,0.005,5,1.2605006757927846,
1,T1,137500.0,string_n1,0.005,6,-0.0626051751870069,
1,T1,137500.0,multi_iso,0.005,6,0.0749391679599965,
1,T1,137500.0,shapefit,0.005,6,0.2066387601106596,
1,T1,137500.0,string_n1,0.005,7,-0.3477680514137557,
1,T1,137500.0,multi_iso,0.005,7,-0.2649700258427553,
1,T1,137500.0,shapefit,0.005,7,-0.0265497186393688,
1,T1,137500.0,string_n1,0.005,8,-0.0670471688687208,
1,T1,137500.0,multi_iso,0.005,8,-0.1555615812366701,
1,T1,137500.0,shapefit,0.005,8,-0.4053202986550221,
1,T1,137500.0,string_n1,0.005,9,-0.8496756597297181,
1,T1,137500.0,multi_iso,0.005,9,0.228285188089146,
1,T1,137500.0,shapefit,0.005,9,-0.0575291028423023,
1,T1,137500.0,string_n1,0.005,10,-0.2669730608901643,
1,T1,137500.0,multi_iso,0.005,10,-0.2663239562860478,
1,T1,137500.0,shapefit,0.005,10,-1.1445560690598902,
1,T1,137500.0,string_n1,0.005,11,-0.4552278727116486,
1,T1,137500.0,multi_iso,0.005,11,0.1042798630693842,
1,T1,137500.0,shapefit,0.005,11,0.2581459063793617,
1,T1,137500.0,string_n1,0.005,12,-0.1770942105958873,
1,T1,137500.0,multi_iso,0.005,12,0.6068838008850898,
1,T1,137500.0,shapefit,0.005,12,0.5737328598458447,
1,T1,137500.0,string_n1,0.005,13,-0.1463804013690572,
1,T1,137500.0,multi_iso,0.005,13,0.0741996817390688,
1,T1,137500.0,shapefit,0.005,13,-0.2497945430531293,
1,T1,137500.0,string_n1,0.005,14,-0.1878675092607313,
1,T1,137500.0,multi_iso,0.005,14,0.3103646443442611,
1,T1,137500.0,shapefit,0.005,14,0.1555696446910839,
1,T1,137500.0,string_n1,0.005,15,-0.5706819326884367,
1,T1,137500.0,multi_iso,0.005,15,0.0445459598202724,
1,T1,137500.0,shapefit,0.005,15,0.1711221265496093,
1,T1,137500.0,string_n1,0.005,16,0.3599664212370461,
1,T1,137500.0,multi_iso,0.005,16,0.2173528689350086,
1,T1,137500.0,shapefit,0.005,16,-0.4170237730757164,
1,T1,137500.0,string_n1,0.005,17,-0.6523435981215443,
1,T1,137500.0,multi_iso,0.005,17,-0.0051339780804277,
1,T1,137500.0,shapefit,0.005,17,0.5459191058312585,
1,T1,137500.0,string_n1,0.005,18,-0.2263256054105533,
1,T1,137500.0,multi_iso,0.005,18,0.0692957863763863,
1,T1,137500.0,shapefit,0.005,18,-0.2022352844624653,
1,T1,137500.0,string_n1,0.005,19,-0.4148510654043533,
1,T1,137500.0,multi_iso,0.005,19,-0.2596595470195382,
1,T1,137500.0,shapefit,0.005,19,-0.2551449888238302,
1,T1,137500.0,string_n1,0.005,20,-0.3776059861983045,
1,T1,137500.0,multi_iso,0.005,20,0.0378589647986968,
1,T1,137500.0,shapefit,0.005,20,1.2837843674635938,
1,T1,137500.0,string_n1,0.005,21,-0.1420111518340312,
1,T1,137500.0,multi_iso,0.005,21,-0.2205290149907496,
1,T1,137500.0,shapefit,0.005,21,0.1202075079018885,
1,T1,137500.0,string_n1,0.005,22,1.0829177796040788,
1,T1,137500.0,multi_iso,0.005,22,-0.008711014773104,
1,T1,137500.0,shapefit,0.005,22,1.5143615839051676,
1,T1,137500.0,string_n1,0.005,23,0.1785521501265254,
1,T1,137500.0,multi_iso,0.005,23,-0.2540751190436369,
1,T1,137500.0,shapefit,0.005,23,0.283279596534473,
1,T1,137500.0,string_n1,0.005,24,-0.2011213079991919,
1,T1,137500.0,multi_iso,0.005,24,0.3602292100563222,
1,T1,137500.0,shapefit,0.005,24,-0.5541010161555711,
1,T1,137500.0,string_n1,0.005,25,-0.669849338151832,
1,T1,137500.0,multi_iso,0.005,25,-0.4152118697902611,
1,T1,137500.0,shapefit,0.005,25,-0.6034083701229062,
1,T1,137500.0,string_n1,0.005,26,-0.3900417866416021,
1,T1,137500.0,multi_iso,0.005,26,0.1462841466479003,
1,T1,137500.0,shapefit,0.005,26,0.1567918094267476,
1,T1,137500.0,string_n1,0.005,27,-0.3326337088052691,
1,T1,137500.0,multi_iso,0.005,27,0.0046690002685539,
1,T1,137500.0,shapefit,0.005,27,0.6076318364666182,
1,T1,137500.0,string_n1,0.005,28,0.1405379265305078,
1,T1,137500.0,multi_iso,0.005,28,-0.3456515970528549,
1,T1,137500.0,shapefit,0.005,28,1.4067977773755451,
1,T1,137500.0,string_n1,0.005,29,-0.1324062617780979,
1,T1,137500.0,multi_iso,0.005,29,-0.2346918850131968,
1,T1,137500.0,shapefit,0.005,29,1.7525643345417077,
1,T1,137500.0,string_n1,0.005,30,-0.556496609168868,
1,T1,137500.0,multi_iso,0.005,30,-0.082037917709105,
1,T1,137500.0,shapefit,0.005,30,-1.4642563590640414,
1,T1,137500.0,string_n1,0.005,31,0.0668853366120972,
1,T1,137500.0,multi_iso,0.005,31,-0.0155316654696256,
1,T1,137500.0,shapefit,0.005,31,-0.8972392498070416,
1,T1,137500.0,string_n1,0.005,32,-0.3400745943018701,
1,T1,137500.0,multi_iso,0.005,32,-0.1012578718053515,
1,T1,137500.0,shapefit,0.005,32,0.047813111540692,
1,T1,137500.0,string_n1,0.005,33,-0.3736158822033427,
1,T1,137500.0,multi_iso,0.005,33,0.0077550402256787,
1,T1,137500.0,shapefit,0.005,33,1.2794588524127295,
1,T1,137500.0,string_n1,0.005,34,0.0665571607395329,
1,T1,137500.0,multi_iso,0.005,34,0.2222669127486773,
1,T1,137500.0,shapefit,0.005,34,-0.5439367052640088,
1,T1,137500.0,string_n1,0.005,35,-0.4834856387175281,
1,T1,137500.0,multi_iso,0.005,35,-0.224608409382297,
1,T1,137500.0,shapefit,0.005,35,1.1633644578115463,
1,T1,137500.0,string_n1,0.005,36,-0.1901920101254416,
1,T1,137500.0,multi_iso,0.005,36,0.1374701646967918,
1,T1,137500.0,shapefit,0.005,36,-0.3454227934300645,
1,T1,137500.0,string_n1,0.005,37,-0.0796374431557487,
1,T1,137500.0,multi_iso,0.005,37,0.2760637757110367,
1,T1,137500.0,shapefit,0.005,37,0.0613442757829431,
1,T1,137500.0,string_n1,0.005,38,0.0906073095347436,
1,T1,137500.0,multi_iso,0.005,38,0.0569692904722284,
1,T1,137500.0,shapefit,0.005,38,0.665292096574304,
1,T1,137500.0,string_n1,0.005,39,-0.6070399956828068,
1,T1,137500.0,multi_iso,0.005,39,-0.327952969588805,
1,T1,137500.0,shapefit,0.005,39,0.2842831151684831,
1,T1,137500.0,string_n1,0.005,40,0.1280739632108333,
1,T1,137500.0,multi_iso,0.005,40,0.0882671951759733,
1,T1,137500.0,shapefit,0.005,40,0.5328536416325422,
1,T1,137500.0,string_n1,0.005,41,-0.0882511932091279,
1,T1,137500.0,multi_iso,0.005,41,0.3613160160124429,
1,T1,137500.0,shapefit,0.005,41,0.3548297451737294,
1,T1,137500.0,string_n1,0.005,42,-0.5870240712900943,
1,T1,137500.0,multi_iso,0.005,42,0.2834611341105774,
1,T1,137500.0,shapefit,0.005,42,-0.2015177135841116,
1,T1,137500.0,string_n1,0.005,43,-0.2845888445746704,
1,T1,137500.0,multi_iso,0.005,43,-0.2087224412211852,
1,T1,137500.0,shapefit,0.005,43,-0.105493463125863,
1,T1,137500.0,string_n1,0.005,44,-1.1418401965484954,
1,T1,137500.0,multi_iso,0.005,44,-0.1485751903577157,
1,T1,137500.0,shapefit,0.005,44,-0.5860740567796906,
1,T1,137500.0,string_n1,0.005,45,-0.1723642922067083,
1,T1,137500.0,multi_iso,0.005,45,-0.442541746449678,
1,T1,137500.0,shapefit,0.005,45,0.3601508426826066,
1,T1,137500.0,string_n1,0.005,46,0.0418789933445355,
1,T1,137500.0,multi_iso,0.005,46,0.2166038707928012,
1,T1,137500.0,shapefit,0.005,46,0.5698631540883798,
1,T1,137500.0,string_n1,0.005,47,0.0642414082811129,
1,T1,137500.0,multi_iso,0.005,47,-0.3394571972587992,
1,T1,137500.0,shapefit,0.005,47,1.4058066974211356,
1,T1,137500.0,string_n1,0.005,48,-0.5036170261542059,
1,T1,137500.0,multi_iso,0.005,48,-0.2706875786675055,
1,T1,137500.0,shapefit,0.005,48,-0.2778021876406644,
1,T1,137500.0,string_n1,0.005,49,0.6674564189109317,
1,T1,137500.0,multi_iso,0.005,49,0.1134458588092291,
1,T1,137500.0,shapefit,0.005,49,0.8261068670395761,
1,T1,137500.0,string_n1,0.005,50,-0.4779134864043233,
1,T1,137500.0,multi_iso,0.005,50,0.2076285668677777,
1,T1,137500.0,shapefit,0.005,50,0.9251034495872232,
1,T1,137500.0,string_n1,0.005,51,0.3746179748427715,
1,T1,137500.0,multi_iso,0.005,51,-0.0354537163235839,
1,T1,137500.0,shapefit,0.005,51,-0.0113241842695173,
1,T1,137500.0,string_n1,0.005,52,0.037298730731857,
1,T1,137500.0,multi_iso,0.005,52,-0.5149704011578791,
1,T1,137500.0,shapefit,0.005,52,-0.5733414587211922,
1,T1,137500.0,string_n1,0.005,53,-0.2845417643340558,
1,T1,137500.0,multi_iso,0.005,53,-0.1069056209676306,
1,T1,137500.0,shapefit,0.005,53,0.978656692200552,
1,T1,137500.0,string_n1,0.005,54,-0.0196289888093332,
1,T1,137500.0,multi_iso,0.005,54,-0.292793639044997,
1,T1,137500.0,shapefit,0.005,54,-1.0698801453123503,
1,T1,137500.0,string_n1,0.005,55,-0.4477523152381181,
1,T1,137500.0,multi_iso,0.005,55,-0.0947950672808695,
1,T1,137500.0,shapefit,0.005,55,-0.3480792996607382,
1,T1,137500.0,string_n1,0.005,56,-0.5687478190354833,
1,T1,137500.0,multi_iso,0.005,56,-0.2067351879830768,
1,T1,137500.0,shapefit,0.005,56,-0.9995188975139436,
1,T1,137500.0,string_n1,0.005,57,-0.5612293438646011,
1,T1,137500.0,multi_iso,0.005,57,-0.1763183003855149,
1,T1,137500.0,shapefit,0.005,57,-0.9295203111131084,
1,T1,137500.0,string_n1,0.005,58,-0.413891778257612,
1,T1,137500.0,multi_iso,0.005,58,0.1154386444004591,
1,T1,137500.0,shapefit,0.005,58,0.2250903273827015,
1,T1,137500.0,string_n1,0.005,59,-0.0626978585894896,
1,T1,137500.0,multi_iso,0.005,59,0.1336358844590458,
1,T1,137500.0,shapefit,0.005,59,-0.3249914721158671,
1,T1,137500.0,string_n1,0.005,60,0.4554014895133124,
1,T1,137500.0,multi_iso,0.005,60,0.024667548359668,
1,T1,137500.0,shapefit,0.005,60,0.7359016860255717,
1,T1,137500.0,string_n1,0.005,61,0.3741844410677017,
1,T1,137500.0,multi_iso,0.005,61,0.208006174534665,
1,T1,137500.0,shapefit,0.005,61,-0.434833778930066,
1,T1,137500.0,string_n1,0.005,62,-0.9306660454555796,
1,T1,137500.0,multi_iso,0.005,62,-0.0631848731805485,
1,T1,137500.0,shapefit,0.005,62,-0.3488762113335331,
1,T1,137500.0,string_n1,0.005,63,-0.3109462929763831,
1,T1,137500.0,multi_iso,0.005,63,-0.5182822440178133,
1,T1,137500.0,shapefit,0.005,63,-0.4613914822367739,
1,T1,137500.0,string_n1,0.005,64,0.2429304107341873,
1,T1,137500.0,multi_iso,0.005,64,-0.3235872244951103,
1,T1,137500.0,shapefit,0.005,64,1.129822168360824,
1,T1,137500.0,string_n1,0.005,65,-0.5909079025284684,
1,T1,137500.0,multi_iso,0.005,65,-0.2937834142476362,
1,T1,137500.0,shapefit,0.005,65,-0.6806677000273484,
1,T1,137500.0,string_n1,0.005,66,0.0689127102506093,
1,T1,137500.0,multi_iso,0.005,66,0.2632861891643313,
1,T1,137500.0,shapefit,0.005,66,-0.508445562308887,
1,T1,137500.0,string_n1,0.005,67,-0.9123324820592956,
1,T1,137500.0,multi_iso,0.005,67,0.4221850247840947,
1,T1,137500.0,shapefit,0.005,67,-1.5818035122935703,
1,T1,137500.0,string_n1,0.005,68,-0.7176358164035377,
1,T1,137500.0,multi_iso,0.005,68,-0.2277010154086376,
1,T1,137500.0,shapefit,0.005,68,-0.3982495310656218,
1,T1,137500.0,string_n1,0.005,69,-0.6621303344835443,
1,T1,137500.0,multi_iso,0.005,69,-0.0206349481178489,
1,T1,137500.0,shapefit,0.005,69,-0.3478931546075354,
1,T1,137500.0,string_n1,0.005,70,-0.4562422252045521,
1,T1,137500.0,multi_iso,0.005,70,-0.0596592913742219,
1,T1,137500.0,shapefit,0.005,70,-1.1194090424392753,
1,T1,137500.0,string_n1,0.005,71,-0.4417705286316234,
1,T1,137500.0,multi_iso,0.005,71,-0.2296120119104373,
1,T1,137500.0,shapefit,0.005,71,0.5167072684680408,
1,T1,137500.0,string_n1,0.005,72,0.2534584573685742,
1,T1,137500.0,multi_iso,0.005,72,-0.0112120690239085,
1,T1,137500.0,shapefit,0.005,72,1.816173792958704,
1,T1,137500.0,string_n1,0.005,73,-0.5965355009000156,
1,T1,137500.0,multi_iso,0.005,73,-0.0057208310259844,
1,T1,137500.0,shapefit,0.005,73,0.7192219077029731,
1,T1,137500.0,string_n1,0.005,74,0.1382413641805337,
1,T1,137500.0,multi_iso,0.005,74,0.19027182572335,
1,T1,137500.0,shapefit,0.005,74,0.6516735173663633,
1,T1,137500.0,string_n1,0.005,75,-0.6854085538467307,
1,T1,137500.0,multi_iso,0.005,75,0.110015196707904,
1,T1,137500.0,shapefit,0.005,75,-0.8555916805529162,
1,T1,137500.0,string_n1,0.005,76,-0.0556024873465595,
1,T1,137500.0,multi_iso,0.005,76,0.1732278869829394,
1,T1,137500.0,shapefit,0.005,76,0.3227253727496559,
1,T1,137500.0,string_n1,0.005,77,-0.026208984503332,
1,T1,137500.0,multi_iso,0.005,77,-0.0547065377156885,
1,T1,137500.0,shapefit,0.005,77,-0.125140117008874,
1,T1,137500.0,string_n1,0.005,78,-0.0843138473419557,
1,T1,137500.0,multi_iso,0.005,78,-0.1857350816260388,
1,T1,137500.0,shapefit,0.005,78,0.1714380262921225,
1,T1,137500.0,string_n1,0.005,79,-0.6522546969017183,
1,T1,137500.0,multi_iso,0.005,79,0.1404781099830923,
1,T1,137500.0,shapefit,0.005,79,-0.2634303153626494,
1,T1,137500.0,string_n1,0.005,80,-0.1439625282414807,
1,T1,137500.0,multi_iso,0.005,80,0.3102749065713406,
1,T1,137500.0,shapefit,0.005,80,0.1348390591427556,
1,T1,137500.0,string_n1,0.005,81,-0.8176170485890258,
1,T1,137500.0,multi_iso,0.005,81,0.5303791157706768,
1,T1,137500.0,shapefit,0.005,81,-0.8522916889720046,
1,T1,137500.0,string_n1,0.005,82,-0.7996503473841585,
1,T1,137500.0,multi_iso,0.005,82,-0.1403203544858419,
1,T1,137500.0,shapefit,0.005,82,-0.6647179537775969,
1,T1,137500.0,string_n1,0.005,83,-0.3004599847742568,
1,T1,137500.0,multi_iso,0.005,83,0.5481981576504398,
1,T1,137500.0,shapefit,0.005,83,0.0305073116195642,
1,T1,137500.0,string_n1,0.005,84,-0.0904603786987506,
1,T1,137500.0,multi_iso,0.005,84,0.2445626400581095,
1,T1,137500.0,shapefit,0.005,84,1.2074229600187814,
1,T1,137500.0,string_n1,0.005,85,-0.6522943405524023,
1,T1,137500.0,multi_iso,0.005,85,-0.0031689433155962,
1,T1,137500.0,shapefit,0.005,85,-1.0518896135127764,
1,T1,137500.0,string_n1,0.005,86,-0.1674670202700759,
1,T1,137500.0,multi_iso,0.005,86,-0.1119725357135546,
1,T1,137500.0,shapefit,0.005,86,0.0822456640697465,
1,T1,137500.0,string_n1,0.005,87,-0.5418150777588598,
1,T1,137500.0,multi_iso,0.005,87,0.3184100067271343,
1,T1,137500.0,shapefit,0.005,87,-0.7347917324738281,
1,T1,137500.0,string_n1,0.005,88,-0.0555303394922732,
1,T1,137500.0,multi_iso,0.005,88,0.1763592293465044,
1,T1,137500.0,shapefit,0.005,88,-0.394083593392406,
1,T1,137500.0,string_n1,0.005,89,-0.0703621882727285,
1,T1,137500.0,multi_iso,0.005,89,-0.3630410656822337,
1,T1,137500.0,shapefit,0.005,89,0.5288056659043597,
1,T1,137500.0,string_n1,0.005,90,0.1735288459741172,
1,T1,137500.0,multi_iso,0.005,90,0.4226740961918311,
1,T1,137500.0,shapefit,0.005,90,0.7427433240302119,
1,T1,137500.0,string_n1,0.005,91,-0.4092013831982304,
1,T1,137500.0,multi_iso,0.005,91,0.3641301590210377,
1,T1,137500.0,shapefit,0.005,91,-1.070153301616538,
1,T1,137500.0,string_n1,0.005,92,0.4686861502348699,
1,T1,137500.0,multi_iso,0.005,92,0.4104496506236451,
1,T1,137500.0,shapefit,0.005,92,0.2168073567405808,
1,T1,137500.0,string_n1,0.005,93,0.0820261147336145,
1,T1,137500.0,multi_iso,0.005,93,-0.1609494575698733,
1,T1,137500.0,shapefit,0.005,93,1.4734502268711065,
1,T1,137500.0,string_n1,0.005,94,-0.779030091983753,
1,T1,137500.0,multi_iso,0.005,94,0.104416034172162,
1,T1,137500.0,shapefit,0.005,94,0.051180237702856,
1,T1,137500.0,string_n1,0.005,95,-0.0476736687557263,
1,T1,137500.0,multi_iso,0.005,95,0.206219379577828,
1,T1,137500.0,shapefit,0.005,95,-0.0889026853408537,
1,T1,137500.0,string_n1,0.005,96,-0.3921344752388117,
1,T1,137500.0,multi_iso,0.005,96,-0.0922461732980287,
1,T1,137500.0,shapefit,0.005,96,0.8019304212555501,
1,T1,137500.0,string_n1,0.005,97,-0.3458142878521572,
1,T1,137500.0,multi_iso,0.005,97,0.2798353074965152,
1,T1,137500.0,shapefit,0.005,97,-0.1230875535780691,
1,T1,137500.0,string_n1,0.005,98,-0.0950174501644532,
1,T1,137500.0,multi_iso,0.005,98,-0.4652021037247243,
1,T1,137500.0,shapefit,0.005,98,0.552294076252263,
1,T1,137500.0,string_n1,0.005,99,0.0197165764744647,
1,T1,137500.0,multi_iso,0.005,99,0.5144728376718916,
1,T1,137500.0,shapefit,0.005,99,0.6274468995767053,
1,T1,137500.0,string_n1,0.01,0,0.2336641369237437,
1,T1,137500.0,multi_iso,0.01,0,-0.2681279293506787,
1,T1,137500.0,shapefit,0.01,0,-0.8039764843866526,
1,T1,137500.0,string_n1,0.01,1,-1.2011725280189844,
1,T1,137500.0,multi_iso,0.01,1,0.1380837947621687,
1,T1,137500.0,shapefit,0.01,1,0.3287001775007229,
1,T1,137500.0,string_n1,0.01,2,0.3770392853294245,
1,T1,137500.0,multi_iso,0.01,2,0.3022071434304287,
1,T1,137500.0,shapefit,0.01,2,1.3991862872720866,
1,T1,137500.0,string_n1,0.01,3,-0.3882272302555132,
1,T1,137500.0,multi_iso,0.01,3,0.2313576045090078,
1,T1,137500.0,shapefit,0.01,3,-0.7210860377577641,
1,T1,137500.0,string_n1,0.01,4,0.8981092805418567,
1,T1,137500.0,multi_iso,0.01,4,0.0821062596550169,
1,T1,137500.0,shapefit,0.01,4,-2.177221988683122,
1,T1,137500.0,string_n1,0.01,5,0.2509054654446346,
1,T1,137500.0,multi_iso,0.01,5,0.4102191368191164,
1,T1,137500.0,shapefit,0.01,5,0.7251831300230697,
1,T1,137500.0,string_n1,0.01,6,-0.0855756867758887,
1,T1,137500.0,multi_iso,0.01,6,-0.0390718236061405,
1,T1,137500.0,shapefit,0.01,6,3.0181452876605643,
1,T1,137500.0,string_n1,0.01,7,-0.9083123958697966,
1,T1,137500.0,multi_iso,0.01,7,-0.4547798276293853,
1,T1,137500.0,shapefit,0.01,7,0.4856139037504114,
1,T1,137500.0,string_n1,0.01,8,-0.8885407072978136,
1,T1,137500.0,multi_iso,0.01,8,-0.1136284598394678,
1,T1,137500.0,shapefit,0.01,8,-0.1075848315004894,
1,T1,137500.0,string_n1,0.01,9,-0.1249172864564355,
1,T1,137500.0,multi_iso,0.01,9,-0.7922397904043424,
1,T1,137500.0,shapefit,0.01,9,-0.3218026990501464,
1,T1,137500.0,string_n1,0.01,10,-1.0794655704625713,
1,T1,137500.0,multi_iso,0.01,10,-0.2461628283597529,
1,T1,137500.0,shapefit,0.01,10,0.8519529333330945,
1,T1,137500.0,string_n1,0.01,11,-0.5260306504756127,
1,T1,137500.0,multi_iso,0.01,11,-0.3128611477117096,
1,T1,137500.0,shapefit,0.01,11,-2.0302265324132223,
1,T1,137500.0,string_n1,0.01,12,-0.9577017296946564,
1,T1,137500.0,multi_iso,0.01,12,-0.0134139984726948,
1,T1,137500.0,shapefit,0.01,12,-1.0715119026399176,
1,T1,137500.0,string_n1,0.01,13,-1.0349604940927717,
1,T1,137500.0,multi_iso,0.01,13,-0.0793081351189493,
1,T1,137500.0,shapefit,0.01,13,-1.664203287915644,
1,T1,137500.0,string_n1,0.01,14,0.2455386534070765,
1,T1,137500.0,multi_iso,0.01,14,-0.4200328478309834,
1,T1,137500.0,shapefit,0.01,14,2.060409265092765,
1,T1,137500.0,string_n1,0.01,15,-0.6115250616293104,
1,T1,137500.0,multi_iso,0.01,15,0.1938764113824264,
1,T1,137500.0,shapefit,0.01,15,-0.0437214475332717,
1,T1,137500.0,string_n1,0.01,16,0.7843373252437662,
1,T1,137500.0,multi_iso,0.01,16,-0.0720214106011289,
1,T1,137500.0,shapefit,0.01,16,2.3661777329902716,
1,T1,137500.0,string_n1,0.01,17,-0.0958313073526051,
1,T1,137500.0,multi_iso,0.01,17,0.1042958748019723,
1,T1,137500.0,shapefit,0.01,17,-0.0905979289984838,
1,T1,137500.0,string_n1,0.01,18,-0.3929326986104716,
1,T1,137500.0,multi_iso,0.01,18,-0.2928198227551131,
1,T1,137500.0,shapefit,0.01,18,-0.7358034290927885,
1,T1,137500.0,string_n1,0.01,19,-0.4422895899233408,
1,T1,137500.0,multi_iso,0.01,19,0.0891109662935645,
1,T1,137500.0,shapefit,0.01,19,-0.4031960970239544,
1,T1,137500.0,string_n1,0.01,20,-0.4093544461580036,
1,T1,137500.0,multi_iso,0.01,20,-0.1468951033788564,
1,T1,137500.0,shapefit,0.01,20,-1.4389132359794723,
1,T1,137500.0,string_n1,0.01,21,-0.0943276097536383,
1,T1,137500.0,multi_iso,0.01,21,-0.062198559641965,
1,T1,137500.0,shapefit,0.01,21,1.689309927394529,
1,T1,137500.0,string_n1,0.01,22,-0.301378966780591,
1,T1,137500.0,multi_iso,0.01,22,-0.0228815236897419,
1,T1,137500.0,shapefit,0.01,22,-1.7286681820848873,
1,T1,137500.0,string_n1,0.01,23,-0.7777196344334463,
1,T1,137500.0,multi_iso,0.01,23,-0.2555940314442215,
1,T1,137500.0,shapefit,0.01,23,2.292447327367369,
1,T1,137500.0,string_n1,0.01,24,-0.6242112282621675,
1,T1,137500.0,multi_iso,0.01,24,-0.0266739916817115,
1,T1,137500.0,shapefit,0.01,24,0.0386375263622453,
1,T1,137500.0,string_n1,0.01,25,-0.4761626878319605,
1,T1,137500.0,multi_iso,0.01,25,-0.227051666335753,
1,T1,137500.0,shapefit,0.01,25,0.0859668229477141,
1,T1,137500.0,string_n1,0.01,26,-0.5381337567864367,
1,T1,137500.0,multi_iso,0.01,26,0.2560499482292851,
1,T1,137500.0,shapefit,0.01,26,-1.665334807692646,
1,T1,137500.0,string_n1,0.01,27,0.0750990183617157,
1,T1,137500.0,multi_iso,0.01,27,0.1646855240395419,
1,T1,137500.0,shapefit,0.01,27,1.6413879199952988,
1,T1,137500.0,string_n1,0.01,28,-0.5997283579362768,
1,T1,137500.0,multi_iso,0.01,28,-0.0374821086653338,
1,T1,137500.0,shapefit,0.01,28,-1.672749901519792,
1,T1,137500.0,string_n1,0.01,29,-0.6971946519305718,
1,T1,137500.0,multi_iso,0.01,29,0.3363444955642123,
1,T1,137500.0,shapefit,0.01,29,0.2106948569265236,
1,T1,137500.0,string_n1,0.01,30,-0.8538659203639042,
1,T1,137500.0,multi_iso,0.01,30,-0.1723461185370529,
1,T1,137500.0,shapefit,0.01,30,-1.7513012568823445,
1,T1,137500.0,string_n1,0.01,31,-0.265889732442267,
1,T1,137500.0,multi_iso,0.01,31,-0.2554580842494245,
1,T1,137500.0,shapefit,0.01,31,1.267531166750726,
1,T1,137500.0,string_n1,0.01,32,-0.3788179049254395,
1,T1,137500.0,multi_iso,0.01,32,0.2803662106237289,
1,T1,137500.0,shapefit,0.01,32,1.7371513986778022,
1,T1,137500.0,string_n1,0.01,33,-0.4671064883227756,
1,T1,137500.0,multi_iso,0.01,33,-0.0003185735574542,
1,T1,137500.0,shapefit,0.01,33,0.907662937998962,
1,T1,137500.0,string_n1,0.01,34,0.2484062594946643,
1,T1,137500.0,multi_iso,0.01,34,0.3043119280081962,
1,T1,137500.0,shapefit,0.01,34,-0.480489352969241,
1,T1,137500.0,string_n1,0.01,35,0.4164086487829601,
1,T1,137500.0,multi_iso,0.01,35,-0.2933042602732312,
1,T1,137500.0,shapefit,0.01,35,1.4243655622948004,
1,T1,137500.0,string_n1,0.01,36,-0.2004156459530773,
1,T1,137500.0,multi_iso,0.01,36,-0.4014671120028519,
1,T1,137500.0,shapefit,0.01,36,-0.0573740544332487,
1,T1,137500.0,string_n1,0.01,37,-0.5541699791514019,
1,T1,137500.0,multi_iso,0.01,37,0.1715568305608096,
1,T1,137500.0,shapefit,0.01,37,0.4475243006104349,
1,T1,137500.0,string_n1,0.01,38,-0.0663895545954477,
1,T1,137500.0,multi_iso,0.01,38,0.0706665747867981,
1,T1,137500.0,shapefit,0.01,38,-0.1563694061622531,
1,T1,137500.0,string_n1,0.01,39,-0.2278550035622267,
1,T1,137500.0,multi_iso,0.01,39,0.2124489860246593,
1,T1,137500.0,shapefit,0.01,39,-0.5845481510375711,
1,T1,137500.0,string_n1,0.01,40,0.3619855456200682,
1,T1,137500.0,multi_iso,0.01,40,-0.0910039185684555,
1,T1,137500.0,shapefit,0.01,40,1.0234297110615087,
1,T1,137500.0,string_n1,0.01,41,0.3264955524856394,
1,T1,137500.0,multi_iso,0.01,41,0.1224227091465568,
1,T1,137500.0,shapefit,0.01,41,0.4464728628201198,
1,T1,137500.0,string_n1,0.01,42,-0.569179473385236,
1,T1,137500.0,multi_iso,0.01,42,0.1130323099497578,
1,T1,137500.0,shapefit,0.01,42,0.1699510370565747,
1,T1,137500.0,string_n1,0.01,43,-0.3658311215676367,
1,T1,137500.0,multi_iso,0.01,43,-0.2488122087589634,
1,T1,137500.0,shapefit,0.01,43,-0.9419187965756494,
1,T1,137500.0,string_n1,0.01,44,-0.7163420115405355,
1,T1,137500.0,multi_iso,0.01,44,-0.225026799872073,
1,T1,137500.0,shapefit,0.01,44,0.6777781427031467,
1,T1,137500.0,string_n1,0.01,45,-0.7997963989426975,
1,T1,137500.0,multi_iso,0.01,45,-0.0358720360836225,
1,T1,137500.0,shapefit,0.01,45,-0.3617179542752194,
1,T1,137500.0,string_n1,0.01,46,-0.2106788725200193,
1,T1,137500.0,multi_iso,0.01,46,-0.4344147736015941,
1,T1,137500.0,shapefit,0.01,46,-1.552293311787621,
1,T1,137500.0,string_n1,0.01,47,0.0470803045544519,
1,T1,137500.0,multi_iso,0.01,47,0.2552137451720297,
1,T1,137500.0,shapefit,0.01,47,-1.220000503723933,
1,T1,137500.0,string_n1,0.01,48,-0.4954148251421919,
1,T1,137500.0,multi_iso,0.01,48,-0.1166765916495456,
1,T1,137500.0,shapefit,0.01,48,0.2883512448539365,
1,T1,137500.0,string_n1,0.01,49,-0.4990058249449992,
1,T1,137500.0,multi_iso,0.01,49,-0.0296512837684924,
1,T1,137500.0,shapefit,0.01,49,2.0285173978003335,
1,T1,137500.0,string_n1,0.01,50,0.2628668798436622,
1,T1,137500.0,multi_iso,0.01,50,0.0247034074307461,
1,T1,137500.0,shapefit,0.01,50,-1.4110457694676113,
1,T1,137500.0,string_n1,0.01,51,-0.2882432320760563,
1,T1,137500.0,multi_iso,0.01,51,0.5929427069558508,
1,T1,137500.0,shapefit,0.01,51,1.2514066823349672,
1,T1,137500.0,string_n1,0.01,52,-0.5091079066226851,
1,T1,137500.0,multi_iso,0.01,52,0.244057373892283,
1,T1,137500.0,shapefit,0.01,52,-0.5413755825298457,
1,T1,137500.0,string_n1,0.01,53,-0.1280232136601539,
1,T1,137500.0,multi_iso,0.01,53,-0.0333427498237949,
1,T1,137500.0,shapefit,0.01,53,0.3318003832933027,
1,T1,137500.0,string_n1,0.01,54,-0.420804154010172,
1,T1,137500.0,multi_iso,0.01,54,-0.1569176983667791,
1,T1,137500.0,shapefit,0.01,54,-0.0598103918822863,
1,T1,137500.0,string_n1,0.01,55,-0.5014195826472291,
1,T1,137500.0,multi_iso,0.01,55,0.2310751261682122,
1,T1,137500.0,shapefit,0.01,55,0.9054992204374336,
1,T1,137500.0,string_n1,0.01,56,-0.9671977130328516,
1,T1,137500.0,multi_iso,0.01,56,-0.0869170388375324,
1,T1,137500.0,shapefit,0.01,56,-1.383240026315674,
1,T1,137500.0,string_n1,0.01,57,-0.3823461692687335,
1,T1,137500.0,multi_iso,0.01,57,-0.1347248797097074,
1,T1,137500.0,shapefit,0.01,57,-0.3919244254221504,
1,T1,137500.0,string_n1,0.01,58,-0.2036033221277493,
1,T1,137500.0,multi_iso,0.01,58,-0.1080717485032933,
1,T1,137500.0,shapefit,0.01,58,0.4467203719424803,
1,T1,137500.0,string_n1,0.01,59,0.0483034383775243,
1,T1,137500.0,multi_iso,0.01,59,-0.0832323137279811,
1,T1,137500.0,shapefit,0.01,59,1.019973568609831,
1,T1,137500.0,string_n1,0.01,60,-0.5034505744353571,
1,T1,137500.0,multi_iso,0.01,60,-0.1840597169414289,
1,T1,137500.0,shapefit,0.01,60,-2.239552449248752,
1,T1,137500.0,string_n1,0.01,61,-0.5432059597055089,
1,T1,137500.0,multi_iso,0.01,61,-0.0319645517910195,
1,T1,137500.0,shapefit,0.01,61,0.1654376364687288,
1,T1,137500.0,string_n1,0.01,62,-0.1535268999257929,
1,T1,137500.0,multi_iso,0.01,62,-0.6231872037354518,
1,T1,137500.0,shapefit,0.01,62,-0.9659091027020054,
1,T1,137500.0,string_n1,0.01,63,-0.2654384743932804,
1,T1,137500.0,multi_iso,0.01,63,-0.4079157519926613,
1,T1,137500.0,shapefit,0.01,63,0.7472119277338921,
1,T1,137500.0,string_n1,0.01,64,-0.1413272414049557,
1,T1,137500.0,multi_iso,0.01,64,-0.3471082205897917,
1,T1,137500.0,shapefit,0.01,64,-1.1454789601514666,
1,T1,137500.0,string_n1,0.01,65,-0.7369542360978032,
1,T1,137500.0,multi_iso,0.01,65,0.1287342384403825,
1,T1,137500.0,shapefit,0.01,65,-0.0667200397871942,
1,T1,137500.0,string_n1,0.01,66,-0.4385049417905551,
1,T1,137500.0,multi_iso,0.01,66,-0.0574626291050914,
1,T1,137500.0,shapefit,0.01,66,-1.598962230351796,
1,T1,137500.0,string_n1,0.01,67,0.0267145699411418,
1,T1,137500.0,multi_iso,0.01,67,-0.3747839835318948,
1,T1,137500.0,shapefit,0.01,67,-1.4848917155372274,
1,T1,137500.0,string_n1,0.01,68,-0.6540585286730731,
1,T1,137500.0,multi_iso,0.01,68,-0.0116225935602137,
1,T1,137500.0,shapefit,0.01,68,-2.1658223665692757,
1,T1,137500.0,string_n1,0.01,69,-0.3190519909822509,
1,T1,137500.0,multi_iso,0.01,69,0.3592779988953632,
1,T1,137500.0,shapefit,0.01,69,1.9745552863267843,
1,T1,137500.0,string_n1,0.01,70,-1.0587946725567294,
1,T1,137500.0,multi_iso,0.01,70,0.0845183750043453,
1,T1,137500.0,shapefit,0.01,70,-1.8631781643940644,
1,T1,137500.0,string_n1,0.01,71,-0.1249390768655364,
1,T1,137500.0,multi_iso,0.01,71,0.174311329626965,
1,T1,137500.0,shapefit,0.01,71,1.28806030926047,
1,T1,137500.0,string_n1,0.01,72,-1.0606753840239675,
1,T1,137500.0,multi_iso,0.01,72,-0.5898080648985606,
1,T1,137500.0,shapefit,0.01,72,0.081634451446843,
1,T1,137500.0,string_n1,0.01,73,-0.4973070687025531,
1,T1,137500.0,multi_iso,0.01,73,-0.1015938576434273,
1,T1,137500.0,shapefit,0.01,73,-0.7217985173288141,
1,T1,137500.0,string_n1,0.01,74,-0.4958936651671221,
1,T1,137500.0,multi_iso,0.01,74,0.3113291054032319,
1,T1,137500.0,shapefit,0.01,74,0.6465302146914076,
1,T1,137500.0,string_n1,0.01,75,-0.7609526029954115,
1,T1,137500.0,multi_iso,0.01,75,0.3428592062363062,
1,T1,137500.0,shapefit,0.01,75,-0.3036938099822199,
1,T1,137500.0,string_n1,0.01,76,-0.6722294310602487,
1,T1,137500.0,multi_iso,0.01,76,-0.7006177246254784,
1,T1,137500.0,shapefit,0.01,76,-0.7118534410508477,
1,T1,137500.0,string_n1,0.01,77,-0.1615477253410711,
1,T1,137500.0,multi_iso,0.01,77,0.2260755684164098,
1,T1,137500.0,shapefit,0.01,77,3.105825747163797,
1,T1,137500.0,string_n1,0.01,78,-0.1162476426976606,
1,T1,137500.0,multi_iso,0.01,78,0.0968102020733693,
1,T1,137500.0,shapefit,0.01,78,1.3439507190976716,
1,T1,137500.0,string_n1,0.01,79,-0.5500114155411508,
1,T1,137500.0,multi_iso,0.01,79,0.0264089225983374,
1,T1,137500.0,shapefit,0.01,79,0.7968928219090554,
1,T1,137500.0,string_n1,0.01,80,0.4738039014061108,
1,T1,137500.0,multi_iso,0.01,80,0.3032062098489524,
1,T1,137500.0,shapefit,0.01,80,1.9097677474434025,
1,T1,137500.0,string_n1,0.01,81,-0.3831807192499876,
1,T1,137500.0,multi_iso,0.01,81,0.1619696275825527,
1,T1,137500.0,shapefit,0.01,81,0.9758063070592472,
1,T1,137500.0,string_n1,0.01,82,0.1997384520510889,
1,T1,137500.0,multi_iso,0.01,82,0.1683951593426225,
1,T1,137500.0,shapefit,0.01,82,0.2105312835690988,
1,T1,137500.0,string_n1,0.01,83,-0.2580781028135256,
1,T1,137500.0,multi_iso,0.01,83,0.1913241295200688,
1,T1,137500.0,shapefit,0.01,83,-1.3168796235184312,
1,T1,137500.0,string_n1,0.01,84,0.4234433798017827,
1,T1,137500.0,multi_iso,0.01,84,0.1251266347331587,
1,T1,137500.0,shapefit,0.01,84,2.211916360997468,
1,T1,137500.0,string_n1,0.01,85,-0.0802502955546475,
1,T1,137500.0,multi_iso,0.01,85,-0.2591501502443359,
1,T1,137500.0,shapefit,0.01,85,1.557556094843069,
1,T1,137500.0,string_n1,0.01,86,0.2406678418372757,
1,T1,137500.0,multi_iso,0.01,86,-0.1562467212460258,
1,T1,137500.0,shapefit,0.01,86,-1.9150030210175848,
1,T1,137500.0,string_n1,0.01,87,-0.634972471075069,
1,T1,137500.0,multi_iso,0.01,87,-0.190080793580506,
1,T1,137500.0,shapefit,0.01,87,-0.8237609738210766,
1,T1,137500.0,string_n1,0.01,88,-0.8046925605237273,
1,T1,137500.0,multi_iso,0.01,88,0.2308274390829557,
1,T1,137500.0,shapefit,0.01,88,-1.56721856269433,
1,T1,137500.0,string_n1,0.01,89,-0.2822469180259134,
1,T1,137500.0,multi_iso,0.01,89,-0.2167448253736154,
1,T1,137500.0,shapefit,0.01,89,0.4229562950741542,
1,T1,137500.0,string_n1,0.01,90,-0.894967298340391,
1,T1,137500.0,multi_iso,0.01,90,-0.0953650570779361,
1,T1,137500.0,shapefit,0.01,90,0.9519233523647892,
1,T1,137500.0,string_n1,0.01,91,-0.810912988251689,
1,T1,137500.0,multi_iso,0.01,91,-0.3936609292393339,
1,T1,137500.0,shapefit,0.01,91,0.4638401256588245,
1,T1,137500.0,string_n1,0.01,92,-0.8915571762891275,
1,T1,137500.0,multi_iso,0.01,92,0.0846525728427805,
1,T1,137500.0,shapefit,0.01,92,-0.0965810450263194,
1,T1,137500.0,string_n1,0.01,93,-0.1187810564363925,
1,T1,137500.0,multi_iso,0.01,93,0.0842092490535314,
1,T1,137500.0,shapefit,0.01,93,1.261392811552981,
1,T1,137500.0,string_n1,0.01,94,-0.494404461489821,
1,T1,137500.0,multi_iso,0.01,94,0.1328333783424882,
1,T1,137500.0,shapefit,0.01,94,-0.5279066618110942,
1,T1,137500.0,string_n1,0.01,95,-0.398480520035881,
1,T1,137500.0,multi_iso,0.01,95,0.1163633302787361,
1,T1,137500.0,shapefit,0.01,95,-0.7185559458798644,
1,T1,137500.0,string_n1,0.01,96,0.2980768642564601,
1,T1,137500.0,multi_iso,0.01,96,0.3638091233240821,
1,T1,137500.0,shapefit,0.01,96,2.1492918531996708,
1,T1,137500.0,string_n1,0.01,97,-0.4186776613431601,
1,T1,137500.0,multi_iso,0.01,97,0.3645029007568743,
1,T1,137500.0,shapefit,0.01,97,-0.658199782445667,
1,T1,137500.0,string_n1,0.01,98,-0.1448880430969875,
1,T1,137500.0,multi_iso,0.01,98,-0.1487794452934864,
1,T1,137500.0,shapefit,0.01,98,-0.3829807031518906,
1,T1,137500.0,string_n1,0.01,99,-0.7176001409804025,
1,T1,137500.0,multi_iso,0.01,99,-0.2499144948669921,
1,T1,137500.0,shapefit,0.01,99,-0.5154664452665232,
1,T1,137500.0,string_n1,0.02,0,-0.3887013466952538,
1,T1,137500.0,multi_iso,0.02,0,-0.5385334851249248,
1,T1,137500.0,shapefit,0.02,0,-0.1922366926641499,
1,T1,137500.0,string_n1,0.02,1,-0.3480970848479985,
1,T1,137500.0,multi_iso,0.02,1,0.0092677869650704,
1,T1,137500.0,shapefit,0.02,1,-6.453001321097423,
1,T1,137500.0,string_n1,0.02,2,-0.8443992004817225,
1,T1,137500.0,multi_iso,0.02,2,-0.0157682534096212,
1,T1,137500.0,shapefit,0.02,2,-0.7289194281237327,
1,T1,137500.0,string_n1,0.02,3,-0.6955334892399313,
1,T1,137500.0,multi_iso,0.02,3,0.0610125983712602,
1,T1,137500.0,shapefit,0.02,3,0.3648469470030501,
1,T1,137500.0,string_n1,0.02,4,0.1090747190761506,
1,T1,137500.0,multi_iso,0.02,4,0.27076867346709,
1,T1,137500.0,shapefit,0.02,4,3.164373830984071,
1,T1,137500.0,string_n1,0.02,5,0.5149708384338513,
1,T1,137500.0,multi_iso,0.02,5,-0.1515299717869652,
1,T1,137500.0,shapefit,0.02,5,4.446098610900533,
1,T1,137500.0,string_n1,0.02,6,-0.2967316068331711,
1,T1,137500.0,multi_iso,0.02,6,-0.1221344150098633,
1,T1,137500.0,shapefit,0.02,6,2.138741349720248,
1,T1,137500.0,string_n1,0.02,7,-1.118075544090772,
1,T1,137500.0,multi_iso,0.02,7,-0.0190701784551863,
1,T1,137500.0,shapefit,0.02,7,0.1874135386452544,
1,T1,137500.0,string_n1,0.02,8,0.6199230109945744,
1,T1,137500.0,multi_iso,0.02,8,-0.171564351651373,
1,T1,137500.0,shapefit,0.02,8,-0.9107620740615,
1,T1,137500.0,string_n1,0.02,9,-0.2058839140683835,
1,T1,137500.0,multi_iso,0.02,9,-0.259714683233083,
1,T1,137500.0,shapefit,0.02,9,4.800154021485688,
1,T1,137500.0,string_n1,0.02,10,-0.8555373894598081,
1,T1,137500.0,multi_iso,0.02,10,-0.1466807386005424,
1,T1,137500.0,shapefit,0.02,10,0.878364674700911,
1,T1,137500.0,string_n1,0.02,11,0.1795312227476176,
1,T1,137500.0,multi_iso,0.02,11,-0.0767762029025365,
1,T1,137500.0,shapefit,0.02,11,0.1874675353021488,
1,T1,137500.0,string_n1,0.02,12,-0.261884662856496,
1,T1,137500.0,multi_iso,0.02,12,-0.3441969145965889,
1,T1,137500.0,shapefit,0.02,12,-2.247797935086175,
1,T1,137500.0,string_n1,0.02,13,-0.1947933893765069,
1,T1,137500.0,multi_iso,0.02,13,-0.2316042733549521,
1,T1,137500.0,shapefit,0.02,13,0.0635981995639264,
1,T1,137500.0,string_n1,0.02,14,0.0428893032545562,
1,T1,137500.0,multi_iso,0.02,14,-0.0324874908992047,
1,T1,137500.0,shapefit,0.02,14,-2.020791828793664,
1,T1,137500.0,string_n1,0.02,15,0.2222148964922155,
1,T1,137500.0,multi_iso,0.02,15,-0.0896292414431544,
1,T1,137500.0,shapefit,0.02,15,-1.9770500229709695,
1,T1,137500.0,string_n1,0.02,16,-0.3623338244611778,
1,T1,137500.0,multi_iso,0.02,16,-0.005597386034396,
1,T1,137500.0,shapefit,0.02,16,-0.8905334762986115,
1,T1,137500.0,string_n1,0.02,17,-0.2641310021297964,
1,T1,137500.0,multi_iso,0.02,17,0.002004884132692,
1,T1,137500.0,shapefit,0.02,17,10.435780854245223,
1,T1,137500.0,string_n1,0.02,18,-0.4302714839471631,
1,T1,137500.0,multi_iso,0.02,18,-0.3859114942837676,
1,T1,137500.0,shapefit,0.02,18,0.7981235113608524,
1,T1,137500.0,string_n1,0.02,19,-0.917759690739786,
1,T1,137500.0,multi_iso,0.02,19,-0.4633520442819731,
1,T1,137500.0,shapefit,0.02,19,-1.3915509665393566,
1,T1,137500.0,string_n1,0.02,20,-0.6647373898699033,
1,T1,137500.0,multi_iso,0.02,20,0.1940856141293929,
1,T1,137500.0,shapefit,0.02,20,-1.0435814308347604,
1,T1,137500.0,string_n1,0.02,21,-0.219171708516967,
1,T1,137500.0,multi_iso,0.02,21,-0.1689374037299686,
1,T1,137500.0,shapefit,0.02,21,-3.4365340792045465,
1,T1,137500.0,string_n1,0.02,22,-0.3847679366879588,
1,T1,137500.0,multi_iso,0.02,22,0.2317350064162376,
1,T1,137500.0,shapefit,0.02,22,2.01782177190925,
1,T1,137500.0,string_n1,0.02,23,-0.0042876159674699,
1,T1,137500.0,multi_iso,0.02,23,-0.0510013201122214,
1,T1,137500.0,shapefit,0.02,23,6.114460685267896,
1,T1,137500.0,string_n1,0.02,24,-0.2609667980792847,
1,T1,137500.0,multi_iso,0.02,24,-0.0794432236029639,
1,T1,137500.0,shapefit,0.02,24,4.278835232414284,
1,T1,137500.0,string_n1,0.02,25,-0.1284338135068008,
1,T1,137500.0,multi_iso,0.02,25,-0.3076453208127694,
1,T1,137500.0,shapefit,0.02,25,0.0085877107586076,
1,T1,137500.0,string_n1,0.02,26,-0.6443737882000014,
1,T1,137500.0,multi_iso,0.02,26,-0.3313339556983926,
1,T1,137500.0,shapefit,0.02,26,-2.7421617534960494,
1,T1,137500.0,string_n1,0.02,27,-0.4657152657371268,
1,T1,137500.0,multi_iso,0.02,27,0.1835228443927216,
1,T1,137500.0,shapefit,0.02,27,0.0741692490730731,
1,T1,137500.0,string_n1,0.02,28,-0.3370242558125914,
1,T1,137500.0,multi_iso,0.02,28,-0.1216955525842918,
1,T1,137500.0,shapefit,0.02,28,-3.616847369963938,
1,T1,137500.0,string_n1,0.02,29,-0.1968352041006807,
1,T1,137500.0,multi_iso,0.02,29,0.2524177453585434,
1,T1,137500.0,shapefit,0.02,29,1.148170879590558,
1,T1,137500.0,string_n1,0.02,30,-0.4060737077614123,
1,T1,137500.0,multi_iso,0.02,30,0.1623717076446522,
1,T1,137500.0,shapefit,0.02,30,-3.378008949841944,
1,T1,137500.0,string_n1,0.02,31,-0.585172524968903,
1,T1,137500.0,multi_iso,0.02,31,-0.386369264265099,
1,T1,137500.0,shapefit,0.02,31,4.108802577816649,
1,T1,137500.0,string_n1,0.02,32,-0.2990154408217958,
1,T1,137500.0,multi_iso,0.02,32,0.1211463239097925,
1,T1,137500.0,shapefit,0.02,32,-2.0454160554608416,
1,T1,137500.0,string_n1,0.02,33,-0.480994477761105,
1,T1,137500.0,multi_iso,0.02,33,-0.3288892376996069,
1,T1,137500.0,shapefit,0.02,33,-0.6142735876526091,
1,T1,137500.0,string_n1,0.02,34,0.1422022455264391,
1,T1,137500.0,multi_iso,0.02,34,-0.1710605116962582,
1,T1,137500.0,shapefit,0.02,34,0.8464102332253983,
1,T1,137500.0,string_n1,0.02,35,-0.2108723861412992,
1,T1,137500.0,multi_iso,0.02,35,0.5292612908022394,
1,T1,137500.0,shapefit,0.02,35,4.1555169052252845,
1,T1,137500.0,string_n1,0.02,36,-0.3781018331279893,
1,T1,137500.0,multi_iso,0.02,36,0.0901447834302671,
1,T1,137500.0,shapefit,0.02,36,-1.4473368204853667,
1,T1,137500.0,string_n1,0.02,37,-0.2435279951539441,
1,T1,137500.0,multi_iso,0.02,37,0.1844322798431173,
1,T1,137500.0,shapefit,0.02,37,0.0074268317191692,
1,T1,137500.0,string_n1,0.02,38,-0.6528974938802844,
1,T1,137500.0,multi_iso,0.02,38,0.0906682173598727,
1,T1,137500.0,shapefit,0.02,38,-1.7763265281589913,
1,T1,137500.0,string_n1,0.02,39,-0.5308065029791006,
1,T1,137500.0,multi_iso,0.02,39,0.2826362620467659,
1,T1,137500.0,shapefit,0.02,39,-3.3666682813740336,
1,T1,137500.0,string_n1,0.02,40,-0.0980766672582196,
1,T1,137500.0,multi_iso,0.02,40,0.2337168444720604,
1,T1,137500.0,shapefit,0.02,40,-2.683802299180428,
1,T1,137500.0,string_n1,0.02,41,-0.4934298204996157,
1,T1,137500.0,multi_iso,0.02,41,-0.3970716419856022,
1,T1,137500.0,shapefit,0.02,41,1.348044097289443,
1,T1,137500.0,string_n1,0.02,42,-0.9252178234532052,
1,T1,137500.0,multi_iso,0.02,42,-0.2771146240853069,
1,T1,137500.0,shapefit,0.02,42,0.5281398328323849,
1,T1,137500.0,string_n1,0.02,43,-0.1327441113991874,
1,T1,137500.0,multi_iso,0.02,43,-0.1052445537910204,
1,T1,137500.0,shapefit,0.02,43,-1.3416397635728037,
1,T1,137500.0,string_n1,0.02,44,0.3391524810707408,
1,T1,137500.0,multi_iso,0.02,44,-0.2000288216558877,
1,T1,137500.0,shapefit,0.02,44,3.04921339200418,
1,T1,137500.0,string_n1,0.02,45,-0.2915504782216581,
1,T1,137500.0,multi_iso,0.02,45,0.0179787385281895,
1,T1,137500.0,shapefit,0.02,45,0.1086317046835002,
1,T1,137500.0,string_n1,0.02,46,-0.773082078065194,
1,T1,137500.0,multi_iso,0.02,46,-0.2262731636137998,
1,T1,137500.0,shapefit,0.02,46,3.4381912157056345,
1,T1,137500.0,string_n1,0.02,47,0.1231512326556893,
1,T1,137500.0,multi_iso,0.02,47,-0.273821376869836,
1,T1,137500.0,shapefit,0.02,47,-1.9002742513811255,
1,T1,137500.0,string_n1,0.02,48,0.2917604973653585,
1,T1,137500.0,multi_iso,0.02,48,-0.1632202678733844,
1,T1,137500.0,shapefit,0.02,48,-1.960192936065416,
1,T1,137500.0,string_n1,0.02,49,-0.2650303661924871,
1,T1,137500.0,multi_iso,0.02,49,0.2092124311612411,
1,T1,137500.0,shapefit,0.02,49,-5.52987769190348,
1,T1,137500.0,string_n1,0.02,50,-0.2033220881490164,
1,T1,137500.0,multi_iso,0.02,50,-0.5082498121735937,
1,T1,137500.0,shapefit,0.02,50,1.377733704216482,
1,T1,137500.0,string_n1,0.02,51,0.0212628706685182,
1,T1,137500.0,multi_iso,0.02,51,-0.2159575911116659,
1,T1,137500.0,shapefit,0.02,51,1.059781491484747,
1,T1,137500.0,string_n1,0.02,52,-0.5323881224117623,
1,T1,137500.0,multi_iso,0.02,52,-0.09009877453973,
1,T1,137500.0,shapefit,0.02,52,1.433745881669647,
1,T1,137500.0,string_n1,0.02,53,-0.7175533949450209,
1,T1,137500.0,multi_iso,0.02,53,-0.0809092778455339,
1,T1,137500.0,shapefit,0.02,53,3.448705133276928,
1,T1,137500.0,string_n1,0.02,54,-0.6228259644475765,
1,T1,137500.0,multi_iso,0.02,54,0.2431606675457759,
1,T1,137500.0,shapefit,0.02,54,-1.0270560643805022,
1,T1,137500.0,string_n1,0.02,55,0.4403969864078416,
1,T1,137500.0,multi_iso,0.02,55,-0.1400760737808463,
1,T1,137500.0,shapefit,0.02,55,1.764090642329009,
1,T1,137500.0,string_n1,0.02,56,-0.3597376998200886,
1,T1,137500.0,multi_iso,0.02,56,-0.0980656676655,
1,T1,137500.0,shapefit,0.02,56,-0.8926498505295974,
1,T1,137500.0,string_n1,0.02,57,-0.3290798921673347,
1,T1,137500.0,multi_iso,0.02,57,-0.0828531133273447,
1,T1,137500.0,shapefit,0.02,57,-4.371888541453222,
1,T1,137500.0,string_n1,0.02,58,-0.7342663678673562,
1,T1,137500.0,multi_iso,0.02,58,-0.2673654982906724,
1,T1,137500.0,shapefit,0.02,58,3.4891247772907796,
1,T1,137500.0,string_n1,0.02,59,-0.8880291539925701,
1,T1,137500.0,multi_iso,0.02,59,0.0083864515050187,
1,T1,137500.0,shapefit,0.02,59,2.623231816037558,
1,T1,137500.0,string_n1,0.02,60,-0.0362726014363791,
1,T1,137500.0,multi_iso,0.02,60,-0.2592339783623306,
1,T1,137500.0,shapefit,0.02,60,2.0528762935572726,
1,T1,137500.0,string_n1,0.02,61,-0.4170835291629826,
1,T1,137500.0,multi_iso,0.02,61,0.0279048159386412,
1,T1,137500.0,shapefit,0.02,61,-4.417277203297073,
1,T1,137500.0,string_n1,0.02,62,0.0239702775033233,
1,T1,137500.0,multi_iso,0.02,62,0.3232447107031476,
1,T1,137500.0,shapefit,0.02,62,-0.0529952581834725,
1,T1,137500.0,string_n1,0.02,63,-0.7707754269652491,
1,T1,137500.0,multi_iso,0.02,63,0.042513237721202,
1,T1,137500.0,shapefit,0.02,63,-3.1930357029456435,
1,T1,137500.0,string_n1,0.02,64,-0.616951036310543,
1,T1,137500.0,multi_iso,0.02,64,0.0161628676082049,
1,T1,137500.0,shapefit,0.02,64,-0.4746445421695667,
1,T1,137500.0,string_n1,0.02,65,-0.0420664875958411,
1,T1,137500.0,multi_iso,0.02,65,-0.4042397231625351,
1,T1,137500.0,shapefit,0.02,65,6.511100067646984,
1,T1,137500.0,string_n1,0.02,66,0.4260479349722366,
1,T1,137500.0,multi_iso,0.02,66,-0.1123072295635091,
1,T1,137500.0,shapefit,0.02,66,3.208158987526761,
1,T1,137500.0,string_n1,0.02,67,-0.4915562964364547,
1,T1,137500.0,multi_iso,0.02,67,0.0176953769957181,
1,T1,137500.0,shapefit,0.02,67,1.5068655005768363,
1,T1,137500.0,string_n1,0.02,68,-0.8405605563166001,
1,T1,137500.0,multi_iso,0.02,68,0.0330240864357487,
1,T1,137500.0,shapefit,0.02,68,0.2931436192171055,
1,T1,137500.0,string_n1,0.02,69,-0.0379757985165766,
1,T1,137500.0,multi_iso,0.02,69,0.0356266948432788,
1,T1,137500.0,shapefit,0.02,69,-1.1745674846049778,
1,T1,137500.0,string_n1,0.02,70,0.0480126867333892,
1,T1,137500.0,multi_iso,0.02,70,-0.24204000645351,
1,T1,137500.0,shapefit,0.02,70,2.7644704830331137,
1,T1,137500.0,string_n1,0.02,71,-0.8924483482798519,
1,T1,137500.0,multi_iso,0.02,71,-0.3783810028953647,
1,T1,137500.0,shapefit,0.02,71,0.1040691297530323,
1,T1,137500.0,string_n1,0.02,72,-0.1008029314141762,
1,T1,137500.0,multi_iso,0.02,72,0.1129252403885634,
1,T1,137500.0,shapefit,0.02,72,6.470583006672328,
1,T1,137500.0,string_n1,0.02,73,-0.8357734508916778,
1,T1,137500.0,multi_iso,0.02,73,-0.1413926596754781,
1,T1,137500.0,shapefit,0.02,73,0.3461447048787535,
1,T1,137500.0,string_n1,0.02,74,-0.271929334340363,
1,T1,137500.0,multi_iso,0.02,74,0.4230654437185095,
1,T1,137500.0,shapefit,0.02,74,0.0414523048990998,
1,T1,137500.0,string_n1,0.02,75,-0.2784650443371554,
1,T1,137500.0,multi_iso,0.02,75,0.0290081257103222,
1,T1,137500.0,shapefit,0.02,75,-1.437274232329335,
1,T1,137500.0,string_n1,0.02,76,-0.6283202107381075,
1,T1,137500.0,multi_iso,0.02,76,-0.0466970441175243,
1,T1,137500.0,shapefit,0.02,76,-1.0448030796594157,
1,T1,137500.0,string_n1,0.02,77,-0.0304025022851472,
1,T1,137500.0,multi_iso,0.02,77,-0.0498159228828312,
1,T1,137500.0,shapefit,0.02,77,3.9756904438737655,
1,T1,137500.0,string_n1,0.02,78,-0.1395633718564852,
1,T1,137500.0,multi_iso,0.02,78,-0.149525644785661,
1,T1,137500.0,shapefit,0.02,78,-3.2045573121199427,
1,T1,137500.0,string_n1,0.02,79,-0.3209789501435801,
1,T1,137500.0,multi_iso,0.02,79,-0.3096158757060555,
1,T1,137500.0,shapefit,0.02,79,-2.3815479200437073,
1,T1,137500.0,string_n1,0.02,80,-0.4774430541537956,
1,T1,137500.0,multi_iso,0.02,80,0.3278114183704072,
1,T1,137500.0,shapefit,0.02,80,1.9583516552644695,
1,T1,137500.0,string_n1,0.02,81,0.1411675220210613,
1,T1,137500.0,multi_iso,0.02,81,0.0559702302409039,
1,T1,137500.0,shapefit,0.02,81,3.738225167735141,
1,T1,137500.0,string_n1,0.02,82,-0.7627216085421811,
1,T1,137500.0,multi_iso,0.02,82,0.0753823666151359,
1,T1,137500.0,shapefit,0.02,82,-1.6565765594522766,
1,T1,137500.0,string_n1,0.02,83,-0.4369327809942082,
1,T1,137500.0,multi_iso,0.02,83,-0.2718535085877361,
1,T1,137500.0,shapefit,0.02,83,3.797877918441886,
1,T1,137500.0,string_n1,0.02,84,-0.4002739839680831,
1,T1,137500.0,multi_iso,0.02,84,0.3196140079327901,
1,T1,137500.0,shapefit,0.02,84,-1.8293992632402063,
1,T1,137500.0,string_n1,0.02,85,0.0381353956761727,
1,T1,137500.0,multi_iso,0.02,85,0.025725282536375,
1,T1,137500.0,shapefit,0.02,85,0.6790649577362928,
1,T1,137500.0,string_n1,0.02,86,0.1108041263049553,
1,T1,137500.0,multi_iso,0.02,86,-0.146918641282436,
1,T1,137500.0,shapefit,0.02,86,1.4329945456804496,
1,T1,137500.0,string_n1,0.02,87,-0.2252376958891241,
1,T1,137500.0,multi_iso,0.02,87,-0.0395674892150881,
1,T1,137500.0,shapefit,0.02,87,1.1703798499189064,
1,T1,137500.0,string_n1,0.02,88,-0.1264970575627151,
1,T1,137500.0,multi_iso,0.02,88,0.2475855455763045,
1,T1,137500.0,shapefit,0.02,88,1.370439057749442,
1,T1,137500.0,string_n1,0.02,89,-0.1649763862731316,
1,T1,137500.0,multi_iso,0.02,89,-0.0533217900632033,
1,T1,137500.0,shapefit,0.02,89,3.2317840673160867,
1,T1,137500.0,string_n1,0.02,90,-0.4135862780223092,
1,T1,137500.0,multi_iso,0.02,90,0.2417403743528676,
1,T1,137500.0,shapefit,0.02,90,-1.5642615531475326,
1,T1,137500.0,string_n1,0.02,91,0.0117744421310172,
1,T1,137500.0,multi_iso,0.02,91,-0.0525623063835611,
1,T1,137500.0,shapefit,0.02,91,1.089748579644598,
1,T1,137500.0,string_n1,0.02,92,-0.0987635238822337,
1,T1,137500.0,multi_iso,0.02,92,0.2013978165515529,
1,T1,137500.0,shapefit,0.02,92,1.792874477085848,
1,T1,137500.0,string_n1,0.02,93,-0.0932392418108118,
1,T1,137500.0,multi_iso,0.02,93,0.1485473187206186,
1,T1,137500.0,shapefit,0.02,93,-0.8463597814337012,
1,T1,137500.0,string_n1,0.02,94,-0.2633393685951278,
1,T1,137500.0,multi_iso,0.02,94,-0.3046345536043571,
1,T1,137500.0,shapefit,0.02,94,0.9981667970449198,
1,T1,137500.0,string_n1,0.02,95,-0.9248433395182628,
1,T1,137500.0,multi_iso,0.02,95,0.1819648071885828,
1,T1,137500.0,shapefit,0.02,95,-3.004663191037401,
1,T1,137500.0,string_n1,0.02,96,-0.6549165577161422,
1,T1,137500.0,multi_iso,0.02,96,-0.0602478785541924,
1,T1,137500.0,shapefit,0.02,96,2.7947628029807343,
1,T1,137500.0,string_n1,0.02,97,-0.5819456579307178,
1,T1,137500.0,multi_iso,0.02,97,0.2992936305337458,
1,T1,137500.0,shapefit,0.02,97,0.4011836153414015,
1,T1,137500.0,string_n1,0.02,98,-0.2597157727876593,
1,T1,137500.0,multi_iso,0.02,98,-0.2168781174389984,
1,T1,137500.0,shapefit,0.02,98,-1.8039528601454695,
1,T1,137500.0,string_n1,0.02,99,-0.5399655443526254,
1,T1,137500.0,multi_iso,0.02,99,0.7193729042245117,
1,T1,137500.0,shapefit,0.02,99,2.34430825571991,
1,T1,137500.0,pinn_free,0.01,0,-0.6489120937657585,
1,T1,137500.0,pinn_free,0.01,1,-0.3045221530707045,
1,T1,137500.0,pinn_free,0.01,2,0.0692416525220244,
2,T2,143000.0,string_n1,0.0,-1,-0.6522909066415354,
2,T2,143000.0,multi_iso,0.0,-1,-0.0149875164557276,
2,T2,143000.0,shapefit,0.0,-1,1.6286808808523044e-07,1450321.5623815102
2,T2,143000.0,pinn_free,0.0,-1,0.0009624832679584,1451858.8424865974
2,T2,143000.0,pinn_free,0.0,-2,0.0009458012624897,1451847.2331552273
2,T2,143000.0,pinn_free,0.0,-3,0.0009564573877984,1451720.3616536874
2,T2,143000.0,string_n1,0.005,0,0.3704975850635511,
2,T2,143000.0,multi_iso,0.005,0,0.1421467715852537,
2,T2,143000.0,shapefit,0.005,0,-0.0852359000029664,
2,T2,143000.0,string_n1,0.005,1,-0.3308273309928046,
2,T2,143000.0,multi_iso,0.005,1,-0.1307885170402982,
2,T2,143000.0,shapefit,0.005,1,0.3622862464293652,
2,T2,143000.0,string_n1,0.005,2,-0.6171636313353046,
2,T2,143000.0,multi_iso,0.005,2,0.1973784085490555,
2,T2,143000.0,shapefit,0.005,2,-0.0205768337133999,
2,T2,143000.0,string_n1,0.005,3,-0.7182516536170656,
2,T2,143000.0,multi_iso,0.005,3,-0.1530726529200116,
2,T2,143000.0,shapefit,0.005,3,1.2956238539200122,
2,T2,143000.0,string_n1,0.005,4,-0.7363783352291928,
2,T2,143000.0,multi_iso,0.005,4,0.2845225859128331,
2,T2,143000.0,shapefit,0.005,4,0.7998628119835703,
2,T2,143000.0,string_n1,0.005,5,-0.0229826045520335,
2,T2,143000.0,multi_iso,0.005,5,-0.1661302446526307,
2,T2,143000.0,shapefit,0.005,5,0.2573382256741039,
2,T2,143000.0,string_n1,0.005,6,-1.0311864563581246,
2,T2,143000.0,multi_iso,0.005,6,0.1884265396427127,
2,T2,143000.0,shapefit,0.005,6,-0.4025668529187324,
2,T2,143000.0,string_n1,0.005,7,-0.7331836578034033,
2,T2,143000.0,multi_iso,0.005,7,-0.0933842620422405,
2,T2,143000.0,shapefit,0.005,7,-1.0401672220525535,
2,T2,143000.0,string_n1,0.005,8,-0.471969412847514,
2,T2,143000.0,multi_iso,0.005,8,-0.0777297902924751,
2,T2,143000.0,shapefit,0.005,8,0.0009137056096924,
2,T2,143000.0,string_n1,0.005,9,-0.2024420135725131,
2,T2,143000.0,multi_iso,0.005,9,-0.1065818176230121,
2,T2,143000.0,shapefit,0.005,9,-0.2644074491067452,
2,T2,143000.0,string_n1,0.005,10,-0.554640324270435,
2,T2,143000.0,multi_iso,0.005,10,-0.1255486908080984,
2,T2,143000.0,shapefit,0.005,10,-0.3348895731662527,
2,T2,143000.0,string_n1,0.005,11,-1.6252349616652777,
2,T2,143000.0,multi_iso,0.005,11,0.060748488066284,
2,T2,143000.0,shapefit,0.005,11,-0.5579893771057112,
2,T2,143000.0,string_n1,0.005,12,-0.5131479460871013,
2,T2,143000.0,multi_iso,0.005,12,-0.3875489372789772,
2,T2,143000.0,shapefit,0.005,12,0.2009812498276921,
2,T2,143000.0,string_n1,0.005,13,-0.7677350651517786,
2,T2,143000.0,multi_iso,0.005,13,0.0821016424396392,
2,T2,143000.0,shapefit,0.005,13,0.5831489149824401,
2,T2,143000.0,string_n1,0.005,14,-0.2186790103629684,
2,T2,143000.0,multi_iso,0.005,14,0.1707611083969314,
2,T2,143000.0,shapefit,0.005,14,0.5314488118935915,
2,T2,143000.0,string_n1,0.005,15,-0.6260995209646099,
2,T2,143000.0,multi_iso,0.005,15,-0.0089327779558032,
2,T2,143000.0,shapefit,0.005,15,0.067771790409481,
2,T2,143000.0,string_n1,0.005,16,-1.0341736407727866,
2,T2,143000.0,multi_iso,0.005,16,0.1716819163973376,
2,T2,143000.0,shapefit,0.005,16,-0.7122285382813811,
2,T2,143000.0,string_n1,0.005,17,-0.2735085448057031,
2,T2,143000.0,multi_iso,0.005,17,-0.4104119800192782,
2,T2,143000.0,shapefit,0.005,17,-0.417330134792255,
2,T2,143000.0,string_n1,0.005,18,-1.2229139837200698,
2,T2,143000.0,multi_iso,0.005,18,-0.3564471872376279,
2,T2,143000.0,shapefit,0.005,18,-0.9809642142572862,
2,T2,143000.0,string_n1,0.005,19,-0.6827954331386453,
2,T2,143000.0,multi_iso,0.005,19,0.0722448785922618,
2,T2,143000.0,shapefit,0.005,19,0.9210766762148034,
2,T2,143000.0,string_n1,0.005,20,-0.5385846048820042,
2,T2,143000.0,multi_iso,0.005,20,0.1879584551156723,
2,T2,143000.0,shapefit,0.005,20,1.9021858097439337,
2,T2,143000.0,string_n1,0.005,21,-1.3204572512587074,
2,T2,143000.0,multi_iso,0.005,21,-0.1612486295260601,
2,T2,143000.0,shapefit,0.005,21,0.1598330782749812,
2,T2,143000.0,string_n1,0.005,22,-0.7474672412293413,
2,T2,143000.0,multi_iso,0.005,22,-0.135014254439189,
2,T2,143000.0,shapefit,0.005,22,1.029826811602086,
2,T2,143000.0,string_n1,0.005,23,-1.027430857622172,
2,T2,143000.0,multi_iso,0.005,23,0.2068537166346006,
2,T2,143000.0,shapefit,0.005,23,0.4636232562906962,
2,T2,143000.0,string_n1,0.005,24,-0.6759210911501073,
2,T2,143000.0,multi_iso,0.005,24,-0.3634654879973391,
2,T2,143000.0,shapefit,0.005,24,0.3596229076193982,
2,T2,143000.0,string_n1,0.005,25,-0.3421691692602972,
2,T2,143000.0,multi_iso,0.005,25,-0.22776253557464,
2,T2,143000.0,shapefit,0.005,25,0.5264297347419148,
2,T2,143000.0,string_n1,0.005,26,-0.8065692474131213,
2,T2,143000.0,multi_iso,0.005,26,0.2670588903783428,
2,T2,143000.0,shapefit,0.005,26,-0.0965247432732428,
2,T2,143000.0,string_n1,0.005,27,-0.5810612056666694,
2,T2,143000.0,multi_iso,0.005,27,0.1346438345619008,
2,T2,143000.0,shapefit,0.005,27,1.0355397559364954,
2,T2,143000.0,string_n1,0.005,28,-0.8549551440123427,
2,T2,143000.0,multi_iso,0.005,28,-0.016053590327428,
2,T2,143000.0,shapefit,0.005,28,0.7251690018957504,
2,T2,143000.0,string_n1,0.005,29,-0.3885033527933797,
2,T2,143000.0,multi_iso,0.005,29,-0.1256564952767091,
2,T2,143000.0,shapefit,0.005,29,0.5885251179030385,
2,T2,143000.0,string_n1,0.005,30,-0.2558344048932089,
2,T2,143000.0,multi_iso,0.005,30,-0.0854463106642438,
2,T2,143000.0,shapefit,0.005,30,-0.3441310177531933,
2,T2,143000.0,string_n1,0.005,31,0.1471821729828305,
2,T2,143000.0,multi_iso,0.005,31,0.1348136340263885,
2,T2,143000.0,shapefit,0.005,31,0.470746718396427,
2,T2,143000.0,string_n1,0.005,32,-0.1514793995038811,
2,T2,143000.0,multi_iso,0.005,32,-0.1614696949665838,
2,T2,143000.0,shapefit,0.005,32,1.0283363844094826,
2,T2,143000.0,string_n1,0.005,33,0.0006570674287492,
2,T2,143000.0,multi_iso,0.005,33,-0.1438122082301586,
2,T2,143000.0,shapefit,0.005,33,0.8975128394314877,
2,T2,143000.0,string_n1,0.005,34,-0.8877399648255196,
2,T2,143000.0,multi_iso,0.005,34,-0.3531108570823257,
2,T2,143000.0,shapefit,0.005,34,-1.1648337354514564,
2,T2,143000.0,string_n1,0.005,35,-0.7440326528914127,
2,T2,143000.0,multi_iso,0.005,35,0.3466100980328246,
2,T2,143000.0,shapefit,0.005,35,-1.2612971374474409,
2,T2,143000.0,string_n1,0.005,36,-0.5044996884302032,
2,T2,143000.0,multi_iso,0.005,36,0.2685513480909989,
2,T2,143000.0,shapefit,0.005,36,1.1711962836455891,
2,T2,143000.0,string_n1,0.005,37,-0.3802539481048739,
2,T2,143000.0,multi_iso,0.005,37,-0.1970099605076296,
2,T2,143000.0,shapefit,0.005,37,-0.7875876606026236,
2,T2,143000.0,string_n1,0.005,38,-1.6845231058483885,
2,T2,143000.0,multi_iso,0.005,38,-0.3583653398611179,
2,T2,143000.0,shapefit,0.005,38,-1.9661942751218289,
2,T2,143000.0,string_n1,0.005,39,-0.5412662233506863,
2,T2,143000.0,multi_iso,0.005,39,-0.4389720078098174,
2,T2,143000.0,shapefit,0.005,39,0.2649318117913757,
2,T2,143000.0,string_n1,0.005,40,-0.5469774756973188,
2,T2,143000.0,multi_iso,0.005,40,-0.3968876231346162,
2,T2,143000.0,shapefit,0.005,40,0.2572083345249456,
2,T2,143000.0,string_n1,0.005,41,-1.0530627627738782,
2,T2,143000.0,multi_iso,0.005,41,-0.0609601793209313,
2,T2,143000.0,shapefit,0.005,41,-0.4673745180256713,
2,T2,143000.0,string_n1,0.005,42,-0.1047583270025678,
2,T2,143000.0,multi_iso,0.005,42,-0.2380877888505632,
2,T2,143000.0,shapefit,0.005,42,1.9621189320709684,
2,T2,143000.0,string_n1,0.005,43,-0.5994266249073776,
2,T2,143000.0,multi_iso,0.005,43,0.2102085824655303,
2,T2,143000.0,shapefit,0.005,43,0.4172866303873838,
2,T2,143000.0,string_n1,0.005,44,-0.7575559227547846,
2,T2,143000.0,multi_iso,0.005,44,0.3183963482587279,
2,T2,143000.0,shapefit,0.005,44,-1.505845065498513,
2,T2,143000.0,string_n1,0.005,45,-0.2491016263736109,
2,T2,143000.0,multi_iso,0.005,45,-0.0744401378688562,
2,T2,143000.0,shapefit,0.005,45,0.9045851417689972,
2,T2,143000.0,string_n1,0.005,46,-0.661491016101583,
2,T2,143000.0,multi_iso,0.005,46,0.0646603991187965,
2,T2,143000.0,shapefit,0.005,46,1.9077214019367563,
2,T2,143000.0,string_n1,0.005,47,-0.9765745730172084,
2,T2,143000.0,multi_iso,0.005,47,0.1798496842249402,
2,T2,143000.0,shapefit,0.005,47,-0.1769952352549286,
2,T2,143000.0,string_n1,0.005,48,-0.7419139090006548,
2,T2,143000.0,multi_iso,0.005,48,0.1755532865672839,
2,T2,143000.0,shapefit,0.005,48,0.5294825752549462,
2,T2,143000.0,string_n1,0.005,49,-0.6287049468049261,
2,T2,143000.0,multi_iso,0.005,49,0.0981229431849661,
2,T2,143000.0,shapefit,0.005,49,-0.3350403272885083,
2,T2,143000.0,string_n1,0.005,50,-0.7648455507639337,
2,T2,143000.0,multi_iso,0.005,50,0.118494637539204,
2,T2,143000.0,shapefit,0.005,50,0.6893731015285809,
2,T2,143000.0,string_n1,0.005,51,-0.7884575258665295,
2,T2,143000.0,multi_iso,0.005,51,-0.2401638656823694,
2,T2,143000.0,shapefit,0.005,51,-0.0651218486249884,
2,T2,143000.0,string_n1,0.005,52,-0.9797951298876147,
2,T2,143000.0,multi_iso,0.005,52,-0.1705490060098317,
2,T2,143000.0,shapefit,0.005,52,-1.4591512632509245,
2,T2,143000.0,string_n1,0.005,53,-0.0857045693364942,
2,T2,143000.0,multi_iso,0.005,53,0.5120115274760646,
2,T2,143000.0,shapefit,0.005,53,0.5152379146803144,
2,T2,143000.0,string_n1,0.005,54,-0.6841102584660618,
2,T2,143000.0,multi_iso,0.005,54,-0.1886840187750514,
2,T2,143000.0,shapefit,0.005,54,-0.1392217924092836,
2,T2,143000.0,string_n1,0.005,55,-0.5366259267698595,
2,T2,143000.0,multi_iso,0.005,55,-0.4245938742261622,
2,T2,143000.0,shapefit,0.005,55,1.3757040629892403,
2,T2,143000.0,string_n1,0.005,56,0.0063157050682913,
2,T2,143000.0,multi_iso,0.005,56,0.0986084854373768,
2,T2,143000.0,shapefit,0.005,56,0.4968521953728522,
2,T2,143000.0,string_n1,0.005,57,-0.3990093049504941,
2,T2,143000.0,multi_iso,0.005,57,0.2034627543757645,
2,T2,143000.0,shapefit,0.005,57,0.1069945398693492,
2,T2,143000.0,string_n1,0.005,58,-0.7616579994753856,
2,T2,143000.0,multi_iso,0.005,58,-0.3469950848355298,
2,T2,143000.0,shapefit,0.005,58,0.2858719668596359,
2,T2,143000.0,string_n1,0.005,59,-0.2487439150717459,
2,T2,143000.0,multi_iso,0.005,59,0.0979587053152499,
2,T2,143000.0,shapefit,0.005,59,0.7211102629396486,
2,T2,143000.0,string_n1,0.005,60,-1.0974952750045146,
2,T2,143000.0,multi_iso,0.005,60,0.2330878693803573,
2,T2,143000.0,shapefit,0.005,60,-0.4254775018586738,
2,T2,143000.0,string_n1,0.005,61,-0.6500309600393244,
2,T2,143000.0,multi_iso,0.005,61,-0.0786230065943095,
2,T2,143000.0,shapefit,0.005,61,-0.5991366068330688,
2,T2,143000.0,string_n1,0.005,62,-0.9908410541759436,
2,T2,143000.0,multi_iso,0.005,62,0.1837299796115807,
2,T2,143000.0,shapefit,0.005,62,0.1205329933316305,
2,T2,143000.0,string_n1,0.005,63,-0.9758745538660812,
2,T2,143000.0,multi_iso,0.005,63,-0.1444242227395957,
2,T2,143000.0,shapefit,0.005,63,-0.5617245595480708,
2,T2,143000.0,string_n1,0.005,64,-0.3569832559169426,
2,T2,143000.0,multi_iso,0.005,64,-0.0217718485710447,
2,T2,143000.0,shapefit,0.005,64,0.8089706778136966,
2,T2,143000.0,string_n1,0.005,65,-0.0528182635935946,
2,T2,143000.0,multi_iso,0.005,65,-0.0333077759290451,
2,T2,143000.0,shapefit,0.005,65,0.3018455811493323,
2,T2,143000.0,string_n1,0.005,66,-0.378771261500123,
2,T2,143000.0,multi_iso,0.005,66,0.1525484736373003,
2,T2,143000.0,shapefit,0.005,66,-0.2799230550247093,
2,T2,143000.0,string_n1,0.005,67,-0.10688169954043,
2,T2,143000.0,multi_iso,0.005,67,-0.2333499059500132,
2,T2,143000.0,shapefit,0.005,67,-0.8443742610379431,
2,T2,143000.0,string_n1,0.005,68,-1.656096192808326,
2,T2,143000.0,multi_iso,0.005,68,-0.3388433487807853,
2,T2,143000.0,shapefit,0.005,68,-0.6122994612314627,
2,T2,143000.0,string_n1,0.005,69,-0.9370808354695124,
2,T2,143000.0,multi_iso,0.005,69,0.0505446384779146,
2,T2,143000.0,shapefit,0.005,69,-0.5820407199348532,
2,T2,143000.0,string_n1,0.005,70,-1.4147194905457912,
2,T2,143000.0,multi_iso,0.005,70,0.0801164758814192,
2,T2,143000.0,shapefit,0.005,70,-1.108435501673009,
2,T2,143000.0,string_n1,0.005,71,-0.0985567297282347,
2,T2,143000.0,multi_iso,0.005,71,0.3684778271785162,
2,T2,143000.0,shapefit,0.005,71,0.8246125022458423,
2,T2,143000.0,string_n1,0.005,72,-0.7988323798539098,
2,T2,143000.0,multi_iso,0.005,72,-0.1526012660285874,
2,T2,143000.0,shapefit,0.005,72,-0.024899180521464,
2,T2,143000.0,string_n1,0.005,73,-0.2241951229258756,
2,T2,143000.0,multi_iso,0.005,73,0.1367050071594539,
2,T2,143000.0,shapefit,0.005,73,0.419399963801489,
2,T2,143000.0,string_n1,0.005,74,-0.9537752279069664,
2,T2,143000.0,multi_iso,0.005,74,0.1104177960243085,
2,T2,143000.0,shapefit,0.005,74,-0.4576725209188009,
2,T2,143000.0,string_n1,0.005,75,0.0988433882712559,
2,T2,143000.0,multi_iso,0.005,75,-0.2659604502280513,
2,T2,143000.0,shapefit,0.005,75,-0.115516640604726,
2,T2,143000.0,string_n1,0.005,76,0.1260207232696588,
2,T2,143000.0,multi_iso,0.005,76,-0.3664003746296479,
2,T2,143000.0,shapefit,0.005,76,0.8934650802314632,
2,T2,143000.0,string_n1,0.005,77,0.2209708798768111,
2,T2,143000.0,multi_iso,0.005,77,-0.3244120545670027,
2,T2,143000.0,shapefit,0.005,77,0.3230476306461349,
2,T2,143000.0,string_n1,0.005,78,-0.143073030859004,
2,T2,143000.0,multi_iso,0.005,78,-0.020461254321764,
2,T2,143000.0,shapefit,0.005,78,-0.1952654943008129,
2,T2,143000.0,string_n1,0.005,79,-0.0839949983279986,
2,T2,143000.0,multi_iso,0.005,79,0.3661519789027451,
2,T2,143000.0,shapefit,0.005,79,-0.1238270932910483,
2,T2,143000.0,string_n1,0.005,80,-0.7182476402712998,
2,T2,143000.0,multi_iso,0.005,80,0.1297849501806337,
2,T2,143000.0,shapefit,0.005,80,-0.1453998303142623,
2,T2,143000.0,string_n1,0.005,81,-0.4441437701049702,
2,T2,143000.0,multi_iso,0.005,81,-0.3022753724667172,
2,T2,143000.0,shapefit,0.005,81,0.7199225387157436,
2,T2,143000.0,string_n1,0.005,82,-0.3399424719275993,
2,T2,143000.0,multi_iso,0.005,82,-0.2456669564198513,
2,T2,143000.0,shapefit,0.005,82,1.0460866160687936,
2,T2,143000.0,string_n1,0.005,83,-1.5759591447174797,
2,T2,143000.0,multi_iso,0.005,83,-0.0356532150250818,
2,T2,143000.0,shapefit,0.005,83,-0.5091215688230102,
2,T2,143000.0,string_n1,0.005,84,-0.4004143791618004,
2,T2,143000.0,multi_iso,0.005,84,0.0007832674815163,
2,T2,143000.0,shapefit,0.005,84,1.2812219475546178,
2,T2,143000.0,string_n1,0.005,85,-0.0481902492788442,
2,T2,143000.0,multi_iso,0.005,85,-0.0534035452417467,
2,T2,143000.0,shapefit,0.005,85,0.0449893638685384,
2,T2,143000.0,string_n1,0.005,86,-0.3603462772651891,
2,T2,143000.0,multi_iso,0.005,86,-0.1313961639890237,
2,T2,143000.0,shapefit,0.005,86,0.2848356312541763,
2,T2,143000.0,string_n1,0.005,87,-1.334797567851765,
2,T2,143000.0,multi_iso,0.005,87,-0.0677089838241471,
2,T2,143000.0,shapefit,0.005,87,-1.3435208379631491,
2,T2,143000.0,string_n1,0.005,88,-0.4818962670042476,
2,T2,143000.0,multi_iso,0.005,88,-0.1444126799800946,
2,T2,143000.0,shapefit,0.005,88,0.8798935237694556,
2,T2,143000.0,string_n1,0.005,89,-0.9439262723357464,
2,T2,143000.0,multi_iso,0.005,89,0.3433123797546849,
2,T2,143000.0,shapefit,0.005,89,-0.1391293625961956,
2,T2,143000.0,string_n1,0.005,90,-1.0131396506008752,
2,T2,143000.0,multi_iso,0.005,90,0.0264521659113763,
2,T2,143000.0,shapefit,0.005,90,-0.4150191217785867,
2,T2,143000.0,string_n1,0.005,91,-0.3539458876452693,
2,T2,143000.0,multi_iso,0.005,91,-0.1323545364241915,
2,T2,143000.0,shapefit,0.005,91,0.4593440192865763,
2,T2,143000.0,string_n1,0.005,92,-0.942556786275643,
2,T2,143000.0,multi_iso,0.005,92,0.2056181916956858,
2,T2,143000.0,shapefit,0.005,92,-0.7584808654305517,
2,T2,143000.0,string_n1,0.005,93,0.5565147737592053,
2,T2,143000.0,multi_iso,0.005,93,0.0176095652946358,
2,T2,143000.0,shapefit,0.005,93,1.5112285748902397,
2,T2,143000.0,string_n1,0.005,94,-1.0382179226131802,
2,T2,143000.0,multi_iso,0.005,94,-0.0147505501150869,
2,T2,143000.0,shapefit,0.005,94,0.633484945301385,
2,T2,143000.0,string_n1,0.005,95,-0.078940877299251,
2,T2,143000.0,multi_iso,0.005,95,-0.1232946250217289,
2,T2,143000.0,shapefit,0.005,95,0.5034508167916031,
2,T2,143000.0,string_n1,0.005,96,-0.5344709248653038,
2,T2,143000.0,multi_iso,0.005,96,0.1457846315789087,
2,T2,143000.0,shapefit,0.005,96,0.2379459765343682,
2,T2,143000.0,string_n1,0.005,97,-0.8516087396677268,
2,T2,143000.0,multi_iso,0.005,97,-0.0128066320312974,
2,T2,143000.0,shapefit,0.005,97,-0.9032556692946302,
2,T2,143000.0,string_n1,0.005,98,-1.5589560484014602,
2,T2,143000.0,multi_iso,0.005,98,-0.1254170214187051,
2,T2,143000.0,shapefit,0.005,98,-0.4917454736261064,
2,T2,143000.0,string_n1,0.005,99,-0.6265880074979489,
2,T2,143000.0,multi_iso,0.005,99,0.0594151291507988,
2,T2,143000.0,shapefit,0.005,99,-0.0690713811834087,
2,T2,143000.0,string_n1,0.01,0,-0.7598896713079306,
2,T2,143000.0,multi_iso,0.01,0,-0.1057249051720429,
2,T2,143000.0,shapefit,0.01,0,0.4984127218581669,
2,T2,143000.0,string_n1,0.01,1,-0.7799156126227975,
2,T2,143000.0,multi_iso,0.01,1,0.0764157889434462,
2,T2,143000.0,shapefit,0.01,1,-0.2157966231862962,
2,T2,143000.0,string_n1,0.01,2,-0.5720118925040523,
2,T2,143000.0,multi_iso,0.01,2,0.1558814860671763,
2,T2,143000.0,shapefit,0.01,2,0.911829324444826,
2,T2,143000.0,string_n1,0.01,3,-0.9899712362109522,
2,T2,143000.0,multi_iso,0.01,3,0.3422463239832469,
2,T2,143000.0,shapefit,0.01,3,-3.3253908272039503,
2,T2,143000.0,string_n1,0.01,4,-1.0591432683884616,
2,T2,143000.0,multi_iso,0.01,4,0.268111093692405,
2,T2,143000.0,shapefit,0.01,4,-1.6558679076059195,
2,T2,143000.0,string_n1,0.01,5,-0.8529149997771198,
2,T2,143000.0,multi_iso,0.01,5,-0.0166758362517669,
2,T2,143000.0,shapefit,0.01,5,0.5577894020182084,
2,T2,143000.0,string_n1,0.01,6,-1.0860650439866757,
2,T2,143000.0,multi_iso,0.01,6,-0.0780926694837683,
2,T2,143000.0,shapefit,0.01,6,0.2415587704355781,
2,T2,143000.0,string_n1,0.01,7,-1.1309706215759727,
2,T2,143000.0,multi_iso,0.01,7,0.0552008156756458,
2,T2,143000.0,shapefit,0.01,7,1.1020296980180555,
2,T2,143000.0,string_n1,0.01,8,-0.8417707043090368,
2,T2,143000.0,multi_iso,0.01,8,-0.1371071721407808,
2,T2,143000.0,shapefit,0.01,8,-1.3749449891689107,
2,T2,143000.0,string_n1,0.01,9,-1.2498879094336628,
2,T2,143000.0,multi_iso,0.01,9,-0.04757083086822,
2,T2,143000.0,shapefit,0.01,9,-1.5544115306324142,
2,T2,143000.0,string_n1,0.01,10,-0.7300308559167848,
2,T2,143000.0,multi_iso,0.01,10,-0.1298753515004353,
2,T2,143000.0,shapefit,0.01,10,-2.064783508092685,
2,T2,143000.0,string_n1,0.01,11,-0.4935985581908241,
2,T2,143000.0,multi_iso,0.01,11,0.037288465139833,
2,T2,143000.0,shapefit,0.01,11,0.4916073765317092,
2,T2,143000.0,string_n1,0.01,12,-0.5207097587868867,
2,T2,143000.0,multi_iso,0.01,12,0.1874374640211658,
2,T2,143000.0,shapefit,0.01,12,-0.1529569949190721,
2,T2,143000.0,string_n1,0.01,13,-0.3889990778240192,
2,T2,143000.0,multi_iso,0.01,13,-0.1083068778195379,
2,T2,143000.0,shapefit,0.01,13,0.422403775160958,
2,T2,143000.0,string_n1,0.01,14,-0.5740248518006614,
2,T2,143000.0,multi_iso,0.01,14,-0.1949207316464142,
2,T2,143000.0,shapefit,0.01,14,1.8921698200550188,
2,T2,143000.0,string_n1,0.01,15,-0.3961582660655307,
2,T2,143000.0,multi_iso,0.01,15,0.288380594979471,
2,T2,143000.0,shapefit,0.01,15,-2.935341175069619,
2,T2,143000.0,string_n1,0.01,16,-0.0549291078710946,
2,T2,143000.0,multi_iso,0.01,16,-0.0351331101411341,
2,T2,143000.0,shapefit,0.01,16,2.6734526472414477,
2,T2,143000.0,string_n1,0.01,17,-0.8808878389785719,
2,T2,143000.0,multi_iso,0.01,17,0.0592049885877421,
2,T2,143000.0,shapefit,0.01,17,-1.88470171219307,
2,T2,143000.0,string_n1,0.01,18,-0.1740665672332295,
2,T2,143000.0,multi_iso,0.01,18,-0.3907578813229399,
2,T2,143000.0,shapefit,0.01,18,-0.6620483349700185,
2,T2,143000.0,string_n1,0.01,19,-0.1752342244359856,
2,T2,143000.0,multi_iso,0.01,19,-0.0439959811940593,
2,T2,143000.0,shapefit,0.01,19,0.6307411826347771,
2,T2,143000.0,string_n1,0.01,20,-1.105258446881813,
2,T2,143000.0,multi_iso,0.01,20,-0.1695489221910084,
2,T2,143000.0,shapefit,0.01,20,-2.3508085925005444,
2,T2,143000.0,string_n1,0.01,21,-0.5393007524408623,
2,T2,143000.0,multi_iso,0.01,21,-0.1441261524266776,
2,T2,143000.0,shapefit,0.01,21,-1.4985661931829064,
2,T2,143000.0,string_n1,0.01,22,-0.901137866966945,
2,T2,143000.0,multi_iso,0.01,22,-0.3985983565047553,
2,T2,143000.0,shapefit,0.01,22,-1.1595458758000723,
2,T2,143000.0,string_n1,0.01,23,-0.7319451256185425,
2,T2,143000.0,multi_iso,0.01,23,0.0558082952040167,
2,T2,143000.0,shapefit,0.01,23,0.4755886728343329,
2,T2,143000.0,string_n1,0.01,24,-0.5254222809893919,
2,T2,143000.0,multi_iso,0.01,24,0.2534252612377147,
2,T2,143000.0,shapefit,0.01,24,0.890808681047471,
2,T2,143000.0,string_n1,0.01,25,0.1229924884454837,
2,T2,143000.0,multi_iso,0.01,25,-0.1887099161098949,
2,T2,143000.0,shapefit,0.01,25,1.2200177860078305,
2,T2,143000.0,string_n1,0.01,26,-0.494722057239908,
2,T2,143000.0,multi_iso,0.01,26,-0.2684919853952194,
2,T2,143000.0,shapefit,0.01,26,-0.4866397819672695,
2,T2,143000.0,string_n1,0.01,27,-0.0353155145309075,
2,T2,143000.0,multi_iso,0.01,27,0.2563726493798952,
2,T2,143000.0,shapefit,0.01,27,1.2947956574062525,
2,T2,143000.0,string_n1,0.01,28,-0.5199328197516587,
2,T2,143000.0,multi_iso,0.01,28,0.007294627347834,
2,T2,143000.0,shapefit,0.01,28,0.3585336874489073,
2,T2,143000.0,string_n1,0.01,29,-0.1941900619225685,
2,T2,143000.0,multi_iso,0.01,29,0.0295003269066166,
2,T2,143000.0,shapefit,0.01,29,-0.9710287834214,
2,T2,143000.0,string_n1,0.01,30,-0.8299571340218987,
2,T2,143000.0,multi_iso,0.01,30,0.1264613162522844,
2,T2,143000.0,shapefit,0.01,30,-1.1436007249558595,
2,T2,143000.0,string_n1,0.01,31,-0.733332427740614,
2,T2,143000.0,multi_iso,0.01,31,0.1789376379895167,
2,T2,143000.0,shapefit,0.01,31,2.4058665446697742,
2,T2,143000.0,string_n1,0.01,32,-0.9558673920209187,
2,T2,143000.0,multi_iso,0.01,32,-0.0465270458631074,
2,T2,143000.0,shapefit,0.01,32,-1.3251144223919764,
2,T2,143000.0,string_n1,0.01,33,-0.8758949966036585,
2,T2,143000.0,multi_iso,0.01,33,0.3270264063259241,
2,T2,143000.0,shapefit,0.01,33,1.548380488862684,
2,T2,143000.0,string_n1,0.01,34,-0.1525445175240747,
2,T2,143000.0,multi_iso,0.01,34,0.1855661657863334,
2,T2,143000.0,shapefit,0.01,34,2.3512728182138374,
2,T2,143000.0,string_n1,0.01,35,-1.1694540598242498,
2,T2,143000.0,multi_iso,0.01,35,0.2229269278833074,
2,T2,143000.0,shapefit,0.01,35,0.567861239152954,
2,T2,143000.0,string_n1,0.01,36,-0.2400233585652659,
2,T2,143000.0,multi_iso,0.01,36,0.0606294957837667,
2,T2,143000.0,shapefit,0.01,36,-2.609675898777921,
2,T2,143000.0,string_n1,0.01,37,-0.6579637674555969,
2,T2,143000.0,multi_iso,0.01,37,-0.220657646362047,
2,T2,143000.0,shapefit,0.01,37,1.0538954588186102,
2,T2,143000.0,string_n1,0.01,38,-0.0681882622411598,
2,T2,143000.0,multi_iso,0.01,38,-0.6013946709992817,
2,T2,143000.0,shapefit,0.01,38,2.5299169335161804,
2,T2,143000.0,string_n1,0.01,39,-0.5957082116636904,
2,T2,143000.0,multi_iso,0.01,39,-0.1396568801280695,
2,T2,143000.0,shapefit,0.01,39,-2.2857321199327236,
2,T2,143000.0,string_n1,0.01,40,-1.3748403848235786,
2,T2,143000.0,multi_iso,0.01,40,0.233169755703746,
2,T2,143000.0,shapefit,0.01,40,0.3936195790511027,
2,T2,143000.0,string_n1,0.01,41,-1.1109445628310577,
2,T2,143000.0,multi_iso,0.01,41,0.1812822846763147,
2,T2,143000.0,shapefit,0.01,41,-1.2626540338032972,
2,T2,143000.0,string_n1,0.01,42,-1.2729896003285983,
2,T2,143000.0,multi_iso,0.01,42,0.0572196625026148,
2,T2,143000.0,shapefit,0.01,42,-3.3879217849839827,
2,T2,143000.0,string_n1,0.01,43,-0.6073013832913126,
2,T2,143000.0,multi_iso,0.01,43,0.2855516556512004,
2,T2,143000.0,shapefit,0.01,43,1.6692247122372916,
2,T2,143000.0,string_n1,0.01,44,0.0850573592182449,
2,T2,143000.0,multi_iso,0.01,44,-0.1030743392286545,
2,T2,143000.0,shapefit,0.01,44,-0.6492822495299323,
2,T2,143000.0,string_n1,0.01,45,-0.4547260380106029,
2,T2,143000.0,multi_iso,0.01,45,-0.1532368492269139,
2,T2,143000.0,shapefit,0.01,45,-1.746451434045619,
2,T2,143000.0,string_n1,0.01,46,-1.0995125035425628,
2,T2,143000.0,multi_iso,0.01,46,-0.1623901632649032,
2,T2,143000.0,shapefit,0.01,46,-0.1981202778961652,
2,T2,143000.0,string_n1,0.01,47,-0.978700606391372,
2,T2,143000.0,multi_iso,0.01,47,-0.0413730630635038,
2,T2,143000.0,shapefit,0.01,47,-0.4734022943980314,
2,T2,143000.0,string_n1,0.01,48,-0.8181549590967117,
2,T2,143000.0,multi_iso,0.01,48,-0.1191451111892881,
2,T2,143000.0,shapefit,0.01,48,-0.5600926674990158,
2,T2,143000.0,string_n1,0.01,49,-0.473587381040964,
2,T2,143000.0,multi_iso,0.01,49,-0.4118268641897833,
2,T2,143000.0,shapefit,0.01,49,0.3711488981966305,
2,T2,143000.0,string_n1,0.01,50,-0.7114525800493711,
2,T2,143000.0,multi_iso,0.01,50,0.2761401644605659,
2,T2,143000.0,shapefit,0.01,50,-0.7769933168637327,
2,T2,143000.0,string_n1,0.01,51,-0.7018469555536692,
2,T2,143000.0,multi_iso,0.01,51,-0.3839702854838452,
2,T2,143000.0,shapefit,0.01,51,-1.3987423309814544,
2,T2,143000.0,string_n1,0.01,52,-0.6492494464935971,
2,T2,143000.0,multi_iso,0.01,52,-0.0047571847017266,
2,T2,143000.0,shapefit,0.01,52,0.5187265889786088,
2,T2,143000.0,string_n1,0.01,53,-1.0734545639596418,
2,T2,143000.0,multi_iso,0.01,53,-0.1956784786815043,
2,T2,143000.0,shapefit,0.01,53,-1.1640038618915003,
2,T2,143000.0,string_n1,0.01,54,-0.8202143993192244,
2,T2,143000.0,multi_iso,0.01,54,0.0795416417061937,
2,T2,143000.0,shapefit,0.01,54,0.339680148213772,
2,T2,143000.0,string_n1,0.01,55,-1.1200451962791271,
2,T2,143000.0,multi_iso,0.01,55,-0.2009535194810975,
2,T2,143000.0,shapefit,0.01,55,2.232985018380068,
2,T2,143000.0,string_n1,0.01,56,-1.124415515490846,
2,T2,143000.0,multi_iso,0.01,56,-0.2678200007587878,
2,T2,143000.0,shapefit,0.01,56,-2.658559200592389,
2,T2,143000.0,string_n1,0.01,57,-1.0204572068467912,
2,T2,143000.0,multi_iso,0.01,57,-0.1114093074526628,
2,T2,143000.0,shapefit,0.01,57,1.0770250244220183,
2,T2,143000.0,string_n1,0.01,58,-1.044754814632299,
2,T2,143000.0,multi_iso,0.01,58,0.0982096878571356,
2,T2,143000.0,shapefit,0.01,58,-1.201552275234489,
2,T2,143000.0,string_n1,0.01,59,-0.8079045303672889,
2,T2,143000.0,multi_iso,0.01,59,0.0564401166606165,
2,T2,143000.0,shapefit,0.01,59,-0.6767140454841839,
2,T2,143000.0,string_n1,0.01,60,-0.4176877015141259,
2,T2,143000.0,multi_iso,0.01,60,0.3217723075519242,
2,T2,143000.0,shapefit,0.01,60,1.189607314650483,
2,T2,143000.0,string_n1,0.01,61,-0.6442948289118687,
2,T2,143000.0,multi_iso,0.01,61,-0.0501617739746596,
2,T2,143000.0,shapefit,0.01,61,1.3264125102971172,
2,T2,143000.0,string_n1,0.01,62,0.1142581526667101,
2,T2,143000.0,multi_iso,0.01,62,-0.1557381357934563,
2,T2,143000.0,shapefit,0.01,62,1.1064131315494723,
2,T2,143000.0,string_n1,0.01,63,0.2174634489785819,
2,T2,143000.0,multi_iso,0.01,63,-0.0761079779479504,
2,T2,143000.0,shapefit,0.01,63,-1.3090149807847524,
2,T2,143000.0,string_n1,0.01,64,-0.4128114810209783,
2,T2,143000.0,multi_iso,0.01,64,0.2753795930811276,
2,T2,143000.0,shapefit,0.01,64,-0.6264888165720537,
2,T2,143000.0,string_n1,0.01,65,-1.007092593458031,
2,T2,143000.0,multi_iso,0.01,65,-0.1194875344833305,
2,T2,143000.0,shapefit,0.01,65,-0.9453533045997417,
2,T2,143000.0,string_n1,0.01,66,-0.5296166897129627,
2,T2,143000.0,multi_iso,0.01,66,0.0266932814502298,
2,T2,143000.0,shapefit,0.01,66,1.9565937924218548,
2,T2,143000.0,string_n1,0.01,67,-0.9734333166435574,
2,T2,143000.0,multi_iso,0.01,67,0.0794719039612707,
2,T2,143000.0,shapefit,0.01,67,0.6113870482962014,
2,T2,143000.0,string_n1,0.01,68,-0.5865620101267192,
2,T2,143000.0,multi_iso,0.01,68,0.0809139664789012,
2,T2,143000.0,shapefit,0.01,68,-0.4976414293969673,
2,T2,143000.0,string_n1,0.01,69,-0.4804996431252221,
2,T2,143000.0,multi_iso,0.01,69,0.1654599526533783,
2,T2,143000.0,shapefit,0.01,69,-1.0669289727249571,
2,T2,143000.0,string_n1,0.01,70,-0.2038802771871401,
2,T2,143000.0,multi_iso,0.01,70,0.0347987152885367,
2,T2,143000.0,shapefit,0.01,70,-1.0486023552735724,
2,T2,143000.0,string_n1,0.01,71,-0.896858876697895,
2,T2,143000.0,multi_iso,0.01,71,-0.1061265961378381,
2,T2,143000.0,shapefit,0.01,71,-0.135233821151831,
2,T2,143000.0,string_n1,0.01,72,-0.2249915287454231,
2,T2,143000.0,multi_iso,0.01,72,-0.0935465835547929,
2,T2,143000.0,shapefit,0.01,72,3.721615190668723,
2,T2,143000.0,string_n1,0.01,73,-1.0111965445752973,
2,T2,143000.0,multi_iso,0.01,73,0.2930375013881854,
2,T2,143000.0,shapefit,0.01,73,-1.7075630414051572,
2,T2,143000.0,string_n1,0.01,74,-0.3292228761679001,
2,T2,143000.0,multi_iso,0.01,74,0.2794487200259358,
2,T2,143000.0,shapefit,0.01,74,-0.9066486758214968,
2,T2,143000.0,string_n1,0.01,75,0.1053110503565546,
2,T2,143000.0,multi_iso,0.01,75,-0.1130153801676229,
2,T2,143000.0,shapefit,0.01,75,-0.6441503577431138,
2,T2,143000.0,string_n1,0.01,76,-0.1390930706227257,
2,T2,143000.0,multi_iso,0.01,76,0.3055954695634065,
2,T2,143000.0,shapefit,0.01,76,0.1335262362088746,
2,T2,143000.0,string_n1,0.01,77,-1.5654637356511996,
2,T2,143000.0,multi_iso,0.01,77,0.1095706201382746,
2,T2,143000.0,shapefit,0.01,77,0.0904684688448189,
2,T2,143000.0,string_n1,0.01,78,-0.350941239255281,
2,T2,143000.0,multi_iso,0.01,78,-0.1054218289643645,
2,T2,143000.0,shapefit,0.01,78,-0.6733754291401246,
2,T2,143000.0,string_n1,0.01,79,-1.318451599210584,
2,T2,143000.0,multi_iso,0.01,79,-0.2958139597824359,
2,T2,143000.0,shapefit,0.01,79,2.6952696419754303,
2,T2,143000.0,string_n1,0.01,80,-0.4065412566613469,
2,T2,143000.0,multi_iso,0.01,80,-0.1706322538207685,
2,T2,143000.0,shapefit,0.01,80,1.6416107055822295,
2,T2,143000.0,string_n1,0.01,81,-0.419884779145701,
2,T2,143000.0,multi_iso,0.01,81,-0.0251620222219686,
2,T2,143000.0,shapefit,0.01,81,-0.3774098991664286,
2,T2,143000.0,string_n1,0.01,82,-1.0163860143230898,
2,T2,143000.0,multi_iso,0.01,82,0.0036451718964535,
2,T2,143000.0,shapefit,0.01,82,-0.6224249423299981,
2,T2,143000.0,string_n1,0.01,83,-0.6820133978864862,
2,T2,143000.0,multi_iso,0.01,83,-0.1737422163201979,
2,T2,143000.0,shapefit,0.01,83,0.1463102837572471,
2,T2,143000.0,string_n1,0.01,84,-0.4263162646171762,
2,T2,143000.0,multi_iso,0.01,84,-0.2263362028186862,
2,T2,143000.0,shapefit,0.01,84,1.4126158615796285,
2,T2,143000.0,string_n1,0.01,85,-0.2921777338122907,
2,T2,143000.0,multi_iso,0.01,85,-0.2006050791134089,
2,T2,143000.0,shapefit,0.01,85,-0.2444943357993957,
2,T2,143000.0,string_n1,0.01,86,-0.4105113352659497,
2,T2,143000.0,multi_iso,0.01,86,-0.0586349829388464,
2,T2,143000.0,shapefit,0.01,86,-0.357850984709746,
2,T2,143000.0,string_n1,0.01,87,-0.3422936199364615,
2,T2,143000.0,multi_iso,0.01,87,-0.3584508864512916,
2,T2,143000.0,shapefit,0.01,87,0.0987260169389297,
2,T2,143000.0,string_n1,0.01,88,-1.2772493987122977,
2,T2,143000.0,multi_iso,0.01,88,0.3088906908483111,
2,T2,143000.0,shapefit,0.01,88,-0.1201708706835621,
2,T2,143000.0,string_n1,0.01,89,-1.227202066950137,
2,T2,143000.0,multi_iso,0.01,89,0.0320670846366719,
2,T2,143000.0,shapefit,0.01,89,-2.805718013047956,
2,T2,143000.0,string_n1,0.01,90,-0.3395897770748462,
2,T2,143000.0,multi_iso,0.01,90,-0.0318355615482986,
2,T2,143000.0,shapefit,0.01,90,0.9829511268766332,
2,T2,143000.0,string_n1,0.01,91,-0.9473605082404328,
2,T2,143000.0,multi_iso,0.01,91,0.212806829420721,
2,T2,143000.0,shapefit,0.01,91,-3.0213036101246726,
2,T2,143000.0,string_n1,0.01,92,-1.0142461722068672,
2,T2,143000.0,multi_iso,0.01,92,0.0861978616121378,
2,T2,143000.0,shapefit,0.01,92,1.0292571127329426,
2,T2,143000.0,string_n1,0.01,93,-1.0142818915257166,
2,T2,143000.0,multi_iso,0.01,93,-0.2927951771850816,
2,T2,143000.0,shapefit,0.01,93,0.6953445386912689,
2,T2,143000.0,string_n1,0.01,94,-0.7392707403221085,
2,T2,143000.0,multi_iso,0.01,94,-0.152260308503967,
2,T2,143000.0,shapefit,0.01,94,1.030245940075553,
2,T2,143000.0,string_n1,0.01,95,-1.122389447010469,
2,T2,143000.0,multi_iso,0.01,95,0.1460138543264719,
2,T2,143000.0,shapefit,0.01,95,2.363278818174149,
2,T2,143000.0,string_n1,0.01,96,-0.5036001917078172,
2,T2,143000.0,multi_iso,0.01,96,-0.0676224677276209,
2,T2,143000.0,shapefit,0.01,96,1.0075985691579743,
2,T2,143000.0,string_n1,0.01,97,-0.4109627056054012,
2,T2,143000.0,multi_iso,0.01,97,-0.1683944023943301,
2,T2,143000.0,shapefit,0.01,97,-0.8823126889344783,
2,T2,143000.0,string_n1,0.01,98,-0.8835392303031729,
2,T2,143000.0,multi_iso,0.01,98,0.0651847574355526,
2,T2,143000.0,shapefit,0.01,98,2.488412662819264,
2,T2,143000.0,string_n1,0.01,99,-0.5280126965011859,
2,T2,143000.0,multi_iso,0.01,99,0.0507965737764708,
2,T2,143000.0,shapefit,0.01,99,1.2650072914806083,
2,T2,143000.0,string_n1,0.02,0,-1.4823315648176427,
2,T2,143000.0,multi_iso,0.02,0,-0.306476645324936,
2,T2,143000.0,shapefit,0.02,0,-1.8553504644248755,
2,T2,143000.0,string_n1,0.02,1,-1.2460291291415078,
2,T2,143000.0,multi_iso,0.02,1,-0.1597363799260286,
2,T2,143000.0,shapefit,0.02,1,-2.508796282177421,
2,T2,143000.0,string_n1,0.02,2,-0.9454451973642216,
2,T2,143000.0,multi_iso,0.02,2,0.1273591801309241,
2,T2,143000.0,shapefit,0.02,2,5.298557801522157,
2,T2,143000.0,string_n1,0.02,3,-0.5819759145808908,
2,T2,143000.0,multi_iso,0.02,3,0.0416825041159217,
2,T2,143000.0,shapefit,0.02,3,5.291125353158149,
2,T2,143000.0,string_n1,0.02,4,-0.5847377111504165,
2,T2,143000.0,multi_iso,0.02,4,0.0272290830122074,
2,T2,143000.0,shapefit,0.02,4,2.256755049906608,
2,T2,143000.0,string_n1,0.02,5,-0.8894156334454428,
2,T2,143000.0,multi_iso,0.02,5,-0.3329506370898579,
2,T2,143000.0,shapefit,0.02,5,1.6608106427487934,
2,T2,143000.0,string_n1,0.02,6,-0.6893757274592542,
2,T2,143000.0,multi_iso,0.02,6,0.5186055004627035,
2,T2,143000.0,shapefit,0.02,6,2.5310916021339867,
2,T2,143000.0,string_n1,0.02,7,-0.5320014750431911,
2,T2,143000.0,multi_iso,0.02,7,0.3524010480872243,
2,T2,143000.0,shapefit,0.02,7,-2.9424585181838747,
2,T2,143000.0,string_n1,0.02,8,-0.2021170145510639,
2,T2,143000.0,multi_iso,0.02,8,-0.2456436376020205,
2,T2,143000.0,shapefit,0.02,8,-6.909951665288389,
2,T2,143000.0,string_n1,0.02,9,-0.6933681834515362,
2,T2,143000.0,multi_iso,0.02,9,0.0446004091896738,
2,T2,143000.0,shapefit,0.02,9,-0.7602990658823938,
2,T2,143000.0,string_n1,0.02,10,-0.839624904002689,
2,T2,143000.0,multi_iso,0.02,10,-0.0375825611437293,
2,T2,143000.0,shapefit,0.02,10,-1.0482421801237665,
2,T2,143000.0,string_n1,0.02,11,-1.205425304318111,
2,T2,143000.0,multi_iso,0.02,11,-0.1209808523785827,
2,T2,143000.0,shapefit,0.02,11,3.0562254711230312,
2,T2,143000.0,string_n1,0.02,12,-0.610027985230037,
2,T2,143000.0,multi_iso,0.02,12,-0.0332381563297174,
2,T2,143000.0,shapefit,0.02,12,2.0129016568808544,
2,T2,143000.0,string_n1,0.02,13,-1.3171362117022418,
2,T2,143000.0,multi_iso,0.02,13,-0.179745000439258,
2,T2,143000.0,shapefit,0.02,13,-3.3277831693164437,
2,T2,143000.0,string_n1,0.02,14,-0.3540044765968292,
2,T2,143000.0,multi_iso,0.02,14,-0.2597577344012972,
2,T2,143000.0,shapefit,0.02,14,-5.349832303218472,
2,T2,143000.0,string_n1,0.02,15,-0.1572008834325283,
2,T2,143000.0,multi_iso,0.02,15,-0.1033313982971045,
2,T2,143000.0,shapefit,0.02,15,1.6561062586205395,
2,T2,143000.0,string_n1,0.02,16,-0.7094633618162105,
2,T2,143000.0,multi_iso,0.02,16,0.1735511594687847,
2,T2,143000.0,shapefit,0.02,16,3.859293172668346,
2,T2,143000.0,string_n1,0.02,17,-0.0417160437935702,
2,T2,143000.0,multi_iso,0.02,17,-0.2141179779119923,
2,T2,143000.0,shapefit,0.02,17,-2.816945671191898,
2,T2,143000.0,string_n1,0.02,18,-0.4921323757924154,
2,T2,143000.0,multi_iso,0.02,18,-0.1515575423919949,
2,T2,143000.0,shapefit,0.02,18,-1.2910104792073598,
2,T2,143000.0,string_n1,0.02,19,-0.3510181180515507,
2,T2,143000.0,multi_iso,0.02,19,-0.2331151568413454,
2,T2,143000.0,shapefit,0.02,19,-0.5510599454154766,
2,T2,143000.0,string_n1,0.02,20,-0.3991531126738251,
2,T2,143000.0,multi_iso,0.02,20,-0.024734830597177,
2,T2,143000.0,shapefit,0.02,20,3.2307664995568346,
2,T2,143000.0,string_n1,0.02,21,-0.6715984979966798,
2,T2,143000.0,multi_iso,0.02,21,0.0648155468179627,
2,T2,143000.0,shapefit,0.02,21,-1.730617283315437,
2,T2,143000.0,string_n1,0.02,22,-0.9622368305598156,
2,T2,143000.0,multi_iso,0.02,22,-0.3900086960597354,
2,T2,143000.0,shapefit,0.02,22,-1.549672007403183,
2,T2,143000.0,string_n1,0.02,23,-1.4783874742801129,
2,T2,143000.0,multi_iso,0.02,23,0.5125100925993996,
2,T2,143000.0,shapefit,0.02,23,-3.45771734178906,
2,T2,143000.0,string_n1,0.02,24,-1.1450906935287557,
2,T2,143000.0,multi_iso,0.02,24,0.2547965357983338,
2,T2,143000.0,shapefit,0.02,24,2.7172852621467496,
2,T2,143000.0,string_n1,0.02,25,-0.8568066633453998,
2,T2,143000.0,multi_iso,0.02,25,0.2381587491791623,
2,T2,143000.0,shapefit,0.02,25,0.5905857346222128,
2,T2,143000.0,string_n1,0.02,26,-1.0964539816650078,
2,T2,143000.0,multi_iso,0.02,26,-0.1083839325315092,
2,T2,143000.0,shapefit,0.02,26,-5.171930443473776,
2,T2,143000.0,string_n1,0.02,27,-1.1478470872507196,
2,T2,143000.0,multi_iso,0.02,27,-0.0570673854856538,
2,T2,143000.0,shapefit,0.02,27,-2.7594781988398687,
2,T2,143000.0,string_n1,0.02,28,-0.458893280771237,
2,T2,143000.0,multi_iso,0.02,28,0.1043448381352041,
2,T2,143000.0,shapefit,0.02,28,-1.0584552630051889,
2,T2,143000.0,string_n1,0.02,29,-1.399304600691295,
2,T2,143000.0,multi_iso,0.02,29,0.1381385063100647,
2,T2,143000.0,shapefit,0.02,29,-1.126545453343359,
2,T2,143000.0,string_n1,0.02,30,-0.3292458046592,
2,T2,143000.0,multi_iso,0.02,30,-0.0219496112814664,
2,T2,143000.0,shapefit,0.02,30,-0.3365229590905836,
2,T2,143000.0,string_n1,0.02,31,-0.6924661239477036,
2,T2,143000.0,multi_iso,0.02,31,-0.1075266197382413,
2,T2,143000.0,shapefit,0.02,31,-3.766417943430011,
2,T2,143000.0,string_n1,0.02,32,-0.4391880647134413,
2,T2,143000.0,multi_iso,0.02,32,-0.2772216747055551,
2,T2,143000.0,shapefit,0.02,32,7.51989378004312,
2,T2,143000.0,string_n1,0.02,33,-0.8566237982262376,
2,T2,143000.0,multi_iso,0.02,33,-0.2731507720972592,
2,T2,143000.0,shapefit,0.02,33,0.8583737248530403,
2,T2,143000.0,string_n1,0.02,34,-0.7749930305935815,
2,T2,143000.0,multi_iso,0.02,34,-0.205998332993497,
2,T2,143000.0,shapefit,0.02,34,3.2842954379438636,
2,T2,143000.0,string_n1,0.02,35,-0.5479978997737187,
2,T2,143000.0,multi_iso,0.02,35,0.2992050972234554,
2,T2,143000.0,shapefit,0.02,35,-3.3611027377134537,
2,T2,143000.0,string_n1,0.02,36,-0.4227586786484735,
2,T2,143000.0,multi_iso,0.02,36,-0.0648314539995614,
2,T2,143000.0,shapefit,0.02,36,-3.1316475758848834,
2,T2,143000.0,string_n1,0.02,37,-1.0773804466546206,
2,T2,143000.0,multi_iso,0.02,37,0.2488655292256238,
2,T2,143000.0,shapefit,0.02,37,0.9951091070437414,
2,T2,143000.0,string_n1,0.02,38,-0.700716223948964,
2,T2,143000.0,multi_iso,0.02,38,0.3590061470094443,
2,T2,143000.0,shapefit,0.02,38,-3.234768931283204,
2,T2,143000.0,string_n1,0.02,39,-1.5745673918974272,
2,T2,143000.0,multi_iso,0.02,39,0.1393264848872013,
2,T2,143000.0,shapefit,0.02,39,-0.6867516750772443,
2,T2,143000.0,string_n1,0.02,40,-0.3938972084722571,
2,T2,143000.0,multi_iso,0.02,40,0.3237642442932925,
2,T2,143000.0,shapefit,0.02,40,3.890793815134273,
2,T2,143000.0,string_n1,0.02,41,-0.3525647394660733,
2,T2,143000.0,multi_iso,0.02,41,-0.2542505671321683,
2,T2,143000.0,shapefit,0.02,41,-2.4296991354020205,
2,T2,143000.0,string_n1,0.02,42,-0.7928054440033686,
2,T2,143000.0,multi_iso,0.02,42,0.3315539364159999,
2,T2,143000.0,shapefit,0.02,42,-0.8534537136368697,
2,T2,143000.0,string_n1,0.02,43,-1.1319366489563314,
2,T2,143000.0,multi_iso,0.02,43,-0.7462915631992721,
2,T2,143000.0,shapefit,0.02,43,0.945299288407648,
2,T2,143000.0,string_n1,0.02,44,-0.5512382636650041,
2,T2,143000.0,multi_iso,0.02,44,-0.2182021728915225,
2,T2,143000.0,shapefit,0.02,44,-0.1316828357228167,
2,T2,143000.0,string_n1,0.02,45,-0.5316704701013754,
2,T2,143000.0,multi_iso,0.02,45,-0.1978558287447623,
2,T2,143000.0,shapefit,0.02,45,-0.4197785706851156,
2,T2,143000.0,string_n1,0.02,46,-0.3764679155790554,
2,T2,143000.0,multi_iso,0.02,46,0.1315960414543824,
2,T2,143000.0,shapefit,0.02,46,2.917246856412038,
2,T2,143000.0,string_n1,0.02,47,-0.4983519093914835,
2,T2,143000.0,multi_iso,0.02,47,-0.015445718564597,
2,T2,143000.0,shapefit,0.02,47,-1.044534618167147,
2,T2,143000.0,string_n1,0.02,48,-0.1462988378533603,
2,T2,143000.0,multi_iso,0.02,48,-0.0105468223273584,
2,T2,143000.0,shapefit,0.02,48,5.90228517978917,
2,T2,143000.0,string_n1,0.02,49,-0.7557784521194351,
2,T2,143000.0,multi_iso,0.02,49,0.0193088821232541,
2,T2,143000.0,shapefit,0.02,49,0.6438746331637144,
2,T2,143000.0,string_n1,0.02,50,-0.8447867281710724,
2,T2,143000.0,multi_iso,0.02,50,-0.1194279602647578,
2,T2,143000.0,shapefit,0.02,50,0.6052517756573258,
2,T2,143000.0,string_n1,0.02,51,-0.7721584383801677,
2,T2,143000.0,multi_iso,0.02,51,-0.163537850852879,
2,T2,143000.0,shapefit,0.02,51,-3.6429821903756503,
2,T2,143000.0,string_n1,0.02,52,-0.4003242388544107,
2,T2,143000.0,multi_iso,0.02,52,0.4877669052578268,
2,T2,143000.0,shapefit,0.02,52,-2.2556066864641493,
2,T2,143000.0,string_n1,0.02,53,-0.6325074177688408,
2,T2,143000.0,multi_iso,0.02,53,0.1025469712951095,
2,T2,143000.0,shapefit,0.02,53,0.1510626424668548,
2,T2,143000.0,string_n1,0.02,54,-0.7230837525156737,
2,T2,143000.0,multi_iso,0.02,54,-0.1377074843823504,
2,T2,143000.0,shapefit,0.02,54,1.8879423220649645,
2,T2,143000.0,string_n1,0.02,55,-0.474619465558061,
2,T2,143000.0,multi_iso,0.02,55,-0.0619492659574029,
2,T2,143000.0,shapefit,0.02,55,0.3770601210052105,
2,T2,143000.0,string_n1,0.02,56,-0.6924265447629118,
2,T2,143000.0,multi_iso,0.02,56,0.1327900217059621,
2,T2,143000.0,shapefit,0.02,56,-4.603259331580896,
2,T2,143000.0,string_n1,0.02,57,-0.1307659701739317,
2,T2,143000.0,multi_iso,0.02,57,0.2980441313715842,
2,T2,143000.0,shapefit,0.02,57,-2.077533761202663,
2,T2,143000.0,string_n1,0.02,58,-0.691233514558904,
2,T2,143000.0,multi_iso,0.02,58,-0.5576488660306546,
2,T2,143000.0,shapefit,0.02,58,3.672921370751435,
2,T2,143000.0,string_n1,0.02,59,-0.9230545791647344,
2,T2,143000.0,multi_iso,0.02,59,-0.3624036346585408,
2,T2,143000.0,shapefit,0.02,59,-3.07514180741224,
2,T2,143000.0,string_n1,0.02,60,-0.3278400616916311,
2,T2,143000.0,multi_iso,0.02,60,-0.2553586532610103,
2,T2,143000.0,shapefit,0.02,60,0.1406398005853773,
2,T2,143000.0,string_n1,0.02,61,-0.9660056784128896,
2,T2,143000.0,multi_iso,0.02,61,0.2559670705192965,
2,T2,143000.0,shapefit,0.02,61,1.019140120275633,
2,T2,143000.0,string_n1,0.02,62,-0.5383638305042893,
2,T2,143000.0,multi_iso,0.02,62,-0.0723263584453062,
2,T2,143000.0,shapefit,0.02,62,5.8841111126006584,
2,T2,143000.0,string_n1,0.02,63,-1.2648767150336488,
2,T2,143000.0,multi_iso,0.02,63,0.0865172300992494,
2,T2,143000.0,shapefit,0.02,63,-1.8819332911407656,
2,T2,143000.0,string_n1,0.02,64,-0.7531481857680418,
2,T2,143000.0,multi_iso,0.02,64,0.1302585186089358,
2,T2,143000.0,shapefit,0.02,64,0.1145945463676967,
2,T2,143000.0,string_n1,0.02,65,-1.142070906546693,
2,T2,143000.0,multi_iso,0.02,65,-0.1431693833714133,
2,T2,143000.0,shapefit,0.02,65,2.9661423067575305,
2,T2,143000.0,string_n1,0.02,66,-0.3099344539493111,
2,T2,143000.0,multi_iso,0.02,66,0.0305510369239788,
2,T2,143000.0,shapefit,0.02,66,-1.2171322043483648,
2,T2,143000.0,string_n1,0.02,67,-0.4170509977800237,
2,T2,143000.0,multi_iso,0.02,67,-0.4314140184356674,
2,T2,143000.0,shapefit,0.02,67,2.0627448262953503,
2,T2,143000.0,string_n1,0.02,68,-1.3656758015978,
2,T2,143000.0,multi_iso,0.02,68,-0.4108152509530415,
2,T2,143000.0,shapefit,0.02,68,2.5233550870373653,
2,T2,143000.0,string_n1,0.02,69,-0.705772890197561,
2,T2,143000.0,multi_iso,0.02,69,0.2494185868429038,
2,T2,143000.0,shapefit,0.02,69,5.006805601960778,
2,T2,143000.0,string_n1,0.02,70,-0.4463997284914131,
2,T2,143000.0,multi_iso,0.02,70,0.3323504068699447,
2,T2,143000.0,shapefit,0.02,70,1.861593063058876,
2,T2,143000.0,string_n1,0.02,71,-0.6661187831271306,
2,T2,143000.0,multi_iso,0.02,71,0.3407570033054962,
2,T2,143000.0,shapefit,0.02,71,0.7783537543803524,
2,T2,143000.0,string_n1,0.02,72,-0.8110880883867075,
2,T2,143000.0,multi_iso,0.02,72,-0.096632934463987,
2,T2,143000.0,shapefit,0.02,72,-1.673364211633839,
2,T2,143000.0,string_n1,0.02,73,0.0351521886646229,
2,T2,143000.0,multi_iso,0.02,73,0.0688278011216902,
2,T2,143000.0,shapefit,0.02,73,1.7961562958545982,
2,T2,143000.0,string_n1,0.02,74,-0.7077437533545788,
2,T2,143000.0,multi_iso,0.02,74,-0.5456012423678995,
2,T2,143000.0,shapefit,0.02,74,3.603653898807992,
2,T2,143000.0,string_n1,0.02,75,-0.4840919665935273,
2,T2,143000.0,multi_iso,0.02,75,-0.1122639473348365,
2,T2,143000.0,shapefit,0.02,75,-1.1133031112022642,
2,T2,143000.0,string_n1,0.02,76,-0.1263633106401071,
2,T2,143000.0,multi_iso,0.02,76,0.3719208770734624,
2,T2,143000.0,shapefit,0.02,76,-1.7416155404021303,
2,T2,143000.0,string_n1,0.02,77,-0.2151833353274326,
2,T2,143000.0,multi_iso,0.02,77,-0.341341247443367,
2,T2,143000.0,shapefit,0.02,77,3.204390562647812,
2,T2,143000.0,string_n1,0.02,78,0.4162601912490432,
2,T2,143000.0,multi_iso,0.02,78,-0.0295762537991411,
2,T2,143000.0,shapefit,0.02,78,6.783879391030389,
2,T2,143000.0,string_n1,0.02,79,-0.6610463458936624,
2,T2,143000.0,multi_iso,0.02,79,-0.2470303175739506,
2,T2,143000.0,shapefit,0.02,79,1.8893897361255376,
2,T2,143000.0,string_n1,0.02,80,-0.6306941463491331,
2,T2,143000.0,multi_iso,0.02,80,-0.2979892099995436,
2,T2,143000.0,shapefit,0.02,80,4.753180116460796,
2,T2,143000.0,string_n1,0.02,81,-0.6917295693190096,
2,T2,143000.0,multi_iso,0.02,81,-0.3170089624224188,
2,T2,143000.0,shapefit,0.02,81,0.0021134218191679,
2,T2,143000.0,string_n1,0.02,82,-0.6234406174955909,
2,T2,143000.0,multi_iso,0.02,82,-0.0185166060765985,
2,T2,143000.0,shapefit,0.02,82,-4.1371820710833065,
2,T2,143000.0,string_n1,0.02,83,-1.079038166737231,
2,T2,143000.0,multi_iso,0.02,83,0.195963974924224,
2,T2,143000.0,shapefit,0.02,83,8.684261560681586,
2,T2,143000.0,string_n1,0.02,84,-0.9006203142072113,
2,T2,143000.0,multi_iso,0.02,84,0.09954228667997,
2,T2,143000.0,shapefit,0.02,84,-1.467084275408818,
2,T2,143000.0,string_n1,0.02,85,-0.4459640361428288,
2,T2,143000.0,multi_iso,0.02,85,-0.2391213191873019,
2,T2,143000.0,shapefit,0.02,85,-2.1688767005410003,
2,T2,143000.0,string_n1,0.02,86,-0.3985872410607591,
2,T2,143000.0,multi_iso,0.02,86,-0.3438618172017509,
2,T2,143000.0,shapefit,0.02,86,0.0384386407738751,
2,T2,143000.0,string_n1,0.02,87,-0.6010533073552115,
2,T2,143000.0,multi_iso,0.02,87,-0.4300284079984083,
2,T2,143000.0,shapefit,0.02,87,-0.2913808379975803,
2,T2,143000.0,string_n1,0.02,88,-0.6018602626043261,
2,T2,143000.0,multi_iso,0.02,88,-0.3317886079374987,
2,T2,143000.0,shapefit,0.02,88,-0.4530509123679208,
2,T2,143000.0,string_n1,0.02,89,-0.3400161457726108,
2,T2,143000.0,multi_iso,0.02,89,0.0026766240416449,
2,T2,143000.0,shapefit,0.02,89,3.406081705664466,
2,T2,143000.0,string_n1,0.02,90,-0.8777622286731197,
2,T2,143000.0,multi_iso,0.02,90,-0.0222825591805532,
2,T2,143000.0,shapefit,0.02,90,1.9042570355430717,
2,T2,143000.0,string_n1,0.02,91,-0.7597413563544633,
2,T2,143000.0,multi_iso,0.02,91,0.1325229413495594,
2,T2,143000.0,shapefit,0.02,91,1.5067397622955545,
2,T2,143000.0,string_n1,0.02,92,-0.550554517596912,
2,T2,143000.0,multi_iso,0.02,92,0.1399994096061551,
2,T2,143000.0,shapefit,0.02,92,-3.2394695263739206,
2,T2,143000.0,string_n1,0.02,93,-0.2801506499362372,
2,T2,143000.0,multi_iso,0.02,93,0.105865266495889,
2,T2,143000.0,shapefit,0.02,93,2.0460875529071343,
2,T2,143000.0,string_n1,0.02,94,-0.2619896936906465,
2,T2,143000.0,multi_iso,0.02,94,-0.1458613751827367,
2,T2,143000.0,shapefit,0.02,94,-1.955396267408798,
2,T2,143000.0,string_n1,0.02,95,-0.6113659120291607,
2,T2,143000.0,multi_iso,0.02,95,0.485361738994773,
2,T2,143000.0,shapefit,0.02,95,1.010265655590891,
2,T2,143000.0,string_n1,0.02,96,-0.6692411923260425,
2,T2,143000.0,multi_iso,0.02,96,-0.164310922780399,
2,T2,143000.0,shapefit,0.02,96,4.117038784846008,
2,T2,143000.0,string_n1,0.02,97,-1.0252766539058582,
2,T2,143000.0,multi_iso,0.02,97,-0.064258951278484,
2,T2,143000.0,shapefit,0.02,97,-3.4380721659624056,
2,T2,143000.0,string_n1,0.02,98,-0.2793063078217299,
2,T2,143000.0,multi_iso,0.02,98,-0.4405614008988218,
2,T2,143000.0,shapefit,0.02,98,-0.5015942035280974,
2,T2,143000.0,string_n1,0.02,99,-0.7175596560606565,
2,T2,143000.0,multi_iso,0.02,99,-0.2068188728705224,
2,T2,143000.0,shapefit,0.02,99,-2.333768733094611,
2,T2,143000.0,pinn_free,0.01,0,-1.1306684571015688,
2,T2,143000.0,pinn_free,0.01,1,-0.5364668329433787,
2,T2,143000.0,pinn_free,0.01,2,0.258453046971398,
3,T3,148500.0,string_n1,0.0,-1,-1.388101640019428,
3,T3,148500.0,multi_iso,0.0,-1,-0.0394152280273855,
3,T3,148500.0,shapefit,0.0,-1,-1.9654565371623145e-07,775079.5673692733
3,T3,148500.0,pinn_free,0.0,-1,0.0016326254968859,776173.0847437065
3,T3,148500.0,pinn_free,0.0,-2,0.0011927051184328,776181.4500921586
3,T3,148500.0,pinn_free,0.0,-3,0.0012427436990423,775966.3071368446
3,T3,148500.0,string_n1,0.005,0,-1.900011813085368,
3,T3,148500.0,multi_iso,0.005,0,-0.1038806166865169,
3,T3,148500.0,shapefit,0.005,0,-0.3324342591878926,
3,T3,148500.0,string_n1,0.005,1,-1.707655636995391,
3,T3,148500.0,multi_iso,0.005,1,0.0815695799744699,
3,T3,148500.0,shapefit,0.005,1,0.4229039689355062,
3,T3,148500.0,string_n1,0.005,2,-1.7776986156607333,
3,T3,148500.0,multi_iso,0.005,2,-0.1349632651531388,
3,T3,148500.0,shapefit,0.005,2,0.4289877032052281,
3,T3,148500.0,string_n1,0.005,3,-0.973019941442886,
3,T3,148500.0,multi_iso,0.005,3,-0.5347231686722623,
3,T3,148500.0,shapefit,0.005,3,0.5994142520939343,
3,T3,148500.0,string_n1,0.005,4,-0.9493295890604058,
3,T3,148500.0,multi_iso,0.005,4,0.3988829595894437,
3,T3,148500.0,shapefit,0.005,4,-0.1294774895183497,
3,T3,148500.0,string_n1,0.005,5,-1.3488124183408512,
3,T3,148500.0,multi_iso,0.005,5,-0.3134542743070208,
3,T3,148500.0,shapefit,0.005,5,0.5740390487409766,
3,T3,148500.0,string_n1,0.005,6,-0.7821587692417818,
3,T3,148500.0,multi_iso,0.005,6,0.3208420156247432,
3,T3,148500.0,shapefit,0.005,6,0.8400036715054163,
3,T3,148500.0,string_n1,0.005,7,-1.093511058848472,
3,T3,148500.0,multi_iso,0.005,7,0.1274944696860954,
3,T3,148500.0,shapefit,0.005,7,0.0506226526606029,
3,T3,148500.0,string_n1,0.005,8,-1.2143007175038532,
3,T3,148500.0,multi_iso,0.005,8,-0.5098196325640418,
3,T3,148500.0,shapefit,0.005,8,-0.110273723978481,
3,T3,148500.0,string_n1,0.005,9,-1.295775369274773,
3,T3,148500.0,multi_iso,0.005,9,0.1396496406305379,
3,T3,148500.0,shapefit,0.005,9,0.306180231085577,
3,T3,148500.0,string_n1,0.005,10,-1.882582435014196,
3,T3,148500.0,multi_iso,0.005,10,0.1824305310359135,
3,T3,148500.0,shapefit,0.005,10,-0.4269051979959712,
3,T3,148500.0,string_n1,0.005,11,-1.427799363746735,
3,T3,148500.0,multi_iso,0.005,11,-0.0880369231371586,
3,T3,148500.0,shapefit,0.005,11,0.977382506633484,
3,T3,148500.0,string_n1,0.005,12,-1.463326310111709,
3,T3,148500.0,multi_iso,0.005,12,-0.0825957889156141,
3,T3,148500.0,shapefit,0.005,12,-0.9155080492744851,
3,T3,148500.0,string_n1,0.005,13,-2.1617883529119557,
3,T3,148500.0,multi_iso,0.005,13,-0.15399700923443,
3,T3,148500.0,shapefit,0.005,13,-2.0103679695995664,
3,T3,148500.0,string_n1,0.005,14,-1.2055823293110624,
3,T3,148500.0,multi_iso,0.005,14,0.1198161083587362,
3,T3,148500.0,shapefit,0.005,14,0.8578553439576377,
3,T3,148500.0,string_n1,0.005,15,-1.225647897117082,
3,T3,148500.0,multi_iso,0.005,15,0.1919233599746472,
3,T3,148500.0,shapefit,0.005,15,-0.4335718737055762,
3,T3,148500.0,string_n1,0.005,16,-0.9205417173669824,
3,T3,148500.0,multi_iso,0.005,16,0.0052492670645084,
3,T3,148500.0,shapefit,0.005,16,0.9584191720531344,
3,T3,148500.0,string_n1,0.005,17,-1.4151762668510213,
3,T3,148500.0,multi_iso,0.005,17,-0.1036992986904267,
3,T3,148500.0,shapefit,0.005,17,0.0589402412203327,
3,T3,148500.0,string_n1,0.005,18,-1.7991836919065922,
3,T3,148500.0,multi_iso,0.005,18,0.2566877741286075,
3,T3,148500.0,shapefit,0.005,18,-0.9978914007966474,
3,T3,148500.0,string_n1,0.005,19,-1.0556346218847406,
3,T3,148500.0,multi_iso,0.005,19,-0.1400750249602889,
3,T3,148500.0,shapefit,0.005,19,1.5267840877331336,
3,T3,148500.0,string_n1,0.005,20,-1.1335974855156206,
3,T3,148500.0,multi_iso,0.005,20,0.0510175246891161,
3,T3,148500.0,shapefit,0.005,20,0.5168799043081737,
3,T3,148500.0,string_n1,0.005,21,-1.4989490046220957,
3,T3,148500.0,multi_iso,0.005,21,-0.2610521503018218,
3,T3,148500.0,shapefit,0.005,21,0.228208299945281,
3,T3,148500.0,string_n1,0.005,22,-1.3121647709122974,
3,T3,148500.0,multi_iso,0.005,22,-0.3023556579330266,
3,T3,148500.0,shapefit,0.005,22,-0.370339897924447,
3,T3,148500.0,string_n1,0.005,23,-0.746476927352246,
3,T3,148500.0,multi_iso,0.005,23,-0.3153581806125358,
3,T3,148500.0,shapefit,0.005,23,-0.1353508754329785,
3,T3,148500.0,string_n1,0.005,24,-1.8686718261373456,
3,T3,148500.0,multi_iso,0.005,24,0.2985179449939396,
3,T3,148500.0,shapefit,0.005,24,-0.091802037003084,
3,T3,148500.0,string_n1,0.005,25,-2.134743906733202,
3,T3,148500.0,multi_iso,0.005,25,-0.0267308236160339,
3,T3,148500.0,shapefit,0.005,25,-0.2523709403028749,
3,T3,148500.0,string_n1,0.005,26,-1.0386858356753614,
3,T3,148500.0,multi_iso,0.005,26,0.0584032711545115,
3,T3,148500.0,shapefit,0.005,26,0.0589190258973384,
3,T3,148500.0,string_n1,0.005,27,-0.9421442966624626,
3,T3,148500.0,multi_iso,0.005,27,-0.1334496112575641,
3,T3,148500.0,shapefit,0.005,27,1.5799199365490189,
3,T3,148500.0,string_n1,0.005,28,-1.8211856499761352,
3,T3,148500.0,multi_iso,0.005,28,0.081728726354767,
3,T3,148500.0,shapefit,0.005,28,0.0695993252872114,
3,T3,148500.0,string_n1,0.005,29,-1.093633023899316,
3,T3,148500.0,multi_iso,0.005,29,-0.2080266784876781,
3,T3,148500.0,shapefit,0.005,29,0.1238801862625875,
3,T3,148500.0,string_n1,0.005,30,-2.2776955741939764,
3,T3,148500.0,multi_iso,0.005,30,-0.0367081051055218,
3,T3,148500.0,shapefit,0.005,30,-0.7277602518279959,
3,T3,148500.0,string_n1,0.005,31,-1.2810853083255804,
3,T3,148500.0,multi_iso,0.005,31,0.1537656042789131,
3,T3,148500.0,shapefit,0.005,31,-0.2925645331672811,
3,T3,148500.0,string_n1,0.005,32,-1.3223842751453685,
3,T3,148500.0,multi_iso,0.005,32,0.0019662028653053,
3,T3,148500.0,shapefit,0.005,32,-1.500224608800418,
3,T3,148500.0,string_n1,0.005,33,-2.0877369635805065,
3,T3,148500.0,multi_iso,0.005,33,0.5739466198064663,
3,T3,148500.0,shapefit,0.005,33,-0.8695180004780096,
3,T3,148500.0,string_n1,0.005,34,-1.1632579628861257,
3,T3,148500.0,multi_iso,0.005,34,-0.1710263839537538,
3,T3,148500.0,shapefit,0.005,34,-0.8222753603510936,
3,T3,148500.0,string_n1,0.005,35,-1.6849019987687002,
3,T3,148500.0,multi_iso,0.005,35,-0.2920499913348002,
3,T3,148500.0,shapefit,0.005,35,0.3040062158856531,
3,T3,148500.0,string_n1,0.005,36,-1.021465626278044,
3,T3,148500.0,multi_iso,0.005,36,-0.349464437130369,
3,T3,148500.0,shapefit,0.005,36,1.8234579547610203,
3,T3,148500.0,string_n1,0.005,37,-2.056576632667879,
3,T3,148500.0,multi_iso,0.005,37,0.0055641716658741,
3,T3,148500.0,shapefit,0.005,37,0.0175447823310832,
3,T3,148500.0,string_n1,0.005,38,-0.7688587793754845,
3,T3,148500.0,multi_iso,0.005,38,-0.0342443800508201,
3,T3,148500.0,shapefit,0.005,38,1.6889533237052805,
3,T3,148500.0,string_n1,0.005,39,-1.224541286779693,
3,T3,148500.0,multi_iso,0.005,39,-0.063831596171169,
3,T3,148500.0,shapefit,0.005,39,-0.3898886158563994,
3,T3,148500.0,string_n1,0.005,40,-1.2577971790493694,
3,T3,148500.0,multi_iso,0.005,40,-0.1384058057995135,
3,T3,148500.0,shapefit,0.005,40,-0.4885507858235048,
3,T3,148500.0,string_n1,0.005,41,-1.4611437179017084,
3,T3,148500.0,multi_iso,0.005,41,-0.2338543232797875,
3,T3,148500.0,shapefit,0.005,41,-0.2778385688452581,
3,T3,148500.0,string_n1,0.005,42,-1.6062792832056343,
3,T3,148500.0,multi_iso,0.005,42,0.0113281769935717,
3,T3,148500.0,shapefit,0.005,42,1.0834425497485556,
3,T3,148500.0,string_n1,0.005,43,-1.1542530100276618,
3,T3,148500.0,multi_iso,0.005,43,0.0367028167828767,
3,T3,148500.0,shapefit,0.005,43,0.6940326844397713,
3,T3,148500.0,string_n1,0.005,44,-1.6263296888144616,
3,T3,148500.0,multi_iso,0.005,44,-0.6697274121469959,
3,T3,148500.0,shapefit,0.005,44,-0.7921618223249495,
3,T3,148500.0,string_n1,0.005,45,-1.6590758952025837,
3,T3,148500.0,multi_iso,0.005,45,-0.3919126212555736,
3,T3,148500.0,shapefit,0.005,45,0.3508629434693233,
3,T3,148500.0,string_n1,0.005,46,-1.135233748191752,
3,T3,148500.0,multi_iso,0.005,46,0.4916338151073677,
3,T3,148500.0,shapefit,0.005,46,1.1964890315295205,
3,T3,148500.0,string_n1,0.005,47,-0.5101283043864032,
3,T3,148500.0,multi_iso,0.005,47,-0.1101477504344712,
3,T3,148500.0,shapefit,0.005,47,0.4244720863272249,
3,T3,148500.0,string_n1,0.005,48,-1.0519248211308323,
3,T3,148500.0,multi_iso,0.005,48,-0.0852087187685616,
3,T3,148500.0,shapefit,0.005,48,1.2994354428557455,
3,T3,148500.0,string_n1,0.005,49,-1.5036618403634543,
3,T3,148500.0,multi_iso,0.005,49,0.2580997290283948,
3,T3,148500.0,shapefit,0.005,49,0.6242695827373995,
3,T3,148500.0,string_n1,0.005,50,-1.9226148154494245,
3,T3,148500.0,multi_iso,0.005,50,-0.1973552602288581,
3,T3,148500.0,shapefit,0.005,50,-1.035091624920227,
3,T3,148500.0,string_n1,0.005,51,-1.0390484288560031,
3,T3,148500.0,multi_iso,0.005,51,0.0654723427777401,
3,T3,148500.0,shapefit,0.005,51,1.4618853232660645,
3,T3,148500.0,string_n1,0.005,52,-1.400408512612069,
3,T3,148500.0,multi_iso,0.005,52,0.5203297907597094,
3,T3,148500.0,shapefit,0.005,52,-0.7712140508514463,
3,T3,148500.0,string_n1,0.005,53,-1.630254186856951,
3,T3,148500.0,multi_iso,0.005,53,0.1656497216640002,
3,T3,148500.0,shapefit,0.005,53,-1.3623578376779553,
3,T3,148500.0,string_n1,0.005,54,-1.1082501803585547,
3,T3,148500.0,multi_iso,0.005,54,0.4225587835162251,
3,T3,148500.0,shapefit,0.005,54,-0.0024846671026447,
3,T3,148500.0,string_n1,0.005,55,-1.5028195246632143,
3,T3,148500.0,multi_iso,0.005,55,-0.1848800499948025,
3,T3,148500.0,shapefit,0.005,55,0.8448766100942784,
3,T3,148500.0,string_n1,0.005,56,-1.893122868411837,
3,T3,148500.0,multi_iso,0.005,56,0.103881810905462,
3,T3,148500.0,shapefit,0.005,56,-0.6955750646908659,
3,T3,148500.0,string_n1,0.005,57,-0.5889143638877451,
3,T3,148500.0,multi_iso,0.005,57,0.0261482607054105,
3,T3,148500.0,shapefit,0.005,57,0.0440674163450907,
3,T3,148500.0,string_n1,0.005,58,-1.3031803579236458,
3,T3,148500.0,multi_iso,0.005,58,0.2390373868779561,
3,T3,148500.0,shapefit,0.005,58,0.3388982875363373,
3,T3,148500.0,string_n1,0.005,59,-1.459562603781793,
3,T3,148500.0,multi_iso,0.005,59,-0.1094813955067978,
3,T3,148500.0,shapefit,0.005,59,-0.7453700834953246,
3,T3,148500.0,string_n1,0.005,60,-1.6653267171997648,
3,T3,148500.0,multi_iso,0.005,60,-0.1130662192897251,
3,T3,148500.0,shapefit,0.005,60,-0.2055622850169438,
3,T3,148500.0,string_n1,0.005,61,-1.6313311127359196,
3,T3,148500.0,multi_iso,0.005,61,-0.1339382438757574,
3,T3,148500.0,shapefit,0.005,61,0.3622605275770379,
3,T3,148500.0,string_n1,0.005,62,-1.7598114594525929,
3,T3,148500.0,multi_iso,0.005,62,-0.5166680746245149,
3,T3,148500.0,shapefit,0.005,62,0.3465875791197036,
3,T3,148500.0,string_n1,0.005,63,-1.1143775439611283,
3,T3,148500.0,multi_iso,0.005,63,-0.524879156812686,
3,T3,148500.0,shapefit,0.005,63,0.251190349748805,
3,T3,148500.0,string_n1,0.005,64,-1.4076904201705869,
3,T3,148500.0,multi_iso,0.005,64,0.2432320861841994,
3,T3,148500.0,shapefit,0.005,64,-0.4790945027091953,
3,T3,148500.0,string_n1,0.005,65,-1.8176917041425735,
3,T3,148500.0,multi_iso,0.005,65,-0.1987954927673046,
3,T3,148500.0,shapefit,0.005,65,-0.909250029383591,
3,T3,148500.0,string_n1,0.005,66,-1.846955285965534,
3,T3,148500.0,multi_iso,0.005,66,-0.1464665929339426,
3,T3,148500.0,shapefit,0.005,66,1.228027811294158,
3,T3,148500.0,string_n1,0.005,67,-1.5793246794756586,
3,T3,148500.0,multi_iso,0.005,67,0.3930799064618223,
3,T3,148500.0,shapefit,0.005,67,-0.3611551921260433,
3,T3,148500.0,string_n1,0.005,68,-1.6737210852239024,
3,T3,148500.0,multi_iso,0.005,68,-0.2526642400955802,
3,T3,148500.0,shapefit,0.005,68,-0.354694349551397,
3,T3,148500.0,string_n1,0.005,69,-1.0585741348964044,
3,T3,148500.0,multi_iso,0.005,69,0.1712502667367786,
3,T3,148500.0,shapefit,0.005,69,0.2986483791491655,
3,T3,148500.0,string_n1,0.005,70,-2.0951748420895933,
3,T3,148500.0,multi_iso,0.005,70,0.1489406027931089,
3,T3,148500.0,shapefit,0.005,70,-1.6551824088396718,
3,T3,148500.0,string_n1,0.005,71,-1.5270670307230836,
3,T3,148500.0,multi_iso,0.005,71,-0.2511842576007246,
3,T3,148500.0,shapefit,0.005,71,-0.8587023835744856,
3,T3,148500.0,string_n1,0.005,72,-1.015071198315852,
3,T3,148500.0,multi_iso,0.005,72,-0.213045326273799,
3,T3,148500.0,shapefit,0.005,72,-0.399905349434097,
3,T3,148500.0,string_n1,0.005,73,-1.5840155167183925,
3,T3,148500.0,multi_iso,0.005,73,-0.0818765851213347,
3,T3,148500.0,shapefit,0.005,73,-0.575128775897831,
3,T3,148500.0,string_n1,0.005,74,-1.1672590754213017,
3,T3,148500.0,multi_iso,0.005,74,-0.193685968529244,
3,T3,148500.0,shapefit,0.005,74,0.848032206243162,
3,T3,148500.0,string_n1,0.005,75,-1.4303419685795564,
3,T3,148500.0,multi_iso,0.005,75,-0.1256018907013028,
3,T3,148500.0,shapefit,0.005,75,-0.1371866330649446,
3,T3,148500.0,string_n1,0.005,76,-1.250947524798816,
3,T3,148500.0,multi_iso,0.005,76,0.2592584157512901,
3,T3,148500.0,shapefit,0.005,76,-0.2324478410153613,
3,T3,148500.0,string_n1,0.005,77,-0.8852090347527686,
3,T3,148500.0,multi_iso,0.005,77,0.0031306836706851,
3,T3,148500.0,shapefit,0.005,77,1.6204669881110536,
3,T3,148500.0,string_n1,0.005,78,-1.1180000110127202,
3,T3,148500.0,multi_iso,0.005,78,0.0824864318407954,
3,T3,148500.0,shapefit,0.005,78,-0.1504029948470733,
3,T3,148500.0,string_n1,0.005,79,-2.1572146115511592,
3,T3,148500.0,multi_iso,0.005,79,-0.1349474428376803,
3,T3,148500.0,shapefit,0.005,79,0.4738081937858455,
3,T3,148500.0,string_n1,0.005,80,-1.0087487005524578,
3,T3,148500.0,multi_iso,0.005,80,-0.06670232350236,
3,T3,148500.0,shapefit,0.005,80,1.9190114880568836,
3,T3,148500.0,string_n1,0.005,81,-1.3438429896327195,
3,T3,148500.0,multi_iso,0.005,81,-0.0235043337869478,
3,T3,148500.0,shapefit,0.005,81,0.3639779407874977,
3,T3,148500.0,string_n1,0.005,82,-1.2488981133064072,
3,T3,148500.0,multi_iso,0.005,82,0.3764121636828276,
3,T3,148500.0,shapefit,0.005,82,-0.3198337384464724,
3,T3,148500.0,string_n1,0.005,83,-2.121014822035913,
3,T3,148500.0,multi_iso,0.005,83,-0.3509034862881761,
3,T3,148500.0,shapefit,0.005,83,-0.4503516789109866,
3,T3,148500.0,string_n1,0.005,84,-1.2361457782099807,
3,T3,148500.0,multi_iso,0.005,84,-0.2012370171132795,
3,T3,148500.0,shapefit,0.005,84,0.9718141136305078,
3,T3,148500.0,string_n1,0.005,85,-1.7177651685424444,
3,T3,148500.0,multi_iso,0.005,85,-0.5098385601905558,
3,T3,148500.0,shapefit,0.005,85,-0.3174970061543534,
3,T3,148500.0,string_n1,0.005,86,-1.2550102791011253,
3,T3,148500.0,multi_iso,0.005,86,0.2582767631810571,
3,T3,148500.0,shapefit,0.005,86,0.59617352036811,
3,T3,148500.0,string_n1,0.005,87,-0.7212460792166814,
3,T3,148500.0,multi_iso,0.005,87,-0.1406771169629289,
3,T3,148500.0,shapefit,0.005,87,-0.0978990897857693,
3,T3,148500.0,string_n1,0.005,88,-1.0968599169342603,
3,T3,148500.0,multi_iso,0.005,88,0.1387362505131721,
3,T3,148500.0,shapefit,0.005,88,0.8350407834275334,
3,T3,148500.0,string_n1,0.005,89,-0.8221768056766462,
3,T3,148500.0,multi_iso,0.005,89,-0.0388777982747936,
3,T3,148500.0,shapefit,0.005,89,-0.1151492570221356,
3,T3,148500.0,string_n1,0.005,90,-1.6738403212958954,
3,T3,148500.0,multi_iso,0.005,90,0.130118142630041,
3,T3,148500.0,shapefit,0.005,90,-0.7124984213833263,
3,T3,148500.0,string_n1,0.005,91,-1.22421841986457,
3,T3,148500.0,multi_iso,0.005,91,-0.0367065471658751,
3,T3,148500.0,shapefit,0.005,91,-0.3001168818792378,
3,T3,148500.0,string_n1,0.005,92,-0.8214009071636972,
3,T3,148500.0,multi_iso,0.005,92,-0.4406248986644212,
3,T3,148500.0,shapefit,0.005,92,0.5400499916573718,
3,T3,148500.0,string_n1,0.005,93,-1.332956990863546,
3,T3,148500.0,multi_iso,0.005,93,-0.0093809893202884,
3,T3,148500.0,shapefit,0.005,93,0.4102906076865693,
3,T3,148500.0,string_n1,0.005,94,-1.9769164303261415,
3,T3,148500.0,multi_iso,0.005,94,-0.4118852229581939,
3,T3,148500.0,shapefit,0.005,94,0.1199566476416863,
3,T3,148500.0,string_n1,0.005,95,-1.0034876424073311,
3,T3,148500.0,multi_iso,0.005,95,-0.046974509163573,
3,T3,148500.0,shapefit,0.005,95,-1.0350754013547858,
3,T3,148500.0,string_n1,0.005,96,-1.7792123222961922,
3,T3,148500.0,multi_iso,0.005,96,0.1625007373196745,
3,T3,148500.0,shapefit,0.005,96,0.9882540445709138,
3,T3,148500.0,string_n1,0.005,97,-1.6290045263103023,
3,T3,148500.0,multi_iso,0.005,97,-0.4743285156877967,
3,T3,148500.0,shapefit,0.005,97,-0.6113279446181433,
3,T3,148500.0,string_n1,0.005,98,-1.879596560667833,
3,T3,148500.0,multi_iso,0.005,98,0.313385902634259,
3,T3,148500.0,shapefit,0.005,98,-0.2224729273870222,
3,T3,148500.0,string_n1,0.005,99,-1.5392018119060993,
3,T3,148500.0,multi_iso,0.005,99,0.2505638856965631,
3,T3,148500.0,shapefit,0.005,99,0.2509194207158816,
3,T3,148500.0,string_n1,0.01,0,-1.9389034660285736,
3,T3,148500.0,multi_iso,0.01,0,-0.2922297853015964,
3,T3,148500.0,shapefit,0.01,0,0.42897389290636,
3,T3,148500.0,string_n1,0.01,1,-1.7749730276672548,
3,T3,148500.0,multi_iso,0.01,1,0.2270884795919702,
3,T3,148500.0,shapefit,0.01,1,0.1466155768844835,
3,T3,148500.0,string_n1,0.01,2,-2.097026691708564,
3,T3,148500.0,multi_iso,0.01,2,0.0638689157655909,
3,T3,148500.0,shapefit,0.01,2,-1.015287271650588,
3,T3,148500.0,string_n1,0.01,3,-1.6729648782552404,
3,T3,148500.0,multi_iso,0.01,3,0.0861069266041129,
3,T3,148500.0,shapefit,0.01,3,-0.5229751590475509,
3,T3,148500.0,string_n1,0.01,4,-1.4138235158266803,
3,T3,148500.0,multi_iso,0.01,4,-0.0241421673021213,
3,T3,148500.0,shapefit,0.01,4,0.0923683868739354,
3,T3,148500.0,string_n1,0.01,5,-1.3323816583215329,
3,T3,148500.0,multi_iso,0.01,5,-0.5700307787491067,
3,T3,148500.0,shapefit,0.01,5,0.3640483707978009,
3,T3,148500.0,string_n1,0.01,6,-1.4017858069482367,
3,T3,148500.0,multi_iso,0.01,6,-0.0793475493900234,
3,T3,148500.0,shapefit,0.01,6,-0.4600258392319067,
3,T3,148500.0,string_n1,0.01,7,-1.288702141313605,
3,T3,148500.0,multi_iso,0.01,7,0.0009172560506608,
3,T3,148500.0,shapefit,0.01,7,1.996243360162766,
3,T3,148500.0,string_n1,0.01,8,-1.2577425609415072,
3,T3,148500.0,multi_iso,0.01,8,0.0441069880301902,
3,T3,148500.0,shapefit,0.01,8,0.6454500972833649,
3,T3,148500.0,string_n1,0.01,9,-1.6617553270759802,
3,T3,148500.0,multi_iso,0.01,9,-0.4114780381628428,
3,T3,148500.0,shapefit,0.01,9,0.1574352036390386,
3,T3,148500.0,string_n1,0.01,10,-1.679821024916326,
3,T3,148500.0,multi_iso,0.01,10,0.2349890961231599,
3,T3,148500.0,shapefit,0.01,10,1.0045829789055494,
3,T3,148500.0,string_n1,0.01,11,-1.7374063138002396,
3,T3,148500.0,multi_iso,0.01,11,-0.334077639474419,
3,T3,148500.0,shapefit,0.01,11,0.8373546014469735,
3,T3,148500.0,string_n1,0.01,12,-1.8222391299366392,
3,T3,148500.0,multi_iso,0.01,12,0.0218844491132552,
3,T3,148500.0,shapefit,0.01,12,-0.870011730405999,
3,T3,148500.0,string_n1,0.01,13,-1.434813823252493,
3,T3,148500.0,multi_iso,0.01,13,-0.1286599620887445,
3,T3,148500.0,shapefit,0.01,13,1.0765281326747975,
3,T3,148500.0,string_n1,0.01,14,-1.2816088272678048,
3,T3,148500.0,multi_iso,0.01,14,0.1861049262568651,
3,T3,148500.0,shapefit,0.01,14,4.75932990136601,
3,T3,148500.0,string_n1,0.01,15,-1.7754304709339628,
3,T3,148500.0,multi_iso,0.01,15,0.0933647950661607,
3,T3,148500.0,shapefit,0.01,15,0.974550426399307,
3,T3,148500.0,string_n1,0.01,16,-1.5971295587764152,
3,T3,148500.0,multi_iso,0.01,16,0.0787988997937645,
3,T3,148500.0,shapefit,0.01,16,0.6732973737100857,
3,T3,148500.0,string_n1,0.01,17,-1.1888562268273346,
3,T3,148500.0,multi_iso,0.01,17,0.1275371006744057,
3,T3,148500.0,shapefit,0.01,17,0.673998213266391,
3,T3,148500.0,string_n1,0.01,18,-1.8605656941292177,
3,T3,148500.0,multi_iso,0.01,18,-0.1690908096541191,
3,T3,148500.0,shapefit,0.01,18,-1.0940071169980363,
3,T3,148500.0,string_n1,0.01,19,-0.9768871158017676,
3,T3,148500.0,multi_iso,0.01,19,0.1496443462459706,
3,T3,148500.0,shapefit,0.01,19,2.4748009751165547,
3,T3,148500.0,string_n1,0.01,20,-1.2221568703619483,
3,T3,148500.0,multi_iso,0.01,20,-0.0177710576643203,
3,T3,148500.0,shapefit,0.01,20,1.443035099327369,
3,T3,148500.0,string_n1,0.01,21,-1.4241261951076587,
3,T3,148500.0,multi_iso,0.01,21,0.2181252588183025,
3,T3,148500.0,shapefit,0.01,21,3.268405678335057,
3,T3,148500.0,string_n1,0.01,22,-0.9492038152429708,
3,T3,148500.0,multi_iso,0.01,22,0.0160773618568341,
3,T3,148500.0,shapefit,0.01,22,-0.658456434073085,
3,T3,148500.0,string_n1,0.01,23,-0.6048488749949824,
3,T3,148500.0,multi_iso,0.01,23,0.0943134195679682,
3,T3,148500.0,shapefit,0.01,23,0.288844648016474,
3,T3,148500.0,string_n1,0.01,24,-1.3001149689159175,
3,T3,148500.0,multi_iso,0.01,24,0.0880274944794474,
3,T3,148500.0,shapefit,0.01,24,-0.4484337516483358,
3,T3,148500.0,string_n1,0.01,25,-1.594719908552782,
3,T3,148500.0,multi_iso,0.01,25,-0.2751233827221397,
3,T3,148500.0,shapefit,0.01,25,-0.3548730343323309,
3,T3,148500.0,string_n1,0.01,26,-1.8008069034161356,
3,T3,148500.0,multi_iso,0.01,26,-0.2431500741165179,
3,T3,148500.0,shapefit,0.01,26,-0.6870205008137896,
3,T3,148500.0,string_n1,0.01,27,-1.0289592025157337,
3,T3,148500.0,multi_iso,0.01,27,0.0673830695393862,
3,T3,148500.0,shapefit,0.01,27,-0.5416655237982457,
3,T3,148500.0,string_n1,0.01,28,-1.2493271386947582,
3,T3,148500.0,multi_iso,0.01,28,-0.6174375438910826,
3,T3,148500.0,shapefit,0.01,28,1.26713321275144,
3,T3,148500.0,string_n1,0.01,29,-2.0704657208041786,
3,T3,148500.0,multi_iso,0.01,29,-0.5922131158901074,
3,T3,148500.0,shapefit,0.01,29,-0.6205463731708476,
3,T3,148500.0,string_n1,0.01,30,-1.2416292261607829,
3,T3,148500.0,multi_iso,0.01,30,-0.0359324086281692,
3,T3,148500.0,shapefit,0.01,30,-0.373392948645276,
3,T3,148500.0,string_n1,0.01,31,-1.752888562868648,
3,T3,148500.0,multi_iso,0.01,31,0.7582683632726294,
3,T3,148500.0,shapefit,0.01,31,-1.3206673237071207,
3,T3,148500.0,string_n1,0.01,32,-1.4131821447769957,
3,T3,148500.0,multi_iso,0.01,32,0.2945813085458175,
3,T3,148500.0,shapefit,0.01,32,0.0947767770920115,
3,T3,148500.0,string_n1,0.01,33,-1.680044434348165,
3,T3,148500.0,multi_iso,0.01,33,0.0217809529623262,
3,T3,148500.0,shapefit,0.01,33,0.1889865816941426,
3,T3,148500.0,string_n1,0.01,34,-1.6464445155919436,
3,T3,148500.0,multi_iso,0.01,34,0.3365590190424377,
3,T3,148500.0,shapefit,0.01,34,-1.2284849264726798,
3,T3,148500.0,string_n1,0.01,35,-1.796297471149866,
3,T3,148500.0,multi_iso,0.01,35,-0.4757400140227822,
3,T3,148500.0,shapefit,0.01,35,-0.956867711775958,
3,T3,148500.0,string_n1,0.01,36,-1.3507008085725436,
3,T3,148500.0,multi_iso,0.01,36,-0.2157742105321315,
3,T3,148500.0,shapefit,0.01,36,0.7692090464645945,
3,T3,148500.0,string_n1,0.01,37,-1.0897303313123117,
3,T3,148500.0,multi_iso,0.01,37,-0.1959366133350523,
3,T3,148500.0,shapefit,0.01,37,0.6263049242856147,
3,T3,148500.0,string_n1,0.01,38,-1.7617457252929671,
3,T3,148500.0,multi_iso,0.01,38,-0.2877426816807881,
3,T3,148500.0,shapefit,0.01,38,-2.380841559667461,
3,T3,148500.0,string_n1,0.01,39,-1.950353521011301,
3,T3,148500.0,multi_iso,0.01,39,0.2114345686254248,
3,T3,148500.0,shapefit,0.01,39,-0.8549530314980662,
3,T3,148500.0,string_n1,0.01,40,-0.4808728191608042,
3,T3,148500.0,multi_iso,0.01,40,0.822973270839596,
3,T3,148500.0,shapefit,0.01,40,-0.2992437438620333,
3,T3,148500.0,string_n1,0.01,41,-0.7287071986491196,
3,T3,148500.0,multi_iso,0.01,41,-0.6450566955361522,
3,T3,148500.0,shapefit,0.01,41,-1.2014270243248848,
3,T3,148500.0,string_n1,0.01,42,-1.3619462848579635,
3,T3,148500.0,multi_iso,0.01,42,-0.114513504935071,
3,T3,148500.0,shapefit,0.01,42,-1.0139359753536372,
3,T3,148500.0,string_n1,0.01,43,-1.867518598254792,
3,T3,148500.0,multi_iso,0.01,43,-0.1373899064064206,
3,T3,148500.0,shapefit,0.01,43,1.617106303189621,
3,T3,148500.0,string_n1,0.01,44,-1.160560576487113,
3,T3,148500.0,multi_iso,0.01,44,0.0059157430062616,
3,T3,148500.0,shapefit,0.01,44,0.3756192024343103,
3,T3,148500.0,string_n1,0.01,45,-1.1814002733235287,
3,T3,148500.0,multi_iso,0.01,45,0.070019040795816,
3,T3,148500.0,shapefit,0.01,45,1.7236876593156982,
3,T3,148500.0,string_n1,0.01,46,-1.6135714316154637,
3,T3,148500.0,multi_iso,0.01,46,0.4730647643687837,
3,T3,148500.0,shapefit,0.01,46,-0.6923431435025686,
3,T3,148500.0,string_n1,0.01,47,-1.6699077662203017,
3,T3,148500.0,multi_iso,0.01,47,-0.250779721544415,
3,T3,148500.0,shapefit,0.01,47,2.1237408527885115,
3,T3,148500.0,string_n1,0.01,48,-1.635923540702494,
3,T3,148500.0,multi_iso,0.01,48,0.007733268995404,
3,T3,148500.0,shapefit,0.01,48,1.3066396930248527,
3,T3,148500.0,string_n1,0.01,49,-1.4502550913545424,
3,T3,148500.0,multi_iso,0.01,49,0.3356992852667139,
3,T3,148500.0,shapefit,0.01,49,-0.467574063874546,
3,T3,148500.0,string_n1,0.01,50,-1.6097366748518986,
3,T3,148500.0,multi_iso,0.01,50,-0.1192229076785855,
3,T3,148500.0,shapefit,0.01,50,-1.9657055597094997,
3,T3,148500.0,string_n1,0.01,51,-1.1464141746895915,
3,T3,148500.0,multi_iso,0.01,51,-0.1668344579998839,
3,T3,148500.0,shapefit,0.01,51,-2.451247154739419,
3,T3,148500.0,string_n1,0.01,52,-1.8532751305444677,
3,T3,148500.0,multi_iso,0.01,52,0.0672808815731811,
3,T3,148500.0,shapefit,0.01,52,-0.7202934984164587,
3,T3,148500.0,string_n1,0.01,53,-1.068958243174045,
3,T3,148500.0,multi_iso,0.01,53,0.0076765802677725,
3,T3,148500.0,shapefit,0.01,53,-2.887968427532134,
3,T3,148500.0,string_n1,0.01,54,-1.0914865072959288,
3,T3,148500.0,multi_iso,0.01,54,0.2718256534667143,
3,T3,148500.0,shapefit,0.01,54,0.4038009490602005,
3,T3,148500.0,string_n1,0.01,55,-1.225525908449587,
3,T3,148500.0,multi_iso,0.01,55,0.3194992364715645,
3,T3,148500.0,shapefit,0.01,55,0.0883202973240712,
3,T3,148500.0,string_n1,0.01,56,-1.0429406391665252,
3,T3,148500.0,multi_iso,0.01,56,0.0569283319629927,
3,T3,148500.0,shapefit,0.01,56,-0.1288172663441312,
3,T3,148500.0,string_n1,0.01,57,-1.2481261922471047,
3,T3,148500.0,multi_iso,0.01,57,0.040066617212916,
3,T3,148500.0,shapefit,0.01,57,1.4721317327332248,
3,T3,148500.0,string_n1,0.01,58,-1.1387339046096974,
3,T3,148500.0,multi_iso,0.01,58,-0.2903512026951962,
3,T3,148500.0,shapefit,0.01,58,2.872120932383331,
3,T3,148500.0,string_n1,0.01,59,-0.4607701225341877,
3,T3,148500.0,multi_iso,0.01,59,0.0131267028606946,
3,T3,148500.0,shapefit,0.01,59,0.1929367592137092,
3,T3,148500.0,string_n1,0.01,60,-1.7588778504031917,
3,T3,148500.0,multi_iso,0.01,60,0.2161182767183595,
3,T3,148500.0,shapefit,0.01,60,0.6228538493660117,
3,T3,148500.0,string_n1,0.01,61,-1.1433669426412203,
3,T3,148500.0,multi_iso,0.01,61,-0.5117053788264677,
3,T3,148500.0,shapefit,0.01,61,0.0470604836753011,
3,T3,148500.0,string_n1,0.01,62,-2.0580895811294657,
3,T3,148500.0,multi_iso,0.01,62,0.1117577945287316,
3,T3,148500.0,shapefit,0.01,62,-0.5089927057459086,
3,T3,148500.0,string_n1,0.01,63,-0.7885254638094332,
3,T3,148500.0,multi_iso,0.01,63,-0.2921623799286081,
3,T3,148500.0,shapefit,0.01,63,-0.2289643393954111,
3,T3,148500.0,string_n1,0.01,64,-1.3683480370995746,
3,T3,148500.0,multi_iso,0.01,64,0.1149008197865334,
3,T3,148500.0,shapefit,0.01,64,2.1611763127941304,
3,T3,148500.0,string_n1,0.01,65,-1.2849265731294734,
3,T3,148500.0,multi_iso,0.01,65,-0.0294734963467532,
3,T3,148500.0,shapefit,0.01,65,0.2276595518258141,
3,T3,148500.0,string_n1,0.01,66,-1.3267562930128436,
3,T3,148500.0,multi_iso,0.01,66,-0.4910189444121398,
3,T3,148500.0,shapefit,0.01,66,0.4189523523099766,
3,T3,148500.0,string_n1,0.01,67,-1.5736863207525922,
3,T3,148500.0,multi_iso,0.01,67,-0.0704168434554682,
3,T3,148500.0,shapefit,0.01,67,-1.4935249999714098,
3,T3,148500.0,string_n1,0.01,68,-1.0430181905720344,
3,T3,148500.0,multi_iso,0.01,68,-0.2083345553855551,
3,T3,148500.0,shapefit,0.01,68,-0.2992612100561833,
3,T3,148500.0,string_n1,0.01,69,-1.3802285928620175,
3,T3,148500.0,multi_iso,0.01,69,0.0189844078477432,
3,T3,148500.0,shapefit,0.01,69,-0.8125126431789014,
3,T3,148500.0,string_n1,0.01,70,-1.6150511792812516,
3,T3,148500.0,multi_iso,0.01,70,-0.1159732332164249,
3,T3,148500.0,shapefit,0.01,70,0.9211719153636496,
3,T3,148500.0,string_n1,0.01,71,-1.112689188736752,
3,T3,148500.0,multi_iso,0.01,71,-0.2499804410759692,
3,T3,148500.0,shapefit,0.01,71,0.7216537144009035,
3,T3,148500.0,string_n1,0.01,72,-1.298765013399961,
3,T3,148500.0,multi_iso,0.01,72,0.1431656262413434,
3,T3,148500.0,shapefit,0.01,72,-2.886354860336706,
3,T3,148500.0,string_n1,0.01,73,-1.3912854767014091,
3,T3,148500.0,multi_iso,0.01,73,-0.0679482765792107,
3,T3,148500.0,shapefit,0.01,73,-0.7630215979700787,
3,T3,148500.0,string_n1,0.01,74,-1.974951074922027,
3,T3,148500.0,multi_iso,0.01,74,-0.2161330406526605,
3,T3,148500.0,shapefit,0.01,74,-1.1005522094694984,
3,T3,148500.0,string_n1,0.01,75,-1.7157369033870151,
3,T3,148500.0,multi_iso,0.01,75,-0.389395429227291,
3,T3,148500.0,shapefit,0.01,75,-0.1275571503879907,
3,T3,148500.0,string_n1,0.01,76,-0.5032403181215492,
3,T3,148500.0,multi_iso,0.01,76,0.0431958625313194,
3,T3,148500.0,shapefit,0.01,76,1.908588154189134,
3,T3,148500.0,string_n1,0.01,77,-0.7565914630165335,
3,T3,148500.0,multi_iso,0.01,77,-0.0217618255309214,
3,T3,148500.0,shapefit,0.01,77,0.8793956403188393,
3,T3,148500.0,string_n1,0.01,78,-1.6174404989303794,
3,T3,148500.0,multi_iso,0.01,78,-0.0370797978623955,
3,T3,148500.0,shapefit,0.01,78,2.6574356874206844,
3,T3,148500.0,string_n1,0.01,79,-1.648188975241634,
3,T3,148500.0,multi_iso,0.01,79,0.0096674594434718,
3,T3,148500.0,shapefit,0.01,79,0.920754234123464,
3,T3,148500.0,string_n1,0.01,80,-1.1678107944405356,
3,T3,148500.0,multi_iso,0.01,80,0.1188831928892057,
3,T3,148500.0,shapefit,0.01,80,0.4000534366562677,
3,T3,148500.0,string_n1,0.01,81,-1.5402256005863826,
3,T3,148500.0,multi_iso,0.01,81,-0.1607389816969651,
3,T3,148500.0,shapefit,0.01,81,-0.8171151233468948,
3,T3,148500.0,string_n1,0.01,82,-2.3411881528296767,
3,T3,148500.0,multi_iso,0.01,82,0.3126003731781404,
3,T3,148500.0,shapefit,0.01,82,-2.1483033234189244,
3,T3,148500.0,string_n1,0.01,83,-1.4857050735304118,
3,T3,148500.0,multi_iso,0.01,83,-0.1503165660495987,
3,T3,148500.0,shapefit,0.01,83,0.9440262056651576,
3,T3,148500.0,string_n1,0.01,84,-1.585526726692966,
3,T3,148500.0,multi_iso,0.01,84,-0.1800186268442588,
3,T3,148500.0,shapefit,0.01,84,-1.395841547971029,
3,T3,148500.0,string_n1,0.01,85,-1.9024424864764145,
3,T3,148500.0,multi_iso,0.01,85,0.017504120689228,
3,T3,148500.0,shapefit,0.01,85,-1.2083379998318076,
3,T3,148500.0,string_n1,0.01,86,-1.400232482652367,
3,T3,148500.0,multi_iso,0.01,86,0.2089165210640779,
3,T3,148500.0,shapefit,0.01,86,2.2779774113181355,
3,T3,148500.0,string_n1,0.01,87,-1.0308161470806425,
3,T3,148500.0,multi_iso,0.01,87,0.0807023914570854,
3,T3,148500.0,shapefit,0.01,87,-1.5925953659884748,
3,T3,148500.0,string_n1,0.01,88,-1.6318828825774383,
3,T3,148500.0,multi_iso,0.01,88,-0.0274121467797446,
3,T3,148500.0,shapefit,0.01,88,-3.11060877947526,
3,T3,148500.0,string_n1,0.01,89,-0.9704413776147972,
3,T3,148500.0,multi_iso,0.01,89,-0.3874873663962588,
3,T3,148500.0,shapefit,0.01,89,-1.6135831850669653,
3,T3,148500.0,string_n1,0.01,90,-1.5108167365320562,
3,T3,148500.0,multi_iso,0.01,90,0.1240417985863135,
3,T3,148500.0,shapefit,0.01,90,-2.1564392861098587,
3,T3,148500.0,string_n1,0.01,91,-1.6319316139956623,
3,T3,148500.0,multi_iso,0.01,91,-0.0332450221995674,
3,T3,148500.0,shapefit,0.01,91,-1.6512263551666024,
3,T3,148500.0,string_n1,0.01,92,-1.2748410217237018,
3,T3,148500.0,multi_iso,0.01,92,0.1754055315673332,
3,T3,148500.0,shapefit,0.01,92,0.7853641258105432,
3,T3,148500.0,string_n1,0.01,93,-0.8704252673921165,
3,T3,148500.0,multi_iso,0.01,93,0.1376982854190243,
3,T3,148500.0,shapefit,0.01,93,2.171100615002748,
3,T3,148500.0,string_n1,0.01,94,-0.6539190565030324,
3,T3,148500.0,multi_iso,0.01,94,0.1323913952319252,
3,T3,148500.0,shapefit,0.01,94,-1.5709305913522895,
3,T3,148500.0,string_n1,0.01,95,-1.2728050423636508,
3,T3,148500.0,multi_iso,0.01,95,-0.1039053873802803,
3,T3,148500.0,shapefit,0.01,95,0.0179768595324949,
3,T3,148500.0,string_n1,0.01,96,-1.8885613326752135,
3,T3,148500.0,multi_iso,0.01,96,-0.2886609970837924,
3,T3,148500.0,shapefit,0.01,96,-0.1403405947000045,
3,T3,148500.0,string_n1,0.01,97,-1.7330018790880326,
3,T3,148500.0,multi_iso,0.01,97,-0.1896349588629549,
3,T3,148500.0,shapefit,0.01,97,-1.7119145371846312,
3,T3,148500.0,string_n1,0.01,98,-2.092267583077225,
3,T3,148500.0,multi_iso,0.01,98,-0.398572000323286,
3,T3,148500.0,shapefit,0.01,98,-0.6968046116331625,
3,T3,148500.0,string_n1,0.01,99,-1.4642742267966988,
3,T3,148500.0,multi_iso,0.01,99,-0.2918597061861611,
3,T3,148500.0,shapefit,0.01,99,0.5420219540696549,
3,T3,148500.0,string_n1,0.02,0,-1.3149015319641242,
3,T3,148500.0,multi_iso,0.02,0,0.1803329907882737,
3,T3,148500.0,shapefit,0.02,0,1.165918405320392,
3,T3,148500.0,string_n1,0.02,1,-1.6474470508716426,
3,T3,148500.0,multi_iso,0.02,1,-0.4311533652218952,
3,T3,148500.0,shapefit,0.02,1,-5.101700811960514,
3,T3,148500.0,string_n1,0.02,2,-0.9569364092548917,
3,T3,148500.0,multi_iso,0.02,2,-0.4032876599465398,
3,T3,148500.0,shapefit,0.02,2,1.6697274477838229,
3,T3,148500.0,string_n1,0.02,3,-1.2352126526678653,
3,T3,148500.0,multi_iso,0.02,3,-0.1805709155850263,
3,T3,148500.0,shapefit,0.02,3,3.391024500169883,
3,T3,148500.0,string_n1,0.02,4,-0.4989819641775171,
3,T3,148500.0,multi_iso,0.02,4,-0.0438543203110243,
3,T3,148500.0,shapefit,0.02,4,1.8175098221235193,
3,T3,148500.0,string_n1,0.02,5,-0.9758894450105304,
3,T3,148500.0,multi_iso,0.02,5,0.1382078680236077,
3,T3,148500.0,shapefit,0.02,5,1.4707891293594015,
3,T3,148500.0,string_n1,0.02,6,-1.3837692924544704,
3,T3,148500.0,multi_iso,0.02,6,-0.2406469088540646,
3,T3,148500.0,shapefit,0.02,6,2.016309710416664,
3,T3,148500.0,string_n1,0.02,7,-0.4023453177678436,
3,T3,148500.0,multi_iso,0.02,7,-0.0710234041659511,
3,T3,148500.0,shapefit,0.02,7,-1.6036706411202324,
3,T3,148500.0,string_n1,0.02,8,-1.2963028206855296,
3,T3,148500.0,multi_iso,0.02,8,-0.0442195144536244,
3,T3,148500.0,shapefit,0.02,8,-0.2171181117981924,
3,T3,148500.0,string_n1,0.02,9,-1.447955943319417,
3,T3,148500.0,multi_iso,0.02,9,0.1740145188216151,
3,T3,148500.0,shapefit,0.02,9,0.2167126828284271,
3,T3,148500.0,string_n1,0.02,10,-1.062073198461557,
3,T3,148500.0,multi_iso,0.02,10,-0.0241463918948149,
3,T3,148500.0,shapefit,0.02,10,-4.860974156308444,
3,T3,148500.0,string_n1,0.02,11,-1.3417909998311863,
3,T3,148500.0,multi_iso,0.02,11,0.1102651282460373,
3,T3,148500.0,shapefit,0.02,11,-2.0451346249225932,
3,T3,148500.0,string_n1,0.02,12,-1.081216573912136,
3,T3,148500.0,multi_iso,0.02,12,-0.0262203380061777,
3,T3,148500.0,shapefit,0.02,12,2.3608226942600483,
3,T3,148500.0,string_n1,0.02,13,-1.5461605441176038,
3,T3,148500.0,multi_iso,0.02,13,0.0670380763030455,
3,T3,148500.0,shapefit,0.02,13,4.897848132976702,
3,T3,148500.0,string_n1,0.02,14,-1.6784592229188169,
3,T3,148500.0,multi_iso,0.02,14,-0.1843434655698649,
3,T3,148500.0,shapefit,0.02,14,2.5962492939946515,
3,T3,148500.0,string_n1,0.02,15,-2.0922769361253795,
3,T3,148500.0,multi_iso,0.02,15,-0.2182919026192737,
3,T3,148500.0,shapefit,0.02,15,-1.9980971410078183,
3,T3,148500.0,string_n1,0.02,16,-1.2344009985112678,
3,T3,148500.0,multi_iso,0.02,16,0.2136641896893082,
3,T3,148500.0,shapefit,0.02,16,-1.2182282627957852,
3,T3,148500.0,string_n1,0.02,17,-1.4213984309424026,
3,T3,148500.0,multi_iso,0.02,17,-0.1804784093516438,
3,T3,148500.0,shapefit,0.02,17,1.1089991014521148,
3,T3,148500.0,string_n1,0.02,18,-1.145865064817606,
3,T3,148500.0,multi_iso,0.02,18,0.4209248511695306,
3,T3,148500.0,shapefit,0.02,18,-1.5364261245224484,
3,T3,148500.0,string_n1,0.02,19,-1.225937357074534,
3,T3,148500.0,multi_iso,0.02,19,0.1294663349378568,
3,T3,148500.0,shapefit,0.02,19,0.1881506244833847,
3,T3,148500.0,string_n1,0.02,20,-1.5499719565822854,
3,T3,148500.0,multi_iso,0.02,20,-0.3028751652246232,
3,T3,148500.0,shapefit,0.02,20,3.378757161207937,
3,T3,148500.0,string_n1,0.02,21,-1.3972313316435057,
3,T3,148500.0,multi_iso,0.02,21,-0.331826471687202,
3,T3,148500.0,shapefit,0.02,21,2.2578992934963393,
3,T3,148500.0,string_n1,0.02,22,-1.0868433650387632,
3,T3,148500.0,multi_iso,0.02,22,-0.1821973473294199,
3,T3,148500.0,shapefit,0.02,22,-2.7682390500930323,
3,T3,148500.0,string_n1,0.02,23,-1.3206086711314042,
3,T3,148500.0,multi_iso,0.02,23,0.156510806491466,
3,T3,148500.0,shapefit,0.02,23,-2.635226181163437,
3,T3,148500.0,string_n1,0.02,24,-2.164404537831355,
3,T3,148500.0,multi_iso,0.02,24,0.2088944608644505,
3,T3,148500.0,shapefit,0.02,24,3.1238206879031782,
3,T3,148500.0,string_n1,0.02,25,-1.453286284510076,
3,T3,148500.0,multi_iso,0.02,25,-0.3704253394821281,
3,T3,148500.0,shapefit,0.02,25,2.4769782382903167,
3,T3,148500.0,string_n1,0.02,26,-0.824183401834966,
3,T3,148500.0,multi_iso,0.02,26,0.0884437099970706,
3,T3,148500.0,shapefit,0.02,26,2.406931468308158,
3,T3,148500.0,string_n1,0.02,27,-2.1004518364085967,
3,T3,148500.0,multi_iso,0.02,27,-0.289845682084772,
3,T3,148500.0,shapefit,0.02,27,0.2279323421806326,
3,T3,148500.0,string_n1,0.02,28,-0.2007340456429447,
3,T3,148500.0,multi_iso,0.02,28,-0.2263544292906095,
3,T3,148500.0,shapefit,0.02,28,-1.2520648993411798,
3,T3,148500.0,string_n1,0.02,29,-1.5414350835104538,
3,T3,148500.0,multi_iso,0.02,29,0.0999365613732121,
3,T3,148500.0,shapefit,0.02,29,3.2567995976795827,
3,T3,148500.0,string_n1,0.02,30,-1.2026006527636623,
3,T3,148500.0,multi_iso,0.02,30,-0.3353605760051516,
3,T3,148500.0,shapefit,0.02,30,-1.665220500935541,
3,T3,148500.0,string_n1,0.02,31,-1.334705539128464,
3,T3,148500.0,multi_iso,0.02,31,-0.3334660901413463,
3,T3,148500.0,shapefit,0.02,31,-4.080161264636072,
3,T3,148500.0,string_n1,0.02,32,-1.1054113886728514,
3,T3,148500.0,multi_iso,0.02,32,-0.2741071676499106,
3,T3,148500.0,shapefit,0.02,32,0.196459339677179,
3,T3,148500.0,string_n1,0.02,33,-1.454303086193683,
3,T3,148500.0,multi_iso,0.02,33,0.0511119495854071,
3,T3,148500.0,shapefit,0.02,33,0.3534740988782298,
3,T3,148500.0,string_n1,0.02,34,-1.011598603220528,
3,T3,148500.0,multi_iso,0.02,34,-0.1557550071670849,
3,T3,148500.0,shapefit,0.02,34,-4.354284100918145,
3,T3,148500.0,string_n1,0.02,35,-1.7466419538991609,
3,T3,148500.0,multi_iso,0.02,35,-0.0485051134325092,
3,T3,148500.0,shapefit,0.02,35,-2.614972265869609,
3,T3,148500.0,string_n1,0.02,36,-1.544026433604927,
3,T3,148500.0,multi_iso,0.02,36,0.0238164312828658,
3,T3,148500.0,shapefit,0.02,36,-2.511399809330285,
3,T3,148500.0,string_n1,0.02,37,-1.2399206394082725,
3,T3,148500.0,multi_iso,0.02,37,-0.1064185906809351,
3,T3,148500.0,shapefit,0.02,37,0.6025581445451277,
3,T3,148500.0,string_n1,0.02,38,-1.5543000334711323,
3,T3,148500.0,multi_iso,0.02,38,0.0108799616842858,
3,T3,148500.0,shapefit,0.02,38,-0.8037450730992695,
3,T3,148500.0,string_n1,0.02,39,-2.0823018363762023,
3,T3,148500.0,multi_iso,0.02,39,0.2606345878684499,
3,T3,148500.0,shapefit,0.02,39,0.5453875844223387,
3,T3,148500.0,string_n1,0.02,40,-1.9070141085999728,
3,T3,148500.0,multi_iso,0.02,40,-0.1833031859326291,
3,T3,148500.0,shapefit,0.02,40,-1.7841855864159712,
3,T3,148500.0,string_n1,0.02,41,-1.3034609225366354,
3,T3,148500.0,multi_iso,0.02,41,-0.2273781998335424,
3,T3,148500.0,shapefit,0.02,41,4.0331053072676415,
3,T3,148500.0,string_n1,0.02,42,-1.9427793550702528,
3,T3,148500.0,multi_iso,0.02,42,0.4551170922680765,
3,T3,148500.0,shapefit,0.02,42,-1.9644269789715871,
3,T3,148500.0,string_n1,0.02,43,-1.7887628029710112,
3,T3,148500.0,multi_iso,0.02,43,-0.1296757109090646,
3,T3,148500.0,shapefit,0.02,43,-2.996606182073273,
3,T3,148500.0,string_n1,0.02,44,-1.760602323661726,
3,T3,148500.0,multi_iso,0.02,44,0.1650436638859147,
3,T3,148500.0,shapefit,0.02,44,-2.3368433867223124,
3,T3,148500.0,string_n1,0.02,45,-0.9347213226035966,
3,T3,148500.0,multi_iso,0.02,45,0.0623376898135541,
3,T3,148500.0,shapefit,0.02,45,4.87567805032256,
3,T3,148500.0,string_n1,0.02,46,-1.4107612688402074,
3,T3,148500.0,multi_iso,0.02,46,-0.1263508472743135,
3,T3,148500.0,shapefit,0.02,46,-2.529912163294783,
3,T3,148500.0,string_n1,0.02,47,-0.8203006088600207,
3,T3,148500.0,multi_iso,0.02,47,0.2750424719394438,
3,T3,148500.0,shapefit,0.02,47,-1.4704247007473576,
3,T3,148500.0,string_n1,0.02,48,-1.5946750053405676,
3,T3,148500.0,multi_iso,0.02,48,-0.279800822700453,
3,T3,148500.0,shapefit,0.02,48,-1.479133005438961,
3,T3,148500.0,string_n1,0.02,49,-1.0619751249625808,
3,T3,148500.0,multi_iso,0.02,49,-0.43396797894568,
3,T3,148500.0,shapefit,0.02,49,-1.6385481885558908,
3,T3,148500.0,string_n1,0.02,50,-1.2059213399843576,
3,T3,148500.0,multi_iso,0.02,50,-0.1359932230207724,
3,T3,148500.0,shapefit,0.02,50,2.4178181662436486,
3,T3,148500.0,string_n1,0.02,51,-1.7083630053004484,
3,T3,148500.0,multi_iso,0.02,51,-0.1679494501719477,
3,T3,148500.0,shapefit,0.02,51,1.9415617890790244,
3,T3,148500.0,string_n1,0.02,52,-1.8480305127238013,
3,T3,148500.0,multi_iso,0.02,52,0.0526471872284839,
3,T3,148500.0,shapefit,0.02,52,0.1128511780467839,
3,T3,148500.0,string_n1,0.02,53,-0.6969473800573323,
3,T3,148500.0,multi_iso,0.02,53,0.2022173345077591,
3,T3,148500.0,shapefit,0.02,53,-0.0756600613825169,
3,T3,148500.0,string_n1,0.02,54,-1.724054792189954,
3,T3,148500.0,multi_iso,0.02,54,-0.1503424295099994,
3,T3,148500.0,shapefit,0.02,54,0.647571068434911,
3,T3,148500.0,string_n1,0.02,55,-0.8900760345684439,
3,T3,148500.0,multi_iso,0.02,55,0.3835598508660801,
3,T3,148500.0,shapefit,0.02,55,1.1721843289974756,
3,T3,148500.0,string_n1,0.02,56,-1.4126254537895986,
3,T3,148500.0,multi_iso,0.02,56,-0.331823723371433,
3,T3,148500.0,shapefit,0.02,56,-4.335396111419586,
3,T3,148500.0,string_n1,0.02,57,-1.7955116928842385,
3,T3,148500.0,multi_iso,0.02,57,0.4440853930050029,
3,T3,148500.0,shapefit,0.02,57,-2.437193064642768,
3,T3,148500.0,string_n1,0.02,58,-0.9533394462030352,
3,T3,148500.0,multi_iso,0.02,58,-0.0125053961851645,
3,T3,148500.0,shapefit,0.02,58,2.169025612883101,
3,T3,148500.0,string_n1,0.02,59,-1.0956972840119596,
3,T3,148500.0,multi_iso,0.02,59,0.1600604749949271,
3,T3,148500.0,shapefit,0.02,59,0.0995156739759243,
3,T3,148500.0,string_n1,0.02,60,-0.9559731663073224,
3,T3,148500.0,multi_iso,0.02,60,-0.0980922963525292,
3,T3,148500.0,shapefit,0.02,60,1.705050095531957,
3,T3,148500.0,string_n1,0.02,61,-1.0698446561823252,
3,T3,148500.0,multi_iso,0.02,61,0.1023598061886072,
3,T3,148500.0,shapefit,0.02,61,-1.1244752363936414,
3,T3,148500.0,string_n1,0.02,62,-1.72455926517241,
3,T3,148500.0,multi_iso,0.02,62,0.2432173893682506,
3,T3,148500.0,shapefit,0.02,62,-0.122096486586955,
3,T3,148500.0,string_n1,0.02,63,-1.473525311078434,
3,T3,148500.0,multi_iso,0.02,63,0.0321977041021259,
3,T3,148500.0,shapefit,0.02,63,-0.2737944745962737,
3,T3,148500.0,string_n1,0.02,64,-1.9759938633436476,
3,T3,148500.0,multi_iso,0.02,64,-0.077250567493609,
3,T3,148500.0,shapefit,0.02,64,1.3239513469974218,
3,T3,148500.0,string_n1,0.02,65,-0.8046654050751129,
3,T3,148500.0,multi_iso,0.02,65,0.5027824816971732,
3,T3,148500.0,shapefit,0.02,65,4.154813293315727,
3,T3,148500.0,string_n1,0.02,66,-1.3073306582674074,
3,T3,148500.0,multi_iso,0.02,66,0.0503385069460791,
3,T3,148500.0,shapefit,0.02,66,-3.652390763531059,
3,T3,148500.0,string_n1,0.02,67,-1.4830721564279703,
3,T3,148500.0,multi_iso,0.02,67,-0.4710881370252041,
3,T3,148500.0,shapefit,0.02,67,-4.8462813882928995,
3,T3,148500.0,string_n1,0.02,68,-1.104142423601792,
3,T3,148500.0,multi_iso,0.02,68,-0.1198025182379301,
3,T3,148500.0,shapefit,0.02,68,-3.9694183152752047,
3,T3,148500.0,string_n1,0.02,69,-0.6060274798830505,
3,T3,148500.0,multi_iso,0.02,69,0.1621830924170096,
3,T3,148500.0,shapefit,0.02,69,-3.925939907193747,
3,T3,148500.0,string_n1,0.02,70,-1.8943034339550355,
3,T3,148500.0,multi_iso,0.02,70,-0.3670857957589184,
3,T3,148500.0,shapefit,0.02,70,-3.1867924177464526,
3,T3,148500.0,string_n1,0.02,71,-1.7889388193359508,
3,T3,148500.0,multi_iso,0.02,71,0.1053886167663902,
3,T3,148500.0,shapefit,0.02,71,-1.9497885477630952,
3,T3,148500.0,string_n1,0.02,72,-0.9484305640135192,
3,T3,148500.0,multi_iso,0.02,72,0.3657764193533115,
3,T3,148500.0,shapefit,0.02,72,1.763876152322812,
3,T3,148500.0,string_n1,0.02,73,-2.076299168568368,
3,T3,148500.0,multi_iso,0.02,73,0.10258364730016,
3,T3,148500.0,shapefit,0.02,73,-4.406049847521432,
3,T3,148500.0,string_n1,0.02,74,-1.2887737553837153,
3,T3,148500.0,multi_iso,0.02,74,-0.1522050716760192,
3,T3,148500.0,shapefit,0.02,74,1.5584093909347092,
3,T3,148500.0,string_n1,0.02,75,-1.35615231131626,
3,T3,148500.0,multi_iso,0.02,75,-0.0693827849495505,
3,T3,148500.0,shapefit,0.02,75,2.3685208456466125,
3,T3,148500.0,string_n1,0.02,76,-0.6949587923959674,
3,T3,148500.0,multi_iso,0.02,76,-0.0322810945687274,
3,T3,148500.0,shapefit,0.02,76,1.7218800668742842,
3,T3,148500.0,string_n1,0.02,77,-1.1720997130593735,
3,T3,148500.0,multi_iso,0.02,77,0.1333435858076364,
3,T3,148500.0,shapefit,0.02,77,2.79712952544224,
3,T3,148500.0,string_n1,0.02,78,-1.804521179879523,
3,T3,148500.0,multi_iso,0.02,78,0.0736492613095693,
3,T3,148500.0,shapefit,0.02,78,-2.3971000489099725,
3,T3,148500.0,string_n1,0.02,79,-1.2298410433743765,
3,T3,148500.0,multi_iso,0.02,79,0.2173927804962371,
3,T3,148500.0,shapefit,0.02,79,-0.966125136511855,
3,T3,148500.0,string_n1,0.02,80,-1.3250034289064727,
3,T3,148500.0,multi_iso,0.02,80,0.483340623643526,
3,T3,148500.0,shapefit,0.02,80,-1.524213310403601,
3,T3,148500.0,string_n1,0.02,81,-1.570913427329159,
3,T3,148500.0,multi_iso,0.02,81,-0.1432483437507545,
3,T3,148500.0,shapefit,0.02,81,-2.3320700840981403,
3,T3,148500.0,string_n1,0.02,82,-1.2706765667098905,
3,T3,148500.0,multi_iso,0.02,82,0.0796570053022677,
3,T3,148500.0,shapefit,0.02,82,-3.2449849423446757,
3,T3,148500.0,string_n1,0.02,83,-0.7779801255719963,
3,T3,148500.0,multi_iso,0.02,83,-0.2365546389318287,
3,T3,148500.0,shapefit,0.02,83,1.469185295437662,
3,T3,148500.0,string_n1,0.02,84,-1.798373157745294,
3,T3,148500.0,multi_iso,0.02,84,-0.0202288137887399,
3,T3,148500.0,shapefit,0.02,84,2.318028741403854,
3,T3,148500.0,string_n1,0.02,85,-1.2886845017481523,
3,T3,148500.0,multi_iso,0.02,85,0.4603854594992863,
3,T3,148500.0,shapefit,0.02,85,-1.3811122178501622,
3,T3,148500.0,string_n1,0.02,86,-0.9906628387880212,
3,T3,148500.0,multi_iso,0.02,86,0.0562309913724497,
3,T3,148500.0,shapefit,0.02,86,0.7760204192389528,
3,T3,148500.0,string_n1,0.02,87,-2.0880644889182713,
3,T3,148500.0,multi_iso,0.02,87,0.1630942781364093,
3,T3,148500.0,shapefit,0.02,87,-4.296218514026445,
3,T3,148500.0,string_n1,0.02,88,-1.082633928676929,
3,T3,148500.0,multi_iso,0.02,88,0.110990715049237,
3,T3,148500.0,shapefit,0.02,88,-1.13599341175388,
3,T3,148500.0,string_n1,0.02,89,-1.044736070773856,
3,T3,148500.0,multi_iso,0.02,89,-0.0100339667420436,
3,T3,148500.0,shapefit,0.02,89,4.455667799077332,
3,T3,148500.0,string_n1,0.02,90,-1.0335348763323808,
3,T3,148500.0,multi_iso,0.02,90,0.3373993395794393,
3,T3,148500.0,shapefit,0.02,90,-2.9860110713553896,
3,T3,148500.0,string_n1,0.02,91,-0.4115399004182047,
3,T3,148500.0,multi_iso,0.02,91,-0.3639464731492229,
3,T3,148500.0,shapefit,0.02,91,4.375547166679075,
3,T3,148500.0,string_n1,0.02,92,-1.037507303646293,
3,T3,148500.0,multi_iso,0.02,92,0.2262518391901743,
3,T3,148500.0,shapefit,0.02,92,-0.9689156530494724,
3,T3,148500.0,string_n1,0.02,93,-1.0898572256963823,
3,T3,148500.0,multi_iso,0.02,93,-0.3281425027958523,
3,T3,148500.0,shapefit,0.02,93,5.347305249696717,
3,T3,148500.0,string_n1,0.02,94,-1.4991785605530754,
3,T3,148500.0,multi_iso,0.02,94,0.3121143880883672,
3,T3,148500.0,shapefit,0.02,94,0.7567486712934256,
3,T3,148500.0,string_n1,0.02,95,-1.3712503510150824,
3,T3,148500.0,multi_iso,0.02,95,-0.0832777136093262,
3,T3,148500.0,shapefit,0.02,95,-0.7590631517692765,
3,T3,148500.0,string_n1,0.02,96,-1.257150113931661,
3,T3,148500.0,multi_iso,0.02,96,0.5247035313791577,
3,T3,148500.0,shapefit,0.02,96,-1.5663388047159983,
3,T3,148500.0,string_n1,0.02,97,-1.2860739454225072,
3,T3,148500.0,multi_iso,0.02,97,-0.2363689776255807,
3,T3,148500.0,shapefit,0.02,97,0.8823784818259179,
3,T3,148500.0,string_n1,0.02,98,-0.7891538931566027,
3,T3,148500.0,multi_iso,0.02,98,-0.085751786841858,
3,T3,148500.0,shapefit,0.02,98,2.5457776379411508,
3,T3,148500.0,string_n1,0.02,99,-1.2333740857242048,
3,T3,148500.0,multi_iso,0.02,99,0.4389705572984815,
3,T3,148500.0,shapefit,0.02,99,2.9294669816450583,
3,T3,148500.0,pinn_free,0.01,0,-0.0301966628472686,
3,T3,148500.0,pinn_free,0.01,1,0.5829501902920732,
3,T3,148500.0,pinn_free,0.01,2,-0.3274128738107741,
4,T4,154000.0,string_n1,0.0,-1,1.810906613533659,
4,T4,154000.0,multi_iso,0.0,-1,-0.0626384195828562,
4,T4,154000.0,shapefit,0.0,-1,-7.557760555200376e-07,-740551.2225239066
4,T4,154000.0,pinn_free,0.0,-1,-0.0008803446516364,-740305.1094625943
4,T4,154000.0,pinn_free,0.0,-2,-0.0004592668890269,-740460.454752382
4,T4,154000.0,pinn_free,0.0,-3,-0.0010214470847745,-740272.5017213192
4,T4,154000.0,string_n1,0.005,0,2.3207871190908778,
4,T4,154000.0,multi_iso,0.005,0,0.1703781470648457,
4,T4,154000.0,shapefit,0.005,0,0.9865411413828774,
4,T4,154000.0,string_n1,0.005,1,2.280517637575489,
4,T4,154000.0,multi_iso,0.005,1,0.0514555645598417,
4,T4,154000.0,shapefit,0.005,1,0.232677829706971,
4,T4,154000.0,string_n1,0.005,2,1.74701468317551,
4,T4,154000.0,multi_iso,0.005,2,0.1988822890620969,
4,T4,154000.0,shapefit,0.005,2,0.1134259168771488,
4,T4,154000.0,string_n1,0.005,3,1.506187428305906,
4,T4,154000.0,multi_iso,0.005,3,-0.4322115504834876,
4,T4,154000.0,shapefit,0.005,3,-0.830896607326293,
4,T4,154000.0,string_n1,0.005,4,1.4097296595542244,
4,T4,154000.0,multi_iso,0.005,4,-0.1591938364018637,
4,T4,154000.0,shapefit,0.005,4,0.0743491233471824,
4,T4,154000.0,string_n1,0.005,5,1.3362920062036847,
4,T4,154000.0,multi_iso,0.005,5,-0.2926015768181071,
4,T4,154000.0,shapefit,0.005,5,0.3255141857148007,
4,T4,154000.0,string_n1,0.005,6,2.4756355508726338,
4,T4,154000.0,multi_iso,0.005,6,0.0369271482486132,
4,T4,154000.0,shapefit,0.005,6,0.6881634572557137,
4,T4,154000.0,string_n1,0.005,7,2.2527015877492436,
4,T4,154000.0,multi_iso,0.005,7,0.0170675275786651,
4,T4,154000.0,shapefit,0.005,7,0.3264787063028099,
4,T4,154000.0,string_n1,0.005,8,1.8163730831352831,
4,T4,154000.0,multi_iso,0.005,8,-0.2475767170761291,
4,T4,154000.0,shapefit,0.005,8,0.2119537665440841,
4,T4,154000.0,string_n1,0.005,9,1.903097695028092,
4,T4,154000.0,multi_iso,0.005,9,0.1261760175255143,
4,T4,154000.0,shapefit,0.005,9,-0.1138796379892518,
4,T4,154000.0,string_n1,0.005,10,2.2184147195154824,
4,T4,154000.0,multi_iso,0.005,10,-0.2365905784912424,
4,T4,154000.0,shapefit,0.005,10,0.5355890355669922,
4,T4,154000.0,string_n1,0.005,11,1.8850846398906032,
4,T4,154000.0,multi_iso,0.005,11,-0.1891966131420174,
4,T4,154000.0,shapefit,0.005,11,-0.4080275085137843,
4,T4,154000.0,string_n1,0.005,12,1.7148212042918949,
4,T4,154000.0,multi_iso,0.005,12,0.1680027414931781,
4,T4,154000.0,shapefit,0.005,12,-0.8406371541212799,
4,T4,154000.0,string_n1,0.005,13,1.9297468254385763,
4,T4,154000.0,multi_iso,0.005,13,0.0702769044415712,
4,T4,154000.0,shapefit,0.005,13,0.3883188356086574,
4,T4,154000.0,string_n1,0.005,14,2.0885229985373677,
4,T4,154000.0,multi_iso,0.005,14,0.2906748617450251,
4,T4,154000.0,shapefit,0.005,14,0.2236358980060851,
4,T4,154000.0,string_n1,0.005,15,1.4729575323159414,
4,T4,154000.0,multi_iso,0.005,15,0.0310184764511945,
4,T4,154000.0,shapefit,0.005,15,0.5362958724446846,
4,T4,154000.0,string_n1,0.005,16,1.600203295047289,
4,T4,154000.0,multi_iso,0.005,16,0.1101906431600936,
4,T4,154000.0,shapefit,0.005,16,0.6747048912029948,
4,T4,154000.0,string_n1,0.005,17,2.4969808917633234,
4,T4,154000.0,multi_iso,0.005,17,-0.0797827043817204,
4,T4,154000.0,shapefit,0.005,17,-0.1659153249529764,
4,T4,154000.0,string_n1,0.005,18,1.9416961607800691,
4,T4,154000.0,multi_iso,0.005,18,-0.3714789204011813,
4,T4,154000.0,shapefit,0.005,18,-1.3516325097030455,
4,T4,154000.0,string_n1,0.005,19,1.972181082447664,
4,T4,154000.0,multi_iso,0.005,19,0.0132590268233597,
4,T4,154000.0,shapefit,0.005,19,0.1072201091219941,
4,T4,154000.0,string_n1,0.005,20,2.154585481846785,
4,T4,154000.0,multi_iso,0.005,20,-0.2669964132173019,
4,T4,154000.0,shapefit,0.005,20,1.293415853053172,
4,T4,154000.0,string_n1,0.005,21,1.8967833047145153,
4,T4,154000.0,multi_iso,0.005,21,-0.1452101990687903,
4,T4,154000.0,shapefit,0.005,21,0.4038636051651503,
4,T4,154000.0,string_n1,0.005,22,2.350661691327507,
4,T4,154000.0,multi_iso,0.005,22,0.286064337327749,
4,T4,154000.0,shapefit,0.005,22,0.8767436443175478,
4,T4,154000.0,string_n1,0.005,23,1.6434929358921666,
4,T4,154000.0,multi_iso,0.005,23,0.1732409520710473,
4,T4,154000.0,shapefit,0.005,23,-0.2280145985191701,
4,T4,154000.0,string_n1,0.005,24,1.6133166991781622,
4,T4,154000.0,multi_iso,0.005,24,-0.3296944783183151,
4,T4,154000.0,shapefit,0.005,24,0.2857281534193808,
4,T4,154000.0,string_n1,0.005,25,1.6909192860846345,
4,T4,154000.0,multi_iso,0.005,25,0.0043919959105929,
4,T4,154000.0,shapefit,0.005,25,-0.2633958870116598,
4,T4,154000.0,string_n1,0.005,26,1.1657506999170768,
4,T4,154000.0,multi_iso,0.005,26,0.10957805371347,
4,T4,154000.0,shapefit,0.005,26,-0.8454724444375583,
4,T4,154000.0,string_n1,0.005,27,0.8599801371842978,
4,T4,154000.0,multi_iso,0.005,27,0.1859298133110255,
4,T4,154000.0,shapefit,0.005,27,0.3763296953671953,
4,T4,154000.0,string_n1,0.005,28,1.5917233690719064,
4,T4,154000.0,multi_iso,0.005,28,-0.622835527280366,
4,T4,154000.0,shapefit,0.005,28,-0.1921988698284031,
4,T4,154000.0,string_n1,0.005,29,1.396567142353406,
4,T4,154000.0,multi_iso,0.005,29,-0.1262177027854161,
4,T4,154000.0,shapefit,0.005,29,0.7126535953296003,
4,T4,154000.0,string_n1,0.005,30,1.7390150839248188,
4,T4,154000.0,multi_iso,0.005,30,-0.1696235350075188,
4,T4,154000.0,shapefit,0.005,30,-0.0042101340846524,
4,T4,154000.0,string_n1,0.005,31,1.738799224156178,
4,T4,154000.0,multi_iso,0.005,31,-0.1379530382283673,
4,T4,154000.0,shapefit,0.005,31,-0.68737287086192,
4,T4,154000.0,string_n1,0.005,32,1.643481650994826,
4,T4,154000.0,multi_iso,0.005,32,-0.3588323211143747,
4,T4,154000.0,shapefit,0.005,32,0.5606661409770468,
4,T4,154000.0,string_n1,0.005,33,1.479583432352663,
4,T4,154000.0,multi_iso,0.005,33,-0.0440910534486257,
4,T4,154000.0,shapefit,0.005,33,0.081169238623308,
4,T4,154000.0,string_n1,0.005,34,1.8866258192695744,
4,T4,154000.0,multi_iso,0.005,34,-0.1654120042887418,
4,T4,154000.0,shapefit,0.005,34,0.3903531800497054,
4,T4,154000.0,string_n1,0.005,35,1.4067894609587368,
4,T4,154000.0,multi_iso,0.005,35,-0.0834975210978315,
4,T4,154000.0,shapefit,0.005,35,0.3026027019031334,
4,T4,154000.0,string_n1,0.005,36,2.016784515800072,
4,T4,154000.0,multi_iso,0.005,36,0.17917912915905,
4,T4,154000.0,shapefit,0.005,36,0.4462719149833511,
4,T4,154000.0,string_n1,0.005,37,1.5940080806585757,
4,T4,154000.0,multi_iso,0.005,37,0.2704997545584444,
4,T4,154000.0,shapefit,0.005,37,0.0621411696255551,
4,T4,154000.0,string_n1,0.005,38,1.4951701892715428,
4,T4,154000.0,multi_iso,0.005,38,0.2815705070906136,
4,T4,154000.0,shapefit,0.005,38,0.1050522507686363,
4,T4,154000.0,string_n1,0.005,39,1.533037904212565,
4,T4,154000.0,multi_iso,0.005,39,-0.2424709408277156,
4,T4,154000.0,shapefit,0.005,39,-1.6032324833684493,
4,T4,154000.0,string_n1,0.005,40,1.3270532885465247,
4,T4,154000.0,multi_iso,0.005,40,0.022893902068306,
4,T4,154000.0,shapefit,0.005,40,-0.2889211892063598,
4,T4,154000.0,string_n1,0.005,41,1.105527027107812,
4,T4,154000.0,multi_iso,0.005,41,-0.724898405918472,
4,T4,154000.0,shapefit,0.005,41,-0.7228248493972139,
4,T4,154000.0,string_n1,0.005,42,1.6681224926627527,
4,T4,154000.0,multi_iso,0.005,42,-0.611361881662402,
4,T4,154000.0,shapefit,0.005,42,-0.98695064836379,
4,T4,154000.0,string_n1,0.005,43,1.7627900043141298,
4,T4,154000.0,multi_iso,0.005,43,0.295783055736173,
4,T4,154000.0,shapefit,0.005,43,0.2771683668445224,
4,T4,154000.0,string_n1,0.005,44,2.225147356885026,
4,T4,154000.0,multi_iso,0.005,44,-0.3611947992725098,
4,T4,154000.0,shapefit,0.005,44,0.3315611857568804,
4,T4,154000.0,string_n1,0.005,45,0.9515172325303156,
4,T4,154000.0,multi_iso,0.005,45,0.1115701208619836,
4,T4,154000.0,shapefit,0.005,45,0.472900544614274,
4,T4,154000.0,string_n1,0.005,46,1.885567799912083,
4,T4,154000.0,multi_iso,0.005,46,-0.3860756197559697,
4,T4,154000.0,shapefit,0.005,46,0.3692163282386617,
4,T4,154000.0,string_n1,0.005,47,1.9606545710237888,
4,T4,154000.0,multi_iso,0.005,47,-0.1139159956500773,
4,T4,154000.0,shapefit,0.005,47,-1.0306177532818552,
4,T4,154000.0,string_n1,0.005,48,2.2373281415586295,
4,T4,154000.0,multi_iso,0.005,48,-0.1330900197058527,
4,T4,154000.0,shapefit,0.005,48,1.3831647013663504,
4,T4,154000.0,string_n1,0.005,49,1.9476207521120796,
4,T4,154000.0,multi_iso,0.005,49,-0.1816917705745927,
4,T4,154000.0,shapefit,0.005,49,0.4128775249425263,
4,T4,154000.0,string_n1,0.005,50,1.74141113106579,
4,T4,154000.0,multi_iso,0.005,50,-0.370914929142156,
4,T4,154000.0,shapefit,0.005,50,0.2736688746607714,
4,T4,154000.0,string_n1,0.005,51,1.5626951913741665,
4,T4,154000.0,multi_iso,0.005,51,-0.0137523937353549,
4,T4,154000.0,shapefit,0.005,51,-0.8118230206929881,
4,T4,154000.0,string_n1,0.005,52,2.148681393326502,
4,T4,154000.0,multi_iso,0.005,52,-0.1704630256758801,
4,T4,154000.0,shapefit,0.005,52,0.8116300407568047,
4,T4,154000.0,string_n1,0.005,53,1.552055139151986,
4,T4,154000.0,multi_iso,0.005,53,0.0037749661745385,
4,T4,154000.0,shapefit,0.005,53,-0.6777483849802097,
4,T4,154000.0,string_n1,0.005,54,2.27455543648673,
4,T4,154000.0,multi_iso,0.005,54,-0.2241015939444701,
4,T4,154000.0,shapefit,0.005,54,-0.1237835979475806,
4,T4,154000.0,string_n1,0.005,55,1.9972210808107915,
4,T4,154000.0,multi_iso,0.005,55,0.1143846529415943,
4,T4,154000.0,shapefit,0.005,55,0.2087292210793677,
4,T4,154000.0,string_n1,0.005,56,1.8914320329648129,
4,T4,154000.0,multi_iso,0.005,56,-0.2302982793572848,
4,T4,154000.0,shapefit,0.005,56,-1.1137951443616834,
4,T4,154000.0,string_n1,0.005,57,1.209223181939141,
4,T4,154000.0,multi_iso,0.005,57,-0.2435721671317784,
4,T4,154000.0,shapefit,0.005,57,-0.2531394150511206,
4,T4,154000.0,string_n1,0.005,58,2.116125585232006,
4,T4,154000.0,multi_iso,0.005,58,-0.7448065116742245,
4,T4,154000.0,shapefit,0.005,58,0.55442200519665,
4,T4,154000.0,string_n1,0.005,59,1.6791136784057394,
4,T4,154000.0,multi_iso,0.005,59,0.0347772702741226,
4,T4,154000.0,shapefit,0.005,59,-0.7499787180451676,
4,T4,154000.0,string_n1,0.005,60,1.7307136126060656,
4,T4,154000.0,multi_iso,0.005,60,-0.1700596661512534,
4,T4,154000.0,shapefit,0.005,60,0.094544852869347,
4,T4,154000.0,string_n1,0.005,61,2.5162397475418024,
4,T4,154000.0,multi_iso,0.005,61,0.0402261607751836,
4,T4,154000.0,shapefit,0.005,61,1.1009343800938902,
4,T4,154000.0,string_n1,0.005,62,1.2455585032944907,
4,T4,154000.0,multi_iso,0.005,62,-0.1132428640273306,
4,T4,154000.0,shapefit,0.005,62,0.3468757724584089,
4,T4,154000.0,string_n1,0.005,63,2.1877287198033475,
4,T4,154000.0,multi_iso,0.005,63,0.0702961121275325,
4,T4,154000.0,shapefit,0.005,63,1.486249684840259,
4,T4,154000.0,string_n1,0.005,64,2.2521649077031785,
4,T4,154000.0,multi_iso,0.005,64,0.1004619272942458,
4,T4,154000.0,shapefit,0.005,64,0.0892139738653907,
4,T4,154000.0,string_n1,0.005,65,1.5222977640003144,
4,T4,154000.0,multi_iso,0.005,65,-0.0232053359162535,
4,T4,154000.0,shapefit,0.005,65,-0.4940946957934799,
4,T4,154000.0,string_n1,0.005,66,1.5616460303737414,
4,T4,154000.0,multi_iso,0.005,66,-0.0222740413100222,
4,T4,154000.0,shapefit,0.005,66,0.7545452835083661,
4,T4,154000.0,string_n1,0.005,67,1.9346179846718992,
4,T4,154000.0,multi_iso,0.005,67,-0.4116949911091352,
4,T4,154000.0,shapefit,0.005,67,0.2484268388487156,
4,T4,154000.0,string_n1,0.005,68,2.143584637265379,
4,T4,154000.0,multi_iso,0.005,68,0.3735523414003584,
4,T4,154000.0,shapefit,0.005,68,0.905483684937304,
4,T4,154000.0,string_n1,0.005,69,1.646596678556869,
4,T4,154000.0,multi_iso,0.005,69,0.1454412993593232,
4,T4,154000.0,shapefit,0.005,69,0.078239155581199,
4,T4,154000.0,string_n1,0.005,70,1.484554910441379,
4,T4,154000.0,multi_iso,0.005,70,0.2882537091884712,
4,T4,154000.0,shapefit,0.005,70,-0.1107694815917623,
4,T4,154000.0,string_n1,0.005,71,1.913684828533351,
4,T4,154000.0,multi_iso,0.005,71,-0.2474751102551175,
4,T4,154000.0,shapefit,0.005,71,0.0947899221867102,
4,T4,154000.0,string_n1,0.005,72,1.877217929792313,
4,T4,154000.0,multi_iso,0.005,72,-0.0182737685380731,
4,T4,154000.0,shapefit,0.005,72,-1.1077025365221047,
4,T4,154000.0,string_n1,0.005,73,1.2667895003915128,
4,T4,154000.0,multi_iso,0.005,73,-0.3626497515349297,
4,T4,154000.0,shapefit,0.005,73,-1.7734674024891166,
4,T4,154000.0,string_n1,0.005,74,1.9886483831455108,
4,T4,154000.0,multi_iso,0.005,74,-0.1554860238044813,
4,T4,154000.0,shapefit,0.005,74,-0.0135856039064268,
4,T4,154000.0,string_n1,0.005,75,1.3053451297996723,
4,T4,154000.0,multi_iso,0.005,75,-0.7238414352663903,
4,T4,154000.0,shapefit,0.005,75,-0.5999783496728829,
4,T4,154000.0,string_n1,0.005,76,2.037969461214682,
4,T4,154000.0,multi_iso,0.005,76,-0.3427584598661104,
4,T4,154000.0,shapefit,0.005,76,1.0849555227151455,
4,T4,154000.0,string_n1,0.005,77,2.0567617122788633,
4,T4,154000.0,multi_iso,0.005,77,-0.493060313669081,
4,T4,154000.0,shapefit,0.005,77,0.4375821932501313,
4,T4,154000.0,string_n1,0.005,78,1.5858088666042116,
4,T4,154000.0,multi_iso,0.005,78,-0.2028861103456183,
4,T4,154000.0,shapefit,0.005,78,-0.4619892097850271,
4,T4,154000.0,string_n1,0.005,79,1.9786653907559684,
4,T4,154000.0,multi_iso,0.005,79,-0.1415328126497659,
4,T4,154000.0,shapefit,0.005,79,0.68043327491975,
4,T4,154000.0,string_n1,0.005,80,1.7621731602902602,
4,T4,154000.0,multi_iso,0.005,80,0.7243140732619289,
4,T4,154000.0,shapefit,0.005,80,0.1345964082605742,
4,T4,154000.0,string_n1,0.005,81,1.795235401951079,
4,T4,154000.0,multi_iso,0.005,81,-0.2316905536474743,
4,T4,154000.0,shapefit,0.005,81,1.4190763937213569,
4,T4,154000.0,string_n1,0.005,82,1.9740158649996584,
4,T4,154000.0,multi_iso,0.005,82,-0.1890629964658398,
4,T4,154000.0,shapefit,0.005,82,1.3339155939161589,
4,T4,154000.0,string_n1,0.005,83,2.4030825146195944,
4,T4,154000.0,multi_iso,0.005,83,-0.1693585348541375,
4,T4,154000.0,shapefit,0.005,83,0.9852575382797006,
4,T4,154000.0,string_n1,0.005,84,1.456774546979687,
4,T4,154000.0,multi_iso,0.005,84,-0.0607076520126127,
4,T4,154000.0,shapefit,0.005,84,-0.0758091745526581,
4,T4,154000.0,string_n1,0.005,85,1.5192589894499722,
4,T4,154000.0,multi_iso,0.005,85,0.0469896419920244,
4,T4,154000.0,shapefit,0.005,85,-1.2804349160694226,
4,T4,154000.0,string_n1,0.005,86,1.6571566998405047,
4,T4,154000.0,multi_iso,0.005,86,-0.3657556887639515,
4,T4,154000.0,shapefit,0.005,86,0.5183470080503075,
4,T4,154000.0,string_n1,0.005,87,1.2754513915790344,
4,T4,154000.0,multi_iso,0.005,87,-0.0108687040235207,
4,T4,154000.0,shapefit,0.005,87,-0.5973471636928704,
4,T4,154000.0,string_n1,0.005,88,1.810565127755172,
4,T4,154000.0,multi_iso,0.005,88,0.0854698595700312,
4,T4,154000.0,shapefit,0.005,88,0.3191500751647112,
4,T4,154000.0,string_n1,0.005,89,1.643834545933993,
4,T4,154000.0,multi_iso,0.005,89,-0.1634044564180733,
4,T4,154000.0,shapefit,0.005,89,-0.3782552443766382,
4,T4,154000.0,string_n1,0.005,90,1.831862626479396,
4,T4,154000.0,multi_iso,0.005,90,-0.176233485912282,
4,T4,154000.0,shapefit,0.005,90,0.3697506907953338,
4,T4,154000.0,string_n1,0.005,91,1.837499033600544,
4,T4,154000.0,multi_iso,0.005,91,0.0714339415159518,
4,T4,154000.0,shapefit,0.005,91,0.3068555022886759,
4,T4,154000.0,string_n1,0.005,92,1.8236003482027143,
4,T4,154000.0,multi_iso,0.005,92,-0.0403805209612534,
4,T4,154000.0,shapefit,0.005,92,0.0514589250990901,
4,T4,154000.0,string_n1,0.005,93,0.9853810176243304,
4,T4,154000.0,multi_iso,0.005,93,-0.2975829218221335,
4,T4,154000.0,shapefit,0.005,93,-2.1273198405275417,
4,T4,154000.0,string_n1,0.005,94,1.9068428866228455,
4,T4,154000.0,multi_iso,0.005,94,0.074450473520204,
4,T4,154000.0,shapefit,0.005,94,0.9913885333979738,
4,T4,154000.0,string_n1,0.005,95,1.8897487886060655,
4,T4,154000.0,multi_iso,0.005,95,-0.11590021905981,
4,T4,154000.0,shapefit,0.005,95,0.7555880028885251,
4,T4,154000.0,string_n1,0.005,96,2.340408457468272,
4,T4,154000.0,multi_iso,0.005,96,-0.0790654021179962,
4,T4,154000.0,shapefit,0.005,96,-1.0023282827383668,
4,T4,154000.0,string_n1,0.005,97,2.141303310224139,
4,T4,154000.0,multi_iso,0.005,97,-0.447718597810856,
4,T4,154000.0,shapefit,0.005,97,0.97940805830024,
4,T4,154000.0,string_n1,0.005,98,1.9133181013522953,
4,T4,154000.0,multi_iso,0.005,98,0.399971291832811,
4,T4,154000.0,shapefit,0.005,98,0.2512145752468798,
4,T4,154000.0,string_n1,0.005,99,1.8479729170200616,
4,T4,154000.0,multi_iso,0.005,99,-0.146175989229232,
4,T4,154000.0,shapefit,0.005,99,-0.6687970238366215,
4,T4,154000.0,string_n1,0.01,0,1.6506296174116917,
4,T4,154000.0,multi_iso,0.01,0,-0.1618201335337596,
4,T4,154000.0,shapefit,0.01,0,-0.9658126002279648,
4,T4,154000.0,string_n1,0.01,1,2.0116425243714695,
4,T4,154000.0,multi_iso,0.01,1,-0.3062678499985259,
4,T4,154000.0,shapefit,0.01,1,1.3164062890062198,
4,T4,154000.0,string_n1,0.01,2,1.438545460012959,
4,T4,154000.0,multi_iso,0.01,2,-0.2457367846057765,
4,T4,154000.0,shapefit,0.01,2,0.7525593993829657,
4,T4,154000.0,string_n1,0.01,3,2.234298653707725,
4,T4,154000.0,multi_iso,0.01,3,0.6970535645777527,
4,T4,154000.0,shapefit,0.01,3,-0.4559794961894006,
4,T4,154000.0,string_n1,0.01,4,2.025445758905462,
4,T4,154000.0,multi_iso,0.01,4,0.5900041898370829,
4,T4,154000.0,shapefit,0.01,4,-1.4494520615064577,
4,T4,154000.0,string_n1,0.01,5,2.4214899964260757,
4,T4,154000.0,multi_iso,0.01,5,-0.147708309667454,
4,T4,154000.0,shapefit,0.01,5,2.2968317892274657,
4,T4,154000.0,string_n1,0.01,6,1.6384587941524973,
4,T4,154000.0,multi_iso,0.01,6,-0.1009721810686441,
4,T4,154000.0,shapefit,0.01,6,0.095558846524184,
4,T4,154000.0,string_n1,0.01,7,0.9504313440463134,
4,T4,154000.0,multi_iso,0.01,7,-0.1492701478638495,
4,T4,154000.0,shapefit,0.01,7,-1.9556444505908808,
4,T4,154000.0,string_n1,0.01,8,1.367852242429047,
4,T4,154000.0,multi_iso,0.01,8,-0.2688735520463004,
4,T4,154000.0,shapefit,0.01,8,1.551591705994899,
4,T4,154000.0,string_n1,0.01,9,1.8537213749356392,
4,T4,154000.0,multi_iso,0.01,9,0.1433724409538319,
4,T4,154000.0,shapefit,0.01,9,-0.7053929195411438,
4,T4,154000.0,string_n1,0.01,10,1.43610752215951,
4,T4,154000.0,multi_iso,0.01,10,0.1646460642282021,
4,T4,154000.0,shapefit,0.01,10,-1.3069744766791134,
4,T4,154000.0,string_n1,0.01,11,2.283171473250422,
4,T4,154000.0,multi_iso,0.01,11,0.071368812664613,
4,T4,154000.0,shapefit,0.01,11,-0.1073145480469124,
4,T4,154000.0,string_n1,0.01,12,1.9227279564663209,
4,T4,154000.0,multi_iso,0.01,12,-0.482655135237131,
4,T4,154000.0,shapefit,0.01,12,-0.7028380192479674,
4,T4,154000.0,string_n1,0.01,13,1.0558171110619283,
4,T4,154000.0,multi_iso,0.01,13,0.1367355013139018,
4,T4,154000.0,shapefit,0.01,13,-1.9475467329741836,
4,T4,154000.0,string_n1,0.01,14,1.6943854292533769,
4,T4,154000.0,multi_iso,0.01,14,-0.1440951773969573,
4,T4,154000.0,shapefit,0.01,14,-1.5954608304904396,
4,T4,154000.0,string_n1,0.01,15,1.403574156694155,
4,T4,154000.0,multi_iso,0.01,15,0.1619562543958105,
4,T4,154000.0,shapefit,0.01,15,-0.6293057277567712,
4,T4,154000.0,string_n1,0.01,16,1.6485641334517882,
4,T4,154000.0,multi_iso,0.01,16,0.0162891839382574,
4,T4,154000.0,shapefit,0.01,16,2.6566978258033345,
4,T4,154000.0,string_n1,0.01,17,1.687584639256238,
4,T4,154000.0,multi_iso,0.01,17,-0.1043621459646436,
4,T4,154000.0,shapefit,0.01,17,-0.2425476556662931,
4,T4,154000.0,string_n1,0.01,18,1.7548400533881097,
4,T4,154000.0,multi_iso,0.01,18,-0.2883011642023286,
4,T4,154000.0,shapefit,0.01,18,-0.248000665249941,
4,T4,154000.0,string_n1,0.01,19,1.362977411331138,
4,T4,154000.0,multi_iso,0.01,19,0.3110472527574695,
4,T4,154000.0,shapefit,0.01,19,-1.6213252650529626,
4,T4,154000.0,string_n1,0.01,20,2.0731936580712405,
4,T4,154000.0,multi_iso,0.01,20,0.1338430638348891,
4,T4,154000.0,shapefit,0.01,20,1.0481428681910394,
4,T4,154000.0,string_n1,0.01,21,1.7264593404500788,
4,T4,154000.0,multi_iso,0.01,21,-0.1178351777909034,
4,T4,154000.0,shapefit,0.01,21,0.803891658939307,
4,T4,154000.0,string_n1,0.01,22,2.316948610563595,
4,T4,154000.0,multi_iso,0.01,22,0.0600122420832948,
4,T4,154000.0,shapefit,0.01,22,-0.0035120037661573,
4,T4,154000.0,string_n1,0.01,23,1.3807451107356676,
4,T4,154000.0,multi_iso,0.01,23,0.0494960594302808,
4,T4,154000.0,shapefit,0.01,23,-1.1088249000057715,
4,T4,154000.0,string_n1,0.01,24,2.3489653967555073,
4,T4,154000.0,multi_iso,0.01,24,0.4917036130221549,
4,T4,154000.0,shapefit,0.01,24,1.7097426490064456,
4,T4,154000.0,string_n1,0.01,25,1.9169048853354624,
4,T4,154000.0,multi_iso,0.01,25,-0.1747635782861858,
4,T4,154000.0,shapefit,0.01,25,-1.8572076160929585,
4,T4,154000.0,string_n1,0.01,26,1.7422510652741845,
4,T4,154000.0,multi_iso,0.01,26,-0.1620606662446063,
4,T4,154000.0,shapefit,0.01,26,0.4639337037538984,
4,T4,154000.0,string_n1,0.01,27,1.7681997850033275,
4,T4,154000.0,multi_iso,0.01,27,0.1579071618378458,
4,T4,154000.0,shapefit,0.01,27,-1.618695904237185,
4,T4,154000.0,string_n1,0.01,28,1.515521012899253,
4,T4,154000.0,multi_iso,0.01,28,-0.3055311980455631,
4,T4,154000.0,shapefit,0.01,28,1.6681347273694398,
4,T4,154000.0,string_n1,0.01,29,1.9649230946668776,
4,T4,154000.0,multi_iso,0.01,29,-0.1103100368465061,
4,T4,154000.0,shapefit,0.01,29,1.307864621705746,
4,T4,154000.0,string_n1,0.01,30,1.7837624445713696,
4,T4,154000.0,multi_iso,0.01,30,-0.1350893306228605,
4,T4,154000.0,shapefit,0.01,30,-1.3497998238429496,
4,T4,154000.0,string_n1,0.01,31,1.7758261992410884,
4,T4,154000.0,multi_iso,0.01,31,-0.0191858903562548,
4,T4,154000.0,shapefit,0.01,31,0.4643469830557655,
4,T4,154000.0,string_n1,0.01,32,1.7052146169148172,
4,T4,154000.0,multi_iso,0.01,32,0.0250698287046042,
4,T4,154000.0,shapefit,0.01,32,0.1605578463204438,
4,T4,154000.0,string_n1,0.01,33,2.0178023269714473,
4,T4,154000.0,multi_iso,0.01,33,-0.1671144735656018,
4,T4,154000.0,shapefit,0.01,33,0.5357796685740484,
4,T4,154000.0,string_n1,0.01,34,1.7793982171738716,
4,T4,154000.0,multi_iso,0.01,34,0.1018619152138995,
4,T4,154000.0,shapefit,0.01,34,1.7384430330994316,
4,T4,154000.0,string_n1,0.01,35,1.311859709109832,
4,T4,154000.0,multi_iso,0.01,35,-0.0860682893052505,
4,T4,154000.0,shapefit,0.01,35,-0.3809782393887305,
4,T4,154000.0,string_n1,0.01,36,2.1283852782853927,
4,T4,154000.0,multi_iso,0.01,36,-0.2950010953151111,
4,T4,154000.0,shapefit,0.01,36,-0.1651960476474154,
4,T4,154000.0,string_n1,0.01,37,2.2514944022855503,
4,T4,154000.0,multi_iso,0.01,37,-0.3693474768891525,
4,T4,154000.0,shapefit,0.01,37,0.1436790931277058,
4,T4,154000.0,string_n1,0.01,38,1.589673485066976,
4,T4,154000.0,multi_iso,0.01,38,-0.2246224211467098,
4,T4,154000.0,shapefit,0.01,38,0.5979296578331162,
4,T4,154000.0,string_n1,0.01,39,1.8830314595551063,
4,T4,154000.0,multi_iso,0.01,39,-0.3355586738947419,
4,T4,154000.0,shapefit,0.01,39,-0.9986622599760326,
4,T4,154000.0,string_n1,0.01,40,1.4691899574966685,
4,T4,154000.0,multi_iso,0.01,40,-0.0150305774392085,
4,T4,154000.0,shapefit,0.01,40,0.8616612333328503,
4,T4,154000.0,string_n1,0.01,41,2.2669085657499033,
4,T4,154000.0,multi_iso,0.01,41,-0.2644564062580141,
4,T4,154000.0,shapefit,0.01,41,2.0734445265453467,
4,T4,154000.0,string_n1,0.01,42,2.13386195373382,
4,T4,154000.0,multi_iso,0.01,42,-0.3088090163374368,
4,T4,154000.0,shapefit,0.01,42,-2.0053998397685913,
4,T4,154000.0,string_n1,0.01,43,1.1690954129659878,
4,T4,154000.0,multi_iso,0.01,43,0.0915137467632416,
4,T4,154000.0,shapefit,0.01,43,-1.9034073095190205,
4,T4,154000.0,string_n1,0.01,44,1.27128759729589,
4,T4,154000.0,multi_iso,0.01,44,-0.1060646773855143,
4,T4,154000.0,shapefit,0.01,44,-1.3619278750774888,
4,T4,154000.0,string_n1,0.01,45,2.517928262317686,
4,T4,154000.0,multi_iso,0.01,45,-0.6347002405251448,
4,T4,154000.0,shapefit,0.01,45,0.1642789267833751,
4,T4,154000.0,string_n1,0.01,46,1.8420935132858636,
4,T4,154000.0,multi_iso,0.01,46,0.1372864931478624,
4,T4,154000.0,shapefit,0.01,46,-0.5973182652185312,
4,T4,154000.0,string_n1,0.01,47,1.4111947994593224,
4,T4,154000.0,multi_iso,0.01,47,-0.084081614708986,
4,T4,154000.0,shapefit,0.01,47,0.0453344877372728,
4,T4,154000.0,string_n1,0.01,48,1.789312274860371,
4,T4,154000.0,multi_iso,0.01,48,-0.0963593165443676,
4,T4,154000.0,shapefit,0.01,48,1.3824602988332757,
4,T4,154000.0,string_n1,0.01,49,2.106613408182196,
4,T4,154000.0,multi_iso,0.01,49,-0.0850831529301706,
4,T4,154000.0,shapefit,0.01,49,-0.7958615096315989,
4,T4,154000.0,string_n1,0.01,50,1.9189523730258828,
4,T4,154000.0,multi_iso,0.01,50,0.1983527814724494,
4,T4,154000.0,shapefit,0.01,50,0.8120197043680267,
4,T4,154000.0,string_n1,0.01,51,1.6320413636724396,
4,T4,154000.0,multi_iso,0.01,51,0.1532620078206361,
4,T4,154000.0,shapefit,0.01,51,0.0441577533462013,
4,T4,154000.0,string_n1,0.01,52,1.5990626702735438,
4,T4,154000.0,multi_iso,0.01,52,0.1774671856937786,
4,T4,154000.0,shapefit,0.01,52,-3.0716487928053255,
4,T4,154000.0,string_n1,0.01,53,1.6126848961813631,
4,T4,154000.0,multi_iso,0.01,53,-0.5036093959715611,
4,T4,154000.0,shapefit,0.01,53,0.5519187424271617,
4,T4,154000.0,string_n1,0.01,54,1.5938731657553922,
4,T4,154000.0,multi_iso,0.01,54,-0.2312048964578675,
4,T4,154000.0,shapefit,0.01,54,-1.1190151160934414,
4,T4,154000.0,string_n1,0.01,55,1.3922490824332767,
4,T4,154000.0,multi_iso,0.01,55,-0.5978912603957677,
4,T4,154000.0,shapefit,0.01,55,-1.2574263011241618,
4,T4,154000.0,string_n1,0.01,56,1.6505678084680082,
4,T4,154000.0,multi_iso,0.01,56,-0.0334079186979177,
4,T4,154000.0,shapefit,0.01,56,-1.6681768149166034,
4,T4,154000.0,string_n1,0.01,57,2.076665826888083,
4,T4,154000.0,multi_iso,0.01,57,-0.1888327420570482,
4,T4,154000.0,shapefit,0.01,57,0.300635018931927,
4,T4,154000.0,string_n1,0.01,58,2.0691566083473667,
4,T4,154000.0,multi_iso,0.01,58,-0.4015050980106923,
4,T4,154000.0,shapefit,0.01,58,-2.4651143463340577,
4,T4,154000.0,string_n1,0.01,59,1.3921565162762168,
4,T4,154000.0,multi_iso,0.01,59,-0.1936398100228859,
4,T4,154000.0,shapefit,0.01,59,1.4667457849282262,
4,T4,154000.0,string_n1,0.01,60,2.4824005712337556,
4,T4,154000.0,multi_iso,0.01,60,-0.1311533577492998,
4,T4,154000.0,shapefit,0.01,60,0.3926522320785972,
4,T4,154000.0,string_n1,0.01,61,1.7341743040951982,
4,T4,154000.0,multi_iso,0.01,61,-0.0922251453317207,
4,T4,154000.0,shapefit,0.01,61,-0.98821319536899,
4,T4,154000.0,string_n1,0.01,62,1.563767031461829,
4,T4,154000.0,multi_iso,0.01,62,0.2553391302329134,
4,T4,154000.0,shapefit,0.01,62,-1.148160911513082,
4,T4,154000.0,string_n1,0.01,63,1.616573546589492,
4,T4,154000.0,multi_iso,0.01,63,-0.1189196112863916,
4,T4,154000.0,shapefit,0.01,63,0.93118337547749,
4,T4,154000.0,string_n1,0.01,64,1.9110518988219616,
4,T4,154000.0,multi_iso,0.01,64,0.1181897795421423,
4,T4,154000.0,shapefit,0.01,64,-0.742426709325904,
4,T4,154000.0,string_n1,0.01,65,1.894471603167408,
4,T4,154000.0,multi_iso,0.01,65,-0.1743860919180843,
4,T4,154000.0,shapefit,0.01,65,0.459115445909813,
4,T4,154000.0,string_n1,0.01,66,2.0966206707468547,
4,T4,154000.0,multi_iso,0.01,66,-0.1562800748326457,
4,T4,154000.0,shapefit,0.01,66,1.1466128568572458,
4,T4,154000.0,string_n1,0.01,67,1.7369389426583417,
4,T4,154000.0,multi_iso,0.01,67,0.121927182049817,
4,T4,154000.0,shapefit,0.01,67,-0.172579140665634,
4,T4,154000.0,string_n1,0.01,68,2.1593313829082272,
4,T4,154000.0,multi_iso,0.01,68,0.1439291975612702,
4,T4,154000.0,shapefit,0.01,68,-0.4981941049953305,
4,T4,154000.0,string_n1,0.01,69,1.5589925200531567,
4,T4,154000.0,multi_iso,0.01,69,-0.2213766956328438,
4,T4,154000.0,shapefit,0.01,69,1.6501238857383471,
4,T4,154000.0,string_n1,0.01,70,3.0180931103341515,
4,T4,154000.0,multi_iso,0.01,70,-0.5275642080057311,
4,T4,154000.0,shapefit,0.01,70,0.7099550894406955,
4,T4,154000.0,string_n1,0.01,71,2.1976295766748555,
4,T4,154000.0,multi_iso,0.01,71,0.0150794813918386,
4,T4,154000.0,shapefit,0.01,71,1.358875700717058,
4,T4,154000.0,string_n1,0.01,72,1.9255878324741755,
4,T4,154000.0,multi_iso,0.01,72,0.2142750852168673,
4,T4,154000.0,shapefit,0.01,72,-1.3852017589005476,
4,T4,154000.0,string_n1,0.01,73,1.946527826768768,
4,T4,154000.0,multi_iso,0.01,73,-0.097496524088477,
4,T4,154000.0,shapefit,0.01,73,1.938803627416824,
4,T4,154000.0,string_n1,0.01,74,1.7767509238090096,
4,T4,154000.0,multi_iso,0.01,74,0.0650753700343533,
4,T4,154000.0,shapefit,0.01,74,-2.4448713158790434,
4,T4,154000.0,string_n1,0.01,75,1.7781890571154442,
4,T4,154000.0,multi_iso,0.01,75,-0.0258389677801177,
4,T4,154000.0,shapefit,0.01,75,-0.7451963488512042,
4,T4,154000.0,string_n1,0.01,76,1.8643858521483545,
4,T4,154000.0,multi_iso,0.01,76,-0.1282552990353516,
4,T4,154000.0,shapefit,0.01,76,-1.3911792230648337,
4,T4,154000.0,string_n1,0.01,77,2.108226116515024,
4,T4,154000.0,multi_iso,0.01,77,-0.1499368879248996,
4,T4,154000.0,shapefit,0.01,77,1.7035520392807024,
4,T4,154000.0,string_n1,0.01,78,2.638147975376984,
4,T4,154000.0,multi_iso,0.01,78,-0.2713780624606207,
4,T4,154000.0,shapefit,0.01,78,1.1239388921936293,
4,T4,154000.0,string_n1,0.01,79,2.449529576322609,
4,T4,154000.0,multi_iso,0.01,79,-0.0499170197518096,
4,T4,154000.0,shapefit,0.01,79,-1.582840955320386,
4,T4,154000.0,string_n1,0.01,80,1.6965378206120252,
4,T4,154000.0,multi_iso,0.01,80,-0.2444591261221393,
4,T4,154000.0,shapefit,0.01,80,0.4094249292939384,
4,T4,154000.0,string_n1,0.01,81,1.8496274260705976,
4,T4,154000.0,multi_iso,0.01,81,-0.2955432099358038,
4,T4,154000.0,shapefit,0.01,81,0.5753147500750833,
4,T4,154000.0,string_n1,0.01,82,1.926176563583374,
4,T4,154000.0,multi_iso,0.01,82,0.3195829034360751,
4,T4,154000.0,shapefit,0.01,82,0.3773779635852264,
4,T4,154000.0,string_n1,0.01,83,2.4900844972881915,
4,T4,154000.0,multi_iso,0.01,83,-0.0184638469187049,
4,T4,154000.0,shapefit,0.01,83,0.3739440816344599,
4,T4,154000.0,string_n1,0.01,84,2.0801587232401597,
4,T4,154000.0,multi_iso,0.01,84,-0.3634600184990702,
4,T4,154000.0,shapefit,0.01,84,-0.8794261791661319,
4,T4,154000.0,string_n1,0.01,85,1.9451557884475084,
4,T4,154000.0,multi_iso,0.01,85,0.1611341291267308,
4,T4,154000.0,shapefit,0.01,85,0.8019009753969285,
4,T4,154000.0,string_n1,0.01,86,1.8271854223513575,
4,T4,154000.0,multi_iso,0.01,86,0.0256128367814636,
4,T4,154000.0,shapefit,0.01,86,0.4706876550738166,
4,T4,154000.0,string_n1,0.01,87,1.7584629639037113,
4,T4,154000.0,multi_iso,0.01,87,-0.0706433602661089,
4,T4,154000.0,shapefit,0.01,87,0.4170707776372974,
4,T4,154000.0,string_n1,0.01,88,1.5998844743784717,
4,T4,154000.0,multi_iso,0.01,88,-0.4088382600302817,
4,T4,154000.0,shapefit,0.01,88,-0.3312287270603248,
4,T4,154000.0,string_n1,0.01,89,2.2594084298987487,
4,T4,154000.0,multi_iso,0.01,89,-0.1532446442672743,
4,T4,154000.0,shapefit,0.01,89,-0.0326711257022364,
4,T4,154000.0,string_n1,0.01,90,1.6965282173846,
4,T4,154000.0,multi_iso,0.01,90,0.0097290279084624,
4,T4,154000.0,shapefit,0.01,90,-0.6723595786202274,
4,T4,154000.0,string_n1,0.01,91,2.244394287935046,
4,T4,154000.0,multi_iso,0.01,91,-0.2445890964338648,
4,T4,154000.0,shapefit,0.01,91,0.0209164311709645,
4,T4,154000.0,string_n1,0.01,92,1.7393367519295833,
4,T4,154000.0,multi_iso,0.01,92,-0.1151525956671344,
4,T4,154000.0,shapefit,0.01,92,0.4554769987232496,
4,T4,154000.0,string_n1,0.01,93,1.7529255883003374,
4,T4,154000.0,multi_iso,0.01,93,-0.1428459753271596,
4,T4,154000.0,shapefit,0.01,93,1.2161642793855325,
4,T4,154000.0,string_n1,0.01,94,2.7387389201061216,
4,T4,154000.0,multi_iso,0.01,94,0.0098474896872754,
4,T4,154000.0,shapefit,0.01,94,1.5563553252322229,
4,T4,154000.0,string_n1,0.01,95,2.5942505178297455,
4,T4,154000.0,multi_iso,0.01,95,0.161150079194321,
4,T4,154000.0,shapefit,0.01,95,1.3986679501176509,
4,T4,154000.0,string_n1,0.01,96,1.6627655862243211,
4,T4,154000.0,multi_iso,0.01,96,0.0154009646236973,
4,T4,154000.0,shapefit,0.01,96,-0.4174826647073723,
4,T4,154000.0,string_n1,0.01,97,1.245436376040233,
4,T4,154000.0,multi_iso,0.01,97,-0.2417808308420693,
4,T4,154000.0,shapefit,0.01,97,-1.00782498443853,
4,T4,154000.0,string_n1,0.01,98,1.5119442974235189,
4,T4,154000.0,multi_iso,0.01,98,-0.0936605181406303,
4,T4,154000.0,shapefit,0.01,98,-0.9013688527107354,
4,T4,154000.0,string_n1,0.01,99,2.0995471530904815,
4,T4,154000.0,multi_iso,0.01,99,-0.2240708546498117,
4,T4,154000.0,shapefit,0.01,99,0.5249369373031954,
4,T4,154000.0,string_n1,0.02,0,2.3990969477181494,
4,T4,154000.0,multi_iso,0.02,0,0.0804048821852805,
4,T4,154000.0,shapefit,0.02,0,4.048872214376298,
4,T4,154000.0,string_n1,0.02,1,1.5507675069028606,
4,T4,154000.0,multi_iso,0.02,1,-0.0286281220532512,
4,T4,154000.0,shapefit,0.02,1,0.1021119726594619,
4,T4,154000.0,string_n1,0.02,2,1.8912972639390613,
4,T4,154000.0,multi_iso,0.02,2,0.2673207492898135,
4,T4,154000.0,shapefit,0.02,2,2.47275996370732,
4,T4,154000.0,string_n1,0.02,3,1.895151608361951,
4,T4,154000.0,multi_iso,0.02,3,0.0336334182296663,
4,T4,154000.0,shapefit,0.02,3,1.1101596973394006,
4,T4,154000.0,string_n1,0.02,4,1.4237885880157013,
4,T4,154000.0,multi_iso,0.02,4,-0.1557832842179825,
4,T4,154000.0,shapefit,0.02,4,-0.1264842658063666,
4,T4,154000.0,string_n1,0.02,5,0.7365480581899446,
4,T4,154000.0,multi_iso,0.02,5,-0.1482318310963984,
4,T4,154000.0,shapefit,0.02,5,-1.3557825311364124,
4,T4,154000.0,string_n1,0.02,6,2.0066917298311955,
4,T4,154000.0,multi_iso,0.02,6,-0.1992413693252616,
4,T4,154000.0,shapefit,0.02,6,-2.121011025576029,
4,T4,154000.0,string_n1,0.02,7,1.8066936965336888,
4,T4,154000.0,multi_iso,0.02,7,-0.1731507479525572,
4,T4,154000.0,shapefit,0.02,7,1.0266209976912806,
4,T4,154000.0,string_n1,0.02,8,1.360161188096012,
4,T4,154000.0,multi_iso,0.02,8,0.253889149029145,
4,T4,154000.0,shapefit,0.02,8,-2.3234999352184844,
4,T4,154000.0,string_n1,0.02,9,1.6666176694560215,
4,T4,154000.0,multi_iso,0.02,9,-0.7060913790225629,
4,T4,154000.0,shapefit,0.02,9,1.2572346919684712,
4,T4,154000.0,string_n1,0.02,10,1.568996126626281,
4,T4,154000.0,multi_iso,0.02,10,-0.256723951794133,
4,T4,154000.0,shapefit,0.02,10,-0.4470295475482148,
4,T4,154000.0,string_n1,0.02,11,2.40902071063928,
4,T4,154000.0,multi_iso,0.02,11,-0.24596627767575,
4,T4,154000.0,shapefit,0.02,11,1.157124214331421,
4,T4,154000.0,string_n1,0.02,12,1.9290357047005544,
4,T4,154000.0,multi_iso,0.02,12,0.0588164826407166,
4,T4,154000.0,shapefit,0.02,12,1.1687469106430246,
4,T4,154000.0,string_n1,0.02,13,2.419130390079718,
4,T4,154000.0,multi_iso,0.02,13,0.0881559659346489,
4,T4,154000.0,shapefit,0.02,13,5.043695549749487,
4,T4,154000.0,string_n1,0.02,14,0.7936668222104297,
4,T4,154000.0,multi_iso,0.02,14,0.1082479188759023,
4,T4,154000.0,shapefit,0.02,14,3.8032706970577626,
4,T4,154000.0,string_n1,0.02,15,1.689792119350769,
4,T4,154000.0,multi_iso,0.02,15,-0.0621889361040515,
4,T4,154000.0,shapefit,0.02,15,0.2217602071075816,
4,T4,154000.0,string_n1,0.02,16,2.264950218012174,
4,T4,154000.0,multi_iso,0.02,16,-0.0564004788844802,
4,T4,154000.0,shapefit,0.02,16,2.3231284728578774,
4,T4,154000.0,string_n1,0.02,17,1.4626954257417002,
4,T4,154000.0,multi_iso,0.02,17,-0.2579516794273249,
4,T4,154000.0,shapefit,0.02,17,2.42550995659082,
4,T4,154000.0,string_n1,0.02,18,2.0199591133780945,
4,T4,154000.0,multi_iso,0.02,18,0.0442597965834784,
4,T4,154000.0,shapefit,0.02,18,1.5558779124402995,
4,T4,154000.0,string_n1,0.02,19,1.6762929684365344,
4,T4,154000.0,multi_iso,0.02,19,0.2762095941515645,
4,T4,154000.0,shapefit,0.02,19,2.6548831638676726,
4,T4,154000.0,string_n1,0.02,20,2.299452784373168,
4,T4,154000.0,multi_iso,0.02,20,0.2422711419199582,
4,T4,154000.0,shapefit,0.02,20,0.9173647218121724,
4,T4,154000.0,string_n1,0.02,21,1.2927217812517575,
4,T4,154000.0,multi_iso,0.02,21,-0.0476735400157873,
4,T4,154000.0,shapefit,0.02,21,3.301331409217783,
4,T4,154000.0,string_n1,0.02,22,1.8567485420136145,
4,T4,154000.0,multi_iso,0.02,22,0.2825974683643941,
4,T4,154000.0,shapefit,0.02,22,0.1751313632630059,
4,T4,154000.0,string_n1,0.02,23,0.5917273284375854,
4,T4,154000.0,multi_iso,0.02,23,-0.0302218391299028,
4,T4,154000.0,shapefit,0.02,23,-1.4979178609475403,
4,T4,154000.0,string_n1,0.02,24,1.252992636549276,
4,T4,154000.0,multi_iso,0.02,24,-0.3497246416111389,
4,T4,154000.0,shapefit,0.02,24,3.80029631391498,
4,T4,154000.0,string_n1,0.02,25,1.967939636981445,
4,T4,154000.0,multi_iso,0.02,25,-0.1867437068462166,
4,T4,154000.0,shapefit,0.02,25,0.5119578605456135,
4,T4,154000.0,string_n1,0.02,26,1.7127581204215516,
4,T4,154000.0,multi_iso,0.02,26,-0.2517638325796677,
4,T4,154000.0,shapefit,0.02,26,-1.930263896680542,
4,T4,154000.0,string_n1,0.02,27,1.5561253555104109,
4,T4,154000.0,multi_iso,0.02,27,0.0863256221101354,
4,T4,154000.0,shapefit,0.02,27,-0.7288329538992794,
4,T4,154000.0,string_n1,0.02,28,2.3423488969630757,
4,T4,154000.0,multi_iso,0.02,28,0.1503176866444893,
4,T4,154000.0,shapefit,0.02,28,3.0566668193056716,
4,T4,154000.0,string_n1,0.02,29,1.778421434280542,
4,T4,154000.0,multi_iso,0.02,29,-0.0042742132010617,
4,T4,154000.0,shapefit,0.02,29,-0.4837894277625782,
4,T4,154000.0,string_n1,0.02,30,1.7929031994539637,
4,T4,154000.0,multi_iso,0.02,30,-0.5980319865653632,
4,T4,154000.0,shapefit,0.02,30,0.6761002709019994,
4,T4,154000.0,string_n1,0.02,31,1.5617403437366275,
4,T4,154000.0,multi_iso,0.02,31,0.1329573273468443,
4,T4,154000.0,shapefit,0.02,31,5.587848981276575,
4,T4,154000.0,string_n1,0.02,32,2.231126178835644,
4,T4,154000.0,multi_iso,0.02,32,0.4783910054387109,
4,T4,154000.0,shapefit,0.02,32,4.835635463938902,
4,T4,154000.0,string_n1,0.02,33,2.3045092949288626,
4,T4,154000.0,multi_iso,0.02,33,-0.285545018246033,
4,T4,154000.0,shapefit,0.02,33,-3.892300293526696,
4,T4,154000.0,string_n1,0.02,34,1.382926308303465,
4,T4,154000.0,multi_iso,0.02,34,-0.1226520182448628,
4,T4,154000.0,shapefit,0.02,34,-3.263313525645633,
4,T4,154000.0,string_n1,0.02,35,1.9092708848433249,
4,T4,154000.0,multi_iso,0.02,35,-0.2947841178940105,
4,T4,154000.0,shapefit,0.02,35,-3.1565804870770457,
4,T4,154000.0,string_n1,0.02,36,1.9261559135808195,
4,T4,154000.0,multi_iso,0.02,36,-0.2444876346515843,
4,T4,154000.0,shapefit,0.02,36,-5.236277511809702,
4,T4,154000.0,string_n1,0.02,37,1.884962245663904,
4,T4,154000.0,multi_iso,0.02,37,0.1790246938143792,
4,T4,154000.0,shapefit,0.02,37,2.627720304444344,
4,T4,154000.0,string_n1,0.02,38,1.5835056335032938,
4,T4,154000.0,multi_iso,0.02,38,-0.5002941129020265,
4,T4,154000.0,shapefit,0.02,38,-2.4795753938766945,
4,T4,154000.0,string_n1,0.02,39,1.7638214646920436,
4,T4,154000.0,multi_iso,0.02,39,-0.5236168123866157,
4,T4,154000.0,shapefit,0.02,39,-3.3633338556258883,
4,T4,154000.0,string_n1,0.02,40,2.136218172334329,
4,T4,154000.0,multi_iso,0.02,40,0.0276548714537624,
4,T4,154000.0,shapefit,0.02,40,0.304622854368365,
4,T4,154000.0,string_n1,0.02,41,1.281161508449053,
4,T4,154000.0,multi_iso,0.02,41,-0.5107446513761231,
4,T4,154000.0,shapefit,0.02,41,-4.71931727523683,
4,T4,154000.0,string_n1,0.02,42,1.8860997367600376,
4,T4,154000.0,multi_iso,0.02,42,0.3265169516133028,
4,T4,154000.0,shapefit,0.02,42,2.647499989234867,
4,T4,154000.0,string_n1,0.02,43,1.7169389321402817,
4,T4,154000.0,multi_iso,0.02,43,-0.3393801802457855,
4,T4,154000.0,shapefit,0.02,43,0.5948035454095943,
4,T4,154000.0,string_n1,0.02,44,1.6703861053791895,
4,T4,154000.0,multi_iso,0.02,44,-0.0370568894224608,
4,T4,154000.0,shapefit,0.02,44,0.1520023177374289,
4,T4,154000.0,string_n1,0.02,45,1.5154858109407623,
4,T4,154000.0,multi_iso,0.02,45,-0.1342839019532185,
4,T4,154000.0,shapefit,0.02,45,2.8514809144451245,
4,T4,154000.0,string_n1,0.02,46,1.5988066803071688,
4,T4,154000.0,multi_iso,0.02,46,0.7508876550379292,
4,T4,154000.0,shapefit,0.02,46,3.902738590031566,
4,T4,154000.0,string_n1,0.02,47,1.5089110218723458,
4,T4,154000.0,multi_iso,0.02,47,-0.0185386693524461,
4,T4,154000.0,shapefit,0.02,47,-0.3915825804882205,
4,T4,154000.0,string_n1,0.02,48,1.5724173869248994,
4,T4,154000.0,multi_iso,0.02,48,-0.0121447844917442,
4,T4,154000.0,shapefit,0.02,48,-2.4694386423556187,
4,T4,154000.0,string_n1,0.02,49,1.082599932446304,
4,T4,154000.0,multi_iso,0.02,49,0.4486757575535985,
4,T4,154000.0,shapefit,0.02,49,-5.766002495390251,
4,T4,154000.0,string_n1,0.02,50,2.132648601806753,
4,T4,154000.0,multi_iso,0.02,50,-0.2935102770060782,
4,T4,154000.0,shapefit,0.02,50,1.7655942690895126,
4,T4,154000.0,string_n1,0.02,51,1.143121998774057,
4,T4,154000.0,multi_iso,0.02,51,-0.5378522632979598,
4,T4,154000.0,shapefit,0.02,51,-1.5097547103430888,
4,T4,154000.0,string_n1,0.02,52,1.5664891594196724,
4,T4,154000.0,multi_iso,0.02,52,0.1702721889813388,
4,T4,154000.0,shapefit,0.02,52,-4.990775140741267,
4,T4,154000.0,string_n1,0.02,53,1.3284226006269606,
4,T4,154000.0,multi_iso,0.02,53,-0.1803329242522262,
4,T4,154000.0,shapefit,0.02,53,-4.708308794749156,
4,T4,154000.0,string_n1,0.02,54,1.7792197372025602,
4,T4,154000.0,multi_iso,0.02,54,-0.1739279557968748,
4,T4,154000.0,shapefit,0.02,54,3.49803977594709,
4,T4,154000.0,string_n1,0.02,55,2.5501533388810658,
4,T4,154000.0,multi_iso,0.02,55,-0.0688929538271244,
4,T4,154000.0,shapefit,0.02,55,6.378516397228489,
4,T4,154000.0,string_n1,0.02,56,1.899969779027837,
4,T4,154000.0,multi_iso,0.02,56,-0.0912142128876581,
4,T4,154000.0,shapefit,0.02,56,1.2837447153387536,
4,T4,154000.0,string_n1,0.02,57,1.6700916728734487,
4,T4,154000.0,multi_iso,0.02,57,-0.2790554495592028,
4,T4,154000.0,shapefit,0.02,57,-1.0618737233497275,
4,T4,154000.0,string_n1,0.02,58,2.55874430069873,
4,T4,154000.0,multi_iso,0.02,58,0.2192058068628698,
4,T4,154000.0,shapefit,0.02,58,1.7727901934093853,
4,T4,154000.0,string_n1,0.02,59,1.891017596158932,
4,T4,154000.0,multi_iso,0.02,59,0.0982288666717351,
4,T4,154000.0,shapefit,0.02,59,1.4084905079526255,
4,T4,154000.0,string_n1,0.02,60,2.739548537328419,
4,T4,154000.0,multi_iso,0.02,60,0.3035472287903026,
4,T4,154000.0,shapefit,0.02,60,-1.40730645231923,
4,T4,154000.0,string_n1,0.02,61,1.7041615687793932,
4,T4,154000.0,multi_iso,0.02,61,-0.0542804216990979,
4,T4,154000.0,shapefit,0.02,61,2.870550049715464,
4,T4,154000.0,string_n1,0.02,62,1.7751497186365646,
4,T4,154000.0,multi_iso,0.02,62,-0.3014631374191996,
4,T4,154000.0,shapefit,0.02,62,-0.0770753778100154,
4,T4,154000.0,string_n1,0.02,63,1.0887477208828658,
4,T4,154000.0,multi_iso,0.02,63,-0.0839507237666584,
4,T4,154000.0,shapefit,0.02,63,-0.3673697559040511,
4,T4,154000.0,string_n1,0.02,64,2.169470306132979,
4,T4,154000.0,multi_iso,0.02,64,0.0947839346624549,
4,T4,154000.0,shapefit,0.02,64,1.1363719656542262,
4,T4,154000.0,string_n1,0.02,65,1.0495047711363583,
4,T4,154000.0,multi_iso,0.02,65,0.0519679210872756,
4,T4,154000.0,shapefit,0.02,65,1.9723826041106471,
4,T4,154000.0,string_n1,0.02,66,2.251682775675632,
4,T4,154000.0,multi_iso,0.02,66,0.0735525276405508,
4,T4,154000.0,shapefit,0.02,66,-1.6965700570330842,
4,T4,154000.0,string_n1,0.02,67,1.4834072251560948,
4,T4,154000.0,multi_iso,0.02,67,-0.1053149027336772,
4,T4,154000.0,shapefit,0.02,67,1.2620794902781294,
4,T4,154000.0,string_n1,0.02,68,1.7084375197354738,
4,T4,154000.0,multi_iso,0.02,68,0.2423702655203622,
4,T4,154000.0,shapefit,0.02,68,5.034724295105088,
4,T4,154000.0,string_n1,0.02,69,1.424044430346603,
4,T4,154000.0,multi_iso,0.02,69,-0.1129405492499044,
4,T4,154000.0,shapefit,0.02,69,-2.814547331750264,
4,T4,154000.0,string_n1,0.02,70,1.31176969944078,
4,T4,154000.0,multi_iso,0.02,70,-0.3976022750436322,
4,T4,154000.0,shapefit,0.02,70,0.7727615320551408,
4,T4,154000.0,string_n1,0.02,71,2.2140564807415326,
4,T4,154000.0,multi_iso,0.02,71,-0.1110595792211069,
4,T4,154000.0,shapefit,0.02,71,0.2905846828570425,
4,T4,154000.0,string_n1,0.02,72,2.1809396272432777,
4,T4,154000.0,multi_iso,0.02,72,-0.2385525414582029,
4,T4,154000.0,shapefit,0.02,72,0.522171873438445,
4,T4,154000.0,string_n1,0.02,73,1.8193971698454925,
4,T4,154000.0,multi_iso,0.02,73,0.3316327128590912,
4,T4,154000.0,shapefit,0.02,73,0.9722487653730372,
4,T4,154000.0,string_n1,0.02,74,1.7547727808403153,
4,T4,154000.0,multi_iso,0.02,74,-0.0613171564329486,
4,T4,154000.0,shapefit,0.02,74,-0.0002830070463105,
4,T4,154000.0,string_n1,0.02,75,1.3191963756398577,
4,T4,154000.0,multi_iso,0.02,75,-0.0592099280649563,
4,T4,154000.0,shapefit,0.02,75,2.6019327678557413,
4,T4,154000.0,string_n1,0.02,76,1.1802867878856238,
4,T4,154000.0,multi_iso,0.02,76,-0.2225695399175906,
4,T4,154000.0,shapefit,0.02,76,1.6090709613222256,
4,T4,154000.0,string_n1,0.02,77,2.396247860169406,
4,T4,154000.0,multi_iso,0.02,77,-0.0650060865322964,
4,T4,154000.0,shapefit,0.02,77,2.2514227302916963,
4,T4,154000.0,string_n1,0.02,78,1.7026358114837443,
4,T4,154000.0,multi_iso,0.02,78,-0.0231641592560698,
4,T4,154000.0,shapefit,0.02,78,-0.9164651817744582,
4,T4,154000.0,string_n1,0.02,79,1.2801327824133166,
4,T4,154000.0,multi_iso,0.02,79,-0.2577610025911663,
4,T4,154000.0,shapefit,0.02,79,0.9989252210684482,
4,T4,154000.0,string_n1,0.02,80,1.6819704398557251,
4,T4,154000.0,multi_iso,0.02,80,-0.3308475454943594,
4,T4,154000.0,shapefit,0.02,80,1.7239406218134092,
4,T4,154000.0,string_n1,0.02,81,2.046637501445121,
4,T4,154000.0,multi_iso,0.02,81,-0.1955092719705607,
4,T4,154000.0,shapefit,0.02,81,0.8634878652453779,
4,T4,154000.0,string_n1,0.02,82,1.9828712960258776,
4,T4,154000.0,multi_iso,0.02,82,-0.352368444646274,
4,T4,154000.0,shapefit,0.02,82,-1.4684319900859233,
4,T4,154000.0,string_n1,0.02,83,1.9240554988444156,
4,T4,154000.0,multi_iso,0.02,83,-0.1188893312035739,
4,T4,154000.0,shapefit,0.02,83,3.590541816438176,
4,T4,154000.0,string_n1,0.02,84,1.5389476128346242,
4,T4,154000.0,multi_iso,0.02,84,-0.3050349133178386,
4,T4,154000.0,shapefit,0.02,84,3.036830243106641,
4,T4,154000.0,string_n1,0.02,85,1.856320659674847,
4,T4,154000.0,multi_iso,0.02,85,0.0347877372633597,
4,T4,154000.0,shapefit,0.02,85,-1.1146790067142922,
4,T4,154000.0,string_n1,0.02,86,1.8590118352024227,
4,T4,154000.0,multi_iso,0.02,86,0.1115779620926379,
4,T4,154000.0,shapefit,0.02,86,4.507493937763823,
4,T4,154000.0,string_n1,0.02,87,1.3150044698274224,
4,T4,154000.0,multi_iso,0.02,87,-0.4050068674225612,
4,T4,154000.0,shapefit,0.02,87,1.2110127873547707,
4,T4,154000.0,string_n1,0.02,88,2.319724627945239,
4,T4,154000.0,multi_iso,0.02,88,0.0846928142882768,
4,T4,154000.0,shapefit,0.02,88,3.8690159418568575,
4,T4,154000.0,string_n1,0.02,89,2.521727353041593,
4,T4,154000.0,multi_iso,0.02,89,-0.2346646195972284,
4,T4,154000.0,shapefit,0.02,89,3.6084445686108286,
4,T4,154000.0,string_n1,0.02,90,1.682736423877034,
4,T4,154000.0,multi_iso,0.02,90,0.0869707937639617,
4,T4,154000.0,shapefit,0.02,90,2.810716635451838,
4,T4,154000.0,string_n1,0.02,91,2.0521130431065293,
4,T4,154000.0,multi_iso,0.02,91,0.0564052528244187,
4,T4,154000.0,shapefit,0.02,91,2.0856542133848452,
4,T4,154000.0,string_n1,0.02,92,1.2556521971037615,
4,T4,154000.0,multi_iso,0.02,92,-0.1018910959180234,
4,T4,154000.0,shapefit,0.02,92,1.2059051667117664,
4,T4,154000.0,string_n1,0.02,93,1.935616946926695,
4,T4,154000.0,multi_iso,0.02,93,-0.1136086703843003,
4,T4,154000.0,shapefit,0.02,93,5.979965404110228,
4,T4,154000.0,string_n1,0.02,94,2.2208384084381283,
4,T4,154000.0,multi_iso,0.02,94,0.0728899303792148,
4,T4,154000.0,shapefit,0.02,94,-0.2634435321348182,
4,T4,154000.0,string_n1,0.02,95,1.8523964743746948,
4,T4,154000.0,multi_iso,0.02,95,-0.0111845914495756,
4,T4,154000.0,shapefit,0.02,95,3.4762893599993436,
4,T4,154000.0,string_n1,0.02,96,1.8223217977814123,
4,T4,154000.0,multi_iso,0.02,96,0.1048425995754025,
4,T4,154000.0,shapefit,0.02,96,-1.234634936485113,
4,T4,154000.0,string_n1,0.02,97,2.1420336129682256,
4,T4,154000.0,multi_iso,0.02,97,0.1567134173324652,
4,T4,154000.0,shapefit,0.02,97,4.219498250113767,
4,T4,154000.0,string_n1,0.02,98,2.2496147508537563,
4,T4,154000.0,multi_iso,0.02,98,0.0266067657282941,
4,T4,154000.0,shapefit,0.02,98,-0.2000135698386917,
4,T4,154000.0,string_n1,0.02,99,1.8293781895780112,
4,T4,154000.0,multi_iso,0.02,99,-0.0524982132179951,
4,T4,154000.0,shapefit,0.02,99,0.266621226052071,
4,T4,154000.0,pinn_free,0.01,0,-0.2078109905733001,
4,T4,154000.0,pinn_free,0.01,1,-0.591578105375244,
4,T4,154000.0,pinn_free,0.01,2,0.5669433855001101,
5,T5,159500.0,string_n1,0.0,-1,1.0656644088768643,
5,T5,159500.0,multi_iso,0.0,-1,0.056918232640993,
5,T5,159500.0,shapefit,0.0,-1,-6.356223655695265e-07,-1359363.9878647015
5,T5,159500.0,pinn_free,0.0,-1,-0.0004156343614628,-1359421.4201280903
5,T5,159500.0,pinn_free,0.0,-2,3.252145042351e-05,-1359595.7863987235
5,T5,159500.0,pinn_free,0.0,-3,-0.0005049668365963,-1359345.040707386
5,T5,159500.0,string_n1,0.005,0,1.0645366374090486,
5,T5,159500.0,multi_iso,0.005,0,0.2257674838535066,
5,T5,159500.0,shapefit,0.005,0,-0.4103978927301054,
5,T5,159500.0,string_n1,0.005,1,1.3520231959887716,
5,T5,159500.0,multi_iso,0.005,1,-0.0200486022691084,
5,T5,159500.0,shapefit,0.005,1,-0.2672169134048723,
5,T5,159500.0,string_n1,0.005,2,1.1384189424831217,
5,T5,159500.0,multi_iso,0.005,2,0.0296468261893558,
5,T5,159500.0,shapefit,0.005,2,-1.2224949357777155,
5,T5,159500.0,string_n1,0.005,3,1.1489622852988914,
5,T5,159500.0,multi_iso,0.005,3,-0.0389866865508449,
5,T5,159500.0,shapefit,0.005,3,0.3100085721363796,
5,T5,159500.0,string_n1,0.005,4,1.1312056856303618,
5,T5,159500.0,multi_iso,0.005,4,-0.0997181429523868,
5,T5,159500.0,shapefit,0.005,4,0.2677247060660994,
5,T5,159500.0,string_n1,0.005,5,0.8810075438496742,
5,T5,159500.0,multi_iso,0.005,5,0.0115675083344961,
5,T5,159500.0,shapefit,0.005,5,0.2274574531285496,
5,T5,159500.0,string_n1,0.005,6,1.3247296858416888,
5,T5,159500.0,multi_iso,0.005,6,-0.1464160932114473,
5,T5,159500.0,shapefit,0.005,6,-0.2012076332092432,
5,T5,159500.0,string_n1,0.005,7,0.5996663526387748,
5,T5,159500.0,multi_iso,0.005,7,0.1517825680032196,
5,T5,159500.0,shapefit,0.005,7,0.3379636054423376,
5,T5,159500.0,string_n1,0.005,8,0.3664135087757892,
5,T5,159500.0,multi_iso,0.005,8,0.1017697564395929,
5,T5,159500.0,shapefit,0.005,8,-0.9634607565692528,
5,T5,159500.0,string_n1,0.005,9,1.195351740835891,
5,T5,159500.0,multi_iso,0.005,9,0.0170508387832293,
5,T5,159500.0,shapefit,0.005,9,1.6704025635701425,
5,T5,159500.0,string_n1,0.005,10,0.8740184334146887,
5,T5,159500.0,multi_iso,0.005,10,0.1144580316658315,
5,T5,159500.0,shapefit,0.005,10,-0.6250054353068591,
5,T5,159500.0,string_n1,0.005,11,0.5582461827065465,
5,T5,159500.0,multi_iso,0.005,11,0.040469125156009,
5,T5,159500.0,shapefit,0.005,11,-0.6120171418819879,
5,T5,159500.0,string_n1,0.005,12,1.5315785253646552,
5,T5,159500.0,multi_iso,0.005,12,-0.0570171081602061,
5,T5,159500.0,shapefit,0.005,12,-0.4342711264941239,
5,T5,159500.0,string_n1,0.005,13,0.7209144650008361,
5,T5,159500.0,multi_iso,0.005,13,-0.0556633186256907,
5,T5,159500.0,shapefit,0.005,13,0.4562644231336981,
5,T5,159500.0,string_n1,0.005,14,0.4037457560839753,
5,T5,159500.0,multi_iso,0.005,14,0.0525288222636991,
5,T5,159500.0,shapefit,0.005,14,-0.2088819322142155,
5,T5,159500.0,string_n1,0.005,15,0.8957031730905125,
5,T5,159500.0,multi_iso,0.005,15,0.0344631965720272,
5,T5,159500.0,shapefit,0.005,15,1.1249955580898796,
5,T5,159500.0,string_n1,0.005,16,1.3926254420777524,
5,T5,159500.0,multi_iso,0.005,16,0.0714721871255298,
5,T5,159500.0,shapefit,0.005,16,0.9630117371709008,
5,T5,159500.0,string_n1,0.005,17,1.5897738065779154,
5,T5,159500.0,multi_iso,0.005,17,-0.099428185546894,
5,T5,159500.0,shapefit,0.005,17,-0.1354392720811904,
5,T5,159500.0,string_n1,0.005,18,1.4513819278437543,
5,T5,159500.0,multi_iso,0.005,18,0.5035312206669401,
5,T5,159500.0,shapefit,0.005,18,-0.330946832844735,
5,T5,159500.0,string_n1,0.005,19,0.3455710341572378,
5,T5,159500.0,multi_iso,0.005,19,0.2232426925255409,
5,T5,159500.0,shapefit,0.005,19,-1.150186249569586,
5,T5,159500.0,string_n1,0.005,20,1.3804515483511792,
5,T5,159500.0,multi_iso,0.005,20,0.3586514537336179,
5,T5,159500.0,shapefit,0.005,20,1.4692330322454634,
5,T5,159500.0,string_n1,0.005,21,1.1051449986486543,
5,T5,159500.0,multi_iso,0.005,21,-0.062340455575387,
5,T5,159500.0,shapefit,0.005,21,-0.8191001268708057,
5,T5,159500.0,string_n1,0.005,22,0.6651703304621365,
5,T5,159500.0,multi_iso,0.005,22,0.114116977178893,
5,T5,159500.0,shapefit,0.005,22,-0.9370713096776018,
5,T5,159500.0,string_n1,0.005,23,1.0636716874359398,
5,T5,159500.0,multi_iso,0.005,23,0.2008013053930022,
5,T5,159500.0,shapefit,0.005,23,1.390523675179217,
5,T5,159500.0,string_n1,0.005,24,1.6415995399517278,
5,T5,159500.0,multi_iso,0.005,24,-0.1262628499958058,
5,T5,159500.0,shapefit,0.005,24,1.382527955805264,
5,T5,159500.0,string_n1,0.005,25,1.919922436819595,
5,T5,159500.0,multi_iso,0.005,25,0.1913071740399148,
5,T5,159500.0,shapefit,0.005,25,-0.293370734735138,
5,T5,159500.0,string_n1,0.005,26,1.0231789099214033,
5,T5,159500.0,multi_iso,0.005,26,0.2854399322226664,
5,T5,159500.0,shapefit,0.005,26,-0.406026251077306,
5,T5,159500.0,string_n1,0.005,27,0.6762888126284743,
5,T5,159500.0,multi_iso,0.005,27,0.1639535296157653,
5,T5,159500.0,shapefit,0.005,27,0.2435483149536024,
5,T5,159500.0,string_n1,0.005,28,1.0586098507628412,
5,T5,159500.0,multi_iso,0.005,28,-0.5546582265245198,
5,T5,159500.0,shapefit,0.005,28,0.5667316089660334,
5,T5,159500.0,string_n1,0.005,29,1.546482337303613,
5,T5,159500.0,multi_iso,0.005,29,0.2817394340477247,
5,T5,159500.0,shapefit,0.005,29,0.3282951368166419,
5,T5,159500.0,string_n1,0.005,30,1.122158225089057,
5,T5,159500.0,multi_iso,0.005,30,0.1796871500915072,
5,T5,159500.0,shapefit,0.005,30,-0.3132154633229026,
5,T5,159500.0,string_n1,0.005,31,0.4616758195771858,
5,T5,159500.0,multi_iso,0.005,31,0.2146964206039134,
5,T5,159500.0,shapefit,0.005,31,-0.151447146152895,
5,T5,159500.0,string_n1,0.005,32,0.6187341860974672,
5,T5,159500.0,multi_iso,0.005,32,-0.0281654256037078,
5,T5,159500.0,shapefit,0.005,32,-0.4437828701920077,
5,T5,159500.0,string_n1,0.005,33,1.4217489030056336,
5,T5,159500.0,multi_iso,0.005,33,-0.1044434937632235,
5,T5,159500.0,shapefit,0.005,33,1.3729195093722733,
5,T5,159500.0,string_n1,0.005,34,1.055719550114912,
5,T5,159500.0,multi_iso,0.005,34,-0.194784152297687,
5,T5,159500.0,shapefit,0.005,34,0.8056350375764505,
5,T5,159500.0,string_n1,0.005,35,0.925790060116989,
5,T5,159500.0,multi_iso,0.005,35,-0.1963620118914883,
5,T5,159500.0,shapefit,0.005,35,0.2427040727740828,
5,T5,159500.0,string_n1,0.005,36,1.6319319871027822,
5,T5,159500.0,multi_iso,0.005,36,-0.0589490691023268,
5,T5,159500.0,shapefit,0.005,36,1.3866261212645334,
5,T5,159500.0,string_n1,0.005,37,0.4859188756025812,
5,T5,159500.0,multi_iso,0.005,37,-0.0612691100515815,
5,T5,159500.0,shapefit,0.005,37,-0.998263470291125,
5,T5,159500.0,string_n1,0.005,38,2.217609124679865,
5,T5,159500.0,multi_iso,0.005,38,0.475451964116491,
5,T5,159500.0,shapefit,0.005,38,0.1691528728379952,
5,T5,159500.0,string_n1,0.005,39,1.2030480319496497,
5,T5,159500.0,multi_iso,0.005,39,0.4640394045206971,
5,T5,159500.0,shapefit,0.005,39,0.6612686110215391,
5,T5,159500.0,string_n1,0.005,40,0.8547284638985398,
5,T5,159500.0,multi_iso,0.005,40,0.2019293878871223,
5,T5,159500.0,shapefit,0.005,40,-0.2136615546038856,
5,T5,159500.0,string_n1,0.005,41,1.1372930754146895,
5,T5,159500.0,multi_iso,0.005,41,-0.1114148112523025,
5,T5,159500.0,shapefit,0.005,41,0.7293512278935488,
5,T5,159500.0,string_n1,0.005,42,1.542696093626632,
5,T5,159500.0,multi_iso,0.005,42,0.0692833000682382,
5,T5,159500.0,shapefit,0.005,42,0.6552512507431346,
5,T5,159500.0,string_n1,0.005,43,1.1378026618194352,
5,T5,159500.0,multi_iso,0.005,43,0.0999811104142076,
5,T5,159500.0,shapefit,0.005,43,0.179691449676525,
5,T5,159500.0,string_n1,0.005,44,0.9107091175648822,
5,T5,159500.0,multi_iso,0.005,44,0.3072740916362533,
5,T5,159500.0,shapefit,0.005,44,-0.1070767230139483,
5,T5,159500.0,string_n1,0.005,45,1.387593369674504,
5,T5,159500.0,multi_iso,0.005,45,0.2277365540218142,
5,T5,159500.0,shapefit,0.005,45,-0.0784394495457419,
5,T5,159500.0,string_n1,0.005,46,0.9438785334868388,
5,T5,159500.0,multi_iso,0.005,46,0.1458606456589066,
5,T5,159500.0,shapefit,0.005,46,0.1711210514151463,
5,T5,159500.0,string_n1,0.005,47,0.6921812557298755,
5,T5,159500.0,multi_iso,0.005,47,0.0325002734665393,
5,T5,159500.0,shapefit,0.005,47,-0.4883240772180586,
5,T5,159500.0,string_n1,0.005,48,1.2743473791586657,
5,T5,159500.0,multi_iso,0.005,48,-0.043454266567189,
5,T5,159500.0,shapefit,0.005,48,1.217047477313894,
5,T5,159500.0,string_n1,0.005,49,0.8139982039138433,
5,T5,159500.0,multi_iso,0.005,49,0.0739837330178654,
5,T5,159500.0,shapefit,0.005,49,-0.5821748877181212,
5,T5,159500.0,string_n1,0.005,50,1.4625399514452333,
5,T5,159500.0,multi_iso,0.005,50,0.0804027367158439,
5,T5,159500.0,shapefit,0.005,50,1.518284383691996,
5,T5,159500.0,string_n1,0.005,51,0.9230918035497612,
5,T5,159500.0,multi_iso,0.005,51,0.1457829830734144,
5,T5,159500.0,shapefit,0.005,51,0.1666846020158517,
5,T5,159500.0,string_n1,0.005,52,1.17974151355148,
5,T5,159500.0,multi_iso,0.005,52,0.0498803070732859,
5,T5,159500.0,shapefit,0.005,52,-0.3294357205302269,
5,T5,159500.0,string_n1,0.005,53,0.6768720960450362,
5,T5,159500.0,multi_iso,0.005,53,0.2998450815346096,
5,T5,159500.0,shapefit,0.005,53,-0.5134309484709133,
5,T5,159500.0,string_n1,0.005,54,1.818358306874697,
5,T5,159500.0,multi_iso,0.005,54,-0.1771097003684822,
5,T5,159500.0,shapefit,0.005,54,0.6831177315674175,
5,T5,159500.0,string_n1,0.005,55,1.265732557670984,
5,T5,159500.0,multi_iso,0.005,55,-0.2120359208594298,
5,T5,159500.0,shapefit,0.005,55,0.2832167435706765,
5,T5,159500.0,string_n1,0.005,56,0.729448444240447,
5,T5,159500.0,multi_iso,0.005,56,-0.2826752991114669,
5,T5,159500.0,shapefit,0.005,56,0.0515118662170302,
5,T5,159500.0,string_n1,0.005,57,0.7254551889826281,
5,T5,159500.0,multi_iso,0.005,57,0.2101669103314269,
5,T5,159500.0,shapefit,0.005,57,-1.1134236858994735,
5,T5,159500.0,string_n1,0.005,58,1.1511615537167752,
5,T5,159500.0,multi_iso,0.005,58,-0.1476663538360994,
5,T5,159500.0,shapefit,0.005,58,0.6777671032410398,
5,T5,159500.0,string_n1,0.005,59,1.6790395800737723,
5,T5,159500.0,multi_iso,0.005,59,-0.1071310773354825,
5,T5,159500.0,shapefit,0.005,59,0.2719075701390335,
5,T5,159500.0,string_n1,0.005,60,1.2082695625181206,
5,T5,159500.0,multi_iso,0.005,60,-0.1430371125819903,
5,T5,159500.0,shapefit,0.005,60,-0.0578315529689852,
5,T5,159500.0,string_n1,0.005,61,1.1853690948294802,
5,T5,159500.0,multi_iso,0.005,61,-0.1662597744936579,
5,T5,159500.0,shapefit,0.005,61,0.2348940222218288,
5,T5,159500.0,string_n1,0.005,62,0.527280414162651,
5,T5,159500.0,multi_iso,0.005,62,0.0665060096208683,
5,T5,159500.0,shapefit,0.005,62,-0.41675939909073,
5,T5,159500.0,string_n1,0.005,63,1.637621494316858,
5,T5,159500.0,multi_iso,0.005,63,-0.0621855817204939,
5,T5,159500.0,shapefit,0.005,63,0.2534540367833131,
5,T5,159500.0,string_n1,0.005,64,1.297732520654694,
5,T5,159500.0,multi_iso,0.005,64,0.0376339122571991,
5,T5,159500.0,shapefit,0.005,64,0.136549680399034,
5,T5,159500.0,string_n1,0.005,65,1.559696155487411,
5,T5,159500.0,multi_iso,0.005,65,-0.2690589659657368,
5,T5,159500.0,shapefit,0.005,65,0.2355516689858905,
5,T5,159500.0,string_n1,0.005,66,1.1507361313068312,
5,T5,159500.0,multi_iso,0.005,66,0.0229424367132552,
5,T5,159500.0,shapefit,0.005,66,-0.2861288292199734,
5,T5,159500.0,string_n1,0.005,67,1.2525592815127846,
5,T5,159500.0,multi_iso,0.005,67,-0.2289259351190905,
5,T5,159500.0,shapefit,0.005,67,0.0690153340988232,
5,T5,159500.0,string_n1,0.005,68,1.2666945118572035,
5,T5,159500.0,multi_iso,0.005,68,0.0366949528306474,
5,T5,159500.0,shapefit,0.005,68,0.812759742186369,
5,T5,159500.0,string_n1,0.005,69,1.1606738212521497,
5,T5,159500.0,multi_iso,0.005,69,-0.1422068223782353,
5,T5,159500.0,shapefit,0.005,69,1.0002934905223229,
5,T5,159500.0,string_n1,0.005,70,0.7973733112748441,
5,T5,159500.0,multi_iso,0.005,70,0.2480582339076769,
5,T5,159500.0,shapefit,0.005,70,0.1668860279788375,
5,T5,159500.0,string_n1,0.005,71,0.9920174598084766,
5,T5,159500.0,multi_iso,0.005,71,0.2832090945005326,
5,T5,159500.0,shapefit,0.005,71,-1.0621251254959971,
5,T5,159500.0,string_n1,0.005,72,1.2917858358726766,
5,T5,159500.0,multi_iso,0.005,72,0.1803343345797956,
5,T5,159500.0,shapefit,0.005,72,0.2978517270719247,
5,T5,159500.0,string_n1,0.005,73,1.455380118154734,
5,T5,159500.0,multi_iso,0.005,73,-0.6099353062474501,
5,T5,159500.0,shapefit,0.005,73,0.740677213905212,
5,T5,159500.0,string_n1,0.005,74,1.0637609619391808,
5,T5,159500.0,multi_iso,0.005,74,-0.0886390769829919,
5,T5,159500.0,shapefit,0.005,74,-1.089122230456018,
5,T5,159500.0,string_n1,0.005,75,1.865490272242268,
5,T5,159500.0,multi_iso,0.005,75,0.2061762380490713,
5,T5,159500.0,shapefit,0.005,75,0.6635515353685102,
5,T5,159500.0,string_n1,0.005,76,1.0905956509343362,
5,T5,159500.0,multi_iso,0.005,76,-0.1921945833227908,
5,T5,159500.0,shapefit,0.005,76,-0.0573199275400428,
5,T5,159500.0,string_n1,0.005,77,1.322694617860712,
5,T5,159500.0,multi_iso,0.005,77,0.0239429636887781,
5,T5,159500.0,shapefit,0.005,77,-0.7032872062056219,
5,T5,159500.0,string_n1,0.005,78,1.1630537146114128,
5,T5,159500.0,multi_iso,0.005,78,-0.0397818599223797,
5,T5,159500.0,shapefit,0.005,78,0.0286681814258991,
5,T5,159500.0,string_n1,0.005,79,1.2705678641880596,
5,T5,159500.0,multi_iso,0.005,79,0.0396488421665377,
5,T5,159500.0,shapefit,0.005,79,-0.4270266536773047,
5,T5,159500.0,string_n1,0.005,80,1.278448484991064,
5,T5,159500.0,multi_iso,0.005,80,0.3732597475218386,
5,T5,159500.0,shapefit,0.005,80,0.5455650889053233,
5,T5,159500.0,string_n1,0.005,81,0.6502700847908409,
5,T5,159500.0,multi_iso,0.005,81,0.0534797756367203,
5,T5,159500.0,shapefit,0.005,81,-1.0170339403978184,
5,T5,159500.0,string_n1,0.005,82,1.4943222360778892,
5,T5,159500.0,multi_iso,0.005,82,0.0507993229405938,
5,T5,159500.0,shapefit,0.005,82,0.8627164012858853,
5,T5,159500.0,string_n1,0.005,83,1.004314497840605,
5,T5,159500.0,multi_iso,0.005,83,-0.0452715822436035,
5,T5,159500.0,shapefit,0.005,83,0.6760822757749766,
5,T5,159500.0,string_n1,0.005,84,0.7725495305356641,
5,T5,159500.0,multi_iso,0.005,84,-0.0215802700776273,
5,T5,159500.0,shapefit,0.005,84,-0.1291610511303748,
5,T5,159500.0,string_n1,0.005,85,0.9778862046521613,
5,T5,159500.0,multi_iso,0.005,85,-0.0251817138170747,
5,T5,159500.0,shapefit,0.005,85,-0.4751684218496018,
5,T5,159500.0,string_n1,0.005,86,0.564213178914714,
5,T5,159500.0,multi_iso,0.005,86,0.1129392237298491,
5,T5,159500.0,shapefit,0.005,86,-0.8283413354839493,
5,T5,159500.0,string_n1,0.005,87,0.7871597347710082,
5,T5,159500.0,multi_iso,0.005,87,0.1568598852297626,
5,T5,159500.0,shapefit,0.005,87,-0.2053259661915853,
5,T5,159500.0,string_n1,0.005,88,2.1305122089799973,
5,T5,159500.0,multi_iso,0.005,88,0.3310881476872491,
5,T5,159500.0,shapefit,0.005,88,1.31858114138177,
5,T5,159500.0,string_n1,0.005,89,0.7617311792372803,
5,T5,159500.0,multi_iso,0.005,89,-0.1579492895369641,
5,T5,159500.0,shapefit,0.005,89,-1.463636708512211,
5,T5,159500.0,string_n1,0.005,90,0.7493805601136018,
5,T5,159500.0,multi_iso,0.005,90,0.4128559655505145,
5,T5,159500.0,shapefit,0.005,90,-0.7112754178004081,
5,T5,159500.0,string_n1,0.005,91,1.197218122199356,
5,T5,159500.0,multi_iso,0.005,91,0.1606281628684421,
5,T5,159500.0,shapefit,0.005,91,-0.5340191193536431,
5,T5,159500.0,string_n1,0.005,92,1.1035386698907146,
5,T5,159500.0,multi_iso,0.005,92,0.1246459029119156,
5,T5,159500.0,shapefit,0.005,92,0.064792743600105,
5,T5,159500.0,string_n1,0.005,93,0.9684346215371196,
5,T5,159500.0,multi_iso,0.005,93,0.4200593861805999,
5,T5,159500.0,shapefit,0.005,93,1.0805025585900612,
5,T5,159500.0,string_n1,0.005,94,1.2307377093727956,
5,T5,159500.0,multi_iso,0.005,94,0.2920656587040821,
5,T5,159500.0,shapefit,0.005,94,1.5316870930296265,
5,T5,159500.0,string_n1,0.005,95,1.6465410725606808,
5,T5,159500.0,multi_iso,0.005,95,0.2429929171327018,
5,T5,159500.0,shapefit,0.005,95,1.559030954462555,
5,T5,159500.0,string_n1,0.005,96,1.6939692355477984,
5,T5,159500.0,multi_iso,0.005,96,0.2350300504737146,
5,T5,159500.0,shapefit,0.005,96,1.3894446356751742,
5,T5,159500.0,string_n1,0.005,97,0.2005607314644305,
5,T5,159500.0,multi_iso,0.005,97,-0.2986974365820379,
5,T5,159500.0,shapefit,0.005,97,-1.7998804287052914,
5,T5,159500.0,string_n1,0.005,98,0.9280932537415232,
5,T5,159500.0,multi_iso,0.005,98,0.3538096126935519,
5,T5,159500.0,shapefit,0.005,98,-1.433046850586054,
5,T5,159500.0,string_n1,0.005,99,0.5849101188853909,
5,T5,159500.0,multi_iso,0.005,99,0.0735208210541004,
5,T5,159500.0,shapefit,0.005,99,-1.486096116465839,
5,T5,159500.0,string_n1,0.01,0,1.806920579628439,
5,T5,159500.0,multi_iso,0.01,0,0.317301705561733,
5,T5,159500.0,shapefit,0.01,0,-0.4410167920847312,
5,T5,159500.0,string_n1,0.01,1,0.9141742746141698,
5,T5,159500.0,multi_iso,0.01,1,-0.1084359542928712,
5,T5,159500.0,shapefit,0.01,1,-1.8619258474242373,
5,T5,159500.0,string_n1,0.01,2,1.3812320099632092,
5,T5,159500.0,multi_iso,0.01,2,0.3337798045815675,
5,T5,159500.0,shapefit,0.01,2,1.907509992957344,
5,T5,159500.0,string_n1,0.01,3,1.5080526346601524,
5,T5,159500.0,multi_iso,0.01,3,0.1670252291767947,
5,T5,159500.0,shapefit,0.01,3,-1.9349523266169957,
5,T5,159500.0,string_n1,0.01,4,1.299325265596839,
5,T5,159500.0,multi_iso,0.01,4,0.1613224840377199,
5,T5,159500.0,shapefit,0.01,4,0.0585243344387049,
5,T5,159500.0,string_n1,0.01,5,0.6672529137216736,
5,T5,159500.0,multi_iso,0.01,5,0.2451615966501759,
5,T5,159500.0,shapefit,0.01,5,0.2950111131142565,
5,T5,159500.0,string_n1,0.01,6,1.1979372196321538,
5,T5,159500.0,multi_iso,0.01,6,0.1265296435864754,
5,T5,159500.0,shapefit,0.01,6,-0.8298008251629243,
5,T5,159500.0,string_n1,0.01,7,0.5173334679547165,
5,T5,159500.0,multi_iso,0.01,7,-0.1430911384820339,
5,T5,159500.0,shapefit,0.01,7,-0.466974020235917,
5,T5,159500.0,string_n1,0.01,8,0.707737248522893,
5,T5,159500.0,multi_iso,0.01,8,-0.1251769921491119,
5,T5,159500.0,shapefit,0.01,8,0.573485908180411,
5,T5,159500.0,string_n1,0.01,9,0.917041496952268,
5,T5,159500.0,multi_iso,0.01,9,0.3127973476558016,
5,T5,159500.0,shapefit,0.01,9,-0.8489984676703887,
5,T5,159500.0,string_n1,0.01,10,1.6951953352981124,
5,T5,159500.0,multi_iso,0.01,10,0.0726326363043148,
5,T5,159500.0,shapefit,0.01,10,0.3074714241270925,
5,T5,159500.0,string_n1,0.01,11,0.6431140568759877,
5,T5,159500.0,multi_iso,0.01,11,-0.4371413134182234,
5,T5,159500.0,shapefit,0.01,11,-1.2944566113113238,
5,T5,159500.0,string_n1,0.01,12,1.5326097579043778,
5,T5,159500.0,multi_iso,0.01,12,-0.0921661091164458,
5,T5,159500.0,shapefit,0.01,12,1.110505992138257,
5,T5,159500.0,string_n1,0.01,13,0.9333612368430076,
5,T5,159500.0,multi_iso,0.01,13,0.2980131620203282,
5,T5,159500.0,shapefit,0.01,13,-0.781235912393926,
5,T5,159500.0,string_n1,0.01,14,0.3614905259410119,
5,T5,159500.0,multi_iso,0.01,14,-0.1444519686779418,
5,T5,159500.0,shapefit,0.01,14,-0.6851894412501927,
5,T5,159500.0,string_n1,0.01,15,1.0543901536749094,
5,T5,159500.0,multi_iso,0.01,15,0.069795017088632,
5,T5,159500.0,shapefit,0.01,15,0.9364850595687424,
5,T5,159500.0,string_n1,0.01,16,1.3880729835345242,
5,T5,159500.0,multi_iso,0.01,16,0.2243465445655818,
5,T5,159500.0,shapefit,0.01,16,1.405861441560471,
5,T5,159500.0,string_n1,0.01,17,1.0588397922917625,
5,T5,159500.0,multi_iso,0.01,17,0.0351608326926471,
5,T5,159500.0,shapefit,0.01,17,-0.4085181913133141,
5,T5,159500.0,string_n1,0.01,18,0.879775760408296,
5,T5,159500.0,multi_iso,0.01,18,0.061723188862484,
5,T5,159500.0,shapefit,0.01,18,0.1848011926947844,
5,T5,159500.0,string_n1,0.01,19,1.4060848234697585,
5,T5,159500.0,multi_iso,0.01,19,0.3233801276833775,
5,T5,159500.0,shapefit,0.01,19,-0.8807960867014134,
5,T5,159500.0,string_n1,0.01,20,0.8126410520773857,
5,T5,159500.0,multi_iso,0.01,20,0.3788550605730673,
5,T5,159500.0,shapefit,0.01,20,-0.7826529150498998,
5,T5,159500.0,string_n1,0.01,21,0.2798215669384744,
5,T5,159500.0,multi_iso,0.01,21,0.0730243545015186,
5,T5,159500.0,shapefit,0.01,21,-1.0746995702218578,
5,T5,159500.0,string_n1,0.01,22,1.6408095639159606,
5,T5,159500.0,multi_iso,0.01,22,0.1661039057819991,
5,T5,159500.0,shapefit,0.01,22,2.0686179150525423,
5,T5,159500.0,string_n1,0.01,23,1.341015018681761,
5,T5,159500.0,multi_iso,0.01,23,0.4152687316741079,
5,T5,159500.0,shapefit,0.01,23,2.504728875461007,
5,T5,159500.0,string_n1,0.01,24,1.1942541732906429,
5,T5,159500.0,multi_iso,0.01,24,-0.3423416114268097,
5,T5,159500.0,shapefit,0.01,24,-1.299916586458579,
5,T5,159500.0,string_n1,0.01,25,1.0034449225173188,
5,T5,159500.0,multi_iso,0.01,25,-0.2342253760556759,
5,T5,159500.0,shapefit,0.01,25,-2.0904551379018583,
5,T5,159500.0,string_n1,0.01,26,0.6126053726788337,
5,T5,159500.0,multi_iso,0.01,26,0.1977242202152239,
5,T5,159500.0,shapefit,0.01,26,-1.8796821781425543,
5,T5,159500.0,string_n1,0.01,27,1.1041005402162043,
5,T5,159500.0,multi_iso,0.01,27,0.0382370175644507,
5,T5,159500.0,shapefit,0.01,27,1.5337275934457264,
5,T5,159500.0,string_n1,0.01,28,1.5263160616681848,
5,T5,159500.0,multi_iso,0.01,28,0.1813137463484467,
5,T5,159500.0,shapefit,0.01,28,-1.411895639154725,
5,T5,159500.0,string_n1,0.01,29,1.2670069778164543,
5,T5,159500.0,multi_iso,0.01,29,0.4079040757451041,
5,T5,159500.0,shapefit,0.01,29,0.8906360173821639,
5,T5,159500.0,string_n1,0.01,30,0.9920514743106928,
5,T5,159500.0,multi_iso,0.01,30,0.1943531649449962,
5,T5,159500.0,shapefit,0.01,30,-1.031982573692568,
5,T5,159500.0,string_n1,0.01,31,1.8921927525184,
5,T5,159500.0,multi_iso,0.01,31,0.0485012193840489,
5,T5,159500.0,shapefit,0.01,31,-0.2277334334305049,
5,T5,159500.0,string_n1,0.01,32,0.5455195934740172,
5,T5,159500.0,multi_iso,0.01,32,0.0784344734817628,
5,T5,159500.0,shapefit,0.01,32,-0.3413094500296524,
5,T5,159500.0,string_n1,0.01,33,0.6792012873179787,
5,T5,159500.0,multi_iso,0.01,33,0.189725736859634,
5,T5,159500.0,shapefit,0.01,33,0.9748849618634016,
5,T5,159500.0,string_n1,0.01,34,1.133945963807644,
5,T5,159500.0,multi_iso,0.01,34,0.3199998290403373,
5,T5,159500.0,shapefit,0.01,34,1.8405343837609995,
5,T5,159500.0,string_n1,0.01,35,0.1701520821881016,
5,T5,159500.0,multi_iso,0.01,35,0.0456193941380014,
5,T5,159500.0,shapefit,0.01,35,0.1123253921003243,
5,T5,159500.0,string_n1,0.01,36,1.6643251179603074,
5,T5,159500.0,multi_iso,0.01,36,0.0804012447132854,
5,T5,159500.0,shapefit,0.01,36,-0.8859252475995459,
5,T5,159500.0,string_n1,0.01,37,1.3890354349462024,
5,T5,159500.0,multi_iso,0.01,37,0.0979266572503342,
5,T5,159500.0,shapefit,0.01,37,-0.7260223285248905,
5,T5,159500.0,string_n1,0.01,38,0.8052860600188292,
5,T5,159500.0,multi_iso,0.01,38,-0.1138730569804477,
5,T5,159500.0,shapefit,0.01,38,1.1232186246069211,
5,T5,159500.0,string_n1,0.01,39,1.048961448123486,
5,T5,159500.0,multi_iso,0.01,39,0.2160600199399159,
5,T5,159500.0,shapefit,0.01,39,0.0055497532166857,
5,T5,159500.0,string_n1,0.01,40,1.4557659377817278,
5,T5,159500.0,multi_iso,0.01,40,-0.3780358624763547,
5,T5,159500.0,shapefit,0.01,40,-1.376130284412529,
5,T5,159500.0,string_n1,0.01,41,0.9012849831608778,
5,T5,159500.0,multi_iso,0.01,41,-0.266899995411528,
5,T5,159500.0,shapefit,0.01,41,0.8042325844039753,
5,T5,159500.0,string_n1,0.01,42,1.4511662411741617,
5,T5,159500.0,multi_iso,0.01,42,-0.3541679866866319,
5,T5,159500.0,shapefit,0.01,42,-0.3707603210301779,
5,T5,159500.0,string_n1,0.01,43,1.1581504350190006,
5,T5,159500.0,multi_iso,0.01,43,-0.022741412477813,
5,T5,159500.0,shapefit,0.01,43,-2.0503536246231975,
5,T5,159500.0,string_n1,0.01,44,1.5578744149598078,
5,T5,159500.0,multi_iso,0.01,44,0.0644010801988998,
5,T5,159500.0,shapefit,0.01,44,1.2418812847303935,
5,T5,159500.0,string_n1,0.01,45,1.1567218799806576,
5,T5,159500.0,multi_iso,0.01,45,0.3238698821767017,
5,T5,159500.0,shapefit,0.01,45,-0.0167282106276188,
5,T5,159500.0,string_n1,0.01,46,1.4182768501105594,
5,T5,159500.0,multi_iso,0.01,46,-0.0646209062345517,
5,T5,159500.0,shapefit,0.01,46,0.6577147557705438,
5,T5,159500.0,string_n1,0.01,47,1.1846542281740042,
5,T5,159500.0,multi_iso,0.01,47,0.3243079376717165,
5,T5,159500.0,shapefit,0.01,47,1.0570996199747464,
5,T5,159500.0,string_n1,0.01,48,0.6118216391508672,
5,T5,159500.0,multi_iso,0.01,48,-0.4956133769926736,
5,T5,159500.0,shapefit,0.01,48,-1.9642696896087135,
5,T5,159500.0,string_n1,0.01,49,1.7782268263174617,
5,T5,159500.0,multi_iso,0.01,49,0.036004848839156,
5,T5,159500.0,shapefit,0.01,49,-0.4154889885969511,
5,T5,159500.0,string_n1,0.01,50,1.0828688494551475,
5,T5,159500.0,multi_iso,0.01,50,-0.2677826606685866,
5,T5,159500.0,shapefit,0.01,50,0.6353167819559901,
5,T5,159500.0,string_n1,0.01,51,1.430726143815624,
5,T5,159500.0,multi_iso,0.01,51,-0.1972618473106725,
5,T5,159500.0,shapefit,0.01,51,0.4181480315717179,
5,T5,159500.0,string_n1,0.01,52,1.0705402417323,
5,T5,159500.0,multi_iso,0.01,52,0.0049927422750542,
5,T5,159500.0,shapefit,0.01,52,0.4984170532711821,
5,T5,159500.0,string_n1,0.01,53,1.0185128850858551,
5,T5,159500.0,multi_iso,0.01,53,0.2683293567469699,
5,T5,159500.0,shapefit,0.01,53,1.7780790148254193,
5,T5,159500.0,string_n1,0.01,54,1.407803637668002,
5,T5,159500.0,multi_iso,0.01,54,-0.0636791171745264,
5,T5,159500.0,shapefit,0.01,54,0.7241655446101436,
5,T5,159500.0,string_n1,0.01,55,0.8054161525349319,
5,T5,159500.0,multi_iso,0.01,55,-0.3452057020474505,
5,T5,159500.0,shapefit,0.01,55,-0.0743769298154506,
5,T5,159500.0,string_n1,0.01,56,1.0728108493280766,
5,T5,159500.0,multi_iso,0.01,56,-0.2984221061299698,
5,T5,159500.0,shapefit,0.01,56,-0.0819303320495989,
5,T5,159500.0,string_n1,0.01,57,1.196668218322307,
5,T5,159500.0,multi_iso,0.01,57,0.0841523498414247,
5,T5,159500.0,shapefit,0.01,57,-0.5898976581869647,
5,T5,159500.0,string_n1,0.01,58,1.8037901575550828,
5,T5,159500.0,multi_iso,0.01,58,-0.0989943592636524,
5,T5,159500.0,shapefit,0.01,58,0.8673987463895971,
5,T5,159500.0,string_n1,0.01,59,1.2159124956051324,
5,T5,159500.0,multi_iso,0.01,59,0.222157927275417,
5,T5,159500.0,shapefit,0.01,59,0.5066353856275175,
5,T5,159500.0,string_n1,0.01,60,1.1691001756116384,
5,T5,159500.0,multi_iso,0.01,60,-0.0197803429802689,
5,T5,159500.0,shapefit,0.01,60,0.7432332431990762,
5,T5,159500.0,string_n1,0.01,61,1.6205262830951157,
5,T5,159500.0,multi_iso,0.01,61,0.3852817412478766,
5,T5,159500.0,shapefit,0.01,61,0.5781963347296959,
5,T5,159500.0,string_n1,0.01,62,1.123011375837547,
5,T5,159500.0,multi_iso,0.01,62,-0.2074074894831396,
5,T5,159500.0,shapefit,0.01,62,-0.0360067435905562,
5,T5,159500.0,string_n1,0.01,63,0.8584738111699133,
5,T5,159500.0,multi_iso,0.01,63,0.2979039191536979,
5,T5,159500.0,shapefit,0.01,63,-0.2614572591164739,
5,T5,159500.0,string_n1,0.01,64,2.2886355096194384,
5,T5,159500.0,multi_iso,0.01,64,0.4804504789002926,
5,T5,159500.0,shapefit,0.01,64,0.2217324938360334,
5,T5,159500.0,string_n1,0.01,65,1.9929838033202527,
5,T5,159500.0,multi_iso,0.01,65,0.2739563542066016,
5,T5,159500.0,shapefit,0.01,65,1.5514734860332822,
5,T5,159500.0,string_n1,0.01,66,1.2308119184708517,
5,T5,159500.0,multi_iso,0.01,66,0.1564306674367306,
5,T5,159500.0,shapefit,0.01,66,0.2126479639531059,
5,T5,159500.0,string_n1,0.01,67,1.538428211139773,
5,T5,159500.0,multi_iso,0.01,67,-0.0632322900558509,
5,T5,159500.0,shapefit,0.01,67,0.6115628657113326,
5,T5,159500.0,string_n1,0.01,68,1.3429780876530746,
5,T5,159500.0,multi_iso,0.01,68,-0.4068016467947326,
5,T5,159500.0,shapefit,0.01,68,1.1099765147387048,
5,T5,159500.0,string_n1,0.01,69,1.965246542364189,
5,T5,159500.0,multi_iso,0.01,69,-0.2108869891788892,
5,T5,159500.0,shapefit,0.01,69,3.968132178908996,
5,T5,159500.0,string_n1,0.01,70,1.1964947060477698,
5,T5,159500.0,multi_iso,0.01,70,-0.0237699969348513,
5,T5,159500.0,shapefit,0.01,70,-1.8281071073626536,
5,T5,159500.0,string_n1,0.01,71,0.5847428818733642,
5,T5,159500.0,multi_iso,0.01,71,0.1582842866092559,
5,T5,159500.0,shapefit,0.01,71,-2.188998415707508,
5,T5,159500.0,string_n1,0.01,72,1.2279224066771195,
5,T5,159500.0,multi_iso,0.01,72,0.3513672627918466,
5,T5,159500.0,shapefit,0.01,72,1.568835482144105,
5,T5,159500.0,string_n1,0.01,73,0.7839268357831646,
5,T5,159500.0,multi_iso,0.01,73,-0.1240606891156099,
5,T5,159500.0,shapefit,0.01,73,-1.3268446708486714,
5,T5,159500.0,string_n1,0.01,74,0.344512248468705,
5,T5,159500.0,multi_iso,0.01,74,-0.0405694626923687,
5,T5,159500.0,shapefit,0.01,74,-0.6528706945828527,
5,T5,159500.0,string_n1,0.01,75,0.9820512324660654,
5,T5,159500.0,multi_iso,0.01,75,0.1559411704278044,
5,T5,159500.0,shapefit,0.01,75,1.0636717092491783,
5,T5,159500.0,string_n1,0.01,76,1.591054068809046,
5,T5,159500.0,multi_iso,0.01,76,-0.0395674134390231,
5,T5,159500.0,shapefit,0.01,76,2.433026835808496,
5,T5,159500.0,string_n1,0.01,77,1.1761576871484187,
5,T5,159500.0,multi_iso,0.01,77,-0.0522911892853148,
5,T5,159500.0,shapefit,0.01,77,-2.0479084855296974,
5,T5,159500.0,string_n1,0.01,78,0.8031618138073088,
5,T5,159500.0,multi_iso,0.01,78,-0.0766298141468609,
5,T5,159500.0,shapefit,0.01,78,0.7428101664432397,
5,T5,159500.0,string_n1,0.01,79,1.1541398087661856,
5,T5,159500.0,multi_iso,0.01,79,0.206214047598851,
5,T5,159500.0,shapefit,0.01,79,-1.7871527043854756,
5,T5,159500.0,string_n1,0.01,80,0.6723153315538353,
5,T5,159500.0,multi_iso,0.01,80,0.1747866944297323,
5,T5,159500.0,shapefit,0.01,80,-1.1085778980321204,
5,T5,159500.0,string_n1,0.01,81,1.1255094039431068,
5,T5,159500.0,multi_iso,0.01,81,0.4187918602390402,
5,T5,159500.0,shapefit,0.01,81,-0.3823001830137026,
5,T5,159500.0,string_n1,0.01,82,0.8362217253643719,
5,T5,159500.0,multi_iso,0.01,82,-0.2604972344569002,
5,T5,159500.0,shapefit,0.01,82,0.9186380833590646,
5,T5,159500.0,string_n1,0.01,83,1.2901210507613186,
5,T5,159500.0,multi_iso,0.01,83,-0.1428640792135012,
5,T5,159500.0,shapefit,0.01,83,0.0542062302370925,
5,T5,159500.0,string_n1,0.01,84,1.1639626837215826,
5,T5,159500.0,multi_iso,0.01,84,-0.1664145810104436,
5,T5,159500.0,shapefit,0.01,84,0.2311192646818994,
5,T5,159500.0,string_n1,0.01,85,1.3411142046611864,
5,T5,159500.0,multi_iso,0.01,85,-0.431643180235316,
5,T5,159500.0,shapefit,0.01,85,-0.3548818378387564,
5,T5,159500.0,string_n1,0.01,86,1.4629251391935816,
5,T5,159500.0,multi_iso,0.01,86,0.1377580966950623,
5,T5,159500.0,shapefit,0.01,86,0.0589992759799472,
5,T5,159500.0,string_n1,0.01,87,1.181686966720608,
5,T5,159500.0,multi_iso,0.01,87,-0.3396108651053464,
5,T5,159500.0,shapefit,0.01,87,3.671718488225194,
5,T5,159500.0,string_n1,0.01,88,0.790373995890903,
5,T5,159500.0,multi_iso,0.01,88,-0.1713321658851269,
5,T5,159500.0,shapefit,0.01,88,0.8499468282379865,
5,T5,159500.0,string_n1,0.01,89,1.4804065278493894,
5,T5,159500.0,multi_iso,0.01,89,0.0893713948938727,
5,T5,159500.0,shapefit,0.01,89,1.0644613624621018,
5,T5,159500.0,string_n1,0.01,90,1.38849486289628,
5,T5,159500.0,multi_iso,0.01,90,-0.2034701441591831,
5,T5,159500.0,shapefit,0.01,90,1.7846295097999736,
5,T5,159500.0,string_n1,0.01,91,1.0249364153292435,
5,T5,159500.0,multi_iso,0.01,91,-0.2172660997505832,
5,T5,159500.0,shapefit,0.01,91,1.0931136156273218,
5,T5,159500.0,string_n1,0.01,92,0.8873198458024404,
5,T5,159500.0,multi_iso,0.01,92,-0.0096548377109806,
5,T5,159500.0,shapefit,0.01,92,2.656157381609969,
5,T5,159500.0,string_n1,0.01,93,0.3430800187333412,
5,T5,159500.0,multi_iso,0.01,93,0.1924831349205782,
5,T5,159500.0,shapefit,0.01,93,1.398328280079432,
5,T5,159500.0,string_n1,0.01,94,-0.1543529604812157,
5,T5,159500.0,multi_iso,0.01,94,0.0348958920104083,
5,T5,159500.0,shapefit,0.01,94,-1.0474500666929374,
5,T5,159500.0,string_n1,0.01,95,1.2121127816274044,
5,T5,159500.0,multi_iso,0.01,95,0.5054465812029169,
5,T5,159500.0,shapefit,0.01,95,2.717490640869415,
5,T5,159500.0,string_n1,0.01,96,0.9676406215573808,
5,T5,159500.0,multi_iso,0.01,96,0.3338402421932797,
5,T5,159500.0,shapefit,0.01,96,-2.315382495574977,
5,T5,159500.0,string_n1,0.01,97,1.2340195631837731,
5,T5,159500.0,multi_iso,0.01,97,-0.0243246024040042,
5,T5,159500.0,shapefit,0.01,97,-1.5408973268827542,
5,T5,159500.0,string_n1,0.01,98,1.024226939277946,
5,T5,159500.0,multi_iso,0.01,98,-0.1752921844389564,
5,T5,159500.0,shapefit,0.01,98,-1.7307077768904144,
5,T5,159500.0,string_n1,0.01,99,1.0506345749849113,
5,T5,159500.0,multi_iso,0.01,99,0.1168186811044729,
5,T5,159500.0,shapefit,0.01,99,-0.3844131236772204,
5,T5,159500.0,string_n1,0.02,0,0.6503313524052785,
5,T5,159500.0,multi_iso,0.02,0,0.1657269262379001,
5,T5,159500.0,shapefit,0.02,0,0.8608480528575079,
5,T5,159500.0,string_n1,0.02,1,1.7829001205092183,
5,T5,159500.0,multi_iso,0.02,1,0.4437201287047638,
5,T5,159500.0,shapefit,0.02,1,-0.2685538783407993,
5,T5,159500.0,string_n1,0.02,2,1.0415807687305203,
5,T5,159500.0,multi_iso,0.02,2,0.2287744040342031,
5,T5,159500.0,shapefit,0.02,2,-1.5714119187456217,
5,T5,159500.0,string_n1,0.02,3,0.6227136231994265,
5,T5,159500.0,multi_iso,0.02,3,0.0829218891974601,
5,T5,159500.0,shapefit,0.02,3,-0.5906920836070993,
5,T5,159500.0,string_n1,0.02,4,0.6625651647803354,
5,T5,159500.0,multi_iso,0.02,4,-0.1668701847996759,
5,T5,159500.0,shapefit,0.02,4,-1.413872536921036,
5,T5,159500.0,string_n1,0.02,5,0.7681387333209053,
5,T5,159500.0,multi_iso,0.02,5,-0.0155740866993902,
5,T5,159500.0,shapefit,0.02,5,-1.6806011425665337,
5,T5,159500.0,string_n1,0.02,6,-0.6140934388251241,
5,T5,159500.0,multi_iso,0.02,6,0.3486479458257885,
5,T5,159500.0,shapefit,0.02,6,-5.191746186302263,
5,T5,159500.0,string_n1,0.02,7,1.4725707138750956,
5,T5,159500.0,multi_iso,0.02,7,0.3233396255179289,
5,T5,159500.0,shapefit,0.02,7,-1.5460943503535227,
5,T5,159500.0,string_n1,0.02,8,1.4289904458955374,
5,T5,159500.0,multi_iso,0.02,8,0.2673087777565328,
5,T5,159500.0,shapefit,0.02,8,-2.006632726055316,
5,T5,159500.0,string_n1,0.02,9,1.168149153614814,
5,T5,159500.0,multi_iso,0.02,9,-0.5490635821213515,
5,T5,159500.0,shapefit,0.02,9,-2.156053068685684,
5,T5,159500.0,string_n1,0.02,10,1.043554114932625,
5,T5,159500.0,multi_iso,0.02,10,0.1806709671982959,
5,T5,159500.0,shapefit,0.02,10,-3.4788214518176974,
5,T5,159500.0,string_n1,0.02,11,1.0185221747324809,
5,T5,159500.0,multi_iso,0.02,11,0.2641090845844276,
5,T5,159500.0,shapefit,0.02,11,2.828344775737883,
5,T5,159500.0,string_n1,0.02,12,1.1715319223404712,
5,T5,159500.0,multi_iso,0.02,12,-0.270037748491509,
5,T5,159500.0,shapefit,0.02,12,-2.548995704230047,
5,T5,159500.0,string_n1,0.02,13,1.0214408415750138,
5,T5,159500.0,multi_iso,0.02,13,-0.2266747648320102,
5,T5,159500.0,shapefit,0.02,13,-2.178948543471471,
5,T5,159500.0,string_n1,0.02,14,0.7620903037265483,
5,T5,159500.0,multi_iso,0.02,14,0.0534508030803043,
5,T5,159500.0,shapefit,0.02,14,2.028754814154889,
5,T5,159500.0,string_n1,0.02,15,0.9210902756410118,
5,T5,159500.0,multi_iso,0.02,15,-0.3324289768807251,
5,T5,159500.0,shapefit,0.02,15,0.4071121359107684,
5,T5,159500.0,string_n1,0.02,16,1.465993062163401,
5,T5,159500.0,multi_iso,0.02,16,-0.2588413466430462,
5,T5,159500.0,shapefit,0.02,16,3.756804776783678,
5,T5,159500.0,string_n1,0.02,17,1.6334771436382944,
5,T5,159500.0,multi_iso,0.02,17,0.286019993423255,
5,T5,159500.0,shapefit,0.02,17,3.3358430107425225,
5,T5,159500.0,string_n1,0.02,18,0.775712614763199,
5,T5,159500.0,multi_iso,0.02,18,0.0791253713624687,
5,T5,159500.0,shapefit,0.02,18,-1.6693603346583932,
5,T5,159500.0,string_n1,0.02,19,1.0781748499220043,
5,T5,159500.0,multi_iso,0.02,19,-0.3233024455308053,
5,T5,159500.0,shapefit,0.02,19,2.0516117850225672,
5,T5,159500.0,string_n1,0.02,20,0.9082730584171548,
5,T5,159500.0,multi_iso,0.02,20,-0.2623811197701439,
5,T5,159500.0,shapefit,0.02,20,-2.799968437099724,
5,T5,159500.0,string_n1,0.02,21,1.0312010680798838,
5,T5,159500.0,multi_iso,0.02,21,-0.1795549349952781,
5,T5,159500.0,shapefit,0.02,21,-4.0155760111593235,
5,T5,159500.0,string_n1,0.02,22,1.3176677803511492,
5,T5,159500.0,multi_iso,0.02,22,0.2117671905961478,
5,T5,159500.0,shapefit,0.02,22,2.8321738513903862,
5,T5,159500.0,string_n1,0.02,23,1.0107943291183223,
5,T5,159500.0,multi_iso,0.02,23,0.1658166842806469,
5,T5,159500.0,shapefit,0.02,23,2.1589638642585203,
5,T5,159500.0,string_n1,0.02,24,1.0702234599944591,
5,T5,159500.0,multi_iso,0.02,24,0.1959853926458765,
5,T5,159500.0,shapefit,0.02,24,-1.77061264278777,
5,T5,159500.0,string_n1,0.02,25,1.6306012679229354,
5,T5,159500.0,multi_iso,0.02,25,0.1832800657217804,
5,T5,159500.0,shapefit,0.02,25,0.7632797791919274,
5,T5,159500.0,string_n1,0.02,26,0.6177752606021306,
5,T5,159500.0,multi_iso,0.02,26,0.1497438572834539,
5,T5,159500.0,shapefit,0.02,26,-3.0575264272686216,
5,T5,159500.0,string_n1,0.02,27,1.5789746014505506,
5,T5,159500.0,multi_iso,0.02,27,-0.2715195557553807,
5,T5,159500.0,shapefit,0.02,27,0.6861445644855255,
5,T5,159500.0,string_n1,0.02,28,0.9448144153624496,
5,T5,159500.0,multi_iso,0.02,28,-0.0381720197081221,
5,T5,159500.0,shapefit,0.02,28,0.7999694879657442,
5,T5,159500.0,string_n1,0.02,29,0.8656841238912817,
5,T5,159500.0,multi_iso,0.02,29,-0.4568667320601553,
5,T5,159500.0,shapefit,0.02,29,0.5489363321039474,
5,T5,159500.0,string_n1,0.02,30,1.2908209836161928,
5,T5,159500.0,multi_iso,0.02,30,0.4947410271709769,
5,T5,159500.0,shapefit,0.02,30,1.7688497100149312,
5,T5,159500.0,string_n1,0.02,31,0.6880403511651878,
5,T5,159500.0,multi_iso,0.02,31,0.0324151679298871,
5,T5,159500.0,shapefit,0.02,31,4.254226412822921,
5,T5,159500.0,string_n1,0.02,32,1.3981184189851057,
5,T5,159500.0,multi_iso,0.02,32,0.3963434131881718,
5,T5,159500.0,shapefit,0.02,32,2.714776221110389,
5,T5,159500.0,string_n1,0.02,33,0.2927013263345198,
5,T5,159500.0,multi_iso,0.02,33,0.5742466014482375,
5,T5,159500.0,shapefit,0.02,33,-0.3999655383113709,
5,T5,159500.0,string_n1,0.02,34,1.7897904938531544,
5,T5,159500.0,multi_iso,0.02,34,0.2129431784019234,
5,T5,159500.0,shapefit,0.02,34,0.8713832356095742,
5,T5,159500.0,string_n1,0.02,35,1.145029848780929,
5,T5,159500.0,multi_iso,0.02,35,-0.2287956139588798,
5,T5,159500.0,shapefit,0.02,35,-2.3244144154577895,
5,T5,159500.0,string_n1,0.02,36,0.9227228092798432,
5,T5,159500.0,multi_iso,0.02,36,0.010104517841151,
5,T5,159500.0,shapefit,0.02,36,-0.9716344789361184,
5,T5,159500.0,string_n1,0.02,37,1.2634532982472193,
5,T5,159500.0,multi_iso,0.02,37,0.0867771866207659,
5,T5,159500.0,shapefit,0.02,37,-0.8055281720880885,
5,T5,159500.0,string_n1,0.02,38,1.2718161142788658,
5,T5,159500.0,multi_iso,0.02,38,-0.1295802398307795,
5,T5,159500.0,shapefit,0.02,38,0.0703491148381599,
5,T5,159500.0,string_n1,0.02,39,1.4187131955019574,
5,T5,159500.0,multi_iso,0.02,39,0.3385663070072213,
5,T5,159500.0,shapefit,0.02,39,-0.467488504828229,
5,T5,159500.0,string_n1,0.02,40,0.8701899846958808,
5,T5,159500.0,multi_iso,0.02,40,0.0332918940969417,
5,T5,159500.0,shapefit,0.02,40,-1.2719328665624696,
5,T5,159500.0,string_n1,0.02,41,1.106043451764277,
5,T5,159500.0,multi_iso,0.02,41,0.1472848191950032,
5,T5,159500.0,shapefit,0.02,41,-2.4798964606074696,
5,T5,159500.0,string_n1,0.02,42,1.2118816351402717,
5,T5,159500.0,multi_iso,0.02,42,-0.0538429194969726,
5,T5,159500.0,shapefit,0.02,42,-0.1316259728290825,
5,T5,159500.0,string_n1,0.02,43,1.3207232812974423,
5,T5,159500.0,multi_iso,0.02,43,0.0205396804275417,
5,T5,159500.0,shapefit,0.02,43,-0.7225237491161257,
5,T5,159500.0,string_n1,0.02,44,1.006397912363857,
5,T5,159500.0,multi_iso,0.02,44,0.5236007867654315,
5,T5,159500.0,shapefit,0.02,44,0.1694894128936696,
5,T5,159500.0,string_n1,0.02,45,1.577712956479777,
5,T5,159500.0,multi_iso,0.02,45,0.3212085093899453,
5,T5,159500.0,shapefit,0.02,45,0.3526746784428647,
5,T5,159500.0,string_n1,0.02,46,1.408230010915816,
5,T5,159500.0,multi_iso,0.02,46,-0.0400198541116516,
5,T5,159500.0,shapefit,0.02,46,-1.8208464466527303,
5,T5,159500.0,string_n1,0.02,47,1.3223214568690138,
5,T5,159500.0,multi_iso,0.02,47,0.0190445699770445,
5,T5,159500.0,shapefit,0.02,47,1.9780443498653288,
5,T5,159500.0,string_n1,0.02,48,0.8867998138232139,
5,T5,159500.0,multi_iso,0.02,48,0.0235561422603701,
5,T5,159500.0,shapefit,0.02,48,1.9716055196377107,
5,T5,159500.0,string_n1,0.02,49,0.7390011385327889,
5,T5,159500.0,multi_iso,0.02,49,-0.0263980895676796,
5,T5,159500.0,shapefit,0.02,49,-1.1476233794994917,
5,T5,159500.0,string_n1,0.02,50,1.006027166998407,
5,T5,159500.0,multi_iso,0.02,50,-0.0450128247031356,
5,T5,159500.0,shapefit,0.02,50,-1.950502734033075,
5,T5,159500.0,string_n1,0.02,51,1.6771307358297272,
5,T5,159500.0,multi_iso,0.02,51,0.1231293732593263,
5,T5,159500.0,shapefit,0.02,51,-1.4204135954458317,
5,T5,159500.0,string_n1,0.02,52,0.961219399718062,
5,T5,159500.0,multi_iso,0.02,52,0.1289256902472342,
5,T5,159500.0,shapefit,0.02,52,3.277000020941822,
5,T5,159500.0,string_n1,0.02,53,0.3958625749455506,
5,T5,159500.0,multi_iso,0.02,53,0.2657328664435571,
5,T5,159500.0,shapefit,0.02,53,1.0704601754900616,
5,T5,159500.0,string_n1,0.02,54,1.1168914587427257,
5,T5,159500.0,multi_iso,0.02,54,-0.0400151181092221,
5,T5,159500.0,shapefit,0.02,54,-1.02365593222918,
5,T5,159500.0,string_n1,0.02,55,1.3818733518518038,
5,T5,159500.0,multi_iso,0.02,55,0.120691381871874,
5,T5,159500.0,shapefit,0.02,55,-1.3653655669247573,
5,T5,159500.0,string_n1,0.02,56,0.5529447756705479,
5,T5,159500.0,multi_iso,0.02,56,0.2325499917711875,
5,T5,159500.0,shapefit,0.02,56,3.6268766934720498,
5,T5,159500.0,string_n1,0.02,57,1.709691736490873,
5,T5,159500.0,multi_iso,0.02,57,0.1912404950288289,
5,T5,159500.0,shapefit,0.02,57,-2.6311909478238227,
5,T5,159500.0,string_n1,0.02,58,0.8134736706621706,
5,T5,159500.0,multi_iso,0.02,58,-0.4008031878597212,
5,T5,159500.0,shapefit,0.02,58,-3.8528462691915544,
5,T5,159500.0,string_n1,0.02,59,1.2422297293230888,
5,T5,159500.0,multi_iso,0.02,59,0.0422354710083432,
5,T5,159500.0,shapefit,0.02,59,-5.653654178090413,
5,T5,159500.0,string_n1,0.02,60,1.341761568505598,
5,T5,159500.0,multi_iso,0.02,60,-0.0845950199900739,
5,T5,159500.0,shapefit,0.02,60,3.1058660881845084,
5,T5,159500.0,string_n1,0.02,61,1.2307675808672698,
5,T5,159500.0,multi_iso,0.02,61,-0.2011571169204624,
5,T5,159500.0,shapefit,0.02,61,-0.7003807174261195,
5,T5,159500.0,string_n1,0.02,62,0.8692703054718809,
5,T5,159500.0,multi_iso,0.02,62,-0.1037357534275523,
5,T5,159500.0,shapefit,0.02,62,-3.6011514641459685,
5,T5,159500.0,string_n1,0.02,63,1.0015964487785047,
5,T5,159500.0,multi_iso,0.02,63,0.1893267804432148,
5,T5,159500.0,shapefit,0.02,63,-1.7833253260885458,
5,T5,159500.0,string_n1,0.02,64,0.6143317615634872,
5,T5,159500.0,multi_iso,0.02,64,0.1367849897670991,
5,T5,159500.0,shapefit,0.02,64,-0.1639969056138628,
5,T5,159500.0,string_n1,0.02,65,0.8935439896922548,
5,T5,159500.0,multi_iso,0.02,65,0.042785103090522,
5,T5,159500.0,shapefit,0.02,65,-0.4800175525941981,
5,T5,159500.0,string_n1,0.02,66,0.7048263566139327,
5,T5,159500.0,multi_iso,0.02,66,0.198799919481714,
5,T5,159500.0,shapefit,0.02,66,1.418634820847059,
5,T5,159500.0,string_n1,0.02,67,1.416672214352417,
5,T5,159500.0,multi_iso,0.02,67,-0.0358763495779656,
5,T5,159500.0,shapefit,0.02,67,2.9187734543460095,
5,T5,159500.0,string_n1,0.02,68,0.34995309577083,
5,T5,159500.0,multi_iso,0.02,68,0.198874841547709,
5,T5,159500.0,shapefit,0.02,68,4.351863663705693,
5,T5,159500.0,string_n1,0.02,69,1.0277604030771108,
5,T5,159500.0,multi_iso,0.02,69,-0.1178697860448294,
5,T5,159500.0,shapefit,0.02,69,0.4326277969848455,
5,T5,159500.0,string_n1,0.02,70,0.7088852861713323,
5,T5,159500.0,multi_iso,0.02,70,-0.2170399190121925,
5,T5,159500.0,shapefit,0.02,70,2.7117841792349093,
5,T5,159500.0,string_n1,0.02,71,0.7540295334609677,
5,T5,159500.0,multi_iso,0.02,71,0.375399482269683,
5,T5,159500.0,shapefit,0.02,71,0.5746885223859931,
5,T5,159500.0,string_n1,0.02,72,1.5845519829464625,
5,T5,159500.0,multi_iso,0.02,72,0.1709655265648065,
5,T5,159500.0,shapefit,0.02,72,5.936366644526502,
5,T5,159500.0,string_n1,0.02,73,1.984602668948346,
5,T5,159500.0,multi_iso,0.02,73,-0.0600908345072625,
5,T5,159500.0,shapefit,0.02,73,0.5002667785068751,
5,T5,159500.0,string_n1,0.02,74,1.167098266598794,
5,T5,159500.0,multi_iso,0.02,74,0.199779081544025,
5,T5,159500.0,shapefit,0.02,74,4.183856933462532,
5,T5,159500.0,string_n1,0.02,75,0.813684827526889,
5,T5,159500.0,multi_iso,0.02,75,0.2878510176374936,
5,T5,159500.0,shapefit,0.02,75,-0.4120505876150522,
5,T5,159500.0,string_n1,0.02,76,1.4385399893498438,
5,T5,159500.0,multi_iso,0.02,76,0.1931834108067375,
5,T5,159500.0,shapefit,0.02,76,-1.0967216740308152,
5,T5,159500.0,string_n1,0.02,77,1.1286157426254264,
5,T5,159500.0,multi_iso,0.02,77,0.446766979972829,
5,T5,159500.0,shapefit,0.02,77,2.595629747853604,
5,T5,159500.0,string_n1,0.02,78,0.2330193001505419,
5,T5,159500.0,multi_iso,0.02,78,-0.4843107676900066,
5,T5,159500.0,shapefit,0.02,78,0.8397036635634769,
5,T5,159500.0,string_n1,0.02,79,1.078220331095408,
5,T5,159500.0,multi_iso,0.02,79,-0.2219440461389668,
5,T5,159500.0,shapefit,0.02,79,2.083585142201637,
5,T5,159500.0,string_n1,0.02,80,-0.6412631813719392,
5,T5,159500.0,multi_iso,0.02,80,0.0225262056657172,
5,T5,159500.0,shapefit,0.02,80,-0.2254262928379996,
5,T5,159500.0,string_n1,0.02,81,-0.0197135668320925,
5,T5,159500.0,multi_iso,0.02,81,-0.1518714756604326,
5,T5,159500.0,shapefit,0.02,81,-2.5323807040729953,
5,T5,159500.0,string_n1,0.02,82,1.2382649631761518,
5,T5,159500.0,multi_iso,0.02,82,-0.1942691710099708,
5,T5,159500.0,shapefit,0.02,82,3.4997533015946223,
5,T5,159500.0,string_n1,0.02,83,1.3193858661251667,
5,T5,159500.0,multi_iso,0.02,83,0.0854799128966486,
5,T5,159500.0,shapefit,0.02,83,4.480700350444776,
5,T5,159500.0,string_n1,0.02,84,1.260172730278688,
5,T5,159500.0,multi_iso,0.02,84,0.436966198079542,
5,T5,159500.0,shapefit,0.02,84,7.148927103967383,
5,T5,159500.0,string_n1,0.02,85,1.1214334516898257,
5,T5,159500.0,multi_iso,0.02,85,-0.1092991130980137,
5,T5,159500.0,shapefit,0.02,85,-0.4661455888401492,
5,T5,159500.0,string_n1,0.02,86,1.3333254000149577,
5,T5,159500.0,multi_iso,0.02,86,0.03115113541901,
5,T5,159500.0,shapefit,0.02,86,5.026888439916881,
5,T5,159500.0,string_n1,0.02,87,0.4833741990026987,
5,T5,159500.0,multi_iso,0.02,87,-0.0613712727325584,
5,T5,159500.0,shapefit,0.02,87,1.6951674206134553,
5,T5,159500.0,string_n1,0.02,88,1.482711171077876,
5,T5,159500.0,multi_iso,0.02,88,0.1204168845930057,
5,T5,159500.0,shapefit,0.02,88,1.3198119685073897,
5,T5,159500.0,string_n1,0.02,89,1.8741448868071,
5,T5,159500.0,multi_iso,0.02,89,0.168449723757683,
5,T5,159500.0,shapefit,0.02,89,-0.6155696224964473,
5,T5,159500.0,string_n1,0.02,90,1.4223584926266954,
5,T5,159500.0,multi_iso,0.02,90,-0.141435087085238,
5,T5,159500.0,shapefit,0.02,90,-2.863542513067153,
5,T5,159500.0,string_n1,0.02,91,1.3783734566818917,
5,T5,159500.0,multi_iso,0.02,91,-0.236945560709139,
5,T5,159500.0,shapefit,0.02,91,-3.63029820016424,
5,T5,159500.0,string_n1,0.02,92,1.4840949966148167,
5,T5,159500.0,multi_iso,0.02,92,-0.2035631557740599,
5,T5,159500.0,shapefit,0.02,92,2.153498336800219,
5,T5,159500.0,string_n1,0.02,93,0.5480383381230551,
5,T5,159500.0,multi_iso,0.02,93,-0.0228901364951325,
5,T5,159500.0,shapefit,0.02,93,-1.3405822975537118,
5,T5,159500.0,string_n1,0.02,94,0.7688468149618127,
5,T5,159500.0,multi_iso,0.02,94,0.0037953704621841,
5,T5,159500.0,shapefit,0.02,94,4.9385619269038745,
5,T5,159500.0,string_n1,0.02,95,1.6675008719649784,
5,T5,159500.0,multi_iso,0.02,95,-0.0475769080933282,
5,T5,159500.0,shapefit,0.02,95,2.0363557537704695,
5,T5,159500.0,string_n1,0.02,96,1.410358984514558,
5,T5,159500.0,multi_iso,0.02,96,-0.0102741884978358,
5,T5,159500.0,shapefit,0.02,96,0.590790299160171,
5,T5,159500.0,string_n1,0.02,97,1.319171228855655,
5,T5,159500.0,multi_iso,0.02,97,0.4156961008714772,
5,T5,159500.0,shapefit,0.02,97,0.0712261360729124,
5,T5,159500.0,string_n1,0.02,98,1.0616048992191425,
5,T5,159500.0,multi_iso,0.02,98,-0.192903958803877,
5,T5,159500.0,shapefit,0.02,98,-0.1064186811764275,
5,T5,159500.0,string_n1,0.02,99,1.2114968490357685,
5,T5,159500.0,multi_iso,0.02,99,-0.0381009180585417,
5,T5,159500.0,shapefit,0.02,99,-2.4922835789772324,
5,T5,159500.0,pinn_free,0.01,0,0.3457226500487346,
5,T5,159500.0,pinn_free,0.01,1,0.0123124045184098,
5,T5,159500.0,pinn_free,0.01,2,-0.3025263071491902,
6,T6,165000.0,string_n1,0.0,-1,0.7616056468387339,
6,T6,165000.0,multi_iso,0.0,-1,0.0339062812336134,
6,T6,165000.0,shapefit,0.0,-1,-5.3783455355600884e-08,-2053807.8388276256
6,T6,165000.0,pinn_free,0.0,-1,-0.000333317606163,-2054151.411824655
6,T6,165000.0,pinn_free,0.0,-2,-0.0008774003381382,-2054164.4477244243
6,T6,165000.0,pinn_free,0.0,-3,-0.0001317919803444,-2054251.1802894347
6,T6,165000.0,string_n1,0.005,0,0.8348256549842931,
6,T6,165000.0,multi_iso,0.005,0,0.0524729129631834,
6,T6,165000.0,shapefit,0.005,0,0.9059911870591476,
6,T6,165000.0,string_n1,0.005,1,0.2151670859779661,
6,T6,165000.0,multi_iso,0.005,1,0.1337830830144054,
6,T6,165000.0,shapefit,0.005,1,-0.3337953531136736,
6,T6,165000.0,string_n1,0.005,2,1.123145852749832,
6,T6,165000.0,multi_iso,0.005,2,-0.01427997249422,
6,T6,165000.0,shapefit,0.005,2,0.0563194034404516,
6,T6,165000.0,string_n1,0.005,3,0.5244722422282917,
6,T6,165000.0,multi_iso,0.005,3,0.1684061735578826,
6,T6,165000.0,shapefit,0.005,3,1.6585908995256549,
6,T6,165000.0,string_n1,0.005,4,0.8141962878361598,
6,T6,165000.0,multi_iso,0.005,4,0.0630816798867961,
6,T6,165000.0,shapefit,0.005,4,0.1540668650235359,
6,T6,165000.0,string_n1,0.005,5,0.6033171700680572,
6,T6,165000.0,multi_iso,0.005,5,-0.2593717618629682,
6,T6,165000.0,shapefit,0.005,5,-0.779865908742526,
6,T6,165000.0,string_n1,0.005,6,0.940654607155364,
6,T6,165000.0,multi_iso,0.005,6,0.026433523133076,
6,T6,165000.0,shapefit,0.005,6,1.6632452124623744,
6,T6,165000.0,string_n1,0.005,7,0.6358983150480145,
6,T6,165000.0,multi_iso,0.005,7,-0.273791519949322,
6,T6,165000.0,shapefit,0.005,7,0.568201854730988,
6,T6,165000.0,string_n1,0.005,8,0.7722440471319538,
6,T6,165000.0,multi_iso,0.005,8,0.0352237091362158,
6,T6,165000.0,shapefit,0.005,8,-0.4191634519016158,
6,T6,165000.0,string_n1,0.005,9,1.1228935179425312,
6,T6,165000.0,multi_iso,0.005,9,0.1081120570132572,
6,T6,165000.0,shapefit,0.005,9,-0.3681499739796819,
6,T6,165000.0,string_n1,0.005,10,0.4642241373200985,
6,T6,165000.0,multi_iso,0.005,10,-0.0474612256090481,
6,T6,165000.0,shapefit,0.005,10,-1.3452160364099086,
6,T6,165000.0,string_n1,0.005,11,-0.0164117102303796,
6,T6,165000.0,multi_iso,0.005,11,-0.0472420211518395,
6,T6,165000.0,shapefit,0.005,11,-1.009313397504121,
6,T6,165000.0,string_n1,0.005,12,1.2476794628910086,
6,T6,165000.0,multi_iso,0.005,12,-0.0861327756162041,
6,T6,165000.0,shapefit,0.005,12,-0.0859701338561541,
6,T6,165000.0,string_n1,0.005,13,1.288689826598927,
6,T6,165000.0,multi_iso,0.005,13,0.3124933012557096,
6,T6,165000.0,shapefit,0.005,13,0.3505219544814088,
6,T6,165000.0,string_n1,0.005,14,-0.0708804834243545,
6,T6,165000.0,multi_iso,0.005,14,0.1368238987523716,
6,T6,165000.0,shapefit,0.005,14,-0.5907130379237192,
6,T6,165000.0,string_n1,0.005,15,1.055190992512278,
6,T6,165000.0,multi_iso,0.005,15,-0.2059266673583029,
6,T6,165000.0,shapefit,0.005,15,0.8180312827222798,
6,T6,165000.0,string_n1,0.005,16,1.224512217024546,
6,T6,165000.0,multi_iso,0.005,16,-0.2745021117623775,
6,T6,165000.0,shapefit,0.005,16,-0.364596226427115,
6,T6,165000.0,string_n1,0.005,17,0.786145572643533,
6,T6,165000.0,multi_iso,0.005,17,0.5642624891459921,
6,T6,165000.0,shapefit,0.005,17,-0.8415090371986893,
6,T6,165000.0,string_n1,0.005,18,0.5786710665822488,
6,T6,165000.0,multi_iso,0.005,18,0.2303209804995409,
6,T6,165000.0,shapefit,0.005,18,1.143720003634984,
6,T6,165000.0,string_n1,0.005,19,1.344437084182564,
6,T6,165000.0,multi_iso,0.005,19,0.3216743111461013,
6,T6,165000.0,shapefit,0.005,19,0.7891287621746376,
6,T6,165000.0,string_n1,0.005,20,0.9828889117129042,
6,T6,165000.0,multi_iso,0.005,20,0.0697632126734507,
6,T6,165000.0,shapefit,0.005,20,0.5823584051198806,
6,T6,165000.0,string_n1,0.005,21,0.4035664423964529,
6,T6,165000.0,multi_iso,0.005,21,-0.0405754823596781,
6,T6,165000.0,shapefit,0.005,21,-0.0075385490036393,
6,T6,165000.0,string_n1,0.005,22,0.5273268176418391,
6,T6,165000.0,multi_iso,0.005,22,-0.1884430650942676,
6,T6,165000.0,shapefit,0.005,22,0.3120554451718503,
6,T6,165000.0,string_n1,0.005,23,0.9668650197091504,
6,T6,165000.0,multi_iso,0.005,23,0.0543789593993058,
6,T6,165000.0,shapefit,0.005,23,0.133853048751868,
6,T6,165000.0,string_n1,0.005,24,1.0575469943119749,
6,T6,165000.0,multi_iso,0.005,24,0.1702494730819792,
6,T6,165000.0,shapefit,0.005,24,0.3835601323644743,
6,T6,165000.0,string_n1,0.005,25,1.271632522463333,
6,T6,165000.0,multi_iso,0.005,25,-0.2064135747114161,
6,T6,165000.0,shapefit,0.005,25,2.315603319639393,
6,T6,165000.0,string_n1,0.005,26,0.7742101097984105,
6,T6,165000.0,multi_iso,0.005,26,-0.5024982482956539,
6,T6,165000.0,shapefit,0.005,26,-0.2691154501386777,
6,T6,165000.0,string_n1,0.005,27,1.6443395658876132,
6,T6,165000.0,multi_iso,0.005,27,0.0672072033922427,
6,T6,165000.0,shapefit,0.005,27,1.558852618338512,
6,T6,165000.0,string_n1,0.005,28,1.2255763691737824,
6,T6,165000.0,multi_iso,0.005,28,-0.4972854776241971,
6,T6,165000.0,shapefit,0.005,28,1.120872016520906,
6,T6,165000.0,string_n1,0.005,29,0.8649666761179899,
6,T6,165000.0,multi_iso,0.005,29,0.1210674207039868,
6,T6,165000.0,shapefit,0.005,29,0.729161095411612,
6,T6,165000.0,string_n1,0.005,30,1.408847039271372,
6,T6,165000.0,multi_iso,0.005,30,0.1867882313162342,
6,T6,165000.0,shapefit,0.005,30,1.3658338124330234,
6,T6,165000.0,string_n1,0.005,31,0.7219471038205049,
6,T6,165000.0,multi_iso,0.005,31,0.0758920987761777,
6,T6,165000.0,shapefit,0.005,31,-0.6302678580230603,
6,T6,165000.0,string_n1,0.005,32,0.921721538165602,
6,T6,165000.0,multi_iso,0.005,32,0.2107174276810661,
6,T6,165000.0,shapefit,0.005,32,0.0612355227306464,
6,T6,165000.0,string_n1,0.005,33,0.8022628929526333,
6,T6,165000.0,multi_iso,0.005,33,0.2013789191224548,
6,T6,165000.0,shapefit,0.005,33,-0.4484118258985726,
6,T6,165000.0,string_n1,0.005,34,0.8109785667479313,
6,T6,165000.0,multi_iso,0.005,34,-0.0036170976496809,
6,T6,165000.0,shapefit,0.005,34,-1.018905847026388,
6,T6,165000.0,string_n1,0.005,35,1.0928652722437189,
6,T6,165000.0,multi_iso,0.005,35,-0.2308704282370551,
6,T6,165000.0,shapefit,0.005,35,0.2123316436976011,
6,T6,165000.0,string_n1,0.005,36,1.8307474642049584,
6,T6,165000.0,multi_iso,0.005,36,0.3317318221229431,
6,T6,165000.0,shapefit,0.005,36,1.740450456961619,
6,T6,165000.0,string_n1,0.005,37,0.1100958933505039,
6,T6,165000.0,multi_iso,0.005,37,-0.1173452887763128,
6,T6,165000.0,shapefit,0.005,37,-0.6966705608997268,
6,T6,165000.0,string_n1,0.005,38,0.6737425243153209,
6,T6,165000.0,multi_iso,0.005,38,0.0341334351982963,
6,T6,165000.0,shapefit,0.005,38,-0.3032250070139046,
6,T6,165000.0,string_n1,0.005,39,1.053649759776467,
6,T6,165000.0,multi_iso,0.005,39,0.255494932260463,
6,T6,165000.0,shapefit,0.005,39,0.6880302669741319,
6,T6,165000.0,string_n1,0.005,40,0.6566163905546648,
6,T6,165000.0,multi_iso,0.005,40,0.0232790241274227,
6,T6,165000.0,shapefit,0.005,40,-0.821780176819796,
6,T6,165000.0,string_n1,0.005,41,0.7012567540873583,
6,T6,165000.0,multi_iso,0.005,41,0.1708485734457975,
6,T6,165000.0,shapefit,0.005,41,-1.1427496721287906,
6,T6,165000.0,string_n1,0.005,42,1.3959711125268333,
6,T6,165000.0,multi_iso,0.005,42,0.0834236149691489,
6,T6,165000.0,shapefit,0.005,42,1.6529084493537878,
6,T6,165000.0,string_n1,0.005,43,0.8796903333154147,
6,T6,165000.0,multi_iso,0.005,43,0.0372502703029507,
6,T6,165000.0,shapefit,0.005,43,0.5683860454157306,
6,T6,165000.0,string_n1,0.005,44,0.3596270572970564,
6,T6,165000.0,multi_iso,0.005,44,-0.035624611419943,
6,T6,165000.0,shapefit,0.005,44,-0.1700239307101583,
6,T6,165000.0,string_n1,0.005,45,0.7130500424810805,
6,T6,165000.0,multi_iso,0.005,45,-0.2296256453796663,
6,T6,165000.0,shapefit,0.005,45,-0.0688889791787192,
6,T6,165000.0,string_n1,0.005,46,0.3680812250954367,
6,T6,165000.0,multi_iso,0.005,46,0.0315903664667822,
6,T6,165000.0,shapefit,0.005,46,-0.2176048791772072,
6,T6,165000.0,string_n1,0.005,47,0.7120509455807394,
6,T6,165000.0,multi_iso,0.005,47,-0.095364062560574,
6,T6,165000.0,shapefit,0.005,47,0.3165481849568966,
6,T6,165000.0,string_n1,0.005,48,1.2616130847689189,
6,T6,165000.0,multi_iso,0.005,48,0.4265516440540369,
6,T6,165000.0,shapefit,0.005,48,0.703418939979553,
6,T6,165000.0,string_n1,0.005,49,1.1315120352165082,
6,T6,165000.0,multi_iso,0.005,49,0.1779008126609859,
6,T6,165000.0,shapefit,0.005,49,-0.3514728730745882,
6,T6,165000.0,string_n1,0.005,50,0.7840115940263389,
6,T6,165000.0,multi_iso,0.005,50,0.1810508880962328,
6,T6,165000.0,shapefit,0.005,50,-0.2703409145853771,
6,T6,165000.0,string_n1,0.005,51,0.3577845730750369,
6,T6,165000.0,multi_iso,0.005,51,-0.2635285686804899,
6,T6,165000.0,shapefit,0.005,51,-0.8906016106740572,
6,T6,165000.0,string_n1,0.005,52,-0.1261487158231444,
6,T6,165000.0,multi_iso,0.005,52,-0.4314687718756878,
6,T6,165000.0,shapefit,0.005,52,-1.486290733319545,
6,T6,165000.0,string_n1,0.005,53,0.4770863629535024,
6,T6,165000.0,multi_iso,0.005,53,0.2622109598745627,
6,T6,165000.0,shapefit,0.005,53,-0.4743469167930589,
6,T6,165000.0,string_n1,0.005,54,1.0238517403665215,
6,T6,165000.0,multi_iso,0.005,54,-0.2848844849953258,
6,T6,165000.0,shapefit,0.005,54,1.178498006385264,
6,T6,165000.0,string_n1,0.005,55,0.7552522194381295,
6,T6,165000.0,multi_iso,0.005,55,0.280465700998232,
6,T6,165000.0,shapefit,0.005,55,-0.7731589223947694,
6,T6,165000.0,string_n1,0.005,56,0.7939042742606817,
6,T6,165000.0,multi_iso,0.005,56,0.3163546248257626,
6,T6,165000.0,shapefit,0.005,56,-0.3044163954109271,
6,T6,165000.0,string_n1,0.005,57,0.3114682371712424,
6,T6,165000.0,multi_iso,0.005,57,0.0755976286741982,
6,T6,165000.0,shapefit,0.005,57,-1.4928403550552585,
6,T6,165000.0,string_n1,0.005,58,1.0296824903835218,
6,T6,165000.0,multi_iso,0.005,58,0.0523600182618776,
6,T6,165000.0,shapefit,0.005,58,1.720128953946017,
6,T6,165000.0,string_n1,0.005,59,0.7906214854765373,
6,T6,165000.0,multi_iso,0.005,59,-0.0687090324176031,
6,T6,165000.0,shapefit,0.005,59,0.2816310969149432,
6,T6,165000.0,string_n1,0.005,60,1.136655484078766,
6,T6,165000.0,multi_iso,0.005,60,0.172223916946942,
6,T6,165000.0,shapefit,0.005,60,-0.4713097703129857,
6,T6,165000.0,string_n1,0.005,61,0.608983213856594,
6,T6,165000.0,multi_iso,0.005,61,-0.109107178846801,
6,T6,165000.0,shapefit,0.005,61,0.0451411000470574,
6,T6,165000.0,string_n1,0.005,62,0.3375662216586307,
6,T6,165000.0,multi_iso,0.005,62,-0.3237076374480966,
6,T6,165000.0,shapefit,0.005,62,-0.536691198091386,
6,T6,165000.0,string_n1,0.005,63,1.2999373246236197,
6,T6,165000.0,multi_iso,0.005,63,-0.1964122142773615,
6,T6,165000.0,shapefit,0.005,63,0.9402778303242204,
6,T6,165000.0,string_n1,0.005,64,0.2650782091656671,
6,T6,165000.0,multi_iso,0.005,64,0.1426895797565036,
6,T6,165000.0,shapefit,0.005,64,-0.0953065239357105,
6,T6,165000.0,string_n1,0.005,65,0.9914490025495108,
6,T6,165000.0,multi_iso,0.005,65,0.0596932046876331,
6,T6,165000.0,shapefit,0.005,65,-0.4144197230588708,
6,T6,165000.0,string_n1,0.005,66,1.0101925264782745,
6,T6,165000.0,multi_iso,0.005,66,0.2926124870406894,
6,T6,165000.0,shapefit,0.005,66,1.9796217727101104,
6,T6,165000.0,string_n1,0.005,67,0.1721568757074595,
6,T6,165000.0,multi_iso,0.005,67,0.2996594859514682,
6,T6,165000.0,shapefit,0.005,67,-0.9789737451131364,
6,T6,165000.0,string_n1,0.005,68,0.14421263557603,
6,T6,165000.0,multi_iso,0.005,68,-0.181412819345785,
6,T6,165000.0,shapefit,0.005,68,-0.7299646361647385,
6,T6,165000.0,string_n1,0.005,69,0.8915611311628582,
6,T6,165000.0,multi_iso,0.005,69,0.0940606716808961,
6,T6,165000.0,shapefit,0.005,69,0.6169167177968616,
6,T6,165000.0,string_n1,0.005,70,-0.3413857524799691,
6,T6,165000.0,multi_iso,0.005,70,0.2524443496729487,
6,T6,165000.0,shapefit,0.005,70,-0.4803681462076598,
6,T6,165000.0,string_n1,0.005,71,1.1229076751640814,
6,T6,165000.0,multi_iso,0.005,71,0.3332678836121781,
6,T6,165000.0,shapefit,0.005,71,-0.1248097303972904,
6,T6,165000.0,string_n1,0.005,72,0.852025641161705,
6,T6,165000.0,multi_iso,0.005,72,-0.0429360634329989,
6,T6,165000.0,shapefit,0.005,72,0.484169663670508,
6,T6,165000.0,string_n1,0.005,73,0.9497564106001024,
6,T6,165000.0,multi_iso,0.005,73,-0.1156530479323048,
6,T6,165000.0,shapefit,0.005,73,0.2165805632115525,
6,T6,165000.0,string_n1,0.005,74,0.6407089599578776,
6,T6,165000.0,multi_iso,0.005,74,0.3702495353208029,
6,T6,165000.0,shapefit,0.005,74,-0.2340141624597846,
6,T6,165000.0,string_n1,0.005,75,0.2335894970115888,
6,T6,165000.0,multi_iso,0.005,75,-0.1490335867612333,
6,T6,165000.0,shapefit,0.005,75,-1.2069585976806807,
6,T6,165000.0,string_n1,0.005,76,1.0659558316477695,
6,T6,165000.0,multi_iso,0.005,76,0.4225571139140062,
6,T6,165000.0,shapefit,0.005,76,1.5014892729333686,
6,T6,165000.0,string_n1,0.005,77,0.5603950691661995,
6,T6,165000.0,multi_iso,0.005,77,-0.1381279164653581,
6,T6,165000.0,shapefit,0.005,77,-0.4209572929679592,
6,T6,165000.0,string_n1,0.005,78,1.4357303534864243,
6,T6,165000.0,multi_iso,0.005,78,-0.1929009328685545,
6,T6,165000.0,shapefit,0.005,78,1.0780677286490523,
6,T6,165000.0,string_n1,0.005,79,1.1366872995519468,
6,T6,165000.0,multi_iso,0.005,79,0.0239919360735009,
6,T6,165000.0,shapefit,0.005,79,0.6256481290114938,
6,T6,165000.0,string_n1,0.005,80,0.9943842313102108,
6,T6,165000.0,multi_iso,0.005,80,0.0707939994165843,
6,T6,165000.0,shapefit,0.005,80,0.143621247967504,
6,T6,165000.0,string_n1,0.005,81,1.0801839705908522,
6,T6,165000.0,multi_iso,0.005,81,-0.3899063916599632,
6,T6,165000.0,shapefit,0.005,81,0.2768047327096362,
6,T6,165000.0,string_n1,0.005,82,1.0289354263827255,
6,T6,165000.0,multi_iso,0.005,82,-0.0495737627723296,
6,T6,165000.0,shapefit,0.005,82,0.494571406649034,
6,T6,165000.0,string_n1,0.005,83,0.3362520718144492,
6,T6,165000.0,multi_iso,0.005,83,0.2970160323970027,
6,T6,165000.0,shapefit,0.005,83,-1.136587512886582,
6,T6,165000.0,string_n1,0.005,84,1.4280838960266116,
6,T6,165000.0,multi_iso,0.005,84,-0.0147020603081204,
6,T6,165000.0,shapefit,0.005,84,0.0873505327898028,
6,T6,165000.0,string_n1,0.005,85,0.3346434741145331,
6,T6,165000.0,multi_iso,0.005,85,0.1413338278376525,
6,T6,165000.0,shapefit,0.005,85,-0.6098278206135112,
6,T6,165000.0,string_n1,0.005,86,0.7987641762724591,
6,T6,165000.0,multi_iso,0.005,86,0.132806386661497,
6,T6,165000.0,shapefit,0.005,86,-0.0118740873736907,
6,T6,165000.0,string_n1,0.005,87,0.7028209690038277,
6,T6,165000.0,multi_iso,0.005,87,-0.0768447680186628,
6,T6,165000.0,shapefit,0.005,87,0.0832180996461256,
6,T6,165000.0,string_n1,0.005,88,0.8426863863948331,
6,T6,165000.0,multi_iso,0.005,88,-0.020543419636599,
6,T6,165000.0,shapefit,0.005,88,1.087424479777639,
6,T6,165000.0,string_n1,0.005,89,-0.0028406696762205,
6,T6,165000.0,multi_iso,0.005,89,0.0612955258331776,
6,T6,165000.0,shapefit,0.005,89,-0.3767582380783631,
6,T6,165000.0,string_n1,0.005,90,0.4234377573494037,
6,T6,165000.0,multi_iso,0.005,90,-0.0331715105436777,
6,T6,165000.0,shapefit,0.005,90,-0.7332408288920256,
6,T6,165000.0,string_n1,0.005,91,1.0916328553313734,
6,T6,165000.0,multi_iso,0.005,91,-0.211736045431709,
6,T6,165000.0,shapefit,0.005,91,0.8337255300803703,
6,T6,165000.0,string_n1,0.005,92,0.8416686649544863,
6,T6,165000.0,multi_iso,0.005,92,0.1031567628984339,
6,T6,165000.0,shapefit,0.005,92,-0.309424797278074,
6,T6,165000.0,string_n1,0.005,93,0.9570768861937388,
6,T6,165000.0,multi_iso,0.005,93,-0.0480687202141747,
6,T6,165000.0,shapefit,0.005,93,1.4534492043652714,
6,T6,165000.0,string_n1,0.005,94,-0.1177587819173332,
6,T6,165000.0,multi_iso,0.005,94,-0.0137768898538497,
6,T6,165000.0,shapefit,0.005,94,-1.6578457107142348,
6,T6,165000.0,string_n1,0.005,95,0.4892734637886645,
6,T6,165000.0,multi_iso,0.005,95,0.1743528776006265,
6,T6,165000.0,shapefit,0.005,95,-0.5660358111607616,
6,T6,165000.0,string_n1,0.005,96,0.8924859713107898,
6,T6,165000.0,multi_iso,0.005,96,0.2918809707630355,
6,T6,165000.0,shapefit,0.005,96,0.3447375097201439,
6,T6,165000.0,string_n1,0.005,97,0.9054681195938346,
6,T6,165000.0,multi_iso,0.005,97,-0.2704101617632003,
6,T6,165000.0,shapefit,0.005,97,-0.8715648125581246,
6,T6,165000.0,string_n1,0.005,98,0.5322684344903136,
6,T6,165000.0,multi_iso,0.005,98,-0.0465113185106064,
6,T6,165000.0,shapefit,0.005,98,0.1710385443047077,
6,T6,165000.0,string_n1,0.005,99,1.2722137410124714,
6,T6,165000.0,multi_iso,0.005,99,-0.0180166721648437,
6,T6,165000.0,shapefit,0.005,99,0.5187933121609791,
6,T6,165000.0,string_n1,0.01,0,0.3967156013209464,
6,T6,165000.0,multi_iso,0.01,0,-0.1089012889189568,
6,T6,165000.0,shapefit,0.01,0,-1.0589039114992325,
6,T6,165000.0,string_n1,0.01,1,1.7125098294846248,
6,T6,165000.0,multi_iso,0.01,1,0.2198137981539669,
6,T6,165000.0,shapefit,0.01,1,2.6919710539009203,
6,T6,165000.0,string_n1,0.01,2,0.5414583690020708,
6,T6,165000.0,multi_iso,0.01,2,0.129286637835074,
6,T6,165000.0,shapefit,0.01,2,-1.6938879631382633,
6,T6,165000.0,string_n1,0.01,3,1.6028428151525,
6,T6,165000.0,multi_iso,0.01,3,0.0355303048982221,
6,T6,165000.0,shapefit,0.01,3,-0.3326950295116385,
6,T6,165000.0,string_n1,0.01,4,0.6720295950270674,
6,T6,165000.0,multi_iso,0.01,4,0.0943322620321961,
6,T6,165000.0,shapefit,0.01,4,-1.2981420522627851,
6,T6,165000.0,string_n1,0.01,5,0.9411042049414632,
6,T6,165000.0,multi_iso,0.01,5,-0.0427404249142537,
6,T6,165000.0,shapefit,0.01,5,-1.524349569287751,
6,T6,165000.0,string_n1,0.01,6,0.3084990188480834,
6,T6,165000.0,multi_iso,0.01,6,0.0809325866254618,
6,T6,165000.0,shapefit,0.01,6,0.8013090611975217,
6,T6,165000.0,string_n1,0.01,7,0.575296730261991,
6,T6,165000.0,multi_iso,0.01,7,-0.3147891468102832,
6,T6,165000.0,shapefit,0.01,7,-0.0143074105947744,
6,T6,165000.0,string_n1,0.01,8,0.885379236333238,
6,T6,165000.0,multi_iso,0.01,8,-0.0924943554841835,
6,T6,165000.0,shapefit,0.01,8,-0.6340669620286843,
6,T6,165000.0,string_n1,0.01,9,0.5877876355935939,
6,T6,165000.0,multi_iso,0.01,9,-0.1252173483221276,
6,T6,165000.0,shapefit,0.01,9,-0.4875320065058732,
6,T6,165000.0,string_n1,0.01,10,0.7838607217046912,
6,T6,165000.0,multi_iso,0.01,10,0.3014970890815708,
6,T6,165000.0,shapefit,0.01,10,0.1913860767000975,
6,T6,165000.0,string_n1,0.01,11,0.9941401487839,
6,T6,165000.0,multi_iso,0.01,11,0.3927828237049239,
6,T6,165000.0,shapefit,0.01,11,2.053828625302148,
6,T6,165000.0,string_n1,0.01,12,0.9186268067914308,
6,T6,165000.0,multi_iso,0.01,12,0.3026320916071894,
6,T6,165000.0,shapefit,0.01,12,-0.8606486431379965,
6,T6,165000.0,string_n1,0.01,13,0.3216371641022675,
6,T6,165000.0,multi_iso,0.01,13,-0.1434112451051778,
6,T6,165000.0,shapefit,0.01,13,-1.060218851148278,
6,T6,165000.0,string_n1,0.01,14,0.9366195300215976,
6,T6,165000.0,multi_iso,0.01,14,-0.091973583174827,
6,T6,165000.0,shapefit,0.01,14,-0.0839339453641282,
6,T6,165000.0,string_n1,0.01,15,0.918652609596558,
6,T6,165000.0,multi_iso,0.01,15,0.3507587606323332,
6,T6,165000.0,shapefit,0.01,15,-3.7888103387104417,
6,T6,165000.0,string_n1,0.01,16,0.4934105084232534,
6,T6,165000.0,multi_iso,0.01,16,0.1940110535157322,
6,T6,165000.0,shapefit,0.01,16,-0.121623954969938,
6,T6,165000.0,string_n1,0.01,17,1.17614701739112,
6,T6,165000.0,multi_iso,0.01,17,0.153371157641258,
6,T6,165000.0,shapefit,0.01,17,0.5429257073438071,
6,T6,165000.0,string_n1,0.01,18,0.6443986657347572,
6,T6,165000.0,multi_iso,0.01,18,0.2093514679624896,
6,T6,165000.0,shapefit,0.01,18,0.1844418754305507,
6,T6,165000.0,string_n1,0.01,19,1.0907575355226238,
6,T6,165000.0,multi_iso,0.01,19,0.0387376941692182,
6,T6,165000.0,shapefit,0.01,19,2.723852983525069,
6,T6,165000.0,string_n1,0.01,20,-0.1951052289298792,
6,T6,165000.0,multi_iso,0.01,20,-0.2587204536939371,
6,T6,165000.0,shapefit,0.01,20,-2.644398093632754,
6,T6,165000.0,string_n1,0.01,21,1.453143777632592,
6,T6,165000.0,multi_iso,0.01,21,0.0505406679897957,
6,T6,165000.0,shapefit,0.01,21,2.4978667054723447,
6,T6,165000.0,string_n1,0.01,22,1.4975496941443116,
6,T6,165000.0,multi_iso,0.01,22,0.4260726778267946,
6,T6,165000.0,shapefit,0.01,22,-1.0456823011703973,
6,T6,165000.0,string_n1,0.01,23,1.334699982185407,
6,T6,165000.0,multi_iso,0.01,23,-0.0026291063957438,
6,T6,165000.0,shapefit,0.01,23,1.0745632675260122,
6,T6,165000.0,string_n1,0.01,24,0.5058789839470498,
6,T6,165000.0,multi_iso,0.01,24,0.4932285334670627,
6,T6,165000.0,shapefit,0.01,24,-0.4915054271800556,
6,T6,165000.0,string_n1,0.01,25,-0.2760042219193984,
6,T6,165000.0,multi_iso,0.01,25,0.0827452627791155,
6,T6,165000.0,shapefit,0.01,25,-1.2702080021843942,
6,T6,165000.0,string_n1,0.01,26,0.5539010460040299,
6,T6,165000.0,multi_iso,0.01,26,-0.0072673909175985,
6,T6,165000.0,shapefit,0.01,26,-3.346705348247302,
6,T6,165000.0,string_n1,0.01,27,1.3483345510074904,
6,T6,165000.0,multi_iso,0.01,27,0.5477523092960297,
6,T6,165000.0,shapefit,0.01,27,-2.158293725454538,
6,T6,165000.0,string_n1,0.01,28,0.4427179559926453,
6,T6,165000.0,multi_iso,0.01,28,-0.4119500049348624,
6,T6,165000.0,shapefit,0.01,28,-3.7284178328910262,
6,T6,165000.0,string_n1,0.01,29,1.1643208449010942,
6,T6,165000.0,multi_iso,0.01,29,0.3951864690611061,
6,T6,165000.0,shapefit,0.01,29,3.387922514367136,
6,T6,165000.0,string_n1,0.01,30,1.6140376002060524,
6,T6,165000.0,multi_iso,0.01,30,0.1347033719543656,
6,T6,165000.0,shapefit,0.01,30,2.0839656127233472,
6,T6,165000.0,string_n1,0.01,31,0.7273287811695606,
6,T6,165000.0,multi_iso,0.01,31,0.3425239548697242,
6,T6,165000.0,shapefit,0.01,31,-0.0355559158574959,
6,T6,165000.0,string_n1,0.01,32,0.181064148974873,
6,T6,165000.0,multi_iso,0.01,32,-0.1995405621204003,
6,T6,165000.0,shapefit,0.01,32,-1.0651539897848323,
6,T6,165000.0,string_n1,0.01,33,1.1886146738078045,
6,T6,165000.0,multi_iso,0.01,33,0.0394407531479373,
6,T6,165000.0,shapefit,0.01,33,1.601325094428947,
6,T6,165000.0,string_n1,0.01,34,1.495659713938208,
6,T6,165000.0,multi_iso,0.01,34,0.017980476209601,
6,T6,165000.0,shapefit,0.01,34,0.9969153565238054,
6,T6,165000.0,string_n1,0.01,35,0.9365253270914332,
6,T6,165000.0,multi_iso,0.01,35,0.219776930539837,
6,T6,165000.0,shapefit,0.01,35,-0.9594882723290092,
6,T6,165000.0,string_n1,0.01,36,0.6960176355146915,
6,T6,165000.0,multi_iso,0.01,36,0.058819361978094,
6,T6,165000.0,shapefit,0.01,36,0.2929500908934807,
6,T6,165000.0,string_n1,0.01,37,0.8326600267074536,
6,T6,165000.0,multi_iso,0.01,37,-0.2475783894634029,
6,T6,165000.0,shapefit,0.01,37,-0.5933727981342412,
6,T6,165000.0,string_n1,0.01,38,0.6581304107535504,
6,T6,165000.0,multi_iso,0.01,38,0.3570460346991295,
6,T6,165000.0,shapefit,0.01,38,-0.3055506344434847,
6,T6,165000.0,string_n1,0.01,39,0.9525491465363214,
6,T6,165000.0,multi_iso,0.01,39,0.1855015064345736,
6,T6,165000.0,shapefit,0.01,39,1.7996887925934844,
6,T6,165000.0,string_n1,0.01,40,0.5727969594294678,
6,T6,165000.0,multi_iso,0.01,40,-0.0142967735820054,
6,T6,165000.0,shapefit,0.01,40,-1.4508444330602122,
6,T6,165000.0,string_n1,0.01,41,0.6872142089498371,
6,T6,165000.0,multi_iso,0.01,41,0.1876083018867806,
6,T6,165000.0,shapefit,0.01,41,-2.600384859052243,
6,T6,165000.0,string_n1,0.01,42,0.5071448091448066,
6,T6,165000.0,multi_iso,0.01,42,0.4104746559893035,
6,T6,165000.0,shapefit,0.01,42,-0.6328041428147116,
6,T6,165000.0,string_n1,0.01,43,0.661733654197129,
6,T6,165000.0,multi_iso,0.01,43,-0.2548573311093566,
6,T6,165000.0,shapefit,0.01,43,0.2068167592196859,
6,T6,165000.0,string_n1,0.01,44,1.77795705051306,
6,T6,165000.0,multi_iso,0.01,44,-0.0172198642464707,
6,T6,165000.0,shapefit,0.01,44,-0.7757224978119396,
6,T6,165000.0,string_n1,0.01,45,1.3201086855092206,
6,T6,165000.0,multi_iso,0.01,45,-0.0222811346604651,
6,T6,165000.0,shapefit,0.01,45,1.1338042769508054,
6,T6,165000.0,string_n1,0.01,46,0.6668960962275212,
6,T6,165000.0,multi_iso,0.01,46,-0.1918987829643866,
6,T6,165000.0,shapefit,0.01,46,-0.7683961779140571,
6,T6,165000.0,string_n1,0.01,47,1.3702908743605031,
6,T6,165000.0,multi_iso,0.01,47,-0.2233811844887642,
6,T6,165000.0,shapefit,0.01,47,0.4143790471262235,
6,T6,165000.0,string_n1,0.01,48,0.4957513430312974,
6,T6,165000.0,multi_iso,0.01,48,0.2561962135572155,
6,T6,165000.0,shapefit,0.01,48,0.5844799886928399,
6,T6,165000.0,string_n1,0.01,49,-0.1478399631478047,
6,T6,165000.0,multi_iso,0.01,49,0.1334869763214903,
6,T6,165000.0,shapefit,0.01,49,-0.5750858046099805,
6,T6,165000.0,string_n1,0.01,50,0.6495635224057178,
6,T6,165000.0,multi_iso,0.01,50,0.1399527707893514,
6,T6,165000.0,shapefit,0.01,50,1.9427181651898673,
6,T6,165000.0,string_n1,0.01,51,0.6043683196488895,
6,T6,165000.0,multi_iso,0.01,51,0.2876449915575689,
6,T6,165000.0,shapefit,0.01,51,0.7445484862677315,
6,T6,165000.0,string_n1,0.01,52,0.7192493157098987,
6,T6,165000.0,multi_iso,0.01,52,0.2440959006210676,
6,T6,165000.0,shapefit,0.01,52,-0.50535301247975,
6,T6,165000.0,string_n1,0.01,53,0.3981134069336324,
6,T6,165000.0,multi_iso,0.01,53,0.3136208215685011,
6,T6,165000.0,shapefit,0.01,53,-2.1599060298627855,
6,T6,165000.0,string_n1,0.01,54,0.9733677529162114,
6,T6,165000.0,multi_iso,0.01,54,-0.0127730375506287,
6,T6,165000.0,shapefit,0.01,54,-0.183040621167077,
6,T6,165000.0,string_n1,0.01,55,0.6137049244527324,
6,T6,165000.0,multi_iso,0.01,55,-0.0328413719397962,
6,T6,165000.0,shapefit,0.01,55,-0.4767607770019888,
6,T6,165000.0,string_n1,0.01,56,0.7322130037314492,
6,T6,165000.0,multi_iso,0.01,56,-0.0434998323291074,
6,T6,165000.0,shapefit,0.01,56,-1.876340782888424,
6,T6,165000.0,string_n1,0.01,57,0.5310046444419122,
6,T6,165000.0,multi_iso,0.01,57,0.1016218615590884,
6,T6,165000.0,shapefit,0.01,57,-0.1359320964771816,
6,T6,165000.0,string_n1,0.01,58,0.9159905879155408,
6,T6,165000.0,multi_iso,0.01,58,-0.0424355388138704,
6,T6,165000.0,shapefit,0.01,58,1.0214885580023418,
6,T6,165000.0,string_n1,0.01,59,0.9716951908114732,
6,T6,165000.0,multi_iso,0.01,59,-0.3210702558736331,
6,T6,165000.0,shapefit,0.01,59,-1.058134579185721,
6,T6,165000.0,string_n1,0.01,60,1.5365364104864596,
6,T6,165000.0,multi_iso,0.01,60,-0.4687238345485688,
6,T6,165000.0,shapefit,0.01,60,1.6324397948321492,
6,T6,165000.0,string_n1,0.01,61,0.6488918752625944,
6,T6,165000.0,multi_iso,0.01,61,0.1876678011234793,
6,T6,165000.0,shapefit,0.01,61,0.6285006966977204,
6,T6,165000.0,string_n1,0.01,62,1.288594528109128,
6,T6,165000.0,multi_iso,0.01,62,-0.0513454469039711,
6,T6,165000.0,shapefit,0.01,62,-0.4033367490403135,
6,T6,165000.0,string_n1,0.01,63,0.6748929723738482,
6,T6,165000.0,multi_iso,0.01,63,-0.1388892917238549,
6,T6,165000.0,shapefit,0.01,63,0.3600818269353741,
6,T6,165000.0,string_n1,0.01,64,0.4710270044468272,
6,T6,165000.0,multi_iso,0.01,64,0.4096547263691195,
6,T6,165000.0,shapefit,0.01,64,-1.1959199187276484,
6,T6,165000.0,string_n1,0.01,65,0.5701557964477406,
6,T6,165000.0,multi_iso,0.01,65,0.3584126114189646,
6,T6,165000.0,shapefit,0.01,65,3.946525758510106,
6,T6,165000.0,string_n1,0.01,66,1.0772646339706702,
6,T6,165000.0,multi_iso,0.01,66,0.376097704108935,
6,T6,165000.0,shapefit,0.01,66,0.4109102872219183,
6,T6,165000.0,string_n1,0.01,67,-0.0104958146411191,
6,T6,165000.0,multi_iso,0.01,67,0.1718845173312443,
6,T6,165000.0,shapefit,0.01,67,-0.8190574774148021,
6,T6,165000.0,string_n1,0.01,68,0.1620258031520907,
6,T6,165000.0,multi_iso,0.01,68,0.1054351237932022,
6,T6,165000.0,shapefit,0.01,68,-1.8807006756483513,
6,T6,165000.0,string_n1,0.01,69,1.0961861373651174,
6,T6,165000.0,multi_iso,0.01,69,-0.2599002813101238,
6,T6,165000.0,shapefit,0.01,69,0.2158117624431509,
6,T6,165000.0,string_n1,0.01,70,0.9760313521568824,
6,T6,165000.0,multi_iso,0.01,70,-0.1471644197354996,
6,T6,165000.0,shapefit,0.01,70,0.7466735599798884,
6,T6,165000.0,string_n1,0.01,71,0.2311080746979198,
6,T6,165000.0,multi_iso,0.01,71,-0.1061762345590889,
6,T6,165000.0,shapefit,0.01,71,-0.3213384940989393,
6,T6,165000.0,string_n1,0.01,72,0.7607248882986746,
6,T6,165000.0,multi_iso,0.01,72,-0.0107192822366734,
6,T6,165000.0,shapefit,0.01,72,2.010087732146706,
6,T6,165000.0,string_n1,0.01,73,1.408656391293396,
6,T6,165000.0,multi_iso,0.01,73,0.5464719698520264,
6,T6,165000.0,shapefit,0.01,73,0.2002834815964646,
6,T6,165000.0,string_n1,0.01,74,0.892849712779368,
6,T6,165000.0,multi_iso,0.01,74,-0.2576355607830037,
6,T6,165000.0,shapefit,0.01,74,2.6459919482649825,
6,T6,165000.0,string_n1,0.01,75,0.4217834932215434,
6,T6,165000.0,multi_iso,0.01,75,0.1238874607249586,
6,T6,165000.0,shapefit,0.01,75,1.2218546438485094,
6,T6,165000.0,string_n1,0.01,76,0.983943390763968,
6,T6,165000.0,multi_iso,0.01,76,0.0621848924615187,
6,T6,165000.0,shapefit,0.01,76,-0.044796563866266,
6,T6,165000.0,string_n1,0.01,77,0.2036159311697437,
6,T6,165000.0,multi_iso,0.01,77,0.2639137185729553,
6,T6,165000.0,shapefit,0.01,77,-0.7580042609313298,
6,T6,165000.0,string_n1,0.01,78,1.2917855877465585,
6,T6,165000.0,multi_iso,0.01,78,0.276327973071902,
6,T6,165000.0,shapefit,0.01,78,0.9478015593442164,
6,T6,165000.0,string_n1,0.01,79,0.2173090585040203,
6,T6,165000.0,multi_iso,0.01,79,0.3504544572157178,
6,T6,165000.0,shapefit,0.01,79,-2.992718296176172,
6,T6,165000.0,string_n1,0.01,80,1.0740846224082456,
6,T6,165000.0,multi_iso,0.01,80,0.132959200166321,
6,T6,165000.0,shapefit,0.01,80,0.7506607080058894,
6,T6,165000.0,string_n1,0.01,81,0.6902914961226898,
6,T6,165000.0,multi_iso,0.01,81,-0.3763904690199927,
6,T6,165000.0,shapefit,0.01,81,1.1544588554391608,
6,T6,165000.0,string_n1,0.01,82,0.4959158421470078,
6,T6,165000.0,multi_iso,0.01,82,-0.3180329689496747,
6,T6,165000.0,shapefit,0.01,82,0.9201274667323256,
6,T6,165000.0,string_n1,0.01,83,0.298227974316264,
6,T6,165000.0,multi_iso,0.01,83,0.1767469297444172,
6,T6,165000.0,shapefit,0.01,83,-1.380189174172772,
6,T6,165000.0,string_n1,0.01,84,0.0736248592952809,
6,T6,165000.0,multi_iso,0.01,84,0.4527949020248717,
6,T6,165000.0,shapefit,0.01,84,-0.4946461040750463,
6,T6,165000.0,string_n1,0.01,85,1.657770305771423,
6,T6,165000.0,multi_iso,0.01,85,0.1763585502698234,
6,T6,165000.0,shapefit,0.01,85,-0.1914082204201258,
6,T6,165000.0,string_n1,0.01,86,0.2241413137846393,
6,T6,165000.0,multi_iso,0.01,86,0.2835423755014992,
6,T6,165000.0,shapefit,0.01,86,-1.7762476171431074,
6,T6,165000.0,string_n1,0.01,87,0.3738016128401751,
6,T6,165000.0,multi_iso,0.01,87,0.0814385942765688,
6,T6,165000.0,shapefit,0.01,87,1.9138674020749749,
6,T6,165000.0,string_n1,0.01,88,1.299050948371966,
6,T6,165000.0,multi_iso,0.01,88,0.4358493302222941,
6,T6,165000.0,shapefit,0.01,88,0.546681759323445,
6,T6,165000.0,string_n1,0.01,89,0.6184093832137296,
6,T6,165000.0,multi_iso,0.01,89,-0.064570302188795,
6,T6,165000.0,shapefit,0.01,89,0.9488814241346852,
6,T6,165000.0,string_n1,0.01,90,-0.2591930590293927,
6,T6,165000.0,multi_iso,0.01,90,0.6376705174147025,
6,T6,165000.0,shapefit,0.01,90,-1.080645640508808,
6,T6,165000.0,string_n1,0.01,91,0.8178255885467992,
6,T6,165000.0,multi_iso,0.01,91,-0.0061425416955943,
6,T6,165000.0,shapefit,0.01,91,0.1875299433405003,
6,T6,165000.0,string_n1,0.01,92,1.2103240378878333,
6,T6,165000.0,multi_iso,0.01,92,-0.4981502910298436,
6,T6,165000.0,shapefit,0.01,92,-1.1212590190241198,
6,T6,165000.0,string_n1,0.01,93,0.5614011594611855,
6,T6,165000.0,multi_iso,0.01,93,-0.0999635412509969,
6,T6,165000.0,shapefit,0.01,93,-0.3396148064885302,
6,T6,165000.0,string_n1,0.01,94,1.624491212664412,
6,T6,165000.0,multi_iso,0.01,94,-0.1697424909810775,
6,T6,165000.0,shapefit,0.01,94,-0.1490099579856597,
6,T6,165000.0,string_n1,0.01,95,1.4323536062825324,
6,T6,165000.0,multi_iso,0.01,95,-0.0758353334867085,
6,T6,165000.0,shapefit,0.01,95,-0.2322522638241626,
6,T6,165000.0,string_n1,0.01,96,1.1684059250063377,
6,T6,165000.0,multi_iso,0.01,96,0.3823332023369959,
6,T6,165000.0,shapefit,0.01,96,-0.195891802254782,
6,T6,165000.0,string_n1,0.01,97,0.6209262630157701,
6,T6,165000.0,multi_iso,0.01,97,0.0956685694663743,
6,T6,165000.0,shapefit,0.01,97,-0.1012983840552271,
6,T6,165000.0,string_n1,0.01,98,0.7592120476587054,
6,T6,165000.0,multi_iso,0.01,98,0.2135689725027292,
6,T6,165000.0,shapefit,0.01,98,-2.0495453078559756,
6,T6,165000.0,string_n1,0.01,99,1.4148566512541252,
6,T6,165000.0,multi_iso,0.01,99,0.0243632294323514,
6,T6,165000.0,shapefit,0.01,99,0.669408928617768,
6,T6,165000.0,string_n1,0.02,0,0.9921808279715092,
6,T6,165000.0,multi_iso,0.02,0,0.3286822307270344,
6,T6,165000.0,shapefit,0.02,0,6.0452991522901,
6,T6,165000.0,string_n1,0.02,1,0.9662054643688978,
6,T6,165000.0,multi_iso,0.02,1,0.0312062063537516,
6,T6,165000.0,shapefit,0.02,1,-2.8754537785440246,
6,T6,165000.0,string_n1,0.02,2,0.7976470499094505,
6,T6,165000.0,multi_iso,0.02,2,0.030250872624156,
6,T6,165000.0,shapefit,0.02,2,4.3390719248280885,
6,T6,165000.0,string_n1,0.02,3,1.4648551873963285,
6,T6,165000.0,multi_iso,0.02,3,0.1228913640718074,
6,T6,165000.0,shapefit,0.02,3,-4.014623092726618,
6,T6,165000.0,string_n1,0.02,4,0.8954039873521613,
6,T6,165000.0,multi_iso,0.02,4,0.6217120850401592,
6,T6,165000.0,shapefit,0.02,4,-0.0970099658837937,
6,T6,165000.0,string_n1,0.02,5,0.4349064628916411,
6,T6,165000.0,multi_iso,0.02,5,0.2200192114782597,
6,T6,165000.0,shapefit,0.02,5,-0.0668723103455726,
6,T6,165000.0,string_n1,0.02,6,0.5635929758001514,
6,T6,165000.0,multi_iso,0.02,6,0.1241276420874937,
6,T6,165000.0,shapefit,0.02,6,0.1521508223092479,
6,T6,165000.0,string_n1,0.02,7,-0.4624098622038163,
6,T6,165000.0,multi_iso,0.02,7,-0.2499417828615917,
6,T6,165000.0,shapefit,0.02,7,-3.5785834957625733,
6,T6,165000.0,string_n1,0.02,8,-0.1703121909164386,
6,T6,165000.0,multi_iso,0.02,8,-0.2850380665639584,
6,T6,165000.0,shapefit,0.02,8,-8.956505040687608,
6,T6,165000.0,string_n1,0.02,9,-0.1461111409895503,
6,T6,165000.0,multi_iso,0.02,9,0.191606702571964,
6,T6,165000.0,shapefit,0.02,9,-4.115319707634908,
6,T6,165000.0,string_n1,0.02,10,0.1837538684496769,
6,T6,165000.0,multi_iso,0.02,10,-0.3953134211542607,
6,T6,165000.0,shapefit,0.02,10,0.0039296897967473,
6,T6,165000.0,string_n1,0.02,11,0.3628915682138,
6,T6,165000.0,multi_iso,0.02,11,0.0871677673004292,
6,T6,165000.0,shapefit,0.02,11,5.352530154457447,
6,T6,165000.0,string_n1,0.02,12,0.3164015972713065,
6,T6,165000.0,multi_iso,0.02,12,0.1227437824756789,
6,T6,165000.0,shapefit,0.02,12,0.9196652365358596,
6,T6,165000.0,string_n1,0.02,13,1.2172031078804602,
6,T6,165000.0,multi_iso,0.02,13,-0.3236363071756205,
6,T6,165000.0,shapefit,0.02,13,-1.0348438640695532,
6,T6,165000.0,string_n1,0.02,14,0.6836132546566835,
6,T6,165000.0,multi_iso,0.02,14,0.020881546587722,
6,T6,165000.0,shapefit,0.02,14,1.162086172605526,
6,T6,165000.0,string_n1,0.02,15,0.7009462872355344,
6,T6,165000.0,multi_iso,0.02,15,0.099684485995059,
6,T6,165000.0,shapefit,0.02,15,7.334236186276046,
6,T6,165000.0,string_n1,0.02,16,0.7661294538022908,
6,T6,165000.0,multi_iso,0.02,16,-0.1515182774870614,
6,T6,165000.0,shapefit,0.02,16,-3.239681815823318,
6,T6,165000.0,string_n1,0.02,17,1.227791189289225,
6,T6,165000.0,multi_iso,0.02,17,-0.1306651171994621,
6,T6,165000.0,shapefit,0.02,17,-0.1583103007055064,
6,T6,165000.0,string_n1,0.02,18,0.6557848214333044,
6,T6,165000.0,multi_iso,0.02,18,0.0655120644299313,
6,T6,165000.0,shapefit,0.02,18,-0.8560829309238629,
6,T6,165000.0,string_n1,0.02,19,0.4475215022691003,
6,T6,165000.0,multi_iso,0.02,19,0.0180008292434363,
6,T6,165000.0,shapefit,0.02,19,-1.9335393232397144,
6,T6,165000.0,string_n1,0.02,20,1.125911310711844,
6,T6,165000.0,multi_iso,0.02,20,0.0422641350772006,
6,T6,165000.0,shapefit,0.02,20,-1.729509986580974,
6,T6,165000.0,string_n1,0.02,21,0.7012156466174355,
6,T6,165000.0,multi_iso,0.02,21,0.1337132993308213,
6,T6,165000.0,shapefit,0.02,21,-3.6136536421802665,
6,T6,165000.0,string_n1,0.02,22,1.1657359329724657,
6,T6,165000.0,multi_iso,0.02,22,0.0515191066533567,
6,T6,165000.0,shapefit,0.02,22,-0.6099248591045828,
6,T6,165000.0,string_n1,0.02,23,0.565199166115331,
6,T6,165000.0,multi_iso,0.02,23,-0.034159057007919,
6,T6,165000.0,shapefit,0.02,23,2.6063467837314325,
6,T6,165000.0,string_n1,0.02,24,1.8042325662127805,
6,T6,165000.0,multi_iso,0.02,24,0.1044471698153629,
6,T6,165000.0,shapefit,0.02,24,7.126586635879834,
6,T6,165000.0,string_n1,0.02,25,0.342418491407862,
6,T6,165000.0,multi_iso,0.02,25,0.1484858121674253,
6,T6,165000.0,shapefit,0.02,25,1.012267691749536,
6,T6,165000.0,string_n1,0.02,26,1.0117789182759411,
6,T6,165000.0,multi_iso,0.02,26,0.6028807691478163,
6,T6,165000.0,shapefit,0.02,26,0.7991881858537002,
6,T6,165000.0,string_n1,0.02,27,1.0290375204496862,
6,T6,165000.0,multi_iso,0.02,27,-0.1670426007628151,
6,T6,165000.0,shapefit,0.02,27,-1.5363446619208712,
6,T6,165000.0,string_n1,0.02,28,0.8761679641226885,
6,T6,165000.0,multi_iso,0.02,28,0.3748086864099428,
6,T6,165000.0,shapefit,0.02,28,-2.821303434479756,
6,T6,165000.0,string_n1,0.02,29,1.0474385963761332,
6,T6,165000.0,multi_iso,0.02,29,0.0184050701763198,
6,T6,165000.0,shapefit,0.02,29,1.4408366694961403,
6,T6,165000.0,string_n1,0.02,30,0.976045691175598,
6,T6,165000.0,multi_iso,0.02,30,0.2082320952724319,
6,T6,165000.0,shapefit,0.02,30,-2.125602980102113,
6,T6,165000.0,string_n1,0.02,31,1.0467087877997916,
6,T6,165000.0,multi_iso,0.02,31,-0.0146676234605327,
6,T6,165000.0,shapefit,0.02,31,2.8332201191377613,
6,T6,165000.0,string_n1,0.02,32,0.5387184634331127,
6,T6,165000.0,multi_iso,0.02,32,-0.016509539528457,
6,T6,165000.0,shapefit,0.02,32,0.8420663726744665,
6,T6,165000.0,string_n1,0.02,33,0.8544582927570445,
6,T6,165000.0,multi_iso,0.02,33,0.1063986826385371,
6,T6,165000.0,shapefit,0.02,33,2.8811653717869548,
6,T6,165000.0,string_n1,0.02,34,1.6270415062950323,
6,T6,165000.0,multi_iso,0.02,34,0.3340006498970395,
6,T6,165000.0,shapefit,0.02,34,0.7925817933951674,
6,T6,165000.0,string_n1,0.02,35,0.8015718371083318,
6,T6,165000.0,multi_iso,0.02,35,0.1746561317819798,
6,T6,165000.0,shapefit,0.02,35,-1.2318325599161095,
6,T6,165000.0,string_n1,0.02,36,1.2533647940778456,
6,T6,165000.0,multi_iso,0.02,36,-0.145964919546492,
6,T6,165000.0,shapefit,0.02,36,4.1092681309232795,
6,T6,165000.0,string_n1,0.02,37,1.0069857713291916,
6,T6,165000.0,multi_iso,0.02,37,-0.2777595088756149,
6,T6,165000.0,shapefit,0.02,37,-2.3381268633014143,
6,T6,165000.0,string_n1,0.02,38,0.6211465622781895,
6,T6,165000.0,multi_iso,0.02,38,-0.2599663798445941,
6,T6,165000.0,shapefit,0.02,38,-0.3932429065204501,
6,T6,165000.0,string_n1,0.02,39,1.0401182097945694,
6,T6,165000.0,multi_iso,0.02,39,-0.0516869770583985,
6,T6,165000.0,shapefit,0.02,39,-0.2736261769674831,
6,T6,165000.0,string_n1,0.02,40,0.7590451239524268,
6,T6,165000.0,multi_iso,0.02,40,0.4112138024927469,
6,T6,165000.0,shapefit,0.02,40,-1.7042726135093746,
6,T6,165000.0,string_n1,0.02,41,0.4291461567606981,
6,T6,165000.0,multi_iso,0.02,41,-0.0138978973950901,
6,T6,165000.0,shapefit,0.02,41,6.142105715623122,
6,T6,165000.0,string_n1,0.02,42,0.8625914147302903,
6,T6,165000.0,multi_iso,0.02,42,-0.08414434887684,
6,T6,165000.0,shapefit,0.02,42,-2.8586491546090023,
6,T6,165000.0,string_n1,0.02,43,1.0220364648807674,
6,T6,165000.0,multi_iso,0.02,43,-0.1451723885959522,
6,T6,165000.0,shapefit,0.02,43,-3.361688096037251,
6,T6,165000.0,string_n1,0.02,44,0.2917275257841296,
6,T6,165000.0,multi_iso,0.02,44,0.203469814947263,
6,T6,165000.0,shapefit,0.02,44,3.863072185247967,
6,T6,165000.0,string_n1,0.02,45,0.3130736483251288,
6,T6,165000.0,multi_iso,0.02,45,0.5301777070567231,
6,T6,165000.0,shapefit,0.02,45,-3.200364025510498,
6,T6,165000.0,string_n1,0.02,46,0.3848955911508175,
6,T6,165000.0,multi_iso,0.02,46,-0.0436678453341521,
6,T6,165000.0,shapefit,0.02,46,-0.9614789512810988,
6,T6,165000.0,string_n1,0.02,47,1.097960988653305,
6,T6,165000.0,multi_iso,0.02,47,-0.0737993849818347,
6,T6,165000.0,shapefit,0.02,47,-0.1499704888867475,
6,T6,165000.0,string_n1,0.02,48,0.9094784964087672,
6,T6,165000.0,multi_iso,0.02,48,-0.1773611881674768,
6,T6,165000.0,shapefit,0.02,48,-4.098456182518346,
6,T6,165000.0,string_n1,0.02,49,0.6500743327710855,
6,T6,165000.0,multi_iso,0.02,49,-0.2296577035327209,
6,T6,165000.0,shapefit,0.02,49,-3.125280236408051,
6,T6,165000.0,string_n1,0.02,50,0.3550461858617685,
6,T6,165000.0,multi_iso,0.02,50,-0.2998707231788395,
6,T6,165000.0,shapefit,0.02,50,-0.1228037716663322,
6,T6,165000.0,string_n1,0.02,51,1.0887218663713605,
6,T6,165000.0,multi_iso,0.02,51,-0.1141238670604599,
6,T6,165000.0,shapefit,0.02,51,1.849711303640312,
6,T6,165000.0,string_n1,0.02,52,1.107272101437733,
6,T6,165000.0,multi_iso,0.02,52,0.2879472433967396,
6,T6,165000.0,shapefit,0.02,52,-2.5934837275073037,
6,T6,165000.0,string_n1,0.02,53,0.6735672833508756,
6,T6,165000.0,multi_iso,0.02,53,-0.3030204613753383,
6,T6,165000.0,shapefit,0.02,53,-2.5280686528979146,
6,T6,165000.0,string_n1,0.02,54,0.8534272972260828,
6,T6,165000.0,multi_iso,0.02,54,-0.0936202382594593,
6,T6,165000.0,shapefit,0.02,54,2.6548634600601067,
6,T6,165000.0,string_n1,0.02,55,0.7057133136293674,
6,T6,165000.0,multi_iso,0.02,55,-0.6157007298344627,
6,T6,165000.0,shapefit,0.02,55,3.1719639232547983,
6,T6,165000.0,string_n1,0.02,56,0.8246123451624017,
6,T6,165000.0,multi_iso,0.02,56,0.2523452306689102,
6,T6,165000.0,shapefit,0.02,56,-1.146537190606027,
6,T6,165000.0,string_n1,0.02,57,1.2793267341660668,
6,T6,165000.0,multi_iso,0.02,57,0.3441941403579249,
6,T6,165000.0,shapefit,0.02,57,4.344800878322832,
6,T6,165000.0,string_n1,0.02,58,1.3272673093616632,
6,T6,165000.0,multi_iso,0.02,58,0.3901251880411997,
6,T6,165000.0,shapefit,0.02,58,-0.006922728126925,
6,T6,165000.0,string_n1,0.02,59,0.8086558018433756,
6,T6,165000.0,multi_iso,0.02,59,0.4149348558935823,
6,T6,165000.0,shapefit,0.02,59,3.4449621501298457,
6,T6,165000.0,string_n1,0.02,60,0.7485428284850169,
6,T6,165000.0,multi_iso,0.02,60,0.394777669670787,
6,T6,165000.0,shapefit,0.02,60,-1.7276250990802091,
6,T6,165000.0,string_n1,0.02,61,0.5984751791741071,
6,T6,165000.0,multi_iso,0.02,61,-0.2441182399336001,
6,T6,165000.0,shapefit,0.02,61,-0.9780260295354212,
6,T6,165000.0,string_n1,0.02,62,0.5536793291097097,
6,T6,165000.0,multi_iso,0.02,62,0.0898449949222391,
6,T6,165000.0,shapefit,0.02,62,-0.2880990733126898,
6,T6,165000.0,string_n1,0.02,63,1.053348835711826,
6,T6,165000.0,multi_iso,0.02,63,0.2423748601474764,
6,T6,165000.0,shapefit,0.02,63,2.9651387592113867,
6,T6,165000.0,string_n1,0.02,64,0.8002816632964338,
6,T6,165000.0,multi_iso,0.02,64,-0.2874611198809703,
6,T6,165000.0,shapefit,0.02,64,2.009185667527702,
6,T6,165000.0,string_n1,0.02,65,0.1024165354655688,
6,T6,165000.0,multi_iso,0.02,65,0.2509684346866737,
6,T6,165000.0,shapefit,0.02,65,0.1688489244493416,
6,T6,165000.0,string_n1,0.02,66,1.1957907960107232,
6,T6,165000.0,multi_iso,0.02,66,0.1663984489884707,
6,T6,165000.0,shapefit,0.02,66,0.6274077654543869,
6,T6,165000.0,string_n1,0.02,67,0.1511171313526045,
6,T6,165000.0,multi_iso,0.02,67,0.163880533613194,
6,T6,165000.0,shapefit,0.02,67,-2.5880214571128564,
6,T6,165000.0,string_n1,0.02,68,1.7763054359161337,
6,T6,165000.0,multi_iso,0.02,68,0.1788079348111624,
6,T6,165000.0,shapefit,0.02,68,-1.7452204552112205,
6,T6,165000.0,string_n1,0.02,69,0.624679159929422,
6,T6,165000.0,multi_iso,0.02,69,0.3659628065966712,
6,T6,165000.0,shapefit,0.02,69,-2.908408095152241,
6,T6,165000.0,string_n1,0.02,70,0.4527952996419679,
6,T6,165000.0,multi_iso,0.02,70,-0.2921667248542089,
6,T6,165000.0,shapefit,0.02,70,-2.0991041745589056,
6,T6,165000.0,string_n1,0.02,71,0.2010591226449116,
6,T6,165000.0,multi_iso,0.02,71,-0.2771432754227884,
6,T6,165000.0,shapefit,0.02,71,5.647278634043495,
6,T6,165000.0,string_n1,0.02,72,-0.020318300231187,
6,T6,165000.0,multi_iso,0.02,72,-0.1578131420253846,
6,T6,165000.0,shapefit,0.02,72,2.6222910139482702,
6,T6,165000.0,string_n1,0.02,73,1.140392539381053,
6,T6,165000.0,multi_iso,0.02,73,0.2842957202673918,
6,T6,165000.0,shapefit,0.02,73,3.28827223343466,
6,T6,165000.0,string_n1,0.02,74,0.1676679794724226,
6,T6,165000.0,multi_iso,0.02,74,-0.0054183805475865,
6,T6,165000.0,shapefit,0.02,74,3.917781030962536,
6,T6,165000.0,string_n1,0.02,75,1.0310107397498869,
6,T6,165000.0,multi_iso,0.02,75,0.126840542703814,
6,T6,165000.0,shapefit,0.02,75,0.2811972254256111,
6,T6,165000.0,string_n1,0.02,76,0.8340164094589383,
6,T6,165000.0,multi_iso,0.02,76,-0.019935849563141,
6,T6,165000.0,shapefit,0.02,76,-1.1659548495329075,
6,T6,165000.0,string_n1,0.02,77,0.8345377755497766,
6,T6,165000.0,multi_iso,0.02,77,-0.3601720874459715,
6,T6,165000.0,shapefit,0.02,77,-3.097679025422461,
6,T6,165000.0,string_n1,0.02,78,1.2086313872782966,
6,T6,165000.0,multi_iso,0.02,78,0.0056451364453515,
6,T6,165000.0,shapefit,0.02,78,3.9919154630931777,
6,T6,165000.0,string_n1,0.02,79,0.6091361404701743,
6,T6,165000.0,multi_iso,0.02,79,-0.2542615374291287,
6,T6,165000.0,shapefit,0.02,79,3.453785067986147,
6,T6,165000.0,string_n1,0.02,80,0.919848913881402,
6,T6,165000.0,multi_iso,0.02,80,0.2353422504376486,
6,T6,165000.0,shapefit,0.02,80,-1.8352096307958885,
6,T6,165000.0,string_n1,0.02,81,0.8194543949971469,
6,T6,165000.0,multi_iso,0.02,81,-0.0514595026398522,
6,T6,165000.0,shapefit,0.02,81,0.8875942814280808,
6,T6,165000.0,string_n1,0.02,82,1.0583342774072133,
6,T6,165000.0,multi_iso,0.02,82,-0.1954263967404205,
6,T6,165000.0,shapefit,0.02,82,-0.4063679198068778,
6,T6,165000.0,string_n1,0.02,83,0.3908580644496286,
6,T6,165000.0,multi_iso,0.02,83,0.1413541882655717,
6,T6,165000.0,shapefit,0.02,83,0.092995570612715,
6,T6,165000.0,string_n1,0.02,84,1.0128887178348271,
6,T6,165000.0,multi_iso,0.02,84,0.385333530311261,
6,T6,165000.0,shapefit,0.02,84,-1.7380994290720573,
6,T6,165000.0,string_n1,0.02,85,0.8567311397219027,
6,T6,165000.0,multi_iso,0.02,85,0.0784781705425473,
6,T6,165000.0,shapefit,0.02,85,-1.8536394382806525,
6,T6,165000.0,string_n1,0.02,86,0.7232163748123231,
6,T6,165000.0,multi_iso,0.02,86,0.0444645254560181,
6,T6,165000.0,shapefit,0.02,86,-0.2549601891390788,
6,T6,165000.0,string_n1,0.02,87,0.4100800036475641,
6,T6,165000.0,multi_iso,0.02,87,0.5115873040505826,
6,T6,165000.0,shapefit,0.02,87,-0.9563947522275636,
6,T6,165000.0,string_n1,0.02,88,1.135982104409874,
6,T6,165000.0,multi_iso,0.02,88,0.4384228803166082,
6,T6,165000.0,shapefit,0.02,88,2.0223089663688603,
6,T6,165000.0,string_n1,0.02,89,1.2958913956343718,
6,T6,165000.0,multi_iso,0.02,89,-0.1527471007164003,
6,T6,165000.0,shapefit,0.02,89,-3.908145984267414,
6,T6,165000.0,string_n1,0.02,90,1.2039511767743425,
6,T6,165000.0,multi_iso,0.02,90,0.0941809091866933,
6,T6,165000.0,shapefit,0.02,90,0.0034750118842313,
6,T6,165000.0,string_n1,0.02,91,1.4512466810120686,
6,T6,165000.0,multi_iso,0.02,91,-0.0478814314682544,
6,T6,165000.0,shapefit,0.02,91,1.6521475182877938,
6,T6,165000.0,string_n1,0.02,92,1.3986725295004152,
6,T6,165000.0,multi_iso,0.02,92,0.2783630525394498,
6,T6,165000.0,shapefit,0.02,92,0.3548679025017896,
6,T6,165000.0,string_n1,0.02,93,0.476085087818845,
6,T6,165000.0,multi_iso,0.02,93,-0.0690675053211408,
6,T6,165000.0,shapefit,0.02,93,-0.9284773221131324,
6,T6,165000.0,string_n1,0.02,94,0.5421731382020692,
6,T6,165000.0,multi_iso,0.02,94,0.1738061390495965,
6,T6,165000.0,shapefit,0.02,94,-1.2204077454089632,
6,T6,165000.0,string_n1,0.02,95,0.469046443154097,
6,T6,165000.0,multi_iso,0.02,95,-0.053950583165649,
6,T6,165000.0,shapefit,0.02,95,4.391975734839074,
6,T6,165000.0,string_n1,0.02,96,0.1753821691138684,
6,T6,165000.0,multi_iso,0.02,96,-0.0241287052910774,
6,T6,165000.0,shapefit,0.02,96,1.5275138471364995,
6,T6,165000.0,string_n1,0.02,97,0.7861665833156352,
6,T6,165000.0,multi_iso,0.02,97,0.0265480741482601,
6,T6,165000.0,shapefit,0.02,97,1.06670051452605,
6,T6,165000.0,string_n1,0.02,98,0.2147703062813327,
6,T6,165000.0,multi_iso,0.02,98,0.0592195906097979,
6,T6,165000.0,shapefit,0.02,98,2.3659813826568215,
6,T6,165000.0,string_n1,0.02,99,0.3761725655254365,
6,T6,165000.0,multi_iso,0.02,99,0.0800432052306838,
6,T6,165000.0,shapefit,0.02,99,5.169604581350348,
6,T6,165000.0,pinn_free,0.01,0,0.8535575203109483,
6,T6,165000.0,pinn_free,0.01,1,-6.550620847879573,
6,T6,165000.0,pinn_free,0.01,2,-0.7911384017811736,
7,T7,170500.0,string_n1,0.0,-1,0.6069848778733917,
7,T7,170500.0,multi_iso,0.0,-1,0.0253927855630872,
7,T7,170500.0,shapefit,0.0,-1,-2.9696002083658474e-07,-2764801.956714728
7,T7,170500.0,pinn_free,0.0,-1,9.84037938169982e-06,-2765927.6700282153
7,T7,170500.0,pinn_free,0.0,-2,-0.0002127921998724,-2766245.631146642
7,T7,170500.0,pinn_free,0.0,-3,-2.5894346167647505e-05,-2765686.873273673
7,T7,170500.0,string_n1,0.005,0,1.1636410617386843,
7,T7,170500.0,multi_iso,0.005,0,-0.0003122538887203,
7,T7,170500.0,shapefit,0.005,0,-0.6388872925689528,
7,T7,170500.0,string_n1,0.005,1,0.4692898093395876,
7,T7,170500.0,multi_iso,0.005,1,0.0174100990107937,
7,T7,170500.0,shapefit,0.005,1,-0.2639460394710822,
7,T7,170500.0,string_n1,0.005,2,0.7124139767675797,
7,T7,170500.0,multi_iso,0.005,2,0.2509348678851194,
7,T7,170500.0,shapefit,0.005,2,-0.2256902675958428,
7,T7,170500.0,string_n1,0.005,3,0.9631841035721423,
7,T7,170500.0,multi_iso,0.005,3,-0.0278411295478671,
7,T7,170500.0,shapefit,0.005,3,0.4274642130638926,
7,T7,170500.0,string_n1,0.005,4,0.1801109476850533,
7,T7,170500.0,multi_iso,0.005,4,0.2201990586301124,
7,T7,170500.0,shapefit,0.005,4,0.0007846008473461,
7,T7,170500.0,string_n1,0.005,5,1.035947872989533,
7,T7,170500.0,multi_iso,0.005,5,0.1684149364267934,
7,T7,170500.0,shapefit,0.005,5,0.1582603896725677,
7,T7,170500.0,string_n1,0.005,6,0.9209289970980816,
7,T7,170500.0,multi_iso,0.005,6,0.1544236848501917,
7,T7,170500.0,shapefit,0.005,6,0.5420606740577456,
7,T7,170500.0,string_n1,0.005,7,0.0790465538467647,
7,T7,170500.0,multi_iso,0.005,7,-0.0409534673193876,
7,T7,170500.0,shapefit,0.005,7,-0.37824549130951,
7,T7,170500.0,string_n1,0.005,8,-0.1027062358450393,
7,T7,170500.0,multi_iso,0.005,8,-0.1834431932645247,
7,T7,170500.0,shapefit,0.005,8,-0.7578112129255162,
7,T7,170500.0,string_n1,0.005,9,1.01148625860553,
7,T7,170500.0,multi_iso,0.005,9,0.0430036470777924,
7,T7,170500.0,shapefit,0.005,9,-0.0968932669265147,
7,T7,170500.0,string_n1,0.005,10,-0.1072917264554024,
7,T7,170500.0,multi_iso,0.005,10,0.0739165711557339,
7,T7,170500.0,shapefit,0.005,10,-1.5820600638449598,
7,T7,170500.0,string_n1,0.005,11,0.7876593564510177,
7,T7,170500.0,multi_iso,0.005,11,0.3433659632825613,
7,T7,170500.0,shapefit,0.005,11,-0.7977650102870089,
7,T7,170500.0,string_n1,0.005,12,0.9165282103976083,
7,T7,170500.0,multi_iso,0.005,12,0.3846761158511488,
7,T7,170500.0,shapefit,0.005,12,0.1677183723021701,
7,T7,170500.0,string_n1,0.005,13,0.8187860230722702,
7,T7,170500.0,multi_iso,0.005,13,0.0158830716785404,
7,T7,170500.0,shapefit,0.005,13,-0.269886851747919,
7,T7,170500.0,string_n1,0.005,14,0.7222495667197704,
7,T7,170500.0,multi_iso,0.005,14,-0.2825554763965167,
7,T7,170500.0,shapefit,0.005,14,0.4605675320122582,
7,T7,170500.0,string_n1,0.005,15,0.2596118960597503,
7,T7,170500.0,multi_iso,0.005,15,0.3000444574342853,
7,T7,170500.0,shapefit,0.005,15,0.0474897287125239,
7,T7,170500.0,string_n1,0.005,16,0.223569277976998,
7,T7,170500.0,multi_iso,0.005,16,-0.3254785016988017,
7,T7,170500.0,shapefit,0.005,16,-0.4234466026457746,
7,T7,170500.0,string_n1,0.005,17,0.6915070193383742,
7,T7,170500.0,multi_iso,0.005,17,0.1325412520760522,
7,T7,170500.0,shapefit,0.005,17,0.2174083540643855,
7,T7,170500.0,string_n1,0.005,18,0.7427535402490225,
7,T7,170500.0,multi_iso,0.005,18,0.0722754132910529,
7,T7,170500.0,shapefit,0.005,18,0.6509144855801615,
7,T7,170500.0,string_n1,0.005,19,1.013733402464441,
7,T7,170500.0,multi_iso,0.005,19,0.5555786769859161,
7,T7,170500.0,shapefit,0.005,19,1.6498781735225836,
7,T7,170500.0,string_n1,0.005,20,0.8630624016288045,
7,T7,170500.0,multi_iso,0.005,20,-0.1831930366359088,
7,T7,170500.0,shapefit,0.005,20,-0.7116816802769852,
7,T7,170500.0,string_n1,0.005,21,0.8310401975133188,
7,T7,170500.0,multi_iso,0.005,21,0.077879406475152,
7,T7,170500.0,shapefit,0.005,21,-0.4518456422346248,
7,T7,170500.0,string_n1,0.005,22,1.251470902864258,
7,T7,170500.0,multi_iso,0.005,22,0.0385724584615886,
7,T7,170500.0,shapefit,0.005,22,-0.624639048110325,
7,T7,170500.0,string_n1,0.005,23,0.976526957463669,
7,T7,170500.0,multi_iso,0.005,23,-0.2163333383409471,
7,T7,170500.0,shapefit,0.005,23,0.6195260819617646,
7,T7,170500.0,string_n1,0.005,24,0.2841986355962385,
7,T7,170500.0,multi_iso,0.005,24,0.3090061332539537,
7,T7,170500.0,shapefit,0.005,24,0.2554495995651925,
7,T7,170500.0,string_n1,0.005,25,0.7657649204717188,
7,T7,170500.0,multi_iso,0.005,25,-0.2001729855276173,
7,T7,170500.0,shapefit,0.005,25,-0.3346647563264971,
7,T7,170500.0,string_n1,0.005,26,0.2661244184078165,
7,T7,170500.0,multi_iso,0.005,26,-0.0411818030892524,
7,T7,170500.0,shapefit,0.005,26,-0.42190435997192,
7,T7,170500.0,string_n1,0.005,27,0.4767891224988537,
7,T7,170500.0,multi_iso,0.005,27,-0.1675748201461455,
7,T7,170500.0,shapefit,0.005,27,-0.4934429418783132,
7,T7,170500.0,string_n1,0.005,28,0.6646368069291392,
7,T7,170500.0,multi_iso,0.005,28,-0.33822529778457,
7,T7,170500.0,shapefit,0.005,28,0.2056539345878487,
7,T7,170500.0,string_n1,0.005,29,0.8771056531443018,
7,T7,170500.0,multi_iso,0.005,29,0.1110939833867982,
7,T7,170500.0,shapefit,0.005,29,0.2713374216448518,
7,T7,170500.0,string_n1,0.005,30,0.6646600142100149,
7,T7,170500.0,multi_iso,0.005,30,0.0014362054543441,
7,T7,170500.0,shapefit,0.005,30,-0.8392100342721446,
7,T7,170500.0,string_n1,0.005,31,1.7650921511161517,
7,T7,170500.0,multi_iso,0.005,31,-0.2210480699687957,
7,T7,170500.0,shapefit,0.005,31,1.1896181243072883,
7,T7,170500.0,string_n1,0.005,32,0.2557537780602495,
7,T7,170500.0,multi_iso,0.005,32,-0.0006901262817416,
7,T7,170500.0,shapefit,0.005,32,0.1531991898467118,
7,T7,170500.0,string_n1,0.005,33,0.348893157873713,
7,T7,170500.0,multi_iso,0.005,33,-0.0759840051551715,
7,T7,170500.0,shapefit,0.005,33,-1.0232437490310644,
7,T7,170500.0,string_n1,0.005,34,0.2587441615277936,
7,T7,170500.0,multi_iso,0.005,34,0.0548836639517804,
7,T7,170500.0,shapefit,0.005,34,-0.226760330356441,
7,T7,170500.0,string_n1,0.005,35,0.5402038853785537,
7,T7,170500.0,multi_iso,0.005,35,-0.3314072876327631,
7,T7,170500.0,shapefit,0.005,35,0.3057286407974176,
7,T7,170500.0,string_n1,0.005,36,0.4140334226408341,
7,T7,170500.0,multi_iso,0.005,36,-0.3167567708063017,
7,T7,170500.0,shapefit,0.005,36,1.3004592456770556,
7,T7,170500.0,string_n1,0.005,37,0.606580042092951,
7,T7,170500.0,multi_iso,0.005,37,0.0075162416904389,
7,T7,170500.0,shapefit,0.005,37,0.4741350768318351,
7,T7,170500.0,string_n1,0.005,38,0.6236995364828827,
7,T7,170500.0,multi_iso,0.005,38,-0.2115807105550853,
7,T7,170500.0,shapefit,0.005,38,-0.609213232673835,
7,T7,170500.0,string_n1,0.005,39,-0.0030714020514184,
7,T7,170500.0,multi_iso,0.005,39,-0.1857485971730537,
7,T7,170500.0,shapefit,0.005,39,-0.9928146396359584,
7,T7,170500.0,string_n1,0.005,40,0.278196464953985,
7,T7,170500.0,multi_iso,0.005,40,-0.3617928630728725,
7,T7,170500.0,shapefit,0.005,40,-0.6332129951548534,
7,T7,170500.0,string_n1,0.005,41,1.0848796886179932,
7,T7,170500.0,multi_iso,0.005,41,-0.1855513176123223,
7,T7,170500.0,shapefit,0.005,41,0.0508536122969755,
7,T7,170500.0,string_n1,0.005,42,0.4876180040855759,
7,T7,170500.0,multi_iso,0.005,42,-0.0262600171441025,
7,T7,170500.0,shapefit,0.005,42,0.0061692285551341,
7,T7,170500.0,string_n1,0.005,43,0.4468641831513796,
7,T7,170500.0,multi_iso,0.005,43,0.2350547280661861,
7,T7,170500.0,shapefit,0.005,43,-0.0447321233804586,
7,T7,170500.0,string_n1,0.005,44,0.1308422399148969,
7,T7,170500.0,multi_iso,0.005,44,-0.2427794702385062,
7,T7,170500.0,shapefit,0.005,44,-0.8641485130332602,
7,T7,170500.0,string_n1,0.005,45,0.4109451847884748,
7,T7,170500.0,multi_iso,0.005,45,-0.3302041464102355,
7,T7,170500.0,shapefit,0.005,45,0.0663693411038987,
7,T7,170500.0,string_n1,0.005,46,0.225124186071785,
7,T7,170500.0,multi_iso,0.005,46,-0.3269305796478534,
7,T7,170500.0,shapefit,0.005,46,0.7628013119637342,
7,T7,170500.0,string_n1,0.005,47,1.3160828148477433,
7,T7,170500.0,multi_iso,0.005,47,-0.1836807088395225,
7,T7,170500.0,shapefit,0.005,47,1.8036645505548137,
7,T7,170500.0,string_n1,0.005,48,-0.0665622944338144,
7,T7,170500.0,multi_iso,0.005,48,0.268948910007652,
7,T7,170500.0,shapefit,0.005,48,-1.182771635594705,
7,T7,170500.0,string_n1,0.005,49,0.87242724259131,
7,T7,170500.0,multi_iso,0.005,49,-0.0322718484946144,
7,T7,170500.0,shapefit,0.005,49,0.1020387135191391,
7,T7,170500.0,string_n1,0.005,50,0.5947347373624136,
7,T7,170500.0,multi_iso,0.005,50,-0.1205714965606507,
7,T7,170500.0,shapefit,0.005,50,0.3410056378953896,
7,T7,170500.0,string_n1,0.005,51,0.7466849136583117,
7,T7,170500.0,multi_iso,0.005,51,-0.0669156009463465,
7,T7,170500.0,shapefit,0.005,51,-0.9942239106115556,
7,T7,170500.0,string_n1,0.005,52,-0.2121665449099324,
7,T7,170500.0,multi_iso,0.005,52,0.5044257712646393,
7,T7,170500.0,shapefit,0.005,52,-0.5497725638553611,
7,T7,170500.0,string_n1,0.005,53,0.5827984043575729,
7,T7,170500.0,multi_iso,0.005,53,0.15333380476108,
7,T7,170500.0,shapefit,0.005,53,-0.4113987153570462,
7,T7,170500.0,string_n1,0.005,54,0.1691997841324027,
7,T7,170500.0,multi_iso,0.005,54,0.1265691652507391,
7,T7,170500.0,shapefit,0.005,54,-1.55462300090701,
7,T7,170500.0,string_n1,0.005,55,0.2629985767728519,
7,T7,170500.0,multi_iso,0.005,55,-0.1203793981604488,
7,T7,170500.0,shapefit,0.005,55,0.6090016212981963,
7,T7,170500.0,string_n1,0.005,56,0.7374356742070399,
7,T7,170500.0,multi_iso,0.005,56,-0.3148016131932976,
7,T7,170500.0,shapefit,0.005,56,-0.6845267427662051,
7,T7,170500.0,string_n1,0.005,57,0.4518903858053615,
7,T7,170500.0,multi_iso,0.005,57,-0.06889123391429,
7,T7,170500.0,shapefit,0.005,57,-0.9325365386023344,
7,T7,170500.0,string_n1,0.005,58,-0.0279944914187949,
7,T7,170500.0,multi_iso,0.005,58,-0.2334283667274128,
7,T7,170500.0,shapefit,0.005,58,0.1514023333715713,
7,T7,170500.0,string_n1,0.005,59,-0.0603323583374389,
7,T7,170500.0,multi_iso,0.005,59,0.0007761406504495,
7,T7,170500.0,shapefit,0.005,59,-1.550589685022672,
7,T7,170500.0,string_n1,0.005,60,0.1211631856982315,
7,T7,170500.0,multi_iso,0.005,60,-0.4624863157526261,
7,T7,170500.0,shapefit,0.005,60,-0.58167141166714,
7,T7,170500.0,string_n1,0.005,61,0.4246324005488257,
7,T7,170500.0,multi_iso,0.005,61,-0.1395158952313046,
7,T7,170500.0,shapefit,0.005,61,0.7820848340537642,
7,T7,170500.0,string_n1,0.005,62,0.5943775742863546,
7,T7,170500.0,multi_iso,0.005,62,-0.0499840154568084,
7,T7,170500.0,shapefit,0.005,62,0.2660005541900692,
7,T7,170500.0,string_n1,0.005,63,0.1383997681728035,
7,T7,170500.0,multi_iso,0.005,63,0.0863313296927061,
7,T7,170500.0,shapefit,0.005,63,-0.8682902702529638,
7,T7,170500.0,string_n1,0.005,64,0.2762341792700857,
7,T7,170500.0,multi_iso,0.005,64,-0.098080850751385,
7,T7,170500.0,shapefit,0.005,64,-0.6964208293948397,
7,T7,170500.0,string_n1,0.005,65,1.0669037206904295,
7,T7,170500.0,multi_iso,0.005,65,-0.4305909002644776,
7,T7,170500.0,shapefit,0.005,65,0.9767536796050766,
7,T7,170500.0,string_n1,0.005,66,0.7172922159881396,
7,T7,170500.0,multi_iso,0.005,66,-0.01200881959202,
7,T7,170500.0,shapefit,0.005,66,-0.0180294707534586,
7,T7,170500.0,string_n1,0.005,67,1.158235105124655,
7,T7,170500.0,multi_iso,0.005,67,0.124306410190269,
7,T7,170500.0,shapefit,0.005,67,0.7439935958827334,
7,T7,170500.0,string_n1,0.005,68,0.9215540586825824,
7,T7,170500.0,multi_iso,0.005,68,0.0942309433536821,
7,T7,170500.0,shapefit,0.005,68,1.2459235215574451,
7,T7,170500.0,string_n1,0.005,69,0.766551661243525,
7,T7,170500.0,multi_iso,0.005,69,-0.120354392239841,
7,T7,170500.0,shapefit,0.005,69,-0.3107543277328723,
7,T7,170500.0,string_n1,0.005,70,0.3691373446393147,
7,T7,170500.0,multi_iso,0.005,70,-0.0371711951707963,
7,T7,170500.0,shapefit,0.005,70,0.8717235552417244,
7,T7,170500.0,string_n1,0.005,71,0.8262225773489844,
7,T7,170500.0,multi_iso,0.005,71,0.2599112451851983,
7,T7,170500.0,shapefit,0.005,71,0.494313416374411,
7,T7,170500.0,string_n1,0.005,72,1.4337240235218225,
7,T7,170500.0,multi_iso,0.005,72,-0.1701427064417647,
7,T7,170500.0,shapefit,0.005,72,1.424024793863364,
7,T7,170500.0,string_n1,0.005,73,0.1453957141281953,
7,T7,170500.0,multi_iso,0.005,73,0.0627074363063119,
7,T7,170500.0,shapefit,0.005,73,-1.2103298843782115,
7,T7,170500.0,string_n1,0.005,74,1.1026570145082912,
7,T7,170500.0,multi_iso,0.005,74,0.0081042932430787,
7,T7,170500.0,shapefit,0.005,74,1.3846427789982818,
7,T7,170500.0,string_n1,0.005,75,0.2389346292798197,
7,T7,170500.0,multi_iso,0.005,75,-0.0416247323733041,
7,T7,170500.0,shapefit,0.005,75,-0.7907699630124961,
7,T7,170500.0,string_n1,0.005,76,0.4228549714524352,
7,T7,170500.0,multi_iso,0.005,76,0.3239413778492539,
7,T7,170500.0,shapefit,0.005,76,-0.1099661110366914,
7,T7,170500.0,string_n1,0.005,77,0.0981511480849382,
7,T7,170500.0,multi_iso,0.005,77,0.0178704050529503,
7,T7,170500.0,shapefit,0.005,77,-1.2628259147197838,
7,T7,170500.0,string_n1,0.005,78,0.792453943518273,
7,T7,170500.0,multi_iso,0.005,78,0.3169884964445458,
7,T7,170500.0,shapefit,0.005,78,0.4271697660471631,
7,T7,170500.0,string_n1,0.005,79,0.0616886721550974,
7,T7,170500.0,multi_iso,0.005,79,0.0397087420712435,
7,T7,170500.0,shapefit,0.005,79,-1.3424417271071911,
7,T7,170500.0,string_n1,0.005,80,0.660215969893008,
7,T7,170500.0,multi_iso,0.005,80,0.0696464652529285,
7,T7,170500.0,shapefit,0.005,80,-0.0685700822623803,
7,T7,170500.0,string_n1,0.005,81,0.4954115012216469,
7,T7,170500.0,multi_iso,0.005,81,0.0331020097865325,
7,T7,170500.0,shapefit,0.005,81,0.0560505699120186,
7,T7,170500.0,string_n1,0.005,82,0.3519024548090754,
7,T7,170500.0,multi_iso,0.005,82,0.0903555837277899,
7,T7,170500.0,shapefit,0.005,82,-1.916390129121118,
7,T7,170500.0,string_n1,0.005,83,1.2590861081387752,
7,T7,170500.0,multi_iso,0.005,83,0.0423074562645201,
7,T7,170500.0,shapefit,0.005,83,1.855572771479576,
7,T7,170500.0,string_n1,0.005,84,0.0324010362785481,
7,T7,170500.0,multi_iso,0.005,84,-0.341038410325041,
7,T7,170500.0,shapefit,0.005,84,-1.3832943735902143,
7,T7,170500.0,string_n1,0.005,85,0.6110210412779524,
7,T7,170500.0,multi_iso,0.005,85,0.0806519052607438,
7,T7,170500.0,shapefit,0.005,85,-0.0195737689063861,
7,T7,170500.0,string_n1,0.005,86,0.9990113498577322,
7,T7,170500.0,multi_iso,0.005,86,0.1085139366702683,
7,T7,170500.0,shapefit,0.005,86,-0.0937391365472708,
7,T7,170500.0,string_n1,0.005,87,1.1091591320999166,
7,T7,170500.0,multi_iso,0.005,87,-0.0264123060915665,
7,T7,170500.0,shapefit,0.005,87,-0.2596819374491317,
7,T7,170500.0,string_n1,0.005,88,0.2666612698643808,
7,T7,170500.0,multi_iso,0.005,88,0.0705127718406756,
7,T7,170500.0,shapefit,0.005,88,0.7255288936939436,
7,T7,170500.0,string_n1,0.005,89,0.4569614859082452,
7,T7,170500.0,multi_iso,0.005,89,0.3111950127131379,
7,T7,170500.0,shapefit,0.005,89,-0.1734607911129145,
7,T7,170500.0,string_n1,0.005,90,0.6552243242002381,
7,T7,170500.0,multi_iso,0.005,90,-0.0930559461197919,
7,T7,170500.0,shapefit,0.005,90,0.8452226110560959,
7,T7,170500.0,string_n1,0.005,91,0.862621429436031,
7,T7,170500.0,multi_iso,0.005,91,0.4823947602066708,
7,T7,170500.0,shapefit,0.005,91,1.2867996277422282,
7,T7,170500.0,string_n1,0.005,92,0.5347974431101858,
7,T7,170500.0,multi_iso,0.005,92,0.1524371790728167,
7,T7,170500.0,shapefit,0.005,92,0.3747036535033916,
7,T7,170500.0,string_n1,0.005,93,0.7711799588373792,
7,T7,170500.0,multi_iso,0.005,93,-0.1074079277796999,
7,T7,170500.0,shapefit,0.005,93,-0.3246147520251263,
7,T7,170500.0,string_n1,0.005,94,0.6216427342915672,
7,T7,170500.0,multi_iso,0.005,94,0.1964209170744903,
7,T7,170500.0,shapefit,0.005,94,0.5197874692349921,
7,T7,170500.0,string_n1,0.005,95,0.5203631447622848,
7,T7,170500.0,multi_iso,0.005,95,-0.1731941391708455,
7,T7,170500.0,shapefit,0.005,95,0.5622973057311513,
7,T7,170500.0,string_n1,0.005,96,0.8624260906260317,
7,T7,170500.0,multi_iso,0.005,96,-0.0371362933920098,
7,T7,170500.0,shapefit,0.005,96,-0.1479781804534284,
7,T7,170500.0,string_n1,0.005,97,0.2028176787120045,
7,T7,170500.0,multi_iso,0.005,97,0.4936753711765775,
7,T7,170500.0,shapefit,0.005,97,-1.233811776232042,
7,T7,170500.0,string_n1,0.005,98,1.063818347339892,
7,T7,170500.0,multi_iso,0.005,98,-0.1366910616858026,
7,T7,170500.0,shapefit,0.005,98,0.4630824737442839,
7,T7,170500.0,string_n1,0.005,99,0.4859229094321878,
7,T7,170500.0,multi_iso,0.005,99,-0.4736879695273281,
7,T7,170500.0,shapefit,0.005,99,0.1399907647975504,
7,T7,170500.0,string_n1,0.01,0,0.962255739471264,
7,T7,170500.0,multi_iso,0.01,0,-0.1255364941300782,
7,T7,170500.0,shapefit,0.01,0,2.922373532467826,
7,T7,170500.0,string_n1,0.01,1,1.0282741564675064,
7,T7,170500.0,multi_iso,0.01,1,-0.2225496990459389,
7,T7,170500.0,shapefit,0.01,1,-0.9334291485396844,
7,T7,170500.0,string_n1,0.01,2,0.5999191657977678,
7,T7,170500.0,multi_iso,0.01,2,0.3785021610406625,
7,T7,170500.0,shapefit,0.01,2,1.6967277384033328,
7,T7,170500.0,string_n1,0.01,3,0.4005312150317965,
7,T7,170500.0,multi_iso,0.01,3,0.0993000690229551,
7,T7,170500.0,shapefit,0.01,3,0.7222591786099806,
7,T7,170500.0,string_n1,0.01,4,1.1929654770236309,
7,T7,170500.0,multi_iso,0.01,4,-0.0174423391583049,
7,T7,170500.0,shapefit,0.01,4,1.7615140344121745,
7,T7,170500.0,string_n1,0.01,5,0.5891405131642419,
7,T7,170500.0,multi_iso,0.01,5,-0.3224371579619939,
7,T7,170500.0,shapefit,0.01,5,-1.1499893177876623,
7,T7,170500.0,string_n1,0.01,6,0.9432688411754178,
7,T7,170500.0,multi_iso,0.01,6,0.0145857550289148,
7,T7,170500.0,shapefit,0.01,6,1.0204234979038784,
7,T7,170500.0,string_n1,0.01,7,0.836719706446452,
7,T7,170500.0,multi_iso,0.01,7,0.2077798854706288,
7,T7,170500.0,shapefit,0.01,7,-1.0993738169532477,
7,T7,170500.0,string_n1,0.01,8,0.2657569909339758,
7,T7,170500.0,multi_iso,0.01,8,-0.2161045083103741,
7,T7,170500.0,shapefit,0.01,8,-0.936956215668142,
7,T7,170500.0,string_n1,0.01,9,-0.0169205604027205,
7,T7,170500.0,multi_iso,0.01,9,0.0204506765977654,
7,T7,170500.0,shapefit,0.01,9,-2.176839128830757,
7,T7,170500.0,string_n1,0.01,10,0.0687999464120836,
7,T7,170500.0,multi_iso,0.01,10,-0.06290004375149,
7,T7,170500.0,shapefit,0.01,10,-2.3268851611539456,
7,T7,170500.0,string_n1,0.01,11,0.7883961323944338,
7,T7,170500.0,multi_iso,0.01,11,0.2892822087828419,
7,T7,170500.0,shapefit,0.01,11,-1.6486554970931504,
7,T7,170500.0,string_n1,0.01,12,0.9179454340346164,
7,T7,170500.0,multi_iso,0.01,12,-0.0339379385038268,
7,T7,170500.0,shapefit,0.01,12,-0.7296695909059171,
7,T7,170500.0,string_n1,0.01,13,0.4174150590254151,
7,T7,170500.0,multi_iso,0.01,13,0.3522886538536177,
7,T7,170500.0,shapefit,0.01,13,-0.9168281594358756,
7,T7,170500.0,string_n1,0.01,14,0.1225876475989209,
7,T7,170500.0,multi_iso,0.01,14,0.2944331009893595,
7,T7,170500.0,shapefit,0.01,14,-0.0551897103849578,
7,T7,170500.0,string_n1,0.01,15,0.3631403233738693,
7,T7,170500.0,multi_iso,0.01,15,-0.2945259036911075,
7,T7,170500.0,shapefit,0.01,15,0.500250278653381,
7,T7,170500.0,string_n1,0.01,16,1.503004030696775,
7,T7,170500.0,multi_iso,0.01,16,0.5251086272132006,
7,T7,170500.0,shapefit,0.01,16,0.1834236799906072,
7,T7,170500.0,string_n1,0.01,17,0.6434236020680559,
7,T7,170500.0,multi_iso,0.01,17,-0.4439766493568414,
7,T7,170500.0,shapefit,0.01,17,-0.4545002468385565,
7,T7,170500.0,string_n1,0.01,18,0.5871287461487157,
7,T7,170500.0,multi_iso,0.01,18,-0.328338391751787,
7,T7,170500.0,shapefit,0.01,18,-0.2500419834261873,
7,T7,170500.0,string_n1,0.01,19,0.9885561141043612,
7,T7,170500.0,multi_iso,0.01,19,0.1136906624923916,
7,T7,170500.0,shapefit,0.01,19,2.1015750366587755,
7,T7,170500.0,string_n1,0.01,20,0.4765640633153426,
7,T7,170500.0,multi_iso,0.01,20,0.1877234456042146,
7,T7,170500.0,shapefit,0.01,20,-0.0798821626302084,
7,T7,170500.0,string_n1,0.01,21,0.6517699252337981,
7,T7,170500.0,multi_iso,0.01,21,-0.0170889762230388,
7,T7,170500.0,shapefit,0.01,21,1.4408747930419217,
7,T7,170500.0,string_n1,0.01,22,0.8675094310734851,
7,T7,170500.0,multi_iso,0.01,22,-0.1554905556903297,
7,T7,170500.0,shapefit,0.01,22,1.628205173243352,
7,T7,170500.0,string_n1,0.01,23,0.7446078350132842,
7,T7,170500.0,multi_iso,0.01,23,-0.1854085126308119,
7,T7,170500.0,shapefit,0.01,23,-0.8578076830757352,
7,T7,170500.0,string_n1,0.01,24,1.4447394322535665,
7,T7,170500.0,multi_iso,0.01,24,0.2775146510588419,
7,T7,170500.0,shapefit,0.01,24,1.156814025900029,
7,T7,170500.0,string_n1,0.01,25,0.732031859697066,
7,T7,170500.0,multi_iso,0.01,25,0.0227285686393181,
7,T7,170500.0,shapefit,0.01,25,0.8637227831304427,
7,T7,170500.0,string_n1,0.01,26,1.587985076320981,
7,T7,170500.0,multi_iso,0.01,26,0.2766919862821901,
7,T7,170500.0,shapefit,0.01,26,-0.3838135019493019,
7,T7,170500.0,string_n1,0.01,27,1.2459329644577746,
7,T7,170500.0,multi_iso,0.01,27,0.0550421921540081,
7,T7,170500.0,shapefit,0.01,27,1.1198086554207771,
7,T7,170500.0,string_n1,0.01,28,0.3569708953638181,
7,T7,170500.0,multi_iso,0.01,28,0.2131819102103355,
7,T7,170500.0,shapefit,0.01,28,-1.766977247426285,
7,T7,170500.0,string_n1,0.01,29,1.5513655240192246,
7,T7,170500.0,multi_iso,0.01,29,0.0418004173069032,
7,T7,170500.0,shapefit,0.01,29,0.043923280012225,
7,T7,170500.0,string_n1,0.01,30,0.7282381021670309,
7,T7,170500.0,multi_iso,0.01,30,0.3061749617484482,
7,T7,170500.0,shapefit,0.01,30,-1.3012826999336349,
7,T7,170500.0,string_n1,0.01,31,1.1738436041372355,
7,T7,170500.0,multi_iso,0.01,31,-0.2642717498635922,
7,T7,170500.0,shapefit,0.01,31,0.7213318519687206,
7,T7,170500.0,string_n1,0.01,32,0.8874102278250847,
7,T7,170500.0,multi_iso,0.01,32,0.3886170325572725,
7,T7,170500.0,shapefit,0.01,32,-0.1775987492227323,
7,T7,170500.0,string_n1,0.01,33,0.9608025758234644,
7,T7,170500.0,multi_iso,0.01,33,-0.3458182678307691,
7,T7,170500.0,shapefit,0.01,33,-0.7949789760289324,
7,T7,170500.0,string_n1,0.01,34,-0.0230144403943835,
7,T7,170500.0,multi_iso,0.01,34,0.1263128311704275,
7,T7,170500.0,shapefit,0.01,34,1.5624322507531645,
7,T7,170500.0,string_n1,0.01,35,0.8195971355776752,
7,T7,170500.0,multi_iso,0.01,35,0.3609887138578516,
7,T7,170500.0,shapefit,0.01,35,-0.2325966982855775,
7,T7,170500.0,string_n1,0.01,36,1.6805812304957444,
7,T7,170500.0,multi_iso,0.01,36,0.3651574123932097,
7,T7,170500.0,shapefit,0.01,36,0.7053907858576357,
7,T7,170500.0,string_n1,0.01,37,0.1725973025211331,
7,T7,170500.0,multi_iso,0.01,37,0.0687097204224543,
7,T7,170500.0,shapefit,0.01,37,-1.13694504738715,
7,T7,170500.0,string_n1,0.01,38,0.5350962165693952,
7,T7,170500.0,multi_iso,0.01,38,0.318561684028307,
7,T7,170500.0,shapefit,0.01,38,-3.4290838836448687,
7,T7,170500.0,string_n1,0.01,39,0.7303226561952297,
7,T7,170500.0,multi_iso,0.01,39,0.2369820283430381,
7,T7,170500.0,shapefit,0.01,39,1.0425120855739125,
7,T7,170500.0,string_n1,0.01,40,0.3862245227282087,
7,T7,170500.0,multi_iso,0.01,40,-0.1727120445685493,
7,T7,170500.0,shapefit,0.01,40,1.4087169120675758,
7,T7,170500.0,string_n1,0.01,41,0.7024951549289582,
7,T7,170500.0,multi_iso,0.01,41,-0.0054494736006734,
7,T7,170500.0,shapefit,0.01,41,1.6897472125650663,
7,T7,170500.0,string_n1,0.01,42,1.2102360469563604,
7,T7,170500.0,multi_iso,0.01,42,0.2417498234335109,
7,T7,170500.0,shapefit,0.01,42,-1.1534431741755904,
7,T7,170500.0,string_n1,0.01,43,1.0132964357703,
7,T7,170500.0,multi_iso,0.01,43,-0.0747058690877568,
7,T7,170500.0,shapefit,0.01,43,0.0313233374016457,
7,T7,170500.0,string_n1,0.01,44,-0.0319554011262693,
7,T7,170500.0,multi_iso,0.01,44,-0.1979540490345105,
7,T7,170500.0,shapefit,0.01,44,-0.719171332127532,
7,T7,170500.0,string_n1,0.01,45,0.4473018241790704,
7,T7,170500.0,multi_iso,0.01,45,-0.3900943237834281,
7,T7,170500.0,shapefit,0.01,45,1.5927782956190042,
7,T7,170500.0,string_n1,0.01,46,0.9253264537446072,
7,T7,170500.0,multi_iso,0.01,46,-0.1639687001438711,
7,T7,170500.0,shapefit,0.01,46,0.8131022955051486,
7,T7,170500.0,string_n1,0.01,47,0.9630889907662102,
7,T7,170500.0,multi_iso,0.01,47,0.3748213298982036,
7,T7,170500.0,shapefit,0.01,47,-0.3723593676747663,
7,T7,170500.0,string_n1,0.01,48,0.338216559040016,
7,T7,170500.0,multi_iso,0.01,48,0.4441529597036603,
7,T7,170500.0,shapefit,0.01,48,-0.2247186276363209,
7,T7,170500.0,string_n1,0.01,49,1.0023713961713558,
7,T7,170500.0,multi_iso,0.01,49,-0.1062369727378689,
7,T7,170500.0,shapefit,0.01,49,0.3480188395222717,
7,T7,170500.0,string_n1,0.01,50,0.3974735149822663,
7,T7,170500.0,multi_iso,0.01,50,0.2666144881217742,
7,T7,170500.0,shapefit,0.01,50,-3.405095453946025,
7,T7,170500.0,string_n1,0.01,51,0.3906690602889455,
7,T7,170500.0,multi_iso,0.01,51,0.0512352852386359,
7,T7,170500.0,shapefit,0.01,51,-1.38430354644555,
7,T7,170500.0,string_n1,0.01,52,0.7502064160130887,
7,T7,170500.0,multi_iso,0.01,52,0.0952921152999761,
7,T7,170500.0,shapefit,0.01,52,-1.906234789513003,
7,T7,170500.0,string_n1,0.01,53,0.7318511855831715,
7,T7,170500.0,multi_iso,0.01,53,-0.17137490158931,
7,T7,170500.0,shapefit,0.01,53,-1.256411612409053,
7,T7,170500.0,string_n1,0.01,54,0.1378296696342824,
7,T7,170500.0,multi_iso,0.01,54,0.2174867658911899,
7,T7,170500.0,shapefit,0.01,54,-0.1151816219021259,
7,T7,170500.0,string_n1,0.01,55,0.6495163063436427,
7,T7,170500.0,multi_iso,0.01,55,0.2214734339839751,
7,T7,170500.0,shapefit,0.01,55,0.3366537488251378,
7,T7,170500.0,string_n1,0.01,56,0.8810526266729916,
7,T7,170500.0,multi_iso,0.01,56,-0.0926120044733363,
7,T7,170500.0,shapefit,0.01,56,-1.0398423659655671,
7,T7,170500.0,string_n1,0.01,57,0.4768015383179108,
7,T7,170500.0,multi_iso,0.01,57,0.165722635185262,
7,T7,170500.0,shapefit,0.01,57,-0.3740759522565354,
7,T7,170500.0,string_n1,0.01,58,0.5170083173198518,
7,T7,170500.0,multi_iso,0.01,58,-0.1337659519372297,
7,T7,170500.0,shapefit,0.01,58,-1.336500285739879,
7,T7,170500.0,string_n1,0.01,59,0.6080567296693727,
7,T7,170500.0,multi_iso,0.01,59,-0.1726397849651821,
7,T7,170500.0,shapefit,0.01,59,0.2783598515890262,
7,T7,170500.0,string_n1,0.01,60,0.3850920034386764,
7,T7,170500.0,multi_iso,0.01,60,0.2347515221063322,
7,T7,170500.0,shapefit,0.01,60,1.0680936501608769,
7,T7,170500.0,string_n1,0.01,61,1.0349624323433155,
7,T7,170500.0,multi_iso,0.01,61,0.0837993658819956,
7,T7,170500.0,shapefit,0.01,61,-2.139573951736789,
7,T7,170500.0,string_n1,0.01,62,0.8280223586092139,
7,T7,170500.0,multi_iso,0.01,62,-0.0886523171415917,
7,T7,170500.0,shapefit,0.01,62,2.010927687008091,
7,T7,170500.0,string_n1,0.01,63,-0.5547003382528263,
7,T7,170500.0,multi_iso,0.01,63,0.3243695570826305,
7,T7,170500.0,shapefit,0.01,63,-0.8714714906758614,
7,T7,170500.0,string_n1,0.01,64,1.5159338664173188,
7,T7,170500.0,multi_iso,0.01,64,-0.1443385152928012,
7,T7,170500.0,shapefit,0.01,64,-1.4471214357267654,
7,T7,170500.0,string_n1,0.01,65,-0.0111144762588296,
7,T7,170500.0,multi_iso,0.01,65,-0.0806575820568431,
7,T7,170500.0,shapefit,0.01,65,0.2083021483185211,
7,T7,170500.0,string_n1,0.01,66,0.7601988545535822,
7,T7,170500.0,multi_iso,0.01,66,0.4904912279208691,
7,T7,170500.0,shapefit,0.01,66,0.2163037448891717,
7,T7,170500.0,string_n1,0.01,67,1.1556163810607307,
7,T7,170500.0,multi_iso,0.01,67,-0.2134927577913678,
7,T7,170500.0,shapefit,0.01,67,-0.9478258586865904,
7,T7,170500.0,string_n1,0.01,68,0.6713381254229089,
7,T7,170500.0,multi_iso,0.01,68,0.3005814227462975,
7,T7,170500.0,shapefit,0.01,68,0.1954748668546428,
7,T7,170500.0,string_n1,0.01,69,0.4896379079046499,
7,T7,170500.0,multi_iso,0.01,69,-0.1354730441154778,
7,T7,170500.0,shapefit,0.01,69,-0.0067816149716844,
7,T7,170500.0,string_n1,0.01,70,1.0894880466630017,
7,T7,170500.0,multi_iso,0.01,70,0.1289448299173291,
7,T7,170500.0,shapefit,0.01,70,-0.106961682741718,
7,T7,170500.0,string_n1,0.01,71,0.2397394404380276,
7,T7,170500.0,multi_iso,0.01,71,0.042378156817613,
7,T7,170500.0,shapefit,0.01,71,0.6419787680945814,
7,T7,170500.0,string_n1,0.01,72,0.3127271697455518,
7,T7,170500.0,multi_iso,0.01,72,0.1883236124783671,
7,T7,170500.0,shapefit,0.01,72,1.638858603378686,
7,T7,170500.0,string_n1,0.01,73,0.7678417434751178,
7,T7,170500.0,multi_iso,0.01,73,0.6688887123241604,
7,T7,170500.0,shapefit,0.01,73,0.7064231567942542,
7,T7,170500.0,string_n1,0.01,74,1.3637689250545089,
7,T7,170500.0,multi_iso,0.01,74,-0.4055165622711094,
7,T7,170500.0,shapefit,0.01,74,-0.8385321871544982,
7,T7,170500.0,string_n1,0.01,75,0.7778478199082305,
7,T7,170500.0,multi_iso,0.01,75,0.0115166295408558,
7,T7,170500.0,shapefit,0.01,75,-1.6836984541593187,
7,T7,170500.0,string_n1,0.01,76,0.7425705144866342,
7,T7,170500.0,multi_iso,0.01,76,0.4206698741768098,
7,T7,170500.0,shapefit,0.01,76,0.3592683776903964,
7,T7,170500.0,string_n1,0.01,77,0.9143495075213804,
7,T7,170500.0,multi_iso,0.01,77,0.4407858784840704,
7,T7,170500.0,shapefit,0.01,77,0.9157942439085166,
7,T7,170500.0,string_n1,0.01,78,0.3359145814605648,
7,T7,170500.0,multi_iso,0.01,78,0.1774804979423129,
7,T7,170500.0,shapefit,0.01,78,-0.922615963588414,
7,T7,170500.0,string_n1,0.01,79,0.9357718947185976,
7,T7,170500.0,multi_iso,0.01,79,0.5623596280310685,
7,T7,170500.0,shapefit,0.01,79,1.8986759453601392,
7,T7,170500.0,string_n1,0.01,80,0.9830339598718484,
7,T7,170500.0,multi_iso,0.01,80,0.1375754084173676,
7,T7,170500.0,shapefit,0.01,80,0.0139535490027424,
7,T7,170500.0,string_n1,0.01,81,0.8619491795604178,
7,T7,170500.0,multi_iso,0.01,81,-0.046019934224821,
7,T7,170500.0,shapefit,0.01,81,0.9237925720326,
7,T7,170500.0,string_n1,0.01,82,0.5560387241688749,
7,T7,170500.0,multi_iso,0.01,82,0.2805502517110275,
7,T7,170500.0,shapefit,0.01,82,2.614347233345764,
7,T7,170500.0,string_n1,0.01,83,0.3626329348655246,
7,T7,170500.0,multi_iso,0.01,83,0.1737012379202934,
7,T7,170500.0,shapefit,0.01,83,0.0838697840095206,
7,T7,170500.0,string_n1,0.01,84,-0.1523612725724093,
7,T7,170500.0,multi_iso,0.01,84,0.0038527501669345,
7,T7,170500.0,shapefit,0.01,84,-1.6433690090306974,
7,T7,170500.0,string_n1,0.01,85,0.4527520583825093,
7,T7,170500.0,multi_iso,0.01,85,0.1638328674482864,
7,T7,170500.0,shapefit,0.01,85,0.2184099602127923,
7,T7,170500.0,string_n1,0.01,86,0.9245743132651274,
7,T7,170500.0,multi_iso,0.01,86,-0.3214463336164674,
7,T7,170500.0,shapefit,0.01,86,-0.6742528356388969,
7,T7,170500.0,string_n1,0.01,87,0.7554758437528191,
7,T7,170500.0,multi_iso,0.01,87,-0.1596203992935648,
7,T7,170500.0,shapefit,0.01,87,0.037968014288626,
7,T7,170500.0,string_n1,0.01,88,0.934519393879376,
7,T7,170500.0,multi_iso,0.01,88,0.1482695760523567,
7,T7,170500.0,shapefit,0.01,88,-0.2207401682545917,
7,T7,170500.0,string_n1,0.01,89,0.8325548084026859,
7,T7,170500.0,multi_iso,0.01,89,-0.4257757290124264,
7,T7,170500.0,shapefit,0.01,89,0.9226494824735356,
7,T7,170500.0,string_n1,0.01,90,1.4117388177928691,
7,T7,170500.0,multi_iso,0.01,90,-0.0313890184179703,
7,T7,170500.0,shapefit,0.01,90,0.2930362746677848,
7,T7,170500.0,string_n1,0.01,91,0.4445224629371472,
7,T7,170500.0,multi_iso,0.01,91,0.485329371897191,
7,T7,170500.0,shapefit,0.01,91,-0.5151898038861358,
7,T7,170500.0,string_n1,0.01,92,0.5179888713388305,
7,T7,170500.0,multi_iso,0.01,92,-0.380693991059817,
7,T7,170500.0,shapefit,0.01,92,1.3821784981459864,
7,T7,170500.0,string_n1,0.01,93,-0.1021544940690981,
7,T7,170500.0,multi_iso,0.01,93,0.0494448018827184,
7,T7,170500.0,shapefit,0.01,93,-0.2516974737986688,
7,T7,170500.0,string_n1,0.01,94,0.3311180536631635,
7,T7,170500.0,multi_iso,0.01,94,0.0031364487661793,
7,T7,170500.0,shapefit,0.01,94,-0.4455750979501051,
7,T7,170500.0,string_n1,0.01,95,0.397344857358812,
7,T7,170500.0,multi_iso,0.01,95,0.2351233413888659,
7,T7,170500.0,shapefit,0.01,95,0.0942368618637334,
7,T7,170500.0,string_n1,0.01,96,0.9389441326132886,
7,T7,170500.0,multi_iso,0.01,96,-0.0948215357399896,
7,T7,170500.0,shapefit,0.01,96,-0.3611550073147904,
7,T7,170500.0,string_n1,0.01,97,0.6020574719058568,
7,T7,170500.0,multi_iso,0.01,97,-0.4900362903014804,
7,T7,170500.0,shapefit,0.01,97,-0.2337219828552678,
7,T7,170500.0,string_n1,0.01,98,0.1865549526773249,
7,T7,170500.0,multi_iso,0.01,98,0.0525920038988036,
7,T7,170500.0,shapefit,0.01,98,0.4078249064976209,
7,T7,170500.0,string_n1,0.01,99,0.0698408520611001,
7,T7,170500.0,multi_iso,0.01,99,0.133801757592262,
7,T7,170500.0,shapefit,0.01,99,-1.2640439615422236,
7,T7,170500.0,string_n1,0.02,0,0.8867864507169748,
7,T7,170500.0,multi_iso,0.02,0,0.2001682253968744,
7,T7,170500.0,shapefit,0.02,0,2.7207371848669686,
7,T7,170500.0,string_n1,0.02,1,0.0863494437748308,
7,T7,170500.0,multi_iso,0.02,1,0.0771683613124646,
7,T7,170500.0,shapefit,0.02,1,-0.7070968487192099,
7,T7,170500.0,string_n1,0.02,2,0.5637161486184865,
7,T7,170500.0,multi_iso,0.02,2,0.4263468547768227,
7,T7,170500.0,shapefit,0.02,2,-1.1519006062600294,
7,T7,170500.0,string_n1,0.02,3,0.12158610459893,
7,T7,170500.0,multi_iso,0.02,3,0.3102222919719474,
7,T7,170500.0,shapefit,0.02,3,-2.644522878044415,
7,T7,170500.0,string_n1,0.02,4,1.434495487204436,
7,T7,170500.0,multi_iso,0.02,4,-0.0531206527769414,
7,T7,170500.0,shapefit,0.02,4,-2.695547838313669,
7,T7,170500.0,string_n1,0.02,5,0.4156730797355332,
7,T7,170500.0,multi_iso,0.02,5,-0.0908376774051133,
7,T7,170500.0,shapefit,0.02,5,2.7780512991947153,
7,T7,170500.0,string_n1,0.02,6,0.9794003423256252,
7,T7,170500.0,multi_iso,0.02,6,-0.3103687522226884,
7,T7,170500.0,shapefit,0.02,6,-1.6346144751727558,
7,T7,170500.0,string_n1,0.02,7,0.6243298456410616,
7,T7,170500.0,multi_iso,0.02,7,-0.7711557513397341,
7,T7,170500.0,shapefit,0.02,7,-3.0873109059747823,
7,T7,170500.0,string_n1,0.02,8,0.9290159856272068,
7,T7,170500.0,multi_iso,0.02,8,-0.091926849310343,
7,T7,170500.0,shapefit,0.02,8,5.654617236413917,
7,T7,170500.0,string_n1,0.02,9,0.833281461567508,
7,T7,170500.0,multi_iso,0.02,9,0.2090479838132006,
7,T7,170500.0,shapefit,0.02,9,2.229935577327947,
7,T7,170500.0,string_n1,0.02,10,0.2940481818619265,
7,T7,170500.0,multi_iso,0.02,10,0.174574323199434,
7,T7,170500.0,shapefit,0.02,10,0.0632017119798216,
7,T7,170500.0,string_n1,0.02,11,0.8073289843678476,
7,T7,170500.0,multi_iso,0.02,11,0.0263254488307963,
7,T7,170500.0,shapefit,0.02,11,-0.7392021895189465,
7,T7,170500.0,string_n1,0.02,12,0.8320230220359665,
7,T7,170500.0,multi_iso,0.02,12,-0.2918186193374921,
7,T7,170500.0,shapefit,0.02,12,-4.971605540055674,
7,T7,170500.0,string_n1,0.02,13,0.4316975189755599,
7,T7,170500.0,multi_iso,0.02,13,-0.1150287759953412,
7,T7,170500.0,shapefit,0.02,13,-1.1648431486644046,
7,T7,170500.0,string_n1,0.02,14,0.9596487211883192,
7,T7,170500.0,multi_iso,0.02,14,0.2790143871813387,
7,T7,170500.0,shapefit,0.02,14,-0.3369569064738792,
7,T7,170500.0,string_n1,0.02,15,0.1198750741593403,
7,T7,170500.0,multi_iso,0.02,15,-0.1013549960989749,
7,T7,170500.0,shapefit,0.02,15,-3.240661272589036,
7,T7,170500.0,string_n1,0.02,16,0.5881856136714296,
7,T7,170500.0,multi_iso,0.02,16,0.2795876487247343,
7,T7,170500.0,shapefit,0.02,16,-3.048379055699272,
7,T7,170500.0,string_n1,0.02,17,0.7293544286657863,
7,T7,170500.0,multi_iso,0.02,17,-0.0115614407078248,
7,T7,170500.0,shapefit,0.02,17,-0.4417976414784277,
7,T7,170500.0,string_n1,0.02,18,-0.390024854531655,
7,T7,170500.0,multi_iso,0.02,18,0.2995307640595357,
7,T7,170500.0,shapefit,0.02,18,-2.5070027409465347,
7,T7,170500.0,string_n1,0.02,19,0.4205323570444798,
7,T7,170500.0,multi_iso,0.02,19,0.4100045277600011,
7,T7,170500.0,shapefit,0.02,19,-0.8329488590953884,
7,T7,170500.0,string_n1,0.02,20,0.0565316440814271,
7,T7,170500.0,multi_iso,0.02,20,-0.1258372961930811,
7,T7,170500.0,shapefit,0.02,20,-1.587928778266014,
7,T7,170500.0,string_n1,0.02,21,-0.0067675267432917,
7,T7,170500.0,multi_iso,0.02,21,0.1958260122734761,
7,T7,170500.0,shapefit,0.02,21,2.0895380335579157,
7,T7,170500.0,string_n1,0.02,22,0.6755257750360522,
7,T7,170500.0,multi_iso,0.02,22,0.0224038082728697,
7,T7,170500.0,shapefit,0.02,22,2.70000663771447,
7,T7,170500.0,string_n1,0.02,23,0.2496645383094369,
7,T7,170500.0,multi_iso,0.02,23,0.100928754365936,
7,T7,170500.0,shapefit,0.02,23,-2.9593937013113067,
7,T7,170500.0,string_n1,0.02,24,0.3060540566012971,
7,T7,170500.0,multi_iso,0.02,24,-0.0500681407676423,
7,T7,170500.0,shapefit,0.02,24,2.839687262911826,
7,T7,170500.0,string_n1,0.02,25,0.8033989585737891,
7,T7,170500.0,multi_iso,0.02,25,0.0224508351719251,
7,T7,170500.0,shapefit,0.02,25,-2.0733650873165272,
7,T7,170500.0,string_n1,0.02,26,1.1737540760846523,
7,T7,170500.0,multi_iso,0.02,26,0.0846170553195705,
7,T7,170500.0,shapefit,0.02,26,3.4810356882431877,
7,T7,170500.0,string_n1,0.02,27,-0.2267825422848129,
7,T7,170500.0,multi_iso,0.02,27,-0.0430228260285159,
7,T7,170500.0,shapefit,0.02,27,-1.2128106546511428,
7,T7,170500.0,string_n1,0.02,28,1.1871225536552557,
7,T7,170500.0,multi_iso,0.02,28,-0.2477380344690959,
7,T7,170500.0,shapefit,0.02,28,4.38922645013663,
7,T7,170500.0,string_n1,0.02,29,-0.1361037048523497,
7,T7,170500.0,multi_iso,0.02,29,0.3029264989380535,
7,T7,170500.0,shapefit,0.02,29,2.1451260353172783,
7,T7,170500.0,string_n1,0.02,30,0.9865205627269844,
7,T7,170500.0,multi_iso,0.02,30,-0.0385820105171911,
7,T7,170500.0,shapefit,0.02,30,6.386270958406812,
7,T7,170500.0,string_n1,0.02,31,0.1571565009301762,
7,T7,170500.0,multi_iso,0.02,31,0.1285336302155683,
7,T7,170500.0,shapefit,0.02,31,4.360680899314894,
7,T7,170500.0,string_n1,0.02,32,0.91674043471912,
7,T7,170500.0,multi_iso,0.02,32,-0.0968061507954685,
7,T7,170500.0,shapefit,0.02,32,0.7960664394839231,
7,T7,170500.0,string_n1,0.02,33,0.0977504364564254,
7,T7,170500.0,multi_iso,0.02,33,-0.080867458956693,
7,T7,170500.0,shapefit,0.02,33,-2.9870838474182726,
7,T7,170500.0,string_n1,0.02,34,0.5940642372915682,
7,T7,170500.0,multi_iso,0.02,34,-0.3524422068068111,
7,T7,170500.0,shapefit,0.02,34,3.154779542947756,
7,T7,170500.0,string_n1,0.02,35,0.8382042793571045,
7,T7,170500.0,multi_iso,0.02,35,0.0341574047560512,
7,T7,170500.0,shapefit,0.02,35,-6.386912893878789,
7,T7,170500.0,string_n1,0.02,36,0.6114619147065785,
7,T7,170500.0,multi_iso,0.02,36,-0.2036380357247786,
7,T7,170500.0,shapefit,0.02,36,0.5446399287173362,
7,T7,170500.0,string_n1,0.02,37,0.0834422115615126,
7,T7,170500.0,multi_iso,0.02,37,0.1804078874204859,
7,T7,170500.0,shapefit,0.02,37,1.5537229619565034,
7,T7,170500.0,string_n1,0.02,38,0.405804949631089,
7,T7,170500.0,multi_iso,0.02,38,-0.1769218450832922,
7,T7,170500.0,shapefit,0.02,38,2.0960480616355412,
7,T7,170500.0,string_n1,0.02,39,1.0898552322503154,
7,T7,170500.0,multi_iso,0.02,39,-0.1966636513926729,
7,T7,170500.0,shapefit,0.02,39,-1.8368628889054457,
7,T7,170500.0,string_n1,0.02,40,-0.1375859469826718,
7,T7,170500.0,multi_iso,0.02,40,0.0787538541268381,
7,T7,170500.0,shapefit,0.02,40,0.2071916630370761,
7,T7,170500.0,string_n1,0.02,41,0.4806692616898659,
7,T7,170500.0,multi_iso,0.02,41,0.0139969966766599,
7,T7,170500.0,shapefit,0.02,41,0.4913582335119723,
7,T7,170500.0,string_n1,0.02,42,-0.2063426614206767,
7,T7,170500.0,multi_iso,0.02,42,0.0884868122755564,
7,T7,170500.0,shapefit,0.02,42,-4.952031141904997,
7,T7,170500.0,string_n1,0.02,43,0.7258952626706029,
7,T7,170500.0,multi_iso,0.02,43,-0.2959699460671077,
7,T7,170500.0,shapefit,0.02,43,1.504050710454687,
7,T7,170500.0,string_n1,0.02,44,-0.2221726956636791,
7,T7,170500.0,multi_iso,0.02,44,0.3022457630665771,
7,T7,170500.0,shapefit,0.02,44,-0.3998060242084293,
7,T7,170500.0,string_n1,0.02,45,0.0594565259529819,
7,T7,170500.0,multi_iso,0.02,45,0.0751426505051379,
7,T7,170500.0,shapefit,0.02,45,0.1142005052513448,
7,T7,170500.0,string_n1,0.02,46,0.5126942987027858,
7,T7,170500.0,multi_iso,0.02,46,0.0257182597225536,
7,T7,170500.0,shapefit,0.02,46,-2.450110970958699,
7,T7,170500.0,string_n1,0.02,47,0.7994842309173936,
7,T7,170500.0,multi_iso,0.02,47,0.0039308671546448,
7,T7,170500.0,shapefit,0.02,47,-4.116851376089141,
7,T7,170500.0,string_n1,0.02,48,0.7345970756447188,
7,T7,170500.0,multi_iso,0.02,48,-0.1257671456734166,
7,T7,170500.0,shapefit,0.02,48,-3.6121488044457135,
7,T7,170500.0,string_n1,0.02,49,1.50539869560107,
7,T7,170500.0,multi_iso,0.02,49,0.4443180073999842,
7,T7,170500.0,shapefit,0.02,49,2.024549226994579,
7,T7,170500.0,string_n1,0.02,50,0.6650212384100636,
7,T7,170500.0,multi_iso,0.02,50,-0.3223437960661096,
7,T7,170500.0,shapefit,0.02,50,3.5935963121743986,
7,T7,170500.0,string_n1,0.02,51,0.8226711504203008,
7,T7,170500.0,multi_iso,0.02,51,0.1072357019904558,
7,T7,170500.0,shapefit,0.02,51,-1.4044317073631851,
7,T7,170500.0,string_n1,0.02,52,0.8060782005068848,
7,T7,170500.0,multi_iso,0.02,52,-0.2236895994875236,
7,T7,170500.0,shapefit,0.02,52,-0.7541409961958969,
7,T7,170500.0,string_n1,0.02,53,0.689028712497004,
7,T7,170500.0,multi_iso,0.02,53,-0.008073477226629,
7,T7,170500.0,shapefit,0.02,53,-3.6227101379233417,
7,T7,170500.0,string_n1,0.02,54,0.0572263167501574,
7,T7,170500.0,multi_iso,0.02,54,-0.024465996275647,
7,T7,170500.0,shapefit,0.02,54,-1.0764628410365302,
7,T7,170500.0,string_n1,0.02,55,-0.2477693423224426,
7,T7,170500.0,multi_iso,0.02,55,-0.0733289153486165,
7,T7,170500.0,shapefit,0.02,55,3.8449421872854264,
7,T7,170500.0,string_n1,0.02,56,0.693912200407771,
7,T7,170500.0,multi_iso,0.02,56,-0.2854183767424129,
7,T7,170500.0,shapefit,0.02,56,1.524296111375919,
7,T7,170500.0,string_n1,0.02,57,0.8310669018382745,
7,T7,170500.0,multi_iso,0.02,57,0.0641351546329866,
7,T7,170500.0,shapefit,0.02,57,4.955199148774603,
7,T7,170500.0,string_n1,0.02,58,0.9638550427658832,
7,T7,170500.0,multi_iso,0.02,58,-0.1332900867581332,
7,T7,170500.0,shapefit,0.02,58,1.9813788882381271,
7,T7,170500.0,string_n1,0.02,59,0.8128735867669141,
7,T7,170500.0,multi_iso,0.02,59,-0.2626659165110911,
7,T7,170500.0,shapefit,0.02,59,-0.9647278767705916,
7,T7,170500.0,string_n1,0.02,60,0.0027295246423813,
7,T7,170500.0,multi_iso,0.02,60,0.3697085680488375,
7,T7,170500.0,shapefit,0.02,60,5.353599261879154,
7,T7,170500.0,string_n1,0.02,61,1.2273115434699222,
7,T7,170500.0,multi_iso,0.02,61,0.3407175263668522,
7,T7,170500.0,shapefit,0.02,61,3.1422070468392373,
7,T7,170500.0,string_n1,0.02,62,0.806776735817046,
7,T7,170500.0,multi_iso,0.02,62,0.1593723365331008,
7,T7,170500.0,shapefit,0.02,62,-0.0959978709501607,
7,T7,170500.0,string_n1,0.02,63,0.4956789739349552,
7,T7,170500.0,multi_iso,0.02,63,0.3217715790252545,
7,T7,170500.0,shapefit,0.02,63,0.8708702876249634,
7,T7,170500.0,string_n1,0.02,64,0.5749839628603319,
7,T7,170500.0,multi_iso,0.02,64,-0.0945871900741824,
7,T7,170500.0,shapefit,0.02,64,1.0266160240802262,
7,T7,170500.0,string_n1,0.02,65,0.7794884052573802,
7,T7,170500.0,multi_iso,0.02,65,0.2015583365722907,
7,T7,170500.0,shapefit,0.02,65,7.035433103116277,
7,T7,170500.0,string_n1,0.02,66,0.613143566966909,
7,T7,170500.0,multi_iso,0.02,66,0.1331766812778433,
7,T7,170500.0,shapefit,0.02,66,-0.1076681389825526,
7,T7,170500.0,string_n1,0.02,67,0.6408486332262483,
7,T7,170500.0,multi_iso,0.02,67,0.1683056087024705,
7,T7,170500.0,shapefit,0.02,67,1.470967689858131,
7,T7,170500.0,string_n1,0.02,68,0.8488045189269003,
7,T7,170500.0,multi_iso,0.02,68,0.0354974696910605,
7,T7,170500.0,shapefit,0.02,68,-1.7524414719758037,
7,T7,170500.0,string_n1,0.02,69,0.6569605500497063,
7,T7,170500.0,multi_iso,0.02,69,-0.4759853548063901,
7,T7,170500.0,shapefit,0.02,69,0.2079156117595198,
7,T7,170500.0,string_n1,0.02,70,0.6929355797381584,
7,T7,170500.0,multi_iso,0.02,70,0.5264202473798829,
7,T7,170500.0,shapefit,0.02,70,-4.984490178056083,
7,T7,170500.0,string_n1,0.02,71,0.7455851153362525,
7,T7,170500.0,multi_iso,0.02,71,-0.2114036862758743,
7,T7,170500.0,shapefit,0.02,71,-1.3678496071589323,
7,T7,170500.0,string_n1,0.02,72,1.0860184905510648,
7,T7,170500.0,multi_iso,0.02,72,0.1452203127302917,
7,T7,170500.0,shapefit,0.02,72,-2.5001571945411314,
7,T7,170500.0,string_n1,0.02,73,0.877837903400483,
7,T7,170500.0,multi_iso,0.02,73,-0.1167655001683099,
7,T7,170500.0,shapefit,0.02,73,-4.429895248008456,
7,T7,170500.0,string_n1,0.02,74,0.8221018136177851,
7,T7,170500.0,multi_iso,0.02,74,0.0096164486018491,
7,T7,170500.0,shapefit,0.02,74,1.6346305846708624,
7,T7,170500.0,string_n1,0.02,75,0.3502917987467752,
7,T7,170500.0,multi_iso,0.02,75,0.1495335348965081,
7,T7,170500.0,shapefit,0.02,75,2.4776769270515993,
7,T7,170500.0,string_n1,0.02,76,0.4453626045386226,
7,T7,170500.0,multi_iso,0.02,76,-0.1609215718716051,
7,T7,170500.0,shapefit,0.02,76,2.9103387021003706,
7,T7,170500.0,string_n1,0.02,77,0.268581195069423,
7,T7,170500.0,multi_iso,0.02,77,0.0811901534409084,
7,T7,170500.0,shapefit,0.02,77,0.0766892785074147,
7,T7,170500.0,string_n1,0.02,78,1.048147319307888,
7,T7,170500.0,multi_iso,0.02,78,0.1185517527216627,
7,T7,170500.0,shapefit,0.02,78,1.973395823413756,
7,T7,170500.0,string_n1,0.02,79,0.3163970883142802,
7,T7,170500.0,multi_iso,0.02,79,0.4174606359259756,
7,T7,170500.0,shapefit,0.02,79,0.6611325394546734,
7,T7,170500.0,string_n1,0.02,80,1.3656115048840476,
7,T7,170500.0,multi_iso,0.02,80,-0.0563109457935957,
7,T7,170500.0,shapefit,0.02,80,-0.8127253600748705,
7,T7,170500.0,string_n1,0.02,81,0.1875379695318423,
7,T7,170500.0,multi_iso,0.02,81,-0.0064844857207963,
7,T7,170500.0,shapefit,0.02,81,1.1200935628021729,
7,T7,170500.0,string_n1,0.02,82,0.6114965319765603,
7,T7,170500.0,multi_iso,0.02,82,-0.3292656076856605,
7,T7,170500.0,shapefit,0.02,82,-0.1745057315018562,
7,T7,170500.0,string_n1,0.02,83,0.7511321250141374,
7,T7,170500.0,multi_iso,0.02,83,0.2519236364551919,
7,T7,170500.0,shapefit,0.02,83,-0.6386937641247812,
7,T7,170500.0,string_n1,0.02,84,1.1756088792465564,
7,T7,170500.0,multi_iso,0.02,84,0.0399011617393951,
7,T7,170500.0,shapefit,0.02,84,2.607413507395788,
7,T7,170500.0,string_n1,0.02,85,1.1681947877078216,
7,T7,170500.0,multi_iso,0.02,85,0.2582527671982957,
7,T7,170500.0,shapefit,0.02,85,0.0060721833430247,
7,T7,170500.0,string_n1,0.02,86,0.0865345111470109,
7,T7,170500.0,multi_iso,0.02,86,-0.0828009019443653,
7,T7,170500.0,shapefit,0.02,86,2.0293299247866465,
7,T7,170500.0,string_n1,0.02,87,0.7191542965454211,
7,T7,170500.0,multi_iso,0.02,87,-0.0793995251051727,
7,T7,170500.0,shapefit,0.02,87,0.5551364022667439,
7,T7,170500.0,string_n1,0.02,88,0.7897081857907846,
7,T7,170500.0,multi_iso,0.02,88,0.2621895174633287,
7,T7,170500.0,shapefit,0.02,88,1.145696246112346,
7,T7,170500.0,string_n1,0.02,89,0.6616151329129764,
7,T7,170500.0,multi_iso,0.02,89,-0.140706104562359,
7,T7,170500.0,shapefit,0.02,89,1.6088395527112325,
7,T7,170500.0,string_n1,0.02,90,0.4454309882592038,
7,T7,170500.0,multi_iso,0.02,90,0.0442105313164729,
7,T7,170500.0,shapefit,0.02,90,3.2157999994050095,
7,T7,170500.0,string_n1,0.02,91,0.5711590450717603,
7,T7,170500.0,multi_iso,0.02,91,0.0424300275376179,
7,T7,170500.0,shapefit,0.02,91,0.5098470144598749,
7,T7,170500.0,string_n1,0.02,92,0.8699818306575056,
7,T7,170500.0,multi_iso,0.02,92,0.0313764666024318,
7,T7,170500.0,shapefit,0.02,92,1.4939183840124604,
7,T7,170500.0,string_n1,0.02,93,0.3499577394479072,
7,T7,170500.0,multi_iso,0.02,93,0.1590353064576322,
7,T7,170500.0,shapefit,0.02,93,1.102292689625918,
7,T7,170500.0,string_n1,0.02,94,1.0531938845739643,
7,T7,170500.0,multi_iso,0.02,94,0.4813424122831313,
7,T7,170500.0,shapefit,0.02,94,4.947231868848572,
7,T7,170500.0,string_n1,0.02,95,1.1336741711981897,
7,T7,170500.0,multi_iso,0.02,95,-0.2599382482772069,
7,T7,170500.0,shapefit,0.02,95,-1.5284003570582307,
7,T7,170500.0,string_n1,0.02,96,-0.3677119970386008,
7,T7,170500.0,multi_iso,0.02,96,-0.036923954805702,
7,T7,170500.0,shapefit,0.02,96,-7.192471693110051,
7,T7,170500.0,string_n1,0.02,97,0.1284623385053005,
7,T7,170500.0,multi_iso,0.02,97,0.0970010632906816,
7,T7,170500.0,shapefit,0.02,97,-0.1859782091771727,
7,T7,170500.0,string_n1,0.02,98,0.1090382878656828,
7,T7,170500.0,multi_iso,0.02,98,-0.0109138205901124,
7,T7,170500.0,shapefit,0.02,98,-1.53146214308451,
7,T7,170500.0,string_n1,0.02,99,-0.0767366732963664,
7,T7,170500.0,multi_iso,0.02,99,-0.0890901006670986,
7,T7,170500.0,shapefit,0.02,99,-0.9113079901808728,
7,T7,170500.0,pinn_free,0.01,0,1.2754015800272576,
7,T7,170500.0,pinn_free,0.01,1,0.3735433169793545,
7,T7,170500.0,pinn_free,0.01,2,0.4842775013605733,
8,T8,176000.0,string_n1,0.0,-1,0.514399328884197,
8,T8,176000.0,multi_iso,0.0,-1,0.0206127913901251,
8,T8,176000.0,shapefit,0.0,-1,-2.6949535161045127e-08,-3476701.085024414
8,T8,176000.0,pinn_free,0.0,-1,-0.0002062887466308,-3477800.1443345323
8,T8,176000.0,pinn_free,0.0,-2,12.447023890705712,134807.67013738357
8,T8,176000.0,pinn_free,0.0,-3,3.06088671674264e-05,-3477434.13270089
8,T8,176000.0,string_n1,0.005,0,0.4713007239684388,
8,T8,176000.0,multi_iso,0.005,0,-0.0641897781913609,
8,T8,176000.0,shapefit,0.005,0,0.6044693301847888,
8,T8,176000.0,string_n1,0.005,1,1.0087541428732452,
8,T8,176000.0,multi_iso,0.005,1,0.2172200096381526,
8,T8,176000.0,shapefit,0.005,1,0.0998208796391819,
8,T8,176000.0,string_n1,0.005,2,0.7283165178911903,
8,T8,176000.0,multi_iso,0.005,2,-0.2143886627394915,
8,T8,176000.0,shapefit,0.005,2,0.5289061346802059,
8,T8,176000.0,string_n1,0.005,3,0.0707598820855392,
8,T8,176000.0,multi_iso,0.005,3,-0.0706632423048094,
8,T8,176000.0,shapefit,0.005,3,0.0755668632048995,
8,T8,176000.0,string_n1,0.005,4,0.563482896546107,
8,T8,176000.0,multi_iso,0.005,4,0.0018191541127056,
8,T8,176000.0,shapefit,0.005,4,1.277946772292853,
8,T8,176000.0,string_n1,0.005,5,0.0615508594869507,
8,T8,176000.0,multi_iso,0.005,5,-0.30032080353748,
8,T8,176000.0,shapefit,0.005,5,-1.4582231100927774,
8,T8,176000.0,string_n1,0.005,6,0.8242126931179552,
8,T8,176000.0,multi_iso,0.005,6,0.0951672100379338,
8,T8,176000.0,shapefit,0.005,6,0.2325125012336767,
8,T8,176000.0,string_n1,0.005,7,0.4235892023269116,
8,T8,176000.0,multi_iso,0.005,7,0.6265615676933687,
8,T8,176000.0,shapefit,0.005,7,-0.4245521098974099,
8,T8,176000.0,string_n1,0.005,8,0.6961339573955146,
8,T8,176000.0,multi_iso,0.005,8,0.1311128042832272,
8,T8,176000.0,shapefit,0.005,8,-0.5857388508209294,
8,T8,176000.0,string_n1,0.005,9,0.6081472462387286,
8,T8,176000.0,multi_iso,0.005,9,0.3775679330522424,
8,T8,176000.0,shapefit,0.005,9,0.0967070126565886,
8,T8,176000.0,string_n1,0.005,10,1.182198124354446,
8,T8,176000.0,multi_iso,0.005,10,0.1918945648564576,
8,T8,176000.0,shapefit,0.005,10,-0.8301519574031938,
8,T8,176000.0,string_n1,0.005,11,-0.1683422226919653,
8,T8,176000.0,multi_iso,0.005,11,-0.3143351249222013,
8,T8,176000.0,shapefit,0.005,11,-0.4899172004018096,
8,T8,176000.0,string_n1,0.005,12,0.3733058528551985,
8,T8,176000.0,multi_iso,0.005,12,0.060076441069875,
8,T8,176000.0,shapefit,0.005,12,-0.1291296691279884,
8,T8,176000.0,string_n1,0.005,13,0.421266250895579,
8,T8,176000.0,multi_iso,0.005,13,-0.0529539707558135,
8,T8,176000.0,shapefit,0.005,13,-0.6025049757571899,
8,T8,176000.0,string_n1,0.005,14,0.5184700657908913,
8,T8,176000.0,multi_iso,0.005,14,0.0351440938348704,
8,T8,176000.0,shapefit,0.005,14,-0.0513833822904747,
8,T8,176000.0,string_n1,0.005,15,0.0644682676588093,
8,T8,176000.0,multi_iso,0.005,15,0.0472046231737542,
8,T8,176000.0,shapefit,0.005,15,-0.1692899324525404,
8,T8,176000.0,string_n1,0.005,16,-0.1726258556489814,
8,T8,176000.0,multi_iso,0.005,16,0.1657200698742434,
8,T8,176000.0,shapefit,0.005,16,-1.936860685552264,
8,T8,176000.0,string_n1,0.005,17,0.458947909774559,
8,T8,176000.0,multi_iso,0.005,17,-0.2041584235779737,
8,T8,176000.0,shapefit,0.005,17,-0.0924627072427028,
8,T8,176000.0,string_n1,0.005,18,0.4333657263906306,
8,T8,176000.0,multi_iso,0.005,18,0.105437415631902,
8,T8,176000.0,shapefit,0.005,18,-0.675398111014494,
8,T8,176000.0,string_n1,0.005,19,-0.3004307330227675,
8,T8,176000.0,multi_iso,0.005,19,-0.2874678377755117,
8,T8,176000.0,shapefit,0.005,19,-1.9647066015951251,
8,T8,176000.0,string_n1,0.005,20,0.9204935848259,
8,T8,176000.0,multi_iso,0.005,20,-0.2649988822447663,
8,T8,176000.0,shapefit,0.005,20,0.3446220066504545,
8,T8,176000.0,string_n1,0.005,21,0.4392361613535203,
8,T8,176000.0,multi_iso,0.005,21,0.5471700804146828,
8,T8,176000.0,shapefit,0.005,21,0.7473130458412429,
8,T8,176000.0,string_n1,0.005,22,0.3407192773008236,
8,T8,176000.0,multi_iso,0.005,22,-0.2386268969475416,
8,T8,176000.0,shapefit,0.005,22,-0.7416738018053366,
8,T8,176000.0,string_n1,0.005,23,0.70240439260777,
8,T8,176000.0,multi_iso,0.005,23,0.3200759423923789,
8,T8,176000.0,shapefit,0.005,23,0.6150409968992376,
8,T8,176000.0,string_n1,0.005,24,0.1610574788193348,
8,T8,176000.0,multi_iso,0.005,24,0.3071465092894703,
8,T8,176000.0,shapefit,0.005,24,-0.8435023170309168,
8,T8,176000.0,string_n1,0.005,25,0.1176729750463478,
8,T8,176000.0,multi_iso,0.005,25,0.2894468376879806,
8,T8,176000.0,shapefit,0.005,25,-0.6299918503423627,
8,T8,176000.0,string_n1,0.005,26,0.3849207242811396,
8,T8,176000.0,multi_iso,0.005,26,0.2445513855381829,
8,T8,176000.0,shapefit,0.005,26,0.0138084826153896,
8,T8,176000.0,string_n1,0.005,27,0.1209428617719988,
8,T8,176000.0,multi_iso,0.005,27,-0.0564356754241585,
8,T8,176000.0,shapefit,0.005,27,-0.0475933161406415,
8,T8,176000.0,string_n1,0.005,28,0.4732551665984416,
8,T8,176000.0,multi_iso,0.005,28,0.18699241760802,
8,T8,176000.0,shapefit,0.005,28,-1.041894605621581,
8,T8,176000.0,string_n1,0.005,29,-0.0229522817741367,
8,T8,176000.0,multi_iso,0.005,29,-0.2208754617509178,
8,T8,176000.0,shapefit,0.005,29,-0.8539199806362211,
8,T8,176000.0,string_n1,0.005,30,1.5208203679499672,
8,T8,176000.0,multi_iso,0.005,30,0.0744268921195643,
8,T8,176000.0,shapefit,0.005,30,1.6866730319360037,
8,T8,176000.0,string_n1,0.005,31,0.6022667272383841,
8,T8,176000.0,multi_iso,0.005,31,0.0465083577901168,
8,T8,176000.0,shapefit,0.005,31,0.2988959303044877,
8,T8,176000.0,string_n1,0.005,32,0.1961698900839771,
8,T8,176000.0,multi_iso,0.005,32,0.2383585869241208,
8,T8,176000.0,shapefit,0.005,32,-0.7494760014192996,
8,T8,176000.0,string_n1,0.005,33,0.6326035694610751,
8,T8,176000.0,multi_iso,0.005,33,0.3283545664742798,
8,T8,176000.0,shapefit,0.005,33,1.1746399204331366,
8,T8,176000.0,string_n1,0.005,34,0.1039998787871809,
8,T8,176000.0,multi_iso,0.005,34,-0.2874762925838116,
8,T8,176000.0,shapefit,0.005,34,-1.1391558459388431,
8,T8,176000.0,string_n1,0.005,35,0.361759451321301,
8,T8,176000.0,multi_iso,0.005,35,-0.2771494728637745,
8,T8,176000.0,shapefit,0.005,35,-0.2223630087115287,
8,T8,176000.0,string_n1,0.005,36,0.1150011062837372,
8,T8,176000.0,multi_iso,0.005,36,0.3271153531254061,
8,T8,176000.0,shapefit,0.005,36,-0.6927152962282972,
8,T8,176000.0,string_n1,0.005,37,1.2980108693814227,
8,T8,176000.0,multi_iso,0.005,37,-0.0451199449275009,
8,T8,176000.0,shapefit,0.005,37,0.6448288168876554,
8,T8,176000.0,string_n1,0.005,38,0.8457978387632631,
8,T8,176000.0,multi_iso,0.005,38,-0.2631381076981349,
8,T8,176000.0,shapefit,0.005,38,0.6981757982853444,
8,T8,176000.0,string_n1,0.005,39,0.1620147256293421,
8,T8,176000.0,multi_iso,0.005,39,0.0129400086708549,
8,T8,176000.0,shapefit,0.005,39,-1.280508068084005,
8,T8,176000.0,string_n1,0.005,40,0.4292696565455943,
8,T8,176000.0,multi_iso,0.005,40,-0.3222334159427688,
8,T8,176000.0,shapefit,0.005,40,0.9648345442440834,
8,T8,176000.0,string_n1,0.005,41,0.4629875460968171,
8,T8,176000.0,multi_iso,0.005,41,-0.0632043045530405,
8,T8,176000.0,shapefit,0.005,41,-1.0827537497024506,
8,T8,176000.0,string_n1,0.005,42,0.1923912167679439,
8,T8,176000.0,multi_iso,0.005,42,0.0867818268463782,
8,T8,176000.0,shapefit,0.005,42,-0.345336771540695,
8,T8,176000.0,string_n1,0.005,43,0.8913358996034401,
8,T8,176000.0,multi_iso,0.005,43,0.1517436190575939,
8,T8,176000.0,shapefit,0.005,43,0.933768061957033,
8,T8,176000.0,string_n1,0.005,44,0.2960223035477611,
8,T8,176000.0,multi_iso,0.005,44,0.155137969854348,
8,T8,176000.0,shapefit,0.005,44,-1.430828645427623,
8,T8,176000.0,string_n1,0.005,45,1.032737750187119,
8,T8,176000.0,multi_iso,0.005,45,-0.0436874154811283,
8,T8,176000.0,shapefit,0.005,45,1.3932027082356482,
8,T8,176000.0,string_n1,0.005,46,1.316912020870388,
8,T8,176000.0,multi_iso,0.005,46,-0.0788297872180423,
8,T8,176000.0,shapefit,0.005,46,0.7427004656053462,
8,T8,176000.0,string_n1,0.005,47,0.6075783443846872,
8,T8,176000.0,multi_iso,0.005,47,0.146130798775878,
8,T8,176000.0,shapefit,0.005,47,-0.0616214931786254,
8,T8,176000.0,string_n1,0.005,48,0.7865896079820728,
8,T8,176000.0,multi_iso,0.005,48,-0.3812416863138258,
8,T8,176000.0,shapefit,0.005,48,1.764572659136568,
8,T8,176000.0,string_n1,0.005,49,0.2304654130735633,
8,T8,176000.0,multi_iso,0.005,49,0.0174039233867171,
8,T8,176000.0,shapefit,0.005,49,-0.107885726403699,
8,T8,176000.0,string_n1,0.005,50,-0.2253264373676508,
8,T8,176000.0,multi_iso,0.005,50,-0.4220372021963075,
8,T8,176000.0,shapefit,0.005,50,-1.652504232581718,
8,T8,176000.0,string_n1,0.005,51,1.4081284084924846,
8,T8,176000.0,multi_iso,0.005,51,0.0468545693578397,
8,T8,176000.0,shapefit,0.005,51,1.4320681827422794,
8,T8,176000.0,string_n1,0.005,52,0.3955681544210496,
8,T8,176000.0,multi_iso,0.005,52,0.1798695862633063,
8,T8,176000.0,shapefit,0.005,52,-0.1862058946988823,
8,T8,176000.0,string_n1,0.005,53,0.95737236162599,
8,T8,176000.0,multi_iso,0.005,53,-0.2493149397376824,
8,T8,176000.0,shapefit,0.005,53,1.3534873154968656,
8,T8,176000.0,string_n1,0.005,54,1.136559524519742,
8,T8,176000.0,multi_iso,0.005,54,0.4011316594577445,
8,T8,176000.0,shapefit,0.005,54,1.279184973235583,
8,T8,176000.0,string_n1,0.005,55,0.0484946186353805,
8,T8,176000.0,multi_iso,0.005,55,-0.4631327199942627,
8,T8,176000.0,shapefit,0.005,55,-0.5555194415202344,
8,T8,176000.0,string_n1,0.005,56,0.1161620291393939,
8,T8,176000.0,multi_iso,0.005,56,0.2430941813958105,
8,T8,176000.0,shapefit,0.005,56,-0.2303100746569147,
8,T8,176000.0,string_n1,0.005,57,0.7974467214043464,
8,T8,176000.0,multi_iso,0.005,57,0.2262646040835368,
8,T8,176000.0,shapefit,0.005,57,0.716924828617514,
8,T8,176000.0,string_n1,0.005,58,0.4213998043310229,
8,T8,176000.0,multi_iso,0.005,58,0.1311818961493124,
8,T8,176000.0,shapefit,0.005,58,-0.1234995305159827,
8,T8,176000.0,string_n1,0.005,59,0.7632090445778059,
8,T8,176000.0,multi_iso,0.005,59,0.4416477497609197,
8,T8,176000.0,shapefit,0.005,59,-0.1064952636698514,
8,T8,176000.0,string_n1,0.005,60,0.7386240698226505,
8,T8,176000.0,multi_iso,0.005,60,0.1049033091153515,
8,T8,176000.0,shapefit,0.005,60,0.7666801924722346,
8,T8,176000.0,string_n1,0.005,61,0.1458490942008376,
8,T8,176000.0,multi_iso,0.005,61,-0.5493147395990573,
8,T8,176000.0,shapefit,0.005,61,-0.0583118061969137,
8,T8,176000.0,string_n1,0.005,62,-0.109617351888036,
8,T8,176000.0,multi_iso,0.005,62,-0.0623523698434258,
8,T8,176000.0,shapefit,0.005,62,-1.2930972966243148,
8,T8,176000.0,string_n1,0.005,63,0.4618282868200615,
8,T8,176000.0,multi_iso,0.005,63,-0.0241210883918029,
8,T8,176000.0,shapefit,0.005,63,-0.1939690700164977,
8,T8,176000.0,string_n1,0.005,64,0.2506554263362804,
8,T8,176000.0,multi_iso,0.005,64,0.0343586589220318,
8,T8,176000.0,shapefit,0.005,64,-0.3900787262079492,
8,T8,176000.0,string_n1,0.005,65,0.3171680868729295,
8,T8,176000.0,multi_iso,0.005,65,-0.0838392488254447,
8,T8,176000.0,shapefit,0.005,65,0.8549945765464806,
8,T8,176000.0,string_n1,0.005,66,0.4817491912998197,
8,T8,176000.0,multi_iso,0.005,66,0.0670292711274007,
8,T8,176000.0,shapefit,0.005,66,-1.04042101215506,
8,T8,176000.0,string_n1,0.005,67,0.743007275845114,
8,T8,176000.0,multi_iso,0.005,67,0.0795803804145841,
8,T8,176000.0,shapefit,0.005,67,-0.1977111344872438,
8,T8,176000.0,string_n1,0.005,68,1.0335592845059596,
8,T8,176000.0,multi_iso,0.005,68,-0.0456984307723442,
8,T8,176000.0,shapefit,0.005,68,0.1126653879969208,
8,T8,176000.0,string_n1,0.005,69,0.8558901740306365,
8,T8,176000.0,multi_iso,0.005,69,-0.0929030938539654,
8,T8,176000.0,shapefit,0.005,69,0.3835466368304299,
8,T8,176000.0,string_n1,0.005,70,0.1299170869326851,
8,T8,176000.0,multi_iso,0.005,70,0.4245432293029311,
8,T8,176000.0,shapefit,0.005,70,-0.2111698035164657,
8,T8,176000.0,string_n1,0.005,71,1.1232060108501831,
8,T8,176000.0,multi_iso,0.005,71,-0.1128573059476614,
8,T8,176000.0,shapefit,0.005,71,0.7012845757104184,
8,T8,176000.0,string_n1,0.005,72,0.4671794773087226,
8,T8,176000.0,multi_iso,0.005,72,-0.0796938804166612,
8,T8,176000.0,shapefit,0.005,72,-0.945384400790284,
8,T8,176000.0,string_n1,0.005,73,0.1826000275697548,
8,T8,176000.0,multi_iso,0.005,73,0.3164705879481764,
8,T8,176000.0,shapefit,0.005,73,0.4294826305440603,
8,T8,176000.0,string_n1,0.005,74,0.4539942009973443,
8,T8,176000.0,multi_iso,0.005,74,0.2280741634600913,
8,T8,176000.0,shapefit,0.005,74,-0.1041445364775758,
8,T8,176000.0,string_n1,0.005,75,0.6759375860547318,
8,T8,176000.0,multi_iso,0.005,75,-0.0342798626019595,
8,T8,176000.0,shapefit,0.005,75,0.5722690416126087,
8,T8,176000.0,string_n1,0.005,76,0.9696809340833584,
8,T8,176000.0,multi_iso,0.005,76,0.3388213125494076,
8,T8,176000.0,shapefit,0.005,76,-0.769558066330071,
8,T8,176000.0,string_n1,0.005,77,0.4619182336310835,
8,T8,176000.0,multi_iso,0.005,77,0.1218140374843642,
8,T8,176000.0,shapefit,0.005,77,-0.6122826075505146,
8,T8,176000.0,string_n1,0.005,78,0.8376692572907566,
8,T8,176000.0,multi_iso,0.005,78,-0.0775777190913603,
8,T8,176000.0,shapefit,0.005,78,1.570419040815746,
8,T8,176000.0,string_n1,0.005,79,0.4495623334578505,
8,T8,176000.0,multi_iso,0.005,79,-0.1491335177075267,
8,T8,176000.0,shapefit,0.005,79,0.2366769415553955,
8,T8,176000.0,string_n1,0.005,80,0.0306373619740539,
8,T8,176000.0,multi_iso,0.005,80,-0.0229084825862545,
8,T8,176000.0,shapefit,0.005,80,-0.2360664257033931,
8,T8,176000.0,string_n1,0.005,81,0.5632260618537244,
8,T8,176000.0,multi_iso,0.005,81,0.3607043164160462,
8,T8,176000.0,shapefit,0.005,81,0.1319778811500245,
8,T8,176000.0,string_n1,0.005,82,0.3843534587471037,
8,T8,176000.0,multi_iso,0.005,82,0.1794405314156723,
8,T8,176000.0,shapefit,0.005,82,-1.8328231923368965,
8,T8,176000.0,string_n1,0.005,83,0.6489135837502049,
8,T8,176000.0,multi_iso,0.005,83,0.2446945713267103,
8,T8,176000.0,shapefit,0.005,83,-0.111209643924452,
8,T8,176000.0,string_n1,0.005,84,0.8196817100087752,
8,T8,176000.0,multi_iso,0.005,84,0.210543470969126,
8,T8,176000.0,shapefit,0.005,84,0.4500360644374516,
8,T8,176000.0,string_n1,0.005,85,0.748453910469735,
8,T8,176000.0,multi_iso,0.005,85,0.2135905652237852,
8,T8,176000.0,shapefit,0.005,85,-1.4174437014723067,
8,T8,176000.0,string_n1,0.005,86,0.2886225314241694,
8,T8,176000.0,multi_iso,0.005,86,-0.4320897196285924,
8,T8,176000.0,shapefit,0.005,86,-0.8743566901819412,
8,T8,176000.0,string_n1,0.005,87,0.4421240255775708,
8,T8,176000.0,multi_iso,0.005,87,-0.1876002709486783,
8,T8,176000.0,shapefit,0.005,87,-0.4865432822748434,
8,T8,176000.0,string_n1,0.005,88,0.1418493483104612,
8,T8,176000.0,multi_iso,0.005,88,-0.2781738209214547,
8,T8,176000.0,shapefit,0.005,88,-0.8970441759047059,
8,T8,176000.0,string_n1,0.005,89,0.2640297200564005,
8,T8,176000.0,multi_iso,0.005,89,0.1461414300788832,
8,T8,176000.0,shapefit,0.005,89,-1.4036584318269227,
8,T8,176000.0,string_n1,0.005,90,0.2087590412816511,
8,T8,176000.0,multi_iso,0.005,90,0.2064549366927001,
8,T8,176000.0,shapefit,0.005,90,-0.3014666628525116,
8,T8,176000.0,string_n1,0.005,91,-0.0226263098318668,
8,T8,176000.0,multi_iso,0.005,91,-0.1526005919683236,
8,T8,176000.0,shapefit,0.005,91,-1.1514916154811792,
8,T8,176000.0,string_n1,0.005,92,0.4187927796618169,
8,T8,176000.0,multi_iso,0.005,92,0.2911212718203552,
8,T8,176000.0,shapefit,0.005,92,0.1215852715766397,
8,T8,176000.0,string_n1,0.005,93,0.7440436289480865,
8,T8,176000.0,multi_iso,0.005,93,0.0343423936507116,
8,T8,176000.0,shapefit,0.005,93,0.2337440438885757,
8,T8,176000.0,string_n1,0.005,94,0.5059262439388146,
8,T8,176000.0,multi_iso,0.005,94,-0.1406371348817298,
8,T8,176000.0,shapefit,0.005,94,-0.2733282154794737,
8,T8,176000.0,string_n1,0.005,95,-0.091472717800802,
8,T8,176000.0,multi_iso,0.005,95,-0.2621245882658927,
8,T8,176000.0,shapefit,0.005,95,-0.7663900596557142,
8,T8,176000.0,string_n1,0.005,96,1.179710488620681,
8,T8,176000.0,multi_iso,0.005,96,-0.4521575692734173,
8,T8,176000.0,shapefit,0.005,96,1.804118889499147,
8,T8,176000.0,string_n1,0.005,97,0.7693380818044798,
8,T8,176000.0,multi_iso,0.005,97,-0.0577374467237777,
8,T8,176000.0,shapefit,0.005,97,-0.1548471116129472,
8,T8,176000.0,string_n1,0.005,98,0.5577920734876567,
8,T8,176000.0,multi_iso,0.005,98,0.1296862019046702,
8,T8,176000.0,shapefit,0.005,98,1.4975323876869715,
8,T8,176000.0,string_n1,0.005,99,0.377690216752258,
8,T8,176000.0,multi_iso,0.005,99,0.2211128979972603,
8,T8,176000.0,shapefit,0.005,99,0.5591152388473347,
8,T8,176000.0,string_n1,0.01,0,0.4762358802561555,
8,T8,176000.0,multi_iso,0.01,0,-0.116290519925976,
8,T8,176000.0,shapefit,0.01,0,0.8933477468290717,
8,T8,176000.0,string_n1,0.01,1,0.4392795400949829,
8,T8,176000.0,multi_iso,0.01,1,-0.3693733673979295,
8,T8,176000.0,shapefit,0.01,1,0.0362703980146927,
8,T8,176000.0,string_n1,0.01,2,1.3229183252799803,
8,T8,176000.0,multi_iso,0.01,2,0.2792763646155601,
8,T8,176000.0,shapefit,0.01,2,3.589700249247802,
8,T8,176000.0,string_n1,0.01,3,0.2166748101551837,
8,T8,176000.0,multi_iso,0.01,3,0.2621784500295028,
8,T8,176000.0,shapefit,0.01,3,0.3203275701327088,
8,T8,176000.0,string_n1,0.01,4,0.9793348006180664,
8,T8,176000.0,multi_iso,0.01,4,0.1550852667761897,
8,T8,176000.0,shapefit,0.01,4,-0.0402598144742197,
8,T8,176000.0,string_n1,0.01,5,0.751932081188914,
8,T8,176000.0,multi_iso,0.01,5,0.4239929984764372,
8,T8,176000.0,shapefit,0.01,5,-0.2448753581878918,
8,T8,176000.0,string_n1,0.01,6,0.0796444742106938,
8,T8,176000.0,multi_iso,0.01,6,0.0284410409256452,
8,T8,176000.0,shapefit,0.01,6,1.11627023823426,
8,T8,176000.0,string_n1,0.01,7,0.9468683074032842,
8,T8,176000.0,multi_iso,0.01,7,-0.2898201907796399,
8,T8,176000.0,shapefit,0.01,7,1.1136449159529795,
8,T8,176000.0,string_n1,0.01,8,0.4035298092537315,
8,T8,176000.0,multi_iso,0.01,8,0.1247317552943555,
8,T8,176000.0,shapefit,0.01,8,-0.0261088509884344,
8,T8,176000.0,string_n1,0.01,9,0.2967219766452465,
8,T8,176000.0,multi_iso,0.01,9,-0.0143316679249685,
8,T8,176000.0,shapefit,0.01,9,2.5583355925184645,
8,T8,176000.0,string_n1,0.01,10,1.01917508405667,
8,T8,176000.0,multi_iso,0.01,10,0.6826321103498313,
8,T8,176000.0,shapefit,0.01,10,0.6550221474781707,
8,T8,176000.0,string_n1,0.01,11,1.0683977827271685,
8,T8,176000.0,multi_iso,0.01,11,-0.1455010165426508,
8,T8,176000.0,shapefit,0.01,11,3.1886532342394935,
8,T8,176000.0,string_n1,0.01,12,1.0507667830394976,
8,T8,176000.0,multi_iso,0.01,12,0.2007962283992045,
8,T8,176000.0,shapefit,0.01,12,-1.7019177374833154,
8,T8,176000.0,string_n1,0.01,13,0.832961881561228,
8,T8,176000.0,multi_iso,0.01,13,0.0131057556939181,
8,T8,176000.0,shapefit,0.01,13,-1.464159902233967,
8,T8,176000.0,string_n1,0.01,14,0.3651074201302849,
8,T8,176000.0,multi_iso,0.01,14,0.2298044854124534,
8,T8,176000.0,shapefit,0.01,14,-2.6137147741519087,
8,T8,176000.0,string_n1,0.01,15,0.5565789266053054,
8,T8,176000.0,multi_iso,0.01,15,0.0841274332853241,
8,T8,176000.0,shapefit,0.01,15,-1.2757900503420718,
8,T8,176000.0,string_n1,0.01,16,0.8776454477630977,
8,T8,176000.0,multi_iso,0.01,16,-0.0673878641670274,
8,T8,176000.0,shapefit,0.01,16,1.0288697796829762,
8,T8,176000.0,string_n1,0.01,17,0.7223594779811141,
8,T8,176000.0,multi_iso,0.01,17,-0.1040856257174627,
8,T8,176000.0,shapefit,0.01,17,0.9167207907636608,
8,T8,176000.0,string_n1,0.01,18,0.59192731725052,
8,T8,176000.0,multi_iso,0.01,18,0.8272518785799547,
8,T8,176000.0,shapefit,0.01,18,0.3792085159300933,
8,T8,176000.0,string_n1,0.01,19,1.0721243356376362,
8,T8,176000.0,multi_iso,0.01,19,-0.2369520054224598,
8,T8,176000.0,shapefit,0.01,19,0.983111064361831,
8,T8,176000.0,string_n1,0.01,20,-0.2616172120499951,
8,T8,176000.0,multi_iso,0.01,20,0.5231027736898382,
8,T8,176000.0,shapefit,0.01,20,0.9956546318897876,
8,T8,176000.0,string_n1,0.01,21,0.0607623494127355,
8,T8,176000.0,multi_iso,0.01,21,0.0304025758589639,
8,T8,176000.0,shapefit,0.01,21,-1.6523523285984665,
8,T8,176000.0,string_n1,0.01,22,-0.3605618088422654,
8,T8,176000.0,multi_iso,0.01,22,-0.1170400792422614,
8,T8,176000.0,shapefit,0.01,22,-2.7905769222685195,
8,T8,176000.0,string_n1,0.01,23,0.382634943419312,
8,T8,176000.0,multi_iso,0.01,23,0.4804238800535544,
8,T8,176000.0,shapefit,0.01,23,1.652057718599016,
8,T8,176000.0,string_n1,0.01,24,-0.1332483114364301,
8,T8,176000.0,multi_iso,0.01,24,0.0203635397380408,
8,T8,176000.0,shapefit,0.01,24,1.0505606666979062,
8,T8,176000.0,string_n1,0.01,25,0.916929570847126,
8,T8,176000.0,multi_iso,0.01,25,0.3066649262695467,
8,T8,176000.0,shapefit,0.01,25,2.4948537938138213,
8,T8,176000.0,string_n1,0.01,26,0.9128872552473528,
8,T8,176000.0,multi_iso,0.01,26,0.0926050372807367,
8,T8,176000.0,shapefit,0.01,26,1.2389443693149091,
8,T8,176000.0,string_n1,0.01,27,1.0404198712732315,
8,T8,176000.0,multi_iso,0.01,27,0.0134231229750929,
8,T8,176000.0,shapefit,0.01,27,-0.2863957118557003,
8,T8,176000.0,string_n1,0.01,28,-0.0909515473637425,
8,T8,176000.0,multi_iso,0.01,28,-0.0309913311985589,
8,T8,176000.0,shapefit,0.01,28,-1.611599963743108,
8,T8,176000.0,string_n1,0.01,29,0.5062217646374847,
8,T8,176000.0,multi_iso,0.01,29,0.1038822511387479,
8,T8,176000.0,shapefit,0.01,29,2.183957541770955,
8,T8,176000.0,string_n1,0.01,30,0.3941440615679973,
8,T8,176000.0,multi_iso,0.01,30,-0.041633437338334,
8,T8,176000.0,shapefit,0.01,30,-1.063988553509146,
8,T8,176000.0,string_n1,0.01,31,0.6430846876454697,
8,T8,176000.0,multi_iso,0.01,31,0.3271661478663273,
8,T8,176000.0,shapefit,0.01,31,0.7024107107433586,
8,T8,176000.0,string_n1,0.01,32,0.5159865014475475,
8,T8,176000.0,multi_iso,0.01,32,0.3071791191785947,
8,T8,176000.0,shapefit,0.01,32,-0.5662330496679384,
8,T8,176000.0,string_n1,0.01,33,1.1017639053292771,
8,T8,176000.0,multi_iso,0.01,33,0.2827652699511004,
8,T8,176000.0,shapefit,0.01,33,0.7151218945232937,
8,T8,176000.0,string_n1,0.01,34,-0.2414732891971653,
8,T8,176000.0,multi_iso,0.01,34,-0.0729633850449813,
8,T8,176000.0,shapefit,0.01,34,-1.5548219385460305,
8,T8,176000.0,string_n1,0.01,35,0.5312875236497182,
8,T8,176000.0,multi_iso,0.01,35,0.2277168011593775,
8,T8,176000.0,shapefit,0.01,35,0.1501453915768334,
8,T8,176000.0,string_n1,0.01,36,1.0384819286942897,
8,T8,176000.0,multi_iso,0.01,36,-0.0765938944314257,
8,T8,176000.0,shapefit,0.01,36,-0.0831714916843669,
8,T8,176000.0,string_n1,0.01,37,-0.1049620441574502,
8,T8,176000.0,multi_iso,0.01,37,-0.0986711038117805,
8,T8,176000.0,shapefit,0.01,37,1.2689797612425702,
8,T8,176000.0,string_n1,0.01,38,0.1326857004179063,
8,T8,176000.0,multi_iso,0.01,38,-0.4149960778244184,
8,T8,176000.0,shapefit,0.01,38,0.5153497071186972,
8,T8,176000.0,string_n1,0.01,39,0.6706436156959337,
8,T8,176000.0,multi_iso,0.01,39,-0.0607386801174553,
8,T8,176000.0,shapefit,0.01,39,0.2206991637725216,
8,T8,176000.0,string_n1,0.01,40,0.1432798534672243,
8,T8,176000.0,multi_iso,0.01,40,0.1737797514958815,
8,T8,176000.0,shapefit,0.01,40,0.5679619618595759,
8,T8,176000.0,string_n1,0.01,41,1.0851363203574445,
8,T8,176000.0,multi_iso,0.01,41,0.2557405560335279,
8,T8,176000.0,shapefit,0.01,41,-0.79107979578773,
8,T8,176000.0,string_n1,0.01,42,1.0188741818762124,
8,T8,176000.0,multi_iso,0.01,42,-0.1924110617047931,
8,T8,176000.0,shapefit,0.01,42,1.1446145495228186,
8,T8,176000.0,string_n1,0.01,43,1.0368143748288607,
8,T8,176000.0,multi_iso,0.01,43,0.1655713179932387,
8,T8,176000.0,shapefit,0.01,43,2.2349977436246595,
8,T8,176000.0,string_n1,0.01,44,0.3856071533802606,
8,T8,176000.0,multi_iso,0.01,44,0.0585095541334091,
8,T8,176000.0,shapefit,0.01,44,0.3000946527942274,
8,T8,176000.0,string_n1,0.01,45,0.4407022447708104,
8,T8,176000.0,multi_iso,0.01,45,0.324035017122283,
8,T8,176000.0,shapefit,0.01,45,1.823115238125518,
8,T8,176000.0,string_n1,0.01,46,0.7947950862571319,
8,T8,176000.0,multi_iso,0.01,46,-0.0412368483932534,
8,T8,176000.0,shapefit,0.01,46,-1.85028149543422,
8,T8,176000.0,string_n1,0.01,47,0.4024717191388514,
8,T8,176000.0,multi_iso,0.01,47,-0.5092306169368054,
8,T8,176000.0,shapefit,0.01,47,-1.4918732385715805,
8,T8,176000.0,string_n1,0.01,48,0.2629836578881375,
8,T8,176000.0,multi_iso,0.01,48,0.438636924802069,
8,T8,176000.0,shapefit,0.01,48,-0.3722494609829234,
8,T8,176000.0,string_n1,0.01,49,0.4734481301203314,
8,T8,176000.0,multi_iso,0.01,49,0.2473937654529105,
8,T8,176000.0,shapefit,0.01,49,-1.0337808223848035,
8,T8,176000.0,string_n1,0.01,50,1.057468184307684,
8,T8,176000.0,multi_iso,0.01,50,0.0675238935502916,
8,T8,176000.0,shapefit,0.01,50,0.5199211841397383,
8,T8,176000.0,string_n1,0.01,51,0.9667592747072128,
8,T8,176000.0,multi_iso,0.01,51,0.147572868997618,
8,T8,176000.0,shapefit,0.01,51,0.8480272780914675,
8,T8,176000.0,string_n1,0.01,52,0.4249486012307071,
8,T8,176000.0,multi_iso,0.01,52,0.0510334013658641,
8,T8,176000.0,shapefit,0.01,52,-0.6390079991837742,
8,T8,176000.0,string_n1,0.01,53,0.7433362033770622,
8,T8,176000.0,multi_iso,0.01,53,-0.0814354296281222,
8,T8,176000.0,shapefit,0.01,53,1.1787764493018338,
8,T8,176000.0,string_n1,0.01,54,0.6811243684731546,
8,T8,176000.0,multi_iso,0.01,54,0.3668847948817942,
8,T8,176000.0,shapefit,0.01,54,-1.4695831955232774,
8,T8,176000.0,string_n1,0.01,55,0.5733769639793536,
8,T8,176000.0,multi_iso,0.01,55,0.2107548311816572,
8,T8,176000.0,shapefit,0.01,55,0.4042970404472395,
8,T8,176000.0,string_n1,0.01,56,0.4806488918030895,
8,T8,176000.0,multi_iso,0.01,56,-0.1807148339613625,
8,T8,176000.0,shapefit,0.01,56,0.1083810023454134,
8,T8,176000.0,string_n1,0.01,57,1.4767121756664974,
8,T8,176000.0,multi_iso,0.01,57,0.2372752741883728,
8,T8,176000.0,shapefit,0.01,57,-0.4443116028519646,
8,T8,176000.0,string_n1,0.01,58,0.1314635101732743,
8,T8,176000.0,multi_iso,0.01,58,0.2601511596817793,
8,T8,176000.0,shapefit,0.01,58,-1.4784266316471657,
8,T8,176000.0,string_n1,0.01,59,0.5313379359563029,
8,T8,176000.0,multi_iso,0.01,59,0.1642985309039762,
8,T8,176000.0,shapefit,0.01,59,0.9238429526996368,
8,T8,176000.0,string_n1,0.01,60,0.654573978906162,
8,T8,176000.0,multi_iso,0.01,60,0.029441606122534,
8,T8,176000.0,shapefit,0.01,60,1.2945384688907242,
8,T8,176000.0,string_n1,0.01,61,0.4048923070151597,
8,T8,176000.0,multi_iso,0.01,61,0.059229913583741,
8,T8,176000.0,shapefit,0.01,61,-1.6677578917622502,
8,T8,176000.0,string_n1,0.01,62,0.946544462673046,
8,T8,176000.0,multi_iso,0.01,62,-0.1267207171546364,
8,T8,176000.0,shapefit,0.01,62,0.0186869623727199,
8,T8,176000.0,string_n1,0.01,63,-0.0210790283601289,
8,T8,176000.0,multi_iso,0.01,63,0.3137552889135722,
8,T8,176000.0,shapefit,0.01,63,-0.1819141062345641,
8,T8,176000.0,string_n1,0.01,64,0.2587809773835529,
8,T8,176000.0,multi_iso,0.01,64,-0.5458726204135514,
8,T8,176000.0,shapefit,0.01,64,-1.6404684368339737,
8,T8,176000.0,string_n1,0.01,65,0.0449066521658923,
8,T8,176000.0,multi_iso,0.01,65,0.1612027264099775,
8,T8,176000.0,shapefit,0.01,65,-0.1404826891754386,
8,T8,176000.0,string_n1,0.01,66,0.9948672381844188,
8,T8,176000.0,multi_iso,0.01,66,-0.380262662380648,
8,T8,176000.0,shapefit,0.01,66,0.2904649692470312,
8,T8,176000.0,string_n1,0.01,67,1.27744233722485,
8,T8,176000.0,multi_iso,0.01,67,0.0875257188742001,
8,T8,176000.0,shapefit,0.01,67,2.3289101334458047,
8,T8,176000.0,string_n1,0.01,68,1.0792394964873893,
8,T8,176000.0,multi_iso,0.01,68,-0.416409907905621,
8,T8,176000.0,shapefit,0.01,68,-3.6009449923326677,
8,T8,176000.0,string_n1,0.01,69,0.0503420045908569,
8,T8,176000.0,multi_iso,0.01,69,0.1165950770890049,
8,T8,176000.0,shapefit,0.01,69,-0.5282564698545353,
8,T8,176000.0,string_n1,0.01,70,0.3924119252530959,
8,T8,176000.0,multi_iso,0.01,70,0.0463525139648481,
8,T8,176000.0,shapefit,0.01,70,1.1164946775009164,
8,T8,176000.0,string_n1,0.01,71,0.1824674359377571,
8,T8,176000.0,multi_iso,0.01,71,-0.0701371057025674,
8,T8,176000.0,shapefit,0.01,71,-1.2087717552966006,
8,T8,176000.0,string_n1,0.01,72,0.6946054240413518,
8,T8,176000.0,multi_iso,0.01,72,0.3699853248577545,
8,T8,176000.0,shapefit,0.01,72,0.3337790428521905,
8,T8,176000.0,string_n1,0.01,73,0.3927482110517303,
8,T8,176000.0,multi_iso,0.01,73,-0.2953301595716435,
8,T8,176000.0,shapefit,0.01,73,0.4728166002593174,
8,T8,176000.0,string_n1,0.01,74,0.4844501047421793,
8,T8,176000.0,multi_iso,0.01,74,0.0112824015293716,
8,T8,176000.0,shapefit,0.01,74,0.2593511890257187,
8,T8,176000.0,string_n1,0.01,75,0.5324126460779801,
8,T8,176000.0,multi_iso,0.01,75,-0.1467040014543851,
8,T8,176000.0,shapefit,0.01,75,0.86439154448622,
8,T8,176000.0,string_n1,0.01,76,0.6940725688040899,
8,T8,176000.0,multi_iso,0.01,76,0.1077046768880708,
8,T8,176000.0,shapefit,0.01,76,-0.4391313154085351,
8,T8,176000.0,string_n1,0.01,77,-0.2320687313185772,
8,T8,176000.0,multi_iso,0.01,77,-0.2024369364911267,
8,T8,176000.0,shapefit,0.01,77,-1.0977240217883677,
8,T8,176000.0,string_n1,0.01,78,-0.0535113193731211,
8,T8,176000.0,multi_iso,0.01,78,-0.1621642089965958,
8,T8,176000.0,shapefit,0.01,78,0.9201616671201422,
8,T8,176000.0,string_n1,0.01,79,0.6968144910679092,
8,T8,176000.0,multi_iso,0.01,79,-0.0557021575368873,
8,T8,176000.0,shapefit,0.01,79,1.89738612768066,
8,T8,176000.0,string_n1,0.01,80,0.7463088931377404,
8,T8,176000.0,multi_iso,0.01,80,-0.3486222231138196,
8,T8,176000.0,shapefit,0.01,80,-0.2360259683749973,
8,T8,176000.0,string_n1,0.01,81,0.167886314631439,
8,T8,176000.0,multi_iso,0.01,81,0.0525959270283816,
8,T8,176000.0,shapefit,0.01,81,0.6732657781759124,
8,T8,176000.0,string_n1,0.01,82,0.2247431474282745,
8,T8,176000.0,multi_iso,0.01,82,-0.2936966500662575,
8,T8,176000.0,shapefit,0.01,82,1.327688614510093,
8,T8,176000.0,string_n1,0.01,83,0.6804751358869907,
8,T8,176000.0,multi_iso,0.01,83,-0.4066295546329208,
8,T8,176000.0,shapefit,0.01,83,-0.675617184915179,
8,T8,176000.0,string_n1,0.01,84,0.0084373911772755,
8,T8,176000.0,multi_iso,0.01,84,0.1839543560433826,
8,T8,176000.0,shapefit,0.01,84,-1.5785421309647227,
8,T8,176000.0,string_n1,0.01,85,0.1263132057513675,
8,T8,176000.0,multi_iso,0.01,85,-0.3471042441784117,
8,T8,176000.0,shapefit,0.01,85,0.1707808953538419,
8,T8,176000.0,string_n1,0.01,86,0.2583631092582105,
8,T8,176000.0,multi_iso,0.01,86,-0.2869100025948765,
8,T8,176000.0,shapefit,0.01,86,-1.4068005256994598,
8,T8,176000.0,string_n1,0.01,87,0.0361799174131771,
8,T8,176000.0,multi_iso,0.01,87,-0.0229843420592012,
8,T8,176000.0,shapefit,0.01,87,2.7898389979028004,
8,T8,176000.0,string_n1,0.01,88,0.8402400857654687,
8,T8,176000.0,multi_iso,0.01,88,0.1311957685487703,
8,T8,176000.0,shapefit,0.01,88,1.1710303519972678,
8,T8,176000.0,string_n1,0.01,89,-0.0097985667460141,
8,T8,176000.0,multi_iso,0.01,89,0.022919785414276,
8,T8,176000.0,shapefit,0.01,89,-1.6987555655004558,
8,T8,176000.0,string_n1,0.01,90,1.2444001234390023,
8,T8,176000.0,multi_iso,0.01,90,-0.0356287509855643,
8,T8,176000.0,shapefit,0.01,90,0.3677491377552128,
8,T8,176000.0,string_n1,0.01,91,0.2889443784971676,
8,T8,176000.0,multi_iso,0.01,91,0.4323043783853625,
8,T8,176000.0,shapefit,0.01,91,0.2133512902317637,
8,T8,176000.0,string_n1,0.01,92,0.6103805207248859,
8,T8,176000.0,multi_iso,0.01,92,-0.2725304092555399,
8,T8,176000.0,shapefit,0.01,92,-0.6115515675111304,
8,T8,176000.0,string_n1,0.01,93,1.7217829209348563,
8,T8,176000.0,multi_iso,0.01,93,0.0360082719828907,
8,T8,176000.0,shapefit,0.01,93,2.696877575047934,
8,T8,176000.0,string_n1,0.01,94,0.9802020799612032,
8,T8,176000.0,multi_iso,0.01,94,0.3351836118852588,
8,T8,176000.0,shapefit,0.01,94,-1.027692525848149,
8,T8,176000.0,string_n1,0.01,95,0.0740010532783509,
8,T8,176000.0,multi_iso,0.01,95,0.3551318175507317,
8,T8,176000.0,shapefit,0.01,95,1.6337241043137594,
8,T8,176000.0,string_n1,0.01,96,0.6583058427904854,
8,T8,176000.0,multi_iso,0.01,96,-0.0589586280983977,
8,T8,176000.0,shapefit,0.01,96,-0.6401770472833133,
8,T8,176000.0,string_n1,0.01,97,0.4525525238562212,
8,T8,176000.0,multi_iso,0.01,97,-0.1153880052531762,
8,T8,176000.0,shapefit,0.01,97,0.4223353718966378,
8,T8,176000.0,string_n1,0.01,98,0.0909998090395013,
8,T8,176000.0,multi_iso,0.01,98,-0.0006115123989729,
8,T8,176000.0,shapefit,0.01,98,-0.4460584835789136,
8,T8,176000.0,string_n1,0.01,99,0.3944857759108179,
8,T8,176000.0,multi_iso,0.01,99,-0.2884957625684778,
8,T8,176000.0,shapefit,0.01,99,-1.163671267265619,
8,T8,176000.0,string_n1,0.02,0,0.6031112834726049,
8,T8,176000.0,multi_iso,0.02,0,-0.0085163153968427,
8,T8,176000.0,shapefit,0.02,0,0.8744278049773625,
8,T8,176000.0,string_n1,0.02,1,0.1054968881823614,
8,T8,176000.0,multi_iso,0.02,1,-0.3511422494820264,
8,T8,176000.0,shapefit,0.02,1,-0.1490348097646677,
8,T8,176000.0,string_n1,0.02,2,0.8341533573409834,
8,T8,176000.0,multi_iso,0.02,2,0.0582832162657888,
8,T8,176000.0,shapefit,0.02,2,1.6167302481064656,
8,T8,176000.0,string_n1,0.02,3,0.3496118566131124,
8,T8,176000.0,multi_iso,0.02,3,0.0794397839914712,
8,T8,176000.0,shapefit,0.02,3,-4.223170072138088,
8,T8,176000.0,string_n1,0.02,4,0.0037712474222644,
8,T8,176000.0,multi_iso,0.02,4,0.0410513177718464,
8,T8,176000.0,shapefit,0.02,4,-0.4001641749838613,
8,T8,176000.0,string_n1,0.02,5,0.9541393545381818,
8,T8,176000.0,multi_iso,0.02,5,-0.155786547951555,
8,T8,176000.0,shapefit,0.02,5,0.1430966513291423,
8,T8,176000.0,string_n1,0.02,6,-0.372474786315235,
8,T8,176000.0,multi_iso,0.02,6,0.2017440146477714,
8,T8,176000.0,shapefit,0.02,6,-2.472584291132675,
8,T8,176000.0,string_n1,0.02,7,0.911509197113446,
8,T8,176000.0,multi_iso,0.02,7,0.3831587296918686,
8,T8,176000.0,shapefit,0.02,7,-0.4514862558346067,
8,T8,176000.0,string_n1,0.02,8,-0.2406470973569825,
8,T8,176000.0,multi_iso,0.02,8,0.015707900335821,
8,T8,176000.0,shapefit,0.02,8,-2.9015638175587974,
8,T8,176000.0,string_n1,0.02,9,0.220489176156496,
8,T8,176000.0,multi_iso,0.02,9,0.1735852807549401,
8,T8,176000.0,shapefit,0.02,9,-2.7765173429458874,
8,T8,176000.0,string_n1,0.02,10,0.1545653332701146,
8,T8,176000.0,multi_iso,0.02,10,0.2563359130199387,
8,T8,176000.0,shapefit,0.02,10,-3.344222578401009,
8,T8,176000.0,string_n1,0.02,11,1.3697708155395627,
8,T8,176000.0,multi_iso,0.02,11,-0.3848491528065675,
8,T8,176000.0,shapefit,0.02,11,-4.44831302538868,
8,T8,176000.0,string_n1,0.02,12,1.4309891227720235,
8,T8,176000.0,multi_iso,0.02,12,0.1400882498530997,
8,T8,176000.0,shapefit,0.02,12,3.2092981552026685,
8,T8,176000.0,string_n1,0.02,13,0.7822946500202471,
8,T8,176000.0,multi_iso,0.02,13,-0.076161760427319,
8,T8,176000.0,shapefit,0.02,13,3.1195609564826636,
8,T8,176000.0,string_n1,0.02,14,-0.1687200090285676,
8,T8,176000.0,multi_iso,0.02,14,-0.124581889251038,
8,T8,176000.0,shapefit,0.02,14,0.2924064510479101,
8,T8,176000.0,string_n1,0.02,15,0.9618228653752918,
8,T8,176000.0,multi_iso,0.02,15,-0.3685334825683392,
8,T8,176000.0,shapefit,0.02,15,3.241388049073992,
8,T8,176000.0,string_n1,0.02,16,0.1664990073988023,
8,T8,176000.0,multi_iso,0.02,16,0.0879823356933477,
8,T8,176000.0,shapefit,0.02,16,-0.3204911712584197,
8,T8,176000.0,string_n1,0.02,17,0.7058093575333425,
8,T8,176000.0,multi_iso,0.02,17,-0.0235755817413353,
8,T8,176000.0,shapefit,0.02,17,4.61341385458555,
8,T8,176000.0,string_n1,0.02,18,0.4647905226172125,
8,T8,176000.0,multi_iso,0.02,18,-0.492716500462269,
8,T8,176000.0,shapefit,0.02,18,2.843277197999619,
8,T8,176000.0,string_n1,0.02,19,0.8205621912428217,
8,T8,176000.0,multi_iso,0.02,19,0.2058738250444466,
8,T8,176000.0,shapefit,0.02,19,-0.9505674389253148,
8,T8,176000.0,string_n1,0.02,20,0.6121977906185334,
8,T8,176000.0,multi_iso,0.02,20,-0.3006911943460926,
8,T8,176000.0,shapefit,0.02,20,1.9160192575365231,
8,T8,176000.0,string_n1,0.02,21,-0.390307585096029,
8,T8,176000.0,multi_iso,0.02,21,-0.2570104264060401,
8,T8,176000.0,shapefit,0.02,21,-2.798926174581191,
8,T8,176000.0,string_n1,0.02,22,1.0136068043285955,
8,T8,176000.0,multi_iso,0.02,22,0.0106612656299892,
8,T8,176000.0,shapefit,0.02,22,3.1574526059719243,
8,T8,176000.0,string_n1,0.02,23,0.5052804533606997,
8,T8,176000.0,multi_iso,0.02,23,0.2111327614431337,
8,T8,176000.0,shapefit,0.02,23,1.080791316099848,
8,T8,176000.0,string_n1,0.02,24,0.1410744949195842,
8,T8,176000.0,multi_iso,0.02,24,-0.0682189394864591,
8,T8,176000.0,shapefit,0.02,24,-2.6063344868623477,
8,T8,176000.0,string_n1,0.02,25,0.238610613850704,
8,T8,176000.0,multi_iso,0.02,25,-0.1118887856128408,
8,T8,176000.0,shapefit,0.02,25,2.2134019201736175,
8,T8,176000.0,string_n1,0.02,26,0.3270388847833436,
8,T8,176000.0,multi_iso,0.02,26,0.0003946561998501,
8,T8,176000.0,shapefit,0.02,26,2.1261597437030684,
8,T8,176000.0,string_n1,0.02,27,0.750576642501834,
8,T8,176000.0,multi_iso,0.02,27,-0.0320802154778489,
8,T8,176000.0,shapefit,0.02,27,-0.9394427776490292,
8,T8,176000.0,string_n1,0.02,28,0.606773086213401,
8,T8,176000.0,multi_iso,0.02,28,0.0344187747378203,
8,T8,176000.0,shapefit,0.02,28,3.605914395845073,
8,T8,176000.0,string_n1,0.02,29,0.7203441752058015,
8,T8,176000.0,multi_iso,0.02,29,0.3227998765169766,
8,T8,176000.0,shapefit,0.02,29,3.4384640618359548,
8,T8,176000.0,string_n1,0.02,30,0.4699492359066922,
8,T8,176000.0,multi_iso,0.02,30,-0.1722730964994877,
8,T8,176000.0,shapefit,0.02,30,-3.6218994033159766,
8,T8,176000.0,string_n1,0.02,31,0.5059765971545361,
8,T8,176000.0,multi_iso,0.02,31,-0.1814004998018969,
8,T8,176000.0,shapefit,0.02,31,2.22555662602127,
8,T8,176000.0,string_n1,0.02,32,1.0858643536593016,
8,T8,176000.0,multi_iso,0.02,32,-0.0749133198642746,
8,T8,176000.0,shapefit,0.02,32,2.6334296338971397,
8,T8,176000.0,string_n1,0.02,33,0.0220129220711566,
8,T8,176000.0,multi_iso,0.02,33,-0.1305043943554747,
8,T8,176000.0,shapefit,0.02,33,-1.1579923258038682,
8,T8,176000.0,string_n1,0.02,34,0.61400675584874,
8,T8,176000.0,multi_iso,0.02,34,-0.2499734625945579,
8,T8,176000.0,shapefit,0.02,34,-3.79246006930154,
8,T8,176000.0,string_n1,0.02,35,0.2243068535540673,
8,T8,176000.0,multi_iso,0.02,35,-0.225953568353444,
8,T8,176000.0,shapefit,0.02,35,-2.691682565533417,
8,T8,176000.0,string_n1,0.02,36,1.2256164836538368,
8,T8,176000.0,multi_iso,0.02,36,-0.0380801304426561,
8,T8,176000.0,shapefit,0.02,36,-1.0231653739404385,
8,T8,176000.0,string_n1,0.02,37,0.8229401513549006,
8,T8,176000.0,multi_iso,0.02,37,0.1025851331811447,
8,T8,176000.0,shapefit,0.02,37,1.101612593787319,
8,T8,176000.0,string_n1,0.02,38,0.525833927418981,
8,T8,176000.0,multi_iso,0.02,38,0.041940635935068,
8,T8,176000.0,shapefit,0.02,38,-0.8026677085094145,
8,T8,176000.0,string_n1,0.02,39,0.7728031307409269,
8,T8,176000.0,multi_iso,0.02,39,0.2422907683199479,
8,T8,176000.0,shapefit,0.02,39,2.406098822338688,
8,T8,176000.0,string_n1,0.02,40,0.7067427494199033,
8,T8,176000.0,multi_iso,0.02,40,-0.0973749076851163,
8,T8,176000.0,shapefit,0.02,40,-4.855635486695097,
8,T8,176000.0,string_n1,0.02,41,0.6860882747492227,
8,T8,176000.0,multi_iso,0.02,41,0.3660723238265167,
8,T8,176000.0,shapefit,0.02,41,6.387753130715695,
8,T8,176000.0,string_n1,0.02,42,0.7178030826325167,
8,T8,176000.0,multi_iso,0.02,42,0.0248226178584611,
8,T8,176000.0,shapefit,0.02,42,0.8786920010372837,
8,T8,176000.0,string_n1,0.02,43,0.3005275476226333,
8,T8,176000.0,multi_iso,0.02,43,0.0436115775904578,
8,T8,176000.0,shapefit,0.02,43,-1.2888227648140442,
8,T8,176000.0,string_n1,0.02,44,0.3265558272349484,
8,T8,176000.0,multi_iso,0.02,44,-0.2024496239208846,
8,T8,176000.0,shapefit,0.02,44,1.9164375758896892,
8,T8,176000.0,string_n1,0.02,45,0.4450937876322231,
8,T8,176000.0,multi_iso,0.02,45,0.2436332237541302,
8,T8,176000.0,shapefit,0.02,45,2.55252901513863,
8,T8,176000.0,string_n1,0.02,46,0.8146929757965071,
8,T8,176000.0,multi_iso,0.02,46,-0.0611702565339741,
8,T8,176000.0,shapefit,0.02,46,1.0110793610043731,
8,T8,176000.0,string_n1,0.02,47,0.8708982789415379,
8,T8,176000.0,multi_iso,0.02,47,0.2021011165028539,
8,T8,176000.0,shapefit,0.02,47,-1.1708991607849053,
8,T8,176000.0,string_n1,0.02,48,-0.0528252122817238,
8,T8,176000.0,multi_iso,0.02,48,-0.1362729412024154,
8,T8,176000.0,shapefit,0.02,48,-1.8560206524306109,
8,T8,176000.0,string_n1,0.02,49,-0.1717898017804063,
8,T8,176000.0,multi_iso,0.02,49,0.90191724997709,
8,T8,176000.0,shapefit,0.02,49,-4.925587523044272,
8,T8,176000.0,string_n1,0.02,50,1.505540314630145,
8,T8,176000.0,multi_iso,0.02,50,0.2498337368216942,
8,T8,176000.0,shapefit,0.02,50,2.4850176008085163,
8,T8,176000.0,string_n1,0.02,51,0.971325582309212,
8,T8,176000.0,multi_iso,0.02,51,-0.1345220211013921,
8,T8,176000.0,shapefit,0.02,51,-0.4509045230888659,
8,T8,176000.0,string_n1,0.02,52,0.8982815040395508,
8,T8,176000.0,multi_iso,0.02,52,0.0863277055168509,
8,T8,176000.0,shapefit,0.02,52,-0.5095240383629392,
8,T8,176000.0,string_n1,0.02,53,0.7854240258959345,
8,T8,176000.0,multi_iso,0.02,53,0.372136870716713,
8,T8,176000.0,shapefit,0.02,53,-1.728468145059593,
8,T8,176000.0,string_n1,0.02,54,0.7346867938656446,
8,T8,176000.0,multi_iso,0.02,54,0.0316407920021612,
8,T8,176000.0,shapefit,0.02,54,2.793144140885951,
8,T8,176000.0,string_n1,0.02,55,0.5446999837370723,
8,T8,176000.0,multi_iso,0.02,55,0.1283090612232296,
8,T8,176000.0,shapefit,0.02,55,1.7228326437253516,
8,T8,176000.0,string_n1,0.02,56,1.0732140880380692,
8,T8,176000.0,multi_iso,0.02,56,-0.2610724995514333,
8,T8,176000.0,shapefit,0.02,56,-0.4555908815007073,
8,T8,176000.0,string_n1,0.02,57,1.085593917692528,
8,T8,176000.0,multi_iso,0.02,57,-0.3722064363496677,
8,T8,176000.0,shapefit,0.02,57,4.828526719301953,
8,T8,176000.0,string_n1,0.02,58,1.030212078306464,
8,T8,176000.0,multi_iso,0.02,58,0.1561514406824492,
8,T8,176000.0,shapefit,0.02,58,1.7750833855990011,
8,T8,176000.0,string_n1,0.02,59,0.5071674499338935,
8,T8,176000.0,multi_iso,0.02,59,-0.1628929031100183,
8,T8,176000.0,shapefit,0.02,59,-0.6189336516648506,
8,T8,176000.0,string_n1,0.02,60,0.5392461843524209,
8,T8,176000.0,multi_iso,0.02,60,0.5133022575738406,
8,T8,176000.0,shapefit,0.02,60,0.0328470366401234,
8,T8,176000.0,string_n1,0.02,61,0.4129735742608152,
8,T8,176000.0,multi_iso,0.02,61,-0.0505749978372147,
8,T8,176000.0,shapefit,0.02,61,-2.245638059027277,
8,T8,176000.0,string_n1,0.02,62,0.413975205221521,
8,T8,176000.0,multi_iso,0.02,62,-0.1121696724232771,
8,T8,176000.0,shapefit,0.02,62,-1.9259824481054073,
8,T8,176000.0,string_n1,0.02,63,0.0125845399548118,
8,T8,176000.0,multi_iso,0.02,63,-0.2262122536640659,
8,T8,176000.0,shapefit,0.02,63,-4.472690390818041,
8,T8,176000.0,string_n1,0.02,64,0.6926215684828176,
8,T8,176000.0,multi_iso,0.02,64,-0.0247882463142146,
8,T8,176000.0,shapefit,0.02,64,3.6869978406297377,
8,T8,176000.0,string_n1,0.02,65,0.4128203406702596,
8,T8,176000.0,multi_iso,0.02,65,-0.3904298932864218,
8,T8,176000.0,shapefit,0.02,65,0.9299703045875338,
8,T8,176000.0,string_n1,0.02,66,0.5679636722228348,
8,T8,176000.0,multi_iso,0.02,66,-0.0659293614453914,
8,T8,176000.0,shapefit,0.02,66,3.719699994893265,
8,T8,176000.0,string_n1,0.02,67,0.6192810154550568,
8,T8,176000.0,multi_iso,0.02,67,0.3166219596652809,
8,T8,176000.0,shapefit,0.02,67,-0.8561514115598666,
8,T8,176000.0,string_n1,0.02,68,0.6429063615250098,
8,T8,176000.0,multi_iso,0.02,68,-0.0002447316337235,
8,T8,176000.0,shapefit,0.02,68,0.9556330698372304,
8,T8,176000.0,string_n1,0.02,69,0.6527177097211527,
8,T8,176000.0,multi_iso,0.02,69,-0.080422731054866,
8,T8,176000.0,shapefit,0.02,69,0.8104094322826396,
8,T8,176000.0,string_n1,0.02,70,0.4697636896446056,
8,T8,176000.0,multi_iso,0.02,70,0.255143107957966,
8,T8,176000.0,shapefit,0.02,70,-1.77994271059549,
8,T8,176000.0,string_n1,0.02,71,0.5685353907349384,
8,T8,176000.0,multi_iso,0.02,71,0.2831809702057481,
8,T8,176000.0,shapefit,0.02,71,1.6884594288040469,
8,T8,176000.0,string_n1,0.02,72,1.4815645232143486,
8,T8,176000.0,multi_iso,0.02,72,-0.3195160347092083,
8,T8,176000.0,shapefit,0.02,72,-0.0627865075966011,
8,T8,176000.0,string_n1,0.02,73,0.5571292457184014,
8,T8,176000.0,multi_iso,0.02,73,-0.2534157449695902,
8,T8,176000.0,shapefit,0.02,73,2.4704759650911168,
8,T8,176000.0,string_n1,0.02,74,0.4339366862539464,
8,T8,176000.0,multi_iso,0.02,74,-0.0733002888097292,
8,T8,176000.0,shapefit,0.02,74,2.041775959196556,
8,T8,176000.0,string_n1,0.02,75,0.5590345797629528,
8,T8,176000.0,multi_iso,0.02,75,-0.0212120093251459,
8,T8,176000.0,shapefit,0.02,75,-4.742085383520664,
8,T8,176000.0,string_n1,0.02,76,0.3571248450816545,
8,T8,176000.0,multi_iso,0.02,76,0.488830971369961,
8,T8,176000.0,shapefit,0.02,76,-1.6228280669780195,
8,T8,176000.0,string_n1,0.02,77,0.2870650970816397,
8,T8,176000.0,multi_iso,0.02,77,-0.037073993853499,
8,T8,176000.0,shapefit,0.02,77,-5.4395655871407635,
8,T8,176000.0,string_n1,0.02,78,0.965466356206426,
8,T8,176000.0,multi_iso,0.02,78,-0.0957628007369666,
8,T8,176000.0,shapefit,0.02,78,-1.268841993064085,
8,T8,176000.0,string_n1,0.02,79,0.380336412216837,
8,T8,176000.0,multi_iso,0.02,79,-0.2524801365559556,
8,T8,176000.0,shapefit,0.02,79,1.085259688210383,
8,T8,176000.0,string_n1,0.02,80,0.7743674043551436,
8,T8,176000.0,multi_iso,0.02,80,0.4577888874987614,
8,T8,176000.0,shapefit,0.02,80,4.053685560228934,
8,T8,176000.0,string_n1,0.02,81,-0.3596630577443482,
8,T8,176000.0,multi_iso,0.02,81,0.0370915842487606,
8,T8,176000.0,shapefit,0.02,81,-1.5553344771006694,
8,T8,176000.0,string_n1,0.02,82,0.4697294395105763,
8,T8,176000.0,multi_iso,0.02,82,-0.0452195869259164,
8,T8,176000.0,shapefit,0.02,82,0.0476577835076651,
8,T8,176000.0,string_n1,0.02,83,1.0372788525765413,
8,T8,176000.0,multi_iso,0.02,83,-0.0227178905493763,
8,T8,176000.0,shapefit,0.02,83,3.1060309422350243,
8,T8,176000.0,string_n1,0.02,84,1.075381614847472,
8,T8,176000.0,multi_iso,0.02,84,-0.1754153255947213,
8,T8,176000.0,shapefit,0.02,84,1.475605815430324,
8,T8,176000.0,string_n1,0.02,85,0.3639087007314381,
8,T8,176000.0,multi_iso,0.02,85,-0.2950563355183641,
8,T8,176000.0,shapefit,0.02,85,-2.400635492715777,
8,T8,176000.0,string_n1,0.02,86,0.2953329482668116,
8,T8,176000.0,multi_iso,0.02,86,0.4214266305128893,
8,T8,176000.0,shapefit,0.02,86,-1.864677190512901,
8,T8,176000.0,string_n1,0.02,87,0.2581479752892847,
8,T8,176000.0,multi_iso,0.02,87,0.1662911621912578,
8,T8,176000.0,shapefit,0.02,87,0.4665459871387032,
8,T8,176000.0,string_n1,0.02,88,-0.2819274048325249,
8,T8,176000.0,multi_iso,0.02,88,0.4152931249211013,
8,T8,176000.0,shapefit,0.02,88,-2.468503486279108,
8,T8,176000.0,string_n1,0.02,89,0.7358937568456564,
8,T8,176000.0,multi_iso,0.02,89,-0.1126988458111141,
8,T8,176000.0,shapefit,0.02,89,-0.5871653612019475,
8,T8,176000.0,string_n1,0.02,90,0.4315542770729735,
8,T8,176000.0,multi_iso,0.02,90,0.0581137270844423,
8,T8,176000.0,shapefit,0.02,90,-2.5005610116750177,
8,T8,176000.0,string_n1,0.02,91,0.1453063014929946,
8,T8,176000.0,multi_iso,0.02,91,0.5598602669609715,
8,T8,176000.0,shapefit,0.02,91,5.905482253378613,
8,T8,176000.0,string_n1,0.02,92,1.239006562967552,
8,T8,176000.0,multi_iso,0.02,92,-0.3023244720732691,
8,T8,176000.0,shapefit,0.02,92,3.1059878724958585,
8,T8,176000.0,string_n1,0.02,93,0.1354129760761431,
8,T8,176000.0,multi_iso,0.02,93,-0.3209180492744715,
8,T8,176000.0,shapefit,0.02,93,-2.6312846780916517,
8,T8,176000.0,string_n1,0.02,94,0.6114959688478517,
8,T8,176000.0,multi_iso,0.02,94,-0.2487341470367524,
8,T8,176000.0,shapefit,0.02,94,-0.0166929118872014,
8,T8,176000.0,string_n1,0.02,95,0.3255389487210943,
8,T8,176000.0,multi_iso,0.02,95,0.1321156325613959,
8,T8,176000.0,shapefit,0.02,95,2.523563700159172,
8,T8,176000.0,string_n1,0.02,96,0.3980890321644685,
8,T8,176000.0,multi_iso,0.02,96,0.1599821844043948,
8,T8,176000.0,shapefit,0.02,96,-0.8418990840937444,
8,T8,176000.0,string_n1,0.02,97,0.808918105894455,
8,T8,176000.0,multi_iso,0.02,97,-0.1897941337132083,
8,T8,176000.0,shapefit,0.02,97,0.7206266767047055,
8,T8,176000.0,string_n1,0.02,98,0.4378739056549172,
8,T8,176000.0,multi_iso,0.02,98,0.063339526824794,
8,T8,176000.0,shapefit,0.02,98,-2.897276458532939,
8,T8,176000.0,string_n1,0.02,99,0.4082212468357862,
8,T8,176000.0,multi_iso,0.02,99,-0.2474506277946685,
8,T8,176000.0,shapefit,0.02,99,3.285430160570517,
8,T8,176000.0,pinn_free,0.01,0,0.4596934327658097,
8,T8,176000.0,pinn_free,0.01,1,0.9375280945699904,
8,T8,176000.0,pinn_free,0.01,2,-0.0266809463650299,
9,heavy,746780.386933165,string_n1,0.0,-1,-4.362718789066602,
9,heavy,746780.386933165,multi_iso,0.0,-1,-0.0820064678984043,
9,heavy,746780.386933165,shapefit,0.0,-1,-3.250976382829842e-07,1223593.578837808
9,heavy,746780.386933165,pinn_free,0.0,-1,0.0094059106542554,1230599.3169890023
9,heavy,746780.386933165,string_n1,0.005,0,-4.689818287407299,
9,heavy,746780.386933165,multi_iso,0.005,0,0.4179717157464998,
9,heavy,746780.386933165,shapefit,0.005,0,0.0867314883301452,
9,heavy,746780.386933165,string_n1,0.005,1,-4.753036270595977,
9,heavy,746780.386933165,multi_iso,0.005,1,0.0164030738063557,
9,heavy,746780.386933165,shapefit,0.005,1,-0.597994729487862,
9,heavy,746780.386933165,string_n1,0.005,2,-4.733077333912809,
9,heavy,746780.386933165,multi_iso,0.005,2,-0.4862243633310213,
9,heavy,746780.386933165,shapefit,0.005,2,-0.2628221798639304,
9,heavy,746780.386933165,string_n1,0.005,3,-4.154112032764422,
9,heavy,746780.386933165,multi_iso,0.005,3,-0.0488562803273524,
9,heavy,746780.386933165,shapefit,0.005,3,1.027881405540391,
9,heavy,746780.386933165,string_n1,0.005,4,-4.538253512531754,
9,heavy,746780.386933165,multi_iso,0.005,4,-0.3654652358205152,
9,heavy,746780.386933165,shapefit,0.005,4,-0.8879428315307876,
9,heavy,746780.386933165,string_n1,0.005,5,-4.555664371304248,
9,heavy,746780.386933165,multi_iso,0.005,5,-0.3675298240171741,
9,heavy,746780.386933165,shapefit,0.005,5,0.4878645132335145,
9,heavy,746780.386933165,string_n1,0.005,6,-4.49007739991049,
9,heavy,746780.386933165,multi_iso,0.005,6,-0.6099673464474624,
9,heavy,746780.386933165,shapefit,0.005,6,0.697762615614216,
9,heavy,746780.386933165,string_n1,0.005,7,-3.5292212053603707,
9,heavy,746780.386933165,multi_iso,0.005,7,-0.228038592309217,
9,heavy,746780.386933165,shapefit,0.005,7,1.5694311790313835,
9,heavy,746780.386933165,string_n1,0.005,8,-3.822958825799351,
9,heavy,746780.386933165,multi_iso,0.005,8,-0.1157275694987334,
9,heavy,746780.386933165,shapefit,0.005,8,0.1081131765395176,
9,heavy,746780.386933165,string_n1,0.005,9,-3.9508523437935,
9,heavy,746780.386933165,multi_iso,0.005,9,-0.2327772026578098,
9,heavy,746780.386933165,shapefit,0.005,9,-0.4631580807213509,
9,heavy,746780.386933165,string_n1,0.01,0,-4.347327874932203,
9,heavy,746780.386933165,multi_iso,0.01,0,-0.2711454360766422,
9,heavy,746780.386933165,shapefit,0.01,0,0.2793118457000787,
9,heavy,746780.386933165,string_n1,0.01,1,-4.85989219348887,
9,heavy,746780.386933165,multi_iso,0.01,1,-0.0488147252422614,
9,heavy,746780.386933165,shapefit,0.01,1,-1.3477682857509086,
9,heavy,746780.386933165,string_n1,0.01,2,-5.1347429676426986,
9,heavy,746780.386933165,multi_iso,0.01,2,0.0593747418657372,
9,heavy,746780.386933165,shapefit,0.01,2,0.3188241114569491,
9,heavy,746780.386933165,string_n1,0.01,3,-4.221604453700371,
9,heavy,746780.386933165,multi_iso,0.01,3,0.1785961341992156,
9,heavy,746780.386933165,shapefit,0.01,3,-1.2961181455816653,
9,heavy,746780.386933165,string_n1,0.01,4,-4.591945702970154,
9,heavy,746780.386933165,multi_iso,0.01,4,-0.1984626892972959,
9,heavy,746780.386933165,shapefit,0.01,4,1.4890004826456862,
9,heavy,746780.386933165,string_n1,0.01,5,-4.120462759507509,
9,heavy,746780.386933165,multi_iso,0.01,5,-0.4940799002634374,
9,heavy,746780.386933165,shapefit,0.01,5,1.3478927827756684,
9,heavy,746780.386933165,string_n1,0.01,6,-3.787531523159985,
9,heavy,746780.386933165,multi_iso,0.01,6,-0.1397861844888601,
9,heavy,746780.386933165,shapefit,0.01,6,1.5866782435356297,
9,heavy,746780.386933165,string_n1,0.01,7,-5.047708121919141,
9,heavy,746780.386933165,multi_iso,0.01,7,0.0428419371830669,
9,heavy,746780.386933165,shapefit,0.01,7,0.31144971115583,
9,heavy,746780.386933165,string_n1,0.01,8,-4.783102160861101,
9,heavy,746780.386933165,multi_iso,0.01,8,-0.0139456178997281,
9,heavy,746780.386933165,shapefit,0.01,8,-2.391340988568359,
9,heavy,746780.386933165,string_n1,0.01,9,-4.340152188072638,
9,heavy,746780.386933165,multi_iso,0.01,9,0.317043673564002,
9,heavy,746780.386933165,shapefit,0.01,9,-0.5634109029328461,
9,heavy,746780.386933165,string_n1,0.02,0,-4.743396545624724,
9,heavy,746780.386933165,multi_iso,0.02,0,-0.3149242656354525,
9,heavy,746780.386933165,shapefit,0.02,0,-2.154243390345394,
9,heavy,746780.386933165,string_n1,0.02,1,-3.832477230132373,
9,heavy,746780.386933165,multi_iso,0.02,1,-0.5006225761066232,
9,heavy,746780.386933165,shapefit,0.02,1,0.3895213616801551,
9,heavy,746780.386933165,string_n1,0.02,2,-4.6440930934887765,
9,heavy,746780.386933165,multi_iso,0.02,2,-0.1652681402088037,
9,heavy,746780.386933165,shapefit,0.02,2,-1.1745494793866973,
9,heavy,746780.386933165,string_n1,0.02,3,-4.622149610262259,
9,heavy,746780.386933165,multi_iso,0.02,3,-0.2378598006213061,
9,heavy,746780.386933165,shapefit,0.02,3,3.0606564579485354,
9,heavy,746780.386933165,string_n1,0.02,4,-4.098762856871806,
9,heavy,746780.386933165,multi_iso,0.02,4,-0.4362316319804723,
9,heavy,746780.386933165,shapefit,0.02,4,-0.7762533023744904,
9,heavy,746780.386933165,string_n1,0.02,5,-4.774240113651545,
9,heavy,746780.386933165,multi_iso,0.02,5,0.0591803277789527,
9,heavy,746780.386933165,shapefit,0.02,5,2.1525012107666575,
9,heavy,746780.386933165,string_n1,0.02,6,-4.856465969265343,
9,heavy,746780.386933165,multi_iso,0.02,6,-0.0585572393617204,
9,heavy,746780.386933165,shapefit,0.02,6,0.2751230231151234,
9,heavy,746780.386933165,string_n1,0.02,7,-4.895389757535093,
9,heavy,746780.386933165,multi_iso,0.02,7,-0.1452992054998502,
9,heavy,746780.386933165,shapefit,0.02,7,2.8975392925768033,
9,heavy,746780.386933165,string_n1,0.02,8,-4.297445318730671,
9,heavy,746780.386933165,multi_iso,0.02,8,-0.2885177312023161,
9,heavy,746780.386933165,shapefit,0.02,8,1.807671713874448,
9,heavy,746780.386933165,string_n1,0.02,9,-4.698211832990381,
9,heavy,746780.386933165,multi_iso,0.02,9,0.1277759381602925,
9,heavy,746780.386933165,shapefit,0.02,9,-1.2320116908854508,
9,heavy,746780.386933165,pinn_free,0.01,0,0.1732355378287679,
