T_true,zeta,f_pick,eps_merged_pct,eps_branch_pct,rho,resolved_bool,eps_wrong_pct,epsc_merged_pct,epsc_branch_pct,epsc_wrong_pct,f_pair,epsc_pair_pct,f_acc,eps_acc_pct,bg_ratio,x_bg_pred,flat01_pct,flat05_pct,f_law,epsc_law_pct,rho_amp,rho_2dof,epsc_mean_pct,f_lo,f_hi,f0,f_iso,s_pct,u,d_meas,x_frf,x_pair,x_law,stay_upper,pick_upper,n_peaks_3db,dip_db
140000.0,0.002,3.183435617162538,-0.4670664153488178,-0.45770421982158693,0.01401857769256822,True,8.97916197449975,-0.6016066878189896,-0.5922571473225391,8.83185308268304,3.183568500246982,-0.5933083319842547,3.183461091262893,-0.46547346836425796,0.020889132802187352,-0.020889132802187352,0.11665995929569187,0.27015990573738735,3.1835813228346197,-0.5925075616646569,0.01534757498846751,0.06861027400883561,-0.45623743276705586,3.1835853326627572,3.33107492084953,3.257330126756144,3.193054922563838,4.527928777475568,11.31982194368892,-0.03946496160419292,-11.342803264954066,-11.322405718608968,-11.32043745209331,False,False,2,3.922307309488559
140000.0,0.005,3.1826539544506525,-0.5159391682284643,-0.45770421982158693,0.01401857769256822,False,8.97916197449975,-0.6504133786099153,-0.5922571473225391,8.83185308268304,3.1834809424071344,-0.5987762309769273,3.1828138535882404,-0.5059425959593916,0.052220787070465347,-0.052220787070465347,0.29471989716805647,0.6815397622011358,3.1835610447666354,-0.5937739250871932,0.01534757498846751,0.06861027400883561,-0.45623743276705586,3.1835853326627572,3.33107492084953,3.257330126756144,3.193054922563838,4.527928777475568,4.527928777475568,-0.03946496160419292,-4.5851153797456,-4.534338336934436,-4.5294200537771525,False,False,1,0.05335232622918795
140000.0,0.01,3.179918807306498,-0.6868572931451906,-0.45770421982158693,0.01401857769256822,False,8.97916197449975,-0.8211004707391334,-0.5922571473225391,8.83185308268304,3.183178407263576,-0.6176680887365782,3.180566907774811,-0.646371068612082,0.10442705684976016,-0.10442705684976016,0.5955797921938212,1.3753595201176332,3.1834983835739683,-0.5976870596530404,0.01534757498846751,0.06861027400883561,-0.45623743276705586,3.1835853326627572,3.33107492084953,3.257330126756144,3.193054922563838,4.527928777475568,2.263964388737784,-0.03946496160419292,-2.376526677900378,-2.276456994133807,-2.2666337248322446,False,False,1,
140000.0,0.02,3.169685662983685,-1.3250185505646888,-0.45770421982158693,0.01401857769256822,False,8.97916197449975,-1.4583991152890774,-0.5922571473225391,8.83185308268304,3.182083034953666,-0.686053777739315,3.1724034119949147,-1.1557343814225585,0.20874003612159814,-0.20874003612159814,1.240279567248926,2.8612390016732503,3.183360105074077,-0.6063221538447405,0.01534757498846751,0.06861027400883561,-0.45623743276705586,3.1835853326627572,3.33107492084953,3.257330126756144,3.193054922563838,4.527928777475568,1.131982194368892,-0.03946496160419292,-1.3453420494983823,-1.1550424561573918,-1.1354394366488543,False,False,1,
140500.0,0.002,3.188683654111341,-0.49400542173897133,-0.4845665159399308,0.016599579657389625,True,8.620190784268477,-0.6280312636160024,-0.6186050711946889,8.473888919979732,3.1888171117626936,-0.6197129551689273,3.1887091818658218,-0.4924121782300891,0.020943957415752914,-0.020943957415752914,0.11042348048053985,0.2637894255924416,3.1888299716287305,-0.6189113916359235,0.01811829026110937,0.0746319866626288,-0.46496552862596785,3.1888348860599613,3.3315174598960944,3.260176172978028,3.198744030845981,4.376529557474766,10.941323893686913,-0.03768639415331435,-10.964517724418215,-10.944049865586088,-10.942077600077342,False,False,2,4.413625123480301
140500.0,0.005,3.1878945857519505,-0.5432466294194093,-0.4845665159399308,0.016599579657389625,False,8.620190784268477,-0.6772061477111624,-0.6186050711946889,8.473888919979732,3.1887248637037935,-0.6254627398997514,3.1880547692193186,-0.5332514884675567,0.05235782325498104,-0.05235782325498104,0.29446261461480017,0.6809447962967304,3.188805188364014,-0.6204561452149204,0.01811829026110937,0.0746319866626288,-0.46496552862596785,3.1888348860599613,3.3315174598960944,3.260176172978028,3.198744030845981,4.376529557474766,4.376529557474766,-0.03768639415331435,-4.434213575645595,-4.383279030529613,-4.378351403557402,False,False,1,0.14473762596227857
140500.0,0.01,3.1851384521215538,-0.7151454172454057,-0.4845665159399308,0.016599579657389625,False,8.620190784268477,-0.8488734029561185,-0.6186050711946889,8.473888919979732,3.188408677676303,-0.6451692267913534,3.185787675274304,-0.6746670540692318,0.10470097360156398,-0.10470097360156398,0.5950598670340884,1.374158868202437,3.1887294331563845,-0.6251779316572503,0.01811829026110937,0.0746319866626288,-0.46496552862596785,3.1888348860599613,3.3315174598960944,3.260176172978028,3.198744030845981,4.376529557474766,2.188264778737383,-0.03768639415331435,-2.3016461956388823,-2.201337949052257,-2.1914993555817484,False,False,1,
140500.0,0.02,3.1748679632456467,-1.354401757580819,-0.4845665159399308,0.016599579657389625,False,8.620190784268477,-1.4872687211033409,-0.6186050711946889,8.473888919979732,3.1872904809754554,-0.7148458421544435,3.1775917830987424,-1.1850667791965366,0.20928714475025617,-0.20928714475025617,1.2453314743084603,2.864875854689875,3.1885701702393643,-0.6351043485172125,0.01811829026110937,0.0746319866626288,-0.46496552862596785,3.1888348860599613,3.3315174598960944,3.260176172978028,3.198744030845981,4.376529557474766,1.0941323893686914,-0.03768639415331435,-1.3083374211408931,-1.1178183039107756,-1.098192228569885,False,False,1,
141000.0,0.002,3.1938886787033836,-0.5228955572286286,-0.5133655545180367,0.019607104104778568,True,8.265892122867715,-0.6564079933666478,-0.6468907812764435,8.12058388245449,3.1940227533184022,-0.6480672308930346,3.1939142506492573,-0.5213026192336275,0.021007505699904276,-0.021007505699904276,0.1103273387359798,0.2696890502435334,3.1940356524237488,-0.6472647609459314,0.021337344756727734,0.08137810857119084,-0.4737069223978603,3.1940416638499602,3.3319926649842158,3.263017164417088,3.2044230387444834,4.227713008641172,10.56928252160293,-0.03591407750567071,-10.592724805058403,-10.572180228020814,-10.570203666958355,False,False,2,4.935093304133048
141000.0,0.005,3.193091026711131,-0.5725768142778398,-0.5133655545180367,0.019607104104778568,False,8.265892122867715,-0.7060225710960877,-0.6468907812764435,8.12058388245449,3.193924870259966,-0.6541565563483287,3.1932514598426516,-0.5625853336352198,0.05251666394155192,-0.05251666394155192,0.29420623662930667,0.6803519222052768,3.1940054304872505,-0.6491449014181416,0.021337344756727734,0.08137810857119084,-0.4737069223978603,3.1940416638499602,3.3319926649842158,3.263017164417088,3.2044230387444834,4.227713008641172,4.227713008641171,-0.03591407750567071,-4.285980378435966,-4.234871634177562,-4.229933858908504,False,False,1,0.2630736924404289
141000.0,0.01,3.1903111354586873,-0.7456236246908876,-0.5133655545180367,0.019607104104778568,False,8.265892122867715,-0.8788371280538776,-0.6468907812764435,8.12058388245449,3.1935925902540823,-0.6748263727365034,3.1909615087698464,-0.705151724327931,0.10501847365861125,-0.10501847365861125,0.6006710664515272,1.3790917341999245,3.193914150717465,-0.6548234099827965,0.021337344756727734,0.08137810857119084,-0.4737069223978603,3.1940416638499602,3.3319926649842158,3.263017164417088,3.2044230387444834,4.227713008641172,2.1138565043205855,-0.03591407750567071,-2.2281840791784213,-2.1276190306344245,-2.1177643333656113,False,False,1,
141000.0,0.02,3.180002499453233,-1.386015193424735,-0.5133655545180367,0.019607104104778568,False,8.265892122867715,-1.5183692001336735,-0.6468907812764435,8.12058388245449,3.1924500378006737,-0.745883602061892,3.1827326986853373,-1.2166119289987989,0.20992135021522018,-0.20992135021522018,1.244247209078117,2.8685108071357743,3.193732417210731,-0.6661285564715791,0.021337344756727734,0.08137810857119084,-0.4737069223978603,3.1940416638499602,3.3319926649842158,3.263017164417088,3.2044230387444834,4.227713008641172,1.0569282521602927,-0.03591407750567071,-1.272053758544738,-1.0813171224770517,-1.0616669130935201,False,False,1,
141500.0,0.002,3.1990472891065305,-0.5539406913972925,-0.5443003812734681,0.023113125509052538,True,7.916436048649238,-0.6869404631444365,-0.6773130460306698,7.772107942920159,3.1991820588350914,-0.6785725493275052,3.1990729205756745,-0.5523471176975806,0.021081256981874963,-0.021081256981874963,0.11635550807326503,0.26945486080124104,3.199195001062114,-0.6777689420061628,0.025079368406679244,0.08895912414604026,-0.48246161089404227,3.199202343317904,3.3325039126632006,3.2658531279905523,3.2100919998654347,4.08167679687775,10.204191992194374,-0.03414797049334969,-10.227930691593407,-10.207297533383398,-10.205316086803442,False,False,2,5.488272281678746
141500.0,0.005,3.198239687607216,-0.6041447939532406,-0.5443003812734681,0.023113125509052538,False,7.916436048649238,-0.7370774224246257,-0.6773130460306698,7.772107942920159,3.1990774029499374,-0.685070711478275,3.1984003618162435,-0.5941575802746846,0.052701006480802316,-0.052701006480802316,0.293950757237715,0.6797611261122211,3.1991582141447434,-0.6800531026771028,0.025079368406679244,0.08895912414604026,-0.48246161089404227,3.199202343317904,3.3325039126632006,3.2658531279905523,3.2100919998654347,4.08167679687775,4.081676796877749,-0.03414797049334969,-4.140629583360233,-4.089328112663864,-4.084379256016688,False,False,1,0.4045330309734254
141500.0,0.01,3.1954328815357402,-0.7785297664330142,-0.5443003812734681,0.023113125509052538,False,7.916436048649238,-0.9112291713689769,-0.6773130460306698,7.772107942920159,3.1987261730054604,-0.7068772874503693,3.196084384001868,-0.7380660015312616,0.10538694714266042,-0.10538694714266042,0.5940254885845622,1.3840181486609433,3.19904856589733,-0.6868611882762776,0.025079368406679244,0.08895912414604026,-0.48246161089404227,3.199202343317904,3.3325039126632006,3.2658531279905523,3.2100919998654347,4.08167679687775,2.0408383984388747,-0.03414797049334969,-2.1562588302353003,-2.055418671763555,-2.045547043149681,False,False,1,
141500.0,0.02,3.1850857010729916,-1.4200705344735665,-0.5443003812734681,0.023113125509052538,False,7.916436048649238,-1.5519119388380798,-0.6773130460306698,7.772107942920159,3.1975581098897705,-0.779380810397523,3.1878226433065744,-1.2505783949123017,0.21065743046871424,-0.21065743046871424,1.2431667441512044,2.8721438571768876,3.198843275868293,-0.6996070672831145,0.025079368406679244,0.08895912414604026,-0.48246161089404227,3.199202343317904,3.3325039126632006,3.2658531279905523,3.2100919998654347,4.08167679687775,1.0204191992194374,-0.03414797049334969,-1.236544078258291,-1.0455923065775317,-1.0259164986315434,False,False,1,
142000.0,0.002,3.2041557394362834,-0.5873644118070189,-0.5775942448149296,0.027202938601913407,True,7.5720172214207215,-0.7198519547147675,-0.7100948084560077,7.428655644062165,3.2042912398695016,-0.7114548675502763,3.204181393509702,-0.5857725108701295,0.021166964571814238,-0.021166964571814238,0.1162547341687797,0.2692214896540118,3.2043042284529437,-0.7106499343712991,0.029432751677361906,0.09750544423336455,-0.4912295901472935,3.2043131860593244,3.3330549945485304,3.2686840903039274,3.215750967342419,3.938643347979076,9.84660836994769,-0.03238803230849184,-9.870692469036372,-9.849965407400141,-9.847978585932642,False,False,2,6.074810252038347
142000.0,0.005,3.2033364588328386,-0.6381961678126687,-0.5775942448149296,0.027202938601913407,False,7.5720172214207215,-0.7706159670737844,-0.7100948084560077,7.428655644062165,3.2041784381861302,-0.7184453169538529,3.2034973941487266,-0.6282120620646976,0.05291523295848499,-0.05291523295848499,0.29369617053167396,0.6791723943544383,3.204259517171539,-0.713420784317198,0.029432751677361906,0.09750544423336455,-0.4912295901472935,3.2043131860593244,3.3330549945485304,3.2686840903039274,3.215750967342419,3.938643347979076,3.938643347979076,-0.03238803230849184,-3.9984060659109253,-3.946888125967492,-3.9419271702330887,False,False,1,0.5676174604196262
142000.0,0.01,3.2004990945330505,-0.8141382084721633,-0.5775942448149296,0.027202938601913407,False,7.5720172214207215,-0.9463235292032302,-0.7100948084560077,7.428655644062165,3.203804927589356,-0.7415904395433714,3.201151753916481,-0.773681278496306,0.10581515283252914,-0.10581515283252914,0.5996296815021382,1.3767007993671165,3.204128184222134,-0.7215595333716185,0.029432751677361906,0.09750544423336455,-0.4912295901472935,3.2043131860593244,3.3330549945485304,3.2686840903039274,3.215750967342419,3.938643347979076,1.969321673989538,-0.03238803230849184,-2.086007515169107,-1.984871003809332,-1.9749815001483069,False,False,1,
142000.0,0.02,3.1901136652092252,-1.4567982689251642,-0.5775942448149296,0.027202938601913407,False,7.5720172214207215,-1.5881271145026687,-0.7100948084560077,7.428655644062165,3.202610802569634,-0.8155680157174605,3.1928578324080865,-1.2871896851528888,0.21151290285200114,-0.21151290285200114,1.2482087247595466,2.875775003122408,3.203898885118459,-0.7357684797998587,0.029432751677361906,0.09750544423336455,-0.4912295901472935,3.2043131860593244,3.3330549945485304,3.2686840903039274,3.215750967342419,3.938643347979076,0.984660836994769,-0.03238803230849184,-1.2018663003832304,-1.0107016448957284,-0.9909982640666329,False,False,1,
142500.0,0.002,3.209209688879385,-0.6234253516047988,-0.613497532660166,0.031977766798371325,True,7.232857842709105,-0.7554007531725748,-0.7454861187022099,7.090449035350588,3.2093460364582302,-0.7469674941523508,3.2092353965583444,-0.6218332142518065,0.021266709432679293,-0.021266709432679293,0.11004092649734228,0.26898893143793573,3.2093590670469503,-0.7461615180708203,0.03450234424281011,0.10717139039336565,-0.5000108560951687,3.2093699865007124,3.3336501689819658,3.271510077741339,3.221399993842326,3.798862895970561,9.497157239926402,-0.03063422255058978,-9.521656265990499,-9.500817635571346,-9.498826110494205,False,False,2,6.695967389540499
142500.0,0.005,3.2083767416181663,-0.6750048441048957,-0.613497532660166,0.031977766798371325,False,7.232857842709105,-0.8069117463883946,-0.7454861187022099,7.090449035350588,3.209223424542042,-0.7545512024200729,3.2085379578716395,-0.6650227209348885,0.05316454429487975,-0.05316454429487975,0.29955585546492697,0.6785857134001778,3.2093047908002514,-0.7495186246815444,0.03450234424281011,0.10717139039336565,-0.5000108560951687,3.2093699865007124,3.3336501689819658,3.271510077741339,3.221399993842326,3.798862895970561,3.798862895970561,-0.03063422255058978,-3.8595837777006006,-3.8078227924824017,-3.802848560016294,False,False,1,0.7517220822510637
142500.0,0.01,3.2055046701632524,-0.8527525484011909,-0.613497532660166,0.031977766798371325,False,7.232857842709105,-0.9844233958122839,-0.7454861187022099,7.090449035350588,3.2088237719602346,-0.7792682288705666,3.206158481799979,-0.8123032328093082,0.10631348632178222,-0.10631348632178222,0.5991117109299082,1.3877383508274284,3.209147922918055,-0.7592209330197996,0.03450234424281011,0.10717139039336565,-0.5000108560951687,3.2093699865007124,3.3336501689819658,3.271510077741339,3.221399993842326,3.798862895970561,1.8994314479852805,-0.03063422255058978,-2.0175822788128728,-1.9161275463465197,-1.9062192486455203,False,False,1,
142500.0,0.02,3.1950821676565684,-1.4964468080289826,-0.613497532660166,0.031977766798371325,False,7.232857842709105,-1.6272628080205132,-0.7454861187022099,7.090449035350588,3.2076039262272906,-0.8546921157032039,3.197834170018649,-1.3266866944495816,0.21250856115783937,-0.21250856115783937,1.2532438851084604,2.8794042433467246,3.2088951016755702,-0.7748569768243008,0.03450234424281011,0.10717139039336565,-0.5000108560951687,3.2093699865007124,3.3336501689819658,3.271510077741339,3.221399993842326,3.798862895970561,0.9497157239926403,-0.03063422255058978,-1.1680830605531336,-0.9767072390950609,-0.9569736081784892,False,False,1,
143000.0,0.002,3.2142043415922465,-0.6624081777841613,-0.6522909066415354,0.037557862588552135,True,6.899210769991277,-0.7938711478676308,-0.7837672658809969,6.757740783759347,3.2143416253816812,-0.7853964631808319,3.214230085805595,-0.6608168798284296,0.0213829639058982,-0.0213829639058982,0.10994611943838148,0.2687571808494041,3.2143547130320123,-0.7845885287210641,0.04041266684016981,0.11813999386546462,-0.5088054025369316,3.2143680165328425,3.3342942161841527,3.2743311163584976,3.227039131571072,3.6626167418487716,9.15654185462193,-0.028886501155094498,-9.18153549985504,-9.160571861090956,-9.158573338359759,False,False,2,7.353046025380678
143000.0,0.005,3.2133553468068294,-0.7148789918073168,-0.6522909066415354,0.037557862588552135,False,6.899210769991277,-0.8462725222262324,-0.7837672658809969,6.757740783759347,3.2142072154532055,-0.793693744866597,3.213516803388504,-0.70490148403589,0.053455119635047975,-0.053455119635047975,0.29318965183571105,0.6780010698700869,3.2142888928443503,-0.7886517455865882,0.04041266684016981,0.11813999386546462,-0.5088054025369316,3.2143680165328425,3.3342942161841527,3.2743311163584976,3.227039131571072,3.6626167418487716,3.6626167418487716,-0.028886501155094498,-3.7244718010975952,-3.672438661130768,-3.6674497099073036,False,False,1,0.9570924160932606
143000.0,0.01,3.2104438282981125,-0.8947156282938394,-0.6522909066415354,0.037557862588552135,False,6.899210769991277,-1.0258711636302542,-0.7837672658809969,6.757740783759347,3.2137769644854925,-0.8202513061022265,3.211098786295529,-0.854274852417118,0.10689429861285149,-0.10689429861285149,0.604703656911166,1.3865427284730982,3.214102044170609,-0.8001858488739799,0.04041266684016981,0.11813999386546462,-0.5088054025369316,3.2143680165328425,3.3342942161841527,3.2743311163584976,3.227039131571072,3.6626167418487716,1.8313083709243858,-0.028886501155094498,-1.9511553899117111,-1.849359448422233,-1.8394313234536726,False,False,1,
143000.0,0.02,3.1999866461129507,-1.539283314411438,-0.6522909066415354,0.037557862588552135,False,6.899210769991277,-1.6695858314605627,-0.7837672658809969,6.757740783759347,3.212533013930158,-0.8970150813253142,3.2027472462178457,-1.3693276619616004,0.21366911409437725,-0.21366911409437725,1.2521641380483828,2.883031576384551,3.213827520697888,-0.817130870593008,0.04041266684016981,0.11813999386546462,-0.5088054025369316,3.2143680165328425,3.3342942161841527,3.2743311163584976,3.227039131571072,3.6626167418487716,0.9156541854621929,-0.028886501155094498,-1.1352619451668056,-0.9436752153683761,-0.9239077159657807,False,False,1,
143500.0,0.002,3.2191342925741493,-0.704632813679821,-0.694288563764839,0.04408616447186995,True,6.571362804500642,-0.8355826432514757,-0.8252520352394543,6.430817457905769,3.219272610559646,-0.8270607762706939,3.219160052890318,-0.70304363469274,0.02151866701638315,-0.02151866701638315,0.11595450954178754,0.26852623262310976,3.2192857653424225,-0.8262502819161854,0.04731170605033491,0.1306287523696573,-0.5176132234686752,3.219301967377936,3.334992496919006,3.2771472321484714,3.2326684322792234,3.5302206872537787,8.825551718134447,-0.027144828546557562,-8.851134151865564,-8.830030738485183,-8.828023690610186,False,False,2,8.04731808990644
143500.0,0.005,3.218266375130346,-0.7581680537972157,-0.694288563764839,0.04408616447186995,False,6.571362804500642,-0.8890472815797912,-0.8252520352394543,6.430817457905769,3.219124003758473,-0.8362165296871504,3.2184280862068686,-0.7481944190441892,0.05379430435094317,-0.05379430435094317,0.2990405772393525,0.677418450480958,3.2192060167211713,-0.8311637145342998,0.04731170605033491,0.1306287523696573,-0.5176132234686752,3.219301967377936,3.334992496919006,3.2771472321484714,3.2326684322792234,3.5302206872537787,3.5302206872537787,-0.027144828546557562,-3.593421524703567,-3.541081573680706,-3.536076430067158,False,False,1,1.1842679394818418
143500.0,0.01,3.215310003412357,-0.9404158549831908,-0.694288563764839,0.04408616447186995,False,6.571362804500642,-1.071054736018684,-0.8252520352394543,6.430817457905769,3.2186580458984246,-0.864921730350876,3.215966175415862,-0.8999800909336134,0.1075722720310965,-0.1075722720310965,0.5980811544786779,1.3853512455781858,3.2189840886343033,-0.844836397416493,0.04731170605033491,0.1306287523696573,-0.5176132234686752,3.219301967377936,3.334992496919006,3.2771472321484714,3.2326684322792234,3.5302206872537787,1.7651103436268893,-0.027144828546557562,-1.8869225077682639,-1.7847591855585228,-1.7748102051563015,False,False,1,
143500.0,0.02,3.204822226980055,-1.5855918362374881,-0.694288563764839,0.04408616447186995,False,6.571362804500642,-1.7153798650410446,-0.8252520352394543,6.430817457905769,3.2173933512243194,-0.942811939279431,3.2075923499906795,-1.4153871769111284,0.21502393834442307,-0.21502393834442307,1.251088129266658,2.886657000698159,3.2186915108249896,-0.8628602716227118,0.04731170605033491,0.1306287523696573,-0.5176132234686752,3.219301967377936,3.334992496919006,3.2771472321484714,3.2326684322792234,3.5302206872537787,0.8825551718134447,-0.027144828546557562,-1.1034750660409123,-0.9116752573392597,-0.8918690126283814,False,False,1,
144000.0,0.002,3.223993412221019,-0.7504611610331267,-0.7398414960867942,0.05173256837487498,True,6.249637897567441,-0.880896672823761,-0.8702909644302537,6.110002730907094,3.2241329447793365,-0.8723168529658931,3.224019227924802,-0.7488716993774385,0.021677312294718417,-0.021677312294718417,0.10975748791129968,0.26829608156098184,3.2241461634678497,-0.8715040200739987,0.05537535643895754,0.1448964981987437,-0.5264343121195725,3.224165890674926,3.335751010682979,3.2799584506789525,3.2382879472675445,3.402028461212822,8.505071153032056,-0.025409165413532712,-8.531363933337104,-8.510093456833285,-8.50807838732683,False,False,2,8.77907537388188
144000.0,0.005,3.223103195055512,-0.8052636582052703,-0.7398414960867942,0.05173256837487498,False,6.249637897567441,-0.9356271475779776,-0.8702909644302537,6.110002730907094,3.2239672387219045,-0.882506032956254,3.223265145678213,-0.7952949715417466,0.054190829531491326,-0.054190829531491326,0.2926866344301866,0.682935480337057,3.2240496186418266,-0.8774405996360923,0.05537535643895754,0.1448964981987437,-0.5264343121195725,3.224165890674926,3.335751010682979,3.2799584506789525,3.2382879472675445,3.402028461212822,3.402028461212822,-0.025409165413532712,-3.4668277954357425,-3.4141415386196634,-3.4091183091391155,False,False,1,1.4341927594852848
144000.0,0.01,3.2200959757660255,-0.9902786244877765,-0.7398414960867942,0.05173256837487498,False,6.249637897567441,-1.1203989638962963,-0.8702909644302537,6.110002730907094,3.22345977229624,-0.9137066240513247,3.2207533790887037,-0.9498475537983218,0.10836485914435477,-0.10836485914435477,0.597568545294908,1.3902615135432645,3.2237868134769516,-0.893599692659286,0.05537535643895754,0.1448964981987437,-0.5264343121195725,3.224165890674926,3.335751010682979,3.2799584506789525,3.2382879472675445,3.402028461212822,1.701014230606411,-0.025409165413532712,-1.8250985740546655,-1.722542502665464,-1.712571608654776,False,False,1,
144000.0,0.02,3.209583717826501,-1.635673559803096,-0.7398414960867942,0.05173256837487498,False,6.249637897567441,-1.7649457096917343,-0.8702909644302537,6.110002730907094,3.2221800241282796,-0.9923676527595959,3.212364582642314,-1.4651490191302097,0.2166079581865088,-0.2166079581865088,1.2500158345455064,2.890280514997883,3.22348226588629,-0.9123237532251749,0.05537535643895754,0.1448964981987437,-0.5264343121195725,3.224165890674926,3.335751010682979,3.2799584506789525,3.2382879472675445,3.402028461212822,0.8505071153032056,-0.025409165413532712,-1.0727991514326,-0.880779854676402,-0.8609283568969015,False,False,1,
144500.0,0.002,3.2287749424605856,-0.8002907269248001,-0.7893405351217612,0.060698842506188844,True,5.934400254492765,-0.9302102352644392,-0.9192743846680895,5.795660480977594,3.2289158302615104,-0.9215642134203117,3.2288007903545393,-0.7987024379454458,0.021863048772974198,-0.021863048772974198,0.11575608471134176,0.27415914800052776,3.228929127562903,-0.9207481633253467,0.06481254647149441,0.16125151776309538,-0.5352686599687583,3.2289531422231352,3.336576453004618,3.2827647976138765,3.243897727392447,3.2784350209832303,8.196087552458074,-0.02367947301596532,-8.22322927194391,-8.201770561129901,-8.199745240674048,False,False,2,9.548530866695273
144500.0,0.005,3.2278583593081707,-0.8566042687612583,-0.7893405351217612,0.060698842506188844,False,5.934400254492765,-0.9864500245897023,-0.9192743846680895,5.795660480977594,3.2287295688291184,-0.9329946501743791,3.2280205495547323,-0.8466406991141953,0.05465506458502644,-0.05465506458502644,0.298528850045045,0.6823516572457784,3.2288123471456656,-0.927914816216735,0.06481254647149441,0.16125151776309538,-0.5352686599687583,3.2289531422231352,3.336576453004618,3.2827647976138765,3.243897727392447,3.2784350209832303,3.2784350209832303,-0.02367947301596532,-3.345133854585949,-3.2920560634763927,-3.2870128562013816,False,False,1,1.7079955492641687
144500.0,0.01,3.2247936266389785,-1.0447809009298168,-0.7893405351217612,0.060698842506188844,False,5.934400254492765,-1.1743802062826325,-0.9192743846680895,5.795660480977594,3.228174066289715,-0.9670806507189655,3.2254523123628047,-1.004352238242052,0.10929278779531873,-0.10929278779531873,0.5970577000900629,1.389073016536074,3.228502141421001,-0.946950454316764,0.06481254647149441,0.16125151776309538,-0.5352686599687583,3.2289531422231352,3.336576453004618,3.2827647976138765,3.243897727392447,3.2784350209832303,1.6392175104916151,-0.02367947301596532,-1.7659252047857696,-1.6629498209509679,-1.6529559544539199,False,False,1,
144500.0,0.02,3.2142656724462744,-1.689842609228799,-0.7893405351217612,0.060698842506188844,False,5.934400254492765,-1.8185970925493344,-0.9192743846680895,5.795660480977594,3.2268879812909934,-1.0459731631218827,3.2170587721483144,-1.5189112646880465,0.2184626574808984,-0.2184626574808984,1.2550396552914052,2.899994543294653,3.2281948752793728,-0.9658039031867016,0.06481254647149441,0.16125151776309538,-0.5352686599687583,3.2289531422231352,3.336576453004618,3.2827647976138765,3.243897727392447,3.2784350209832303,0.8196087552458076,-0.02367947301596532,-1.0433145441518028,-0.8510633531146968,-0.8311579674268526,False,False,1,
145000.0,0.002,3.2334712806255497,-0.8545674578167682,-0.8432189140378513,0.07122417835194683,True,5.626056793529725,-0.9839687124163943,-0.972634980371756,5.488197248041526,3.233613723462146,-0.9752446918188995,3.233497166475253,-0.8529800158289887,0.022080795186551025,-0.022080795186551025,0.115657383093051,0.2739253810098391,3.233627105344814,-0.9744250884202943,0.07587105012165721,0.18006105050966326,-0.5441162594802578,3.233656332722451,3.3374762631841564,3.2855662979533036,3.249497823071362,3.159879334237714,7.899698335594285,-0.02195571272106722,-7.9278597056777915,-7.906182645518501,-7.904146180347063,False,False,2,10.355232314510545
145000.0,0.005,3.2325235307049645,-0.9126791877808764,-0.8432189140378513,0.07122417835194683,False,5.626056793529725,-1.0420045969222747,-0.972634980371756,5.488197248041526,3.2334027617821186,-0.9881650645550799,3.232685950135645,-0.9027215739238228,0.05519930231011202,-0.05519930231011202,0.29218707307717434,0.6817698371800915,3.2334859805868352,-0.9830684198151585,0.07587105012165721,0.18006105050966326,-0.5441162594802578,3.233656332722451,3.3374762631841564,3.2855662979533036,3.249497823071362,3.159879334237714,3.159879334237714,-0.02195571272106722,-3.2288356062929755,-3.175314782336274,-3.170249061716466,False,False,1,2.0069777303007896
145000.0,0.01,3.2293940033783137,-1.1044466210224722,-0.8432189140378513,0.07122417835194683,False,5.626056793529725,-1.2335217418165678,-0.972634980371756,5.488197248041526,3.232791984225072,-1.0255674541990722,3.230054049418545,-1.0640165656754057,0.1103806313365529,-0.1103806313365529,0.6087230689108046,1.3878885971165849,3.23312112865628,-1.0054124044095558,0.07587105012165721,0.18006105050966326,-0.5441162594802578,3.233656332722451,3.3374762631841564,3.2855662979533036,3.249497823071362,3.159879334237714,1.579939667118857,-0.02195571272106722,-1.7096685770724385,-1.6062471106155036,-1.5962292202015103,False,False,1,
145000.0,0.02,3.2188624157079806,-1.7484243415245095,-0.8432189140378513,0.07122417835194683,False,5.626056793529725,-1.8766589644476417,-0.972634980371756,5.488197248041526,3.2315121191286877,-1.1039200652616765,3.221669607436441,-1.5769778842444868,0.22063722251721526,-0.22063722251721526,1.2600567526453195,2.909696269393583,3.23282441325322,-1.0235817645703804,0.07587105012165721,0.18006105050966326,-0.5441162594802578,3.233656332722451,3.3374762631841564,3.2855662979533036,3.249497823071362,3.159879334237714,0.7899698335594285,-0.02195571272106722,-1.0151047977159249,-0.8226006405393204,-0.8026300478693451,False,False,1,
145500.0,0.002,3.2380740312969705,-0.913781998489737,-0.901953881806946,0.08359128038401996,True,5.325058855002272,-1.042662134053851,-1.0308494020462855,5.188063941508614,3.2382182571929308,-1.033846691031659,3.2380999520661202,-0.9121956226145097,0.022336365038343343,-0.022336365038343343,0.11555901908544311,0.2736924136233994,3.2382317337282744,-1.033022951844087,0.08884389623294053,0.2017622072566412,-0.552977101010425,3.2382672931618104,3.3384586605092674,3.288362976835539,3.255088284288025,3.0468463503950924,7.61711587598773,-0.020237846479791575,-7.646501601681843,-7.624571860808301,-7.622522735538621,False,False,2,11.19806326211048
145500.0,0.005,3.237089437178302,-0.9740306982777563,-0.901953881806946,0.08359128038401996,False,5.325058855002272,-1.1028324691534919,-1.0308494020462855,5.188063941508614,3.237977682714087,-1.0485509786754332,3.237252096269038,-0.9640786230403097,0.0558380716751098,-0.0558380716751098,0.2980206281677274,0.6872720608765699,3.238061382285045,-1.043435254180125,0.08884389623294053,0.2017622072566412,-0.552977101010425,3.2382672931618104,3.3384586605092674,3.288362976835539,3.255088284288025,3.0468463503950924,3.0468463503950924,-0.020237846479791575,-3.1184841830677956,-3.0644606131613132,-3.05936996036247,False,False,1,2.3325686667238728
145500.0,0.01,3.2338873089264544,-1.169846739526258,-0.901953881806946,0.08359128038401996,False,5.325058855002272,-1.2983938150624263,-1.0308494020462855,5.188063941508614,3.2373037158160076,-1.0897390702045762,3.2345488475871678,-1.1294083146888065,0.11165743401148963,-0.11165743401148963,0.6082053636075783,1.392790282661406,3.237633963177751,-1.0695577577851334,0.08884389623294053,0.2017622072566412,-0.552977101010425,3.2382672931618104,3.3384586605092674,3.288362976835539,3.255088284288025,3.0468463503950924,1.5234231751975462,-0.020237846479791575,-1.6566196704205574,-1.5527258206959467,-1.5426829098594614,False,False,1,
145500.0,0.02,3.223368111538356,-1.8117510246513595,-0.901953881806946,0.08359128038401996,False,5.325058855002272,-1.9394631837586052,-1.0308494020462855,5.188063941508614,3.2360473826438874,-1.1664943829804653,3.2261916956934127,-1.639655128030484,0.22318979542095746,-0.22318979542095746,1.2650671563037854,2.9133036916803516,3.2373660473988823,-1.0859301643861952,0.08884389623294053,0.2017622072566412,-0.552977101010425,3.2382672931618104,3.3384586605092674,3.288362976835539,3.255088284288025,3.0468463503950924,0.7617115875987731,-0.020237846479791575,-0.9882556420174867,-0.7954656246920154,-0.7754151502723144,False,False,1,
146000.0,0.002,3.242573968676567,-0.9784714334521184,-0.966066861867168,0.09813279573115935,True,5.0319022933563,-1.1068269178955759,-1.0944384255897277,4.895755933104695,3.242720240122469,-1.0979046395959702,3.242599919904398,-0.9768864330444333,0.022636598652185175,-0.022636598652185175,0.11546099052544617,0.2734602407181705,3.2427338241365966,-1.097076020304033,0.1040761876904624,0.22687426506132927,-0.5618511744557492,3.2427770633060113,3.3395326548191813,3.2911548590625963,3.2606691605976823,2.9398674828910467,7.349668707227616,-0.01852583653483695,-7.380523321814498,-7.3583014191442295,-7.356237703714646,False,False,2,12.074525041723817
146000.0,0.005,3.241545918984824,-1.041250519042082,-0.966066861867168,0.09813279573115935,False,5.0319022933563,-1.1695246268388582,-1.0944384255897277,4.895755933104695,3.2424442620982794,-1.1147384342843236,3.2417087769974815,-1.0313067264661149,0.05658846767112769,-0.05658846767112769,0.2977678176708662,0.6806121546762887,3.242528484743791,-1.1096012687246692,0.1040761876904624,0.22687426506132927,-0.5618511744557492,3.2427770633060113,3.3395326548191813,3.2911548590625963,3.2606691605976823,2.9398674828910467,2.9398674828910467,-0.01852583653483695,-3.0146828212089685,-2.9600914603083064,-2.9549733392159756,False,False,1,2.686091468347854
146000.0,0.01,3.2382629383270825,-1.24159637399808,-0.966066861867168,0.09813279573115935,False,5.0319022933563,-1.3696107858515605,-1.0944384255897277,4.895755933104695,3.241698623529308,-1.1602128857263638,3.2389260913608235,-1.2011434261327687,0.11315737084558894,-0.11315737084558894,0.6016125295799535,1.391608780543521,3.242030005353335,-1.1400041082524903,0.1040761876904624,0.22687426506132927,-0.5618511744557492,3.2427770633060113,3.3395326548191813,3.2911548590625963,3.2606691605976823,2.9398674828910467,1.4699337414455234,-0.01852583653483695,-1.6070930418199405,-1.5027015637718892,-1.4926327022865575,False,False,1,
146000.0,0.02,3.2277768446796715,-1.8801567212732713,-0.966066861867168,0.09813279573115935,False,5.0319022933563,-2.0073434068342055,-1.0944384255897277,4.895755933104695,3.240488874824036,-1.2339698923767073,3.2306196530087137,-1.7072459191202316,0.22618879686714008,-0.22618879686714008,1.270070895779881,2.9290630228033785,3.2418151632814003,-1.1531061354229766,0.1040761876904624,0.22687426506132927,-0.5618511744557492,3.2427770633060113,3.3395326548191813,3.2911548590625963,3.2606691605976823,2.9398674828910467,0.7349668707227617,-0.01852583653483695,-0.9628537260774237,-0.769729569227735,-0.7495802825159276,False,False,1,
146500.0,0.002,3.2469610349987694,-1.0492187791782688,-1.0361214119428848,0.11523769962328294,True,4.747125452714785,-1.1770453633816458,-1.1639649155853804,4.611811035925473,3.247109676415616,-1.167997197997972,3.2469870292704592,-1.0476344276820555,0.02298949415726898,-0.02298949415726898,0.11536329526885791,0.2732288572157246,3.247123384700272,-1.1671627204334123,0.12197195533905619,0.2560120837155149,-0.5707384696514745,3.2471759157375075,3.340708022813315,3.2939419692754113,3.266240501132216,2.8395189699223007,7.098797424805752,-0.016819645519917256,-7.131414990740795,-7.1088521438186225,-7.106771311068112,False,False,2,12.981444362365792
146500.0,0.005,3.2458817769070323,-1.114988390589848,-1.0361214119428848,0.11523769962328294,True,4.747125452714785,-1.2427300123031282,-1.1639649155853804,4.611811035925473,3.246791506721267,-1.1873644572917175,3.246044915559679,-1.105048180768527,0.05747047853789472,-0.05747047853789472,0.2975158667459807,0.6861080192305902,3.2468763194124124,-1.1822020223273833,0.12197195533905619,0.2560120837155149,-0.5707384696514745,3.2471759157375075,3.340708022813315,3.2939419692754113,3.266240501132216,2.8395189699223007,2.8395189699223007,-0.016819645519917256,-2.918095875195463,-2.862859333524695,-2.857709716929368,False,False,2,3.0687866130050168
146500.0,0.01,3.242509587262421,-1.3203475611127233,-1.0361214119428848,0.11523769962328294,False,4.747125452714785,-1.4478238957713718,-1.1639649155853804,4.611811035925473,3.245965340954158,-1.237645006773036,3.2431745879679448,-1.2798673306727495,0.11492040239092602,-0.11492040239092602,0.6071752382571298,1.3904312956088523,3.246297885162578,-1.217407864312825,0.12197195533905619,0.2560120837155149,-0.5707384696514745,3.2471759157375075,3.340708022813315,3.2939419692754113,3.266240501132216,2.8395189699223007,1.4197594849611503,-0.016819645519917256,-1.5614234401434877,-1.4565110365865734,-1.4464154061376306,False,False,1,
146500.0,0.02,3.232082705727579,-1.9539720279041046,-1.0361214119428848,0.11523769962328294,False,4.747125452714785,-2.0806298338936546,-1.1639649155853804,4.611811035925473,3.244832002849469,-1.3065992856566844,3.234948208891141,-1.7800434673310508,0.2297142392769102,-0.2297142392769102,1.26899624795741,2.938728153164571,3.246167502044939,-1.2253426405664625,0.12197195533905619,0.2560120837155149,-0.5707384696514745,3.2471759157375075,3.340708022813315,3.2939419692754113,3.266240501132216,2.8395189699223007,0.7098797424805752,-0.016819645519917256,-0.9389853270766587,-0.7454588891367973,-0.7251868380817503,False,False,1,
147000.0,0.002,3.251224478674329,-1.126643947242513,-1.1127181677068947,0.1353570366683229,True,4.471304080211007,-1.2539366272952268,-1.2400287762477924,4.336804425138374,3.2513758466429694,-1.2447417291470586,3.251250503553217,-1.1250610498252338,0.02340432505418457,-0.02340432505418457,0.1152659311969233,0.2669316301402392,3.251389694273405,-1.2439005288080174,0.14300045339657325,0.2899001350047679,-0.5796389756965302,3.251453429339181,3.3419952341831007,3.2967243317611405,3.27180235460519,2.7464172230485424,6.866043057621356,-0.015119236337626567,-6.900767020229582,-6.87780969146813,-6.8757094809193555,False,False,2,13.914434109342565
147000.0,0.005,3.250085160608468,-1.195927667277976,-1.1127181677068947,0.1353570366683229,True,4.471304080211007,-1.3231311492821973,-1.2400287762477924,4.336804425138374,3.25100765692007,-1.2671067918955115,3.250248495352772,-1.185996516179816,0.058507279756354225,-0.058507279756354225,0.2972647699288862,0.6855289592238212,3.2510931107545686,-1.2619162687763863,0.14300045339657325,0.2899001350047679,-0.5796389756965302,3.251453429339181,3.3419952341831007,3.2967243317611405,3.27180235460519,2.7464172230485424,2.7464172230485424,-0.015119236337626567,-2.8294249964028557,-2.7734605772541743,-2.7682764110395155,False,False,2,3.481575840312658
147000.0,0.01,3.246615423687043,-1.4067782291253557,-1.1127181677068947,0.1353570366683229,False,4.471304080211007,-1.5337102554596194,-1.2400287762477924,4.336804425138374,3.2500919376982615,-1.3227196260974683,3.2472825727970163,-1.3662540956604459,0.11699286231729468,-0.11699286231729468,0.6066627957732635,1.4013910582362623,3.250425668966734,-1.302453501105938,0.14300045339657325,0.2899001350047679,-0.5796389756965302,3.251453429339181,3.3419952341831007,3.2967243317611405,3.27180235460519,2.7464172230485424,1.3732086115242712,-0.015119236337626567,-1.5199605132689051,-1.4145069277893656,-1.404383810570939,False,False,1,
147000.0,0.02,3.2362798977876786,-2.033517563715221,-1.1127181677068947,0.1353570366683229,False,4.471304080211007,-2.1596427060437184,-1.2400287762477924,4.336804425138374,3.249072595261305,-1.3846072081986294,3.2391722617861967,-1.8583279279114315,0.23385890564026468,-0.23385890564026468,1.2800584990816204,2.9544478154158407,3.250419305462067,-1.3028399499879662,0.14300045339657325,0.2899001350047679,-0.5796389756965302,3.251453429339181,3.3419952341831007,3.2967243317611405,3.27180235460519,2.7464172230485424,0.6866043057621356,-0.015119236337626567,-0.9167347325818418,-0.7227133922110415,-0.7022884178237709,False,False,1,
147500.0,0.002,3.2553529064897555,-1.2113999968607736,-1.1964858508900882,0.1590081331371399,True,4.205042370841839,-1.3381529817514726,-1.3232579717187276,4.071339695019471,3.2555074363010914,-1.3287859122459333,3.2553789671245443,-1.2098182918936196,0.0238917260495353,-0.0238917260495353,0.11516889620412324,0.2667069175253607,3.2555214454148302,-1.3279367056247993,0.16770101138162194,0.32938625301722424,-0.5885526804002864,3.255598628041319,3.3434053135523825,3.2995019707968507,3.2773547693168195,2.661210276224131,6.6530256905603276,-0.013424572360344765,-6.69026184828023,-6.6668447064352465,-6.664721793058747,False,False,2,14.868475051239258
147500.0,0.005,3.2541435203063664,-1.2847876624821812,-1.1964858508900882,0.1590081331371399,True,4.205042370841839,-1.4114464856409437,-1.3232579717187276,4.071339695019471,3.25508029981989,-1.3546763831684294,3.2543070933929936,-1.2748633566207719,0.05972544826757015,-0.05972544826757015,0.29701452178958665,0.684951856371878,3.25516645569578,-1.349454400329031,0.16770101138162194,0.32938625301722424,-0.5885526804002864,3.255598628041319,3.3434053135523825,3.2995019707968507,3.2773547693168195,2.661210276224131,2.661210276224131,-0.013424572360344765,-2.7494119350096886,-2.6926288494522317,-2.687406493069239,False,False,2,3.925111833416068
147500.0,0.01,3.250568335216008,-1.5015766771197698,-1.1964858508900882,0.1590081331371399,False,4.205042370841839,-1.627957344148201,-1.3232579717187276,4.071339695019471,3.254066171029298,-1.4161332258931014,3.251238032589576,-1.4609862795539823,0.11942788663202632,-0.11942788663202632,0.6122136061377035,1.400211317008009,3.254401106252343,-1.395838058569998,0.16770101138162194,0.32938625301722424,-0.5885526804002864,3.255598628041319,3.3434053135523825,3.2995019707968507,3.2773547693168195,2.661210276224131,1.3306051381120656,-0.013424572360344765,-1.4830612623948434,-1.3770502387843544,-1.3668991545901588,False,False,1,
147500.0,0.02,3.2403628380608667,-2.119097843097791,-1.1964858508900882,0.1590081331371399,False,4.205042370841839,-2.24468618539424,-1.3232579717187276,4.071339695019471,3.253207051100492,-1.4681814509510893,3.2432871349450965,-1.9423509858439725,0.23872921262396932,-0.23872921262396932,1.2850424208038858,2.976206738748647,3.2545674628469143,-1.385757019812528,0.16770101138162194,0.32938625301722424,-0.5885526804002864,3.255598628041319,3.3434053135523825,3.2995019707968507,3.2773547693168195,2.661210276224131,0.6653025690560328,-0.013424572360344765,-0.8961827157463639,-0.701544052801068,-0.6809286423775719,False,False,1,
148000.0,0.002,3.2593346154418095,-1.3041524581171453,-1.2880675469594183,0.18677612078973038,True,3.948959179984632,-1.430359164409678,-1.4142948217328644,3.8160350895858564,3.259492779435951,-1.420792459420439,3.25936068956234,-1.3025733519364597,0.024463723333757834,-0.024463723333757834,0.11507218821465784,0.2664829621813086,3.2595069718716276,-1.41993399327085,0.1966852727252989,0.37545379230035547,-0.5974795722050064,3.2596001989145296,3.3449496214320398,3.302274910173285,3.282897793158864,2.584564424196638,6.461411060491596,-0.011735617137583493,-6.501623259648931,-6.477675526882279,-6.475526639212052,False,False,2,15.83648864359715
148000.0,0.005,3.2580438588618628,-1.3823077289337242,-1.2880675469594183,0.18677612078973038,True,3.948959179984632,-1.5084144946557299,-1.4142948217328644,3.8160350895858564,3.258996679296641,-1.4507980094740303,3.2582077504729825,-1.3723858127834958,0.0611550380990367,-0.0611550380990367,0.29676511697462266,0.6843766983292681,3.2590836069597375,-1.4455407067383796,0.1966852727252989,0.37545379230035547,-0.5974795722050064,3.2596001989145296,3.3449496214320398,3.302274910173285,3.282897793158864,2.584564424196638,2.584564424196638,-0.011735617137583493,-2.678823084968485,-2.621116173176082,-2.6158514592766444,False,False,2,4.39924094386393
148000.0,0.01,3.2543562503037715,-1.6054217543889733,-1.2880675469594183,0.18677612078973038,False,3.948959179984632,-1.7312432144270806,-1.4142948217328644,3.8160350895858564,3.257875811895383,-1.518574447091392,3.2550289865430266,-1.5647375544015558,0.12228556479921847,-0.12228556479921847,0.6116995268252822,1.405091982410556,3.2582119594947154,-1.4982507732987815,0.1966852727252989,0.37545379230035547,-0.5974795722050064,3.2596001989145296,3.3449496214320398,3.302274910173285,3.282897793158864,2.584564424196638,1.292282212098319,-0.011735617137583493,-1.4510802756575731,-1.3445003667357391,-1.334321093099345,False,False,1,
148000.0,0.02,3.244326275410238,-2.21099426141052,-1.2880675469594183,0.18677612078973038,False,3.948959179984632,-2.336041349340423,-1.4142948217328644,3.8160350895858564,3.2572324656815805,-1.5574656757129213,3.2472885420275217,-2.0323381528585154,0.24444551815140653,-0.24444551815140653,1.2960762251545772,2.991876893581077,3.258609653617423,-1.4742032540003058,0.1966852727252989,0.37545379230035547,-0.5974795722050064,3.2596001989145296,3.3449496214320398,3.302274910173285,3.282897793158864,2.584564424196638,0.6461411060491595,-0.011735617137583493,-0.8774047639783852,-0.681991138183901,-0.6611390290575571,False,False,1,
148500.0,0.002,3.263157797877343,-1.4055665384471239,-1.388101640019428,0.21931134718179926,True,3.7036690429973875,-1.5312196013503976,-1.5137769609539498,3.5715045465642303,3.2633201736038533,-1.5214196844885897,3.26318389865635,-1.4039892921291264,0.025133679843322626,-0.025133679843322626,0.11497580515673954,0.27231111747649683,3.263334573257022,-1.5205505938359454,0.23063536696647857,0.429230366825585,-0.6064196375158353,3.2634468009878606,3.34663954686544,3.3050431739266504,3.288431473619448,2.517145510651231,6.292863776628077,-0.010052334830752699,-6.3365853099498715,-6.312020467984822,-6.309842031515021,False,False,2,16.811016023341125
148500.0,0.005,3.2617734873806254,-1.4892010835262395,-1.388101640019428,0.21931134718179926,True,3.7036690429973875,-1.6147475589033622,-1.5137769609539498,3.5715045465642303,3.2627441228718035,-1.5561840645130998,3.2619376946990437,-1.479282184273043,0.06282944363885686,-0.06282944363885686,0.2965165501410439,0.6898548309404372,3.2628318736527486,-1.5508887440295993,0.23063536696647857,0.429230366825585,-0.6064196375158353,3.2634468009878606,3.34663954686544,3.3050431739266504,3.288431473619448,2.517145510651231,2.517145510651231,-0.010052334830752699,-2.6184037102678532,-2.559667080208958,-2.5543569661603702,False,False,2,4.903153014442722
148500.0,0.01,3.2579675278969065,-1.7189591404566618,-1.388101640019428,0.21931134718179926,False,3.7036690429973875,-1.8442128021062154,-1.5137769609539498,3.5715045465642303,3.2615090563102096,-1.6306990424487688,3.2586439891234313,-1.678142149534538,0.1256326660690987,-0.1256326660690987,0.6111871747805585,1.4099664527115783,3.2618464126633926,-1.6103482021808113,0.23063536696647857,0.429230366825585,-0.6064196375158353,3.2634468009878606,3.34663954686544,3.3050431739266504,3.288431473619448,2.517145510651231,1.2585727553256154,-0.010052334830752699,-1.4243579751430095,-1.3172026907206427,-1.3069953701069639,False,False,1,0.04207184947034648
148500.0,0.02,3.2481653553342507,-2.3094613370955774,-1.388101640019428,0.21931134718179926,False,3.7036690429973875,-2.433962436890924,-1.5137769609539498,3.5715045465642303,3.2611467497037805,-1.6525526491412479,3.2511727723525636,-2.12847781771616,0.2511415803813219,-0.2511415803813219,1.3010420057209957,3.0135763667398017,3.2625444825993792,-1.5682308252878863,0.23063536696647857,0.429230366825585,-0.6064196375158353,3.2634468009878606,3.34663954686544,3.3050431739266504,3.288431473619448,2.517145510651231,0.6292863776628077,-0.010052334830752699,-0.8604701300289581,-0.6640824629639782,-0.6429370070343046,False,False,1,
149000.0,0.002,3.266811036838456,-1.5162769676971362,-1.4971975041787575,0.257321208405979,True,3.4697577500600607,-1.6413682902516769,-1.6223130609442915,3.3383333030262197,3.2669782986816456,-1.631296041191177,3.266837224905552,-1.5146979913467287,0.02591612542149054,-0.02591612542149054,0.11487974499367394,0.27208360656397307,3.2669929374518305,-1.63041449258865,0.27029650348119655,0.49199103043019293,-0.6153728632418695,3.2671274646784547,3.348486106206961,3.3078067854427076,3.293955857787808,2.459594734691172,6.1489868367279295,-0.008374689668003648,-6.1968172966857304,-6.171534404721529,-6.169321643950631,False,False,2,17.783882314870937
149000.0,0.005,3.2653200940902765,-1.606150599356507,-1.4971975041787575,0.257321208405979,True,3.4697577500600607,-1.7311277668903058,-1.6223130609442915,3.3383333030262197,3.266310463142446,-1.6715089816206952,3.265484647670203,-1.596233367560675,0.06478497466832885,-0.06478497466832885,0.29626881603632266,0.6892784699620168,3.2663991361527196,-1.66617011273823,0.27029650348119655,0.49199103043019293,-0.6153728632418695,3.2671274646784547,3.348486106206961,3.3078067854427076,3.293955857787808,2.459594734691172,2.459594734691172,-0.008374689668003648,-2.5688738253643075,-2.5089931179101694,-2.50363167959014,False,False,2,5.435070538649086
149000.0,0.01,3.2613915623639254,-1.8427649717746128,-1.4971975041787575,0.257321208405979,False,3.4697577500600607,-1.9674415982253723,-1.6223130609442915,3.3383333030262197,3.2649549999553584,-1.7531013450665878,3.2620725310588985,-1.8017708248497672,0.1295417902778999,-0.1295417902778999,0.6106765391769209,1.4148347541326116,3.265293539413818,-1.732726071143631,0.27029650348119655,0.49199103043019293,-0.6153728632418695,3.2671274646784547,3.348486106206961,3.3078067854427076,3.293955857787808,2.459594734691172,1.229797367345586,-0.008374689668003648,-1.4032023660828825,-1.2954742603448035,-1.2852397006979228,False,False,1,0.14825935398079082
149000.0,0.02,3.2518757553176036,-2.4147187850278478,-1.4971975041787575,0.257321208405979,False,3.4697577500600607,-2.5386689314397137,-1.6223130609442915,3.3383333030262197,3.264948735241787,-1.7534783720632108,3.2549367713961037,-2.2309167419031892,0.25896286679449826,-0.25896286679449826,1.3120476138751125,3.0412900911482956,3.2663716059902304,-1.6678276780227153,0.27029650348119655,0.49199103043019293,-0.6153728632418695,3.2671274646784547,3.348486106206961,3.3078067854427076,3.293955857787808,2.459594734691172,0.614898683672793,-0.008374689668003648,-0.8454397997375513,-0.6478318260536581,-0.6263240591141708,False,False,1,
149500.0,0.002,3.2702839045273513,-1.6368520248183525,-1.6159067200368502,0.3015550898068332,True,3.2477536320905154,-1.7613728718009591,-1.7404540823063752,3.1170492169109165,3.270456735276254,-1.7509890001588424,3.2703100951061557,-1.6352765052796405,0.02682644489819513,-0.02682644489819513,0.11478400570253788,0.2718568556112824,3.2704716490390306,-1.7500929382918806,0.31646259655288966,0.5651535292558295,-0.6243392357442759,3.2706320707282246,3.350499465398341,3.3105657680632827,3.2994709923589642,2.4124998645424762,6.03124966135619,-0.0067026463037519165,-6.0838337550226,-6.0577308528283735,-6.055478403576253,False,False,2,18.746220036159585
149500.0,0.005,3.2686726635257783,-1.7337535166490183,-1.6159067200368502,0.3015550898068332,True,3.2477536320905154,-1.8581516931388098,-1.7404540823063752,3.1170492169109165,3.2696848083888415,-1.7973630139418217,3.268837698778906,-1.723830342357943,0.06706007744309973,-0.06706007744309973,0.29602190944339285,0.6887040342152004,3.269774454964026,-1.7919779990053897,0.31646259655288966,0.5651535292558295,-0.6243392357442759,3.2706320707282246,3.350499465398341,3.3105657680632827,3.2994709923589642,2.4124998645424762,2.412499864542476,-0.0067026463037519165,-2.5308728158578355,-2.4697264781032935,-2.4643106923153066,False,False,2,5.992246086422838
149500.0,0.01,3.264619110778245,-1.9773266529733118,-1.6159067200368502,0.3015550898068332,False,3.2477536320905154,-2.1014164829546544,-1.7404540823063752,3.1170492169109165,3.268204128756812,-1.8862851756502819,3.26530553639128,-1.9361014165025108,0.13408980797291073,-0.13408980797291073,0.6162088727188693,1.4196969126366343,3.2685438034104046,-1.8658895867220804,0.31646259655288966,0.5651535292558295,-0.6243392357442759,3.2706320707282246,3.350499465398341,3.3105657680632827,3.2994709923589642,2.4124998645424762,1.206249932271238,-0.0067026463037519165,-1.3878793083732355,-1.2795891178217718,-1.2693287974599372,False,False,1,0.2988891404060894
149500.0,0.02,3.255453695677865,-2.5269511607613993,-1.6159067200368502,0.3015550898068332,False,3.2477536320905154,-2.650345204661897,-1.7404540823063752,3.1170492169109165,3.268638264234861,-1.8602173586698467,3.2585781817886343,-2.339757997392857,0.2680634433628293,-0.2680634433628293,1.3290779607662069,3.0750031001363856,3.2700918540812443,-1.7729108414276884,0.31646259655288966,0.5651535292558295,-0.6243392357442759,3.2706320707282246,3.350499465398341,3.3105657680632827,3.2994709923589642,2.4124998645424762,0.603124966135619,-0.0067026463037519165,-0.8323663724955856,-0.6332377419124643,-0.6112839438576693,False,False,1,
150000.0,0.002,3.2735673246586576,-1.7677722334989618,-1.7446918175713897,0.3527817616963985,True,3.0380963008871573,-1.891713350644264,-1.8686620556335298,2.908091545274627,3.2737465097341483,-1.880972760864874,3.2735935535061205,-1.7661980923957308,0.027880410703177445,-0.027880410703177445,0.11468858527316386,0.2716308598575018,3.273761749654232,-1.8800592328260368,0.3699541715077613,0.6502636350804853,-0.6333187400886776,3.273951876956742,3.3526884132678387,3.3133201451122902,3.3049769236383306,2.3763636733759737,5.940909183439935,-0.005036169828784746,-5.99894044532261,-5.97190033636197,-5.969600540475022,False,False,2,19.688744613623797
150000.0,0.005,3.271822067562324,-1.872486616945166,-1.7446918175713897,0.3527817616963985,True,3.0380963008871573,-1.9962956143375177,-1.8686620556335298,2.908091545274627,3.2728580412214967,-1.9342229661247767,3.2719876395965426,-1.8625547913349194,0.06969416588470571,-0.06969416588470571,0.2957758251781651,0.6881315116389564,3.2729487253206977,-1.9287884928025911,0.3699541715077613,0.6502636350804853,-0.6333187400886776,3.273951876956742,3.3526884132678387,3.3133201451122902,3.3049769236383306,2.3763636733759737,2.3763636733759737,-0.005036169828784746,-2.5049241082956,-2.442390238110977,-2.436916327035116,False,False,2,6.570720406664535
150000.0,0.01,3.2676428897861194,-2.12300782761034,-1.7446918175713897,0.3527817616963985,False,3.0380963008871573,-2.2465007385265356,-1.8686620556335298,2.908091545274627,3.271248831497786,-2.0306338731052476,3.2683358842461714,-2.0814883543639833,0.13935552381554675,-0.13935552381554675,0.6156966156769934,1.424552953919293,3.2715895502198786,-2.0102247038207066,0.3699541715077613,0.6502636350804853,-0.6333187400886776,3.273951876956742,3.3526884132678387,3.3133201451122902,3.3049769236383306,2.3763636733759737,1.1881818366879868,-0.005036169828784746,-1.3785946822419965,-1.2697630102713269,-1.259479708110043,False,False,1,0.4897325312673786
150000.0,0.02,3.2588959958221393,-2.646304810465585,-1.7446918175713897,0.3527817616963985,False,3.0380963008871573,-2.7691374695059223,-1.8686620556335298,2.908091545274627,3.272216264656859,-1.9726787415307756,3.262095450354357,-2.4550550004595424,0.2786013105586094,-0.2786013105586094,1.3400455752969715,3.1207367676960875,3.273707361692855,-1.8833193962881634,0.3699541715077613,0.6502636350804853,-0.6333187400886776,3.273951876956742,3.3526884132678387,3.3133201451122902,3.3049769236383306,2.3763636733759737,0.5940909183439934,-0.005036169828784746,-0.8212932482608992,-0.6202823550882419,-0.5977808011983174,False,False,1,
150500.0,0.002,3.2766542934554685,-1.9093879177560527,-1.8838955801343111,0.4117596215770704,True,2.841105902515912,-2.0327397023753524,-2.007279422106234,2.7117802343810116,3.2768407491840534,-2.0215898678288213,3.276680567222192,-1.907814837436047,0.02909356857291126,-0.02909356857291126,0.11459348172081413,0.26537437872188113,3.2768562964498913,-2.0206601308540906,0.43158883140914395,0.748969423179471,-0.6423113613461962,3.277080043429992,3.3550598356218106,3.3160699395259012,3.310473697546247,2.3515726029278987,5.878931507319747,-0.0033752255421092498,-5.943126470376549,-5.91501250836953,-5.912668277680537,False,False,2,20.60325495397788
150500.0,0.005,3.2747616467314042,-2.0226725316173098,-1.8838955801343111,0.4117596215770704,True,2.841105902515912,-2.1458818575548433,-2.007279422106234,2.7117802343810116,3.2758235334397265,-2.082410468949625,3.274927957646909,-2.0127205933962657,0.07272608621500253,-0.07272608621500253,0.30156179400216077,0.687560890324858,3.2759153063551656,-2.0769240265651523,0.43158883140914395,0.748969423179471,-0.6423113613461962,3.277080043429992,3.3550598356218106,3.3160699395259012,3.310473697546247,2.3515726029278987,2.3515726029278987,-0.0033752255421092498,-2.4914005764548404,-2.4273556842971002,-2.4218206432929743,False,False,2,7.165701097619731
150500.0,0.01,3.270457892593673,-2.280030648246894,-1.8838955801343111,0.4117596215770704,False,2.841105902515912,-2.402916338901706,-2.007279422106234,2.7117802343810116,3.274083813271204,-2.1863867480152566,3.2711587463344522,-2.2381437035513025,0.1454166040476309,-0.1454166040476309,0.6212172956444078,1.4354341394501908,3.2744254453378248,-2.1659730920774334,0.43158883140914395,0.748969423179471,-0.6423113613461962,3.277080043429992,3.3550598356218106,3.3160699395259012,3.310473697546247,2.3515726029278987,1.1757863014639494,-0.0033752255421092498,-1.3754850700992527,-1.2661411556566928,-1.2558388377668148,False,False,1,0.7185143647718917
150500.0,0.02,3.262200083766322,-2.7728876646387275,-1.8838955801343111,0.4117596215770704,False,2.841105902515912,-2.8951535733262146,-2.007279422106234,2.7117802343810116,3.275684825811646,-2.090702508434783,3.2654877963875486,-2.5768139269799915,0.2907322686684783,-0.2907322686684783,1.3630593088896852,3.166398837022487,3.2772217286103906,-1.9988057710204732,0.43158883140914395,0.748969423179471,-0.6423113613461962,3.277080043429992,3.3550598356218106,3.3160699395259012,3.310473697546247,2.3515726029278987,0.5878931507319747,-0.0033752255421092498,-0.8122545172747644,-0.6089303671325593,-0.5857568088727454,False,False,1,
151000.0,0.002,3.279540295254214,-2.0618956703997977,-2.0337146233864414,0.47920153207686517,True,2.6569567184375456,-2.1846483686721485,-2.1565026429424483,2.528289551354024,3.27973490534828,-2.1730391686817008,3.2795666135311845,-2.060323759542708,0.030480511656833714,-0.030480511656833714,0.11449869307823095,0.2711811151852655,3.2797508512071873,-2.1720879096611134,0.5021459244750247,0.862984770454271,-0.6513170843663487,3.2800120944199023,3.3576182537338273,3.3188151740768648,3.3159613596224484,2.3383694253329828,5.845923563332456,-0.0017197790806233386,-5.917003021051826,-5.887683808643426,-5.885281466531699,False,False,2,21.48157859112645
151000.0,0.005,3.2774878209281453,-2.184444884391095,-2.0337146233864414,0.47920153207686517,True,2.6569567184375456,-2.307043983134549,-2.1565026429424483,2.528289551354024,3.278577625675736,-2.242064978631486,3.2776550241209197,-2.1744643803011696,0.07619230402220266,-0.07619230402220266,0.30131235020586244,0.6930184054735158,3.2786705408413495,-2.23652396391788,0.5021459244750247,0.862984770454271,-0.6513170843663487,3.2800120944199023,3.3576182537338273,3.3188151740768648,3.3159613596224484,2.3383694253329828,2.3383694253329828,-0.0017197790806233386,-2.4904883810057172,-2.4248140550533046,-2.4192147576691507,False,False,2,7.771558399396085
151000.0,0.01,3.2730619557831724,-2.448443517924806,-2.0337146233864414,0.47920153207686517,False,2.6569567184375456,-2.570711728656616,-2.1565026429424483,2.528289551354024,3.276706458876926,-2.353618965930826,3.2737719637259306,-2.4061162456479392,0.15234595060459655,-0.15234595060459655,0.6267296884282185,1.4402730339840686,3.277048814439429,-2.333213398008549,0.5021459244750247,0.862984770454271,-0.6513170843663487,3.2800120944199023,3.3576182537338273,3.3188151740768648,3.3159613596224484,2.3383694253329828,1.1691847126664914,-0.0017197790806233386,-1.3786009733554607,-1.2687875941043105,-1.2584719981899377,False,False,1,0.9830729304368049
151000.0,0.02,3.2653639531632086,-2.9067721748392104,-2.0337146233864414,0.47920153207686517,False,2.6569567184375456,-3.0284659301053285,-2.1565026429424483,2.528289551354024,3.279047298008001,-2.214054364701623,3.2687552166757547,-2.7049939304680812,0.30460267513115374,-0.30460267513115374,1.3800105639428748,3.224042147202803,3.2806402496460114,-2.1190230315104475,0.5021459244750247,0.862984770454271,-0.6513170843663487,3.2800120944199023,3.3576182537338273,3.3188151740768648,3.3159613596224484,2.3383694253329828,0.5845923563332457,-0.0017197790806233386,-0.8052756497433416,-0.5991276100502505,-0.5751288099595907,False,False,1,
151500.0,0.002,3.2822237176398406,-2.2253152978445154,2.485658871194136,0.5557374387667127,True,-2.19418111636965,-2.3474592276579553,2.3576298096616988,-2.3163639402106195,3.2824274375024642,-2.3353367270109393,3.282250088063983,-2.2237441860096725,0.032054110903378855,-0.032054110903378855,0.11440421739837853,0.2709573569961414,3.2824438287079682,-2.3343613235367267,0.5823285180932007,0.9940442047696825,-0.6603358934303721,3.2827462517471555,3.3603654908342566,3.3215558712907063,3.3214399550304674,2.3368337638993095,5.842084409748273,-6.979636334934591e-05,-5.920742443447422,-5.890076112589569,-5.887608713855503,True,False,2,22.317839795839703
151500.0,0.005,3.28000034515136,-2.357735225970729,2.485658871194136,0.5557374387667127,True,-2.19418111636965,-2.479713731672051,2.3576298096616988,-2.3163639402106195,3.2811199981114947,-2.413123791472771,3.2801686719669574,-2.3477131335905996,0.08012497942968315,-0.08012497942968315,0.3010637299957245,0.6984678535900724,3.281214083457803,-2.407527149663191,0.5823285180932007,0.9940442047696825,-0.6603358934303721,3.2827462517471555,3.3603654908342566,3.3215558712907063,3.3214399550304674,2.3368337638993095,2.3368337638993095,-6.979636334934591e-05,-2.5021723402893263,-2.4347549609935557,-2.429089823934043,True,False,2,8.382181462263944
151500.0,0.01,3.2754555882675995,-2.6281333186073352,2.485658871194136,0.5557374387667127,False,-2.19418111636965,-2.749774032519803,2.3576298096616988,-2.3163639402106195,3.2791170259427376,-2.532231984032207,3.2761762656646254,-2.5852803954238337,0.16020785057555703,-0.16020785057555703,0.6262125583911049,1.4571484531793377,3.279459847012318,-2.5118510394794624,0.5823285180932007,0.9940442047696825,-0.6603358934303721,3.2827462517471555,3.3603654908342566,3.3215558712907063,3.3214399550304674,2.3368337638993095,1.1684168819496548,-6.979636334934591e-05,-1.387912316079539,-1.2776797077171433,-1.2673586087242354,True,False,1,1.280776004676639
151500.0,0.02,3.2683861112750052,-3.047998765570253,2.485658871194136,0.5557374387667127,False,-2.19418111636965,-3.169114967275488,2.3576298096616988,-2.3163639402106195,3.282308487642952,-2.342415017515509,3.271898458939601,-2.839509256002716,0.3203417534706664,-0.3203417534706664,1.4029569817800986,3.281594656953467,3.2839702804892648,-2.2435042913556247,0.5823285180932007,0.9940442047696825,-0.6603358934303721,3.2827462517471555,3.3603654908342566,3.3215558712907063,3.3214399550304674,2.3368337638993095,0.5842084409748274,-6.979636334934591e-05,-0.8003743136652417,-0.590798185678321,-0.5657829080387599,True,False,1,
152000.0,0.002,3.284705902607437,-2.3994888709987494,2.327051176343249,0.6418789087186931,True,-2.365155600879179,-2.5210146423124358,2.199640226578614,-2.4867241217346847,3.284919766042351,-2.508320739158265,3.284732383469646,-2.397915179970407,0.03382478487987769,-0.03382478487987769,0.11431005274353459,0.27073433544522196,3.28493664858638,-2.5073186374849787,0.6727267948825093,1.1438529006851075,-0.6693677716515674,3.2852835879989932,3.3633005195172276,3.3242920537581107,3.3269095285619703,2.3468735675626426,5.867183918906607,0.0015747562257056205,-5.954072402561851,-5.921905638713285,-5.919366369636435,True,False,2,23.106720640282916
152000.0,0.005,3.282302430798095,-2.54226832281751,2.327051176343249,0.6418789087186931,True,-2.365155600879179,-2.6636163144985847,2.199640226578614,-2.4867241217346847,3.283453706445662,-2.5953223876838294,3.282472133126462,-2.532190499778249,0.08455014321443938,-0.08455014321443938,0.300815928272451,0.7039092721575396,3.2835489812078853,-2.5896695946379555,0.6727267948825093,1.1438529006851075,-0.6693677716515674,3.2852835879989932,3.3633005195172276,3.3242920537581107,3.3269095285619703,2.3468735675626426,2.3468735675626426,0.0015747562257056205,-2.5262294817055184,-2.456965071181443,-2.451233037973623,True,False,2,8.991455817825425
152000.0,0.01,3.27764232991659,-2.8188061912240205,2.327051176343249,0.6418789087186931,False,-2.365155600879179,-2.9398098560428187,2.199640226578614,-2.4867241217346847,3.281318671332091,-2.7219541679422865,3.2783751245176522,-2.775347016761972,0.1690543289617523,-0.1690543289617523,0.6377297679376197,1.4739980485350528,3.2816616387097755,-2.701617868296957,0.6727267948825093,1.1438529006851075,-0.6693677716515674,3.2852835879989932,3.3633005195172276,3.3242920537581107,3.3269095285619703,2.3468735675626426,1.1734367837813213,0.0015747562257056205,-1.403297998104076,-1.2927077925490416,-1.2823907875405056,True,False,1,1.6082533575944922
152000.0,0.02,3.271265499215711,-3.1965808964233715,2.327051176343249,0.6418789087186931,False,-2.365155600879179,-3.317114180893743,2.199640226578614,-2.4867241217346847,3.2854748029659597,-2.475372565646783,3.274918971559248,-2.9802327524132317,0.3380543055461675,-0.3380543055461675,1.425867500011465,3.3571057595206026,3.2872218598964325,-2.371627209685667,0.6727267948825093,1.1438529006851075,-0.6693677716515674,3.2852835879989932,3.3633005195172276,3.3242920537581107,3.3269095285619703,2.3468735675626426,0.5867183918906607,0.0015747562257056205,-0.7975616113881011,-0.5838423665012832,-0.5575652388870315,True,False,1,
152500.0,0.002,3.2869912456949555,-2.584077096698332,2.1808064104781533,0.7379899695610408,True,-2.5463323339672383,-2.7049758328000495,2.053994181217167,-2.667277913479904,3.2872162503391107,-2.691655090555267,3.287017773556919,-2.5825046881394016,0.03579990097309812,-0.03579990097309812,0.11421619720498592,0.2705120460118172,3.2872336626505696,-2.6906242075420583,0.773787298298623,1.3140368218236975,-0.678412702694903,3.287627972656937,3.3664195144610156,3.3270237435589762,3.3323701246410287,2.36822902020513,5.920572550512825,0.0032139121894773815,-6.016262724533079,-5.9824480208372,-5.979831220838021,True,False,2,23.845175533682166
152500.0,0.005,3.2844005228314033,-2.7375780835023464,2.1808064104781533,0.7379899695610408,True,-2.5463323339672383,-2.858286316093517,2.053994181217167,-2.667277913479904,3.2855850194052207,-2.7882066928805127,3.284571877653635,-2.727429004750524,0.08948620042581178,-0.08948620042581178,0.3005689400131124,0.703331319630714,3.2856814883230054,-2.7824980874938787,0.773787298298623,1.3140368218236975,-0.678412702694903,3.287627972656937,3.3664195144610156,3.3270237435589762,3.3323701246410287,2.36822902020513,2.3682290202051295,0.0032139121894773815,-2.5622432548063605,-2.4910386788780627,-2.485239566805499,True,False,2,9.593391414287893
152500.0,0.01,3.279628231681129,-3.0200207225911577,2.1808064104781533,0.7379899695610408,False,-2.5463323339672383,-3.140378427701107,2.053994181217167,-2.667277913479904,3.2833173316695845,-2.922350180266564,3.280374686995069,-2.975869706673796,0.17892215666219644,-0.17892215666219644,0.6432175316280969,1.4908219424650655,3.2836600628276877,-2.902082098614589,0.773787298298623,1.3140368218236975,-0.678412702694903,3.287627972656937,3.3664195144610156,3.3270237435589762,3.3323701246410287,2.36822902020513,1.1841145101025647,0.0032139121894773815,-1.424561876650368,-1.3136789893371248,-1.3033775552470646,True,False,1,1.9614460427040825
152500.0,0.02,3.274001381935034,-3.3525118540675134,2.1808064104781533,0.7379899695610408,False,-2.5463323339672383,-3.4724569186525556,2.053994181217167,-2.667277913479904,3.288554813459474,-2.61239052647797,3.277818825068918,-3.12700102480491,0.35781474189452955,-0.35781474189452955,1.4607650484637436,3.444520052550323,3.290408819582275,-2.5025501063850264,0.773787298298623,1.3140368218236975,-0.678412702694903,3.287627972656937,3.3664195144610156,3.3270237435589762,3.3323701246410287,2.36822902020513,0.5920572550512824,0.0032139121894773815,-0.7968437515150296,-0.5781282771723077,-0.5502654444168985,True,False,1,
153000.0,0.002,3.289086740118361,-2.7785887056807956,2.046448422840559,0.8442677434978894,True,-2.737256332715723,-2.898852224480619,1.920216301695965,-2.857570979930024,3.289323896024746,-2.88484898118585,3.2891133483119415,-2.777015687514943,0.03798337925715748,-0.03798337925715748,0.11412264888237357,0.2762969393994251,3.289341870639641,-2.8837876006318486,0.885791635044166,1.506097963633937,-0.6874706690592034,3.289785821278781,3.3697161044374595,3.32975096285812,3.3378217873283322,2.4004883263122325,6.001220815780582,0.004847704564238319,-6.106195807637012,-6.070584149433392,-6.067885056453824,True,False,2,24.531814966588072
153000.0,0.005,3.2863038868024965,-2.943034640077488,2.046448422840559,0.8442677434978894,True,-2.737256332715723,-3.063094738185712,1.920216301695965,-2.857570979930024,3.2875230066440224,-2.991160048736319,3.2864771909861963,-2.9327977160149366,0.0949429408320628,-0.0949429408320628,0.3063292154211122,0.7087617141115804,3.287620647392018,-2.985397560481662,0.885791635044166,1.506097963633937,-0.6874706690592034,3.289785821278781,3.3697161044374595,3.32975096285812,3.3378217873283322,2.4004883263122325,2.4004883263122325,0.004847704564238319,-2.609629160874567,-2.5364032737061493,-2.5305385259166058,True,False,2,10.182692723427522
153000.0,0.01,3.281421863899049,-3.231189593446237,2.046448422840559,0.8442677434978894,False,-2.737256332715723,-3.3508932420009074,1.920216301695965,-2.857570979930024,3.2851214284665,-3.1328407105628897,3.282183430844702,-3.186267311416271,0.18983087270124893,-0.18983087270124893,0.6486971620682063,1.5076202562881953,3.285463484357069,-3.1126675095656364,0.885791635044166,1.506097963633937,-0.6874706690592034,3.289785821278781,3.3697161044374595,3.32975096285812,3.3378217873283322,2.4004883263122325,1.2002441631561163,0.004847704564238319,-1.4514328398177654,-1.34032649556807,-1.3300537786476534,True,False,1,2.335737326864148
153000.0,0.02,3.276593230663482,-3.51577190234696,2.046448422840559,0.8442677434978894,False,-2.737256332715723,-3.6351235207325527,1.920216301695965,-2.857570979930024,3.2915600008505637,-2.752765016195824,3.2806006432737345,-3.279618964764347,0.379663148317787,-0.379663148317787,1.4956073458794992,3.5438085705578755,3.2935508768690416,-2.6350908805950257,0.885791635044166,1.506097963633937,-0.6874706690592034,3.289785821278781,3.3697161044374595,3.32975096285812,3.3378217873283322,2.4004883263122325,0.6001220815780581,0.004847704564238319,-0.7982238429778774,-0.5734807562721584,-0.543585487216223,True,False,1,
153500.0,0.002,3.2910016466075747,-2.982402102840842,1.9233783956514163,0.9607349214478906,True,-2.93734969499736,-3.102023068521176,1.7977086902231987,-3.0570262094920087,3.291251871514979,-3.0872876100384916,3.2910283208314226,-2.9808294025574757,0.04037554098100356,-0.04037554098100356,0.11402940589946449,0.27607119323027685,3.2912704674639586,-3.0861924711571787,1.0088468492149023,1.7213789463954228,-0.6965416536470089,3.291765685002272,3.3731817818824457,3.3324737334423586,3.343264560325333,2.44311293628931,6.107782340723274,0.006476166203313192,-6.222417662080774,-6.184874244274734,-6.182084132413874,True,False,2,25.16617551401663
153500.0,0.005,3.2880240213016148,-3.1578814240872513,1.9233783956514163,0.9607349214478906,True,-2.93734969499736,-3.277286026898163,1.7977086902231987,-3.0570262094920087,3.289278903662877,-3.2034430205433173,3.288199543765523,-3.147541827509989,0.10092116056407341,-0.10092116056407341,0.3060789316248826,0.714184173791366,3.289377701152507,-3.1976281287469432,1.0088468492149023,1.7213789463954228,-0.6965416536470089,3.291765685002272,3.3731817818824457,3.3324737334423586,3.343264560325333,2.44311293628931,2.44311293628931,0.006476166203313192,-2.6676706672690558,-2.592358304043562,-2.5864289255978297,True,False,2,10.754986854586406
153500.0,0.01,3.2830336625113454,-3.4516202597644527,1.9233783956514163,0.9607349214478906,False,-2.93734969499736,-3.5706626878365344,1.7977086902231987,-3.0570262094920087,3.286741451155027,-3.3527291925371183,3.2838117306487984,-3.405851542497363,0.2017820301708554,-0.2017820301708554,0.6541686970021813,1.5183915627665494,3.287082343549578,-3.332680138715316,1.0088468492149023,1.7213789463954228,-0.6965416536470089,3.291765685002272,3.3731817818824457,3.3324737334423586,3.343264560325333,2.44311293628931,1.221556468144655,0.006476166203313192,-1.483584714708101,-1.3723223630660573,-1.3620929532696555,True,False,1,2.7261529397094364
153500.0,0.02,3.2790405930182414,-3.6863360608504716,1.9233783956514163,0.9607349214478906,False,-2.93734969499736,-3.8050890885313327,1.7977086902231987,-3.0570262094920087,3.2945062924943738,-2.895536440967561,3.2832675123217276,-3.437865527573001,0.4036038296919948,-0.4036038296919948,1.5303946581243864,3.666945631819606,3.2966778843845788,-2.76748037106499,1.0088468492149023,1.7213789463954228,-0.6965416536470089,3.291765685002272,3.3731817818824457,3.3324737334423586,3.343264560325333,2.44311293628931,0.6107782340723275,0.006476166203313192,-0.8017038497243044,-0.5696585177396957,-0.5370762370691476,True,False,1,
154000.0,0.002,3.3769946334046024,1.8222567325311088,1.8109066135336587,1.087244069332908,True,-3.1459433276938955,1.6971188210720412,1.6857826511878171,-3.2649754014000276,3.377253886953122,1.7127340966829996,3.377021400217419,1.8238708707715638,0.03977110676513348,-0.03977110676513348,0.11993312251668524,0.27584618178836806,3.3772727984669118,1.713873215756312,1.1428876415934575,1.9610392873895326,-0.7056256376666326,3.2935777427135804,3.3768064114953007,3.3351920771044403,3.348698486978333,2.4954685324743897,6.238671331185975,0.008099329550829749,6.266888882821759,6.305755242318634,6.308590388443979,True,True,2,25.171083895231575
154000.0,0.005,3.3775810028268443,1.857619916578485,1.8109066135336587,1.087244069332908,True,-3.1459433276938955,1.732438544336512,1.6857826511878171,-3.2649754014000276,3.3789892867850515,1.817291004706445,3.377743086038205,1.8673960292758722,0.09943729764646247,-0.09943729764646247,0.2998328062916998,0.6836187983450339,3.3790912378760143,1.8234351736366117,1.1428876415934575,1.9610392873895326,-0.7056256376666326,3.2935777427135804,3.3768064114953007,3.3351920771044403,3.348698486978333,2.4954685324743897,2.4954685324743897,0.008099329550829749,2.5419181110075866,2.626368057256553,2.6324817135981453,True,True,2,11.27095938643464
154000.0,0.01,3.2844755157128547,-3.6805409525248014,1.8109066135336587,1.087244069332908,True,-3.1459433276938955,-3.798916014371345,1.6857826511878171,-3.2649754014000276,3.381108777354579,1.9450620338065994,3.2852713898348203,-3.6338562065427413,0.1988816278395506,-0.1988816278395506,0.6656288299675218,1.53514396821339,3.3814592194629136,1.9661957483753767,1.1428876415934575,1.9610392873895326,-0.7056256376666326,3.2935777427135804,3.3768064114953007,3.3351920771044403,3.348698486978333,2.4954685324743897,1.2477342662371949,0.008099329550829749,-1.5206488927503372,1.3767333091652991,1.3872407132437672,True,False,2,3.1277239922204956
154000.0,0.02,3.28134295958908,-3.8641819781712226,1.8109066135336587,1.087244069332908,False,-3.1459433276938955,-3.982331348158774,1.6857826511878171,-3.2649754014000276,3.3712282955138235,1.3501124755879168,3.2858228987730786,-3.601498909807891,0.39727278449075154,-0.39727278449075154,1.5771205610942338,3.8198699521559893,3.3733618830292253,1.4784382622879289,1.1428876415934575,1.9610392873895326,-0.7056256376666326,3.2935777427135804,3.3768064114953007,3.3351920771044403,3.348698486978333,2.4954685324743897,0.6238671331185974,0.008099329550829749,-0.8072866010480434,0.5402420246912625,0.5722280013018556,True,False,1,
154500.0,0.002,3.3807205370615425,1.7168162190991312,1.7082856506746131,1.2234921630395865,True,-3.362310194307475,1.5922119544346636,1.5836918360541352,-3.480692470952629,3.3809677949553603,1.6070729254437977,3.3807473459889765,1.718429442982677,0.037647466595412085,-0.037647466595412085,0.11983560896610657,0.2756219006220717,3.380986211377705,1.6081798533875702,1.2876890027069112,2.2260439878923686,-0.7147226040295847,3.2952332597782394,3.380578770568918,3.3379060151735787,3.354123610282515,2.556857814531374,6.392144536328434,0.009717226929226854,6.4133803787967665,6.450418254143428,6.453176933126694,True,True,2,24.721944075233054
154500.0,0.005,3.3811527765989644,1.7428277392651657,1.7082856506746131,1.2234921630395865,True,-3.362310194307475,1.6181916101906113,1.5836918360541352,-3.480692470952629,3.382525087638442,1.7006960547225392,3.3813154824190192,1.7526199903820443,0.09412639956871877,-0.09412639956871877,0.2935972419669744,0.6890547515551793,3.3826268688778196,1.7068165584040118,1.2876890027069112,2.2260439878923686,-0.7147226040295847,3.2952332597782394,3.380578770568918,3.3379060151735787,3.354123610282515,2.556857814531374,2.556857814531374,0.009717226929226854,2.5912509956117997,2.6734768601651666,2.6795753685662267,True,True,2,10.959110635778543
154500.0,0.01,3.285760205675334,-3.9171347724953645,1.7082856506746131,1.2234921630395865,True,-3.362310194307475,-4.034837382678724,1.5836918360541352,-3.480692470952629,3.384646457068713,1.8283003709157697,3.3808001690167875,1.7216080995658027,0.18825941231870194,-0.18825941231870194,0.665087629761958,1.563854697007837,3.384999496948108,1.849544141108428,1.2876890027069112,2.2260439878923686,-0.7147226040295847,3.2952332597782394,3.380578770568918,3.3379060151735787,3.354123610282515,2.556857814531374,1.278428907265687,0.009717226929226854,-1.5622312090633586,1.4002923294622447,1.4108690166964006,True,False,2,3.53561042163237
154500.0,0.02,3.2834996702146304,-4.049295366265808,1.7082856506746131,1.2234921630395865,False,-3.362310194307475,-4.16683607820838,1.5836918360541352,-3.480692470952629,3.377242919424323,1.3833114246666778,3.28827057459762,-3.7702612545225027,0.3761245631726585,-0.3761245631726585,1.6177807210425983,4.014492900364996,3.3791197339784205,1.4960249900746403,1.2876890027069112,2.2260439878923686,-0.7147226040295847,3.2952332597782394,3.380578770568918,3.3379060151735787,3.354123610282515,2.556857814531374,0.6392144536328435,0.009717226929226854,-0.814977184972043,0.5892452344662397,0.6173588863420829,True,False,1,
155000.0,0.002,3.3845888894796463,1.6208560150642992,1.6147416056350115,1.3690424695939787,True,-3.585696472079726,1.4967703824454004,1.4906634391051776,-3.7034245676292876,3.3848257813708624,1.5109786683559445,3.3846157669112302,1.6224699886008391,0.03584610620443117,-0.03584610620443117,0.11973841099433633,0.275398345286939,3.3848437779253007,1.512058105129488,1.442886498211821,2.517163117321721,-0.7238325326195473,3.296744073870752,3.3844870645475607,3.3406155692091564,3.359539972885908,2.6265515698826873,6.566378924706719,0.011329890126346881,6.581619369166146,6.617075692455718,6.619769290995533,True,True,2,24.276266910444534
155000.0,0.005,3.384881365186428,1.6384196937497473,1.6147416056350115,1.3690424695939787,True,-3.585696472079726,1.5143126147440844,1.4906634391051776,-3.7034245676292876,3.3862202773112235,1.5946378085164525,3.385044747137739,1.6482317269135514,0.08962151088636294,-0.08962151088636294,0.29934602748580097,0.6884958632173475,3.386321710816737,1.600724391050301,1.442886498211821,2.517163117321721,-0.7238325326195473,3.296744073870752,3.3844870645475607,3.3406155692091564,3.359539972885908,2.6265515698826873,2.6265515698826873,0.011329890126346881,2.6501580358586865,2.7303176410007244,2.736390384386627,True,True,2,10.664992580346166
155000.0,0.01,3.3838388538863913,1.5758219998248575,1.6147416056350115,1.3690424695939787,True,-3.585696472079726,1.4517913566489682,1.4906634391051776,-3.7034245676292876,3.388308505856166,1.7199800609113858,3.3844863573718804,1.614699141613035,0.17924880658599243,-0.17924880658599243,0.5986920549716019,1.376991726434695,3.3886639264689364,1.7413212544640677,1.442886498211821,2.517163117321721,-0.7238325326195473,3.296744073870752,3.3844870645475607,3.3406155692091564,3.359539972885908,2.6265515698826873,1.3132757849413437,0.011329890126346881,1.2938718563018434,1.4276691124414662,1.4383084872933962,True,True,2,3.5544207978649496
155000.0,0.02,3.2855098044095614,-4.241676271302501,1.6147416056350115,1.3690424695939787,False,-3.585696472079726,-4.358603373123393,1.4906634391051776,-3.7034245676292876,3.3827179065677537,1.3845876378403066,3.290614524214986,-3.9438843413542077,0.3581709429778421,-0.3581709429778421,1.6703508333708204,4.286635113596767,3.38444791943784,1.4883157627187504,1.442886498211821,2.517163117321721,-0.7238325326195473,3.296744073870752,3.3844870645475607,3.3406155692091564,3.359539972885908,2.6265515698826873,0.6566378924706718,0.011329890126346881,-0.8247845892162992,0.6301583718081709,0.6560519958161496,True,False,1,0.00887378453869303
155500.0,0.002,3.3885869463666114,1.5335501800226294,1.529500887409366,1.523350692104006,True,-3.815348422558438,1.4099693146485404,1.4059249506040539,-3.9324189126237474,3.388814917436334,1.423614717416255,3.3886138793066474,1.5351641907766191,0.03431254243427775,-0.03431254243427775,0.11964152669607934,0.2751755114009479,3.3888325276531326,1.4246688301535748,1.6080012029911368,2.8349803890441203,-0.7329554048499937,3.2981221456285104,3.3885193750225757,3.3433207603255433,3.364947617093301,2.703815633450117,6.759539083625293,0.0129373508066583,6.769644507076927,6.803738015607112,6.806371657136156,True,True,2,23.837586246796903
155500.0,0.005,3.388753863579501,1.543553237278906,1.529500887409366,1.523350692104006,True,-3.815348422558438,1.4199601967521458,1.4059249506040539,-3.9324189126237474,3.3900619960175318,1.4982759151723313,3.388917983150152,1.5533891171249532,0.08578636848714329,-0.08578636848714329,0.2991038167401585,0.6939208548371858,3.3901629984662502,1.5043240211575881,1.6080012029911368,2.8349803890441203,-0.7329554048499937,3.2981221456285104,3.3885193750225757,3.3433207603255433,3.364947617093301,2.703815633450117,2.703815633450117,0.0129373508066583,2.717842917921762,2.7960963989250773,2.802138442507413,True,True,2,10.388173345170998
155500.0,0.01,3.3876466679721973,1.4772101424874962,1.529500887409366,1.523350692104006,True,-3.815348422558438,1.3536978510043207,1.4059249506040539,-3.9324189126237474,3.3920904900760993,1.6197782641912184,3.388293638687645,1.5159739563366252,0.17157744552437304,-0.17157744552437304,0.598207633480317,1.3758775570047663,3.3924480927076694,1.6412054140467536,1.6080012029911368,2.8349803890441203,-0.7329554048499937,3.2981221456285104,3.3885193750225757,3.3433207603255433,3.364947617093301,2.703815633450117,1.3519078167250584,0.0129373508066583,1.3258048157586273,1.4587212309777684,1.4694172621756683,True,True,2,3.409584866524341
155500.0,0.02,3.287372145134517,-4.441340975346096,1.529500887409366,1.523350692104006,False,-3.815348422558438,-4.557649542862108,1.4059249506040539,-3.9324189126237474,3.3878895822019164,1.368233686978071,3.373100305225715,0.6076063989163406,0.3428778689058039,-0.3428778689058039,1.7288200607581619,7.627147326874201,3.3895256275192884,1.4661607673303045,1.6080012029911368,2.8349803890441203,-0.7329554048499937,3.2981221456285104,3.3885193750225757,3.3433207603255433,3.364947617093301,2.703815633450117,0.6759539083625292,0.0129373508066583,-0.8367222172481391,0.6665352365417879,0.691002606481082,True,False,1,0.1038094091433095
156000.0,0.002,3.392702264297092,1.4540987146095945,1.4518114115970466,1.6857923059713216,True,-4.050533559768202,1.3310098554297545,1.3287253274802735,-4.166943941533685,3.39292251724898,1.3441670244075166,3.392729249245794,1.4557126166403833,0.03300172322271053,-0.03300172322271053,0.11954495418338372,0.27495339462180907,3.392939803047984,1.345199655924989,1.7824662236246893,3.1799078437476784,-0.7420912014985603,3.299379199422622,3.3926640195048803,3.346021609463751,3.3703465848700964,2.787932385684996,6.96983096421249,0.014539640352319133,6.975545929128416,7.008458590431176,7.011041627993642,True,True,2,23.408164204774977
156000.0,0.005,3.392757202755718,1.4573844594221625,1.4518114115970466,1.6857923059713216,True,-4.050533559768202,1.3342916138230132,1.3287253274802735,-4.166943941533685,3.3940372000561245,1.410767517976197,3.392922059717593,1.4672445004014523,0.08250829705074968,-0.08250829705074968,0.2988623854585124,0.6933607342637051,3.394137689308374,1.4167726631518107,1.7824662236246893,3.1799078437476784,-0.7420912014985603,3.299379199422622,3.3926640195048803,3.346021609463751,3.3703465848700964,2.787932385684996,2.787932385684996,0.014539640352319133,2.7935021794110377,2.8700107887270216,2.8760172802550468,True,True,2,10.128209834563563
156000.0,0.01,3.3915682576158597,1.3862882265563083,1.4518114115970466,1.6857923059713216,True,-4.050533559768202,1.2632816382331713,1.3287253274802735,-4.166943941533685,3.3959867268216515,1.5273011762696465,3.3922159439861703,1.4250153180880052,0.16502009263580059,-0.16502009263580059,0.6037020186261807,1.380744220818228,3.3963462760168435,1.548800666575878,1.7824662236246893,3.1799078437476784,-0.7420912014985603,3.299379199422622,3.3926640195048803,3.346021609463751,3.3703465848700964,2.787932385684996,1.393966192842498,0.014539640352319133,1.3612179916377845,1.4932694163295674,1.5040149893460562,True,True,2,3.2852162407452568
156000.0,0.02,3.289085192695433,-4.648320951208417,1.4518114115970466,1.6857923059713216,False,-4.050533559768202,-4.764006069342597,1.3287253274802735,-4.166943941533685,3.392875936248755,1.3413843612385845,3.3788991963768167,0.6302544647715247,0.32980058360327486,-0.32980058360327486,1.7871970650417857,8.451828260766158,3.3944480549855975,1.4353209527812494,1.7824662236246893,3.1799078437476784,-0.7420912014985603,3.299379199422622,3.3926640195048803,3.346021609463751,3.3703465848700964,2.787932385684996,0.696983096421249,0.014539640352319133,-0.85080766674192,0.7001497936009029,0.7236421513967437,True,False,1,0.24572927414514822
156500.0,0.002,3.3969229636564364,1.3817426766619085,1.380957932047473,1.8556887910497937,True,-4.290555975298968,1.2591341026342517,1.2583503070705548,-4.40630461152306,3.397136533617487,1.2718671492092604,3.3969500042230436,1.3833567436903154,0.031876498758556,-0.031876498758556,0.11944869158214277,0.27473199063895487,3.3971535425493036,1.2728812565778957,1.9656524931002364,3.5522041685697667,-0.7512399027579469,3.3005264582670018,3.396909816702707,3.3487181374848545,3.3757369178461105,2.8782165138597415,7.195541284649354,0.016136789811488424,7.197504267675912,7.2293925831868115,7.231932201500195,True,True,2,22.990188910252584
156500.0,0.005,3.3968785871362974,1.3790938444057155,1.380957932047473,1.8556887910497937,True,-4.290555975298968,1.2564884738103244,1.2583503070705548,-4.40630461152306,3.3981329976257144,1.3312869399132898,3.3970441700203584,1.3889776547622574,0.07969438415272896,-0.07969438415272896,0.29862172895538347,0.6928024111765342,3.3982329314178026,1.3372470177968054,1.9656524931002364,3.5522041685697667,-0.7512399027579469,3.3005264582670018,3.396909816702707,3.3487181374848545,3.3757369178461105,2.8782165138597415,2.8782165138597415,0.016136789811488424,2.876351348436579,2.9512701942704744,2.9572386746253407,True,True,2,9.884454189210018
156500.0,0.01,3.395596953049232,1.3026081015411304,1.380957932047473,1.8556887910497937,True,-4.290555975298968,1.180095230912892,1.2583503070705548,-4.40630461152306,3.399990571997742,1.4421018194332502,3.396246266100175,1.3413543929658145,0.1593910029435126,-0.1593910029435126,0.5972434579107669,1.3796323877738947,3.4003518284402015,1.4636598555126668,1.9656524931002364,3.5522041685697667,-0.7512399027579469,3.3005264582670018,3.396909816702707,3.3487181374848545,3.3757369178461105,2.8782165138597415,1.4391082569298708,0.016136789811488424,1.3999032955215198,1.5311063041990445,1.5418942065434034,True,True,2,3.1786397395677
156500.0,0.02,3.3805290178919623,0.40554380902998927,1.380957932047473,1.8556887910497937,False,-4.290555975298968,0.2841158257868903,1.2583503070705548,-4.40630461152306,3.397744993827901,1.3081479517892403,3.384284015520931,0.6287230629514652,0.3185710798260527,-0.3185710798260527,1.5289432522515867,8.683919878022735,3.3992720615418603,1.3992314009684037,1.9656524931002364,3.5522041685697667,-0.7512399027579469,3.3005264582670018,3.396909816702707,3.3487181374848545,3.3757369178461105,2.8782165138597415,0.7195541284649354,0.016136789811488424,0.47497100533818293,0.7320242303204064,0.7548250103691351,True,True,1,0.3178347993019912
157000.0,0.002,3.4012379260982857,1.315775262120263,1.316272004068385,2.032331187051981,True,-4.534766311766239,1.1936362161245384,1.1941323592361108,-4.6498523636497975,3.4014457005560863,1.2060000057533937,3.401265016930122,1.3173892271650471,0.030906285203896055,-0.030906285203896055,0.11338510018199527,0.28047893202912666,3.4014624649089145,1.2069976152540907,2.156892215046117,3.951994499198277,-0.7604014880693477,3.3015744661713584,3.4012462640667716,3.351410365119065,3.381118657319319,2.9740254709712968,7.435063677428242,0.01772882993348275,7.433819728228097,7.464817791008339,7.467318880251662,True,True,2,22.58561809246116
157000.0,0.005,3.4011058109382337,1.307904545522323,1.316272004068385,2.032331187051981,True,-4.534766311766239,1.185774987899113,1.1941323592361108,-4.6498523636497975,3.4023370143708243,1.2590469350290734,3.401272101359894,1.3178112917043237,0.07726813892229842,-0.07726813892229842,0.2983818425841897,0.6922458747953382,3.402436405568461,1.2649631067108258,2.156892215046117,3.951994499198277,-0.7604014880693477,3.3015744661713584,3.4012462640667716,3.351410365119065,3.381118657319319,2.9740254709712968,2.9740254709712968,0.01772882993348275,2.9656437383133167,3.039117488075787,3.0450487938132644,True,True,2,9.65624529540139
157000.0,0.01,3.39972544623631,1.2256880634183296,1.316272004068385,2.032331187051981,True,-4.534766311766239,1.1036576201004955,1.1941323592361108,-4.6498523636497975,3.404094779470645,1.3637018212389052,3.400377025369275,1.264492883161767,0.15453724927819176,-0.15453724927819176,0.5967636851683794,1.3785241127390062,3.404457514774235,1.3853053044069252,2.156892215046117,3.951994499198277,-0.7604014880693477,3.3015744661713584,3.4012462640667716,3.351410365119065,3.381118657319319,2.9740254709712968,1.4870127354856484,0.01772882993348275,1.4416342928368338,1.572007262969367,1.5828306257949116,True,True,2,3.0874251016563647
157000.0,0.02,3.3859593012678575,0.40758303205851926,1.316272004068385,2.032331187051981,False,-4.534766311766239,0.28653883760267895,1.1941323592361108,-4.6498523636497975,3.402539454956733,1.2710972113841867,3.3894282250802035,0.6134240626383077,0.30888579357989465,-0.30888579357989465,1.450135754959179,3.717837758599058,3.4040341275494663,1.3600897899167075,2.156892215046117,3.951994499198277,-0.7604014880693477,3.3015744661713584,3.4012462640667716,3.351410365119065,3.381118657319319,2.9740254709712968,0.7435063677428242,0.01772882993348275,0.5154387613700191,0.7627996017708129,0.7850987598848048,True,True,1,0.2594302146608243
157500.0,0.002,3.4056368827548287,1.2555463087145196,1.2571374463720528,2.2150001208341155,True,-4.782567247549527,1.1338669172599847,1.1354561428379428,-4.8969906020772775,3.4058396317612716,1.1459089535079459,3.4056640206503044,1.2571600294221998,0.03006591819231858,-0.03006591819231858,0.11925708870035465,0.28025415844587315,3.4058561712991096,1.1468913313243734,2.3554990425139204,4.379290121494092,-0.7695759372785229,3.3025329847377285,3.405663640873281,3.3540983128055046,3.386491844259547,3.074765451621185,7.686913629052962,0.01931579126966447,7.682924759920808,7.713148830227399,7.715614401641156,True,True,2,22.195395039586302
157500.0,0.005,3.4054274635783925,1.2430938941536522,1.2571374463720528,2.2150001208341155,True,-4.782567247549527,1.1214294668396407,1.1354561428379428,-4.8969906020772775,3.406637678932884,1.193314980944593,3.405594426001777,1.2530216972683446,0.07516662508684249,-0.07516662508684249,0.2981427217509396,0.6916911144621364,3.406736551506754,1.199189036037751,2.3554990425139204,4.379290121494092,-0.7695759372785229,3.3025329847377285,3.405663640873281,3.3540983128055046,3.386491844259547,3.074765451621185,3.074765451621185,0.01931579126966447,3.060682543318422,3.1328459232569927,3.138741550913033,True,True,2,9.442660782995858
157500.0,0.01,3.4039461056794704,1.1550317413291695,1.2571374463720528,2.2150001208341155,True,-4.782567247549527,1.03347313882729,1.1354561428379428,-4.8969906020772775,3.4082918048931945,1.2916096299011137,3.4046003798649913,1.193921597099416,0.1503329946183392,-0.1503329946183392,0.6022482979368307,1.3833822289242728,3.408655807476628,1.3132464958503176,2.3554990425139204,4.379290121494092,-0.7695759372785229,3.3025329847377285,3.405663640873281,3.3540983128055046,3.386491844259547,3.074765451621185,1.5373827258105925,0.01931579126966447,1.4861756640720247,1.6157395232210774,1.6265919953159984,True,True,2,3.0094162264683035
157500.0,0.02,3.3911432354964255,0.3955372064958866,1.2571374463720528,2.2150001208341155,False,-4.782567247549527,0.2748912930878866,1.1354561428379428,-4.8969906020772775,3.407287585665105,1.231929295813483,3.394423387026209,0.5898503446787973,0.3004946345606045,-0.3004946345606045,1.3953079377943083,3.398827027960478,3.4087587451138233,1.3193656843346835,2.3554990425139204,4.379290121494092,-0.7695759372785229,3.3025329847377285,3.405663640873281,3.3540983128055046,3.386491844259547,3.074765451621185,0.7686913629052963,0.01931579126966447,0.5522337039061769,0.7928997289156786,0.8148305030242029,True,True,1,0.21494702822803902
158000.0,0.002,3.4101104674319145,1.200464715961867,1.2029923165201202,2.402982001600378,True,-5.033415455134534,1.079235907264886,1.0817604799911562,-5.147176651219054,3.410308848716931,1.0909967063140291,3.410137665202621,1.2020789968112522,0.02933468422515094,-0.02933468422515094,0.11916174475912573,0.2740720129459548,3.410325184041987,1.0919651571609457,2.560784619244766,4.834006941647212,-0.7787632302824558,3.3034109488212047,3.4101530529246102,3.3567820008729075,3.3918565193121104,3.1798938410551543,7.949734602637886,0.020897704069005416,7.94339140062407,7.972940725686734,7.975373907980313,True,True,2,21.820154089754467
158000.0,0.005,3.40983303915935,1.183999133203768,1.2029923165201202,2.402982001600378,True,-5.033415455134534,1.062790048753981,1.0817604799911562,-5.147176651219054,3.411024343110179,1.1334196258233842,3.4100006380683765,1.193946098017468,0.07333803847273108,-0.07333803847273108,0.30386244913571636,0.6970962068408233,3.4111226976312645,1.1392519339272544,2.560784619244766,4.834006941647212,-0.7787632302824558,3.3034109488212047,3.4101530529246102,3.3567820008729075,3.3918565193121104,3.1798938410551543,3.1798938410551543,0.020897704069005416,3.1608271417474754,3.231806070407099,3.2376661185758286,True,True,2,9.242930644899204
158000.0,0.01,3.4082512269829555,1.090142949793526,1.2029923165201202,2.402982001600378,False,-5.033415455134534,0.9690462963818369,1.0817604799911562,-5.147176651219054,3.4125740511731784,1.2253350520977646,3.4089084792053077,1.1291354553609692,0.1466746524219889,-0.1466746524219889,0.6017668110335175,1.3882343264436785,3.4129391297973966,1.2469944694434076,2.560784619244766,4.834006941647212,-0.7787632302824558,3.3034109488212047,3.4101530529246102,3.3567820008729075,3.3918565193121104,3.1798938410551543,1.5899469205275771,0.020897704069005416,1.5332906961686459,1.66206951436711,1.6729453658261333,True,True,1,2.942694986408
158000.0,0.02,3.3961741869225612,0.37499223663792147,1.2029923165201202,2.402982001600378,False,-5.033415455134534,0.25475226772107007,1.0817604799911562,-5.147176651219054,3.4120087613031767,1.1918020554353426,3.399323864053806,0.5612579588470701,0.29319156510398325,-0.29319156510398325,1.3584438902538905,3.2352413702099025,3.4134628285609177,1.278068562388568,2.560784619244766,4.834006941647212,-0.7787632302824558,3.3034109488212047,3.4101530529246102,3.3567820008729075,3.3918565193121104,3.1798938410551543,0.7949734602637886,0.020897704069005416,0.5867552024440389,0.8226146412830482,0.8442732902117426,True,True,1,0.18127439584742433
158500.0,0.002,3.4146502243248764,1.1499981855687704,1.1533283430497214,2.595581548714884,True,-5.286821032634882,1.0292116092311732,1.0325377900603172,-5.39992118910283,3.4148447566063096,1.0407231852708199,3.4146774664948407,1.151612146738061,0.028695512417894396,-0.028695512417894396,0.11311336822973729,0.27980675298933066,3.4148609393660605,1.04168084029721,2.7720715902565622,5.3159822019356,-0.7879633450898191,3.3042164651000223,3.414706434060914,3.3594614495804684,3.3972127228014,3.288919090727767,8.222297726819416,0.022474598257792865,8.213931841858162,8.242884738677006,8.245293273496337,True,True,2,21.46074417627564
158500.0,0.005,3.4143129780472297,1.130019110945705,1.1533283430497214,2.595581548714884,True,-5.286821032634882,1.0092563922854625,1.0325377900603172,-5.39992118910283,3.4154872454662164,1.0787475469350438,3.4144811823693013,1.1399835901377666,0.07173968511969683,-0.07173968511969683,0.2976667584993268,0.696540214888367,3.415585115680291,1.084540419040958,2.7720715902565622,5.3159822019356,-0.7879633450898191,3.3042164651000223,3.414706434060914,3.3594614495804684,3.3972127228014,3.288919090727767,3.2889190907277666,0.022474598257792865,3.265495335486652,3.3354034107308776,3.3412299526063314,True,True,2,9.056198928870884
158500.0,0.01,3.412633289693475,1.030540748553006,1.1533283430497214,2.595581548714884,False,-5.286821032634882,0.9098968203131941,1.0325377900603172,-5.39992118910283,3.4169340562709496,1.164400215388195,3.4132936553482827,1.0696446009852103,0.14347684766984128,-0.14347684766984128,0.6072401873385715,1.3871270946067618,3.4173000459569667,1.186072925105175,2.7720715902565622,5.3159822019356,-0.7879633450898191,3.3042164651000223,3.414706434060914,3.3594614495804684,3.3972127228014,3.288919090727767,1.6444595453638833,0.022474598257792865,1.5827489289882075,1.710768453606109,1.721662749954196,True,True,1,2.885613380505575
158500.0,0.02,3.401107302023168,0.3492426487605994,1.1533283430497214,2.595581548714884,False,-5.286821032634882,0.2294122812367183,1.0325377900603172,-5.39992118910283,3.41671651516722,1.1515192441074573,3.404164289256538,0.5297157655711167,0.28680667075985294,-0.28680667075985294,1.3335470780768792,3.143360969752676,3.418158242969338,1.2369016426331259,2.7720715902565622,5.3159822019356,-0.7879633450898191,3.3042164651000223,3.414706434060914,3.3594614495804684,3.3972127228014,3.288919090727767,0.8222297726819416,0.022474598257792865,0.6198292950779393,0.8521464890436783,0.8736042111184146,True,True,1,0.1560365748219681
159000.0,0.002,3.4192485552164875,1.1036694228383728,1.1076886453993806,2.792131017750239,True,-5.542345251968191,0.9833173753088564,0.987331813457315,-5.654785999358047,3.4194397153171256,0.9946090497307436,3.419275831108767,1.105282469536196,0.028134307028478186,-0.028134307028478186,0.11302336469067562,0.27958411265588873,3.4194557493711213,0.9955561971854543,2.9887033968068693,5.824989206365191,-0.7971762608007298,3.30495683976077,3.419316518053226,3.3621366789069977,3.4025604947344195,3.401398848830656,8.50349712207664,0.024046503570796626,8.493390031968653,8.521818397453824,8.52420290104882,True,True,2,21.116714798112056
159000.0,0.005,3.4188586745374363,1.080613994542945,1.1076886453993806,2.792131017750239,True,-5.542345251968191,0.9602893917938005,0.987331813457315,-5.654785999358047,3.4200175975858325,1.028747932302898,3.419027446908519,1.0905939542858842,0.07033631179708563,-0.07033631179708563,0.303378505222344,0.701934580710509,3.420115021391247,1.034503894071448,2.9887033968068693,5.824989206365191,-0.7971762608007298,3.30495683976077,3.419316518053226,3.3621366789069977,3.4025604947344195,3.401398848830656,3.4013988488306555,0.024046503570796626,3.374163577958907,3.4431032528785424,3.4488986035569202,True,True,2,8.881623892700745
159000.0,0.01,3.417085026379369,0.9757632488734638,1.1076886453993806,2.792131017750239,False,-5.542345251968191,0.8555634586261407,0.987331813457315,-5.654785999358047,3.421364659737099,1.1083491625996977,3.417748574649807,1.0149831090634067,0.1406690800640298,-0.1406690800640298,0.6067570104446616,1.3979205632794174,3.421731401618762,1.1300262752617307,2.9887033968068693,5.824989206365191,-0.7971762608007298,3.30495683976077,3.419316518053226,3.3621366789069977,3.4025604947344195,3.401398848830656,1.7006994244153277,0.024046503570796626,1.6343281882946699,1.761617283487582,1.7725252838661567,True,True,1,2.8367442840727506
159000.0,0.02,3.4059775514553112,0.3203725559690948,1.1076886453993806,2.792131017750239,False,-5.542345251968191,0.20095293139010817,0.987331813457315,-5.654785999358047,3.4214203943067774,1.111643331325518,3.408967718369206,0.4965958755635605,0.2811995782036482,-0.2811995782036482,1.3146401892967976,3.075425239214697,3.422853354881733,1.1963563002645783,2.9887033968068693,5.824989206365191,-0.7971762608007298,3.30495683976077,3.419316518053226,3.3621366789069977,3.4025604947344195,3.401398848830656,0.8503497122076639,0.024046503570796626,0.6519793324191356,0.8816374981378249,0.9029477646707933,True,True,1,0.13741314941442795
159500.0,0.002,3.423898618757177,1.061049582131939,1.0656644088768643,2.9919965760866742,True,-5.799597220823788,0.9411249411123812,0.9457342916481704,-5.911380638212593,3.424086846902282,0.9522236826860375,3.4239259585203166,1.06266352956265,0.02763939976881236,-0.02763939976881236,0.11887752128188106,0.27341829894835284,3.4241027452911292,0.9531611480628754,3.2100512625210325,6.36074993324913,-0.8064019562223301,3.30563862549802,3.423976791894144,3.364807708696082,3.4078998748042726,3.516936973553892,8.79234243388473,0.025613449468046636,8.780726147942861,8.80869626709984,8.811058718423032,True,True,2,20.78832024754543
159500.0,0.005,3.4234624136705807,1.0353008432344637,1.0656644088768643,2.9919965760866742,True,-5.799597220823788,0.9154067570951385,0.9457342916481704,-5.911380638212593,3.424607530390734,0.9829286004796156,3.4236317187675422,1.0452943599240951,0.06909873681594929,-0.06909873681594929,0.3031376792688363,0.7013773755631775,3.424704539080597,0.9886497584597365,3.2100512625210325,6.36074993324913,-0.8064019562223301,3.30563862549802,3.423976791894144,3.364807708696082,3.4078998748042726,3.516936973553892,3.516936973553892,0.025613449468046636,3.4863629694445866,3.554427288079723,3.560193364376552,True,True,2,8.718381452354848
159500.0,0.01,3.4215995915871598,0.9253772857708624,1.0656644088768643,2.9919965760866742,False,-5.799597220823788,0.8056136410154568,0.9457342916481704,-5.911380638212593,3.4258590377450364,1.0567495970996932,3.4222662916706574,0.964711819872695,0.13819298733026047,-0.13819298733026047,0.6122192346017798,1.3968108750622477,3.4262264206203836,1.0784250423070185,3.2100512625210325,6.36074993324913,-0.8064019562223301,3.30563862549802,3.423976791894144,3.364807708696082,3.4078998748042726,3.516936973553892,1.758468486776946,0.025613449468046636,1.68781956675573,1.8144076670762461,1.8253260584719246,True,True,1,2.794886628893977
159500.0,0.02,3.4108081794808673,0.2897623897723191,1.0656644088768643,2.9919965760866742,False,-5.799597220823788,0.17075300087063816,0.9457342916481704,-5.911380638212593,3.4261271286072428,1.0725666233645237,3.4137499869524492,0.4628359777400552,0.2762540423990127,-0.2762540423990127,1.3017088580367429,3.025432916624203,3.427554036026083,1.1567732054535984,3.2100512625210325,6.36074993324913,-0.8064019562223301,3.30563862549802,3.423976791894144,3.364807708696082,3.4078998748042726,3.516936973553892,0.879234243388473,0.025613449468046636,0.6835527430869316,0.9111875806853004,0.9323909828166123,True,True,1,0.12400410063672496
160000.0,0.002,3.4285944021080708,1.0217619654959345,1.0268910022004274,3.1945823653396737,True,-6.058230006539488,0.9022581209962244,0.907381090299042,-6.16935856394043,3.428780022267977,0.9131838812858506,3.4286217867992965,1.0233757234865697,0.027201103496160485,-0.027201103496160485,0.11878337698929792,0.2791409359248277,3.428795810831524,0.9141132368434945,3.4355188798677028,6.922945727345307,-0.8156404092656073,3.306267678648449,3.428681438618755,3.367474558633602,3.4132309023935976,3.635179949807168,9.08794987451792,0.027175465152474224,9.075026761192344,9.10258749798103,9.104931771600981,True,True,2,20.47501580621274
160000.0,0.005,3.4281173258037914,0.9936503079980684,1.0268910022004274,3.1945823653396737,True,-6.058230006539488,0.8741797182256761,0.907381090299042,-6.16935856394043,3.429250011604569,0.9408504977317378,3.4282871338402963,1.0036557754719069,0.06800273334680802,-0.06800273334680802,0.30289761132265564,0.706761093086258,3.4293466440326164,0.9465393783152143,3.4355188798677028,6.922945727345307,-0.8156404092656073,3.306267678648449,3.428681438618755,3.367474558633602,3.4132309023935976,3.635179949807168,3.635179949807168,0.027175465152474224,3.6016763372250007,3.6689484594670905,3.6746876225321774,True,True,2,8.56564959637059
160000.0,0.01,3.4261705846098827,0.8789793932080283,1.0268910022004274,3.1945823653396737,False,-6.058230006539488,0.7596444535659108,0.907381090299042,-6.16935856394043,3.4304108628502274,1.0092019709447175,3.4268403896475914,0.9184262635317282,0.13600011467746376,-0.13600011467746376,0.6057952226453376,1.4016438484735625,3.4307787649336774,1.030869048197225,3.4355188798677028,6.922945727345307,-0.8156404092656073,3.306267678648449,3.428681438618755,3.367474558633602,3.4132309023935976,3.635179949807168,1.817589974903584,0.027175465152474224,1.7430280453283438,1.8689466875189273,1.879871850487319,True,True,1,2.759001475150143
160000.0,0.02,3.415615123362322,0.2583542034027414,1.0268910022004274,3.1945823653396737,False,-6.058230006539488,0.1397534332576944,0.907381090299042,-6.16935856394043,3.4308414104762877,1.0345587010895496,3.4185220759640993,0.4290820487444034,0.2718735232774517,-0.2718735232774517,1.2887996403337412,2.9933411001299857,3.4322643419110372,1.1183836556566407,3.4355188798677028,6.922945727345307,-0.8156404092656073,3.306267678648449,3.428681438618755,3.367474558633602,3.4132309023935976,3.635179949807168,0.908794987451792,0.027175465152474224,0.7147873560810737,0.9408660813817326,0.9619936565122031,True,True,1,0.11473934900411109
160500.0,0.002,3.4333305109427448,0.9854691363505169,0.9910438929731243,3.399332706540286,True,-6.3179365434739525,0.8663799380123516,0.8719481204881863,-6.42841304995666,3.4335138217059864,0.8771510459116838,3.4333579340366773,0.9870823483945508,0.026811349571334707,-0.026811349571334707,0.11868952820708754,0.27892039128669527,3.4335295119246916,0.8780730099758216,3.664545227831595,7.511226215659451,-0.824891597933599,3.3068492210476705,3.433425275655063,3.3701372483513667,3.4185536165779595,3.755813050916902,9.389532627292255,0.028732579511577774,9.375473153547599,9.402669488553139,9.404997319372569,True,True,2,20.176631943764946
160500.0,0.005,3.4328173083730293,0.9552814636448206,0.9910438929731243,3.399332706540286,True,-6.3179365434739525,0.8362278647426225,0.8719481204881863,-6.42841304995666,3.4339388072290298,0.9021248682061112,3.4329875920974566,0.9652974162352304,0.067028122426136,-0.067028122426136,0.308592773338454,0.7062026928322368,3.434035093161501,0.9077834381078675,3.664545227831595,7.511226215659451,-0.824891597933599,3.3068492210476705,3.433425275655063,3.3701372483513667,3.4185536165779595,3.755813050916902,3.755813050916902,0.028732579511577774,3.7197333759819413,3.786288461033689,3.792002526982674,True,True,2,8.422687632939017
160500.0,0.01,3.4307920884929244,0.8361977407492798,0.9910438929731243,3.399332706540286,False,-6.3179365434739525,0.7172845737846378,0.8719481204881863,-6.42841304995666,3.4350142222650595,0.9653342960816769,3.431464899572346,0.8757515007535517,0.13405010044482765,-0.13405010044482765,0.6112510702665668,1.4005364328437648,3.4353825653450496,0.9869888650418268,3.664545227831595,7.511226215659451,-0.824891597933599,3.3068492210476705,3.433425275655063,3.3701372483513667,3.4185536165779595,3.755813050916902,1.877906525458451,0.028732579511577774,1.799773589969646,1.9250543563301412,1.935983972925741,True,True,1,2.7282096581457154
160500.0,0.02,3.4204094711020603,0.22679941592789893,0.9910438929731243,3.399332706540286,False,-6.3179365434739525,0.10860489451287592,0.8719481204881863,-6.42841304995666,3.4355664389977747,0.9977995058376044,3.42329166632405,0.39578205604407923,0.2679775870308956,-0.2679775870308956,1.2818469046367036,2.9731726815878723,3.436986987129092,1.0813385085403304,3.664545227831595,7.511226215659451,-0.824891597933599,3.3068492210476705,3.433425275655063,3.3701372483513667,3.4185536165779595,3.755813050916902,0.9389532627292255,0.028732579511577774,0.7458483000252608,0.9707199710993251,0.9917954945370157,True,True,1,0.10880431146303238
161000.0,0.002,3.438102147554373,0.9518712322965014,0.9578345923849038,3.6057329224056156,True,-6.578445610748181,0.8331909395177028,0.8391472890047602,-6.6882731680923735,3.4382834221135816,0.8438241163839288,3.4381296211588985,0.9534846357085094,0.026463393632080057,-0.026463393632080057,0.11859597320882666,0.2787005370407558,3.4382990270025,0.8447394919078866,3.896605985036192,8.12521677338228,-0.8341554998257256,3.307387901671545,3.4382036926674338,3.3727957971694895,3.4238680561291908,3.8785565110604048,9.696391277651012,0.030284821276498265,9.681337725765916,9.708210766725113,9.710524112960224,True,True,2,19.89262614247224
161000.0,0.005,3.4375569556612824,0.9198571875527275,0.9578345923849038,3.6057329224056156,True,-6.578445610748181,0.8012145308885499,0.8391472890047602,-6.6882731680923735,3.4386683778677116,0.8664066546995253,3.4377276906158265,0.9298823160675943,0.06615803713774339,-0.06615803713774339,0.3024197316825475,0.6997162419321563,3.4387643511264483,0.8720370975169756,3.896605985036192,8.12521677338228,-0.8341554998257256,3.307387901671545,3.4382036926674338,3.3727957971694895,3.4238680561291908,3.8785565110604048,3.8785565110604048,0.030284821276498265,3.840206308733045,3.906111407841741,3.9118024288526883,True,True,2,8.288828565261682
161000.0,0.01,3.43545868717197,0.7966927825457522,0.9578345923849038,3.6057329224056156,False,-6.578445610748181,0.6781949195091785,0.8391472890047602,-6.6882731680923735,3.4396637170023734,0.924807640765124,3.4361344062857238,0.8363480113866277,0.1323092064662759,-0.1323092064662759,0.6166990606859513,1.4053622825247407,3.4400324296981313,0.9464459492910526,3.896605985036192,8.12521677338228,-0.8341554998257256,3.307387901671545,3.4382036926674338,3.3727957971694895,3.4238680561291908,3.8785565110604048,1.9392782555302024,0.030284821276498265,1.857891605980665,1.9825665072578846,1.9934984675048513,True,True,1,2.7017742241237244
161000.0,0.02,3.4251990052169616,0.19555161392226922,0.9578345923849038,3.6057329224056156,False,-6.578445610748181,0.0777604600236792,0.8391472890047602,-6.6882731680923735,3.440304294191404,0.9624021005026684,3.428064104433251,0.3632442120661683,0.26449898442591535,-0.26449898442591535,1.280836510655486,2.9530397329000997,3.441723687730729,1.045728999123341,3.896605985036192,8.12521677338228,-0.8341554998257256,3.307387901671545,3.4382036926674338,3.3727957971694895,3.4238680561291908,3.8785565110604048,0.9696391277651012,0.030284821276498265,0.7768511822069072,1.0007794880224998,1.0218212827928266,True,True,1,0.10557950523617876
161500.0,0.002,3.4429050908017715,0.9207044171488371,0.9270067939210767,3.8133090455709646,True,-6.839517936204097,0.8024276517929474,0.8087226423232119,-6.9486998978356525,3.443084551152732,0.8129365156946733,3.4429326138647913,0.9223179719444896,0.026151577467076297,-0.026151577467076297,0.11850271027692086,0.2784813691507153,3.443100080675151,0.813845921354095,4.131213787473822,8.764524528187106,-0.8434320922039208,3.3078878570969548,3.4430125917672476,3.375450224432101,3.429174259518685,4.003161820969431,10.007904552423577,0.03183221882385926,9.991980607715703,10.0185637801858,10.020864143305774,True,True,2,19.622437392825034
161500.0,0.005,3.4423314834951135,0.887079307181406,0.9270067939210767,3.8133090455709646,True,-6.839517936204097,0.7688419496879817,0.8087226423232119,-6.9486998978356525,3.4434338211431146,0.8333906862272089,3.442502646897532,0.8971123938557753,0.06537832701556302,-0.06537832701556302,0.30810704671995215,0.7050911261475883,3.4435295170151488,0.8389952506444143,4.131213787473822,8.764524528187106,-0.8434320922039208,3.3078878570969548,3.4430125917672476,3.375450224432101,3.429174259518685,4.003161820969431,4.003161820969431,0.03183221882385926,3.9628052328494756,4.0281202323136736,4.033790342412827,True,True,2,8.16335487346744
161500.0,0.01,3.440165442621623,0.7601555717401689,0.9270067939210767,3.8133090455709646,False,-6.839517936204097,0.6420669659717992,0.8087226423232119,-6.9486998978356525,3.444354408854976,0.8873126685002397,3.4408439534529673,0.7999057524398744,0.1307491267993672,-0.1307491267993672,0.6162140934399306,1.410182252295203,3.4447234351365634,0.9089318515683287,4.131213787473822,8.764524528187106,-0.8434320922039208,3.3078878570969548,3.4430125917672476,3.375450224432101,3.429174259518685,4.003161820969431,2.0015809104847153,0.03183221882385926,1.9172321879049357,2.0413331508826293,2.0522658045155153,True,True,1,2.6790661707657364
161500.0,0.02,3.4299891676931566,0.16492460945537515,0.9270067939210767,3.8133090455709646,False,-6.839517936204097,0.04753360080809177,0.8087226423232119,-6.9486998978356525,3.445056230366118,0.9284304464213244,3.432843047089949,0.331675886603605,0.26138128369212554,-0.26138128369212554,1.273904135476761,2.9447923503811584,3.4464754136289364,1.0116020596059094,4.131213787473822,8.764524528187106,-0.8434320922039208,3.3078878570969548,3.4430125917672476,3.375450224432101,3.429174259518685,4.003161820969431,1.0007904552423577,0.03183221882385926,0.8078765740091947,1.0310625443414358,1.052084677219389,True,True,1,0.1045947087323782
162000.0,0.002,3.447735583885312,0.8917339662645971,0.8983327712419581,4.021626820564268,True,-7.100942632107602,0.7738556741784697,0.7804467693482087,-7.209482566832081,3.4479134184066536,0.7842517919414371,3.4477631346645516,0.8933464199624184,0.02587113595467107,-0.02587113595467107,0.11840973771312985,0.27826288362580653,3.447928881950561,0.7851558083759924,4.367917745560341,9.42874342118634,-0.8527213528495049,3.3083527671196205,3.4478483312920827,3.3781005492058513,3.4344722649206467,4.129408291451119,10.323520728627798,0.03337480036113647,10.306832740048375,10.333154413833881,10.335443206556649,True,True,2,19.365562131743417
162000.0,0.005,3.4471366694596495,0.8566847201134402,0.8983327712419581,4.021626820564268,True,-7.100942632107602,0.7388473783124905,0.7804467693482087,-7.209482566832081,3.4482308124437178,0.8028078222080515,3.447308234034501,0.866724278443503,0.06467707526761471,-0.06467707526761471,0.30786531805409556,0.7045379393930582,3.4483262542080126,0.8083880350721051,4.367917745560341,9.42874342118634,-0.8527213528495049,3.3083527671196205,3.4478483312920827,3.3781005492058513,3.4344722649206467,4.129408291451119,4.129408291451119,0.03337480036113647,4.0872744459917065,4.1520530378737925,4.157703655012324,True,True,2,8.045694539875896
162000.0,0.01,3.444907884061174,0.7263068104438221,0.8983327712419581,4.021626820564268,False,-7.100942632107602,0.6086217975276309,0.7804467693482087,-7.209482566832081,3.449081814287294,0.8525689695103811,3.4455890534643707,0.7661444281546951,0.12934602256895075,-0.12934602256895075,0.6098101492225491,1.4090758787860902,3.4494511089992286,0.8741667838237932,4.367917745560341,9.42874342118634,-0.8527213528495049,3.3083527671196205,3.4478483312920827,3.3781005492058513,3.4344722649206467,4.129408291451119,2.0647041457255595,0.03337480036113647,1.9776597493827832,2.1012182452097097,2.112150267704451,True,True,1,2.6595532755208637
162000.0,0.02,3.4347837141346917,0.13513178374534932,0.8983327712419581,4.021626820564268,False,-7.100942632107602,0.01813747857828396,0.7804467693482087,-7.209482566832081,3.44982288078272,0.8959118027531909,3.437630883741192,0.3012091214226575,0.2585769504353964,-0.2585769504353964,1.2729046804159816,2.9365614952852837,3.4512425775719673,0.978971763169012,4.367917745560341,9.42874342118634,-0.8527213528495049,3.3083527671196205,3.4478483312920827,3.3781005492058513,3.4344722649206467,4.129408291451119,1.0323520728627797,0.03337480036113647,0.8389798364966652,1.061577808773772,1.08259104932964,True,True,1,0.10548703343457078
162500.0,0.002,3.4525902594741757,0.8647496138273273,0.8716100966182824,4.230290136015454,True,-7.362533893913138,0.7472650323692598,0.7541175242520737,-7.47043555405188,3.4527666626915194,0.7575602567490014,3.4526178636612457,0.8663624901539789,0.025618040593133173,-0.025618040593133173,0.11831705383141614,0.27804507650386734,3.452782068044114,0.7584593671475792,4.606302343233925,10.117458206114083,-0.8620232583328311,3.3087859066693786,3.4527076742964784,3.3807467904829283,3.4397621102152973,4.257099881962503,10.642749704906258,0.034912593808268576,10.625384485092551,10.651473871295666,10.653752266210882,True,True,2,19.121064156458687
162500.0,0.005,3.4519687451602947,0.8284387639991831,0.8716100966182824,4.230290136015454,True,-7.362533893913138,0.7109964764546062,0.7541175242520737,-7.47043555405188,3.453055512550207,0.7744192149476081,3.4521407185341535,0.8384853432127095,0.06404420728667647,-0.06404420728667647,0.30170848727015054,0.7099023229885756,3.4531507254674363,0.7799767037774297,4.606302343233925,10.117458206114083,-0.8620232583328311,3.3087859066693786,3.4527076742964784,3.3807467904829283,3.4397621102152973,4.257099881962503,4.257099881962503,0.034912593808268576,4.213385922770788,4.277677480658044,4.283310136584679,True,True,2,7.93523044445854
162500.0,0.01,3.4496819773241723,0.694894762636413,0.8716100966182824,4.230290136015454,False,-7.362533893913138,0.5776080235977643,0.7541175242520737,-7.47043555405188,3.453841869431404,0.8203227231986299,3.450365692004269,0.7348134570469936,0.12807973940714165,-0.12807973940714165,0.6152486799234427,1.4138887932855673,3.4542114028037645,0.8418978087635143,4.606302343233925,10.117458206114083,-0.8620232583328311,3.3087859066693786,3.4527076742964784,3.3807467904829283,3.4397621102152973,4.257099881962503,2.1285499409812516,0.034912593808268576,2.0390520530937737,2.16209859768984,2.1730291226673653,True,True,1,2.6427819814584126
162500.0,0.02,3.439585170657018,0.1063135448002543,0.8716100966182824,4.230290136015454,False,-7.362533893913138,-0.010287630468108766,0.7541175242520737,-7.47043555405188,3.4546044170438117,0.8648463500413595,3.4424291429109575,0.2719249566072025,0.2560457906703861,-0.2560457906703861,1.2719083286878679,2.928347082327878,3.456025178669174,0.9478279907514375,4.606302343233925,10.117458206114083,-0.8620232583328311,3.3087859066693786,3.4527076742964784,3.3807467904829283,3.4397621102152973,4.257099881962503,1.0642749704906258,0.034912593808268576,0.8701979743014834,1.092327097208205,1.113339638421906,True,True,1,0.10797729007003909
163000.0,0.002,3.457466184427829,0.8395679302770356,0.8466586767837435,4.438939139528401,True,-7.6241280584979085,0.7224725535816434,0.729555066280474,-7.73139535192815,3.45764129675339,0.732675512696157,3.457493829738763,0.8411805287559704,0.025388872363913143,-0.025388872363913143,0.11822465696372791,0.2778279438648,3.45765665370884,0.7335703138121819,4.845985979699512,10.830247801447378,-0.8713377855345132,3.309190192228012,3.4575877417976884,3.3833889670128503,3.445043832992032,4.386062348033688,10.965155870084219,0.036445626902670815,10.947192022142914,10.973070265417363,10.975339728904975,True,True,2,18.889088936006658
163000.0,0.005,3.45682442514054,0.8021366324619978,0.8466586767837435,4.438939139528401,True,-7.6241280584979085,0.6850847211642641,0.729555066280474,-7.73139535192815,3.4579045230041765,0.7480134217085599,3.4569967628607987,0.8121877321552599,0.0634711727672832,-0.0634711727672832,0.3073841081057188,0.7034367089342467,3.4579995337662663,0.7535498828656451,4.845985979699512,10.830247801447378,-0.8713377855345132,3.309190192228012,3.4575877417976884,3.3833889670128503,3.445043832992032,4.386062348033688,4.386062348033687,0.036445626902670815,4.340940923060624,4.404788022768485,4.410404330146457,True,True,2,7.83148365191343
163000.0,0.01,3.45448408331514,0.665692561851283,0.8466586767837435,4.438939139528401,False,-7.6241280584979085,0.5487990900448381,0.729555066280474,-7.73139535192815,3.458630923182633,0.7903460316682764,3.4551702290579187,0.7056859121546492,0.12693317191387446,-0.12693317191387446,0.6147682162114376,1.4186958835648924,3.4590006620976252,0.8118968163259188,4.845985979699512,10.830247801447378,-0.8713377855345132,3.309190192228012,3.4575877417976884,3.3833889670128503,3.445043832992032,4.386062348033688,2.1930311740168436,0.036445626902670815,2.101298934158866,2.2238636143633435,2.2347916784611193,True,True,1,2.628378402974974
163000.0,0.02,3.4443951602198237,0.07855691503313088,0.8466586767837435,4.438939139528401,False,-7.6241280584979085,-0.0376547721212539,0.729555066280474,-7.73139535192815,3.4594006665616934,0.8352142680026153,3.4472386600300142,0.24386362826749483,0.2537536853217798,-0.2537536853217798,1.2709150623602194,2.931971492700767,3.460822912124238,0.9181430351935527,4.845985979699512,10.830247801447378,-0.8713377855345132,3.309190192228012,3.4575877417976884,3.3833889670128503,3.445043832992032,4.386062348033688,1.0965155870084218,0.036445626902670815,0.9015545330697667,1.1233071380491149,1.1443251997678738,True,True,1,0.11184277643960172
163500.0,0.002,3.462360714869691,0.8160236380753301,0.8233181122109965,4.647248118007104,True,-7.885580952257784,0.6993131929024399,0.7065992225340212,-7.99221791794984,3.4625346761043563,0.7094324256301521,3.4623884029090153,0.8176360692563132,0.025180718323113613,-0.025180718323113613,0.11813254545527685,0.27761148181993994,3.4625499861712408,0.7103230284395634,5.086619230647892,11.566687910449367,-0.8806649116738379,3.3095682238905537,3.4624859709695706,3.386027097430062,3.4503174705525383,4.516140676933119,11.290351692332797,0.03797392712614233,11.271855664942061,11.297543769269023,11.29980454073422,True,True,2,18.668133319045907
163500.0,0.005,3.4617007554752552,0.7775942851968369,0.8233181122109965,4.647248118007104,True,-7.885580952257784,0.6609283280599065,0.7065992225340212,-7.99221791794984,3.4627748359540607,0.7234032321030037,3.461873461795043,0.7876502448690603,0.06295068702585149,-0.06295068702585149,0.30714461818374605,0.7087952727317398,3.462869669287257,0.7289202335305056,5.086619230647892,11.566687910449367,-0.8806649116738379,3.3095682238905537,3.4624859709695706,3.386027097430062,3.4503174705525383,4.516140676933119,4.5161406769331185,0.03797392712614233,4.469760924395917,4.5332028548884775,4.538804306410737,True,True,2,7.733909958817847
163500.0,0.01,3.4593109383763574,0.6384968288023515,0.8233181122109965,4.647248118007104,False,-7.885580952257784,0.5219918989056271,0.7065992225340212,-7.99221791794984,3.4634456630267523,0.7624323539818345,3.4599994037414192,0.6785585724776262,0.1258917459675049,-0.1258917459675049,0.620195863640269,1.4234971727362302,3.46381559468645,0.7839584341638783,5.086619230647892,11.566687910449367,-0.8806649116738379,3.3095682238905537,3.4624859709695706,3.386027097430062,3.4503174705525383,4.516140676933119,2.2580703384665592,0.03797392712614233,2.164301667931614,2.286413054858584,2.2973382970097376,True,True,1,2.61602245457631
163500.0,0.02,3.449214640272053,0.05190977166495457,0.8233181122109965,4.647248118007104,False,-7.885580952257784,-0.0639160912134451,0.7065992225340212,-7.99221791794984,3.4642112102416,0.8069815874036879,3.4520597602966183,0.21703553153716373,0.25167156040647787,-0.25167156040647787,1.269924863644344,2.923780500018404,3.4656352537504493,0.8898766677253533,5.086619230647892,11.566687910449367,-0.8806649116738379,3.3095682238905537,3.4624859709695706,3.386027097430062,3.4503174705525383,4.516140676933119,1.1290351692332796,0.03797392712614233,0.9330631596236973,1.1545110325738108,1.175539268141248,True,True,1,0.11690692641681721
164000.0,0.002,3.467271506326672,0.7939700338667047,0.8014453535962874,4.8549232911083,True,-8.146765542257096,0.6776404553305859,0.6851071475520776,-8.252776328894996,3.4674444328477705,0.6876830886999086,3.467299235907522,0.7955822443397377,0.024991087140004108,-0.024991087140004108,0.11804071766186279,0.2773956865053291,3.4674597052045684,0.6885700483253654,5.327882983257339,12.326353154475125,-0.8900046123065473,3.3099223227435783,3.467400077919508,3.3886612003315433,3.4555830599138697,4.647196809185952,11.61799202296488,0.03949752166181669,11.599021169103226,11.62453663241978,11.62679008236582,True,True,2,18.45809449898229
164000.0,0.005,3.466595144855426,0.7546500622616937,0.8014453535962874,4.8549232911083,True,-8.146765542257096,0.6383658641756718,0.6851071475520776,-8.252776328894996,3.467663786122351,0.7004226564233829,3.466768202184321,0.7647099424080629,0.062476519876697514,-0.062476519876697514,0.3069058659208013,0.7082443059710981,3.4677584622858997,0.7059214939250991,5.327882983257339,12.326353154475125,-0.8900046123065473,3.3099223227435783,3.467400077919508,3.3886612003315433,3.4555830599138697,4.647196809185952,4.647196809185952,0.03949752166181669,4.599689370908956,4.662760961944401,4.66834878308978,True,True,2,7.642096515713291
164000.0,0.01,3.4641596144175337,0.6131251339754515,0.8014453535962874,4.8549232911083,False,-8.146765542257096,0.49700427438332806,0.6851071475520776,-8.252776328894996,3.4682831349351853,0.7363974572180298,3.46485029679787,0.6532495209018035,0.1249429970111963,-0.1249429970111963,0.6197137677247075,1.428292683708406,3.4686532386754445,0.7578979548856779,5.327882983257339,12.326353154475125,-0.8900046123065473,3.3099223227435783,3.467400077919508,3.3886612003315433,3.4555830599138697,4.647196809185952,2.323598404592976,0.03949752166181669,2.2279717452604513,2.3496575755596885,2.3605794033370793,True,True,1,2.605431157828704
164000.0,0.02,3.454044078268682,0.026391342113138087,0.8014453535962874,4.8549232911083,False,-8.146765542257096,-0.08905234904622583,0.6851071475520776,-8.252776328894996,3.469035450247135,0.7801042428283722,3.4568924417010614,0.19143207956493402,0.24977454622597633,-0.24977454622597633,1.2689377148648875,2.9274097980138616,3.470461525091931,0.8629800244530861,5.327882983257339,12.326353154475125,-0.8900046123065473,3.3099223227435783,3.467400077919508,3.3886612003315433,3.4555830599138697,4.647196809185952,1.161799202296488,0.03949752166181669,0.9647302293121188,1.1859292676961624,1.2069711299610666,True,True,1,0.12301775898910705
164500.0,0.002,3.472196469543468,0.7732762569995062,0.7809126324755795,5.061700586515907,True,-8.407569888133168,0.6573236678096173,0.6649512566555549,-8.512958735416232,3.4723684672777693,0.6672961797716148,3.472224246213613,0.7748885835339047,0.0248178400725314,-0.0248178400725314,0.11794917195526783,0.28307801269260613,3.472383707927608,0.668179863857965,5.569486517153975,13.108818865115943,-0.899356864095336,3.3102545635043725,3.4723280247268464,3.3912912941156095,3.4608406378114753,4.779107636778217,11.947769091945542,0.041016437494793924,11.928373060763148,11.953731798686924,11.9559788262226,True,True,2,18.258466310998372
164500.0,0.005,3.471505276372384,0.7331593637494972,0.7809126324755795,5.061700586515907,True,-8.407569888133168,0.6172529341945232,0.6649512566555549,-8.512958735416232,3.4725690027245895,0.6789239458556695,3.4716786756170994,0.7432227158658723,0.06204332284922012,-0.06204332284922012,0.3066678470836544,0.7076950317315546,3.472663541462528,0.6844058746301673,5.569486517153975,13.108818865115943,-0.899356864095336,3.3102545635043725,3.4723280247268464,3.3912912941156095,3.4608406378114753,4.779107636778217,4.779107636778217,0.041016437494793924,4.73058639321003,4.793319214424829,4.798894597353604,True,True,2,7.555642858992826
164500.0,0.01,3.4690274856643333,0.5894138748029326,0.7809126324755795,5.061700586515907,False,-8.407569888133168,0.4736728428836212,0.6649512566555549,-8.512958735416232,3.4731406549861648,0.7120740843954421,3.4697202817969526,0.6295951162951101,0.12407622404032723,-0.12407622404032723,0.6192331527650841,1.4212875220608319,3.473510931415698,0.733549341948736,5.569486517153975,13.108818865115943,-0.899356864095336,3.3102545635043725,3.4723280247268464,3.3912912941156095,3.4608406378114753,4.779107636778217,2.3895538183891083,0.041016437494793924,2.2922298560317587,2.4135160849372035,2.4244345345016973,True,True,1,2.596365651347071
164500.0,0.02,3.458883531125966,0.0019970371115083686,0.7809126324755795,5.061700586515907,False,-8.407569888133168,-0.1130680963375541,0.6649512566555549,-8.512958735416232,3.473872671974411,0.7545317476976177,3.461736423548861,0.16702866821691725,0.2480412893692568,-0.2480412893692568,1.2738510571167667,2.925139464490307,3.475300943576256,0.8373985842512699,5.569486517153975,13.108818865115943,-0.899356864095336,3.3102545635043725,3.4723280247268464,3.3912912941156095,3.4608406378114753,4.779107636778217,1.1947769091945541,0.041016437494793924,0.9965560482468588,1.2175506421712026,1.238608573766804,True,True,1,0.13005186158179072
165000.0,0.002,3.4771337529831703,0.7538261344568861,0.7616056468387339,5.267343438002983,True,-8.667895330563788,0.6382468257976948,0.646017413946165,-8.772666552869469,3.477304910939851,0.6481546762606483,3.4771615584717477,0.7554375309472776,0.024659134274707593,-0.024659134274707593,0.1178579067232456,0.2828589761358156,3.4773201179886737,0.6490349929357597,5.811165572363423,13.913662436690203,-0.9087216427820378,3.3105668034843134,3.477267990480551,3.393917396982432,3.4660902407021914,4.911763236914758,12.279408092286893,0.04253070141537868,12.259631904230632,12.28484730234738,12.287087641024442,True,True,2,18.068493026193266
165000.0,0.005,3.4764291000151855,0.7129940619366067,0.7616056468387339,5.267343438002983,True,-8.667895330563788,0.5974615936098937,0.646017413946165,-8.772666552869469,3.4774883783511443,0.6587756278306545,3.4766028228409023,0.723059898211081,0.06164648745448984,-0.06164648745448984,0.30643055748049086,0.7130403356757274,3.4775827974964506,0.664241782453745,5.811165572363423,13.913662436690203,-0.9087216427820378,3.3105668034843134,3.477267990480551,3.393917396982432,3.4660902407021914,4.911763236914758,4.911763236914758,0.04253070141537868,4.862328299805741,4.924750463462445,4.930314484872647,True,True,2,7.474140857923629
165000.0,0.01,3.4739121844536855,0.567215544131468,0.7616056468387339,5.267343438002983,False,-8.667895330563788,0.4518503049905087,0.646017413946165,-8.772666552869469,3.4780158416249303,0.6893136645794717,3.4746070109403693,0.6074490039664052,0.12328220664227788,-0.12328220664227788,0.6187540102971048,1.431973566687578,3.478386280167876,0.7107633592820184,5.811165572363423,13.913662436690203,-0.9087216427820378,3.3105668034843134,3.477267990480551,3.393917396982432,3.4660902407021914,4.911763236914758,2.455881618457379,0.04253070141537868,2.357004550033477,2.4779166610616747,2.4888314388719666,True,True,1,2.5886430042597084
165000.0,0.02,3.463732873877196,-0.021288153520153806,0.7616056468387339,5.267343438002983,False,-8.667895330563788,-0.13597829323187538,0.646017413946165,-8.772666552869469,3.4787220722433614,0.7302088756001357,3.4665912142516335,0.14378872272179277,0.24645338767913852,-0.24645338767913852,1.2728653926112095,2.92876898207298,3.4801526611337392,0.8130744482437446,5.811165572363423,13.913662436690203,-0.9087216427820378,3.3105668034843134,3.477267990480551,3.393917396982432,3.4660902407021914,4.911763236914758,1.2279408092286894,0.04253070141537868,1.0285382454628682,1.2493626883248576,1.2704384648250406,True,True,1,0.13790061450548308
