zeta,u,seed,config,method,tau,dur,n_peaks_pair,eps_peak,eps_ssi_amp,s_true,eps_branch,eps_merged,n_in_band,f_lo,zeta_lo,err_f_lo,err_z_lo,f_hi,zeta_hi,err_f_hi,err_z_hi,n_matched,both_found,split_found,n_orders_pair,first_order_pair,last_order_pair,run_orders_pair,n_orders_swept
0.01,1.1691887901327114,0,stay,cov,4.0,600.0,1,-0.015969365108181477,0.00585261645542956,0.0233792165249093,0.022942813450352876,0.025656098748857166,1,3.3322431659487743,0.019885727116704333,0.014916164382680366,0.9885727116704333,3.3322431659487743,0.019885727116704333,-0.008537614887114776,0.9885727116704333,1,False,0.0,5,18.0,30.0,4,18
0.01,1.1691887901327114,0,stay,cov,16.0,600.0,1,-0.015969365108181477,0.0030786544574403774,0.0233792165249093,0.022942813450352876,0.025656098748857166,2,3.3276451276508023,0.012081895129080075,0.013515719348911735,0.2081895129080075,3.3276451276508023,0.012081895129080075,-0.009905696923963883,0.2081895129080075,1,False,0.05016481038313664,1,54.0,54.0,1,38
0.01,1.1691887901327114,0,stay,cov,32.0,600.0,1,-0.015969365108181477,0.0042337109114687355,0.0233792165249093,0.022942813450352876,0.025656098748857166,1,3.3295604869840485,0.008500501756043645,0.01409908888441779,-0.14994982439563553,3.3295604869840485,0.008500501756043645,-0.009335808521972739,-0.14994982439563553,1,False,0.0,27,12.0,80.0,16,36
0.01,1.1691887901327114,0,stay,data,4.0,600.0,1,-0.015969365108181477,,0.0233792165249093,0.022942813450352876,0.025656098748857166,0,,,,,,,,,0,False,0.0,4,16.0,34.0,3,18
0.01,1.1691887901327114,0,stay,data,16.0,600.0,1,-0.015969365108181477,0.00676195237138999,0.0233792165249093,0.022942813450352876,0.025656098748857166,1,3.3337490743732885,0.010112956303678521,0.015374825628575456,0.01129563036785207,3.3337490743732885,0.010112956303678521,-0.008089552880840012,0.01129563036785207,1,False,0.0,4,10.0,56.0,1,39
0.01,1.1691887901327114,0,stay,data,32.0,600.0,1,-0.015969365108181477,-0.006094526787586374,0.0233792165249093,0.022942813450352876,0.025656098748857166,2,3.3123944786221498,0.011504283774000387,0.008870761149380246,0.15042837740003867,3.345022311960707,0.005762603071987249,-0.004735358582962589,-0.4237396928012751,2,True,0.009801950025033925,37,8.0,80.0,37,39
0.01,1.1691887901327114,0,stay2,cov,4.0,600.0,1,-0.015969365108181477,0.013627874286465502,0.0233792165249093,0.022942813450352876,0.025656098748857166,1,3.3450975208451204,0.017052925180222576,0.01883127258976665,0.7052925180222576,3.3450975208451204,0.017052925180222576,-0.004712981230468055,0.7052925180222576,1,False,0.0,17,6.0,78.0,7,38
0.01,1.1691887901327114,0,stay2,cov,16.0,600.0,1,-0.015969365108181477,0.00046380648592148077,0.0233792165249093,0.022942813450352876,0.025656098748857166,2,3.3233050072855654,0.005639982579055335,0.012193829530348265,-0.4360017420944665,3.3233050072855654,0.005639982579055335,-0.011197039084394001,-0.4360017420944665,0,False,0.054402919257158684,35,6.0,80.0,19,39
0.01,1.1691887901327114,0,stay2,cov,32.0,600.0,1,-0.015969365108181477,-0.003022522731203181,0.0233792165249093,0.022942813450352876,0.025656098748857166,1,3.3175095719668493,0.012411838489002305,0.01042868794503283,0.2411838489002305,3.3175095719668493,0.012411838489002305,-0.012921389870848619,0.2411838489002305,0,False,0.0,31,4.0,76.0,10,39
0.01,1.1691887901327114,0,stay2,data,4.0,600.0,1,-0.015969365108181477,,0.0233792165249093,0.022942813450352876,0.025656098748857166,0,,,,,,,,,0,False,0.0,23,10.0,66.0,17,38
0.01,1.1691887901327114,0,stay2,data,16.0,600.0,1,-0.015969365108181477,-0.011731002995040596,0.0233792165249093,0.022942813450352876,0.025656098748857166,2,3.302988766309733,0.010752979210404405,0.006006021396605651,0.07529792104044047,3.3641666334804263,0.006520834642634378,0.0009607667386431999,-0.3479165357365622,2,True,0.018352014765583173,31,14.0,80.0,28,39
0.01,1.1691887901327114,0,stay2,data,32.0,600.0,1,-0.015969365108181477,0.05117427124256779,0.0233792165249093,0.022942813450352876,0.025656098748857166,2,3.3204468814943615,0.0068825099503337555,0.011323317409572115,-0.31174900496662444,3.3204468814943615,0.0068825099503337555,-0.012047434470558102,-0.31174900496662444,0,False,0.02558109695202022,38,6.0,80.0,38,39
0.01,1.1691887901327114,0,stay+deck,cov,4.0,600.0,1,-0.015969365108181477,0.02094995183596926,0.0233792165249093,0.022942813450352876,0.025656098748857166,2,3.290942642942932,0.011089583020988414,0.0023370798715554378,0.1089583020988414,3.35715766189069,0.01109024621398916,-0.0011246548057865066,0.10902462139891593,2,True,0.01991998192314136,36,6.0,78.0,30,38
0.01,1.1691887901327114,0,stay+deck,cov,16.0,600.0,1,-0.015969365108181477,0.017718771085787344,0.0233792165249093,0.022942813450352876,0.025656098748857166,2,3.3089934803430796,0.00647231004878255,0.007834903933514917,-0.352768995121745,3.3518409567879854,0.004900307163356531,-0.002706566106839063,-0.5099692836643469,2,True,0.012865498114185516,38,6.0,80.0,38,39
0.01,1.1691887901327114,0,stay+deck,cov,32.0,600.0,1,-0.015969365108181477,0.019566322264358726,0.0233792165249093,0.022942813450352876,0.025656098748857166,2,3.3059191242776262,0.006495013895541509,0.0068985335936246235,-0.3504986104458491,3.3548820177872787,0.004013719385374157,-0.001801740906072366,-0.5986280614625843,2,True,0.014701803121080275,39,4.0,80.0,39,39
0.01,1.1691887901327114,0,stay+deck,data,4.0,600.0,1,-0.015969365108181477,0.021976283992773737,0.0233792165249093,0.022942813450352876,0.025656098748857166,2,3.29166010507765,0.010625134774961489,0.002555600514135968,0.06251347749614884,3.358844665921535,0.010897639101252618,-0.0006227103327034961,0.08976391012526178,2,True,0.02020434934107755,37,6.0,78.0,37,38
0.01,1.1691887901327114,0,stay+deck,data,16.0,600.0,1,-0.015969365108181477,-0.01662004941914963,0.0233792165249093,0.022942813450352876,0.025656098748857166,1,3.2948085608390363,0.006331171227882956,0.003514539728935124,-0.36688287721170443,3.2948085608390363,0.006331171227882956,-0.019675758479733508,-0.36688287721170443,1,False,0.0,38,6.0,80.0,38,39
0.01,1.1691887901327114,0,stay+deck,data,32.0,600.0,1,-0.015969365108181477,0.020716544843177864,0.0233792165249093,0.022942813450352876,0.025656098748857166,2,3.2940043873412237,0.007874640404736592,0.00326960901972448,-0.21253595952634083,3.356773887513135,0.0026900241964216524,-0.0012388415084870481,-0.7309975803578348,2,True,0.01887583605342364,38,6.0,80.0,38,39
0.01,1.1691887901327114,1,stay,cov,4.0,600.0,1,-0.03049360328573425,,0.0233792165249093,0.022942813450352876,0.025656098748857166,0,,,,,,,,,0,False,0.0,9,12.0,28.0,9,18
0.01,1.1691887901327114,1,stay,cov,16.0,600.0,1,-0.03049360328573425,-0.02957877440067125,0.0233792165249093,0.022942813450352876,0.025656098748857166,2,3.2730275018588544,0.00997116020542151,-0.0031194145581509513,-0.00288397945784908,3.362924665050989,0.006257841618704949,0.0005912363892773952,-0.3742158381295051,2,True,0.027093975643889216,35,12.0,80.0,35,38
0.01,1.1691887901327114,1,stay,cov,32.0,600.0,1,-0.03049360328573425,-0.032018084416400194,0.0233792165249093,0.022942813450352876,0.025656098748857166,2,3.268911272692248,0.007062869652989183,-0.004373112835690302,-0.29371303470108173,3.3716202097300956,0.002607534614747629,0.003178474186176886,-0.739246538525237,2,True,0.03093395078683709,34,14.0,80.0,34,37
0.01,1.1691887901327114,1,stay,data,4.0,600.0,1,-0.03049360328573425,,0.0233792165249093,0.022942813450352876,0.025656098748857166,0,,,,,,,,,0,False,0.0,14,10.0,38.0,13,18
0.01,1.1691887901327114,1,stay,data,16.0,600.0,1,-0.03049360328573425,-0.03323366493853741,0.0233792165249093,0.022942813450352876,0.025656098748857166,1,3.2668580973696133,0.010268295771246825,-0.004998457601806818,0.026829577124682508,3.2668580973696133,0.010268295771246825,-0.027992028270481032,0.026829577124682508,1,False,0.0,35,12.0,80.0,35,39
0.01,1.1691887901327114,1,stay,data,32.0,600.0,1,-0.03049360328573425,-0.03452829034998173,0.0233792165249093,0.022942813450352876,0.025656098748857166,2,3.2646699914032107,0.009541128357837474,-0.005664898795948154,-0.045887164216252586,3.3697859097929745,0.0020427597848613286,0.0026327038746778394,-0.7957240215138671,2,True,0.03168787914343106,36,10.0,80.0,36,38
0.01,1.1691887901327114,1,stay2,cov,4.0,600.0,1,-0.03049360328573425,-0.03666651375444563,0.0233792165249093,0.022942813450352876,0.025656098748857166,2,3.2610528667544827,0.0065974191338509965,-0.0067665825842427,-0.34025808661490037,3.35625023170371,0.016297210154138226,-0.001394647976363087,0.6297210154138225,2,True,0.028772254658067008,33,6.0,78.0,26,38
0.01,1.1691887901327114,1,stay2,cov,16.0,600.0,1,-0.03049360328573425,-0.030294045455803276,0.0233792165249093,0.022942813450352876,0.025656098748857166,3,3.271821049793185,0.011623158835229873,-0.0034868690451202045,0.16231588352298726,3.3586929729564554,0.0053261595363993134,-0.0006678444545166073,-0.4673840463600687,2,True,0.042769900529804776,38,6.0,80.0,38,39
0.01,1.1691887901327114,1,stay2,cov,32.0,600.0,1,-0.03049360328573425,-0.027425856607684485,0.0233792165249093,0.022942813450352876,0.025656098748857166,2,3.276656160745235,0.007159270128189635,-0.0020142177356465905,-0.2840729871810365,3.3572811764991743,0.005839561292707025,-0.001087904760178984,-0.4160438707292975,2,True,0.024306836695997276,39,4.0,80.0,39,39
0.01,1.1691887901327114,1,stay2,data,4.0,600.0,1,-0.03049360328573425,0.019225608243382375,0.0233792165249093,0.022942813450352876,0.025656098748857166,1,3.354321411366474,0.014594630797703144,0.02164063406862872,0.45946307977031436,3.354321411366474,0.014594630797703144,-0.001968541511970666,0.45946307977031436,1,False,0.0,34,10.0,78.0,27,38
0.01,1.1691887901327114,1,stay2,data,16.0,600.0,1,-0.03049360328573425,0.02994129393127931,0.0233792165249093,0.022942813450352876,0.025656098748857166,1,3.3719082305212056,0.009902390435643761,0.026997130023848136,-0.009760956435623906,3.3719082305212056,0.009902390435643761,0.003264170747410503,-0.009760956435623906,1,False,0.0,38,6.0,80.0,38,39
0.01,1.1691887901327114,1,stay2,data,32.0,600.0,1,-0.03049360328573425,-0.03361273036613943,0.0233792165249093,0.022942813450352876,0.025656098748857166,2,3.266217573217674,0.003551990965466634,-0.005193544899793876,-0.6448009034533366,3.3550515830483665,0.00541436802676044,-0.001751289132351785,-0.45856319732395595,2,True,0.026832925148987326,38,6.0,80.0,38,39
0.01,1.1691887901327114,1,stay+deck,cov,4.0,600.0,1,-0.03049360328573425,-0.028933107529546476,0.0233792165249093,0.022942813450352876,0.025656098748857166,2,3.2741161703516406,0.010086538244433858,-0.0027878339393433006,0.008653824443385742,3.358529125337567,0.010578789673499145,-0.0007165950237062516,0.057878967349914504,2,True,0.025453782381756267,37,6.0,78.0,37,38
0.01,1.1691887901327114,1,stay+deck,cov,16.0,600.0,1,-0.03049360328573425,-0.030511591563925133,0.0233792165249093,0.022942813450352876,0.025656098748857166,1,3.2714540252033375,0.009485091351010357,-0.0035986553615477796,-0.051490864898964296,3.2714540252033375,0.009485091351010357,-0.026624574172774605,-0.051490864898964296,1,False,0.0,38,6.0,80.0,38,39
0.01,1.1691887901327114,1,stay+deck,cov,32.0,600.0,1,-0.03049360328573425,-0.029739694641100156,0.0233792165249093,0.022942813450352876,0.025656098748857166,3,3.272756115477703,0.007956463674623583,-0.003202071918765646,-0.20435363253764172,3.3635199941567264,0.004907464245397279,0.0007683682448193713,-0.5092535754602721,2,True,0.02737957956243102,39,4.0,80.0,39,39
0.01,1.1691887901327114,1,stay+deck,data,4.0,600.0,1,-0.03049360328573425,-0.027175923844921734,0.0233792165249093,0.022942813450352876,0.025656098748857166,2,3.277077152361156,0.009288879213642309,-0.0018859944413702344,-0.07111207863576915,3.361634703853329,0.010321359722335348,0.0002074264624376431,0.0321359722335348,2,True,0.025474083925790175,37,6.0,78.0,37,38
0.01,1.1691887901327114,1,stay+deck,data,16.0,600.0,1,-0.03049360328573425,-0.02652827643083766,0.0233792165249093,0.022942813450352876,0.025656098748857166,2,3.278167810720269,0.0076746023646006726,-0.0015538077600997086,-0.23253976353993275,3.361340799004111,0.007211967617027331,0.0001199791819451858,-0.27880323829726694,2,True,0.025053959011974172,38,6.0,80.0,38,39
0.01,1.1691887901327114,1,stay+deck,data,32.0,600.0,1,-0.03049360328573425,-0.03233571311471284,0.0233792165249093,0.022942813450352876,0.025656098748857166,4,3.268374906668597,0.005687100478584183,-0.004536476227951587,-0.43128995214158167,3.366809059381836,0.004119507724227048,0.0017469836370578127,-0.5880492275772953,2,True,0.03641782511872482,38,6.0,80.0,38,39
0.01,1.1691887901327114,2,stay,cov,4.0,600.0,1,0.028251270830166986,0.010757914294863946,0.0233792165249093,0.022942813450352876,0.025656098748857166,1,3.340358552313385,0.017415978187084968,0.01738790380608736,0.7415978187084967,3.340358552313385,0.017415978187084968,-0.006122995088838889,0.7415978187084967,1,False,0.0,0,,,0,18
0.01,1.1691887901327114,2,stay,cov,16.0,600.0,1,0.028251270830166986,0.031396717980251454,0.0233792165249093,0.022942813450352876,0.025656098748857166,2,3.2916060758989043,0.021472101845892516,0.0025391446061705423,1.1472101845892515,3.374289834137251,0.006073085771591699,0.003972783619870388,-0.3926914228408301,2,True,0.024807995610569965,32,16.0,80.0,16,38
0.01,1.1691887901327114,2,stay,cov,32.0,600.0,1,0.028251270830166986,0.010886861628159439,0.0233792165249093,0.022942813450352876,0.025656098748857166,1,3.340571618461451,0.013351071693988371,0.017452798313176407,0.33510716939883706,3.340571618461451,0.013351071693988371,-0.006059600234133459,0.33510716939883706,1,False,0.0,10,24.0,58.0,5,35
0.01,1.1691887901327114,2,stay,data,4.0,600.0,1,0.028251270830166986,0.010100501697491993,0.0233792165249093,0.022942813450352876,0.025656098748857166,1,3.339272065156455,0.017417114158776215,0.017056987566471244,0.7417114158776215,3.339272065156455,0.017417114158776215,-0.00644626415845898,0.7417114158776215,1,False,0.0,6,16.0,38.0,3,18
0.01,1.1691887901327114,2,stay,data,16.0,600.0,1,0.028251270830166986,0.026497325170665498,0.0233792165249093,0.022942813450352876,0.025656098748857166,2,3.296766724296589,0.01657339485976597,0.004110946307507149,0.6573394859765969,3.3662659328668347,0.00779109922364729,0.001585383932845434,-0.22089007763527102,2,True,0.02086113400495715,32,16.0,80.0,27,39
0.01,1.1691887901327114,2,stay,data,32.0,600.0,1,0.028251270830166986,0.009063200319121778,0.0233792165249093,0.022942813450352876,0.025656098748857166,1,3.3375570272744928,0.011046025098069455,0.016534630828908055,0.10460250980694544,3.3375570272744928,0.011046025098069455,-0.006956549712162025,0.10460250980694544,1,False,0.0,19,34.0,70.0,19,38
0.01,1.1691887901327114,2,stay2,cov,4.0,600.0,1,0.028251270830166986,,0.0233792165249093,0.022942813450352876,0.025656098748857166,0,,,,,,,,,0,False,0.0,22,6.0,74.0,8,38
0.01,1.1691887901327114,2,stay2,cov,16.0,600.0,1,0.028251270830166986,0.024101981755074275,0.0233792165249093,0.022942813450352876,0.025656098748857166,2,3.274020362897468,0.01831270131581733,-0.0028170144430058105,0.8312701315817331,3.3623360286071033,0.009732085882517632,0.0004160958417378398,-0.026791411748236862,2,True,0.02661570913300904,28,6.0,80.0,22,39
0.01,1.1691887901327114,2,stay2,cov,32.0,600.0,1,0.028251270830166986,0.008146306912207635,0.0233792165249093,0.022942813450352876,0.025656098748857166,1,3.3360403336155753,0.010157081963511574,0.016072684676063657,0.015708196351157423,3.3360403336155753,0.010157081963511574,-0.00740782071420721,0.015708196351157423,1,False,0.0,32,8.0,80.0,26,39
0.01,1.1691887901327114,2,stay2,data,4.0,600.0,1,0.028251270830166986,0.019439474147286306,0.0233792165249093,0.022942813450352876,0.025656098748857166,1,3.35467331449114,0.014028052144632333,0.021747814772957223,0.40280521446323325,3.35467331449114,0.014028052144632333,-0.0018638376551587572,0.40280521446323325,1,False,0.0,21,12.0,78.0,6,38
0.01,1.1691887901327114,2,stay2,data,16.0,600.0,1,0.028251270830166986,0.018817455735946176,0.0233792165249093,0.022942813450352876,0.025656098748857166,2,3.2820857011687203,0.008158692293484645,-0.0003605183906302874,-0.18413077065153552,3.3536497191651224,0.011110230040744556,-0.0021683941394196006,0.11102300407445555,2,True,0.021569280106349308,33,6.0,78.0,23,39
0.01,1.1691887901327114,2,stay2,data,32.0,600.0,1,0.028251270830166986,0.009001949002525711,0.0233792165249093,0.022942813450352876,0.025656098748857166,1,3.3374557289294304,0.011916954621366882,0.016503777940115434,0.19169546213668817,3.3374557289294304,0.011916954621366882,-0.006986689619066118,0.19169546213668817,1,False,0.0,15,16.0,80.0,9,39
0.01,1.1691887901327114,2,stay+deck,cov,4.0,600.0,1,0.028251270830166986,0.019123327503439036,0.0233792165249093,0.022942813450352876,0.025656098748857166,2,3.292945411823636,0.013456646165384233,0.002947072122817331,0.3456646165384233,3.3541531016807564,0.010317911370541881,-0.0020186197067867755,0.031791137054188075,2,True,0.018416363089179266,37,6.0,78.0,37,38
0.01,1.1691887901327114,2,stay+deck,cov,16.0,600.0,1,0.028251270830166986,0.022320928512901794,0.0233792165249093,0.022942813450352876,0.025656098748857166,2,3.2889348300746577,0.012373012443552382,0.0017255513505007691,0.23730124435523814,3.359410975456643,0.009015993991334716,-0.00045421284484674894,-0.09840060086652845,2,True,0.021201106995171783,38,6.0,80.0,38,39
0.01,1.1691887901327114,2,stay+deck,cov,32.0,600.0,1,0.028251270830166986,0.020951989228359613,0.0233792165249093,0.022942813450352876,0.025656098748857166,2,3.2940638495604455,0.01228707904781718,0.0032877196930615822,0.22870790478171799,3.357161011635723,0.009631101137895275,-0.0011236581359654722,-0.03688988621047256,2,True,0.01897309544994998,38,6.0,80.0,38,39
0.01,1.1691887901327114,2,stay+deck,data,4.0,600.0,1,0.028251270830166986,0.018444831856438526,0.0233792165249093,0.022942813450352876,0.025656098748857166,2,3.293717170872221,0.013625490429213459,0.0031821302186433673,0.3625490429213458,3.353036378549019,0.01042553772359188,-0.002350885068155661,0.042553772359187926,2,True,0.01784907691724586,37,6.0,78.0,37,38
0.01,1.1691887901327114,2,stay+deck,data,16.0,600.0,1,0.028251270830166986,0.019978972269933504,0.0233792165249093,0.022942813450352876,0.025656098748857166,2,3.29096841912593,0.012878527566627152,0.0023449306385846564,0.2878527566627152,3.355560861333249,0.00866743098998209,-0.0015997604959739294,-0.13325690100179105,2,True,0.01943644253466873,38,6.0,80.0,38,39
0.01,1.1691887901327114,2,stay+deck,data,32.0,600.0,1,0.028251270830166986,0.024989863468391604,0.0233792165249093,0.022942813450352876,0.025656098748857166,2,3.2894955382325,0.009370047992185304,0.0018963287351498022,-0.06299520078146964,3.363793261354431,0.008471414709384681,0.0008496750805202262,-0.15285852906153188,2,True,0.022334134398778422,38,6.0,80.0,38,39
0.01,1.1691887901327114,3,stay,cov,4.0,600.0,1,0.035715865358221466,0.005498405564450692,0.0233792165249093,0.022942813450352876,0.025656098748857166,1,3.3316563897492255,0.019417596245310444,0.014737447338293365,0.9417596245310444,3.3316563897492255,0.019417596245310444,-0.00871220194494929,0.9417596245310444,1,False,0.0,0,,,0,18
0.01,1.1691887901327114,3,stay,cov,16.0,600.0,1,0.035715865358221466,0.02461271216537564,0.0233792165249093,0.022942813450352876,0.025656098748857166,2,3.293082655806961,0.013401877605621235,0.0029888731349895187,0.34018776056212346,3.363174340240668,0.007080176849685652,0.0006655237526943957,-0.2919823150314348,2,True,0.021060390088701926,36,10.0,80.0,36,38
0.01,1.1691887901327114,3,stay,cov,32.0,600.0,1,0.035715865358221466,-0.015884702853447563,0.0233792165249093,0.022942813450352876,0.025656098748857166,2,3.296040217736108,0.0020469388987987332,0.0038896709638297053,-0.7953061101201266,3.340393093268235,0.023790612205270883,-0.0061127179104415496,1.3790612205270882,2,True,0.013366479689800401,27,18.0,78.0,25,36
0.01,1.1691887901327114,3,stay,data,4.0,600.0,1,0.035715865358221466,0.00403336478141858,0.0233792165249093,0.022942813450352876,0.025656098748857166,1,3.3292283442644304,0.01867763375410862,0.01399792669479515,0.8677633754108618,3.3292283442644304,0.01867763375410862,-0.009434632946419177,0.8677633754108618,1,False,0.0,0,,,0,18
0.01,1.1691887901327114,3,stay,data,16.0,600.0,1,0.035715865358221466,-0.02076625011807065,0.0233792165249093,0.022942813450352876,0.025656098748857166,2,3.2878553137472353,0.011268900679192327,0.0013967582475208145,0.1268900679192327,3.36676951160675,0.007057142910598546,0.0017352167492708682,-0.29428570894014544,2,True,0.02371709898921821,36,10.0,80.0,36,39
0.01,1.1691887901327114,3,stay,data,32.0,600.0,1,0.035715865358221466,0.017212269039629247,0.0233792165249093,0.022942813450352876,0.025656098748857166,1,3.351006774676476,0.02141607104345545,0.02063108038715928,1.141607104345545,3.351006774676476,0.02141607104345545,-0.0029547653362192445,1.141607104345545,1,False,0.0,29,12.0,80.0,28,38
0.01,1.1691887901327114,3,stay2,cov,4.0,600.0,1,0.035715865358221466,0.013505184056479713,0.0233792165249093,0.022942813450352876,0.025656098748857166,1,3.344895068241743,0.017283402586835972,0.018769610697324763,0.7283402586835972,3.344895068241743,0.017283402586835972,-0.004773218173278192,0.7283402586835972,1,False,0.0,27,6.0,78.0,10,38
0.01,1.1691887901327114,3,stay2,cov,16.0,600.0,1,0.035715865358221466,0.0255743754575819,0.0233792165249093,0.022942813450352876,0.025656098748857166,3,3.2961121581791173,0.01264980937327975,0.003911582185444381,0.264980937327975,3.364752245112065,0.007831697503940804,0.0011350072955711834,-0.2168302496059196,2,True,0.0692490734961871,38,6.0,80.0,38,39
0.01,1.1691887901327114,3,stay2,cov,32.0,600.0,1,0.035715865358221466,0.03234420852878661,0.0233792165249093,0.022942813450352876,0.025656098748857166,2,3.3048829469336365,0.014784005701347918,0.00658294043814046,0.4784005701347918,3.3758393706798056,0.0005959206987101993,0.004433826562954453,-0.9404079301289802,2,True,0.021242141305318273,38,6.0,80.0,38,39
0.01,1.1691887901327114,3,stay2,data,4.0,600.0,1,0.035715865358221466,0.012061938776669168,0.0233792165249093,0.022942813450352876,0.025656098748857166,1,3.342512631561891,0.01709703644426533,0.018043981330984175,0.7097036444265329,3.342512631561891,0.01709703644426533,-0.005482078912231527,0.7097036444265329,1,False,0.0,22,14.0,76.0,13,38
0.01,1.1691887901327114,3,stay2,data,16.0,600.0,1,0.035715865358221466,-0.02137386073431058,0.0233792165249093,0.022942813450352876,0.025656098748857166,2,3.286835104942913,0.012598271262855757,0.0010860287013901633,0.2598271262855757,3.370209129853937,0.006285060708549101,0.0027586270892130944,-0.37149392914508994,2,True,0.02504836139595466,38,6.0,80.0,38,39
0.01,1.1691887901327114,3,stay2,data,32.0,600.0,1,0.035715865358221466,0.019654071404024753,0.0233792165249093,0.022942813450352876,0.025656098748857166,1,3.3550263839116043,0.018802143857957587,0.021855350701199316,0.8802143857957587,3.3550263839116043,0.018802143857957587,-0.0017587867833312436,0.8802143857957587,1,False,0.0,35,6.0,76.0,23,39
0.01,1.1691887901327114,3,stay+deck,cov,4.0,600.0,1,0.035715865358221466,-0.022921384556036983,0.0233792165249093,0.022942813450352876,0.025656098748857166,2,3.284235303117509,0.00980495653009085,0.00029419546312085636,-0.019504346990915043,3.3636812371726617,0.010942170807966764,0.0008163438508002214,0.09421708079667637,2,True,0.02390100223842006,37,6.0,78.0,37,38
0.01,1.1691887901327114,3,stay+deck,cov,16.0,600.0,1,0.035715865358221466,-0.024064563372091508,0.0233792165249093,0.022942813450352876,0.025656098748857166,1,3.282313468483161,0.008895713332495187,-0.000291146283724635,-0.1104286667504813,3.282313468483161,0.008895713332495187,-0.023393498588245253,-0.1104286667504813,1,False,0.0,38,6.0,80.0,38,39
0.01,1.1691887901327114,3,stay+deck,cov,32.0,600.0,1,0.035715865358221466,-0.024118573363720808,0.0233792165249093,0.022942813450352876,0.025656098748857166,5,3.2822226427127834,0.004599929896771452,-0.0003188094937330334,-0.5400070103228548,3.3736266351046007,0.0021837176181243403,0.0037754580160743855,-0.781628238187566,2,True,0.05071605065833377,38,6.0,80.0,38,39
0.01,1.1691887901327114,3,stay+deck,data,4.0,600.0,1,0.035715865358221466,-0.021965365279345672,0.0233792165249093,0.022942813450352876,0.025656098748857166,2,3.285841634765278,0.009737192685200938,0.0007834430580562219,-0.026280731479906214,3.3646645639768655,0.011253332865040095,0.001108918999157925,0.12533328650400943,2,True,0.023704339746798742,37,6.0,78.0,37,38
0.01,1.1691887901327114,3,stay+deck,data,16.0,600.0,1,0.035715865358221466,-0.023535090293862693,0.0233792165249093,0.022942813450352876,0.025656098748857166,2,3.2832037225408746,0.009246161773765508,-1.999763442624676e-05,-0.07538382262344927,3.3630974515107974,0.010193643840110247,0.0006426465856602634,0.019364384011024728,2,True,0.024041561427231743,38,6.0,80.0,38,39
0.01,1.1691887901327114,3,stay+deck,data,32.0,600.0,1,0.035715865358221466,0.03348913275352339,0.0233792165249093,0.022942813450352876,0.025656098748857166,2,3.2909229914567986,0.003257940060703617,0.0023310945307691423,-0.6742059939296383,3.377710843969294,0.004050773540615704,0.004990657285943712,-0.5949226459384296,2,True,0.026028675334203628,38,6.0,80.0,38,39
0.01,1.1691887901327114,4,stay,cov,4.0,600.0,1,-0.0232449825595763,-0.006815131258839258,0.0233792165249093,0.022942813450352876,0.025656098748857166,1,3.3111934795647446,0.015498740505226023,0.008504967509460885,0.5498740505226023,3.3111934795647446,0.015498740505226023,-0.014800654896155086,0.5498740505226023,1,False,0.0,0,,,0,18
0.01,1.1691887901327114,4,stay,cov,16.0,600.0,1,-0.0232449825595763,0.010336179366122966,0.0233792165249093,0.022942813450352876,0.025656098748857166,2,3.291812634302727,0.007613407119829048,0.0026020570205678327,-0.23865928801709524,3.3396616036003226,0.009146197582613287,-0.0063303624383814665,-0.08538024173867127,2,True,0.014430869390733257,35,12.0,80.0,35,37
0.01,1.1691887901327114,4,stay,cov,32.0,600.0,1,-0.0232449825595763,0.014586580964904394,0.0233792165249093,0.022942813450352876,0.025656098748857166,2,3.2931443754970795,0.011671051795753439,0.0030076713763070376,0.16710517957534385,3.346679072355185,0.006350362669862398,-0.004242412681218429,-0.36496373301376017,2,True,0.01612533745168236,31,20.0,80.0,31,34
0.01,1.1691887901327114,4,stay,data,4.0,600.0,1,-0.0232449825595763,-0.006091009611721709,0.0233792165249093,0.022942813450352876,0.025656098748857166,1,3.312400339473067,0.015118742744555816,0.008872546214886123,0.5118742744555815,3.312400339473067,0.015118742744555816,-0.014441570596596922,0.5118742744555815,1,False,0.0,0,,,0,18
0.01,1.1691887901327114,4,stay,data,16.0,600.0,1,-0.0232449825595763,,0.0233792165249093,0.022942813450352876,0.025656098748857166,0,,,,,,,,,0,False,0.0,28,14.0,80.0,14,38
0.01,1.1691887901327114,4,stay,data,32.0,600.0,1,-0.0232449825595763,0.014004045417944866,0.0233792165249093,0.022942813450352876,0.025656098748857166,3,3.2982509650727927,0.011663782959961809,0.00456300814110876,0.16637829599618087,3.3457181689286655,0.006413438797579522,-0.00452831606691833,-0.3586561202420478,2,True,0.03601869185469599,31,20.0,80.0,31,38
0.01,1.1691887901327114,4,stay2,cov,4.0,600.0,1,-0.0232449825595763,0.015502695704019187,0.0233792165249093,0.022942813450352876,0.025656098748857166,1,3.348189663122731,0.013188538566323913,0.01977306015562834,0.31885385663239124,3.348189663122731,0.013188538566323913,-0.0037929575092113935,0.31885385663239124,1,False,0.0,26,18.0,72.0,15,38
0.01,1.1691887901327114,4,stay2,cov,16.0,600.0,1,-0.0232449825595763,0.00981087882974463,0.0233792165249093,0.022942813450352876,0.025656098748857166,1,3.3387933014663567,0.011415970943647026,0.01691116837387277,0.14159709436470258,3.3387933014663567,0.011415970943647026,-0.006588713603607838,0.14159709436470258,1,False,0.0,30,6.0,80.0,25,39
0.01,1.1691887901327114,4,stay2,cov,32.0,600.0,1,-0.0232449825595763,0.01025937753735584,0.0233792165249093,0.022942813450352876,0.025656098748857166,2,3.339534667141732,0.007539623776841204,0.01713696942445209,-0.24603762231587964,3.339534667141732,0.007539623776841204,-0.006368130607666948,-0.24603762231587964,1,False,0.06665513873759665,38,6.0,80.0,38,39
0.01,1.1691887901327114,4,stay2,data,4.0,600.0,1,-0.0232449825595763,,0.0233792165249093,0.022942813450352876,0.025656098748857166,0,,,,,,,,,0,False,0.0,25,20.0,74.0,22,38
0.01,1.1691887901327114,4,stay2,data,16.0,600.0,1,-0.0232449825595763,,0.0233792165249093,0.022942813450352876,0.025656098748857166,0,,,,,,,,,0,False,0.0,36,8.0,80.0,22,39
0.01,1.1691887901327114,4,stay2,data,32.0,600.0,1,-0.0232449825595763,0.003639663196453924,0.0233792165249093,0.022942813450352876,0.025656098748857166,1,3.328575551719304,0.009562346683968138,0.013799102757572438,-0.04376533160318618,3.328575551719304,0.009562346683968138,-0.009628862245285714,-0.04376533160318618,1,False,0.0,38,6.0,80.0,38,39
0.01,1.1691887901327114,4,stay+deck,cov,4.0,600.0,1,-0.0232449825595763,-0.022285350541063176,0.0233792165249093,0.022942813450352876,0.025656098748857166,2,3.285304073583395,0.008674203973371987,0.0006197156511211484,-0.13257960266280128,3.353831414644139,0.008466117186586141,-0.002114333188877079,-0.1533882813413859,2,True,0.020643453106886058,37,6.0,78.0,37,38
0.01,1.1691887901327114,4,stay+deck,cov,16.0,600.0,1,-0.0232449825595763,-0.020917462328699732,0.0233792165249093,0.022942813450352876,0.025656098748857166,2,3.287601450425716,0.00853631618550664,0.0013194379633390326,-0.14636838144933603,3.3579091088510964,0.007788880717505245,-0.0009010722643731408,-0.2211119282494755,2,True,0.0211594452520234,38,6.0,80.0,38,39
0.01,1.1691887901327114,4,stay+deck,cov,32.0,600.0,1,-0.0232449825595763,0.01939525391385888,0.0233792165249093,0.022942813450352876,0.025656098748857166,2,3.2905731014959034,0.006670894318694241,0.002224526984709944,-0.3329105681305759,3.354600555857832,0.006819341431264716,-0.0018854859696798216,-0.3180658568735284,2,True,0.01927036302236399,38,6.0,80.0,38,39
0.01,1.1691887901327114,4,stay+deck,data,4.0,600.0,1,-0.0232449825595763,-0.021700634670421493,0.0233792165249093,0.022942813450352876,0.025656098748857166,2,3.2862863040904293,0.00957839969600516,0.0009188779778462325,-0.042160030399484086,3.3525386744921954,0.009027131993940542,-0.0024989699547273425,-0.09728680060594584,2,True,0.019959065230820673,37,6.0,78.0,37,38
0.01,1.1691887901327114,4,stay+deck,data,16.0,600.0,1,-0.0232449825595763,-0.02018090431993358,0.0233792165249093,0.022942813450352876,0.025656098748857166,2,3.2888378395115447,0.008101881006461673,0.0016960105020711505,-0.1898118993538327,3.357367211551754,0.008560711556693662,-0.0010623062326448952,-0.14392884433063383,2,True,0.020622105852495604,38,6.0,80.0,38,39
0.01,1.1691887901327114,4,stay+deck,data,32.0,600.0,1,-0.0232449825595763,-0.02168196808104028,0.0233792165249093,0.022942813450352876,0.025656098748857166,2,3.2863176561829404,0.008560305012548678,0.0009284270245070018,-0.1439694987451322,3.356774341660287,0.00693569971466749,-0.0012387063833488227,-0.306430028533251,2,True,0.021212015579558815,38,6.0,80.0,38,39
0.01,1.1691887901327114,5,stay,cov,4.0,600.0,1,-0.03049360328573425,-0.03553187820951198,0.0233792165249093,0.022942813450352876,0.025656098748857166,2,3.262972771789253,0.0139217463768667,-0.006181828544147548,0.39217463768666994,3.383091967714216,0.018691585923025306,0.006591735453721738,0.8691585923025306,2,True,0.03614746489331893,11,14.0,34.0,11,18
0.01,1.1691887901327114,5,stay,cov,16.0,600.0,1,-0.03049360328573425,-0.031181805214493763,0.0233792165249093,0.022942813450352876,0.025656098748857166,2,3.2703230409688295,0.010977365880132687,-0.003943124274559201,0.09773658801326864,3.3571145597867975,0.010206328998899963,-0.0011374792344373075,0.020632899889996316,2,True,0.026191576306375922,36,10.0,80.0,36,38
0.01,1.1691887901327114,5,stay,cov,32.0,600.0,1,-0.03049360328573425,-0.028777741034125226,0.0233792165249093,0.022942813450352876,0.025656098748857166,2,3.274378082076566,0.010408502547245485,-0.0027080623170366034,0.040850254724548486,3.352943513232696,0.011171883647577905,-0.0023785158452120135,0.11718836475779047,2,True,0.023709557481483255,31,20.0,80.0,31,34
0.01,1.1691887901327114,5,stay,data,4.0,600.0,1,-0.03049360328573425,-0.03461038741457567,0.0233792165249093,0.022942813450352876,0.025656098748857166,2,3.2645311859269004,0.014852467905473983,-0.005707175399003933,0.48524679054739833,3.394018908312226,0.020468470037901473,0.00984289392198583,1.0468470037901472,2,True,0.03889366920806264,8,12.0,38.0,5,18
0.01,1.1691887901327114,5,stay,data,16.0,600.0,1,-0.03049360328573425,-0.030371695459611603,0.0233792165249093,0.022942813450352876,0.025656098748857166,2,3.271690050286611,0.008999982891288096,-0.003526768149155314,-0.10000171087119046,3.3586890706596484,0.011643639865496085,-0.0006690055283959825,0.16436398654960852,2,True,0.02624254775965855,36,10.0,80.0,36,39
0.01,1.1691887901327114,5,stay,data,32.0,600.0,1,-0.03049360328573425,-0.027177824534923678,0.0233792165249093,0.022942813450352876,0.025656098748857166,2,3.2770739510059603,0.009638530200784158,-0.0018869694924016688,-0.03614697992158425,3.359415801190561,0.011320920124714532,-0.00045277701516032164,0.1320920124714532,2,True,0.024814880534501628,32,18.0,80.0,32,38
0.01,1.1691887901327114,5,stay2,cov,4.0,600.0,1,-0.03049360328573425,-0.029627998181796178,0.0233792165249093,0.022942813450352876,0.025656098748857166,2,3.2729444900552065,0.012137845661114793,-0.003144697833458628,0.21378456611147925,3.3688633063284517,0.013282733792630175,0.0023581961074186555,0.3282733792630175,2,True,0.0288833459846493,28,6.0,78.0,12,38
0.01,1.1691887901327114,5,stay2,cov,16.0,600.0,1,-0.03049360328573425,-0.028234824824416305,0.0233792165249093,0.022942813450352876,0.025656098748857166,2,3.2752931478886085,0.012545283120844498,-0.0024293566410504845,0.2545283120844498,3.35265507976173,0.00974147930963106,-0.002464335193569501,-0.025852069036894076,2,True,0.023344156959580538,38,6.0,80.0,38,39
0.01,1.1691887901327114,5,stay2,cov,32.0,600.0,1,-0.03049360328573425,0.02188923201832038,0.0233792165249093,0.022942813450352876,0.025656098748857166,2,3.281191951855773,0.0067755051863545215,-0.0006327316054056379,-0.3224494813645479,3.3587016096239335,0.016590656790896833,-0.0006652747348080502,0.6590656790896833,2,True,0.023346656704806377,38,6.0,80.0,38,39
0.01,1.1691887901327114,5,stay2,data,4.0,600.0,1,-0.03049360328573425,,0.0233792165249093,0.022942813450352876,0.025656098748857166,0,,,,,,,,,0,False,0.0,25,12.0,78.0,9,38
0.01,1.1691887901327114,5,stay2,data,16.0,600.0,1,-0.03049360328573425,0.018498766143045797,0.0233792165249093,0.022942813450352876,0.025656098748857166,1,3.353125161576433,0.015976346194198347,0.0212762869342544,0.5976346194198346,3.353125161576433,0.015976346194198347,-0.002324468919113233,0.5976346194198346,1,False,0.0,30,6.0,80.0,23,39
0.01,1.1691887901327114,5,stay2,data,32.0,600.0,1,-0.03049360328573425,0.02595692680642525,0.0233792165249093,0.022942813450352876,0.025656098748857166,2,3.2785447670429617,0.005758045182919159,-0.0014389964914994498,-0.42419548170808413,3.365379732756433,0.012839997375226918,0.001321707474859263,0.28399973752269175,2,True,0.026139660592498715,37,8.0,80.0,37,39
0.01,1.1691887901327114,5,stay+deck,cov,4.0,600.0,1,-0.03049360328573425,-0.03069356454607952,0.0233792165249093,0.022942813450352876,0.025656098748857166,2,3.271146984821212,0.011724375269438057,-0.003692172020272371,0.1724375269438057,3.3530551008260865,0.008846684527205162,-0.0023453145162626856,-0.11533154727948382,2,True,0.024729956890157476,37,6.0,78.0,37,38
0.01,1.1691887901327114,5,stay+deck,cov,16.0,600.0,1,-0.03049360328573425,-0.03131237274581311,0.0233792165249093,0.022942813450352876,0.025656098748857166,2,3.2701026629887484,0.011501949168758888,-0.004010245778939164,0.15019491687588876,3.3524206661964655,0.009029567055936844,-0.0025340816739269235,-0.0970432944063156,2,True,0.02486001154422355,38,6.0,80.0,38,39
0.01,1.1691887901327114,5,stay+deck,cov,32.0,600.0,1,-0.03049360328573425,-0.03224487156363176,0.0233792165249093,0.022942813450352876,0.025656098748857166,2,3.268528315904764,0.009809663254012247,-0.004489751692616856,-0.01903367459877535,3.350906626265309,0.008016884049690065,-0.002984563096363291,-0.19831159503099355,2,True,0.024889831558202073,38,6.0,80.0,38,39
0.01,1.1691887901327114,5,stay+deck,data,4.0,600.0,1,-0.03049360328573425,-0.030470298341452984,0.0233792165249093,0.022942813450352876,0.025656098748857166,2,3.271523694649239,0.011665574626261718,-0.0035774358276518836,0.16655746262617174,3.3540886812690127,0.01028835362573349,-0.002037787100010067,0.02883536257334892,2,True,0.024922975246746377,37,6.0,78.0,37,38
0.01,1.1691887901327114,5,stay+deck,data,16.0,600.0,1,-0.03049360328573425,-0.032147277288693155,0.0233792165249093,0.022942813450352876,0.025656098748857166,2,3.2686931208228307,0.010273745448851969,-0.004439556323615918,0.027374544885196833,3.3554400994659477,0.010334019118768403,-0.0016356915019126836,0.03340191187684027,2,True,0.026191193853838363,38,6.0,80.0,38,39
0.01,1.1691887901327114,5,stay+deck,data,32.0,600.0,1,-0.03049360328573425,-0.028273828359068442,0.0233792165249093,0.022942813450352876,0.025656098748857166,2,3.275227417352607,0.009900610998623893,-0.002449376483588789,-0.009938900137610764,3.3640777143620757,0.0077613280697796305,0.000934310097644449,-0.22386719302203698,2,True,0.026764938573179332,38,6.0,80.0,38,39
0.01,1.1691887901327114,6,stay,cov,4.0,600.0,2,-0.03049360328573425,,0.0233792165249093,0.022942813450352876,0.025656098748857166,0,,,,,,,,,0,False,0.0,6,12.0,22.0,6,18
0.01,1.1691887901327114,6,stay,cov,16.0,600.0,2,-0.03049360328573425,-0.02315886125932709,0.0233792165249093,0.022942813450352876,0.025656098748857166,2,3.283836165956971,0.005994946195009597,0.00017262847780128872,-0.4005053804990403,3.359328300321937,0.019329086488436543,-0.0004788116757731938,0.9329086488436543,2,True,0.022727763176169695,34,14.0,80.0,34,37
0.01,1.1691887901327114,6,stay,cov,32.0,600.0,2,-0.03049360328573425,-0.03425627555878419,0.0233792165249093,0.022942813450352876,0.025656098748857166,2,3.265129857796156,0.0019358394671866546,-0.005524835237434259,-0.8064160532813346,3.3327263503519684,0.006410204427210869,-0.008393850120564875,-0.3589795572789131,2,True,0.02049044126555327,31,20.0,80.0,31,35
0.01,1.1691887901327114,6,stay,data,4.0,600.0,2,-0.03049360328573425,-0.012813849883151929,0.0233792165249093,0.022942813450352876,0.025656098748857166,1,3.3011787270470463,0.021542114938124614,0.005454729664765596,1.1542114938124612,3.3011787270470463,0.021542114938124614,-0.01778040454917459,1.1542114938124612,1,False,0.0,3,12.0,34.0,1,18
0.01,1.1691887901327114,6,stay,data,16.0,600.0,2,-0.03049360328573425,0.02745943616053359,0.0233792165249093,0.022942813450352876,0.025656098748857166,2,3.282305862638671,0.006307979067826333,-0.00029346282970643407,-0.3692020932173667,3.3678431230022343,0.01924833618380783,0.002054654816014777,0.9248336183807832,2,True,0.025724915501368878,33,14.0,80.0,32,39
0.01,1.1691887901327114,6,stay,data,32.0,600.0,2,-0.03049360328573425,0.007428010831055376,0.0233792165249093,0.022942813450352876,0.025656098748857166,1,3.3348516709861076,0.016322634330197257,0.015710648397027308,0.6322634330197258,3.3348516709861076,0.016322634330197257,-0.0077614906677536686,0.6322634330197258,1,False,0.0,32,18.0,80.0,32,38
0.01,1.1691887901327114,6,stay2,cov,4.0,600.0,2,-0.03049360328573425,,0.0233792165249093,0.022942813450352876,0.025656098748857166,0,,,,,,,,,0,False,0.0,24,6.0,70.0,8,38
0.01,1.1691887901327114,6,stay2,cov,16.0,600.0,2,-0.03049360328573425,-0.018277344925851424,0.0233792165249093,0.022942813450352876,0.025656098748857166,2,3.2920310108181994,0.010368420454284195,0.0026685689299444718,0.036842045428419484,3.3460154290898805,0.011985524503354182,-0.004439870460232434,0.19855245033541818,2,True,0.0162651523337124,36,6.0,80.0,24,39
0.01,1.1691887901327114,6,stay2,cov,32.0,600.0,2,-0.03049360328573425,-0.032518559355702914,0.0233792165249093,0.022942813450352876,0.025656098748857166,2,3.268066102103243,0.0016276884199412029,-0.004630530211831249,-0.8372311580058797,3.337677076722518,0.009946966676184877,-0.006920830676622615,-0.005303332381512323,2,True,0.02107589494015088,38,6.0,80.0,38,39
0.01,1.1691887901327114,6,stay2,data,4.0,600.0,2,-0.03049360328573425,,0.0233792165249093,0.022942813450352876,0.025656098748857166,0,,,,,,,,,0,False,0.0,24,10.0,76.0,14,38
0.01,1.1691887901327114,6,stay2,data,16.0,600.0,2,-0.03049360328573425,-0.02168404429446824,0.0233792165249093,0.022942813450352876,0.025656098748857166,2,3.2863141690242434,0.007720018079585812,0.0009273649250283591,-0.2279981920414188,3.3569879333618537,0.01478198946213914,-0.0011751551575439928,0.47819894621391396,2,True,0.021276697415951073,38,6.0,80.0,38,39
0.01,1.1691887901327114,6,stay2,data,32.0,600.0,2,-0.03049360328573425,-0.031076701511631,0.0233792165249093,0.022942813450352876,0.025656098748857166,2,3.2705004291213178,0.0031132005034599573,-0.003889096373723507,-0.6886799496540043,3.3622659250434257,0.00942628637355426,0.0003952375060800445,-0.05737136264457408,2,True,0.027670353822877525,38,6.0,80.0,38,39
0.01,1.1691887901327114,6,stay+deck,cov,4.0,600.0,2,-0.03049360328573425,0.024846279982690067,0.0233792165249093,0.022942813450352876,0.025656098748857166,2,3.283042693888009,0.010766780219020378,-6.904284949105045e-05,0.0766780219020378,3.3635576482549614,0.011225150731352874,0.0007795716955239338,0.12251507313528735,2,True,0.024227409569504293,37,6.0,78.0,37,38
0.01,1.1691887901327114,6,stay+deck,cov,16.0,600.0,2,-0.03049360328573425,-0.02696086418211907,0.0233792165249093,0.022942813450352876,0.025656098748857166,2,3.2774393597626226,0.009070004604282322,-0.0017756753174947495,-0.09299953957176785,3.3570359841123416,0.008098298224860821,-0.001160858328257348,-0.1901701775139179,2,True,0.023994851204987504,38,6.0,80.0,38,39
0.01,1.1691887901327114,6,stay+deck,cov,32.0,600.0,2,-0.03049360328573425,-0.03646480286016873,0.0233792165249093,0.022942813450352876,0.025656098748857166,2,3.261394262267892,0.005479416953736535,-0.006662602229943392,-0.4520583046263465,3.3551307976456615,0.009732121895165136,-0.0017277199359700796,-0.026787810483486392,2,True,0.028334067967391387,39,4.0,80.0,39,39
0.01,1.1691887901327114,6,stay+deck,data,4.0,600.0,2,-0.03049360328573425,-0.023265423283897912,0.0233792165249093,0.022942813450352876,0.025656098748857166,2,3.2836570468759705,0.011315332068462672,0.00011807338034793767,0.13153320684626718,3.361316651972698,0.012494588558577529,0.00011279457020891106,0.24945885585775288,2,True,0.023373939045141175,37,6.0,78.0,37,38
0.01,1.1691887901327114,6,stay+deck,data,16.0,600.0,2,-0.03049360328573425,-0.027015889112191438,0.0233792165249093,0.022942813450352876,0.025656098748857166,2,3.2773466895839167,0.008924128759833217,-0.0018039002871746,-0.1075871240166783,3.3632163258008365,0.010653814137603848,0.0006780159693640498,0.06538141376038475,2,True,0.025862155367844065,38,6.0,80.0,38,39
0.01,1.1691887901327114,6,stay+deck,data,32.0,600.0,2,-0.03049360328573425,-0.031479483493515925,0.0233792165249093,0.022942813450352876,0.025656098748857166,2,3.269820583990352,0.011520554503024081,-0.004096159837682257,0.1520554503024081,3.3632706098841627,0.010587912641533609,0.0006941674397243863,0.05879126415336087,2,True,0.028176915758405235,38,6.0,80.0,38,39
0.01,1.1691887901327114,7,stay,cov,4.0,600.0,1,-0.03049360328573425,-0.017011388184119514,0.0233792165249093,0.022942813450352876,0.025656098748857166,1,3.2941529065232804,0.015937711031349323,0.0033148441694670224,0.5937711031349322,3.2941529065232804,0.015937711031349323,-0.019870839258456865,0.5937711031349322,1,False,0.0,3,30.0,38.0,2,18
0.01,1.1691887901327114,7,stay,cov,16.0,600.0,1,-0.03049360328573425,-0.027834174586788274,0.0233792165249093,0.022942813450352876,0.025656098748857166,2,3.275968265593186,0.006257534931400015,-0.0022237330304333875,-0.37424650685999855,3.35132032768804,0.016919730964638457,-0.0028614720196084857,0.6919730964638456,2,True,0.022739936863847,36,10.0,80.0,36,39
0.01,1.1691887901327114,7,stay,cov,32.0,600.0,1,-0.03049360328573425,-0.024891540623091735,0.0233792165249093,0.022942813450352876,0.025656098748857166,2,3.280922508725414,0.007525215969397044,-0.0007147971014587395,-0.24747840306029567,3.3558815980155035,0.012796034289244862,-0.0015043297785428302,0.2796034289244862,2,True,0.02258891119415573,29,24.0,80.0,29,36
0.01,1.1691887901327114,7,stay,data,4.0,600.0,1,-0.03049360328573425,-0.015473897489531652,0.0233792165249093,0.022942813450352876,0.025656098748857166,1,3.296728089233048,0.01614076213233645,0.004099179053874446,0.614076213233645,3.296728089233048,0.01614076213233645,-0.019104629631975234,0.614076213233645,1,False,0.0,4,28.0,34.0,4,18
0.01,1.1691887901327114,7,stay,data,16.0,600.0,1,-0.03049360328573425,-0.027975485098517217,0.0233792165249093,0.022942813450352876,0.025656098748857166,2,3.275730165485389,0.006096670139842161,-0.002296252242300479,-0.3903329860157839,3.356314076479031,0.016812394788380987,-0.0013756518557127904,0.6812394788380987,2,True,0.02430137919881326,35,12.0,80.0,35,39
0.01,1.1691887901327114,7,stay,data,32.0,600.0,1,-0.03049360328573425,-0.02638929571038795,0.0233792165249093,0.022942813450352876,0.025656098748857166,2,3.2784018112838473,0.0071263557398462156,-0.0014825371647010327,-0.2873644260153785,3.358499483651162,0.014994465662383473,-0.0007254144932462123,0.49944656623834727,2,True,0.02413706903504549,33,16.0,80.0,33,39
0.01,1.1691887901327114,7,stay2,cov,4.0,600.0,1,-0.03049360328573425,-0.016276240965156896,0.0233792165249093,0.022942813450352876,0.025656098748857166,2,3.295384474575879,0.009712926795580949,0.0036899483446041405,-0.028707320441905167,3.3621361599280934,0.012285313193748013,0.00035662770951223405,0.2285313193748013,2,True,0.020053016435656292,36,6.0,78.0,29,38
0.01,1.1691887901327114,7,stay2,cov,16.0,600.0,1,-0.03049360328573425,-0.023636792430486997,0.0233792165249093,0.022942813450352876,0.025656098748857166,2,3.283032739679574,0.009107605099074632,-7.20746471543811e-05,-0.08923949009253684,3.343552587312602,0.011355797164534406,-0.00517265461224403,0.13557971645344058,2,True,0.018265771780380316,37,6.0,80.0,24,39
0.01,1.1691887901327114,7,stay2,cov,32.0,600.0,1,-0.03049360328573425,-0.02707518612154103,0.0233792165249093,0.022942813450352876,0.025656098748857166,2,3.277246821653855,0.009052068988074974,-0.0018343175080901598,-0.0947931011925026,3.366415350660906,0.01006695635334176,0.0016298411093210443,0.0066956353341760325,2,True,0.02684318578949754,38,6.0,80.0,38,39
0.01,1.1691887901327114,7,stay2,data,4.0,600.0,1,-0.03049360328573425,-0.014521341600558957,0.0233792165249093,0.022942813450352876,0.025656098748857166,1,3.2983225408830235,0.010048395999740823,0.004584808304891616,0.00483959997408228,3.2983225408830235,0.010048395999740823,-0.01863022282637772,0.00483959997408228,1,False,0.0,33,14.0,78.0,33,38
0.01,1.1691887901327114,7,stay2,data,16.0,600.0,1,-0.03049360328573425,-0.028724273944631395,0.0233792165249093,0.022942813450352876,0.025656098748857166,1,3.274468210291257,0.008551817848345522,-0.002680611564675074,-0.14481821516544782,3.274468210291257,0.008551817848345522,-0.02572774552383971,-0.14481821516544782,1,False,0.0,37,6.0,78.0,37,39
0.01,1.1691887901327114,7,stay2,data,32.0,600.0,1,-0.03049360328573425,-0.03050252709312351,0.0233792165249093,0.022942813450352876,0.025656098748857166,2,3.2714693188004134,0.0015612596612627726,-0.003593997322469942,-0.8438740338737227,3.3509680608139876,0.009946242947478258,-0.0029662841049668937,-0.005375705252174193,2,True,0.02400890713086761,38,6.0,80.0,38,39
0.01,1.1691887901327114,7,stay+deck,cov,4.0,600.0,1,-0.03049360328573425,-0.021834594221803227,0.0233792165249093,0.022942813450352876,0.025656098748857166,2,3.2860612990838276,0.008459635802504497,0.0008503471993602343,-0.15403641974955032,3.3581564126503434,0.010099683322879558,-0.0008274904750384255,0.009968332287955788,2,True,0.02170161084251967,37,6.0,78.0,37,38
0.01,1.1691887901327114,7,stay+deck,cov,16.0,600.0,1,-0.03049360328573425,-0.025239893962173743,0.0233792165249093,0.022942813450352876,0.025656098748857166,2,3.2803364085873827,0.009637299302564222,-0.0008933082347738316,-0.036270069743577805,3.3533746684537222,0.010322481523288303,-0.0022502316346956117,0.03224815232883028,2,True,0.022020331913194333,38,6.0,80.0,38,39
0.01,1.1691887901327114,7,stay+deck,cov,32.0,600.0,1,-0.03049360328573425,-0.024802524114899582,0.0233792165249093,0.022942813450352876,0.025656098748857166,2,3.2810722610927034,0.008646554544014468,-0.0006691863549893348,-0.13534454559855322,3.3510735433212253,0.00921276900905517,-0.0029348992590822022,-0.07872309909448295,2,True,0.021109693391219934,37,8.0,80.0,37,39
0.01,1.1691887901327114,7,stay+deck,data,4.0,600.0,1,-0.03049360328573425,-0.022039096246847634,0.0233792165249093,0.022942813450352876,0.025656098748857166,2,3.2857177777768225,0.00857948492777437,0.0007457193826234343,-0.14205150722256307,3.3568446451029343,0.010454817739061324,-0.0012177885764969151,0.0454817739061324,2,True,0.021415490829599503,37,6.0,78.0,37,38
0.01,1.1691887901327114,7,stay+deck,data,16.0,600.0,1,-0.03049360328573425,-0.022426797246279273,0.0233792165249093,0.022942813450352876,0.025656098748857166,2,3.2850664212963636,0.008940281035754873,0.0005473328340220475,-0.10597189642451275,3.354930196863216,0.009330515154045906,-0.0017874058953416387,-0.06694848459540946,2,True,0.02104331661127158,38,6.0,80.0,38,39
0.01,1.1691887901327114,7,stay+deck,data,32.0,600.0,1,-0.03049360328573425,-0.02169521769345406,0.0233792165249093,0.022942813450352876,0.025656098748857166,2,3.2862954023854942,0.005809245309319034,0.0009216490861567099,-0.4190754690680966,3.3608102647602984,0.006962824837060906,-3.78738679551499e-05,-0.3037175162939094,2,True,0.022420243067025055,38,6.0,80.0,38,39
0.01,1.1691887901327114,8,stay,cov,4.0,600.0,1,-0.008666750931549339,-0.007545787899792544,0.0233792165249093,0.022942813450352876,0.025656098748857166,1,3.3099752820743236,0.01851775045490515,0.008133935666084974,0.8517750454905151,3.3099752820743236,0.01851775045490515,-0.015163112534821294,0.8517750454905151,1,False,0.0,0,,,0,18
0.01,1.1691887901327114,8,stay,cov,16.0,600.0,1,-0.008666750931549339,-0.01134079650437192,0.0233792165249093,0.022942813450352876,0.025656098748857166,1,3.3036407752580144,0.018483649415150946,0.006204606670242023,0.8483649415150946,3.3036407752580144,0.018483649415150946,-0.017047856511728382,0.8483649415150946,1,False,0.0,29,24.0,80.0,29,38
0.01,1.1691887901327114,8,stay,cov,32.0,600.0,1,-0.008666750931549339,-0.008637376989314549,0.0233792165249093,0.022942813450352876,0.025656098748857166,2,3.3081544792009394,0.016505651972356296,0.007579365613324179,0.6505651972356296,3.372813592259571,0.003185276629870886,0.0035335484800088825,-0.6814723370129114,2,True,0.01935621076677189,28,20.0,80.0,19,36
0.01,1.1691887901327114,8,stay,data,4.0,600.0,1,-0.008666750931549339,-0.003432144819349836,0.0233792165249093,0.022942813450352876,0.025656098748857166,1,3.3168279794327535,0.01875587361192523,0.010221092266708635,0.8755873611925228,3.3168279794327535,0.01875587361192523,-0.013124188203946039,0.8755873611925228,0,False,0.0,3,16.0,20.0,3,18
0.01,1.1691887901327114,8,stay,data,16.0,600.0,1,-0.008666750931549339,-0.012410892718893618,0.0233792165249093,0.022942813450352876,0.025656098748857166,1,3.301852408449423,0.01664830243231015,0.005659915814414852,0.6648302432310149,3.301852408449423,0.01664830243231015,-0.017579960062760167,0.6648302432310149,1,False,0.0,34,12.0,80.0,29,39
0.01,1.1691887901327114,8,stay,data,32.0,600.0,1,-0.008666750931549339,-0.008776893751981762,0.0233792165249093,0.022942813450352876,0.025656098748857166,2,3.3079216888816987,0.015351376598351035,0.00750846362744166,0.5351376598351035,3.369403934234705,0.00381356459787741,0.002519052385516765,-0.618643540212259,2,True,0.01841523053485941,35,10.0,80.0,31,39
0.01,1.1691887901327114,8,stay2,cov,4.0,600.0,1,-0.008666750931549339,,0.0233792165249093,0.022942813450352876,0.025656098748857166,0,,,,,,,,,0,False,0.0,31,6.0,76.0,18,38
0.01,1.1691887901327114,8,stay2,cov,16.0,600.0,1,-0.008666750931549339,-0.017726753758812386,0.0233792165249093,0.022942813450352876,0.025656098748857166,2,3.292954035828225,0.011771104430982095,0.002949698774362047,0.17711044309820945,3.366095603149631,0.005020502958850669,0.0015347047058910754,-0.49794970411493317,2,True,0.021967569334002734,38,6.0,80.0,38,39
0.01,1.1691887901327114,8,stay2,cov,32.0,600.0,1,-0.008666750931549339,-0.011161693639755943,0.0233792165249093,0.022942813450352876,0.025656098748857166,2,3.3039400010830158,0.016890359903605066,0.0062957432144468365,0.6890359903605066,3.3748678474120113,0.004265013568559666,0.004144763391898116,-0.5734986431440334,2,True,0.02123967268948397,37,8.0,80.0,37,39
0.01,1.1691887901327114,8,stay2,data,4.0,600.0,1,-0.008666750931549339,,0.0233792165249093,0.022942813450352876,0.025656098748857166,0,,,,,,,,,0,False,0.0,28,10.0,78.0,10,38
0.01,1.1691887901327114,8,stay2,data,16.0,600.0,1,-0.008666750931549339,-0.016779698612536365,0.0233792165249093,0.022942813450352876,0.025656098748857166,1,3.294541098155992,0.016239087045867837,0.003433077426554328,0.6239087045867836,3.294541098155992,0.016239087045867837,-0.019755338263216786,0.6239087045867836,1,False,0.0,38,6.0,80.0,38,39
0.01,1.1691887901327114,8,stay2,data,32.0,600.0,1,-0.008666750931549339,-0.0039775248185220935,0.0233792165249093,0.022942813450352876,0.025656098748857166,2,3.315920274459522,0.01706394999639932,0.009944628514231868,0.7063949996399319,3.381823106027002,0.0020369767378502026,0.006214203391344342,-0.7963023262149798,2,True,0.019679115135848316,24,10.0,80.0,11,39
0.01,1.1691887901327114,8,stay+deck,cov,4.0,600.0,1,-0.008666750931549339,-0.017358373611892075,0.0233792165249093,0.022942813450352876,0.025656098748857166,2,3.2935714532243856,0.010725443640558132,0.003137748344674791,0.07254436405581317,3.356728315568409,0.011991923077116813,-0.0012524008037611324,0.19919230771168125,2,True,0.018993688868099896,37,6.0,78.0,37,38
0.01,1.1691887901327114,8,stay+deck,cov,16.0,600.0,1,-0.008666750931549339,-0.002009851662738482,0.0233792165249093,0.022942813450352876,0.025656098748857166,3,3.2729457365451444,0.013529552022893953,-0.003144318184458316,0.35295520228939525,3.3731750258101094,0.00793348963495782,0.00364108798184911,-0.20665103650421793,2,True,0.030173444057498985,38,6.0,80.0,38,39
0.01,1.1691887901327114,8,stay+deck,cov,32.0,600.0,1,-0.008666750931549339,-0.020650697406158436,0.0233792165249093,0.022942813450352876,0.025656098748857166,2,3.2880492967419106,0.008104029583799873,0.0014558405134620187,-0.18959704162001267,3.366294591096651,0.010433032473717175,0.0015939107886215008,0.04330324737171747,2,True,0.023517057631404083,37,8.0,80.0,37,39
0.01,1.1691887901327114,8,stay+deck,data,4.0,600.0,1,-0.008666750931549339,-0.015871119819491963,0.0233792165249093,0.022942813450352876,0.025656098748857166,2,3.2960629640910546,0.010851030806143155,0.003896598922614976,0.08510308061431548,3.357145485028761,0.012894136463648318,-0.0011282778608788509,0.2894136463648318,2,True,0.018361823894391133,37,6.0,78.0,37,38
0.01,1.1691887901327114,8,stay+deck,data,16.0,600.0,1,-0.008666750931549339,-0.023223810666550215,0.0233792165249093,0.022942813450352876,0.025656098748857166,2,3.2837269942865146,0.013102626165781882,0.0001393775751748237,0.3102626165781882,3.363422742235268,0.007618983762274127,0.0007394322947088105,-0.23810162377258734,2,True,0.023978923631245045,38,6.0,80.0,38,39
0.01,1.1691887901327114,8,stay+deck,data,32.0,600.0,1,-0.008666750931549339,-0.025476894399818595,0.0233792165249093,0.022942813450352876,0.025656098748857166,2,3.279937598448558,0.00875925363064589,-0.0010147756176313884,-0.12407463693541107,3.366225498886461,0.008169961374929232,0.0015733533670600347,-0.18300386250707684,2,True,0.02596623019152288,37,8.0,80.0,37,39
0.01,1.1691887901327114,9,stay,cov,4.0,600.0,2,-0.0232449825595763,-0.004911584403383684,0.0233792165249093,0.022942813450352876,0.025656098748857166,1,3.3143650918812417,0.0168923129597196,0.00947095961953896,0.6892312959719599,3.3143650918812417,0.0168923129597196,-0.013856985975441046,0.6892312959719599,1,False,0.0,0,,,0,18
0.01,1.1691887901327114,9,stay,cov,16.0,600.0,2,-0.0232449825595763,-0.020155152948351462,0.0233792165249093,0.022942813450352876,0.025656098748857166,2,3.288881057453099,0.011649869901843296,0.001709173583302166,0.1649869901843296,3.3561674056445527,0.0054703011537750625,-0.0014192917127509,-0.45296988462249377,2,True,0.02025157485761585,37,8.0,80.0,37,39
0.01,1.1691887901327114,9,stay,cov,32.0,600.0,2,-0.0232449825595763,0.019404901028691635,0.0233792165249093,0.022942813450352876,0.025656098748857166,2,3.2900948962790584,0.012190313119037085,0.002078877888801309,0.2190313119037085,3.3546164290630927,0.004705528526343694,-0.0018807631192863867,-0.5294471473656306,2,True,0.019420417118184416,35,12.0,80.0,35,37
0.01,1.1691887901327114,9,stay,data,4.0,600.0,2,-0.0232449825595763,-0.003769960766397351,0.0233792165249093,0.022942813450352876,0.025656098748857166,1,3.3162657636488415,0.016945066481788673,0.010049855697662832,0.6945066481788673,3.3162657636488415,0.016945066481788673,-0.01329146765334565,0.6945066481788673,0,False,0.0,0,,,0,18
0.01,1.1691887901327114,9,stay,data,16.0,600.0,2,-0.0232449825595763,-0.021608722741185526,0.0233792165249093,0.022942813450352876,0.025656098748857166,2,3.2864406749460384,0.010452436486736398,0.000965895397903766,0.04524364867363982,3.3553855915033393,0.004829471664633876,-0.0016519095844246782,-0.5170528335366125,2,True,0.02076083107008391,37,8.0,80.0,37,39
0.01,1.1691887901327114,9,stay,data,32.0,600.0,2,-0.0232449825595763,0.01971996212425453,0.0233792165249093,0.022942813450352876,0.025656098748857166,2,3.2934764778169887,0.01062482541944538,0.0031088212612101337,0.06248254194453802,3.3551347841719465,0.005123071191253016,-0.0017265338007866353,-0.4876928808746984,2,True,0.018547724908348072,36,10.0,80.0,36,39
0.01,1.1691887901327114,9,stay2,cov,4.0,600.0,2,-0.0232449825595763,-0.012597544139377304,0.0233792165249093,0.022942813450352876,0.025656098748857166,1,3.3015403735353193,0.014167737485591156,0.005564877948807756,0.41677374855911553,3.3015403735353193,0.014167737485591156,-0.0176728016906873,0.41677374855911553,1,False,0.0,20,24.0,76.0,11,38
0.01,1.1691887901327114,9,stay2,cov,16.0,600.0,2,-0.0232449825595763,-0.01966250296379335,0.0233792165249093,0.022942813450352876,0.025656098748857166,3,3.2897077513920703,0.012383250823172811,0.001960963443727954,0.2383250823172811,3.3586770722566746,0.005130911647174405,-0.0006725754855202238,-0.48690883528255946,2,True,0.1262444301102311,38,6.0,80.0,38,39
0.01,1.1691887901327114,9,stay2,cov,32.0,600.0,2,-0.0232449825595763,0.020114981053002134,0.0233792165249093,0.022942813450352876,0.025656098748857166,2,3.2978678624030753,0.012853209155709141,0.0044463248521796755,0.28532091557091405,3.3557845769923604,0.004620327909079857,-0.0015331970280864514,-0.5379672090920143,2,True,0.01740899907736918,39,4.0,80.0,39,39
0.01,1.1691887901327114,9,stay2,data,4.0,600.0,2,-0.0232449825595763,,0.0233792165249093,0.022942813450352876,0.025656098748857166,0,,,,,,,,,0,False,0.0,21,24.0,78.0,18,38
0.01,1.1691887901327114,9,stay2,data,16.0,600.0,2,-0.0232449825595763,-0.020672528629299358,0.0233792165249093,0.022942813450352876,0.025656098748857166,2,3.2880126486645884,0.012674126600343305,0.001444678445084805,0.2674126600343305,3.3586345389794454,0.004067495796144353,-0.0006852306677467777,-0.5932504203855647,2,True,0.021250380325930792,38,6.0,80.0,38,39
0.01,1.1691887901327114,9,stay2,data,32.0,600.0,2,-0.0232449825595763,0.01992677457932701,0.0233792165249093,0.022942813450352876,0.025656098748857166,2,3.2998320007466266,0.010257315665399053,0.0050445512284310965,0.025731566539905285,3.355474999382493,0.004934378838773851,-0.001625307519479564,-0.5065621161226149,2,True,0.01672139200634521,38,6.0,80.0,38,39
0.01,1.1691887901327114,9,stay+deck,cov,4.0,600.0,2,-0.0232449825595763,-0.023501661747335256,0.0233792165249093,0.022942813450352876,0.025656098748857166,2,3.2832599210729456,0.008786311866741215,-2.8809968421889813e-06,-0.12136881332587851,3.364226937430173,0.007540058237280234,0.0009787093361278351,-0.2459941762719766,2,True,0.024360188468416026,37,6.0,78.0,37,38
0.01,1.1691887901327114,9,stay+deck,cov,16.0,600.0,2,-0.0232449825595763,-0.023188218786307613,0.0233792165249093,0.022942813450352876,0.025656098748857166,2,3.2837868201476272,0.012023541978466366,0.00015759900454462254,0.20235419784663655,3.3575466692860343,0.005594795091402597,-0.0010089110917755918,-0.4405204908597403,2,True,0.02221236119395562,39,4.0,80.0,39,39
0.01,1.1691887901327114,9,stay+deck,cov,32.0,600.0,2,-0.0232449825595763,-0.02216062932951368,0.0233792165249093,0.022942813450352876,0.025656098748857166,2,3.285513610199308,0.00916841989554321,0.0006835351528589634,-0.08315801044567905,3.3600892085642196,0.004354693338679913,-0.00025241406216130514,-0.5645306661320088,2,True,0.022443591769989987,39,4.0,80.0,39,39
0.01,1.1691887901327114,9,stay+deck,data,4.0,600.0,2,-0.0232449825595763,-0.022834124899561048,0.0233792165249093,0.022942813450352876,0.025656098748857166,2,3.2843819519345474,0.008780724368525354,0.0003388609474470546,-0.12192756314746457,3.3648496003019477,0.0074102420038671,0.001163973971758114,-0.25897579961329,2,True,0.02420359337323263,37,6.0,78.0,37,38
0.01,1.1691887901327114,9,stay+deck,data,16.0,600.0,2,-0.0232449825595763,-0.020980500510583422,0.0233792165249093,0.022942813450352876,0.025656098748857166,2,3.287495612691826,0.009726322466437412,0.0012872024926434713,-0.027367753356258816,3.3593418741215686,0.006202239455661293,-0.0004747729813900467,-0.37977605443387075,2,True,0.021618179042974285,38,6.0,80.0,38,39
0.01,1.1691887901327114,9,stay+deck,data,32.0,600.0,2,-0.0232449825595763,-0.024871432290093698,0.0233792165249093,0.022942813450352876,0.025656098748857166,2,3.2809563375480404,0.00824984053266623,-0.0007044937060594279,-0.175015946733377,3.3646225920652775,0.006187718091600914,0.001096430843432653,-0.38122819083990855,2,True,0.025179523229921313,38,6.0,80.0,38,39
0.01,1.1691887901327114,10,stay,cov,4.0,600.0,1,-0.037715227286654884,-0.028538663585468527,0.0233792165249093,0.022942813450352876,0.025656098748857166,1,3.274781070054276,0.02002269344048669,-0.002585322471154613,1.002269344048669,3.274781070054276,0.02002269344048669,-0.02563465847364527,1.002269344048669,1,False,0.0,1,38.0,38.0,1,18
0.01,1.1691887901327114,10,stay,cov,16.0,600.0,1,-0.037715227286654884,0.028386249877692116,0.0233792165249093,0.022942813450352876,0.025656098748857166,1,3.369361752112685,0.008620184093251965,0.02622153773650584,-0.13798159067480356,3.369361752112685,0.008620184093251965,0.002506501684615275,-0.13798159067480356,1,False,0.0,29,12.0,78.0,23,38
0.01,1.1691887901327114,10,stay,cov,32.0,600.0,1,-0.037715227286654884,-0.029576132271133093,0.0233792165249093,0.022942813450352876,0.025656098748857166,3,3.2730319575305398,0.0023435868246626766,-0.0031180574743513976,-0.7656413175337323,3.357437463156003,0.001357360317695705,-0.0010414038495839958,-0.8642639682304295,2,True,0.025461454743969,33,16.0,80.0,33,35
0.01,1.1691887901327114,10,stay,data,4.0,600.0,1,-0.037715227286654884,-0.03593912926694187,0.0233792165249093,0.022942813450352876,0.025656098748857166,1,3.2622837964932208,0.01994469677221367,-0.006391672823205227,0.9944696772213669,3.2622837964932208,0.01994469677221367,-0.029353047569275457,0.9944696772213669,1,False,0.0,2,16.0,32.0,1,18
0.01,1.1691887901327114,10,stay,data,16.0,600.0,1,-0.037715227286654884,0.02550606950065948,0.0233792165249093,0.022942813450352876,0.025656098748857166,2,3.279874655997555,0.011748435072114882,-0.0010339462806855865,0.17484350721148814,3.3646401925616107,0.013939764479479252,0.001101667625145363,0.39397644794792513,2,True,0.025514439653163506,35,12.0,80.0,35,39
0.01,1.1691887901327114,10,stay,data,32.0,600.0,1,-0.037715227286654884,-0.03005730131026796,0.0233792165249093,0.022942813450352876,0.025656098748857166,3,3.2722204168405504,0.003892772878281883,-0.003365232042144365,-0.6107227121718117,3.3594625089209247,0.0017535778630964334,-0.00043887978274253787,-0.8246422136903566,2,True,0.026299349157075574,36,10.0,80.0,36,39
0.01,1.1691887901327114,10,stay2,cov,4.0,600.0,1,-0.037715227286654884,0.03135884829463387,0.0233792165249093,0.022942813450352876,0.025656098748857166,2,3.2734910579278536,0.015705204117970734,-0.00297822721854364,0.5705204117970734,3.3742278868448334,0.012284282136216466,0.003954352068740163,0.22842821362164656,2,True,0.030307186496261986,37,6.0,78.0,37,38
0.01,1.1691887901327114,10,stay2,cov,16.0,600.0,1,-0.037715227286654884,0.030723657199770438,0.0233792165249093,0.022942813450352876,0.025656098748857166,3,3.2666784147038532,0.013259372155289082,-0.005053184352784293,0.3259372155289082,3.3731886706638825,0.015243008138495967,0.003645147817399116,0.5243008138495967,2,True,0.12091499387177657,38,6.0,80.0,38,39
0.01,1.1691887901327114,10,stay2,cov,32.0,600.0,1,-0.037715227286654884,-0.030983102023850018,0.0233792165249093,0.022942813450352876,0.025656098748857166,3,3.27065839300398,0.0029804765227772812,-0.00384098460938983,-0.7019523477222719,3.329418329917797,0.014856060044360688,-0.009378105370355999,0.48560600443606877,2,True,0.051667991229441136,38,6.0,80.0,38,39
0.01,1.1691887901327114,10,stay2,data,4.0,600.0,1,-0.037715227286654884,0.030379976038137135,0.0233792165249093,0.022942813450352876,0.025656098748857166,2,3.27193988883756,0.014960368892014698,-0.0034506737072984026,0.49603688920146977,3.3726262512184833,0.011799580573090907,0.0034778077713701993,0.17995805730909065,2,True,0.0303063767471427,34,10.0,78.0,30,38
0.01,1.1691887901327114,10,stay2,data,16.0,600.0,1,-0.037715227286654884,0.02965514693668969,0.0233792165249093,0.022942813450352876,0.025656098748857166,2,3.2770912747221983,0.013688529535345634,-0.0018816931308753666,0.3688529535345633,3.3714397919618047,0.016940332831584793,0.003124793400604466,0.6940332831584792,2,True,0.02838176321755936,36,6.0,80.0,27,39
0.01,1.1691887901327114,10,stay2,data,32.0,600.0,1,-0.037715227286654884,-0.03201127089933886,0.0233792165249093,0.022942813450352876,0.025656098748857166,2,3.268922777423471,0.0027933074719990367,-0.004369608788385407,-0.7206692528000963,3.346474745076403,0.013502671432606939,-0.004303207407496183,0.35026714326069386,2,True,0.023445897964307443,36,10.0,80.0,36,39
0.01,1.1691887901327114,10,stay+deck,cov,4.0,600.0,1,-0.037715227286654884,-0.026728981949237007,0.0233792165249093,0.022942813450352876,0.025656098748857166,2,3.2778298551996117,0.01449233817640927,-0.001656740380462603,0.4492338176409269,3.350111016500493,0.011667125092618226,-0.0032212856630428003,0.16671250926182257,2,True,0.021811045904017192,37,6.0,78.0,37,38
0.01,1.1691887901327114,10,stay+deck,cov,16.0,600.0,1,-0.037715227286654884,-0.028617387619304435,0.0233792165249093,0.022942813450352876,0.025656098748857166,2,3.2746483786185965,0.013164780710971356,-0.00262573689358409,0.31647807109713555,3.353929645992239,0.009144672293897095,-0.0020851058240570473,-0.08553277061029048,2,True,0.023921048248744824,38,6.0,80.0,38,39
0.01,1.1691887901327114,10,stay+deck,cov,32.0,600.0,1,-0.037715227286654884,0.025092184762111502,0.0233792165249093,0.022942813450352876,0.025656098748857166,3,3.265177286013928,0.005885265736723937,-0.005510389813595803,-0.4114734263276063,3.363961155253302,0.00312213888190365,0.0008996295637709467,-0.687786111809635,2,True,0.02978840809476785,37,8.0,80.0,37,39
0.01,1.1691887901327114,10,stay+deck,data,4.0,600.0,1,-0.037715227286654884,0.017719807226738604,0.0233792165249093,0.022942813450352876,0.025656098748857166,2,3.2779059927630914,0.013619611035581396,-0.001633550823145215,0.36196110355813954,3.3518426630446116,0.010847590705347947,-0.0027060584340252887,0.08475907053479471,2,True,0.022304516843712104,37,6.0,78.0,37,38
0.01,1.1691887901327114,10,stay+deck,data,16.0,600.0,1,-0.037715227286654884,0.021570641900190646,0.0233792165249093,0.022942813450352876,0.025656098748857166,2,3.281119066850291,0.012024803236500924,-0.000654930516625799,0.20248032365009233,3.3581780046561795,0.009802862394446995,-0.0008210660754554453,-0.01971376055530053,2,True,0.02321298082491246,38,6.0,80.0,38,39
0.01,1.1691887901327114,10,stay+deck,data,32.0,600.0,1,-0.037715227286654884,0.02786933266366831,0.0233792165249093,0.022942813450352876,0.025656098748857166,3,3.2698981049526172,0.009991310685458435,-0.004072548932426102,-0.0008689314541565629,3.3685148426909137,0.005611802509408823,0.0022545156219340072,-0.4388197490591177,2,True,0.029700566622430265,38,6.0,80.0,38,39
0.01,1.1691887901327114,11,stay,cov,4.0,600.0,1,0.035715865358221466,0.008851617484154195,0.0233792165249093,0.022942813450352876,0.025656098748857166,1,3.337207095377657,0.020191626654349183,0.016428050510232405,1.0191626654349182,3.337207095377657,0.020191626654349183,-0.00706066705768142,1.0191626654349182,1,False,0.0,5,12.0,20.0,5,18
0.01,1.1691887901327114,11,stay,cov,16.0,600.0,1,0.035715865358221466,0.03332081001697884,0.0233792165249093,0.022942813450352876,0.025656098748857166,2,3.282658530716228,0.010974003091317233,-0.00018604914026393863,0.09740030913172326,3.3774357715636407,0.0053444114521089565,0.004908813335845885,-0.46555885478910436,2,True,0.02846123089127097,36,10.0,80.0,36,37
0.01,1.1691887901327114,11,stay,cov,32.0,600.0,1,0.035715865358221466,0.03232148262710388,0.0233792165249093,0.022942813450352876,0.025656098748857166,2,3.287613145902308,0.011605018864681743,0.00132300010681186,0.16050188646817426,3.375802212813647,0.0034851742221065673,0.004422770759169235,-0.6514825777893433,2,True,0.026469629210787507,34,14.0,80.0,34,36
0.01,1.1691887901327114,11,stay,data,4.0,600.0,1,0.035715865358221466,0.004083868408313096,0.0233792165249093,0.022942813450352876,0.025656098748857166,1,3.329312074545578,0.018459747245496906,0.014023428799999654,0.8459747245496906,3.329312074545578,0.018459747245496906,-0.009409720171414912,0.8459747245496906,1,False,0.0,4,14.0,22.0,2,18
0.01,1.1691887901327114,11,stay,data,16.0,600.0,1,0.035715865358221466,0.03265297477457452,0.0233792165249093,0.022942813450352876,0.025656098748857166,2,3.288246323032545,0.009254382632063655,0.0015158496896280206,-0.07456173679363451,3.3763441767864024,0.006888890305834778,0.004584024565183254,-0.3111109694165223,2,True,0.02643758945317062,36,10.0,80.0,36,39
0.01,1.1691887901327114,11,stay,data,32.0,600.0,1,0.035715865358221466,0.031639141342820976,0.0233792165249093,0.022942813450352876,0.025656098748857166,2,3.2932265650169508,0.010942362135057553,0.003032704204977106,0.09423621350575523,3.3746863637230162,0.004939932591527722,0.00409076545651668,-0.5060067408472279,2,True,0.02443337205408256,35,12.0,80.0,35,38
0.01,1.1691887901327114,11,stay2,cov,4.0,600.0,1,0.035715865358221466,0.030814657830657843,0.0233792165249093,0.022942813450352876,0.025656098748857166,1,3.373337573582724,0.013326223854942075,0.02743247141561899,0.33262238549420753,3.373337573582724,0.013326223854942075,0.003689451799945545,0.33262238549420753,1,False,0.0,34,6.0,78.0,26,38
0.01,1.1691887901327114,11,stay2,cov,16.0,600.0,1,0.035715865358221466,0.03508964891383681,0.0233792165249093,0.022942813450352876,0.025656098748857166,2,3.2823720936128233,0.010340315473244545,-0.0002732905664884561,0.0340315473244545,3.3803252833487427,0.006095029520626657,0.005768547185867398,-0.3904970479373343,2,True,0.02940346355055064,38,6.0,80.0,38,39
0.01,1.1691887901327114,11,stay2,cov,32.0,600.0,1,0.035715865358221466,0.03691718352446949,0.0233792165249093,0.022942813450352876,0.025656098748857166,3,3.2799040090138987,0.010942511481772641,-0.001025006101569877,0.09425114817726409,3.383308086370258,0.008310046952626292,0.006656038539515796,-0.16899530473737084,2,True,0.0698264502486841,38,6.0,80.0,38,39
0.01,1.1691887901327114,11,stay2,data,4.0,600.0,1,0.035715865358221466,0.03207005435892296,0.0233792165249093,0.022942813450352876,0.025656098748857166,2,3.286804649582691,0.016225179486990704,0.001076752776482451,0.6225179486990704,3.375391089047655,0.013458945586357294,0.004300446628153784,0.3458945586357294,2,True,0.026593766662033374,34,10.0,78.0,24,38
0.01,1.1691887901327114,11,stay2,data,16.0,600.0,1,0.035715865358221466,0.032947146919289905,0.0233792165249093,0.022942813450352876,0.025656098748857166,2,3.2885303241745785,0.010798737087637587,0.0016023491842321836,0.07987370876375871,3.3768250526018724,0.0060847834918876945,0.004727102443718928,-0.3915216508112306,2,True,0.02649362965249594,38,6.0,80.0,38,39
0.01,1.1691887901327114,11,stay2,data,32.0,600.0,1,0.035715865358221466,0.026385307883388887,0.0233792165249093,0.022942813450352876,0.025656098748857166,1,3.3660822547136386,0.0046388926418906,0.025222686585618867,-0.53611073581094,3.3660822547136386,0.0046388926418906,0.0015307330653091594,-0.53611073581094,1,False,0.0,35,6.0,80.0,28,39
0.01,1.1691887901327114,11,stay+deck,cov,4.0,600.0,1,0.035715865358221466,0.029418432947811546,0.0233792165249093,0.022942813450352876,0.025656098748857166,2,3.288995016024252,0.008820577455734144,0.0017438824536255987,-0.11794225442658557,3.371052228787259,0.010461745668942042,0.0030094793943088076,0.04617456689420419,2,True,0.02464163083135287,37,6.0,78.0,37,38
0.01,1.1691887901327114,11,stay+deck,cov,16.0,600.0,1,0.035715865358221466,0.03264869511517965,0.0233792165249093,0.022942813450352876,0.025656098748857166,3,3.2807677771380233,0.009240736038189961,-0.0007619243912040782,-0.07592639618100391,3.3763371804292523,0.005360954773785961,0.004581942896889057,-0.4639045226214039,2,True,0.028706432413233708,38,6.0,80.0,38,39
0.01,1.1691887901327114,11,stay+deck,cov,32.0,600.0,1,0.035715865358221466,0.03432604975136444,0.0233792165249093,0.022942813450352876,0.025656098748857166,2,3.285820960666153,0.0074473968286866395,0.0007771462554697472,-0.25526031713133607,3.3790781982376235,0.009650452287570967,0.005397494439374023,-0.03495477124290328,2,True,0.0279845907186416,39,4.0,80.0,39,39
0.01,1.1691887901327114,11,stay+deck,data,4.0,600.0,1,0.035715865358221466,0.02921048726913611,0.0233792165249093,0.022942813450352876,0.025656098748857166,2,3.288899877576738,0.008495434681344777,0.001714905712305284,-0.1504565318655223,3.370711730149618,0.010460598042572143,0.0029081687832306765,0.04605980425721433,2,True,0.024569556722486143,37,6.0,78.0,37,38
0.01,1.1691887901327114,11,stay+deck,data,16.0,600.0,1,0.035715865358221466,0.03325811623608632,0.0233792165249093,0.022942813450352876,0.025656098748857166,2,3.2837850286902874,0.008083300377678345,0.00015705337239191818,-0.1916699622321655,3.3773333118879867,0.005484896636913707,0.004878327891254114,-0.4515103363086293,2,True,0.028087861051145357,38,6.0,80.0,38,39
0.01,1.1691887901327114,11,stay+deck,data,32.0,600.0,1,0.035715865358221466,0.029670745031697754,0.0233792165249093,0.022942813450352876,0.025656098748857166,2,3.2882239949253442,0.007279849908414009,0.0015090491184242556,-0.27201500915859916,3.37146532858889,0.00897386288445094,0.0031323914671130956,-0.10261371155490598,2,True,0.024998563632581107,38,6.0,80.0,38,39
0.02,0.5845943950663557,0,stay,cov,4.0,600.0,1,0.0208136730273496,-0.0029038075216537562,0.0233792165249093,0.022942813450352876,0.01881412500545659,1,3.3177070825072548,0.025585795559148417,0.010488844611311545,0.2792897779574208,3.3177070825072548,0.025585795559148417,-0.012862623369809183,0.2792897779574208,0,False,0.0,0,,,0,18
0.02,0.5845943950663557,0,stay,cov,16.0,600.0,1,0.0208136730273496,-0.0010740970679594675,0.0233792165249093,0.022942813450352876,0.01881412500545659,2,3.32074974832728,0.024847638504861894,0.011415562911798753,0.24238192524309465,3.32074974832728,0.024847638504861894,-0.011957320677061485,0.24238192524309465,0,False,0.03889011213269102,0,,,0,38
0.02,0.5845943950663557,0,stay,cov,32.0,600.0,1,0.0208136730273496,-0.008239956683159355,0.0233792165249093,0.022942813450352876,0.01881412500545659,1,3.3088175040108623,0.022179501197082757,0.007781306037076499,0.10897505985413783,3.3088175040108623,0.022179501197082757,-0.015507593217371924,0.10897505985413783,1,False,0.0,22,24.0,80.0,18,35
0.02,0.5845943950663557,0,stay,data,4.0,600.0,1,0.0208136730273496,-0.004551586220633119,0.0233792165249093,0.022942813450352876,0.01881412500545659,1,3.3149645650016653,0.025424886831012926,0.009653543821750843,0.27124434155064625,3.3149645650016653,0.025424886831012926,-0.013678621126242851,0.27124434155064625,1,False,0.0,0,,,0,18
0.02,0.5845943950663557,0,stay,data,16.0,600.0,1,0.0208136730273496,0.0010768355329211499,0.0233792165249093,0.022942813450352876,0.01881412500545659,1,3.324323020381235,0.02463744548245287,0.012503890319700705,0.2318722741226435,3.324323020381235,0.02463744548245287,-0.01089414351476009,0.2318722741226435,0,False,0.0,0,,,0,39
0.02,0.5845943950663557,0,stay,data,32.0,600.0,1,0.0208136730273496,-0.002481184726705332,0.0233792165249093,0.022942813450352876,0.01881412500545659,1,3.318410119038089,0.019553721034276418,0.01070297158337237,-0.022313948286179115,3.318410119038089,0.019553721034276418,-0.01265344467516739,-0.022313948286179115,0,False,0.0,28,26.0,80.0,28,39
0.02,0.5845943950663557,0,stay2,cov,4.0,600.0,1,0.0208136730273496,0.006434124854059808,0.0233792165249093,0.022942813450352876,0.01881412500545659,1,3.333206253072283,0.026607405924070918,0.015209496123696703,0.33037029620354585,3.333206253072283,0.026607405924070918,-0.008251061772893496,0.33037029620354585,1,False,0.0,6,34.0,68.0,2,38
0.02,0.5845943950663557,0,stay2,cov,16.0,600.0,1,0.0208136730273496,0.004631673344416942,0.0233792165249093,0.022942813450352876,0.01881412500545659,4,3.330220148540116,0.02379763786440718,0.014300004946941714,0.18988189322035903,3.330220148540116,0.02379763786440718,-0.009139535444896837,0.18988189322035903,1,False,0.16242065626774355,0,,,0,39
0.02,0.5845943950663557,0,stay2,cov,32.0,600.0,1,0.0208136730273496,-0.0036817319881398136,0.0233792165249093,0.022942813450352876,0.01881412500545659,2,3.3164126090496677,0.02025716595058774,0.010094581056390169,0.012858297529387032,3.3164126090496677,0.02025716595058774,-0.013247775856530287,0.012858297529387032,0,False,0.03665113298221252,28,26.0,80.0,28,39
0.02,0.5845943950663557,0,stay2,data,4.0,600.0,1,0.0208136730273496,,0.0233792165249093,0.022942813450352876,0.01881412500545659,0,,,,,,,,,0,False,0.0,4,18.0,78.0,1,38
0.02,0.5845943950663557,0,stay2,data,16.0,600.0,1,0.0208136730273496,0.006163409300759204,0.0233792165249093,0.022942813450352876,0.01881412500545659,1,3.3327579318952587,0.021745749211063772,0.015072948943092834,0.08728746055318859,3.3327579318952587,0.021745749211063772,-0.008384453473718656,0.08728746055318859,1,False,0.0,7,38.0,76.0,4,39
0.02,0.5845943950663557,0,stay2,data,32.0,600.0,1,0.0208136730273496,0.00804351921625468,0.0233792165249093,0.022942813450352876,0.01881412500545659,2,3.335870262744926,0.007322125113660398,0.016020885432396128,-0.6338937443169801,3.335870262744926,0.007322125113660398,-0.007458422924986747,-0.6338937443169801,1,False,0.028820767743968086,37,8.0,80.0,37,39
0.02,0.5845943950663557,0,stay+deck,cov,4.0,600.0,1,0.0208136730273496,0.010726427752905998,0.0233792165249093,0.022942813450352876,0.01881412500545659,1,3.340306523455962,0.01868464468448828,0.017372057144909567,-0.06576776577558607,3.340306523455962,0.01868464468448828,-0.0061384755482490165,-0.06576776577558607,1,False,0.0,31,6.0,78.0,19,38
0.02,0.5845943950663557,0,stay+deck,cov,16.0,600.0,1,0.0208136730273496,,0.0233792165249093,0.022942813450352876,0.01881412500545659,0,,,,,,,,,0,False,0.0,25,10.0,80.0,17,39
0.02,0.5845943950663557,0,stay+deck,cov,32.0,600.0,1,0.0208136730273496,0.020437427189464064,0.0233792165249093,0.022942813450352876,0.01881412500545659,4,3.304812967356254,0.0072250887303264765,0.006561626446116086,-0.6387455634836762,3.356314896759603,0.0012182411221571842,-0.0013754077926922403,-0.9390879438921407,2,True,0.046946697501123555,39,4.0,80.0,39,39
0.02,0.5845943950663557,0,stay+deck,data,4.0,600.0,1,0.0208136730273496,0.016899780554143984,0.0233792165249093,0.022942813450352876,0.01881412500545659,1,3.3504920190558827,0.018371247907588994,0.020474298971749568,-0.08143760462055033,3.3504920190558827,0.018371247907588994,-0.00310792367729073,-0.08143760462055033,1,False,0.0,31,6.0,78.0,17,38
0.02,0.5845943950663557,0,stay+deck,data,16.0,600.0,1,0.0208136730273496,0.025671203544045618,0.0233792165249093,0.022942813450352876,0.01881412500545659,2,3.2855356014293493,0.015332459612750211,0.0006902331198836327,-0.23337701936248945,3.364911080414232,0.018198080825822506,0.0011822665199686482,-0.09009595870887471,2,True,0.02387072110557206,38,6.0,80.0,38,39
0.02,0.5845943950663557,0,stay+deck,data,32.0,600.0,1,0.0208136730273496,0.022078273061252318,0.0233792165249093,0.022942813450352876,0.01881412500545659,5,3.2990514719545603,0.006773167533932286,0.00480682209271579,-0.6613416233033858,3.359012261245309,0.0010422401454562712,-0.0005728446863003868,-0.9478879927271864,2,True,0.058614496303547,36,6.0,80.0,32,39
0.02,0.5845943950663557,1,stay,cov,4.0,600.0,1,-0.03049360328573425,0.004852725749521447,0.0233792165249093,0.022942813450352876,0.01881412500545659,1,3.3305865080242922,0.029892670875239977,0.014411588689168267,0.49463354376199886,3.3305865080242922,0.029892670875239977,-0.009030530300343788,0.49463354376199886,1,False,0.0,4,12.0,18.0,4,18
0.02,0.5845943950663557,1,stay,cov,16.0,600.0,1,-0.03049360328573425,-0.01182912535973446,0.0233792165249093,0.022942813450352876,0.01881412500545659,2,3.3028247901482053,0.015253714696145193,0.0059560784456804145,-0.23731426519274035,3.3546082458498665,0.01627100156340846,-0.0018831979200194177,-0.18644992182957706,2,True,0.015556583272158416,31,12.0,80.0,27,38
0.02,0.5845943950663557,1,stay,cov,32.0,600.0,1,-0.03049360328573425,-0.010083424977709088,0.0233792165249093,0.022942813450352876,0.01881412500545659,2,3.305740884143571,0.02191411281032091,0.0068442462009628184,0.0957056405160455,3.3422762318089734,0.005393359634983231,-0.005552416354967645,-0.7303320182508385,2,True,0.010991351865726228,31,20.0,80.0,31,35
0.02,0.5845943950663557,1,stay,data,4.0,600.0,1,-0.03049360328573425,0.005193097481406506,0.0233792165249093,0.022942813450352876,0.01881412500545659,1,3.331150541681391,0.026639599708993402,0.014583378935959075,0.33197998544967006,3.331150541681391,0.026639599708993402,-0.008862709968182714,0.33197998544967006,1,False,0.0,6,14.0,26.0,5,18
0.02,0.5845943950663557,1,stay,data,16.0,600.0,1,-0.03049360328573425,-0.009858404015066435,0.0233792165249093,0.022942813450352876,0.01881412500545659,1,3.3061165818272142,0.01597518531556364,0.006958674120253686,-0.20124073422181799,3.3061165818272142,0.01597518531556364,-0.01631121486706673,-0.20124073422181799,1,False,0.0,31,14.0,80.0,20,39
0.02,0.5845943950663557,1,stay,data,32.0,600.0,1,-0.03049360328573425,-0.008600465889808673,0.0233792165249093,0.022942813450352876,0.01881412500545659,2,3.308216064376611,0.016087540684799333,0.007598122884976538,-0.19562296576003338,3.34387717670062,0.008734324053528428,-0.005076077576055567,-0.5632837973235786,2,True,0.010721771638376499,32,18.0,80.0,32,39
0.02,0.5845943950663557,1,stay2,cov,4.0,600.0,1,-0.03049360328573425,,0.0233792165249093,0.022942813450352876,0.01881412500545659,0,,,,,,,,,0,False,0.0,13,6.0,64.0,4,38
0.02,0.5845943950663557,1,stay2,cov,16.0,600.0,1,-0.03049360328573425,-0.003828226232020393,0.0233792165249093,0.022942813450352876,0.01881412500545659,1,3.3161687847451042,0.01388793860933599,0.010020318400381272,-0.3056030695332005,3.3161687847451042,0.01388793860933599,-0.01332032237084872,-0.3056030695332005,0,False,0.0,33,6.0,80.0,30,39
0.02,0.5845943950663557,1,stay2,cov,32.0,600.0,1,-0.03049360328573425,0.00796099028820163,0.0233792165249093,0.022942813450352876,0.01881412500545659,1,3.3357337054303158,0.01820190200724112,0.01597929356197712,-0.08990489963794403,3.3357337054303158,0.01820190200724112,-0.007499053645527114,-0.08990489963794403,1,False,0.0,25,4.0,80.0,15,39
0.02,0.5845943950663557,1,stay2,data,4.0,600.0,1,-0.03049360328573425,0.023433725794634874,0.0233792165249093,0.022942813450352876,0.01881412500545659,1,3.361238839170081,0.02788140726251145,0.023747505909667444,0.3940703631255725,3.361238839170081,0.02788140726251145,8.964245824325376e-05,0.3940703631255725,1,False,0.0,12,14.0,78.0,7,38
0.02,0.5845943950663557,1,stay2,data,16.0,600.0,1,-0.03049360328573425,,0.0233792165249093,0.022942813450352876,0.01881412500545659,0,,,,,,,,,0,False,0.0,27,18.0,80.0,10,39
0.02,0.5845943950663557,1,stay2,data,32.0,600.0,1,-0.03049360328573425,0.007176141561582305,0.0233792165249093,0.022942813450352876,0.01881412500545659,1,3.3344347681648006,0.003902959000826425,0.015583670445164432,-0.8048520499586789,3.3344347681648006,0.003902959000826425,-0.007885534275914437,-0.8048520499586789,1,False,0.0,35,6.0,80.0,33,39
0.02,0.5845943950663557,1,stay+deck,cov,4.0,600.0,1,-0.03049360328573425,-0.03117413816782799,0.0233792165249093,0.022942813450352876,0.01881412500545659,2,3.270335981306808,0.015387015861437753,-0.00393918297810126,-0.23064920692811236,3.3740770730714926,0.019426670854180043,0.003909479538142062,-0.028666457290997885,2,True,0.031226563103666456,37,6.0,78.0,37,38
0.02,0.5845943950663557,1,stay+deck,cov,16.0,600.0,1,-0.03049360328573425,0.031918913283187855,0.0233792165249093,0.022942813450352876,0.01881412500545659,2,3.28886809308571,0.014005128356430111,0.0017052249680994992,-0.29974358217849445,3.375143926116713,0.02264194754307626,0.004226906752214558,0.13209737715381298,2,True,0.0258930604513912,39,4.0,80.0,39,39
0.02,0.5845943950663557,1,stay+deck,cov,32.0,600.0,1,-0.03049360328573425,-0.0315273684720635,0.0233792165249093,0.022942813450352876,0.01881412500545659,3,3.269739750791043,0.00743246973628582,-0.004120779565748785,-0.628376513185709,3.3619769739211063,0.004019188572560279,0.00030926413779667615,-0.799040571371986,2,True,0.04200644212556549,39,4.0,80.0,39,39
0.02,0.5845943950663557,1,stay+deck,data,4.0,600.0,1,-0.03049360328573425,-0.02848762589084486,0.0233792165249093,0.022942813450352876,0.01881412500545659,2,3.2748670925622143,0.014840594568597586,-0.0025591222122121147,-0.2579702715701207,3.3816907660981386,0.01990782482324897,0.006174827494993951,-0.004608758837551519,2,True,0.032095769556616686,37,6.0,78.0,37,38
0.02,0.5845943950663557,1,stay+deck,data,16.0,600.0,1,-0.03049360328573425,-0.024078675826496032,0.0233792165249093,0.022942813450352876,0.01881412500545659,1,3.28228973655127,0.011619279542404935,-0.0002983744240758813,-0.4190360228797533,3.28228973655127,0.011619279542404935,-0.023400559692919782,-0.4190360228797533,1,False,0.0,38,6.0,80.0,38,39
0.02,0.5845943950663557,1,stay+deck,data,32.0,600.0,1,-0.03049360328573425,-0.034056283110781904,0.0233792165249093,0.022942813450352876,0.01881412500545659,2,3.265467922384798,0.010982209801223799,-0.005421869397748721,-0.45088950993881005,3.393586090485005,0.013642444561358633,0.009714115026231453,-0.31787777193206834,2,True,0.03847938997118682,27,6.0,80.0,11,39
0.02,0.5845943950663557,2,stay,cov,4.0,600.0,1,-0.0013371400296803282,-0.0017143916398510983,0.0233792165249093,0.022942813450352876,0.01881412500545659,1,3.3196853055766686,0.030341404994695426,0.011091360835343234,0.5170702497347712,3.3196853055766686,0.030341404994695426,-0.012274030741657461,0.5170702497347712,0,False,0.0,0,,,0,18
0.02,0.5845943950663557,2,stay,cov,16.0,600.0,1,-0.0013371400296803282,-0.01253494634896768,0.0233792165249093,0.022942813450352876,0.01881412500545659,1,3.3016450248128644,0.026105339843107644,0.0055967520552022655,0.3052669921553822,3.3016450248128644,0.026105339843107644,-0.017641664165581016,0.3052669921553822,1,False,0.0,23,34.0,80.0,20,38
0.02,0.5845943950663557,2,stay,cov,32.0,600.0,1,-0.0013371400296803282,0.005557207336829739,0.0233792165249093,0.022942813450352876,0.01881412500545659,2,3.3317538063316383,0.02953011973281407,0.014767117941321376,0.4765059866407035,3.3317538063316383,0.02953011973281407,-0.008683217002272982,0.4765059866407035,1,False,0.034252935843789474,7,30.0,72.0,4,35
0.02,0.5845943950663557,2,stay,data,4.0,600.0,1,-0.0013371400296803282,-0.00180402180403616,0.0233792165249093,0.022942813450352876,0.01881412500545659,1,3.319536274770521,0.029350904232722266,0.01104596985796919,0.46754521163611323,3.319536274770521,0.029350904232722266,-0.01231837277528469,0.46754521163611323,0,False,0.0,0,,,0,18
0.02,0.5845943950663557,2,stay,data,16.0,600.0,1,-0.0013371400296803282,-0.007096582836330523,0.0233792165249093,0.022942813450352876,0.01881412500545659,1,3.310724278567582,0.02684625515337604,0.008362060868903832,0.342312757668802,3.310724278567582,0.02684625515337604,-0.014940259095661896,0.342312757668802,1,False,0.0,17,34.0,74.0,9,39
0.02,0.5845943950663557,2,stay,data,32.0,600.0,1,-0.0013371400296803282,0.004049035714433158,0.0233792165249093,0.022942813450352876,0.01881412500545659,2,3.3292543254283187,0.02647440584182197,0.01400583989376849,0.3237202920910984,3.3292543254283187,0.02647440584182197,-0.009426902614197348,0.3237202920910984,1,False,0.03486196644314542,3,30.0,72.0,1,38
0.02,0.5845943950663557,2,stay2,cov,4.0,600.0,1,-0.0013371400296803282,0.007879639613582512,0.0233792165249093,0.022942813450352876,0.01881412500545659,1,3.3355990922530956,0.028756347650579085,0.015938293826154786,0.43781738252895425,3.3355990922530956,0.028756347650579085,-0.007539105915156828,0.43781738252895425,1,False,0.0,17,34.0,78.0,9,38
0.02,0.5845943950663557,2,stay2,cov,16.0,600.0,1,-0.0013371400296803282,-0.0051881275658482995,0.0233792165249093,0.022942813450352876,0.01881412500545659,1,3.3139045153742845,0.02844052753161051,0.009330679778432986,0.42202637658052544,3.3139045153742845,0.02844052753161051,-0.013994024078416559,0.42202637658052544,1,False,0.0,26,12.0,80.0,13,39
0.02,0.5845943950663557,2,stay2,cov,32.0,600.0,1,-0.0013371400296803282,0.011976788293758922,0.0233792165249093,0.022942813450352876,0.01881412500545659,3,3.3423720163778508,0.024299547972279914,0.01800115353717298,0.21497739861399567,3.3423720163778508,0.024299547972279914,-0.005523916995111014,0.21497739861399567,1,False,0.06907716902521786,2,18.0,20.0,2,39
0.02,0.5845943950663557,2,stay2,data,4.0,600.0,1,-0.0013371400296803282,0.0096474455948925,0.0233792165249093,0.022942813450352876,0.01881412500545659,1,3.3385231063825427,0.027795362921186558,0.016828873852001804,0.38976814605932786,3.3385231063825427,0.027795362921186558,-0.0066691063747541515,0.38976814605932786,1,False,0.0,15,40.0,76.0,13,38
0.02,0.5845943950663557,2,stay2,data,16.0,600.0,1,-0.0013371400296803282,0.012168719105421166,0.0233792165249093,0.022942813450352876,0.01881412500545659,1,3.3426889573232734,0.026229029407044843,0.01809768565462204,0.31145147035224213,3.3426889573232734,0.026229029407044843,-0.00542961564612791,0.31145147035224213,1,False,0.0,17,16.0,80.0,6,39
0.02,0.5845943950663557,2,stay2,data,32.0,600.0,1,-0.0013371400296803282,0.011249564910288834,0.0233792165249093,0.022942813450352876,0.01881412500545659,2,3.3411708584322066,0.027174615871788873,0.01763531150395395,0.3587307935894436,3.3411708584322066,0.027174615871788873,-0.005881304755360659,0.3587307935894436,1,False,0.03093497363833625,7,40.0,66.0,5,39
0.02,0.5845943950663557,2,stay+deck,cov,4.0,600.0,1,-0.0013371400296803282,-0.023669351887309675,0.0233792165249093,0.022942813450352876,0.01881412500545659,2,3.2829779984454275,0.027333893637650215,-8.874742900934099e-05,0.36669468188251075,3.342733117276392,0.016532239710789015,-0.005416476469223617,-0.17338801446054927,2,True,0.018037345059966375,33,8.0,78.0,26,38
0.02,0.5845943950663557,2,stay+deck,cov,16.0,600.0,1,-0.0013371400296803282,0.031243742979611744,0.0233792165249093,0.022942813450352876,0.01881412500545659,1,3.374039590403795,0.010627682073272856,0.02764628781012897,-0.4686158963363572,3.374039590403795,0.010627682073272856,0.0038983270941980955,-0.4686158963363572,1,False,0.0,38,6.0,80.0,38,39
0.02,0.5845943950663557,2,stay+deck,cov,32.0,600.0,1,-0.0013371400296803282,0.02339672660587855,0.0233792165249093,0.022942813450352876,0.01881412500545659,2,3.3611780808468277,0.013163287762543774,0.0237290004761442,-0.3418356118728113,3.3611780808468277,0.013163287762543774,7.156466827164558e-05,-0.3418356118728113,1,False,0.02706296953541272,34,10.0,80.0,32,39
0.02,0.5845943950663557,2,stay+deck,data,4.0,600.0,1,-0.0013371400296803282,,0.0233792165249093,0.022942813450352876,0.01881412500545659,0,,,,,,,,,0,False,0.0,34,6.0,78.0,20,38
0.02,0.5845943950663557,2,stay+deck,data,16.0,600.0,1,-0.0013371400296803282,-0.025588469530715252,0.0233792165249093,0.022942813450352876,0.01881412500545659,2,3.279749829713144,0.016652529048009495,-0.0010719651789109091,-0.16737354759952527,3.374872022522665,0.015898496490700867,0.004146005637724914,-0.20507517546495668,2,True,0.028588308974329388,38,6.0,80.0,38,39
0.02,0.5845943950663557,2,stay+deck,data,32.0,600.0,1,-0.0013371400296803282,0.043736279867006234,0.0233792165249093,0.022942813450352876,0.01881412500545659,3,3.2650328286280006,0.00448477343527524,-0.0055543878439738,-0.775761328236238,3.3944147097587996,0.014611682421123824,0.009960659110991584,-0.2694158789438088,2,True,0.054742480492519334,38,6.0,80.0,38,39
0.02,0.5845943950663557,3,stay,cov,4.0,600.0,1,-0.008666750931549339,0.0033967722086649665,0.0233792165249093,0.022942813450352876,0.01881412500545659,1,3.3281727528092917,0.033288574793026604,0.013676420496882538,0.6644287396513302,3.3281727528092917,0.033288574793026604,-0.009748709431746315,0.6644287396513302,1,False,0.0,0,,,0,18
0.02,0.5845943950663557,3,stay,cov,16.0,600.0,1,-0.008666750931549339,-0.01650287205262424,0.0233792165249093,0.022942813450352876,0.01881412500545659,2,3.2950048560196543,0.02851193169892555,0.003574326227662307,0.4255965849462775,3.40052972932768,0.01265850283358911,0.011780097724814384,-0.36707485832054454,1,False,0.031520970271428056,3,60.0,76.0,2,38
0.02,0.5845943950663557,3,stay,cov,32.0,600.0,1,-0.008666750931549339,0.0022310611046394424,0.0233792165249093,0.022942813450352876,0.01881412500545659,1,3.326238913914325,0.028783763940673057,0.013087422558835996,0.4391881970336528,3.326238913914325,0.028783763940673057,-0.010324096169070963,0.4391881970336528,0,False,0.0,12,18.0,70.0,5,35
0.02,0.5845943950663557,3,stay,data,4.0,600.0,1,-0.008666750931549339,0.002307536779759589,0.0233792165249093,0.022942813450352876,0.01881412500545659,1,3.326365816543886,0.030769560963535204,0.013126073858765115,0.5384780481767601,3.326365816543886,0.030769560963535204,-0.01028633806514053,0.5384780481767601,0,False,0.0,0,,,0,18
0.02,0.5845943950663557,3,stay,data,16.0,600.0,1,-0.008666750931549339,,0.0233792165249093,0.022942813450352876,0.01881412500545659,0,,,,,,,,,0,False,0.0,2,40.0,70.0,1,39
0.02,0.5845943950663557,3,stay,data,32.0,600.0,1,-0.008666750931549339,0.005704925866792276,0.0233792165249093,0.022942813450352876,0.01881412500545659,1,3.3319985182671195,0.025699688745449176,0.014841650947038104,0.2849844372724588,3.3319985182671195,0.025699688745449176,-0.008610406385779859,0.2849844372724588,1,False,0.0,16,14.0,52.0,15,38
0.02,0.5845943950663557,3,stay2,cov,4.0,600.0,1,-0.008666750931549339,0.005670230464947634,0.0233792165249093,0.022942813450352876,0.01881412500545659,1,3.33194104314612,0.032042234928384025,0.014824145493069969,0.6021117464192012,3.33194104314612,0.032042234928384025,-0.008627507304804325,0.6021117464192012,1,False,0.0,11,22.0,72.0,3,38
0.02,0.5845943950663557,3,stay2,cov,16.0,600.0,1,-0.008666750931549339,-0.01525343509567545,0.0233792165249093,0.022942813450352876,0.01881412500545659,1,3.2970971824857704,0.029657682832698068,0.004211595432180975,0.48288414163490334,3.2970971824857704,0.029657682832698068,-0.018994811092796347,0.48288414163490334,1,False,0.0,3,30.0,58.0,2,39
0.02,0.5845943950663557,3,stay2,cov,32.0,600.0,1,-0.008666750931549339,-0.0038839656187559246,0.0233792165249093,0.022942813450352876,0.01881412500545659,1,3.3160760076734457,0.02462885807948007,0.009992060873838023,0.23144290397400338,3.3160760076734457,0.02462885807948007,-0.013347926891938403,0.23144290397400338,1,False,0.0,18,4.0,66.0,12,39
0.02,0.5845943950663557,3,stay2,data,4.0,600.0,1,-0.008666750931549339,0.006753602930329228,0.0233792165249093,0.022942813450352876,0.01881412500545659,1,3.333735250351108,0.02949782609745872,0.015370615184478532,0.47489130487293596,3.333735250351108,0.02949782609745872,-0.008093666025445664,0.47489130487293596,1,False,0.0,14,14.0,76.0,6,38
0.02,0.5845943950663557,3,stay2,data,16.0,600.0,1,-0.008666750931549339,0.012614643042015095,0.0233792165249093,0.022942813450352876,0.01881412500545659,1,3.343425208529512,0.016115004192616862,0.018321928968523537,-0.1942497903691569,3.343425208529512,0.016115004192616862,-0.00521055438900267,-0.1942497903691569,1,False,0.0,29,12.0,80.0,17,39
0.02,0.5845943950663557,3,stay2,data,32.0,600.0,1,-0.008666750931549339,-0.012068224208450773,0.0233792165249093,0.022942813450352876,0.01881412500545659,1,3.302425188520522,0.006809967854114191,0.005834369995530701,-0.6595016072942904,3.302425188520522,0.006809967854114191,-0.017409537357346624,-0.6595016072942904,1,False,0.0,38,6.0,80.0,38,39
0.02,0.5845943950663557,3,stay+deck,cov,4.0,600.0,1,-0.008666750931549339,0.015946916170868297,0.0233792165249093,0.022942813450352876,0.01881412500545659,2,3.2874883821377816,0.02546241659302805,0.0012850002505465908,0.2731208296514024,3.348921897395766,0.01889414655270577,-0.0035750914344233305,-0.05529267236471149,2,True,0.018514079952965872,37,6.0,78.0,37,38
0.02,0.5845943950663557,3,stay+deck,cov,16.0,600.0,1,-0.008666750931549339,0.02930443123553439,0.0233792165249093,0.022942813450352876,0.01881412500545659,1,3.3708655620468866,0.020645112770883482,0.026679559835846182,0.03225563854417409,3.3708655620468866,0.020645112770883482,0.0029539393144244336,0.03225563854417409,1,False,0.0,34,8.0,80.0,27,39
0.02,0.5845943950663557,3,stay+deck,cov,32.0,600.0,1,-0.008666750931549339,-0.016966641186443865,0.0233792165249093,0.022942813450352876,0.01881412500545659,2,3.2942278828623834,0.01121347136890657,0.00333768004749642,-0.43932643155467155,3.2942278828623834,0.01121347136890657,-0.01984853109656948,-0.43932643155467155,1,False,0.009010229437604952,17,14.0,56.0,13,39
0.02,0.5845943950663557,3,stay+deck,data,4.0,600.0,1,-0.008666750931549339,-0.017611370852219088,0.0233792165249093,0.022942813450352876,0.01881412500545659,2,3.293147433873168,0.024760082827605397,0.0030086028795540338,0.23800414138026982,3.346159474159264,0.019471501771336185,-0.004397011862902538,-0.02642491143319079,2,True,0.015969148894731926,35,6.0,78.0,24,38
0.02,0.5845943950663557,3,stay+deck,data,16.0,600.0,1,-0.008666750931549339,-0.027907180608542026,0.0233792165249093,0.022942813450352876,0.01881412500545659,1,3.2758452567944367,0.01790056255939111,-0.0022611983689439607,-0.10497187203044443,3.2758452567944367,0.01790056255939111,-0.025318024581381066,-0.10497187203044443,1,False,0.0,35,6.0,80.0,29,39
0.02,0.5845943950663557,3,stay+deck,data,32.0,600.0,1,-0.008666750931549339,-0.035353221609218166,0.0233792165249093,0.022942813450352876,0.01881412500545659,3,3.2839496208607226,0.0022914933811272247,0.00020718394389777518,-0.8854253309436387,3.3956938062050908,0.009657471476153116,0.010341236382899114,-0.5171264261923442,1,False,0.03995371249777784,38,6.0,80.0,38,39
0.02,0.5845943950663557,4,stay,cov,4.0,600.0,1,0.0208136730273496,-0.0075117674816339575,0.0233792165249093,0.022942813450352876,0.01881412500545659,1,3.3100320130432794,0.026177323324331706,0.008151214470345948,0.3088661662165853,3.3100320130432794,0.026177323324331706,-0.015146233027837675,0.3088661662165853,1,False,0.0,0,,,0,18
0.02,0.5845943950663557,4,stay,cov,16.0,600.0,1,0.0208136730273496,-0.0013687226272578457,0.0233792165249093,0.022942813450352876,0.01881412500545659,1,3.3202599973352798,0.026899801096230132,0.011266397267651702,0.3449900548115066,3.3202599973352798,0.026899801096230132,-0.012103039240340936,0.3449900548115066,0,False,0.0,0,,,0,37
0.02,0.5845943950663557,4,stay,cov,32.0,600.0,1,0.0208136730273496,-0.0432153319833779,0.0233792165249093,0.022942813450352876,0.01881412500545659,2,3.2499495148614868,0.003189340301603125,-0.010148379996323835,-0.8405329849198436,3.3238413480277242,0.016232243648290873,-0.01103745839205801,-0.1883878175854564,0,False,0.02248073743367056,10,26.0,64.0,4,35
0.02,0.5845943950663557,4,stay,data,4.0,600.0,1,0.0208136730273496,-0.006794411463547978,0.0233792165249093,0.022942813450352876,0.01881412500545659,1,3.3112280183980523,0.025361575226861045,0.00851548715598039,0.2680787613430522,3.3112280183980523,0.025361575226861045,-0.014790378348993067,0.2680787613430522,1,False,0.0,0,,,0,18
0.02,0.5845943950663557,4,stay,data,16.0,600.0,1,0.0208136730273496,-0.0035768359127282823,0.0233792165249093,0.022942813450352876,0.01881412500545659,1,3.3165871865528094,0.025366525290321018,0.010147752905217588,0.2683262645160509,3.3165871865528094,0.025366525290321018,-0.013195832760233894,0.2683262645160509,0,False,0.0,0,,,0,39
0.02,0.5845943950663557,4,stay,data,32.0,600.0,1,0.0208136730273496,0.0014663206153471275,0.0233792165249093,0.022942813450352876,0.01881412500545659,1,3.324969648225346,0.01209606537526807,0.012700836646437756,-0.39519673123659654,3.324969648225346,0.01209606537526807,-0.01070174843652749,-0.39519673123659654,0,False,0.0,11,36.0,64.0,6,38
0.02,0.5845943950663557,4,stay2,cov,4.0,600.0,1,0.0208136730273496,-0.004211390959541372,0.0233792165249093,0.022942813450352876,0.01881412500545659,1,3.3155309624590603,0.0249594135872283,0.009826054021741554,0.247970679361415,3.3155309624590603,0.0249594135872283,-0.013510097478338274,0.247970679361415,1,False,0.0,12,16.0,74.0,6,38
0.02,0.5845943950663557,4,stay2,cov,16.0,600.0,1,0.0208136730273496,0.004877550529282404,0.0233792165249093,0.022942813450352876,0.01881412500545659,1,3.3306276486629987,0.019147327724679194,0.014424119077005158,-0.04263361376604033,3.3306276486629987,0.019147327724679194,-0.009018289478247206,-0.04263361376604033,1,False,0.0,14,32.0,80.0,10,39
0.02,0.5845943950663557,4,stay2,cov,32.0,600.0,1,0.0208136730273496,-0.043317522666006636,0.0233792165249093,0.022942813450352876,0.01881412500545659,4,3.249775952596645,0.0036890983856977325,-0.010201242629493765,-0.8155450807151133,3.3306529933342603,0.014504442771545606,-0.009010748525511283,-0.2747778614227197,1,False,0.0664584228348872,10,6.0,34.0,7,39
0.02,0.5845943950663557,4,stay2,data,4.0,600.0,1,0.0208136730273496,-0.003345491375359777,0.0233792165249093,0.022942813450352876,0.01881412500545659,1,3.3169721785048534,0.023663896018223902,0.010265011621291942,0.18319480091119505,3.3169721785048534,0.023663896018223902,-0.013081283785260116,0.18319480091119505,0,False,0.0,9,36.0,68.0,3,38
0.02,0.5845943950663557,4,stay2,data,16.0,600.0,1,0.0208136730273496,0.0014295142753704138,0.0233792165249093,0.022942813450352876,0.01881412500545659,1,3.3249085472750557,0.01894553218311043,0.012682226857469593,-0.05272339084447849,3.3249085472750557,0.01894553218311043,-0.01071992817038565,-0.05272339084447849,0,False,0.0,12,12.0,38.0,6,39
0.02,0.5845943950663557,4,stay2,data,32.0,600.0,1,0.0208136730273496,-0.04090335345007301,0.0233792165249093,0.022942813450352876,0.01881412500545659,2,3.253873741564146,0.004605172588914026,-0.008953160765647694,-0.7697413705542987,3.3291882975538503,0.005104580238575714,-0.00944654828548969,-0.7447709880712143,2,True,0.022881314361665916,35,10.0,78.0,35,39
0.02,0.5845943950663557,4,stay+deck,cov,4.0,600.0,1,0.0208136730273496,-0.01650766763141942,0.0233792165249093,0.022942813450352876,0.01881412500545659,2,3.294996822709627,0.022450115766287897,0.003571879486595019,0.12250578831439485,3.338185933515024,0.018875367745880726,-0.006769427449410813,-0.05623161270596373,2,True,0.013022138057290248,37,6.0,78.0,37,38
0.02,0.5845943950663557,4,stay+deck,cov,16.0,600.0,1,0.0208136730273496,0.01213929697315752,0.0233792165249093,0.022942813450352876,0.01881412500545659,1,3.342640373648692,0.01572907259947328,0.018082888308149296,-0.213546370026336,3.342640373648692,0.01572907259947328,-0.005444071039530904,-0.213546370026336,1,False,0.0,29,8.0,76.0,24,39
0.02,0.5845943950663557,4,stay+deck,cov,32.0,600.0,1,0.0208136730273496,-0.014868934941936085,0.0233792165249093,0.022942813450352876,0.01881412500545659,2,3.2977408052686688,0.007322949355991585,0.004407626494020507,-0.6338525322004207,3.354348863759533,0.0034354993103284655,-0.0019603734360698136,-0.8282250344835768,2,True,0.017019631817180296,36,4.0,78.0,32,39
0.02,0.5845943950663557,4,stay+deck,data,4.0,600.0,1,0.0208136730273496,0.011760870257354838,0.0233792165249093,0.022942813450352876,0.01881412500545659,2,3.3015203054833666,0.01854697124837206,0.005558765732711841,-0.07265143758139694,3.342015428702142,0.022385022018480253,-0.0056300146746179084,0.11925110092401263,2,True,0.012190834772032798,31,8.0,76.0,20,38
0.02,0.5845943950663557,4,stay+deck,data,16.0,600.0,1,0.0208136730273496,,0.0233792165249093,0.022942813450352876,0.01881412500545659,0,,,,,,,,,0,False,0.0,38,6.0,80.0,38,39
0.02,0.5845943950663557,4,stay+deck,data,32.0,600.0,1,0.0208136730273496,-0.04308126650423838,0.0233792165249093,0.022942813450352876,0.01881412500545659,2,3.3056640211169506,0.002582457613072963,0.0068208356861007785,-0.8708771193463518,3.3056640211169506,0.002582457613072963,-0.016445867981758806,-0.8708771193463518,1,False,0.016927445165526495,37,6.0,80.0,36,39
0.02,0.5845943950663557,5,stay,cov,4.0,600.0,1,0.013403071949769307,-0.018309775482750146,0.0233792165249093,0.022942813450352876,0.01881412500545659,1,3.2919766353384357,0.03608571056895668,0.0026520075475333074,0.804285528447834,3.2919766353384357,0.03608571056895668,-0.020518358335584085,0.804285528447834,1,False,0.0,0,,,0,18
0.02,0.5845943950663557,5,stay,cov,16.0,600.0,1,0.013403071949769307,0.00697605642823218,0.0233792165249093,0.022942813450352876,0.01881412500545659,2,3.2840747596109905,0.011400560038760214,0.0002452980112429623,-0.42997199806198927,3.3341035431010035,0.02284950358598455,-0.007984085664695769,0.14247517929922743,2,True,0.015118596448062536,31,14.0,80.0,20,37
0.02,0.5845943950663557,5,stay,cov,32.0,600.0,1,0.013403071949769307,0.004585376653601703,0.0233792165249093,0.022942813450352876,0.01881412500545659,1,3.3301434139751245,0.023655792154738606,0.014276633558210983,0.18278960773693026,3.3301434139751245,0.023655792154738606,-0.00916236674232569,0.18278960773693026,1,False,0.0,23,26.0,80.0,9,35
0.02,0.5845943950663557,5,stay,data,4.0,600.0,1,0.013403071949769307,,0.0233792165249093,0.022942813450352876,0.01881412500545659,0,,,,,,,,,0,False,0.0,3,12.0,16.0,3,18
0.02,0.5845943950663557,5,stay,data,16.0,600.0,1,0.013403071949769307,-0.031026639807535283,0.0233792165249093,0.022942813450352876,0.01881412500545659,2,3.2705849170834735,0.015532034762361115,-0.0038633634982347446,-0.22339826188194425,3.3438075795055755,0.02096716854826747,-0.005096785248803166,0.048358427413373525,2,True,0.022140404416539198,32,18.0,80.0,32,39
0.02,0.5845943950663557,5,stay,data,32.0,600.0,1,0.013403071949769307,0.012809312325327005,0.0233792165249093,0.022942813450352876,0.01881412500545659,1,3.34374657012324,0.025126789547890306,0.018419807502545026,0.2563394773945153,3.34374657012324,0.025126789547890306,-0.005114937737896001,0.2563394773945153,1,False,0.0,24,30.0,80.0,19,39
0.02,0.5845943950663557,5,stay2,cov,4.0,600.0,1,0.013403071949769307,-0.04169260600118452,0.0233792165249093,0.022942813450352876,0.01881412500545659,1,3.2525346394442467,0.026307999238866564,-0.009361017071313808,0.3153999619433282,3.2525346394442467,0.026307999238866564,-0.03225377300233784,0.3153999619433282,1,False,0.0,15,6.0,78.0,8,38
0.02,0.5845943950663557,5,stay2,cov,16.0,600.0,1,0.013403071949769307,0.009269210946374784,0.0233792165249093,0.022942813450352876,0.01881412500545659,3,3.2712649471444992,0.019286897611631958,-0.0036562437093028356,-0.03565511941840214,3.3378977081784793,0.011292405386900288,-0.0068551848702799855,-0.4353797306549856,2,True,0.05716939702484085,32,18.0,80.0,32,39
0.02,0.5845943950663557,5,stay2,cov,32.0,600.0,1,0.013403071949769307,0.0012568747409040792,0.0233792165249093,0.022942813450352876,0.01881412500545659,2,3.324621939282899,0.014468134550278748,0.012594933382895626,-0.2765932724860626,3.324621939282899,0.014468134550278748,-0.0108052043730349,-0.2765932724860626,0,False,0.06531811822142067,34,6.0,80.0,24,39
0.02,0.5845943950663557,5,stay2,data,4.0,600.0,1,0.013403071949769307,0.027543328608026663,0.0233792165249093,0.022942813450352876,0.01881412500545659,1,3.3679806130214742,0.025372516762390242,0.025800878042983266,0.2686258381195121,3.3679806130214742,0.025372516762390242,0.002095563049782885,0.2686258381195121,1,False,0.0,11,16.0,74.0,3,38
0.02,0.5845943950663557,5,stay2,data,16.0,600.0,1,0.013403071949769307,0.019552915120474523,0.0233792165249093,0.022942813450352876,0.01881412500545659,1,3.3548599596176367,0.025874025002219574,0.021804662111657075,0.29370125011097864,3.3548599596176367,0.025874025002219574,-0.0018083040061810023,0.29370125011097864,1,False,0.0,22,6.0,74.0,7,39
0.02,0.5845943950663557,5,stay2,data,32.0,600.0,1,0.013403071949769307,0.0205507767794324,0.0233792165249093,0.022942813450352876,0.01881412500545659,1,3.356501300326899,0.024719091252250944,0.022304572572607907,0.2359545626125472,3.356501300326899,0.024719091252250944,-0.0013199460162787874,0.2359545626125472,1,False,0.0,34,14.0,80.0,34,39
0.02,0.5845943950663557,5,stay+deck,cov,4.0,600.0,1,0.013403071949769307,0.02589669491512092,0.0233792165249093,0.022942813450352876,0.01881412500545659,2,3.2680238440384555,0.02199219495558239,-0.004643400939113862,0.0996097477791195,3.365280943930056,0.016671916266192018,0.0012923142401688426,-0.1664041866903991,2,True,0.029323874901091722,37,6.0,78.0,37,38
0.02,0.5845943950663557,5,stay+deck,cov,16.0,600.0,1,0.013403071949769307,0.012944002929525578,0.0233792165249093,0.022942813450352876,0.01881412500545659,2,3.257920044131001,0.011227432573604684,-0.007720760344499289,-0.43862837131976584,3.3439689003624746,0.01048891374921056,-0.005048786482331355,-0.475554312539472,2,True,0.02606795023513551,34,12.0,80.0,33,39
0.02,0.5845943950663557,5,stay+deck,cov,32.0,600.0,1,0.013403071949769307,0.00489255372198838,0.0233792165249093,0.022942813450352876,0.01881412500545659,2,3.267228056094773,0.01069995169223765,-0.004885777622699666,-0.4650024153881175,3.3306525123202184,0.009618772999668481,-0.00901089164451717,-0.5190613500165759,2,True,0.019225706063570592,38,6.0,80.0,38,39
0.02,0.5845943950663557,5,stay+deck,data,4.0,600.0,1,0.013403071949769307,0.025582347482919765,0.0233792165249093,0.022942813450352876,0.01881412500545659,2,3.2733017090477334,0.02221930609257836,-0.0030358980515444943,0.11096530462891795,3.3647653225829286,0.018432985173288237,0.0011388983142657692,-0.07835074133558817,2,True,0.02755730338346006,37,6.0,78.0,37,38
0.02,0.5845943950663557,5,stay+deck,data,16.0,600.0,1,0.013403071949769307,0.04280567896606913,0.0233792165249093,0.022942813450352876,0.01881412500545659,2,3.256311119495794,0.01646565006633434,-0.008210797697184587,-0.17671749668328307,3.392901133066598,0.017910082173358283,0.009510315518832324,-0.10449589133208585,2,True,0.0410845701363095,37,8.0,80.0,37,39
0.02,0.5845943950663557,5,stay+deck,data,32.0,600.0,1,0.013403071949769307,0.04000258985083316,0.0233792165249093,0.022942813450352876,0.01881412500545659,2,3.2598610505019914,0.014161240789920206,-0.007129579376309952,-0.29193796050398974,3.388337960742133,0.018565009668715916,0.008152607365139695,-0.0717495165642042,2,True,0.03865013969132032,33,6.0,80.0,16,39
0.02,0.5845943950663557,6,stay,cov,4.0,600.0,1,0.006019467597425665,0.03938792926322954,0.0233792165249093,0.022942813450352876,0.01881412500545659,1,3.387336527842623,0.032672519638450734,0.03169619535629966,0.6336259819225366,3.387336527842623,0.032672519638450734,0.007854645001160761,0.6336259819225366,1,False,0.0,0,,,0,18
0.02,0.5845943950663557,6,stay,cov,16.0,600.0,1,0.006019467597425665,,0.0233792165249093,0.022942813450352876,0.01881412500545659,0,,,,,,,,,0,False,0.0,3,26.0,32.0,2,37
0.02,0.5845943950663557,6,stay,cov,32.0,600.0,1,0.006019467597425665,0.01426040743868029,0.0233792165249093,0.022942813450352876,0.01881412500545659,1,3.3461410769383146,0.004979135300100662,0.019149113123808632,-0.751043234994967,3.3461410769383146,0.004979135300100662,-0.004402485698890334,-0.751043234994967,1,False,0.0,20,36.0,80.0,16,32
0.02,0.5845943950663557,6,stay,data,4.0,600.0,1,0.006019467597425665,,0.0233792165249093,0.022942813450352876,0.01881412500545659,0,,,,,,,,,0,False,0.0,2,14.0,20.0,1,18
0.02,0.5845943950663557,6,stay,data,16.0,600.0,1,0.006019467597425665,-0.0004933279264551782,0.0233792165249093,0.022942813450352876,0.01881412500545659,1,3.3217149394084977,0.031281332072751085,0.011709535464599255,0.5640666036375542,3.3217149394084977,0.031281332072751085,-0.011670141559627102,0.5640666036375542,0,False,0.0,0,,,0,39
0.02,0.5845943950663557,6,stay,data,32.0,600.0,1,0.006019467597425665,0.010816452455516323,0.0233792165249093,0.022942813450352876,0.01881412500545659,1,3.3404552795374465,0.026909093145366395,0.017417364448167463,0.3454546572683197,3.3404552795374465,0.026909093145366395,-0.006094215255106057,0.3454546572683197,1,False,0.0,9,42.0,72.0,5,37
0.02,0.5845943950663557,6,stay2,cov,4.0,600.0,1,0.006019467597425665,0.03290589397066923,0.0233792165249093,0.022942813450352876,0.01881412500545659,1,3.376757621571306,0.026044310901417143,0.028474130686480827,0.30221554507085713,3.376757621571306,0.026044310901417143,0.004707039282939083,0.30221554507085713,1,False,0.0,18,20.0,76.0,10,38
0.02,0.5845943950663557,6,stay2,cov,16.0,600.0,1,0.006019467597425665,-0.019620332322989764,0.0233792165249093,0.022942813450352876,0.01881412500545659,2,3.289778506408825,0.03453945970870306,0.0019825136147807554,0.7269729854351531,3.40641454423412,0.027814836262047747,0.013531042158494473,0.3907418131023873,1,False,0.03483652186942121,1,76.0,76.0,1,39
0.02,0.5845943950663557,6,stay2,cov,32.0,600.0,1,0.006019467597425665,0.010597659420339411,0.0233792165249093,0.022942813450352876,0.01881412500545659,2,3.34009373620214,0.011900992523622292,0.017307247581884455,-0.4049503738188854,3.34009373620214,0.011900992523622292,-0.006201787421869717,-0.4049503738188854,1,False,0.06283391335653796,36,10.0,80.0,36,39
0.02,0.5845943950663557,6,stay2,data,4.0,600.0,1,0.006019467597425665,0.03284105188017228,0.0233792165249093,0.022942813450352876,0.01881412500545659,1,3.376651629601957,0.027752900189773583,0.028441848239603537,0.3876450094886791,3.376651629601957,0.027752900189773583,0.004675502853723072,0.3876450094886791,1,False,0.0,10,36.0,78.0,3,38
0.02,0.5845943950663557,6,stay2,data,16.0,600.0,1,0.006019467597425665,-0.0002902599561095398,0.0233792165249093,0.022942813450352876,0.01881412500545659,1,3.3220523556920396,0.03218590057769929,0.011812303847108666,0.6092950288849643,3.3220523556920396,0.03218590057769929,-0.011569748059934494,0.6092950288849643,0,False,0.0,2,26.0,28.0,2,39
0.02,0.5845943950663557,6,stay2,data,32.0,600.0,1,0.006019467597425665,0.01972408055557029,0.0233792165249093,0.022942813450352876,0.01881412500545659,3,3.355141559501804,0.02407170223772489,0.02189043024444232,0.20358511188624442,3.355141559501804,0.02407170223772489,-0.0017245178960744022,0.20358511188624442,1,False,0.07807873216285754,34,14.0,80.0,34,39
0.02,0.5845943950663557,6,stay+deck,cov,4.0,600.0,1,0.006019467597425665,-0.023880788876029735,0.0233792165249093,0.022942813450352876,0.01881412500545659,2,3.28262249359221,0.023591110713099366,-0.0001970251278681024,0.1795555356549683,3.3627833297732894,0.02223832566789654,0.0005491840525930495,0.11191628339482697,2,True,0.024125189134192745,36,6.0,78.0,25,38
0.02,0.5845943950663557,6,stay+deck,cov,16.0,600.0,1,0.006019467597425665,,0.0233792165249093,0.022942813450352876,0.01881412500545659,0,,,,,,,,,0,False,0.0,20,36.0,78.0,19,39
0.02,0.5845943950663557,6,stay+deck,cov,32.0,600.0,1,0.006019467597425665,0.010362570470477062,0.0233792165249093,0.022942813450352876,0.01881412500545659,3,3.260928432415798,0.005368439290235071,-0.006804482105809968,-0.7315780354882464,3.3397052211526455,0.0018071672137165901,-0.00631738464525379,-0.9096416393141704,2,True,0.040428747991509195,39,4.0,80.0,39,39
0.02,0.5845943950663557,6,stay+deck,data,4.0,600.0,1,0.006019467597425665,-0.024823573208832772,0.0233792165249093,0.022942813450352876,0.01881412500545659,2,3.2810368508436967,0.02255376276155391,-0.0006799714124752453,0.12768813807769555,3.366004739149686,0.022257787853688767,0.001507669392554096,0.1128893926844383,2,True,0.025565625596175645,37,6.0,78.0,37,38
0.02,0.5845943950663557,6,stay+deck,data,16.0,600.0,1,0.006019467597425665,-0.029080988997338353,0.0233792165249093,0.022942813450352876,0.01881412500545659,2,3.2738668571766945,0.017801678364906797,-0.0028637683650875163,-0.10991608175466017,3.381238317262667,0.021170807997952915,0.006040207667082781,0.05854039989764571,2,True,0.032267396914585265,38,6.0,80.0,38,39
0.02,0.5845943950663557,6,stay+deck,data,32.0,600.0,1,0.006019467597425665,0.010312285396061105,0.0233792165249093,0.022942813450352876,0.01881412500545659,3,3.2617682891471222,0.004023345469206496,-0.0065486831950051574,-0.7988327265396753,3.339622112662651,0.0008300654677064437,-0.006342112414990094,-0.9584967266146778,2,True,0.04049075204643391,37,8.0,80.0,37,39
0.02,0.5845943950663557,7,stay,cov,4.0,600.0,1,-0.0232449825595763,-0.009048800314463756,0.0233792165249093,0.022942813450352876,0.01881412500545659,1,3.307467952835369,0.02418469818824067,0.007370267215940653,0.20923490941203352,3.307467952835369,0.02418469818824067,-0.015909133309331355,0.20923490941203352,1,False,0.0,1,36.0,36.0,1,18
0.02,0.5845943950663557,7,stay,cov,16.0,600.0,1,-0.0232449825595763,0.0015922622659110264,0.0233792165249093,0.022942813450352876,0.01881412500545659,1,3.3251787111725966,0.023650335300199627,0.01276451188079825,0.18251676500998132,3.3251787111725966,0.023650335300199627,-0.010639544678279067,0.18251676500998132,0,False,0.0,18,22.0,80.0,10,38
0.02,0.5845943950663557,7,stay,cov,32.0,600.0,1,-0.0232449825595763,-0.027584183706613974,0.0233792165249093,0.022942813450352876,0.01881412500545659,2,3.2763894435068694,0.0033073679861305052,-0.002095452994616518,-0.8346316006934748,3.3310915612858976,0.022964157027392098,-0.008880258760596274,0.14820785136960488,2,True,0.016557631490533135,24,28.0,80.0,16,36
0.02,0.5845943950663557,7,stay,data,4.0,600.0,1,-0.0232449825595763,-0.007430085729488667,0.0233792165249093,0.022942813450352876,0.01881412500545659,1,3.310168218009247,0.023611653443472685,0.008192699024367209,0.18058267217363425,3.310168218009247,0.023611653443472685,-0.015105707143711788,0.18058267217363425,1,False,0.0,1,26.0,26.0,1,18
0.02,0.5845943950663557,7,stay,data,16.0,600.0,1,-0.0232449825595763,-0.004972915600537475,0.0233792165249093,0.022942813450352876,0.01881412500545659,1,3.3142629516553366,0.023644742631942765,0.00943985031534287,0.18223713159713825,3.3142629516553366,0.023644742631942765,-0.013887376372224428,0.18223713159713825,1,False,0.0,21,22.0,80.0,6,39
0.02,0.5845943950663557,7,stay,data,32.0,600.0,1,-0.0232449825595763,-0.0045660006903708306,0.0233792165249093,0.022942813450352876,0.01881412500545659,1,3.3149405639440896,0.022230717940018886,0.009646233712589339,0.11153589700094428,3.3149405639440896,0.022230717940018886,-0.013685762305503809,0.11153589700094428,1,False,0.0,14,32.0,80.0,11,39
0.02,0.5845943950663557,7,stay2,cov,4.0,600.0,1,-0.0232449825595763,-0.0005641553289330581,0.0233792165249093,0.022942813450352876,0.01881412500545659,1,3.3215972450420814,0.023228182195903793,0.011673688766449104,0.16140910979518963,3.3215972450420814,0.023228182195903793,-0.011705159873546643,0.16140910979518963,0,False,0.0,16,10.0,78.0,7,38
0.02,0.5845943950663557,7,stay2,cov,16.0,600.0,1,-0.0232449825595763,0.0034425712907535377,0.0233792165249093,0.022942813450352876,0.01881412500545659,1,3.328248707567182,0.024264456787604347,0.013699554376286187,0.2132228393802173,3.328248707567182,0.024264456787604347,-0.009726110155022404,0.2132228393802173,1,False,0.0,20,10.0,80.0,6,39
0.02,0.5845943950663557,7,stay2,cov,32.0,600.0,1,-0.0232449825595763,0.009225640866315832,0.0233792165249093,0.022942813450352876,0.01881412500545659,2,3.2652679757396017,0.0047533970831707024,-0.005482768039329708,-0.7623301458414649,3.3378256589975432,0.02349552780048056,-0.006876622097162544,0.17477639002402792,2,True,0.02197687546826069,29,18.0,80.0,28,39
0.02,0.5845943950663557,7,stay2,data,4.0,600.0,1,-0.0232449825595763,0.004227176390517062,0.0233792165249093,0.022942813450352876,0.01881412500545659,1,3.3295496542874767,0.022144159556872794,0.014095789521704144,0.1072079778436397,3.3295496542874767,0.022144159556872794,-0.009339031639448075,0.1072079778436397,1,False,0.0,6,56.0,78.0,5,38
0.02,0.5845943950663557,7,stay2,data,16.0,600.0,1,-0.0232449825595763,0.008264078471613034,0.0233792165249093,0.022942813450352876,0.01881412500545659,1,3.336235185888476,0.020669203020830716,0.01613203170195135,0.03346015104153579,3.336235185888476,0.020669203020830716,-0.007349845143513883,0.03346015104153579,1,False,0.0,33,6.0,80.0,13,39
0.02,0.5845943950663557,7,stay2,data,32.0,600.0,1,-0.0232449825595763,0.008162512268923283,0.0233792165249093,0.022942813450352876,0.01881412500545659,2,3.236847307308566,0.0018521422496731363,-0.01413897779255932,-0.9073928875163432,3.336067145947279,0.02091760586619126,-0.007399843079617664,0.045880293309562975,1,False,0.03019051574284982,36,6.0,80.0,33,39
0.02,0.5845943950663557,7,stay+deck,cov,4.0,600.0,1,-0.0232449825595763,-0.018666342421885473,0.0233792165249093,0.022942813450352876,0.01881412500545659,1,3.291378729497235,0.015041567792825878,0.0024699006985451095,-0.2479216103587061,3.291378729497235,0.015041567792825878,-0.020696256862752633,-0.2479216103587061,1,False,0.0,34,6.0,78.0,27,38
0.02,0.5845943950663557,7,stay+deck,cov,16.0,600.0,1,-0.0232449825595763,-0.030733488280520693,0.0233792165249093,0.022942813450352876,0.01881412500545659,2,3.2710796182261186,0.013011203632438288,-0.003712690164625825,-0.3494398183780856,3.352158531338475,0.011340540625934507,-0.0026120762375230365,-0.4329729687032747,2,True,0.024483164060071328,38,6.0,80.0,38,39
0.02,0.5845943950663557,7,stay+deck,cov,32.0,600.0,1,-0.0232449825595763,-0.030014012604497875,0.0233792165249093,0.022942813450352876,0.01881412500545659,2,3.2722934358996136,0.01413568073445245,-0.003342992301627061,-0.29321596327737753,3.35798959835555,0.010466161124687585,-0.0008771237371835606,-0.4766919437656208,2,True,0.025849925866871605,38,6.0,80.0,38,39
0.02,0.5845943950663557,7,stay+deck,data,4.0,600.0,1,-0.0232449825595763,-0.019309428129822725,0.0233792165249093,0.022942813450352876,0.01881412500545659,1,3.2903001027296885,0.014382946396025801,0.002141378532784427,-0.28085268019870996,3.2903001027296885,0.014382946396025801,-0.021017187183362564,-0.28085268019870996,1,False,0.0,35,6.0,78.0,32,38
0.02,0.5845943950663557,7,stay+deck,data,16.0,600.0,1,-0.0232449825595763,0.017422363433240662,0.0233792165249093,0.022942813450352876,0.01881412500545659,3,3.2641742803550464,0.01621168189191728,-0.0058158797209857,-0.18941590540413594,3.3513528142441897,0.010725132114922015,-0.0028518060988337516,-0.46374339425389927,2,True,0.040061005107946045,37,6.0,80.0,32,39
0.02,0.5845943950663557,7,stay+deck,data,32.0,600.0,1,-0.0232449825595763,0.01830452567025409,0.0233792165249093,0.022942813450352876,0.01881412500545659,2,3.2626423467203365,0.01342901735317455,-0.006282467581234471,-0.32854913234127253,3.3528054048449096,0.010981516070846412,-0.0024196080658993075,-0.4509241964576794,2,True,0.027258338818635562,38,6.0,80.0,38,39
0.02,0.5845943950663557,8,stay,cov,4.0,600.0,1,-0.008666750931549339,-0.010059430598453933,0.0233792165249093,0.022942813450352876,0.01881412500545659,1,3.305780947479134,0.027174193948799996,0.006856448469776139,0.35870969743999975,3.305780947479134,0.027174193948799996,-0.016411078176765643,0.35870969743999975,1,False,0.0,0,,,0,18
0.02,0.5845943950663557,8,stay,cov,16.0,600.0,1,-0.008666750931549339,-0.005462898381033643,0.0233792165249093,0.022942813450352876,0.01881412500545659,1,3.3134468272654174,0.02615805791953238,0.009191279669616872,0.30790289597661896,3.3134468272654174,0.02615805791953238,-0.014130202778906451,0.30790289597661896,1,False,0.0,0,,,0,39
0.02,0.5845943950663557,8,stay,cov,32.0,600.0,1,-0.008666750931549339,0.00374709490965186,0.0233792165249093,0.022942813450352876,0.01881412500545659,1,3.3287536958372748,0.01308103892989863,0.013853360906187138,-0.3459480535050685,3.3287536958372748,0.01308103892989863,-0.009575857952591195,-0.3459480535050685,1,False,0.0,0,,,0,36
0.02,0.5845943950663557,8,stay,data,4.0,600.0,1,-0.008666750931549339,-0.007266966043033785,0.0233792165249093,0.022942813450352876,0.01881412500545659,1,3.3104402046027346,0.023436109245676316,0.008275539194330385,0.1718054622838158,3.3104402046027346,0.023436109245676316,-0.015024781333898911,0.1718054622838158,1,False,0.0,6,22.0,32.0,6,18
0.02,0.5845943950663557,8,stay,data,16.0,600.0,1,-0.008666750931549339,-0.006598682998854022,0.0233792165249093,0.022942813450352876,0.01881412500545659,1,3.3115542699098195,0.02377705933918124,0.008614855034150404,0.1888529669590619,3.3115542699098195,0.02377705933918124,-0.014693306771111586,0.1888529669590619,1,False,0.0,3,28.0,70.0,1,39
0.02,0.5845943950663557,8,stay,data,32.0,600.0,1,-0.008666750931549339,0.0035965159677635583,0.0233792165249093,0.022942813450352876,0.01881412500545659,1,3.328504001959258,0.01793011629915132,0.013777310528010659,-0.10349418504243396,3.328504001959258,0.01793011629915132,-0.009650150876461858,-0.10349418504243396,1,False,0.0,1,70.0,70.0,1,39
0.02,0.5845943950663557,8,stay2,cov,4.0,600.0,1,-0.008666750931549339,-0.006609189258868886,0.0233792165249093,0.022942813450352876,0.01881412500545659,1,3.311536758285057,0.027206229790660636,0.008609521440486564,0.36031148953303177,3.311536758285057,0.027206229790660636,-0.01469851711033048,0.36031148953303177,1,False,0.0,4,52.0,78.0,2,38
0.02,0.5845943950663557,8,stay2,cov,16.0,600.0,1,-0.008666750931549339,-0.004123138202362098,0.0233792165249093,0.022942813450352876,0.01881412500545659,1,3.315677880320685,0.026570648099648,0.009870801450177422,0.3285324049824,3.315677880320685,0.026570648099648,-0.01346638412182505,0.3285324049824,1,False,0.0,6,48.0,64.0,4,39
0.02,0.5845943950663557,8,stay2,cov,32.0,600.0,1,-0.008666750931549339,0.0034853968772898813,0.0233792165249093,0.022942813450352876,0.01881412500545659,1,3.328319729410563,0.01989850780269914,0.013721185815914676,-0.005074609865043066,3.328319729410563,0.01989850780269914,-0.00970497859807205,-0.005074609865043066,1,False,0.0,2,20.0,28.0,1,39
0.02,0.5845943950663557,8,stay2,data,4.0,600.0,1,-0.008666750931549339,0.0006184033134832845,0.0233792165249093,0.022942813450352876,0.01881412500545659,1,3.323561764482407,0.03108714927885685,0.012272031215044889,0.5543574639428424,3.323561764482407,0.03108714927885685,-0.011120644568718589,0.5543574639428424,0,False,0.0,10,14.0,56.0,3,38
0.02,0.5845943950663557,8,stay2,data,16.0,600.0,1,-0.008666750931549339,-0.0022852168433457054,0.0233792165249093,0.022942813450352876,0.01881412500545659,1,3.3187360627002604,0.022815695766796623,0.010802245698417902,0.14078478833983113,3.3187360627002604,0.022815695766796623,-0.012556464693630804,0.14078478833983113,0,False,0.0,6,54.0,78.0,3,39
0.02,0.5845943950663557,8,stay2,data,32.0,600.0,1,-0.008666750931549339,0.007007328640042054,0.0233792165249093,0.022942813450352876,0.01881412500545659,1,3.3341553139360904,0.02174867745821457,0.015498555824232428,0.08743387291072854,3.3341553139360904,0.02174867745821457,-0.007968681976225776,0.08743387291072854,1,False,0.0,2,24.0,56.0,1,39
0.02,0.5845943950663557,8,stay+deck,cov,4.0,600.0,1,-0.008666750931549339,-0.025244885653625704,0.0233792165249093,0.022942813450352876,0.01881412500545659,2,3.2803280093678864,0.02407092693081303,-0.0008958664225202004,0.20354634654065148,3.3389872935518206,0.01562377037717091,-0.00653099396966501,-0.21881148114145454,2,True,0.017723671255865457,35,8.0,78.0,27,38
0.02,0.5845943950663557,8,stay+deck,cov,16.0,600.0,1,-0.008666750931549339,,0.0233792165249093,0.022942813450352876,0.01881412500545659,0,,,,,,,,,0,False,0.0,37,8.0,80.0,37,39
0.02,0.5845943950663557,8,stay+deck,cov,32.0,600.0,1,-0.008666750931549339,,0.0233792165249093,0.022942813450352876,0.01881412500545659,0,,,,,,,,,0,False,0.0,25,32.0,80.0,25,39
0.02,0.5845943950663557,8,stay+deck,data,4.0,600.0,1,-0.008666750931549339,-0.02526698731555499,0.0233792165249093,0.022942813450352876,0.01881412500545659,2,3.2802908199699603,0.023221445673442694,-0.0009071933633282808,0.1610722836721347,3.34416819784084,0.015307186308748142,-0.004989488302874869,-0.2346406845625929,2,True,0.019285311509705548,36,6.0,78.0,27,38
0.02,0.5845943950663557,8,stay+deck,data,16.0,600.0,1,-0.008666750931549339,0.02510270089202926,0.0233792165249093,0.022942813450352876,0.01881412500545659,2,3.2614130412746976,0.01788816853023855,-0.006656882624077651,-0.1055915734880725,3.3639784101706374,0.017436899831317923,0.0009047635232823939,-0.12815500843410388,2,True,0.030961300822026173,35,6.0,80.0,21,39
0.02,0.5845943950663557,8,stay+deck,data,32.0,600.0,1,-0.008666750931549339,0.03688063871257952,0.0233792165249093,0.022942813450352876,0.01881412500545659,1,3.3832484656749076,0.0015822404846892787,0.03045107602725027,-0.9208879757655362,3.3832484656749076,0.0015822404846892787,0.006638299234828095,-0.9208879757655362,1,False,0.0,33,14.0,80.0,18,39
0.02,0.5845943950663557,9,stay,cov,4.0,600.0,1,0.0208136730273496,0.003600220606110094,0.0233792165249093,0.022942813450352876,0.01881412500545659,1,3.3285101453106885,0.027698660208574602,0.013779181635957925,0.38493301042873007,3.3285101453106885,0.027698660208574602,-0.009648323008098635,0.38493301042873007,1,False,0.0,3,28.0,36.0,2,18
0.02,0.5845943950663557,9,stay,cov,16.0,600.0,1,0.0208136730273496,0.01150289515767522,0.0233792165249093,0.022942813450352876,0.01881412500545659,2,3.298504296130795,0.018108873194077467,0.004640166311416951,-0.09455634029612667,3.3415893340818115,0.009788215843503232,-0.005756793174120534,-0.5105892078248384,2,True,0.012977238078384468,34,14.0,80.0,34,37
0.02,0.5845943950663557,9,stay,cov,32.0,600.0,1,0.0208136730273496,0.01786588787813881,0.0233792165249093,0.022942813450352876,0.01881412500545659,2,3.29943340054976,0.02484215662459669,0.004923147788532137,0.24210783122983454,3.352083211468169,0.00551903322442099,-0.002634486612318954,-0.7240483387789505,2,True,0.015830919169105465,29,24.0,80.0,29,35
0.02,0.5845943950663557,9,stay,data,4.0,600.0,1,0.0208136730273496,0.0011070819503458118,0.0233792165249093,0.022942813450352876,0.01881412500545659,1,3.324373240353708,0.026069915175187204,0.012519186040720873,0.3034957587593602,3.324373240353708,0.026069915175187204,-0.010879201263787174,0.3034957587593602,0,False,0.0,0,,,0,18
0.02,0.5845943950663557,9,stay,data,16.0,600.0,1,0.0208136730273496,0.017581590127485613,0.0233792165249093,0.022942813450352876,0.01881412500545659,2,3.281224122665561,0.019568463866753073,-0.0006229331983719331,-0.021576806662346355,3.3516150474978454,0.009819353660382042,-0.002773782258982504,-0.5090323169808979,2,True,0.021224975617960027,34,14.0,80.0,34,39
0.02,0.5845943950663557,9,stay,data,32.0,600.0,1,0.0208136730273496,0.018523539910920483,0.0233792165249093,0.022942813450352876,0.01881412500545659,2,3.301752301530847,0.024943478925170612,0.00562942580370149,0.24717394625853056,3.353165941713844,0.0052585500217359644,-0.002312335359139028,-0.7370724989132018,2,True,0.015451321354754799,29,24.0,80.0,29,38
0.02,0.5845943950663557,9,stay2,cov,4.0,600.0,1,0.0208136730273496,-0.011980087923410099,0.0233792165249093,0.022942813450352876,0.01881412500545659,1,3.302572494743232,0.02681159137214739,0.0058792357088346524,0.3405795686073694,3.302572494743232,0.02681159137214739,-0.017365708449419846,0.3405795686073694,1,False,0.0,21,20.0,78.0,10,38
0.02,0.5845943950663557,9,stay2,cov,16.0,600.0,1,0.0208136730273496,0.0038690507123315676,0.0233792165249093,0.022942813450352876,0.01881412500545659,1,3.328955912362031,0.012684560345963204,0.013914950895110374,-0.36577198270183986,3.328955912362031,0.012684560345963204,-0.009515691251675508,-0.36577198270183986,1,False,0.0,32,6.0,80.0,29,39
0.02,0.5845943950663557,9,stay2,cov,32.0,600.0,1,0.0208136730273496,0.021051184183434435,0.0233792165249093,0.022942813450352876,0.01881412500545659,2,3.278209372969967,0.01878697217626083,-0.0015411489603225723,-0.060651391186958455,3.3573240973394576,0.009596799415131975,-0.0010751342639819732,-0.5201600292434012,2,True,0.023845776597612885,38,6.0,80.0,38,39
0.02,0.5845943950663557,9,stay2,data,4.0,600.0,1,0.0208136730273496,-0.012495460374138512,0.0233792165249093,0.022942813450352876,0.01881412500545659,1,3.301711035943394,0.026284099486609966,0.005616857359667561,0.31420497433049827,3.301711035943394,0.026284099486609966,-0.017622023476213625,0.31420497433049827,1,False,0.0,22,12.0,78.0,13,38
0.02,0.5845943950663557,9,stay2,data,16.0,600.0,1,0.0208136730273496,0.008558314167173897,0.0233792165249093,0.022942813450352876,0.01881412500545659,1,3.336721947192078,0.011267886833366497,0.01628028676336759,-0.4366056583316752,3.336721947192078,0.011267886833366497,-0.0072050161202356815,-0.4366056583316752,1,False,0.0,29,6.0,80.0,11,39
0.02,0.5845943950663557,9,stay2,data,32.0,600.0,1,0.0208136730273496,0.007215070058241402,0.0233792165249093,0.022942813450352876,0.01881412500545659,1,3.3344992073791184,0.021292455420705535,0.015603296984097615,0.06462277103527671,3.3344992073791184,0.021292455420705535,-0.007866361288247973,0.06462277103527671,1,False,0.0,31,16.0,80.0,24,39
0.02,0.5845943950663557,9,stay+deck,cov,4.0,600.0,1,0.0208136730273496,0.024850075547094397,0.0233792165249093,0.022942813450352876,0.01881412500545659,2,3.268985322587327,0.018411432535057164,-0.004350559128849708,-0.07942837324714183,3.3635638767928953,0.013205427158874149,0.0007814249099408095,-0.33972864205629255,2,True,0.028519518321675253,36,6.0,78.0,33,38
0.02,0.5845943950663557,9,stay+deck,cov,16.0,600.0,1,0.0208136730273496,0.0336905367151501,0.0233792165249093,0.022942813450352876,0.01881412500545659,2,3.265762478024881,0.016488897872735733,-0.005332155272595649,-0.17555510636321336,3.3780399481581127,0.012147080835406887,0.005088577638014997,-0.39264595822965564,2,True,0.03379915985783986,39,4.0,80.0,39,39
0.02,0.5845943950663557,9,stay+deck,cov,32.0,600.0,1,0.0208136730273496,0.023557258818290627,0.0233792165249093,0.022942813450352876,0.01881412500545659,2,3.2669937601283654,0.013398748509615825,-0.0049571381902556964,-0.33006257451920873,3.3614416913223377,0.007153156571595753,0.00014999828123863794,-0.6423421714202123,2,True,0.02849780521685593,39,4.0,80.0,39,39
0.02,0.5845943950663557,9,stay+deck,data,4.0,600.0,1,0.0208136730273496,0.02438826763093882,0.0233792165249093,0.022942813450352876,0.01881412500545659,2,3.2729019640417687,0.02128972991186917,-0.0031576501710568606,0.06448649559345851,3.3628059632761698,0.01581438408529032,0.0005559183350663439,-0.20928079573548397,2,True,0.02709703326883437,37,6.0,78.0,37,38
0.02,0.5845943950663557,9,stay+deck,data,16.0,600.0,1,0.0208136730273496,0.025213253934420532,0.0233792165249093,0.022942813450352876,0.01881412500545659,2,3.2577226875899132,0.01792266484169053,-0.007780870106518891,-0.10386675791547346,3.364159800786957,0.010993958285005354,0.0009587337661899944,-0.4503020857497323,2,True,0.03214708608431778,32,6.0,80.0,19,39
0.02,0.5845943950663557,9,stay+deck,data,32.0,600.0,1,0.0208136730273496,0.02570719290042578,0.0233792165249093,0.022942813450352876,0.01881412500545659,2,3.251200189519995,0.014876913471117623,-0.00976745643700054,-0.2561543264441189,3.364970114889094,0.010780948241626299,0.0011998314029425432,-0.46095258791868504,2,True,0.03439147426216679,38,6.0,80.0,38,39
0.02,0.5845943950663557,10,stay,cov,4.0,600.0,1,-0.037715227286654884,-0.0075593240653744065,0.0233792165249093,0.022942813450352876,0.01881412500545659,1,3.309952709483207,0.02413785625307107,0.008127060631324469,0.2068928126535535,3.309952709483207,0.02413785625307107,-0.015169828693850576,0.2068928126535535,1,False,0.0,2,18.0,34.0,1,18
0.02,0.5845943950663557,10,stay,cov,16.0,600.0,1,-0.037715227286654884,0.030005549671858978,0.0233792165249093,0.022942813450352876,0.01881412500545659,2,3.239239321198524,0.014103006006771463,-0.01341043145261805,-0.2948496996614269,3.372013411798332,0.02461494069624569,0.0032954659664852764,0.23074703481228453,1,False,0.040166091348204015,9,16.0,78.0,6,38
0.02,0.5845943950663557,10,stay,cov,32.0,600.0,1,-0.037715227286654884,-0.03002265584649555,0.0233792165249093,0.022942813450352876,0.01881412500545659,2,3.2722788566750536,0.0009697569556411849,-0.00334743276108133,-0.9515121522179407,3.3166874019994297,0.026492686602367792,-0.013166015054627457,0.3246343301183896,1,False,0.013479669975821023,8,20.0,80.0,6,36
0.02,0.5845943950663557,10,stay,data,4.0,600.0,1,-0.037715227286654884,-0.007026855881369087,0.0233792165249093,0.022942813450352876,0.01881412500545659,1,3.310840524853974,0.02605144507077373,0.008397466518861871,0.3025722535386865,3.310840524853974,0.02605144507077373,-0.014905671637716321,0.3025722535386865,1,False,0.0,1,38.0,38.0,1,18
0.02,0.5845943950663557,10,stay,data,16.0,600.0,1,-0.037715227286654884,,0.0233792165249093,0.022942813450352876,0.01881412500545659,0,,,,,,,,,0,False,0.0,8,16.0,32.0,6,39
0.02,0.5845943950663557,10,stay,data,32.0,600.0,1,-0.037715227286654884,-0.030689382483223948,0.0233792165249093,0.022942813450352876,0.01881412500545659,2,3.2711540414789644,0.0010681018330799528,-0.003690022742544812,-0.9465949083460024,3.312723047071314,0.024688648587884138,-0.01434555346065625,0.23443242939420686,1,False,0.01262751568210179,6,16.0,52.0,2,39
0.02,0.5845943950663557,10,stay2,cov,4.0,600.0,1,-0.037715227286654884,-0.006341988762000983,0.0233792165249093,0.022942813450352876,0.01881412500545659,1,3.3119820939800744,0.025916063586373987,0.008745159319519098,0.2958031793186993,3.3119820939800744,0.025916063586373987,-0.014566013697953512,0.2958031793186993,1,False,0.0,9,8.0,66.0,4,38
0.02,0.5845943950663557,10,stay2,cov,16.0,600.0,1,-0.037715227286654884,-0.04732798680420036,0.0233792165249093,0.022942813450352876,0.01881412500545659,3,3.2429571815820704,0.024720625492996043,-0.01227806613224245,0.23603127464980211,3.37935161785485,0.02301561633316645,0.0054788466253736495,0.1507808166583224,1,False,0.11313856756258318,11,6.0,80.0,8,39
0.02,0.5845943950663557,10,stay2,cov,32.0,600.0,1,-0.037715227286654884,-0.005975569416798887,0.0233792165249093,0.022942813450352876,0.01881412500545659,1,3.3125926976476774,0.0026737516461176813,0.008931133602132775,-0.8663124176941159,3.3125926976476774,0.0026737516461176813,-0.014384337109994184,-0.8663124176941159,1,False,0.0,17,4.0,62.0,10,39
0.02,0.5845943950663557,10,stay2,data,4.0,600.0,1,-0.037715227286654884,-0.009363891910259992,0.0233792165249093,0.022942813450352876,0.01881412500545659,1,3.306942075167509,0.02522660185287718,0.007210098308985361,0.261330092643859,3.306942075167509,0.02522660185287718,-0.01606560086013385,0.261330092643859,1,False,0.0,5,12.0,76.0,3,38
0.02,0.5845943950663557,10,stay2,data,16.0,600.0,1,-0.037715227286654884,0.016198897272660773,0.0233792165249093,0.022942813450352876,0.01881412500545659,1,3.3493371812543486,0.023133547712904195,0.020122564871431194,0.15667738564520972,3.3493371812543486,0.023133547712904195,-0.003451529525995784,0.15667738564520972,1,False,0.0,36,6.0,80.0,33,39
0.02,0.5845943950663557,10,stay2,data,32.0,600.0,1,-0.037715227286654884,-0.029464765668432147,0.0233792165249093,0.022942813450352876,0.01881412500545659,2,3.2732197599973802,0.00187058458549582,-0.003060857639340838,-0.906470770725209,3.3409600384510934,0.021873361311783353,-0.005944031294479993,0.09366806558916765,2,True,0.02048334956651869,38,6.0,80.0,38,39
0.02,0.5845943950663557,10,stay+deck,cov,4.0,600.0,1,-0.037715227286654884,-0.03817757335152494,0.0233792165249093,0.022942813450352876,0.01881412500545659,2,3.25849426209577,0.016671981625183754,-0.007545868217694597,-0.1664009187408123,3.3650007912970694,0.015325354645377466,0.0012089587394253623,-0.2337322677311267,2,True,0.03216022004779546,35,6.0,78.0,17,38
0.02,0.5845943950663557,10,stay+deck,cov,16.0,600.0,1,-0.037715227286654884,-0.031291010089315896,0.0233792165249093,0.022942813450352876,0.01881412500545659,2,3.2701387208947184,0.014304582210541237,-0.003999263461683135,-0.28477088947293816,3.375642141093924,0.015954757153303516,0.004375143656007253,-0.20226214233482423,2,True,0.03175049625925691,39,4.0,80.0,39,39
0.02,0.5845943950663557,10,stay+deck,cov,32.0,600.0,1,-0.037715227286654884,-0.03348822347870506,0.0233792165249093,0.022942813450352876,0.01881412500545659,3,3.266427972039592,0.0025123074832092075,-0.005129462792127206,-0.8743846258395397,3.3640317843631413,0.0007037850881836537,0.0009206442683445195,-0.9648107455908174,2,True,0.02941819319279209,37,6.0,80.0,35,39
0.02,0.5845943950663557,10,stay+deck,data,4.0,600.0,1,-0.037715227286654884,-0.035754811543650455,0.0233792165249093,0.022942813450352876,0.01881412500545659,2,3.2625956377901697,0.016327329080915286,-0.006296693928438575,-0.1836335459542357,3.366491832990096,0.015420745729691604,0.0016525973575121943,-0.22896271351541983,2,True,0.03134554964250526,36,6.0,78.0,24,38
0.02,0.5845943950663557,10,stay+deck,data,16.0,600.0,1,-0.037715227286654884,-0.034985791044554015,0.0233792165249093,0.022942813450352876,0.01881412500545659,2,3.2638963976487307,0.015408043512402185,-0.005900515696332322,-0.2295978243798908,3.369996528666144,0.015870590482347673,0.002695370576939079,-0.20647047588261638,2,True,0.03198729077960926,38,6.0,80.0,38,39
0.02,0.5845943950663557,10,stay+deck,data,32.0,600.0,1,-0.037715227286654884,0.026002036979978715,0.0233792165249093,0.022942813450352876,0.01881412500545659,1,3.36545371792634,0.007222901000013275,0.025031250332749628,-0.6388549499993363,3.36545371792634,0.007222901000013275,0.001343720728204196,-0.6388549499993363,1,False,0.0,39,4.0,80.0,39,39
0.02,0.5845943950663557,11,stay,cov,4.0,600.0,1,-0.0013371400296803282,0.005793145251528076,0.0233792165249093,0.022942813450352876,0.01881412500545659,1,3.3321446547758344,0.0291160959636579,0.014886160395333138,0.45580479818289504,3.3321446547758344,0.0291160959636579,-0.008566925509905253,0.45580479818289504,1,False,0.0,1,18.0,18.0,1,18
0.02,0.5845943950663557,11,stay,cov,16.0,600.0,1,-0.0013371400296803282,-0.007948518337101529,0.0233792165249093,0.022942813450352876,0.01881412500545659,1,3.3093036324217855,0.0225885923766427,0.007929368335546593,0.12942961883213502,3.3093036324217855,0.0225885923766427,-0.015362952502465443,0.12942961883213502,1,False,0.0,9,32.0,58.0,5,37
0.02,0.5845943950663557,11,stay,cov,32.0,600.0,1,-0.0013371400296803282,0.015559047100302648,0.0233792165249093,0.022942813450352876,0.01881412500545659,2,3.348282559254843,0.020153808485586778,0.019801353944944974,0.007690424279338873,3.348282559254843,0.020153808485586778,-0.0037653175633476726,0.007690424279338873,1,False,0.02244887197440869,6,70.0,80.0,6,35
0.02,0.5845943950663557,11,stay,data,4.0,600.0,1,-0.0013371400296803282,0.003384341026864135,0.0233792165249093,0.022942813450352876,0.01881412500545659,1,3.3281521362148174,0.028156001852124666,0.01367014120874406,0.4078000926062333,3.3281521362148174,0.028156001852124666,-0.009754843611310174,0.4078000926062333,1,False,0.0,0,,,0,18
0.02,0.5845943950663557,11,stay,data,16.0,600.0,1,-0.0013371400296803282,0.00046657335893729446,0.0233792165249093,0.022942813450352876,0.01881412500545659,1,3.3233096027324627,0.022629816876115615,0.012195229186107553,0.13149084380578072,3.3233096027324627,0.022629816876115615,-0.011195671773392224,0.13149084380578072,0,False,0.0,22,36.0,80.0,21,39
0.02,0.5845943950663557,11,stay,data,32.0,600.0,1,-0.0013371400296803282,0.010746050070886026,0.0233792165249093,0.022942813450352876,0.01881412500545659,1,3.340338947778131,0.018245063732306416,0.017381932765339895,-0.08774681338467923,3.340338947778131,0.018245063732306416,-0.006128828144325485,-0.08774681338467923,1,False,0.0,1,48.0,48.0,1,38
0.02,0.5845943950663557,11,stay2,cov,4.0,600.0,1,-0.0013371400296803282,0.0148523673450911,0.0233792165249093,0.022942813450352876,0.01881412500545659,1,3.3471174003825706,0.026067280984247695,0.019446476310075074,0.30336404921238475,3.3471174003825706,0.026067280984247695,-0.004111994302411476,0.30336404921238475,1,False,0.0,4,12.0,68.0,1,38
0.02,0.5845943950663557,11,stay2,cov,16.0,600.0,1,-0.0013371400296803282,-0.0014417709320505567,0.0233792165249093,0.022942813450352876,0.01881412500545659,1,3.320138559220293,0.026092724040094516,0.011229410319300675,0.30463620200472574,3.320138559220293,0.026092724040094516,-0.012139171454327755,0.30463620200472574,0,False,0.0,19,26.0,62.0,19,39
0.02,0.5845943950663557,11,stay2,cov,32.0,600.0,1,-0.0013371400296803282,0.008192057603946479,0.0233792165249093,0.022942813450352876,0.01881412500545659,1,3.3361160291869143,0.004571994878392542,0.016095739613863274,-0.7714002560803729,3.3361160291869143,0.004571994878392542,-0.007385298554819452,-0.7714002560803729,1,False,0.0,30,22.0,80.0,30,39
0.02,0.5845943950663557,11,stay2,data,4.0,600.0,1,-0.0013371400296803282,0.013093305922592169,0.0233792165249093,0.022942813450352876,0.01881412500545659,1,3.344215333614544,0.024476922279082474,0.018562580889991232,0.22384611395412368,3.344215333614544,0.024476922279082474,-0.0049754637121431815,0.22384611395412368,1,False,0.0,10,12.0,74.0,4,38
0.02,0.5845943950663557,11,stay2,data,16.0,600.0,1,-0.0013371400296803282,0.022597140656074544,0.0233792165249093,0.022942813450352876,0.01881412500545659,1,3.359864770058658,0.018688736643804077,0.023328999551424198,-0.06556316780979617,3.359864770058658,0.018688736643804077,-0.00031919260290796725,-0.06556316780979617,1,False,0.0,15,22.0,80.0,6,39
0.02,0.5845943950663557,11,stay2,data,32.0,600.0,1,-0.0013371400296803282,0.014826269866921038,0.0233792165249093,0.022942813450352876,0.01881412500545659,1,3.347074363637681,0.01826053751246116,0.01943336841672047,-0.08697312437694199,3.347074363637681,0.01826053751246116,-0.004124799284404313,-0.08697312437694199,1,False,0.0,1,26.0,26.0,1,39
0.02,0.5845943950663557,11,stay+deck,cov,4.0,600.0,1,-0.0013371400296803282,-0.01625439257221195,0.0233792165249093,0.022942813450352876,0.01881412500545659,2,3.2954210694301134,0.02047804655353903,0.0037010942025881297,0.023902327676951496,3.364424590497253,0.02157224229189274,0.0010375182439874122,0.07861211459463703,2,True,0.02072225831968969,37,6.0,78.0,37,38
0.02,0.5845943950663557,11,stay+deck,cov,16.0,600.0,1,-0.0013371400296803282,,0.0233792165249093,0.022942813450352876,0.01881412500545659,0,,,,,,,,,0,False,0.0,29,12.0,80.0,17,39
0.02,0.5845943950663557,11,stay+deck,cov,32.0,600.0,1,-0.0013371400296803282,-0.01860618090021049,0.0233792165249093,0.022942813450352876,0.01881412500545659,2,3.2914796183827217,0.014871117344667662,0.0025006288764084176,-0.25644413276661693,3.390877243269794,0.017313082343887794,0.008908135394149341,-0.13434588280561033,2,True,0.029749271685107666,32,10.0,80.0,17,39
0.02,0.5845943950663557,11,stay+deck,data,4.0,600.0,1,-0.0013371400296803282,-0.018430390115548034,0.0233792165249093,0.022942813450352876,0.01881412500545659,2,3.2917743960067094,0.019389248629655426,0.0025904106121894606,-0.030537568517228705,3.3688140369494377,0.020928285075863747,0.002343536692244705,0.04641425379318734,2,True,0.023132983434779215,32,6.0,78.0,24,38
0.02,0.5845943950663557,11,stay+deck,data,16.0,600.0,1,-0.0013371400296803282,-0.02068179742378673,0.0233792165249093,0.022942813450352876,0.01881412500545659,1,3.287997089014465,0.01586916608404814,0.0014399393730435436,-0.206541695797593,3.287997089014465,0.01586916608404814,-0.02170241672914606,-0.206541695797593,1,False,0.0,38,6.0,80.0,38,39
0.02,0.5845943950663557,11,stay+deck,data,32.0,600.0,1,-0.0013371400296803282,0.03861829669842587,0.0233792165249093,0.022942813450352876,0.01881412500545659,4,3.28489218228441,0.014168917774822173,0.0004942640809655738,-0.29155411125889136,3.3460162795740924,0.002204978851807384,-0.0044396174105408946,-0.8897510574096308,2,True,0.04343039133955373,38,6.0,80.0,38,39
0.025,0.4676755160530845,0,stay,cov,4.0,600.0,1,-0.008666750931549339,-0.0013313489870061535,0.0233792165249093,0.022942813450352876,0.005815399058867885,1,3.3203221268942578,0.034899022242916626,0.0112853203445559,0.395960889716665,3.3203221268942578,0.034899022242916626,-0.012084553458342851,0.395960889716665,0,False,0.0,0,,,0,18
0.025,0.4676755160530845,0,stay,cov,16.0,600.0,1,-0.008666750931549339,0.006680556706016638,0.0233792165249093,0.022942813450352876,0.005815399058867885,2,3.3336143065623247,0.027134220473904486,0.015333778795264099,0.08536881895617937,3.3336143065623247,0.027134220473904486,-0.008129651159579086,0.08536881895617937,1,False,0.04481162563809584,0,,,0,38
0.025,0.4676755160530845,0,stay,cov,32.0,600.0,1,-0.008666750931549339,0.009522956032802288,0.0233792165249093,0.022942813450352876,0.005815399058867885,1,3.338317280035254,0.022870988760552165,0.0167661844033284,-0.08516044957791347,3.338317280035254,0.022870988760552165,-0.006730347127916213,-0.08516044957791347,1,False,0.0,25,32.0,80.0,25,34
0.025,0.4676755160530845,0,stay,data,4.0,600.0,1,-0.008666750931549339,0.0005378475335995336,0.0233792165249093,0.022942813450352876,0.005815399058867885,1,3.3234279784667944,0.03235940634925788,0.012231283411522917,0.29437625397031514,3.3234279784667944,0.03235940634925788,-0.011160450727971732,0.29437625397031514,0,False,0.0,0,,,0,18
0.025,0.4676755160530845,0,stay,data,16.0,600.0,1,-0.008666750931549339,0.009909007857667573,0.0233792165249093,0.022942813450352876,0.005815399058867885,2,3.338955522229119,0.027526129196346234,0.01696057667516613,0.10104516785384932,3.338955522229119,0.027526129196346234,-0.006540447082722848,0.10104516785384932,1,False,0.04685489003319091,0,,,0,39
0.025,0.4676755160530845,0,stay,data,32.0,600.0,1,-0.008666750931549339,0.007075045312275208,0.0233792165249093,0.022942813450352876,0.005815399058867885,2,3.33426741545742,0.021046318226898238,0.0155326990846079,-0.15814727092407055,3.33426741545742,0.021046318226898238,-0.007935327735200374,-0.15814727092407055,1,False,0.04001135519731393,21,26.0,76.0,18,39
0.025,0.4676755160530845,0,stay2,cov,4.0,600.0,1,-0.008666750931549339,0.003974834372507674,0.0233792165249093,0.022942813450352876,0.005815399058867885,1,3.3291313036962897,0.03223574047044318,0.013968370616111206,0.2894296188177273,3.3291313036962897,0.03223574047044318,-0.009463506011303694,0.2894296188177273,1,False,0.0,10,58.0,78.0,9,38
0.025,0.4676755160530845,0,stay2,cov,16.0,600.0,1,-0.008666750931549339,0.0042671559959368555,0.0233792165249093,0.022942813450352876,0.005815399058867885,2,3.3296159305045006,0.025135531549174955,0.01411597556474535,0.005421261966998131,3.3296159305045006,0.025135531549174955,-0.00931931207729902,0.005421261966998131,1,False,0.0409977479580868,0,,,0,39
0.025,0.4676755160530845,0,stay2,cov,32.0,600.0,1,-0.008666750931549339,-0.005519603326625044,0.0233792165249093,0.022942813450352876,0.005815399058867885,3,3.313352365480122,0.0214257633709643,0.009162509022326595,-0.142969465161428,3.313352365480122,0.0214257633709643,-0.014158308562994548,-0.142969465161428,1,False,0.09619149820886266,28,26.0,80.0,28,39
0.025,0.4676755160530845,0,stay2,data,4.0,600.0,1,-0.008666750931549339,0.005641008242461387,0.0233792165249093,0.022942813450352876,0.005815399058867885,1,3.331892633922678,0.0308302573337649,0.014809401279958992,0.23321029335059598,3.331892633922678,0.0308302573337649,-0.008641910792708683,0.23321029335059598,1,False,0.0,13,16.0,78.0,8,38
0.025,0.4676755160530845,0,stay2,data,16.0,600.0,1,-0.008666750931549339,0.01591584344401764,0.0233792165249093,0.022942813450352876,0.005815399058867885,1,3.3488706836318443,0.02060497256066264,0.01998048160975212,-0.17580109757349444,3.3488706836318443,0.02060497256066264,-0.0035903293741533253,-0.17580109757349444,1,False,0.0,5,38.0,80.0,3,39
0.025,0.4676755160530845,0,stay2,data,32.0,600.0,1,-0.008666750931549339,0.025178593072959776,0.0233792165249093,0.022942813450352876,0.005815399058867885,1,3.36410293180779,0.0060290059518798575,0.024619835379498453,-0.7588397619248057,3.36410293180779,0.0060290059518798575,0.0009418131961967424,-0.7588397619248057,1,False,0.0,23,12.0,74.0,17,39
0.025,0.4676755160530845,0,stay+deck,cov,4.0,600.0,1,-0.008666750931549339,0.017799198422361773,0.0233792165249093,0.022942813450352876,0.005815399058867885,2,3.2563053511598836,0.028760349619597572,-0.008212554584982193,0.15041398478390283,3.3519733972630075,0.015141549738465862,-0.0026671602943843646,-0.3943380104613656,2,True,0.028953998384512958,27,6.0,78.0,20,38
0.025,0.4676755160530845,0,stay+deck,cov,16.0,600.0,1,-0.008666750931549339,-0.00038988359384295457,0.0233792165249093,0.022942813450352876,0.005815399058867885,2,3.3218868260524372,0.016357175466062242,0.011761887746437018,-0.34571298135751033,3.3218868260524372,0.016357175466062242,-0.011618999090880884,-0.34571298135751033,0,False,0.040604099264657294,10,38.0,80.0,5,39
0.025,0.4676755160530845,0,stay+deck,cov,32.0,600.0,1,-0.008666750931549339,-0.010158382583316694,0.0233792165249093,0.022942813450352876,0.005815399058867885,3,3.3056157245500217,0.005352992030584652,0.006806125785286468,-0.7858803187766139,3.3606286661467974,0.0022464240562250974,-9.190599751722153e-05,-0.9101430377509961,2,True,0.04911332745433844,39,4.0,80.0,39,39
0.025,0.4676755160530845,0,stay+deck,data,4.0,600.0,1,-0.008666750931549339,0.020212013998611722,0.0233792165249093,0.022942813450352876,0.005815399058867885,2,3.265919086808073,0.028992521564396523,-0.00528445623695204,0.15970086257586086,3.3559441736679805,0.0164330837991402,-0.0014857112676583755,-0.3426766480343921,2,True,0.02719025848728731,31,6.0,78.0,21,38
0.025,0.4676755160530845,0,stay+deck,data,16.0,600.0,1,-0.008666750931549339,,0.0233792165249093,0.022942813450352876,0.005815399058867885,0,,,,,,,,,0,False,0.0,22,6.0,80.0,16,39
0.025,0.4676755160530845,0,stay+deck,data,32.0,600.0,1,-0.008666750931549339,0.035942980089566534,0.0233792165249093,0.022942813450352876,0.005815399058867885,2,3.206174421085482,0.004811610973511292,-0.023481155564635398,-0.8075355610595483,3.3817183717111865,0.007743078563703508,0.006183041159361153,-0.6902768574518597,1,False,0.053292898396175424,36,10.0,80.0,36,39
0.025,0.4676755160530845,1,stay,cov,4.0,600.0,1,-0.037715227286654884,-0.008895747368979467,0.0233792165249093,0.022942813450352876,0.005815399058867885,1,3.3077233630753216,0.030128351166391863,0.007448058651969509,0.20513404665567447,3.3077233630753216,0.030128351166391863,-0.015833139561854254,0.20513404665567447,1,False,0.0,0,,,0,18
0.025,0.4676755160530845,1,stay,cov,16.0,600.0,1,-0.037715227286654884,-0.005731999289678158,0.0233792165249093,0.022942813450352876,0.005815399058867885,1,3.312998522283014,0.02284760158743879,0.009054737421480882,-0.08609593650244843,3.312998522283014,0.02284760158743879,-0.014263589661248528,-0.08609593650244843,1,False,0.0,13,18.0,80.0,6,38
0.025,0.4676755160530845,1,stay,cov,32.0,600.0,1,-0.037715227286654884,-0.009652659633429761,0.0233792165249093,0.022942813450352876,0.005815399058867885,1,3.3064600577412757,0.03207014912228713,0.007063288111459173,0.2828059648914852,3.3064600577412757,0.03207014912228713,-0.01620901840899784,0.2828059648914852,1,False,0.0,28,24.0,80.0,16,36
0.025,0.4676755160530845,1,stay,data,4.0,600.0,1,-0.037715227286654884,-0.00922376753945875,0.0233792165249093,0.022942813450352876,0.005815399058867885,1,3.307175948528613,0.030364906048667803,0.007281330161759048,0.21459624194671206,3.307175948528613,0.030364906048667803,-0.015996015109974903,0.21459624194671206,1,False,0.0,1,24.0,24.0,1,18
0.025,0.4676755160530845,1,stay,data,16.0,600.0,1,-0.037715227286654884,-0.01134771410669877,0.0233792165249093,0.022942813450352876,0.005815399058867885,1,3.3036292175276003,0.017454930958253383,0.006201086480737046,-0.3018027616698647,3.3036292175276003,0.017454930958253383,-0.017051295352890967,-0.3018027616698647,1,False,0.0,27,18.0,72.0,22,39
0.025,0.4676755160530845,1,stay,data,32.0,600.0,1,-0.037715227286654884,-0.007887051184069405,0.0233792165249093,0.022942813450352876,0.005815399058867885,1,3.3094061524652534,0.02501826859501698,0.007960593322471924,0.00073074380067914,3.3094061524652534,0.02501826859501698,-0.015332449096274315,0.00073074380067914,1,False,0.0,29,24.0,80.0,29,39
0.025,0.4676755160530845,1,stay2,cov,4.0,600.0,1,-0.037715227286654884,0.03854666318329025,0.0233792165249093,0.022942813450352876,0.005815399058867885,1,3.3859654188983885,0.01525983262393293,0.031278590589380775,-0.3896066950426828,3.3859654188983885,0.01525983262393293,0.007446690696387477,-0.3896066950426828,1,False,0.0,28,8.0,70.0,11,38
0.025,0.4676755160530845,1,stay2,cov,16.0,600.0,1,-0.037715227286654884,0.004813467470351052,0.0233792165249093,0.022942813450352876,0.005815399058867885,1,3.3305214465636945,0.010288110578883371,0.014391772629910132,-0.5884755768446651,3.3305214465636945,0.010288110578883371,-0.009049888428694773,-0.5884755768446651,1,False,0.0,18,6.0,80.0,15,39
0.025,0.4676755160530845,1,stay2,cov,32.0,600.0,1,-0.037715227286654884,0.0027356684004935516,0.0233792165249093,0.022942813450352876,0.005815399058867885,1,3.3270761625661276,0.020438642617609876,0.013342427115227661,-0.182454295295605,3.3270761625661276,0.020438642617609876,-0.010074984533482309,-0.182454295295605,0,False,0.0,35,6.0,80.0,15,39
0.025,0.4676755160530845,1,stay2,data,4.0,600.0,1,-0.037715227286654884,,0.0233792165249093,0.022942813450352876,0.005815399058867885,0,,,,,,,,,0,False,0.0,16,12.0,58.0,10,38
0.025,0.4676755160530845,1,stay2,data,16.0,600.0,1,-0.037715227286654884,-0.04004051331959879,0.0233792165249093,0.022942813450352876,0.005815399058867885,2,3.2553370673340982,0.013056390766084836,-0.008507469108790692,-0.47774436935660664,3.3681204890401206,0.027535270682512353,0.0021371812043294693,0.10141082730049406,2,True,0.034055754338603104,32,6.0,80.0,14,39
0.025,0.4676755160530845,1,stay2,data,32.0,600.0,1,-0.037715227286654884,0.015817740444866946,0.0233792165249093,0.022942813450352876,0.005815399058867885,1,3.348708986089843,0.005263132440444669,0.019931232668139728,-0.7894747023822132,3.348708986089843,0.005263132440444669,-0.0036384402180130357,-0.7894747023822132,1,False,0.0,38,6.0,80.0,38,39
0.025,0.4676755160530845,1,stay+deck,cov,4.0,600.0,1,-0.037715227286654884,-0.03731998539633796,0.0233792165249093,0.022942813450352876,0.005815399058867885,2,3.25994662103948,0.020269292176459296,-0.007103516776023257,-0.1892283129416282,3.3829271863285673,0.022431633217820598,0.006542707055282169,-0.10273467128717614,2,True,0.03702631386815789,37,6.0,78.0,37,38
0.025,0.4676755160530845,1,stay+deck,cov,16.0,600.0,1,-0.037715227286654884,-0.037281807786814,0.0233792165249093,0.022942813450352876,0.005815399058867885,1,3.2600112612799474,0.02292207524003398,-0.007083829009659051,-0.0831169903986409,3.2600112612799474,0.02292207524003398,-0.03002920866274819,-0.0831169903986409,1,False,0.0,36,4.0,80.0,34,39
0.025,0.4676755160530845,1,stay+deck,cov,32.0,600.0,1,-0.037715227286654884,0.023578842009614576,0.0233792165249093,0.022942813450352876,0.005815399058867885,3,3.2380948792344157,0.006836217570820295,-0.013758999246361524,-0.7265512971671881,3.3614771315754695,0.00697324108448881,0.00016054303327175983,-0.7210703566204476,1,False,0.058744091898939005,29,6.0,80.0,24,39
0.025,0.4676755160530845,1,stay+deck,data,4.0,600.0,1,-0.037715227286654884,-0.03437034601428157,0.0233792165249093,0.022942813450352876,0.005815399058867885,2,3.2649370189302935,0.0200763806427825,-0.005583569030959542,-0.1969447742887001,3.385927717723219,0.021763889475872315,0.00743547323859901,-0.12944442096510744,2,True,0.03638344894495751,36,6.0,78.0,27,38
0.025,0.4676755160530845,1,stay+deck,data,16.0,600.0,1,-0.037715227286654884,-0.036922946893635844,0.0233792165249093,0.022942813450352876,0.005815399058867885,2,3.2606188022827345,0.018643222455962796,-0.006898787536529265,-0.2542711017614882,3.3900707434136477,0.021872523920774656,0.008668172632986275,-0.12509904316901382,2,True,0.03892887804834634,28,6.0,80.0,13,39
0.025,0.4676755160530845,1,stay+deck,data,32.0,600.0,1,-0.037715227286654884,-0.03842734051550967,0.0233792165249093,0.022942813450352876,0.005815399058867885,3,3.2580711498396204,0.012820289721204142,-0.00767473740482445,-0.48718841115183437,3.3990464930715536,0.016715122140366606,0.011338781505394233,-0.3313951143853358,1,False,0.054618317570256605,7,4.0,20.0,5,39
0.025,0.4676755160530845,2,stay,cov,4.0,600.0,1,-0.0013371400296803282,0.020056817012900963,0.0233792165249093,0.022942813450352876,0.005815399058867885,1,3.3556889070067957,0.03675285255181338,0.022057138315457976,0.47011410207253523,3.3556889070067957,0.03675285255181338,-0.0015616622952797435,0.47011410207253523,1,False,0.0,1,14.0,14.0,1,18
0.025,0.4676755160530845,2,stay,cov,16.0,600.0,1,-0.0013371400296803282,0.008692239969463111,0.0233792165249093,0.022942813450352876,0.005815399058867885,2,3.336943480406123,0.03367414522769289,0.016347760122508853,0.34696580910771546,3.336943480406123,0.03367414522769289,-0.00713910200837752,0.34696580910771546,1,False,0.05517105146382256,0,,,0,38
0.025,0.4676755160530845,2,stay,cov,32.0,600.0,1,-0.0013371400296803282,0.021655175144455585,0.0233792165249093,0.022942813450352876,0.005815399058867885,1,3.3583169435594495,0.03370033502107027,0.02285757113054562,0.3480134008428107,3.3583169435594495,0.03370033502107027,-0.0007797267464926946,0.3480134008428107,1,False,0.0,3,46.0,64.0,2,34
0.025,0.4676755160530845,2,stay,data,4.0,600.0,1,-0.0013371400296803282,0.020140599010695537,0.0233792165249093,0.022942813450352876,0.005815399058867885,1,3.3558267133246362,0.03628825531345562,0.02209911060036192,0.4515302125382248,3.3558267133246362,0.03628825531345562,-0.001520659951283364,0.4515302125382248,1,False,0.0,1,18.0,18.0,1,18
0.025,0.4676755160530845,2,stay,data,16.0,600.0,1,-0.0013371400296803282,0.009779508735453524,0.0233792165249093,0.022942813450352876,0.005815399058867885,1,3.338741440728705,0.033696070376757925,0.01689537291768352,0.34784281507031695,3.338741440728705,0.033696070376757925,-0.0066041440413296204,0.34784281507031695,1,False,0.0,4,66.0,80.0,2,39
0.025,0.4676755160530845,2,stay,data,32.0,600.0,1,-0.0013371400296803282,0.01006039078388965,0.0233792165249093,0.022942813450352876,0.005815399058867885,2,3.339205763544488,0.030017684387569358,0.01703679378877883,0.20070737550277426,3.339205763544488,0.030017684387569358,-0.006465991276518568,0.20070737550277426,1,False,0.03557397177613049,14,54.0,80.0,14,38
0.025,0.4676755160530845,2,stay2,cov,4.0,600.0,1,-0.0013371400296803282,0.00455755289773907,0.0233792165249093,0.022942813450352876,0.005815399058867885,1,3.3300972965713296,0.03311865697619168,0.014262587374832443,0.3247462790476671,3.3300972965713296,0.03311865697619168,-0.009176088331322838,0.3247462790476671,1,False,0.0,0,,,0,38
0.025,0.4676755160530845,2,stay2,cov,16.0,600.0,1,-0.0013371400296803282,0.005053212881753089,0.0233792165249093,0.022942813450352876,0.005815399058867885,3,3.3309187489672567,0.0344551180956751,0.014512780795113625,0.37820472382700393,3.3309187489672567,0.0344551180956751,-0.008931676650913342,0.37820472382700393,1,False,0.13478816468876034,1,70.0,70.0,1,39
0.025,0.4676755160530845,2,stay2,cov,32.0,600.0,1,-0.0013371400296803282,0.03269535916590027,0.0233792165249093,0.022942813450352876,0.005815399058867885,3,3.3764134657091898,0.027131576810323618,0.028369309600463428,0.08526307241294467,3.3764134657091898,0.027131576810323618,0.0046046405158289465,0.08526307241294467,1,False,0.09003879481542873,19,14.0,80.0,17,39
0.025,0.4676755160530845,2,stay2,data,4.0,600.0,1,-0.0013371400296803282,-0.006216417946433794,0.0233792165249093,0.022942813450352876,0.005815399058867885,1,3.3121913587118157,0.030864547880316996,0.008808896012282035,0.23458191521267976,3.3121913587118157,0.030864547880316996,-0.014503749901549812,0.23458191521267976,1,False,0.0,12,10.0,48.0,5,38
0.025,0.4676755160530845,2,stay2,data,16.0,600.0,1,-0.0013371400296803282,0.022234467989244333,0.0233792165249093,0.022942813450352876,0.005815399058867885,1,3.3592689150891726,0.03008279718466483,0.0231475173455821,0.20331188738659314,3.3592689150891726,0.03008279718466483,-0.0004964809218591163,0.20331188738659314,1,False,0.0,4,38.0,78.0,3,39
0.025,0.4676755160530845,2,stay2,data,32.0,600.0,1,-0.0013371400296803282,0.018745604233507462,0.0233792165249093,0.022942813450352876,0.005815399058867885,2,3.3535314599920767,0.032470565212037235,0.021400035054983883,0.29882260848148934,3.3535314599920767,0.032470565212037235,-0.0022035805036584293,0.29882260848148934,1,False,0.029605600925834814,6,30.0,74.0,4,39
0.025,0.4676755160530845,2,stay+deck,cov,4.0,600.0,1,-0.0013371400296803282,,0.0233792165249093,0.022942813450352876,0.005815399058867885,0,,,,,,,,,0,False,0.0,18,24.0,76.0,9,38
0.025,0.4676755160530845,2,stay+deck,cov,16.0,600.0,1,-0.0013371400296803282,0.0375161456916302,0.0233792165249093,0.022942813450352876,0.005815399058867885,1,3.3842851079774467,0.015531101125899227,0.030766810797233764,-0.37875595496403097,3.3842851079774467,0.015531101125899227,0.0069467376646183115,-0.37875595496403097,1,False,0.0,32,10.0,80.0,14,39
0.025,0.4676755160530845,2,stay+deck,cov,32.0,600.0,1,-0.0013371400296803282,0.03844409995664155,0.0233792165249093,0.022942813450352876,0.005815399058867885,4,3.296353086596401,0.01548751864967709,0.0039849628281475,-0.3804992540129164,3.3857982217346283,0.014617833056891702,0.007396943516931972,-0.415286677724332,2,True,0.09074370776501386,33,16.0,80.0,33,39
0.025,0.4676755160530845,2,stay+deck,data,4.0,600.0,1,-0.0013371400296803282,0.0383740274651343,0.0233792165249093,0.022942813450352876,0.005815399058867885,1,3.385683985773533,0.029368194865265058,0.03119287324722292,0.17472779461060226,3.385683985773533,0.029368194865265058,0.007362954203183569,0.17472779461060226,1,False,0.0,21,8.0,78.0,7,38
0.025,0.4676755160530845,2,stay+deck,data,16.0,600.0,1,-0.0013371400296803282,0.04096966091329368,0.0233792165249093,0.022942813450352876,0.005815399058867885,2,3.275480717629757,0.017434417643895774,-0.0023722276883420155,-0.30262329424416906,3.3899129578784484,0.01820820283092621,0.008621225752079261,-0.2716718867629517,2,True,0.03433622853190785,30,6.0,74.0,17,39
0.025,0.4676755160530845,2,stay+deck,data,32.0,600.0,1,-0.0013371400296803282,0.03696881721103451,0.0233792165249093,0.022942813450352876,0.005815399058867885,2,3.383392321879801,0.011991246252244984,0.030494890953239245,-0.5203501499102007,3.383392321879801,0.011991246252244984,0.00668110163816847,-0.5203501499102007,1,False,0.021762281955659213,30,12.0,80.0,18,39
0.025,0.4676755160530845,3,stay,cov,4.0,600.0,1,0.035715865358221466,0.018251593740104877,0.0233792165249093,0.022942813450352876,0.005815399058867885,1,3.352718263541239,0.035950044521848225,0.02115235618472386,0.43800178087392894,3.352718263541239,0.035950044521848225,-0.0024455357429854457,0.43800178087392894,1,False,0.0,0,,,0,18
0.025,0.4676755160530845,3,stay,cov,16.0,600.0,1,0.035715865358221466,0.032795960813983394,0.0233792165249093,0.022942813450352876,0.005815399058867885,1,3.376577921027115,0.021508885027880266,0.02841939849018996,-0.13964459888478942,3.376577921027115,0.021508885027880266,0.004653571897374268,-0.13964459888478942,1,False,0.0,3,36.0,50.0,1,38
0.025,0.4676755160530845,3,stay,cov,32.0,600.0,1,0.035715865358221466,0.023633846218861,0.0233792165249093,0.022942813450352876,0.005815399058867885,1,3.3615674484617033,0.02612975560025545,0.023847591907364643,0.045190224010217966,3.3615674484617033,0.02612975560025545,0.00018741556057001282,0.045190224010217966,1,False,0.0,29,24.0,80.0,29,35
0.025,0.4676755160530845,3,stay,data,4.0,600.0,1,0.035715865358221466,0.01902921507340971,0.0233792165249093,0.022942813450352876,0.005815399058867885,1,3.3539982260250816,0.03551505134894493,0.021542200067646324,0.42060205395779704,3.3539982260250816,0.03551505134894493,-0.002064700793707569,0.42060205395779704,1,False,0.0,0,,,0,18
0.025,0.4676755160530845,3,stay,data,16.0,600.0,1,0.035715865358221466,,0.0233792165249093,0.022942813450352876,0.005815399058867885,0,,,,,,,,,0,False,0.0,3,40.0,44.0,3,39
0.025,0.4676755160530845,3,stay,data,32.0,600.0,1,0.035715865358221466,0.014431892082704456,0.0233792165249093,0.022942813450352876,0.005815399058867885,2,3.2671249276810457,0.001754558062945984,-0.0049171879036685445,-0.9298176774821606,3.346423937018019,0.029459209522605462,-0.004318324635213297,0.17836838090421844,2,True,0.02398077369935076,31,20.0,80.0,31,37
0.025,0.4676755160530845,3,stay2,cov,4.0,600.0,1,0.035715865358221466,0.01829656627446674,0.0233792165249093,0.022942813450352876,0.005815399058867885,1,3.352792301516441,0.032844165657775815,0.021174906261074454,0.3137666263110325,3.352792301516441,0.032844165657775815,-0.0024235067781628785,0.3137666263110325,1,False,0.0,5,30.0,48.0,4,38
0.025,0.4676755160530845,3,stay2,cov,16.0,600.0,1,0.035715865358221466,0.03508021721172394,0.0233792165249093,0.022942813450352876,0.005815399058867885,2,3.2793601166226476,0.03412356429123434,-0.001190661833182218,0.36494257164937344,3.3803098826084406,0.017370923182296785,0.005763964910819614,-0.30516307270812865,2,True,0.030316747225447634,20,14.0,80.0,7,39
0.025,0.4676755160530845,3,stay2,cov,32.0,600.0,1,0.035715865358221466,0.01412704433703671,0.0233792165249093,0.022942813450352876,0.005815399058867885,2,3.2691370050027895,0.0015668299035789042,-0.004304360538999269,-0.9373268038568439,3.3459210809592546,0.02186178387348478,-0.004467942427961921,-0.12552864506060885,2,True,0.023214936273775195,32,4.0,66.0,32,39
0.025,0.4676755160530845,3,stay2,data,4.0,600.0,1,0.035715865358221466,0.017701346986036315,0.0233792165249093,0.022942813450352876,0.005815399058867885,1,3.3518122636642973,0.032592391644568466,0.02087641176102963,0.3036956657827386,3.3518122636642973,0.032592391644568466,-0.002715103344799031,0.3036956657827386,1,False,0.0,3,52.0,72.0,2,38
0.025,0.4676755160530845,3,stay2,data,16.0,600.0,1,0.035715865358221466,0.023677912767663845,0.0233792165249093,0.022942813450352876,0.005815399058867885,1,3.3616398039637985,0.028005345515234474,0.023869629545376424,0.12021382060937891,3.3616398039637985,0.028005345515234474,0.00020894392903254944,0.12021382060937891,1,False,0.0,14,10.0,80.0,8,39
0.025,0.4676755160530845,3,stay2,data,32.0,600.0,1,0.035715865358221466,0.023609102086267653,0.0233792165249093,0.022942813450352876,0.005815399058867885,1,3.361526818907665,0.02849361919501598,0.023835217182864733,0.13974476780063916,3.361526818907665,0.02849361919501598,0.0001753268045738367,0.13974476780063916,1,False,0.0,16,12.0,66.0,7,39
0.025,0.4676755160530845,3,stay+deck,cov,4.0,600.0,1,0.035715865358221466,0.025882315949716572,0.0233792165249093,0.022942813450352876,0.005815399058867885,2,3.2899034249665107,0.028729690491278458,0.0020205606170889644,0.14918761965113825,3.3652573599629445,0.025078300558616363,0.0012852971603464897,0.003132022344654456,2,True,0.022645263557590393,35,6.0,78.0,17,38
0.025,0.4676755160530845,3,stay+deck,cov,16.0,600.0,1,0.035715865358221466,0.027073008566978807,0.0233792165249093,0.022942813450352876,0.005815399058867885,2,3.2635537634452203,0.025419400486665057,-0.006004873324000865,0.016776019466602232,3.367209740380276,0.021139490524418478,0.001866200668528529,-0.15442037902326095,2,True,0.031265170858605765,34,8.0,74.0,34,39
0.025,0.4676755160530845,3,stay+deck,cov,32.0,600.0,1,0.035715865358221466,,0.0233792165249093,0.022942813450352876,0.005815399058867885,0,,,,,,,,,0,False,0.0,20,22.0,80.0,14,39
0.025,0.4676755160530845,3,stay+deck,data,4.0,600.0,1,0.035715865358221466,0.025429776473078647,0.0233792165249093,0.022942813450352876,0.005815399058867885,2,3.2899227640680944,0.028272786019900693,0.002026450813519554,0.13091144079602768,3.3645150332041354,0.025441863753373463,0.0010644282074612718,0.01767455013493846,2,True,0.022418804235157977,37,6.0,78.0,37,38
0.025,0.4676755160530845,3,stay+deck,data,16.0,600.0,1,0.035715865358221466,0.030834378071377788,0.0233792165249093,0.022942813450352876,0.005815399058867885,2,3.273246554677484,0.026726711968238996,-0.0030526966641051534,0.06906847872955979,3.373369840639813,0.019642077125770683,0.0036990524118424516,-0.21431691496917274,2,True,0.030127595759210243,34,6.0,76.0,20,39
0.025,0.4676755160530845,3,stay+deck,data,32.0,600.0,1,0.035715865358221466,0.04755919133650366,0.0233792165249093,0.022942813450352876,0.005815399058867885,2,3.19898325424265,0.0035383761953426216,-0.025671401325852116,-0.8584649521862953,3.400625419556864,0.019956785491178675,0.011808569015213667,-0.20172858035285304,0,False,0.06110730962420077,33,8.0,80.0,14,39
0.025,0.4676755160530845,4,stay,cov,4.0,600.0,1,-0.015969365108181477,-0.00801989779061374,0.0233792165249093,0.022942813450352876,0.005815399058867885,1,3.309184575831312,0.027323428673723275,0.007893106738739225,0.09293714694893096,3.309184575831312,0.027323428673723275,-0.015398376127115764,0.09293714694893096,1,False,0.0,0,,,0,18
0.025,0.4676755160530845,4,stay,cov,16.0,600.0,1,-0.015969365108181477,-0.004248509337592465,0.0233792165249093,0.022942813450352876,0.005815399058867885,1,3.3154691680794843,0.02860669926888321,0.00980723303192288,0.14426797075532835,3.3154691680794843,0.02860669926888321,-0.013528483532389505,0.14426797075532835,1,False,0.0,0,,,0,37
0.025,0.4676755160530845,4,stay,cov,32.0,600.0,1,-0.015969365108181477,0.0025553750234612593,0.0233792165249093,0.022942813450352876,0.005815399058867885,1,3.3267770424780556,0.026215534240724266,0.01325132277579108,0.04862136962897057,3.3267770424780556,0.026215534240724266,-0.010163983535411564,0.04862136962897057,0,False,0.0,12,28.0,80.0,8,33
0.025,0.4676755160530845,4,stay,data,4.0,600.0,1,-0.015969365108181477,-0.007162334434912321,0.0233792165249093,0.022942813450352876,0.005815399058867885,1,3.310614656113876,0.02710024877193888,0.008328672669212262,0.0840099508775552,3.310614656113876,0.02710024877193888,-0.014972875724761466,0.0840099508775552,1,False,0.0,0,,,0,18
0.025,0.4676755160530845,4,stay,data,16.0,600.0,1,-0.015969365108181477,-0.0064484368481000365,0.0233792165249093,0.022942813450352876,0.005815399058867885,1,3.3118046870686033,0.02634672984360353,0.008691125705176335,0.05386919374414115,3.3118046870686033,0.02634672984360353,-0.014618798645156644,0.05386919374414115,1,False,0.0,2,68.0,70.0,2,38
0.025,0.4676755160530845,4,stay,data,32.0,600.0,1,-0.015969365108181477,-0.005641890319677212,0.0233792165249093,0.022942813450352876,0.005815399058867885,2,3.3131486448458958,0.023453536871057983,0.009100460920073106,-0.06185852515768073,3.3131486448458958,0.023453536871057983,-0.014218922790662693,-0.06185852515768073,1,False,0.03672917641665852,2,38.0,56.0,1,38
0.025,0.4676755160530845,4,stay2,cov,4.0,600.0,1,-0.015969365108181477,-0.0063110583945783505,0.0233792165249093,0.022942813450352876,0.005815399058867885,1,3.3120336409030244,0.02731710076959811,0.008760859195764867,0.0926840307839244,3.3120336409030244,0.02731710076959811,-0.014550676631410606,0.0926840307839244,1,False,0.0,8,36.0,78.0,2,38
0.025,0.4676755160530845,4,stay2,cov,16.0,600.0,1,-0.015969365108181477,-0.007578847411688128,0.0233792165249093,0.022942813450352876,0.005815399058867885,1,3.3099201525392967,0.02740712711590658,0.008117144617698888,0.09628508463626312,3.3099201525392967,0.02740712711590658,-0.015179515557519764,0.09628508463626312,1,False,0.0,1,30.0,30.0,1,39
0.025,0.4676755160530845,4,stay2,cov,32.0,600.0,1,-0.015969365108181477,-0.044049425104577544,0.0233792165249093,0.022942813450352876,0.005815399058867885,4,3.2485326069245963,0.003377668840132229,-0.010579933966720457,-0.8648932463947109,3.3250320387961603,0.008503892034595301,-0.010683184994105265,-0.659844318616188,0,False,0.0765221145480552,13,18.0,80.0,8,39
0.025,0.4676755160530845,4,stay2,data,4.0,600.0,1,-0.015969365108181477,-0.006570533403237211,0.0233792165249093,0.022942813450352876,0.005815399058867885,1,3.311601188638232,0.027326843018905055,0.008629145280542054,0.09307372075620213,3.311601188638232,0.027326843018905055,-0.014679346759173127,0.09307372075620213,1,False,0.0,2,64.0,76.0,1,38
0.025,0.4676755160530845,4,stay2,data,16.0,600.0,1,-0.015969365108181477,-0.003833402195022373,0.0233792165249093,0.022942813450352876,0.005815399058867885,1,3.3161601695696463,0.025701821840375193,0.01001769443796443,0.028072873615007654,3.3161601695696463,0.025701821840375193,-0.013322885695907035,0.028072873615007654,0,False,0.0,12,32.0,80.0,8,39
0.025,0.4676755160530845,4,stay2,data,32.0,600.0,1,-0.015969365108181477,-0.04283432238235818,0.0233792165249093,0.022942813450352876,0.005815399058867885,3,3.250596545880656,0.003226870444562979,-0.009951310872760955,-0.8709251822174808,3.3260703952752735,0.010096196109497217,-0.010374236535031486,-0.5961521556201114,1,False,0.04238413895948324,27,14.0,80.0,15,39
0.025,0.4676755160530845,4,stay+deck,cov,4.0,600.0,1,-0.015969365108181477,-0.02034990909838741,0.0233792165249093,0.022942813450352876,0.005815399058867885,2,3.2885541885380607,0.033783146331863995,0.0016096176598639498,0.35132585327455973,3.3274894805335964,0.017403553233628834,-0.009952007548481892,-0.3038578706548467,2,True,0.011769962213988521,21,16.0,68.0,13,38
0.025,0.4676755160530845,4,stay+deck,cov,16.0,600.0,1,-0.015969365108181477,0.008374712701841203,0.0233792165249093,0.022942813450352876,0.005815399058867885,1,3.3364182191309264,0.016362609810726486,0.0161877789530165,-0.3454956075709406,3.3364182191309264,0.016362609810726486,-0.0072953861601572035,-0.3454956075709406,1,False,0.0,22,16.0,80.0,14,39
0.025,0.4676755160530845,4,stay+deck,cov,32.0,600.0,1,-0.015969365108181477,0.016034885923550624,0.0233792165249093,0.022942813450352876,0.005815399058867885,3,3.305379820369212,0.006790970777429781,0.00673427539669662,-0.7283611689028088,3.3490668840330087,0.00506948551110199,-0.00353195268673556,-0.7972205795559204,2,True,0.030821180016686198,38,6.0,80.0,38,39
0.025,0.4676755160530845,4,stay+deck,data,4.0,600.0,1,-0.015969365108181477,0.0035281043166468518,0.0233792165249093,0.022942813450352876,0.005815399058867885,1,3.328390553809751,0.017014480972506064,0.013742757119084615,-0.3194207610997575,3.328390553809751,0.017014480972506064,-0.00968390578788199,-0.3194207610997575,1,False,0.0,29,8.0,78.0,17,38
0.025,0.4676755160530845,4,stay+deck,data,16.0,600.0,1,-0.015969365108181477,,0.0233792165249093,0.022942813450352876,0.005815399058867885,0,,,,,,,,,0,False,0.0,32,6.0,80.0,8,39
0.025,0.4676755160530845,4,stay+deck,data,32.0,600.0,1,-0.015969365108181477,-0.026253884887494472,0.0233792165249093,0.022942813450352876,0.005815399058867885,1,3.278629785180681,0.0067834066836635135,-0.0014131021380745015,-0.7286637326534595,3.278629785180681,0.0067834066836635135,-0.02448952707452095,-0.7286637326534595,1,False,0.0,36,6.0,80.0,35,39
0.025,0.4676755160530845,5,stay,cov,4.0,600.0,1,0.0208136730273496,0.0026711886778003624,0.0233792165249093,0.022942813450352876,0.005815399058867885,1,3.3269691890116952,0.035201886573377576,0.013309845702603188,0.408075462935103,3.3269691890116952,0.035201886573377576,-0.010106813019622005,0.408075462935103,0,False,0.0,3,28.0,34.0,2,18
0.025,0.4676755160530845,5,stay,cov,16.0,600.0,1,0.0208136730273496,0.005070752230496911,0.0233792165249093,0.022942813450352876,0.005815399058867885,2,3.289949173956524,0.03198124846150455,0.0020344945910387175,0.2792499384601818,3.3309478130456287,0.00496566352721304,-0.008923029040571373,-0.8013734589114785,2,True,0.012384617724635052,25,20.0,80.0,19,37
0.025,0.4676755160530845,5,stay,cov,32.0,600.0,1,0.0208136730273496,0.0009261403480382846,0.0233792165249093,0.022942813450352876,0.005815399058867885,1,3.3240728006635534,0.028398118895318004,0.012427679784191929,0.1359247558127201,3.3240728006635534,0.028398118895318004,-0.010968592894874379,0.1359247558127201,0,False,0.0,18,36.0,80.0,11,33
0.025,0.4676755160530845,5,stay,data,4.0,600.0,1,0.0208136730273496,0.004144260154096635,0.0233792165249093,0.022942813450352876,0.005815399058867885,1,3.329412195636838,0.03348083208327889,0.014053923127350572,0.33923328333115566,3.329412195636838,0.03348083208327889,-0.009379930539927325,0.33923328333115566,1,False,0.0,1,34.0,34.0,1,18
0.025,0.4676755160530845,5,stay,data,16.0,600.0,1,0.0208136730273496,0.005848591117957991,0.0233792165249093,0.022942813450352876,0.005815399058867885,1,3.332236498263827,0.00786676549733089,0.014914133576135045,-0.6853293801067645,3.332236498263827,0.00786676549733089,-0.008539598763588308,-0.6853293801067645,1,False,0.0,21,18.0,80.0,19,39
0.025,0.4676755160530845,5,stay,data,32.0,600.0,1,0.0208136730273496,0.0008490915711494296,0.0233792165249093,0.022942813450352876,0.005815399058867885,1,3.323944858819379,0.028169960059770256,0.012388711966032612,0.12679840239081017,3.323944858819379,0.028169960059770256,-0.011006660202589773,0.12679840239081017,0,False,0.0,6,50.0,78.0,4,39
0.025,0.4676755160530845,5,stay2,cov,4.0,600.0,1,0.0208136730273496,0.0178470064468097,0.0233792165249093,0.022942813450352876,0.005815399058867885,1,3.3520521207207334,0.03324248070434723,0.02094946609458064,0.3296992281738892,3.3520521207207334,0.03324248070434723,-0.002643737229717623,0.3296992281738892,1,False,0.0,8,6.0,54.0,4,38
0.025,0.4676755160530845,5,stay2,cov,16.0,600.0,1,0.0208136730273496,-0.0014708961746524585,0.0233792165249093,0.022942813450352876,0.005815399058867885,1,3.320090139136555,0.02309724627483997,0.011214662798420837,-0.07611014900640131,3.320090139136555,0.02309724627483997,-0.012153578173561476,-0.07611014900640131,0,False,0.0,27,6.0,80.0,8,39
0.025,0.4676755160530845,5,stay2,cov,32.0,600.0,1,0.0208136730273496,-0.008274507001801656,0.0233792165249093,0.022942813450352876,0.005815399058867885,2,3.3087598682472827,0.016060707441030077,0.0077637516554811955,-0.35757170235879693,3.3087598682472827,0.016060707441030077,-0.015524741933351089,-0.35757170235879693,1,False,0.06264925397736956,38,6.0,80.0,38,39
0.025,0.4676755160530845,5,stay2,data,4.0,600.0,1,0.0208136730273496,0.012248191420592303,0.0233792165249093,0.022942813450352876,0.005815399058867885,1,3.342820183477076,0.03227972474206274,0.01813765378961436,0.29118898968250956,3.342820183477076,0.03227972474206274,-0.005390571137981661,0.29118898968250956,1,False,0.0,11,14.0,52.0,5,38
0.025,0.4676755160530845,5,stay2,data,16.0,600.0,1,0.0208136730273496,0.0012378692389656276,0.0233792165249093,0.022942813450352876,0.005815399058867885,1,3.3245903857374737,0.01750784424274955,0.01258532297882216,-0.299686230290018,3.3245903857374737,0.01750784424274955,-0.010814592689507692,-0.299686230290018,0,False,0.0,24,14.0,80.0,11,39
0.025,0.4676755160530845,5,stay2,data,32.0,600.0,1,0.0208136730273496,0.01368951738985924,0.0233792165249093,0.022942813450352876,0.005815399058867885,3,3.345199234236521,0.02642985209291343,0.018862251891073784,0.05719408371653717,3.345199234236521,0.02642985209291343,-0.0046827178323264095,0.05719408371653717,1,False,0.051767945729050024,36,8.0,80.0,26,39
0.025,0.4676755160530845,5,stay+deck,cov,4.0,600.0,1,0.0208136730273496,0.023027141854695676,0.0233792165249093,0.022942813450352876,0.005815399058867885,2,3.2605652324248284,0.029456620119032995,-0.0069151035470977965,0.17826480476131973,3.3605711059040404,0.020622980499863858,-0.00010903224333107746,-0.17508078000544575,2,True,0.030208069542471554,31,6.0,78.0,14,38
0.025,0.4676755160530845,5,stay+deck,cov,16.0,600.0,1,0.0208136730273496,0.012583309792266295,0.0233792165249093,0.022942813450352876,0.005815399058867885,2,3.266003611022038,0.01268240477017575,-0.005258712320088077,-0.49270380919297,3.3433734804668154,0.00859735191182995,-0.0052259453511457514,-0.6561059235268021,2,True,0.023412151666882392,39,4.0,80.0,39,39
0.025,0.4676755160530845,5,stay+deck,cov,32.0,600.0,1,0.0208136730273496,0.013860347940443107,0.0233792165249093,0.022942813450352876,0.005815399058867885,2,3.267857023720981,0.007782560918645962,-0.00469421014730204,-0.6886975632541615,3.345481094778142,0.0108299903343889,-0.00459885416723717,-0.566800386624444,2,True,0.023475004503407344,35,4.0,80.0,22,39
0.025,0.4676755160530845,5,stay+deck,data,4.0,600.0,1,0.0208136730273496,0.02329488041091632,0.0233792165249093,0.022942813450352876,0.005815399058867885,2,3.267717104071261,0.028423589015522062,-0.004736826099122884,0.13694356062088242,3.3610108281546593,0.021799781010180708,2.1800967114335712e-05,-0.12800875959277175,2,True,0.028148303878892268,36,6.0,78.0,34,38
0.025,0.4676755160530845,5,stay+deck,data,16.0,600.0,1,0.0208136730273496,0.021275988674802404,0.0233792165249093,0.022942813450352876,0.005815399058867885,2,3.2512811776465744,0.013445617784194897,-0.00974278952204417,-0.4621752886322042,3.3576936674499116,0.010662881190349468,-0.0009651738424492764,-0.5734847523860213,2,True,0.03220241937591567,20,18.0,74.0,10,39
0.025,0.4676755160530845,5,stay+deck,data,32.0,600.0,1,0.0208136730273496,-0.04531901533008853,0.0233792165249093,0.022942813450352876,0.005815399058867885,2,3.2463747152785554,0.01793835182619271,-0.011237172650539546,-0.28246592695229167,3.4034591655605073,0.0028028610468526205,0.012651710536302572,-0.8878855581258952,0,False,0.047244623879876935,15,6.0,80.0,6,39
0.025,0.4676755160530845,6,stay,cov,4.0,600.0,1,0.006019467597425665,0.0023358972691747137,0.0233792165249093,0.022942813450352876,0.005815399058867885,1,3.3264128762993774,0.050846917361049716,0.013140407058403233,1.0338766944419886,3.3264128762993774,0.050846917361049716,-0.010272336092565632,1.0338766944419886,0,False,0.0,0,,,0,18
0.025,0.4676755160530845,6,stay,cov,16.0,600.0,1,0.006019467597425665,0.017061434672089426,0.0233792165249093,0.022942813450352876,0.005815399058867885,1,3.350758318311252,0.030638936041215353,0.02055540692377394,0.22555744164861405,3.350758318311252,0.030638936041215353,-0.0030286900554529882,0.22555744164861405,1,False,0.0,4,40.0,68.0,2,36
0.025,0.4676755160530845,6,stay,cov,32.0,600.0,1,0.006019467597425665,0.01573257048836285,0.0233792165249093,0.022942813450352876,0.005815399058867885,1,3.348568599007672,0.02566310326200272,0.019888474348332328,0.026524130480108793,3.348568599007672,0.02566310326200272,-0.0036802104323690635,0.026524130480108793,1,False,0.0,18,36.0,80.0,10,34
0.025,0.4676755160530845,6,stay,data,4.0,600.0,1,0.006019467597425665,-0.008812574001876516,0.0233792165249093,0.022942813450352876,0.005815399058867885,1,3.3078621520660705,0.042672115644993305,0.007490330233944332,0.7068846257997321,3.3078621520660705,0.042672115644993305,-0.01579184483726708,0.7068846257997321,1,False,0.0,0,,,0,18
0.025,0.4676755160530845,6,stay,data,16.0,600.0,1,0.006019467597425665,0.005037553170445408,0.0233792165249093,0.022942813450352876,0.005815399058867885,1,3.3308927993814486,0.0336324566970602,0.014504877214017007,0.3452982678824079,3.3308927993814486,0.0336324566970602,-0.008939397587518733,0.3452982678824079,1,False,0.0,9,48.0,76.0,5,39
0.025,0.4676755160530845,6,stay,data,32.0,600.0,1,0.006019467597425665,0.010061692585087378,0.0233792165249093,0.022942813450352876,0.005815399058867885,1,3.3392079153864476,0.028611912157999263,0.017037449184882703,0.14447648631997045,3.3392079153864476,0.028611912157999263,-0.006465351026015969,0.14447648631997045,1,False,0.0,16,36.0,80.0,6,37
0.025,0.4676755160530845,6,stay2,cov,4.0,600.0,1,0.006019467597425665,-0.016201160265740255,0.0233792165249093,0.022942813450352876,0.005815399058867885,1,3.295510228908919,0.04227790333447948,0.003728249902740072,0.691116133379179,3.295510228908919,0.04227790333447948,-0.019466986951523175,0.691116133379179,1,False,0.0,8,8.0,76.0,3,38
0.025,0.4676755160530845,6,stay2,cov,16.0,600.0,1,0.006019467597425665,0.007888476432142744,0.0233792165249093,0.022942813450352876,0.005815399058867885,1,3.33561371504048,0.03519078494082012,0.01594274755373281,0.4076313976328047,3.33561371504048,0.03519078494082012,-0.007534755109127605,0.4076313976328047,1,False,0.0,0,,,0,39
0.025,0.4676755160530845,6,stay2,cov,32.0,600.0,1,0.006019467597425665,0.012627626459163155,0.0233792165249093,0.022942813450352876,0.005815399058867885,5,3.2506726068076355,0.003299444793649119,-0.009928144656964285,-0.8680222082540353,3.34344664261865,0.0017749836323310425,-0.00520417697532637,-0.9290006547067583,2,True,0.0845011817508155,33,16.0,80.0,33,39
0.025,0.4676755160530845,6,stay2,data,4.0,600.0,1,0.006019467597425665,0.012207247890866135,0.0233792165249093,0.022942813450352876,0.005815399058867885,1,3.342752577408356,0.04040647165211721,0.018117062707710394,0.6162588660846882,3.342752577408356,0.04040647165211721,-0.005410686378917821,0.6162588660846882,1,False,0.0,9,30.0,78.0,3,38
0.025,0.4676755160530845,6,stay2,data,16.0,600.0,1,0.006019467597425665,0.015085165940093015,0.0233792165249093,0.022942813450352876,0.005815399058867885,1,3.3475012786552076,0.03619411568783537,0.019563395827844946,0.4477646275134148,3.3475012786552076,0.03619411568783537,-0.003997776687181282,0.4477646275134148,1,False,0.0,0,,,0,39
0.025,0.4676755160530845,6,stay2,data,32.0,600.0,1,0.006019467597425665,0.022288985056050592,0.0233792165249093,0.022942813450352876,0.005815399058867885,1,3.3593584909408607,0.005023652711596679,0.023174799862280045,-0.7990538915361328,3.3593584909408607,0.005023652711596679,-0.00046982887903380466,-0.7990538915361328,1,False,0.0,14,48.0,80.0,13,39
0.025,0.4676755160530845,6,stay+deck,cov,4.0,600.0,1,0.006019467597425665,-0.013183699514778047,0.0233792165249093,0.022942813450352876,0.005815399058867885,1,3.3005602752414847,0.021573330638040664,0.005266365039767575,-0.1370667744783735,3.3005602752414847,0.021573330638040664,-0.017964416240903853,-0.1370667744783735,1,False,0.0,27,6.0,78.0,12,38
0.025,0.4676755160530845,6,stay+deck,cov,16.0,600.0,1,0.006019467597425665,,0.0233792165249093,0.022942813450352876,0.005815399058867885,0,,,,,,,,,0,False,0.0,9,30.0,74.0,3,39
0.025,0.4676755160530845,6,stay+deck,cov,32.0,600.0,1,0.006019467597425665,,0.0233792165249093,0.022942813450352876,0.005815399058867885,0,,,,,,,,,0,False,0.0,38,4.0,80.0,32,39
0.025,0.4676755160530845,6,stay+deck,data,4.0,600.0,1,0.006019467597425665,,0.0233792165249093,0.022942813450352876,0.005815399058867885,0,,,,,,,,,0,False,0.0,27,6.0,78.0,9,38
0.025,0.4676755160530845,6,stay+deck,data,16.0,600.0,1,0.006019467597425665,,0.0233792165249093,0.022942813450352876,0.005815399058867885,0,,,,,,,,,0,False,0.0,24,6.0,80.0,10,39
0.025,0.4676755160530845,6,stay+deck,data,32.0,600.0,1,0.006019467597425665,0.009683436939538437,0.0233792165249093,0.022942813450352876,0.005815399058867885,2,3.2621110976037717,0.01599804626664061,-0.006444272494280812,-0.3600781493343756,3.3385826107498557,0.0011597621472255364,-0.006651401681848273,-0.9536095141109786,2,True,0.023170750386222017,31,8.0,80.0,24,39
0.025,0.4676755160530845,7,stay,cov,4.0,600.0,1,-0.0013371400296803282,-0.004030161711916724,0.0233792165249093,0.022942813450352876,0.005815399058867885,1,3.3158326549266395,0.026429910300383185,0.009917941842278627,0.057196412015327325,3.3158326549266395,0.026429910300383185,-0.013420333100836292,0.057196412015327325,1,False,0.0,7,16.0,34.0,4,18
0.025,0.4676755160530845,7,stay,cov,16.0,600.0,1,-0.0013371400296803282,-0.0013086644341235854,0.0233792165249093,0.022942813450352876,0.005815399058867885,1,3.3203598368970115,0.026392473500926748,0.011296805848298487,0.05569894003706985,3.3203598368970115,0.026392473500926748,-0.012073333374030002,0.05569894003706985,0,False,0.0,1,26.0,26.0,1,38
0.025,0.4676755160530845,7,stay,cov,32.0,600.0,1,-0.0013371400296803282,0.0005770358773273809,0.0233792165249093,0.022942813450352876,0.005815399058867885,1,3.3234930626427888,0.023253215143155315,0.012251106389310738,-0.06987139427378747,3.3234930626427888,0.023253215143155315,-0.01114108584097192,-0.06987139427378747,0,False,0.0,7,50.0,80.0,4,36
0.025,0.4676755160530845,7,stay,data,4.0,600.0,1,-0.0013371400296803282,-0.0019499961434874535,0.0233792165249093,0.022942813450352876,0.005815399058867885,1,3.319293544463835,0.025025117908257833,0.010972040405773612,0.0010047163303132656,3.319293544463835,0.025025117908257833,-0.012390593785823528,0.0010047163303132656,0,False,0.0,0,,,0,18
0.025,0.4676755160530845,7,stay,data,16.0,600.0,1,-0.0013371400296803282,-0.0020361965224034995,0.0233792165249093,0.022942813450352876,0.005815399058867885,1,3.319150199672251,0.026014551945917057,0.01092838124321744,0.04058207783668222,3.319150199672251,0.026014551945917057,-0.012433244025280794,0.04058207783668222,0,False,0.0,1,40.0,40.0,1,39
0.025,0.4676755160530845,7,stay,data,32.0,600.0,1,-0.0013371400296803282,-0.0007028254086798302,0.0233792165249093,0.022942813450352876,0.005815399058867885,1,3.321366803970997,0.024231061069436476,0.011603502301556318,-0.030757557222541032,3.321366803970997,0.024231061069436476,-0.011773724393777307,-0.030757557222541032,0,False,0.0,2,76.0,78.0,2,39
0.025,0.4676755160530845,7,stay2,cov,4.0,600.0,1,-0.0013371400296803282,0.005134077882172683,0.0233792165249093,0.022942813450352876,0.005815399058867885,1,3.3310527465132744,0.030287702540168337,0.01455359302539463,0.21150810160673342,3.3310527465132744,0.030287702540168337,-0.008891807553744323,0.21150810160673342,1,False,0.0,10,10.0,76.0,3,38
0.025,0.4676755160530845,7,stay2,cov,16.0,600.0,1,-0.0013371400296803282,0.0009375941699028001,0.0233792165249093,0.022942813450352876,0.005815399058867885,2,3.3240918196636917,0.029631473349249565,0.012433472485897509,0.18525893396998255,3.3240918196636917,0.029631473349249565,-0.010962934057178405,0.18525893396998255,0,False,0.02621228864452016,0,,,0,39
0.025,0.4676755160530845,7,stay2,cov,32.0,600.0,1,-0.0013371400296803282,0.005527392546944787,0.0233792165249093,0.022942813450352876,0.005815399058867885,3,3.3317044126843673,0.024665882527511028,0.014752073897853784,-0.013364698899558936,3.3812935944915408,0.004728550990753255,0.006056654634021347,-0.8108579603698698,1,False,0.0288182441512059,28,26.0,80.0,28,39
0.025,0.4676755160530845,7,stay2,data,4.0,600.0,1,-0.0013371400296803282,-0.0016675539988857402,0.0233792165249093,0.022942813450352876,0.005815399058867885,1,3.3197631812885002,0.02545993743817196,0.011115079788257102,0.018397497526878304,3.3197631812885002,0.02545993743817196,-0.012250859911934135,0.018397497526878304,0,False,0.0,6,18.0,62.0,2,38
0.025,0.4676755160530845,7,stay2,data,16.0,600.0,1,-0.0013371400296803282,0.005982370472723986,0.0233792165249093,0.022942813450352876,0.005815399058867885,1,3.332458087094934,0.023114551696730906,0.014981623874812847,-0.07541793213076381,3.332458087094934,0.023114551696730906,-0.008473668103650722,-0.07541793213076381,1,False,0.0,6,70.0,80.0,6,39
0.025,0.4676755160530845,7,stay2,data,32.0,600.0,1,-0.0013371400296803282,0.007569516187854397,0.0233792165249093,0.022942813450352876,0.005815399058867885,1,3.335085872735852,0.023707429220093373,0.01578198026859393,-0.05170283119626515,3.335085872735852,0.023707429220093373,-0.0076918072101441175,-0.05170283119626515,1,False,0.0,4,12.0,36.0,3,39
0.025,0.4676755160530845,7,stay+deck,cov,4.0,600.0,1,-0.0013371400296803282,-0.013232557194707839,0.0233792165249093,0.022942813450352876,0.005815399058867885,1,3.3004785681834075,0.01525272936363791,0.005241479156638128,-0.38989082545448367,3.3004785681834075,0.01525272936363791,-0.017988727034158554,-0.38989082545448367,1,False,0.0,26,6.0,78.0,9,38
0.025,0.4676755160530845,7,stay+deck,cov,16.0,600.0,1,-0.0013371400296803282,-0.022017434649803547,0.0233792165249093,0.022942813450352876,0.005815399058867885,1,3.285754166501624,0.014702265150030681,0.0007568024588465592,-0.4119093939987728,3.285754166501624,0.014702265150030681,-0.02236976697744994,-0.4119093939987728,1,False,0.0,38,6.0,80.0,38,39
0.025,0.4676755160530845,7,stay+deck,cov,32.0,600.0,1,-0.0013371400296803282,0.021765590414131397,0.0233792165249093,0.022942813450352876,0.005815399058867885,3,3.2834654819289306,0.01762630058052697,5.972758996066336e-05,-0.2949479767789212,3.358498413521988,0.010475755713291618,-0.0007257328952265348,-0.5809697714683353,2,True,0.04246026452920879,39,4.0,80.0,39,39
0.025,0.4676755160530845,7,stay+deck,data,4.0,600.0,1,-0.0013371400296803282,-0.014025071401704503,0.0233792165249093,0.022942813450352876,0.005815399058867885,1,3.2991529257663483,0.016056208781756794,0.004837722332702514,-0.3577516487297283,3.2991529257663483,0.016056208781756794,-0.018383153409176727,-0.3577516487297283,1,False,0.0,33,6.0,78.0,23,38
0.025,0.4676755160530845,7,stay+deck,data,16.0,600.0,1,-0.0013371400296803282,-0.022076770173090843,0.0233792165249093,0.022942813450352876,0.005815399058867885,1,3.2856544894178947,0.014064472680915423,0.0007264433648497556,-0.43742109276338315,3.2856544894178947,0.014064472680915423,-0.022399424500701866,-0.43742109276338315,1,False,0.0,38,6.0,80.0,38,39
0.025,0.4676755160530845,7,stay+deck,data,32.0,600.0,1,-0.0013371400296803282,0.0007913056773816152,0.0233792165249093,0.022942813450352876,0.005815399058867885,2,3.2824439565955688,0.013835056881451327,-0.0002514029372918898,-0.446597724741947,3.3238489003483758,0.0034370727428090922,-0.01103521130459368,-0.8625170902876363,1,False,0.012535000990543685,37,6.0,80.0,23,39
0.025,0.4676755160530845,8,stay,cov,4.0,600.0,1,-0.008666750931549339,-0.008046136141329652,0.0233792165249093,0.022942813450352876,0.005815399058867885,1,3.309140810780251,0.02938774727211295,0.00787977702192543,0.1755098908845179,3.309140810780251,0.02938774727211295,-0.015411397806431635,0.1755098908845179,1,False,0.0,0,,,0,18
0.025,0.4676755160530845,8,stay,cov,16.0,600.0,1,-0.008666750931549339,-0.003761519880358999,0.0233792165249093,0.022942813450352876,0.005815399058867885,1,3.316279812694237,0.030389201866219035,0.010054134678084106,0.21556807464876135,3.316279812694237,0.030389201866219035,-0.013287287556227078,0.21556807464876135,0,False,0.0,0,,,0,39
0.025,0.4676755160530845,8,stay,cov,32.0,600.0,1,-0.008666750931549339,0.005344223922589819,0.0233792165249093,0.022942813450352876,0.005815399058867885,1,3.3314009443190296,0.020534379709175342,0.014659645184215048,-0.17862481163298638,3.3314009443190296,0.020534379709175342,-0.008788206162791584,-0.17862481163298638,1,False,0.0,5,52.0,64.0,4,35
0.025,0.4676755160530845,8,stay,data,4.0,600.0,1,-0.008666750931549339,-0.008123747355881172,0.0233792165249093,0.022942813450352876,0.005815399058867885,1,3.3090113534180823,0.02912233729590432,0.007840347615690576,0.16489349183617275,3.3090113534180823,0.02912233729590432,-0.015449916035346603,0.16489349183617275,1,False,0.0,0,,,0,18
0.025,0.4676755160530845,8,stay,data,16.0,600.0,1,-0.008666750931549339,-0.007005736128063322,0.0233792165249093,0.022942813450352876,0.005815399058867885,1,3.3108757341462542,0.029137222028355586,0.008408190370061271,0.1654888811342234,3.3108757341462542,0.029137222028355586,-0.01489519560485678,0.1654888811342234,1,False,0.0,1,28.0,28.0,1,39
0.025,0.4676755160530845,8,stay,data,32.0,600.0,1,-0.008666750931549339,0.002473657255184891,0.0233792165249093,0.022942813450352876,0.005815399058867885,1,3.3266414577800973,0.027697208065386985,0.013210027139564122,0.10788832261547934,3.3266414577800973,0.027697208065386985,-0.010204324867459653,0.10788832261547934,0,False,0.0,2,78.0,80.0,2,39
0.025,0.4676755160530845,8,stay2,cov,4.0,600.0,1,-0.008666750931549339,-0.0064986567859510735,0.0233792165249093,0.022942813450352876,0.005815399058867885,1,3.311720986970158,0.029572609988721237,0.008665632792852044,0.1829043995488494,3.311720986970158,0.029572609988721237,-0.014643702439719707,0.1829043995488494,1,False,0.0,1,12.0,12.0,1,38
0.025,0.4676755160530845,8,stay2,cov,16.0,600.0,1,-0.008666750931549339,-0.0013256164583289598,0.0233792165249093,0.022942813450352876,0.005815399058867885,1,3.3203316564887215,0.030004383926823513,0.01128822281564808,0.20017535707294046,3.3203316564887215,0.030004383926823513,-0.012081718060688577,0.20017535707294046,0,False,0.0,1,46.0,46.0,1,39
0.025,0.4676755160530845,8,stay2,cov,32.0,600.0,1,-0.008666750931549339,0.0016111887673710967,0.0233792165249093,0.022942813450352876,0.005815399058867885,2,3.325210127999982,0.008849986217347582,0.012774080644048447,-0.6460005513060968,3.325210127999982,0.008849986217347582,-0.01063019704034841,-0.6460005513060968,0,False,0.042950465863000935,12,20.0,76.0,9,39
0.025,0.4676755160530845,8,stay2,data,4.0,600.0,1,-0.008666750931549339,-0.0079638615938743,0.0233792165249093,0.022942813450352876,0.005815399058867885,1,3.309278041163349,0.02849092732145035,0.0079215738918159,0.139637092858014,3.309278041163349,0.02849092732145035,-0.015370566823769076,0.139637092858014,1,False,0.0,0,,,0,38
0.025,0.4676755160530845,8,stay2,data,16.0,600.0,1,-0.008666750931549339,0.0002471303296309735,0.0233792165249093,0.022942813450352876,0.005815399058867885,1,3.322945114232602,0.028641596178087772,0.012084215297919412,0.14566384712351083,3.322945114232602,0.028641596178087772,-0.011304120232709667,0.14566384712351083,0,False,0.0,6,10.0,70.0,4,39
0.025,0.4676755160530845,8,stay2,data,32.0,600.0,1,-0.008666750931549339,0.012378246965126793,0.0233792165249093,0.022942813450352876,0.005815399058867885,1,3.3430349224805025,0.029790619394824358,0.018203057805722244,0.19162477579297427,3.3430349224805025,0.029790619394824358,-0.00532667854854229,0.19162477579297427,1,False,0.0,2,46.0,50.0,1,39
0.025,0.4676755160530845,8,stay+deck,cov,4.0,600.0,1,-0.008666750931549339,-0.0198236500050174,0.0233792165249093,0.022942813450352876,0.005815399058867885,2,3.289437360603457,0.03913163949009546,0.001878609315173279,0.5652655796038183,3.331215679477629,0.018764258968747106,-0.008843329127228716,-0.24942964125011582,2,True,0.012620603623614928,29,10.0,78.0,20,38
0.025,0.4676755160530845,8,stay+deck,cov,16.0,600.0,1,-0.008666750931549339,-0.012004323890571711,0.0233792165249093,0.022942813450352876,0.005815399058867885,1,3.3025319887127322,0.01442159977420545,0.005866898606449972,-0.42313600903178206,3.3025319887127322,0.01442159977420545,-0.01737776045271328,-0.42313600903178206,1,False,0.0,26,10.0,80.0,12,39
0.025,0.4676755160530845,8,stay+deck,cov,32.0,600.0,1,-0.008666750931549339,-0.0018771141650133494,0.0233792165249093,0.022942813450352876,0.005815399058867885,2,3.3194147369208413,0.008900061744768263,0.011008952532977867,-0.6439975302092695,3.3194147369208413,0.008900061744768263,-0.01235453466393558,-0.6439975302092695,0,False,0.04251280382084077,10,36.0,70.0,6,39
0.025,0.4676755160530845,8,stay+deck,data,4.0,600.0,1,-0.008666750931549339,0.007358311249680449,0.0233792165249093,0.022942813450352876,0.005815399058867885,1,3.3347363070179648,0.01919415483216109,0.015675511478673947,-0.2322338067135564,3.3347363070179648,0.01919415483216109,-0.007795815604234828,-0.2322338067135564,1,False,0.0,29,8.0,78.0,14,38
0.025,0.4676755160530845,8,stay+deck,data,16.0,600.0,1,-0.008666750931549339,0.024134537595182692,0.0233792165249093,0.022942813450352876,0.005815399058867885,2,3.2751733771200278,0.021151035425914205,-0.0024658357582695595,-0.15395858296343184,3.3623894719194634,0.027353363326935026,0.0004319971524471694,0.094134533077401,2,True,0.026279553740739786,36,6.0,80.0,16,39
0.025,0.4676755160530845,8,stay+deck,data,32.0,600.0,1,-0.008666750931549339,,0.0233792165249093,0.022942813450352876,0.005815399058867885,0,,,,,,,,,0,False,0.0,24,16.0,80.0,14,39
0.025,0.4676755160530845,9,stay,cov,4.0,600.0,1,0.028251270830166986,,0.0233792165249093,0.022942813450352876,0.005815399058867885,0,,,,,,,,,0,False,0.0,0,,,0,18
0.025,0.4676755160530845,9,stay,cov,16.0,600.0,1,0.028251270830166986,0.022104421873451185,0.0233792165249093,0.022942813450352876,0.005815399058867885,1,3.3590552293923333,0.012661890511900298,0.023082434139759737,-0.4935243795239881,3.3590552293923333,0.012661890511900298,-0.000560060114643658,-0.4935243795239881,1,False,0.0,24,16.0,74.0,21,38
0.025,0.4676755160530845,9,stay,cov,32.0,600.0,1,0.028251270830166986,0.018775645681610387,0.0233792165249093,0.022942813450352876,0.005815399058867885,1,3.353580905210883,0.004760530434693099,0.02141509480582407,-0.809578782612276,3.353580905210883,0.004760530434693099,-0.0021888687698116234,-0.809578782612276,1,False,0.0,15,24.0,80.0,11,35
0.025,0.4676755160530845,9,stay,data,4.0,600.0,1,0.028251270830166986,,0.0233792165249093,0.022942813450352876,0.005815399058867885,0,,,,,,,,,0,False,0.0,6,16.0,38.0,2,18
0.025,0.4676755160530845,9,stay,data,16.0,600.0,1,0.028251270830166986,0.024403289688200935,0.0233792165249093,0.022942813450352876,0.005815399058867885,1,3.362830619981123,0.01173154322054531,0.02423232169135745,-0.5307382711781876,3.362830619981123,0.01173154322054531,0.0005632545930417106,-0.5307382711781876,1,False,0.0,29,16.0,80.0,14,39
0.025,0.4676755160530845,9,stay,data,32.0,600.0,1,0.028251270830166986,0.016674107473835242,0.0233792165249093,0.022942813450352876,0.005815399058867885,2,3.3025199473105906,0.031067518657423607,0.0058632311028895346,0.24270074629694424,3.3501202234161296,0.006108233776463421,-0.0032185462739640477,-0.7556706489414633,2,True,0.014310191107281612,27,22.0,80.0,25,37
0.025,0.4676755160530845,9,stay2,cov,4.0,600.0,1,0.028251270830166986,,0.0233792165249093,0.022942813450352876,0.005815399058867885,0,,,,,,,,,0,False,0.0,18,16.0,72.0,8,38
0.025,0.4676755160530845,9,stay2,cov,16.0,600.0,1,0.028251270830166986,0.019277031423666546,0.0233792165249093,0.022942813450352876,0.005815399058867885,2,3.2842988830848157,0.033331051736412126,0.0003135602973591661,0.333242069456485,3.3544060284020265,0.009068052031506412,-0.0019433648955857984,-0.6372779187397435,2,True,0.021120729495268154,32,6.0,80.0,29,39
0.025,0.4676755160530845,9,stay2,cov,32.0,600.0,1,0.028251270830166986,0.06138242276232786,0.0233792165249093,0.022942813450352876,0.005815399058867885,2,3.3265163040898456,0.027831755731918716,0.013171908521881394,0.1132702292767486,3.3265163040898456,0.027831755731918716,-0.01024156259894057,0.1132702292767486,0,False,0.028586489417033262,36,4.0,80.0,34,39
0.025,0.4676755160530845,9,stay2,data,4.0,600.0,1,0.028251270830166986,-0.0058548797064396085,0.0233792165249093,0.022942813450352876,0.005815399058867885,1,3.3127937911552046,0.03529674074176044,0.008992381548689409,0.41186962967041746,3.3127937911552046,0.03529674074176044,-0.014324504547160543,0.41186962967041746,1,False,0.0,4,32.0,60.0,2,38
0.025,0.4676755160530845,9,stay2,data,16.0,600.0,1,0.028251270830166986,0.017502544762284522,0.0233792165249093,0.022942813450352876,0.005815399058867885,1,3.3514848688551093,0.013730041534463102,0.02077669566366455,-0.45079833862147595,3.3514848688551093,0.013730041534463102,-0.002812515094850191,-0.45079833862147595,1,False,0.0,30,14.0,80.0,21,39
0.025,0.4676755160530845,9,stay2,data,32.0,600.0,1,0.028251270830166986,0.010546508593177073,0.0233792165249093,0.022942813450352876,0.005815399058867885,1,3.340009206657806,0.026087243885503104,0.01728150204152622,0.04348975542012412,3.340009206657806,0.026087243885503104,-0.006226938006465167,0.04348975542012412,1,False,0.0,12,40.0,74.0,8,39
0.025,0.4676755160530845,9,stay+deck,cov,4.0,600.0,1,0.028251270830166986,0.023754296561889765,0.0233792165249093,0.022942813450352876,0.005815399058867885,2,3.2412646415091206,0.03149258765631824,-0.012793570611764135,0.2597035062527295,3.3617652193948055,0.015420687103358682,0.0002462595378173114,-0.38317251586565276,1,False,0.036498571238988434,9,6.0,78.0,6,38
0.025,0.4676755160530845,9,stay+deck,cov,16.0,600.0,1,0.028251270830166986,0.03256166455929943,0.0233792165249093,0.022942813450352876,0.005815399058867885,3,3.2495495317928693,0.017788420493842386,-0.010270204623640204,-0.2884631802463046,3.3761949003418765,0.01277547893409145,0.004539609445289483,-0.48898084263634206,1,False,0.06467797780114823,12,4.0,80.0,9,39
0.025,0.4676755160530845,9,stay+deck,cov,32.0,600.0,1,0.028251270830166986,0.02253532783642931,0.0233792165249093,0.022942813450352876,0.005815399058867885,3,3.273873020239904,0.01901009970029028,-0.0028618912534357,-0.23959601198838887,3.3597632218314306,0.0017228327729694537,-0.00034940685875814535,-0.9310866890812219,2,True,0.036944458228117615,39,4.0,80.0,39,39
0.025,0.4676755160530845,9,stay+deck,data,4.0,600.0,1,0.028251270830166986,0.023730870064596177,0.0233792165249093,0.022942813450352876,0.005815399058867885,1,3.3617267556566723,0.015368109355275515,0.023896112810319368,-0.38527562578897945,3.3617267556566723,0.015368109355275515,0.00023481519007594493,-0.38527562578897945,1,False,0.0,19,6.0,60.0,9,38
0.025,0.4676755160530845,9,stay+deck,data,16.0,600.0,1,0.028251270830166986,0.029237733222516216,0.0233792165249093,0.022942813450352876,0.005815399058867885,2,3.246387520956966,0.017345535025633213,-0.011233272367946856,-0.30617859897467153,3.370756345730201,0.01361499619053283,0.0029214435257194373,-0.45540015237868686,1,False,0.037589880854592805,12,14.0,80.0,6,39
0.025,0.4676755160530845,9,stay+deck,data,32.0,600.0,1,0.028251270830166986,0.03285530910378687,0.0233792165249093,0.022942813450352876,0.005815399058867885,2,3.252893980841039,0.021128755544747538,-0.00925157085926572,-0.15484977821009854,3.3766749349842953,0.012395721236258886,0.004682437044539369,-0.5041711505496446,2,True,0.03734208233291939,28,6.0,80.0,25,39
0.025,0.4676755160530845,10,stay,cov,4.0,600.0,1,-0.037715227286654884,-0.010539099987663336,0.0233792165249093,0.022942813450352876,0.005815399058867885,1,3.3049799529010135,0.026859524993810086,0.006612485978315502,0.07438099975240337,3.3049799529010135,0.026859524993810086,-0.016649402919389846,0.07438099975240337,1,False,0.0,6,14.0,34.0,3,18
0.025,0.4676755160530845,10,stay,cov,16.0,600.0,1,-0.037715227286654884,0.01067345350289739,0.0233792165249093,0.022942813450352876,0.005815399058867885,1,3.340218986142866,0.0330252359067371,0.01734539551500345,0.321009436269484,3.340218986142866,0.0330252359067371,-0.006164521052405309,0.321009436269484,1,False,0.0,6,14.0,70.0,2,37
0.025,0.4676755160530845,10,stay,cov,32.0,600.0,1,-0.037715227286654884,0.005787001497424837,0.0233792165249093,0.022942813450352876,0.005815399058867885,1,3.3321344777783297,0.035187211054112974,0.01488306074180906,0.4074884421645189,3.3321344777783297,0.035187211054112974,-0.008569953533286748,0.4074884421645189,1,False,0.0,15,18.0,80.0,11,35
0.025,0.4676755160530845,10,stay,data,4.0,600.0,1,-0.037715227286654884,-0.0051758745486449875,0.0233792165249093,0.022942813450352876,0.005815399058867885,1,3.3139249238581043,0.027729014144825828,0.009336895681381158,0.10916056579303307,3.3139249238581043,0.027729014144825828,-0.013987951819269545,0.10916056579303307,1,False,0.0,7,22.0,38.0,4,18
0.025,0.4676755160530845,10,stay,data,16.0,600.0,1,-0.037715227286654884,0.002176449034225536,0.0233792165249093,0.022942813450352876,0.005815399058867885,1,3.326148288471009,0.03063012471779445,0.013059820363334302,0.22520498871177796,3.326148288471009,0.03063012471779445,-0.010351060503216835,0.22520498871177796,0,False,0.0,3,14.0,74.0,1,39
0.025,0.4676755160530845,10,stay,data,32.0,600.0,1,-0.037715227286654884,-0.03192386606743469,0.0233792165249093,0.022942813450352876,0.005815399058867885,2,3.269070358272186,0.0006543172473978637,-0.00432465943101414,-0.9738273101040854,3.3270038083488833,0.027221887883330756,-0.010096512519655418,0.08887551533323018,1,False,0.017566039620920362,20,12.0,80.0,12,39
0.025,0.4676755160530845,10,stay2,cov,4.0,600.0,1,-0.037715227286654884,0.009951948033602775,0.0233792165249093,0.022942813450352876,0.005815399058867885,1,3.339026505759537,0.02921573456026718,0.016982196445644575,0.16862938241068715,3.339026505759537,0.02921573456026718,-0.006519326925259208,0.16862938241068715,1,False,0.0,20,16.0,72.0,11,38
0.025,0.4676755160530845,10,stay2,cov,16.0,600.0,1,-0.037715227286654884,0.006324831683886867,0.0233792165249093,0.022942813450352876,0.005815399058867885,1,3.3330252642922282,0.032011646855066966,0.015154371563662688,0.2804658742026786,3.3330252642922282,0.032011646855066966,-0.008304912455036161,0.2804658742026786,1,False,0.0,13,22.0,46.0,13,39
0.025,0.4676755160530845,10,stay2,cov,32.0,600.0,1,-0.037715227286654884,-0.0077568350732218905,0.0233792165249093,0.022942813450352876,0.005815399058867885,1,3.309623327263515,0.01915394364416952,0.008026739219477514,-0.23384225423321928,3.309623327263515,0.01915394364416952,-0.01526783177012257,-0.23384225423321928,1,False,0.0,0,,,0,39
0.025,0.4676755160530845,10,stay2,data,4.0,600.0,1,-0.037715227286654884,-0.004348652216812798,0.0233792165249093,0.022942813450352876,0.005815399058867885,1,3.3153024452677022,0.030860376968647886,0.009756453521478359,0.23441507874591538,3.3153024452677022,0.030860376968647886,-0.0135780895750431,0.23441507874591538,1,False,0.0,10,24.0,62.0,3,38
0.025,0.4676755160530845,10,stay2,data,16.0,600.0,1,-0.037715227286654884,-0.00012183772544926974,0.0233792165249093,0.022942813450352876,0.005815399058867885,1,3.322332178865945,0.025663899425599462,0.011897530839324462,0.02655597702397844,3.322332178865945,0.025663899425599462,-0.011486490585136398,0.02655597702397844,0,False,0.0,17,6.0,78.0,14,39
0.025,0.4676755160530845,10,stay2,data,32.0,600.0,1,-0.037715227286654884,-0.02880325149398444,0.0233792165249093,0.022942813450352876,0.005815399058867885,2,3.2743350788204237,0.002459564301817873,-0.002721160010574056,-0.901617427927285,3.3546333314699868,0.02455072110285595,-0.001875734044330323,-0.017971155885762036,2,True,0.02422647014727446,37,6.0,78.0,37,39
0.025,0.4676755160530845,10,stay+deck,cov,4.0,600.0,1,-0.037715227286654884,0.02355010580093797,0.0233792165249093,0.022942813450352876,0.005815399058867885,1,3.361429945769,0.018408718317435784,0.02380571209892299,-0.2636512673025687,3.361429945769,0.018408718317435784,0.00014650355598992178,-0.2636512673025687,1,False,0.0,30,6.0,66.0,29,38
0.025,0.4676755160530845,10,stay+deck,cov,16.0,600.0,1,-0.037715227286654884,0.03103431586442973,0.0233792165249093,0.022942813450352876,0.005815399058867885,1,3.373696969533796,0.01917787854604215,0.027541934243507538,-0.232884858158314,3.373696969533796,0.01917787854604215,0.003796385042540604,-0.232884858158314,1,False,0.0,26,10.0,64.0,19,39
0.025,0.4676755160530845,10,stay+deck,cov,32.0,600.0,1,-0.037715227286654884,-0.03533362099052373,0.0233792165249093,0.022942813450352876,0.005815399058867885,3,3.263308124846228,0.002328648475069174,-0.00607968856775656,-0.9068540609972331,3.360554047917173,0.002809018149269395,-0.00011410760893394287,-0.8876392740292242,2,True,0.02930423187454361,38,6.0,80.0,38,39
0.025,0.4676755160530845,10,stay+deck,data,4.0,600.0,1,-0.037715227286654884,0.025874546877971305,0.0233792165249093,0.022942813450352876,0.005815399058867885,2,3.2710023652879254,0.020875596088853594,-0.003736219436594779,-0.16497615644585628,3.3652446172852692,0.01812006930608381,0.0012815057546862608,-0.2751972277566476,2,True,0.02840227382881447,33,6.0,78.0,24,38
0.025,0.4676755160530845,10,stay+deck,data,16.0,600.0,1,-0.037715227286654884,0.0315088121635394,0.0233792165249093,0.022942813450352876,0.005815399058867885,2,3.2739352410702547,0.017218648632666856,-0.0028429403776024124,-0.3112540546933258,3.3744731913169774,0.021416887009990927,0.004027338986236472,-0.14332451960036297,2,True,0.030244215971136648,38,6.0,80.0,38,39
0.025,0.4676755160530845,10,stay+deck,data,32.0,600.0,1,-0.037715227286654884,-0.03577016249848386,0.0233792165249093,0.022942813450352876,0.005815399058867885,1,3.2625696671355,0.004165234745689347,-0.006304603926572398,-0.8333906101724261,3.2625696671355,0.004165234745689347,-0.02926799075477764,-0.8333906101724261,1,False,0.0,37,6.0,78.0,37,39
0.025,0.4676755160530845,11,stay,cov,4.0,600.0,1,0.006019467597425665,-0.0034347154973646266,0.0233792165249093,0.022942813450352876,0.005815399058867885,1,3.3168237014991337,0.03144492674269463,0.010219789317384514,0.25779706970778526,3.3168237014991337,0.03144492674269463,-0.013125461043309436,0.25779706970778526,0,False,0.0,0,,,0,18
0.025,0.4676755160530845,11,stay,cov,16.0,600.0,1,0.006019467597425665,0.007966580685458746,0.0233792165249093,0.022942813450352876,0.005815399058867885,2,3.3357429558134557,0.027783753324368544,0.01598211099243099,0.1113501329747417,3.3357429558134557,0.027783753324368544,-0.007496301323300201,0.1113501329747417,1,False,0.0564905608960543,0,,,0,36
0.025,0.4676755160530845,11,stay,cov,32.0,600.0,1,0.006019467597425665,0.015405019384464813,0.0233792165249093,0.022942813450352876,0.005815399058867885,1,3.348028636121375,0.02480714984969436,0.019724015443571177,-0.007714006012225633,3.348028636121375,0.02480714984969436,-0.003840868843073085,-0.007714006012225633,1,False,0.0,0,,,0,33
0.025,0.4676755160530845,11,stay,data,4.0,600.0,1,0.006019467597425665,-0.002625886772924413,0.0233792165249093,0.022942813450352876,0.005815399058867885,1,3.3181694227513017,0.030474655294658794,0.010629661641690009,0.2189862117863517,3.3181694227513017,0.030474655294658794,-0.012725060491511286,0.2189862117863517,0,False,0.0,1,22.0,22.0,1,18
0.025,0.4676755160530845,11,stay,data,16.0,600.0,1,0.006019467597425665,0.008000844356947034,0.0233792165249093,0.022942813450352876,0.005815399058867885,1,3.3357996510609533,0.026725415989747637,0.015999378916848096,0.06901663958990542,3.3357996510609533,0.026725415989747637,-0.0074794324447372655,0.06901663958990542,1,False,0.0,1,40.0,40.0,1,39
0.025,0.4676755160530845,11,stay,data,32.0,600.0,1,0.006019467597425665,0.01552393247444761,0.0233792165249093,0.022942813450352876,0.005815399058867885,1,3.348224672563762,0.021381570512643014,0.019783723137241305,-0.1447371794942795,3.348224672563762,0.021381570512643014,-0.003782540939298118,-0.1447371794942795,1,False,0.0,1,30.0,30.0,1,39
0.025,0.4676755160530845,11,stay2,cov,4.0,600.0,1,0.006019467597425665,0.015639057934207834,0.0233792165249093,0.022942813450352876,0.005815399058867885,1,3.3484144539014835,0.02976381659488985,0.01984152568578274,0.190552663795594,3.3484144539014835,0.02976381659488985,-0.003726074154499835,0.190552663795594,1,False,0.0,8,34.0,78.0,3,38
0.025,0.4676755160530845,11,stay2,cov,16.0,600.0,1,0.006019467597425665,0.005098825611077773,0.0233792165249093,0.022942813450352876,0.005815399058867885,1,3.3309943323142828,0.026344519198341285,0.014535801552253676,0.05378076793365133,3.3309943323142828,0.026344519198341285,-0.00890918788230154,0.05378076793365133,1,False,0.0,4,68.0,74.0,4,39
0.025,0.4676755160530845,11,stay2,cov,32.0,600.0,1,0.006019467597425665,0.015058896393724819,0.0233792165249093,0.022942813450352876,0.005815399058867885,1,3.3474579631227033,0.0038615115977797573,0.01955020302290299,-0.8455395360888097,3.3474579631227033,0.0038615115977797573,-0.00401066461853277,-0.8455395360888097,1,False,0.0,7,10.0,72.0,4,39
0.025,0.4676755160530845,11,stay2,data,4.0,600.0,1,0.006019467597425665,0.023084448440076955,0.0233792165249093,0.022942813450352876,0.005815399058867885,1,3.3606652286062855,0.027989391042367123,0.02357279878168654,0.11957564169468485,3.3606652286062855,0.027989391042367123,-8.102734866589585e-05,0.11957564169468485,1,False,0.0,14,14.0,78.0,4,38
0.025,0.4676755160530845,11,stay2,data,16.0,600.0,1,0.006019467597425665,,0.0233792165249093,0.022942813450352876,0.005815399058867885,0,,,,,,,,,0,False,0.0,16,22.0,78.0,12,39
0.025,0.4676755160530845,11,stay2,data,32.0,600.0,1,0.006019467597425665,0.026023928682063602,0.0233792165249093,0.022942813450352876,0.005815399058867885,1,3.365489621908262,0.004351962562774703,0.025042185768671732,-0.8259214974890119,3.365489621908262,0.004351962562774703,0.0013544034562580692,-0.8259214974890119,1,False,0.0,9,64.0,80.0,9,39
0.025,0.4676755160530845,11,stay+deck,cov,4.0,600.0,1,0.006019467597425665,-0.027885386125274136,0.0233792165249093,0.022942813450352876,0.005815399058867885,2,3.275881979087331,0.029166705796676927,-0.002250013696398975,0.16666823186707702,3.3521619181860247,0.02072805759498742,-0.0026110685283667,-0.1708776962005032,2,True,0.02301733068788936,35,8.0,78.0,32,38
0.025,0.4676755160530845,11,stay+deck,cov,16.0,600.0,1,0.006019467597425665,0.008989367966861561,0.0233792165249093,0.022942813450352876,0.005815399058867885,1,3.3374349218435357,0.017436762713524644,0.01649744063315536,-0.3025294914590143,3.3374349218435357,0.017436762713524644,-0.0069928804766899565,-0.3025294914590143,1,False,0.0,26,14.0,80.0,15,39
0.025,0.4676755160530845,11,stay+deck,cov,32.0,600.0,1,0.006019467597425665,0.008715684271935809,0.0233792165249093,0.022942813450352876,0.005815399058867885,2,3.336982259259881,0.003907895549022657,0.01635957117096934,-0.8436841780390938,3.379962614750621,0.005648487006144709,0.005660640212878847,-0.7740605197542116,1,False,0.012797590659718364,35,12.0,80.0,35,39
0.025,0.4676755160530845,11,stay+deck,data,4.0,600.0,1,0.006019467597425665,-0.023065825889768243,0.0233792165249093,0.022942813450352876,0.005815399058867885,2,3.2839925402256,0.027597076108176456,0.0002202560862984395,0.10388304432705817,3.352345574251613,0.02217669891031814,-0.0025564242326894296,-0.11293204358727452,2,True,0.02059962372227559,34,6.0,76.0,23,38
0.025,0.4676755160530845,11,stay+deck,data,16.0,600.0,1,0.006019467597425665,-0.015069756176458227,0.0233792165249093,0.022942813450352876,0.005815399058867885,1,3.297404662111072,0.020240406412891952,0.004305245873158923,-0.19038374348432197,3.297404662111072,0.020240406412891952,-0.018903324827391023,-0.19038374348432197,1,False,0.0,34,6.0,78.0,22,39
0.025,0.4676755160530845,11,stay+deck,data,32.0,600.0,1,0.006019467597425665,0.006378876443250414,0.0233792165249093,0.022942813450352876,0.005815399058867885,3,3.27417885268936,0.02037622238936566,-0.0027687425001521743,-0.18495110442537363,3.387587804012523,0.003240180056689594,0.007929408713868514,-0.8703927977324163,2,True,0.03404010909913613,37,8.0,80.0,37,39
0.03,0.3897295967109038,0,stay,cov,4.0,600.0,1,0.0208136730273496,0.0028990269576816274,0.0233792165249093,0.022942813450352876,0.001194002030686451,1,3.3273471633116154,0.037551961619682606,0.01342496702106824,0.2517320539894202,3.3273471633116154,0.037551961619682606,-0.00999435204896427,0.2517320539894202,1,False,0.0,0,,,0,18
0.03,0.3897295967109038,0,stay,cov,16.0,600.0,1,0.0208136730273496,0.007476210194363064,0.0233792165249093,0.022942813450352876,0.001194002030686451,2,3.334931446316455,0.025844217678595762,0.015734945925225705,-0.13852607738014122,3.334931446316455,0.025844217678595762,-0.007737754633088592,-0.13852607738014122,1,False,0.03811669578425126,1,22.0,22.0,1,38
0.03,0.3897295967109038,0,stay,cov,32.0,600.0,1,0.0208136730273496,0.0007058325112321295,0.0233792165249093,0.022942813450352876,0.001194002030686451,1,3.3237069596890736,0.03444631877534313,0.012316253966776434,0.14821062584477093,3.3237069596890736,0.03444631877534313,-0.01107744376411353,0.14821062584477093,0,False,0.0,7,42.0,80.0,5,33
0.03,0.3897295967109038,0,stay,data,4.0,600.0,1,0.0208136730273496,0.0038305699806295834,0.0233792165249093,0.022942813450352876,0.001194002030686451,1,3.328892108279793,0.03546897417934998,0.013895517801187722,0.18229913931166603,3.328892108279793,0.03546897417934998,-0.009534675264667749,0.18229913931166603,1,False,0.0,1,34.0,34.0,1,18
0.03,0.3897295967109038,0,stay,data,16.0,600.0,1,0.0208136730273496,0.008678609378371505,0.0233792165249093,0.022942813450352876,0.001194002030686451,1,3.3369209340515784,0.02940994410305513,0.01634089307873812,-0.01966852989816227,3.3369209340515784,0.02940994410305513,-0.007145810361081458,-0.01966852989816227,1,False,0.0,0,,,0,39
0.03,0.3897295967109038,0,stay,data,32.0,600.0,1,0.0208136730273496,0.005424751440615605,0.0233792165249093,0.022942813450352876,0.001194002030686451,1,3.331534363336799,0.03216716660249293,0.01470028120956693,0.0722388867497643,3.331534363336799,0.03216716660249293,-0.00874850919861781,0.0722388867497643,1,False,0.0,14,44.0,80.0,13,39
0.03,0.3897295967109038,0,stay2,cov,4.0,600.0,1,0.0208136730273496,0.005226483892792011,0.0233792165249093,0.022942813450352876,0.001194002030686451,1,3.3312058615195355,0.036850048538053744,0.014600227945814559,0.22833495126845818,3.3312058615195355,0.036850048538053744,-0.008846250323451103,0.22833495126845818,1,False,0.0,7,42.0,78.0,3,38
0.03,0.3897295967109038,0,stay2,cov,16.0,600.0,1,0.0208136730273496,0.0065356823523965435,0.0233792165249093,0.022942813450352876,0.001194002030686451,4,3.3333744228217523,0.02482072614613896,0.015260716334406694,-0.17264246179536796,3.3333744228217523,0.02482072614613896,-0.008201025214152313,-0.17264246179536796,1,False,0.10398244959545795,0,,,0,39
0.03,0.3897295967109038,0,stay2,cov,32.0,600.0,1,0.0208136730273496,-0.010747701273545074,0.0233792165249093,0.022942813450352876,0.001194002030686451,4,3.3046315513581126,0.005763582937785186,0.006506371766363819,-0.8078805687404937,3.3857990680066954,0.04190065992333002,0.007397195313358675,0.39668866411100084,2,True,0.09134457018879048,26,30.0,80.0,26,39
0.03,0.3897295967109038,0,stay2,data,4.0,600.0,1,0.0208136730273496,0.00626749715511199,0.0233792165249093,0.022942813450352876,0.001194002030686451,1,3.33293031475462,0.034894720709817154,0.015125452359474914,0.16315735699390516,3.33293031475462,0.034894720709817154,-0.008333163363008461,0.16315735699390516,1,False,0.0,6,52.0,78.0,4,38
0.03,0.3897295967109038,0,stay2,data,16.0,600.0,1,0.0208136730273496,0.01702201320297081,0.0233792165249093,0.022942813450352876,0.001194002030686451,1,3.350693379709184,0.03163385412021717,0.020535628284086165,0.05446180400723912,3.350693379709184,0.03163385412021717,-0.003048011628965477,0.05446180400723912,1,False,0.0,0,,,0,39
0.03,0.3897295967109038,0,stay2,data,32.0,600.0,1,0.0208136730273496,0.023190108028195544,0.0233792165249093,0.022942813450352876,0.001194002030686451,1,3.360838761366429,0.03643653406914714,0.023625652428478926,0.21455113563823802,3.360838761366429,0.03643653406914714,-2.9395101048119012e-05,0.21455113563823802,1,False,0.0,11,12.0,72.0,7,39
0.03,0.3897295967109038,0,stay+deck,cov,4.0,600.0,1,0.0208136730273496,0.010318918867691096,0.0233792165249093,0.022942813450352876,0.001194002030686451,1,3.3396330762293105,0.022614598151387763,0.017166942319205417,-0.24618006162040787,3.3396330762293105,0.022614598151387763,-0.006338850358949117,-0.24618006162040787,1,False,0.0,28,8.0,78.0,9,38
0.03,0.3897295967109038,0,stay+deck,cov,16.0,600.0,1,0.0208136730273496,0.00015244086455523664,0.0233792165249093,0.022942813450352876,0.001194002030686451,1,3.3227878254322767,0.016442221822429538,0.012036309146424335,-0.45192593925234875,3.3227878254322767,0.016442221822429538,-0.011350919317096878,-0.45192593925234875,0,False,0.0,8,36.0,80.0,5,39
0.03,0.3897295967109038,0,stay+deck,cov,32.0,600.0,1,0.0208136730273496,0.022197236257886166,0.0233792165249093,0.022942813450352876,0.001194002030686451,5,3.2973771451817733,0.0074972755311908945,0.004296864919264319,-0.7500908156269702,3.3592077390377977,0.0016219175894947857,-0.0005146830009954022,-0.9459360803501737,2,True,0.06446217016166597,38,6.0,80.0,38,39
0.03,0.3897295967109038,0,stay+deck,data,4.0,600.0,1,0.0208136730273496,,0.0233792165249093,0.022942813450352876,0.001194002030686451,0,,,,,,,,,0,False,0.0,28,8.0,78.0,13,38
0.03,0.3897295967109038,0,stay+deck,data,16.0,600.0,1,0.0208136730273496,,0.0233792165249093,0.022942813450352876,0.001194002030686451,0,,,,,,,,,0,False,0.0,11,10.0,78.0,8,39
0.03,0.3897295967109038,0,stay+deck,data,32.0,600.0,1,0.0208136730273496,0.022858209534212692,0.0233792165249093,0.022942813450352876,0.001194002030686451,4,3.2915890254293867,0.00702811115970073,0.002533951468616666,-0.7657296280099757,3.360293629144038,0.0012629167485309434,-0.0001915915754639931,-0.9579027750489685,2,True,0.052872355253317,36,6.0,80.0,34,39
0.03,0.3897295967109038,1,stay,cov,4.0,600.0,1,0.0208136730273496,-0.0030917184657105468,0.0233792165249093,0.022942813450352876,0.001194002030686451,1,3.3173944432402336,0.04482921338651715,0.01039362267524068,0.4943071128839051,3.3173944432402336,0.04482921338651715,-0.012955644814500934,0.4943071128839051,0,False,0.0,0,,,0,18
0.03,0.3897295967109038,1,stay,cov,16.0,600.0,1,0.0208136730273496,0.026600357287714038,0.0233792165249093,0.022942813450352876,0.001194002030686451,1,3.366434868914892,0.04080070027437285,0.02533008386571532,0.3600233424790952,3.366434868914892,0.04080070027437285,0.001635648493022176,0.3600233424790952,1,False,0.0,1,20.0,20.0,1,38
0.03,0.3897295967109038,1,stay,cov,32.0,600.0,1,0.0208136730273496,-0.004606889981909834,0.0233792165249093,0.022942813450352876,0.001194002030686451,1,3.3148724795893143,0.03808289485418751,0.009625496956968028,0.2694298284729171,3.3148724795893143,0.03808289485418751,-0.013706019853771663,0.2694298284729171,1,False,0.0,19,30.0,80.0,16,34
0.03,0.3897295967109038,1,stay,data,4.0,600.0,1,0.0208136730273496,-0.004625524031434458,0.0233792165249093,0.022942813450352876,0.001194002030686451,1,3.31484145175397,0.041960628214576114,0.009616046670758915,0.39868760715253715,3.31484145175397,0.041960628214576114,-0.013715251752556707,0.39868760715253715,1,False,0.0,0,,,0,18
0.03,0.3897295967109038,1,stay,data,16.0,600.0,1,0.0208136730273496,,0.0233792165249093,0.022942813450352876,0.001194002030686451,0,,,,,,,,,0,False,0.0,14,22.0,80.0,5,39
0.03,0.3897295967109038,1,stay,data,32.0,600.0,1,0.0208136730273496,-0.00646475428280735,0.0233792165249093,0.022942813450352876,0.001194002030686451,1,3.3117774915104508,0.030654172672701152,0.008682842632725174,0.021805755756705108,3.3117774915104508,0.030654172672701152,-0.014626890303420346,0.021805755756705108,1,False,0.0,24,34.0,80.0,24,38
0.03,0.3897295967109038,1,stay2,cov,4.0,600.0,1,0.0208136730273496,-0.021215763167387713,0.0233792165249093,0.022942813450352876,0.001194002030686451,1,3.2871005891900427,0.027121821898468765,0.0011668884227197048,-0.09593927005104112,3.2871005891900427,0.027121821898468765,-0.021969157723098088,-0.09593927005104112,1,False,0.0,10,16.0,60.0,7,38
0.03,0.3897295967109038,1,stay2,cov,16.0,600.0,1,0.0208136730273496,0.0252781239317712,0.0233792165249093,0.022942813450352876,0.001194002030686451,2,3.2402226549015554,0.013357646595177585,-0.013110933120567467,-0.5547451134940805,3.3642662320998973,0.034322892908603464,0.0009904009159516574,0.14409643028678218,1,False,0.03756341461713315,5,10.0,50.0,3,39
0.03,0.3897295967109038,1,stay2,cov,32.0,600.0,1,0.0208136730273496,-0.06026409508967778,0.0233792165249093,0.022942813450352876,0.001194002030686451,2,3.3325340955440903,0.02920913106303303,0.015004774107204898,-0.026362297898898983,3.3325340955440903,0.02920913106303303,-0.008451052851840932,-0.026362297898898983,1,False,0.0340799804659924,38,6.0,80.0,38,39
0.03,0.3897295967109038,1,stay2,data,4.0,600.0,1,0.0208136730273496,,0.0233792165249093,0.022942813450352876,0.001194002030686451,0,,,,,,,,,0,False,0.0,17,16.0,78.0,8,38
0.03,0.3897295967109038,1,stay2,data,16.0,600.0,1,0.0208136730273496,0.019067860267485637,0.0233792165249093,0.022942813450352876,0.001194002030686451,2,3.2620294519673965,0.022595417732956258,-0.006469139669928528,-0.24681940890145804,3.354061823163225,0.004593488848084459,-0.002045778354038627,-0.8468837050638514,2,True,0.027820768296160307,24,12.0,80.0,11,39
0.03,0.3897295967109038,1,stay2,data,32.0,600.0,1,0.0208136730273496,0.007648186733606233,0.0233792165249093,0.022942813450352876,0.001194002030686451,1,3.3352160711490786,0.005897443764515499,0.015821635380054898,-0.8034185411828167,3.3352160711490786,0.005897443764515499,-0.007653068491843257,-0.8034185411828167,1,False,0.0,24,26.0,80.0,11,39
0.03,0.3897295967109038,1,stay+deck,cov,4.0,600.0,1,0.0208136730273496,-0.03882642110138523,0.0233792165249093,0.022942813450352876,0.001194002030686451,2,3.257394982590537,0.022279164929416534,-0.00788068067989318,-0.25736116901944883,3.3879959124175176,0.02687803192839636,0.008050835666359616,-0.10406560238678797,2,True,0.03930571786983564,17,24.0,78.0,14,38
0.03,0.3897295967109038,1,stay+deck,cov,16.0,600.0,1,0.0208136730273496,-0.03209169063923456,0.0233792165249093,0.022942813450352876,0.001194002030686451,2,3.2687869848404008,0.025072634772586193,-0.004410967741108127,-0.16424550758046022,3.39417281414357,0.03273991938606435,0.00988868645123058,0.09133064620214515,2,True,0.03763667591759725,29,4.0,80.0,9,39
0.03,0.3897295967109038,1,stay+deck,cov,32.0,600.0,1,0.0208136730273496,0.02706812403402692,0.0233792165249093,0.022942813450352876,0.001194002030686451,5,3.251977300911236,0.013993661441604216,-0.009530768154297809,-0.5335446186131928,3.3672017335169127,0.003085899163509247,0.0018638183382326155,-0.8971366945496918,2,True,0.06467649697736202,35,4.0,80.0,18,39
0.03,0.3897295967109038,1,stay+deck,data,4.0,600.0,1,0.0208136730273496,-0.03803782396747324,0.0233792165249093,0.022942813450352876,0.001194002030686451,2,3.258730977321806,0.02108649362660576,-0.007473770805442605,-0.2971168791131413,3.3937694234482927,0.025262370420705043,0.009768663187334653,-0.15792098597649853,2,True,0.04059780172605611,19,6.0,78.0,12,38
0.03,0.3897295967109038,1,stay+deck,data,16.0,600.0,1,0.0208136730273496,-0.0357226302820266,0.0233792165249093,0.022942813450352876,0.001194002030686451,2,3.2626500811874655,0.021284917831046725,-0.006280111860081733,-0.29050273896510914,3.3941669702333606,0.030136351698729927,0.009886947677417815,0.004545056624330931,2,True,0.03951344554912298,21,6.0,64.0,9,39
0.03,0.3897295967109038,1,stay+deck,data,32.0,600.0,1,0.0208136730273496,-0.011560465552271637,0.0233792165249093,0.022942813450352876,0.001194002030686451,3,3.3032737388026554,0.0012696893720997018,0.006092816739882764,-0.95767702093001,3.4050064423766817,0.01972227985832471,0.013112081129382428,-0.34259067138917637,1,False,0.04629478838676994,38,6.0,80.0,38,39
0.03,0.3897295967109038,2,stay,cov,4.0,600.0,1,0.028251270830166986,0.009873369736113746,0.0233792165249093,0.022942813450352876,0.001194002030686451,1,3.3388966084301352,0.047371394767867586,0.01694263303662715,0.5790464922622529,3.3388966084301352,0.047371394767867586,-0.006557976060275666,0.5790464922622529,1,False,0.0,0,,,0,18
0.03,0.3897295967109038,2,stay,cov,16.0,600.0,1,0.028251270830166986,0.02451291255730159,0.0233792165249093,0.022942813450352876,0.001194002030686451,1,3.363010545837884,0.04494324257851699,0.024287122512102743,0.4981080859505665,3.363010545837884,0.04494324257851699,0.0006167890172129111,0.4981080859505665,1,False,0.0,1,20.0,20.0,1,37
0.03,0.3897295967109038,2,stay,cov,32.0,600.0,1,0.028251270830166986,0.019797588167171254,0.0233792165249093,0.022942813450352876,0.001194002030686451,2,3.3552624863303864,0.03702872725706874,0.021927261468012608,0.234290908568958,3.3552624863303864,0.03702872725706874,-0.0016885378082118372,0.234290908568958,1,False,0.058004934722999626,1,68.0,68.0,1,33
0.03,0.3897295967109038,2,stay,data,4.0,600.0,1,0.028251270830166986,0.009962073147548267,0.0233792165249093,0.022942813450352876,0.001194002030686451,1,3.339043243159356,0.04440630064634252,0.016987294230163912,0.4802100215447506,3.339043243159356,0.04440630064634252,-0.00651434694585233,0.4802100215447506,1,False,0.0,0,,,0,18
0.03,0.3897295967109038,2,stay,data,16.0,600.0,1,0.028251270830166986,0.022161400806249842,0.0233792165249093,0.022942813450352876,0.001194002030686451,1,3.3591488561836598,0.03649574036492703,0.023110950469212396,0.2165246788309011,3.3591488561836598,0.03649574036492703,-0.0005322027713418148,0.2165246788309011,1,False,0.0,1,54.0,54.0,1,39
0.03,0.3897295967109038,2,stay,data,32.0,600.0,1,0.028251270830166986,0.01150970628269632,0.0233792165249093,0.022942813450352876,0.001194002030686451,2,3.3416005846400245,0.03206129850573287,0.017766195131844614,0.06870995019109562,3.3416005846400245,0.03206129850573287,-0.00575344572775355,0.06870995019109562,1,False,0.05417578434852261,3,30.0,80.0,2,38
0.03,0.3897295967109038,2,stay2,cov,4.0,600.0,1,0.028251270830166986,0.026630343709299842,0.0233792165249093,0.022942813450352876,0.001194002030686451,1,3.366484034394604,0.04596297513452662,0.025345058415171713,0.5320991711508875,3.366484034394604,0.04596297513452662,0.0016502769944108193,0.5320991711508875,1,False,0.0,5,64.0,74.0,3,38
0.03,0.3897295967109038,2,stay2,cov,16.0,600.0,1,0.028251270830166986,0.014376949058476196,0.0233792165249093,0.022942813450352876,0.001194002030686451,3,3.346333312333151,0.03753876186982048,0.01920766311547176,0.2512920623273495,3.346333312333151,0.03753876186982048,-0.0043452887436935764,0.2512920623273495,1,False,0.09338039825111089,0,,,0,39
0.03,0.3897295967109038,2,stay2,cov,32.0,600.0,1,0.028251270830166986,0.012918968528985664,0.0233792165249093,0.022942813450352876,0.001194002030686451,3,3.343927577854099,0.03523457343514265,0.018474937834510093,0.1744857811714217,3.343927577854099,0.03523457343514265,-0.005061081417206305,0.1744857811714217,1,False,0.08520422684747994,0,,,0,39
0.03,0.3897295967109038,2,stay2,data,4.0,600.0,1,0.028251270830166986,,0.0233792165249093,0.022942813450352876,0.001194002030686451,0,,,,,,,,,0,False,0.0,4,36.0,76.0,2,38
0.03,0.3897295967109038,2,stay2,data,16.0,600.0,1,0.028251270830166986,0.021667516601246106,0.0233792165249093,0.022942813450352876,0.001194002030686451,2,3.3583372275061705,0.03663025502648908,0.0228637491026741,0.22100850088296944,3.3583372275061705,0.03663025502648908,-0.000773691541619009,0.22100850088296944,1,False,0.02591596267766326,2,60.0,64.0,1,39
0.03,0.3897295967109038,2,stay2,data,32.0,600.0,1,0.028251270830166986,0.019621932347734017,0.0233792165249093,0.022942813450352876,0.001194002030686451,2,3.354973509003086,0.03468646867562761,0.021839246354465623,0.1562156225209203,3.354973509003086,0.03468646867562761,-0.001774518973421037,0.1562156225209203,1,False,0.0559130732844274,9,22.0,60.0,4,39
0.03,0.3897295967109038,2,stay+deck,cov,4.0,600.0,1,0.028251270830166986,-0.006170250205459582,0.0233792165249093,0.022942813450352876,0.001194002030686451,1,3.3122682942838644,0.027190940606331756,0.008832328622628767,-0.09363531312227477,3.3122682942838644,0.027190940606331756,-0.014480858797280206,-0.09363531312227477,1,False,0.0,17,10.0,78.0,10,38
0.03,0.3897295967109038,2,stay+deck,cov,16.0,600.0,1,0.028251270830166986,,0.0233792165249093,0.022942813450352876,0.001194002030686451,0,,,,,,,,,0,False,0.0,32,8.0,80.0,16,39
0.03,0.3897295967109038,2,stay+deck,cov,32.0,600.0,1,0.028251270830166986,0.021986940802708466,0.0233792165249093,0.022942813450352876,0.001194002030686451,3,3.25678039568662,0.030359939605527325,-0.008067868154558105,0.011997986850910877,3.358862178302426,0.017920599022581724,-0.0006174997685092665,-0.40264669924727586,2,True,0.05799522686235912,21,28.0,80.0,11,39
0.03,0.3897295967109038,2,stay+deck,data,4.0,600.0,1,0.028251270830166986,,0.0233792165249093,0.022942813450352876,0.001194002030686451,0,,,,,,,,,0,False,0.0,19,8.0,78.0,11,38
0.03,0.3897295967109038,2,stay+deck,data,16.0,600.0,1,0.028251270830166986,-0.03866827074006929,0.0233792165249093,0.022942813450352876,0.001194002030686451,1,3.257662955522595,0.02230314660019582,-0.007799062968694334,-0.2565617799934727,3.257662955522595,0.02230314660019582,-0.030727914222699715,-0.2565617799934727,1,False,0.0,16,16.0,66.0,7,39
0.03,0.3897295967109038,2,stay+deck,data,32.0,600.0,1,0.028251270830166986,0.029691524894075005,0.0233792165249093,0.022942813450352876,0.001194002030686451,3,3.3714993483143294,0.013898569272680048,0.026872594946298074,-0.5367143575773317,3.3714993483143294,0.013898569272680048,0.0031425135609835773,-0.5367143575773317,1,False,0.08593763142838669,27,10.0,80.0,15,39
0.03,0.3897295967109038,3,stay,cov,4.0,600.0,1,0.035715865358221466,0.012363468065234251,0.0233792165249093,0.022942813450352876,0.001194002030686451,1,3.3430105212456303,0.04310263842662318,0.01819562581277653,0.4367546142207727,3.3430105212456303,0.04310263842662318,-0.005333938794965286,0.4367546142207727,1,False,0.0,0,,,0,18
0.03,0.3897295967109038,3,stay,cov,16.0,600.0,1,0.035715865358221466,-0.006812813085754987,0.0233792165249093,0.022942813450352876,0.001194002030686451,2,3.3111973438579714,0.04289677432294167,0.00850614447448547,0.42989247743138914,3.3111973438579714,0.04289677432294167,-0.014799505129709914,0.42989247743138914,1,False,0.03737881066847528,0,,,0,38
0.03,0.3897295967109038,3,stay,cov,32.0,600.0,1,0.035715865358221466,0.024770780873738518,0.0233792165249093,0.022942813450352876,0.001194002030686451,1,3.3634337514874932,0.03986225047433453,0.024416020144495173,0.32874168247781776,3.3634337514874932,0.03986225047433453,0.0007427079438514834,0.32874168247781776,1,False,0.0,10,24.0,42.0,10,33
0.03,0.3897295967109038,3,stay,data,4.0,600.0,1,0.035715865358221466,0.011535051791270012,0.0233792165249093,0.022942813450352876,0.001194002030686451,1,3.341642449802167,0.040482017218140195,0.017778946191016085,0.34940057393800655,3.341642449802167,0.040482017218140195,-0.005740989333834005,0.34940057393800655,1,False,0.0,1,18.0,18.0,1,18
0.03,0.3897295967109038,3,stay,data,16.0,600.0,1,0.035715865358221466,0.010537313180049246,0.0233792165249093,0.022942813450352876,0.001194002030686451,1,3.3399940105069548,0.04067067426496629,0.01727687368207961,0.35568914216554304,3.3399940105069548,0.04067067426496629,-0.006231459408781078,0.35568914216554304,1,False,0.0,0,,,0,39
0.03,0.3897295967109038,3,stay,data,32.0,600.0,1,0.035715865358221466,0.013501751304991094,0.0233792165249093,0.022942813450352876,0.001194002030686451,1,3.344889403641586,0.034147872275596514,0.018767885404788257,0.1382624091865505,3.344889403641586,0.034147872275596514,-0.004774903595890714,0.1382624091865505,1,False,0.0,5,22.0,60.0,4,37
0.03,0.3897295967109038,3,stay2,cov,4.0,600.0,1,0.035715865358221466,0.023127698678660824,0.0233792165249093,0.022942813450352876,0.001194002030686451,1,3.3607362628386266,0.04002746891071515,0.023594433994675864,0.33424896369050516,3.3607362628386266,0.04002746891071515,-5.989210555360836e-05,0.33424896369050516,1,False,0.0,3,8.0,54.0,1,38
0.03,0.3897295967109038,3,stay2,cov,16.0,600.0,1,0.035715865358221466,0.006778800247559502,0.0233792165249093,0.022942813450352876,0.001194002030686451,3,3.3337769689299273,0.04990846977768991,0.015383321598113413,0.6636156592563304,3.3337769689299273,0.04990846977768991,-0.008081253245345416,0.6636156592563304,1,False,0.07096261626183913,1,66.0,66.0,1,39
0.03,0.3897295967109038,3,stay2,cov,32.0,600.0,1,0.035715865358221466,0.06596679837250252,0.0233792165249093,0.022942813450352876,0.001194002030686451,2,3.334008905539221,0.0403296563084009,0.015453963565749382,0.34432187694669675,3.334008905539221,0.0403296563084009,-0.008012243748621096,0.34432187694669675,1,False,0.028491628955946226,6,4.0,14.0,6,39
0.03,0.3897295967109038,3,stay2,data,4.0,600.0,1,0.035715865358221466,,0.0233792165249093,0.022942813450352876,0.001194002030686451,0,,,,,,,,,0,False,0.0,9,20.0,64.0,5,38
0.03,0.3897295967109038,3,stay2,data,16.0,600.0,1,0.035715865358221466,0.06776274453149655,0.0233792165249093,0.022942813450352876,0.001194002030686451,2,3.328307585245879,0.033532031808945234,0.01371748701350831,0.11773439363150784,3.328307585245879,0.033532031808945234,-0.009708591924556122,0.11773439363150784,1,False,0.03104426994207958,9,48.0,78.0,8,39
0.03,0.3897295967109038,3,stay2,data,32.0,600.0,1,0.035715865358221466,0.02765584052869441,0.0233792165249093,0.022942813450352876,0.001194002030686451,1,3.3681649982364377,0.030274959019655545,0.025857037070347134,0.009165300655184876,3.3681649982364377,0.030274959019655545,0.0021504242936666754,0.009165300655184876,1,False,0.0,20,10.0,80.0,9,39
0.03,0.3897295967109038,3,stay+deck,cov,4.0,600.0,1,0.035715865358221466,0.023880551655722337,0.0233792165249093,0.022942813450352876,0.001194002030686451,1,3.361972508829084,0.022770273622403518,0.023970962950212397,-0.24099087925321602,3.361972508829084,0.022770273622403518,0.0003079356120661836,-0.24099087925321602,1,False,0.0,24,6.0,66.0,9,38
0.03,0.3897295967109038,3,stay+deck,cov,16.0,600.0,1,0.035715865358221466,0.07402295634907885,0.0233792165249093,0.022942813450352876,0.001194002030686451,1,3.4433113414650456,0.005212553673316597,0.04874469401456895,-0.8262482108894467,3.4433113414650456,0.005212553673316597,0.02450916853276956,-0.8262482108894467,0,False,0.0,15,24.0,78.0,11,39
0.03,0.3897295967109038,3,stay+deck,cov,32.0,600.0,1,0.035715865358221466,0.058934294717412516,0.0233792165249093,0.022942813450352876,0.001194002030686451,1,3.4190387093515726,0.0017294402837090528,0.04135187018471986,-0.9423519905430316,3.4190387093515726,0.0017294402837090528,0.017287186063390112,-0.9423519905430316,0,False,0.0,28,20.0,80.0,14,39
0.03,0.3897295967109038,3,stay+deck,data,4.0,600.0,1,0.035715865358221466,,0.0233792165249093,0.022942813450352876,0.001194002030686451,0,,,,,,,,,0,False,0.0,24,8.0,68.0,9,38
0.03,0.3897295967109038,3,stay+deck,data,16.0,600.0,1,0.035715865358221466,,0.0233792165249093,0.022942813450352876,0.001194002030686451,0,,,,,,,,,0,False,0.0,13,8.0,80.0,4,39
0.03,0.3897295967109038,3,stay+deck,data,32.0,600.0,1,0.035715865358221466,0.05818724373838391,0.0233792165249093,0.022942813450352876,0.001194002030686451,2,3.25647726445308,0.021858620515238486,-0.00816019418646135,-0.27137931615871713,3.417832474523383,0.0020007816278252728,0.016928287747689737,-0.933307279072491,1,False,0.04835113034326975,24,10.0,68.0,14,39
0.03,0.3897295967109038,4,stay,cov,4.0,600.0,1,0.013403071949769307,-0.009490440253238197,0.0233792165249093,0.022942813450352876,0.001194002030686451,1,3.3067308465426573,0.02975279614225232,0.0071457634645379405,-0.008240128591589329,3.3067308465426573,0.02975279614225232,-0.016128448985486647,-0.008240128591589329,1,False,0.0,0,,,0,18
0.03,0.3897295967109038,4,stay,cov,16.0,600.0,1,0.013403071949769307,-0.00738502518745654,0.0233792165249093,0.022942813450352876,0.001194002030686451,1,3.3102433544198675,0.031867870528723974,0.008215583656092646,0.06226235095746584,3.3102433544198675,0.031867870528723974,-0.015083351354781446,0.06226235095746584,1,False,0.0,8,16.0,80.0,5,37
0.03,0.3897295967109038,4,stay,cov,32.0,600.0,1,0.013403071949769307,0.0019453761187440133,0.0233792165249093,0.022942813450352876,0.001194002030686451,1,3.3257648095479952,0.029917525376969352,0.012943022477260436,-0.0027491541010215654,3.3257648095479952,0.029917525376969352,-0.01046515929754767,-0.0027491541010215654,0,False,0.0,5,24.0,64.0,3,33
0.03,0.3897295967109038,4,stay,data,4.0,600.0,1,0.013403071949769307,-0.010263120074605725,0.0233792165249093,0.022942813450352876,0.001194002030686451,1,3.305440832400011,0.02925666476370892,0.006752858103058688,-0.024777841209702608,3.305440832400011,0.02925666476370892,-0.016512274665367116,-0.024777841209702608,1,False,0.0,0,,,0,18
0.03,0.3897295967109038,4,stay,data,16.0,600.0,1,0.013403071949769307,-0.007516021832515096,0.0233792165249093,0.022942813450352876,0.001194002030686451,1,3.310024918726067,0.03252485427650006,0.00814905372250868,0.08416180921666863,3.310024918726067,0.03252485427650006,-0.01514834384277939,0.08416180921666863,1,False,0.0,2,22.0,24.0,2,38
0.03,0.3897295967109038,4,stay,data,32.0,600.0,1,0.013403071949769307,0.0008808507072584071,0.0233792165249093,0.022942813450352876,0.001194002030686451,2,3.323997596430191,0.0295123500514106,0.012404774495391414,-0.016254998286313257,3.323997596430191,0.0295123500514106,-0.01099096886351379,-0.016254998286313257,0,False,0.031057493639162288,12,58.0,80.0,12,38
0.03,0.3897295967109038,4,stay2,cov,4.0,600.0,1,0.013403071949769307,-0.00572731578168062,0.0233792165249093,0.022942813450352876,0.001194002030686451,1,3.3130063252278896,0.030013501237199466,0.009057113999206338,0.00045004123998224993,3.3130063252278896,0.030013501237199466,-0.014261268004048871,0.00045004123998224993,1,False,0.0,3,54.0,60.0,2,38
0.03,0.3897295967109038,4,stay2,cov,16.0,600.0,1,0.013403071949769307,-0.00571668276430537,0.0233792165249093,0.022942813450352876,0.001194002030686451,2,3.313024040267334,0.032090016822762454,0.009062509547787059,0.06966722742541519,3.313024040267334,0.032090016822762454,-0.014255997141634252,0.06966722742541519,1,False,0.10424819323543606,4,8.0,80.0,3,39
0.03,0.3897295967109038,4,stay2,cov,32.0,600.0,1,0.013403071949769307,0.005979193643870007,0.0233792165249093,0.022942813450352876,0.001194002030686451,4,3.3324528252445904,0.02796936202320983,0.014980021249583484,-0.06768793255967227,3.3324528252445904,0.02796936202320983,-0.008475233693684765,-0.06768793255967227,1,False,0.08267804352828687,6,22.0,32.0,6,39
0.03,0.3897295967109038,4,stay2,data,4.0,600.0,1,0.013403071949769307,-0.004555495489584782,0.0233792165249093,0.022942813450352876,0.001194002030686451,1,3.3149580558241962,0.0299443457869107,0.009651561292535192,-0.001855140436309947,3.3149580558241962,0.0299443457869107,-0.013680557841031409,-0.001855140436309947,1,False,0.0,3,30.0,70.0,1,38
0.03,0.3897295967109038,4,stay2,data,16.0,600.0,1,0.013403071949769307,-0.0014974252902265617,0.0233792165249093,0.022942813450352876,0.001194002030686451,1,3.320046034443105,0.028109310807746864,0.011201229635209564,-0.06302297307510449,3.320046034443105,0.028109310807746864,-0.012166700908723705,-0.06302297307510449,0,False,0.0,6,16.0,46.0,2,39
0.03,0.3897295967109038,4,stay2,data,32.0,600.0,1,0.013403071949769307,0.01065876995467363,0.0233792165249093,0.022942813450352876,0.001194002030686451,2,3.340194721903742,0.0277539252408492,0.01733800524746379,-0.07486915863835995,3.340194721903742,0.0277539252408492,-0.006171740537658014,-0.07486915863835995,1,False,0.018677932180648196,28,8.0,80.0,19,39
0.03,0.3897295967109038,4,stay+deck,cov,4.0,600.0,1,0.013403071949769307,-0.0050865446462368125,0.0233792165249093,0.022942813450352876,0.001194002030686451,2,3.31407370691293,0.01852709720639792,0.009382211200029938,-0.38243009312006937,3.3267470922483255,0.05043438292907834,-0.010172894807705944,0.6811460976359448,1,False,0.0038168129267985035,14,6.0,76.0,5,38
0.03,0.3897295967109038,4,stay+deck,cov,16.0,600.0,1,0.013403071949769307,0.0075950224628063,0.0233792165249093,0.022942813450352876,0.001194002030686451,1,3.335128085743265,0.0156827338445725,0.01579483727255108,-0.47724220518091665,3.335128085743265,0.0156827338445725,-0.007679247319725466,-0.47724220518091665,1,False,0.0,29,6.0,74.0,10,39
0.03,0.3897295967109038,4,stay+deck,cov,32.0,600.0,1,0.013403071949769307,0.015109039867730267,0.0233792165249093,0.022942813450352876,0.001194002030686451,3,3.3036118079503236,0.007445011206382017,0.0061957839681312,-0.751832959787266,3.3475406435952535,0.004854188832519475,-0.003986064199405325,-0.8381937055826841,2,True,0.03075867874543659,38,4.0,80.0,28,39
0.03,0.3897295967109038,4,stay+deck,data,4.0,600.0,1,0.013403071949769307,-0.006242127436409395,0.0233792165249093,0.022942813450352876,0.001194002030686451,1,3.3121485147250445,0.017854851699213005,0.008795846828127328,-0.4048382766928998,3.3121485147250445,0.017854851699213005,-0.014516497531058374,-0.4048382766928998,1,False,0.0,24,8.0,78.0,10,38
0.03,0.3897295967109038,4,stay+deck,data,16.0,600.0,1,0.013403071949769307,-0.021505970570222188,0.0233792165249093,0.022942813450352876,0.001194002030686451,1,3.2866132439663547,0.02212630375440726,0.0010184555141583033,-0.262456541519758,3.2866132439663547,0.02212630375440726,-0.02211416048363747,-0.262456541519758,1,False,0.0,37,6.0,80.0,24,39
0.03,0.3897295967109038,4,stay+deck,data,32.0,600.0,1,0.013403071949769307,-0.0030652993164765885,0.0233792165249093,0.022942813450352876,0.001194002030686451,2,3.317438400221953,0.0026411671108065317,0.010407010849231227,-0.911961096306449,3.3888831711445304,0.00455394868419003,0.00831482710092404,-0.848201710526999,1,False,0.021306694038538257,37,8.0,80.0,37,39
0.03,0.3897295967109038,5,stay,cov,4.0,600.0,1,0.013403071949769307,0.012228352394152875,0.0233792165249093,0.022942813450352876,0.001194002030686451,1,3.3427874253928875,0.042807464108912785,0.018127676513797066,0.42691547029709287,3.3427874253928875,0.042807464108912785,-0.0054003178481296455,0.42691547029709287,1,False,0.0,0,,,0,18
0.03,0.3897295967109038,5,stay,cov,16.0,600.0,1,0.013403071949769307,0.013343937063339029,0.0233792165249093,0.022942813450352876,0.001194002030686451,1,3.3446289740298383,0.008664400358029126,0.018688565196302936,-0.7111866547323624,3.3446289740298383,0.008664400358029126,-0.004852390787298625,-0.7111866547323624,1,False,0.0,5,24.0,78.0,2,36
0.03,0.3897295967109038,5,stay,cov,32.0,600.0,1,0.013403071949769307,,0.0233792165249093,0.022942813450352876,0.001194002030686451,0,,,,,,,,,0,False,0.0,11,52.0,80.0,10,33
0.03,0.3897295967109038,5,stay,data,4.0,600.0,1,0.013403071949769307,,0.0233792165249093,0.022942813450352876,0.001194002030686451,0,,,,,,,,,0,False,0.0,2,30.0,34.0,1,18
0.03,0.3897295967109038,5,stay,data,16.0,600.0,1,0.013403071949769307,-0.0015581913645791312,0.0233792165249093,0.022942813450352876,0.001194002030686451,1,3.3199450085475224,0.03298582093643102,0.011170459727570277,0.09952736454770078,3.3199450085475224,0.03298582093643102,-0.012196759752092612,0.09952736454770078,0,False,0.0,9,16.0,80.0,3,39
0.03,0.3897295967109038,5,stay,data,32.0,600.0,1,0.013403071949769307,0.00640776387850539,0.0233792165249093,0.022942813450352876,0.001194002030686451,1,3.333162600367276,0.035348811594461974,0.015196200624621762,0.17829371981539915,3.333162600367276,0.035348811594461974,-0.008264050025210993,0.17829371981539915,1,False,0.0,14,50.0,80.0,11,38
0.03,0.3897295967109038,5,stay2,cov,4.0,600.0,1,0.013403071949769307,0.020120649952294123,0.0233792165249093,0.022942813450352876,0.001194002030686451,1,3.3557939012247937,0.03987386349490549,0.022089116872755905,0.3291287831635163,3.3557939012247937,0.03987386349490549,-0.0015304227330343654,0.3291287831635163,1,False,0.0,1,48.0,48.0,1,38
0.03,0.3897295967109038,5,stay2,cov,16.0,600.0,1,0.013403071949769307,0.016043899592276478,0.0233792165249093,0.022942813450352876,0.001194002030686451,3,3.2401422723667572,0.028968371384279178,-0.013135415587733833,-0.03438762052402738,3.349081739483791,0.010345789969272084,-0.003527532654963826,-0.6551403343575972,1,False,0.07603159980817381,12,6.0,30.0,8,39
0.03,0.3897295967109038,5,stay2,cov,32.0,600.0,1,0.013403071949769307,0.014780984837017286,0.0233792165249093,0.022942813450352876,0.001194002030686451,3,3.295261775762622,0.030551355891475788,0.0036525774197576602,0.018378529715859633,3.346999683833805,0.0018235426543023404,-0.004147019216379045,-0.9392152448565887,2,True,0.06666033956001075,27,26.0,80.0,19,39
0.03,0.3897295967109038,5,stay2,data,4.0,600.0,1,0.013403071949769307,0.014027571870302458,0.0233792165249093,0.022942813450352876,0.001194002030686451,1,3.345756981605449,0.03822227685958039,0.019032127495036792,0.27407589531934645,3.345756981605449,0.03822227685958039,-0.004516767897358035,0.27407589531934645,1,False,0.0,0,,,0,38
0.03,0.3897295967109038,5,stay2,data,16.0,600.0,1,0.013403071949769307,0.013150514978990557,0.0233792165249093,0.022942813450352876,0.001194002030686451,2,3.2688565096896465,0.007673271246453648,-0.0043897922476607105,-0.7442242917848784,3.3443097556690824,0.030283905809756668,-0.0049473697493866865,0.009463526991888965,2,True,0.022819098432373376,35,6.0,80.0,20,39
0.03,0.3897295967109038,5,stay2,data,32.0,600.0,1,0.013403071949769307,0.022125424954260176,0.0233792165249093,0.022942813450352876,0.001194002030686451,2,3.269548006330005,0.006792519157513153,-0.004179180031515246,-0.7735826947495615,3.359089741593085,0.033453587005763806,-0.0005497914916263961,0.11511956685879357,2,True,0.02701663257767732,30,8.0,80.0,25,39
0.03,0.3897295967109038,5,stay+deck,cov,4.0,600.0,1,0.013403071949769307,,0.0233792165249093,0.022942813450352876,0.001194002030686451,0,,,,,,,,,0,False,0.0,19,6.0,78.0,8,38
0.03,0.3897295967109038,5,stay+deck,cov,16.0,600.0,1,0.013403071949769307,0.015295234098519739,0.0233792165249093,0.022942813450352876,0.001194002030686451,2,3.248725411895586,0.012692996962118806,-0.010521210496707735,-0.5769001012627064,3.347847637303208,0.01153819409856045,-0.003894722511915858,-0.615393530047985,1,False,0.030052642385173318,22,6.0,80.0,10,39
0.03,0.3897295967109038,5,stay+deck,cov,32.0,600.0,1,0.013403071949769307,0.02015250316186723,0.0233792165249093,0.022942813450352876,0.001194002030686451,4,3.24562652778852,0.01805755464443062,-0.011465051451638225,-0.39808151185231266,3.3558462930531556,0.009261073197279451,-0.001514834276693922,-0.691297560090685,1,False,0.07700505390359347,9,8.0,80.0,7,39
0.03,0.3897295967109038,5,stay+deck,data,4.0,600.0,1,0.013403071949769307,,0.0233792165249093,0.022942813450352876,0.001194002030686451,0,,,,,,,,,0,False,0.0,23,8.0,78.0,8,38
0.03,0.3897295967109038,5,stay+deck,data,16.0,600.0,1,0.013403071949769307,0.012614275657180096,0.0233792165249093,0.022942813450352876,0.001194002030686451,2,3.2501743369886062,0.019097423758507703,-0.010079904918257464,-0.3634192080497432,3.343424602018517,0.009655109388918767,-0.0052107348478731535,-0.6781630203693744,1,False,0.02828508858136663,15,20.0,66.0,6,39
0.03,0.3897295967109038,5,stay+deck,data,32.0,600.0,1,0.013403071949769307,0.015577859078174772,0.0233792165249093,0.022942813450352876,0.001194002030686451,2,3.24777769626991,0.019056172603742975,-0.010809860472065351,-0.3647942465419008,3.3483135705120937,0.0029569604366162035,-0.0037560905971426857,-0.9014346521127933,1,False,0.0304834697325926,11,10.0,80.0,3,39
0.03,0.3897295967109038,6,stay,cov,4.0,600.0,1,0.006019467597425665,0.0049804370650017304,0.0233792165249093,0.022942813450352876,0.001194002030686451,1,3.3307981510139504,0.0471735578159764,0.01447604973855305,0.5724519271992135,3.3307981510139504,0.0471735578159764,-0.008967558886533675,0.5724519271992135,1,False,0.0,1,18.0,18.0,1,18
0.03,0.3897295967109038,6,stay,cov,16.0,600.0,1,0.006019467597425665,0.01174817938799011,0.0233792165249093,0.022942813450352876,0.001194002030686451,1,3.341994468604026,0.04091546723813085,0.017886162127663283,0.36384890793769514,3.341994468604026,0.04091546723813085,-0.00563625105888989,0.36384890793769514,1,False,0.0,0,,,0,37
0.03,0.3897295967109038,6,stay,cov,32.0,600.0,1,0.006019467597425665,0.001814380617438438,0.0233792165249093,0.022942813450352876,0.001194002030686451,2,3.3255473952660157,0.01587301224616271,0.012876803639630726,-0.4708995917945763,3.3778778288752433,0.005398581982617413,0.005040341311053943,-0.8200472672460862,1,False,0.015613043141219316,27,28.0,80.0,27,34
0.03,0.3897295967109038,6,stay,data,4.0,600.0,1,0.006019467597425665,-0.002256420584386909,0.0233792165249093,0.022942813450352876,0.001194002030686451,1,3.3187839553922056,0.04027200046466818,0.010816832589226966,0.34240001548893945,3.3187839553922056,0.04027200046466818,-0.012542214892454632,0.34240001548893945,0,False,0.0,1,36.0,36.0,1,18
0.03,0.3897295967109038,6,stay,data,16.0,600.0,1,0.006019467597425665,0.008549121334519239,0.0233792165249093,0.022942813450352876,0.001194002030686451,1,3.336706740338918,0.03627067616310092,0.01627565514427118,0.20902253877003082,3.336706740338918,0.03627067616310092,-0.007209540706873883,0.20902253877003082,1,False,0.0,0,,,0,39
0.03,0.3897295967109038,6,stay,data,32.0,600.0,1,0.006019467597425665,0.0035765293864482572,0.0233792165249093,0.022942813450352876,0.001194002030686451,1,3.3284708582874485,0.033054598283682075,0.013767215812051623,0.10181994278940255,3.3284708582874485,0.033054598283682075,-0.009660012312817904,0.10181994278940255,1,False,0.0,24,34.0,80.0,24,38
0.03,0.3897295967109038,6,stay2,cov,4.0,600.0,1,0.006019467597425665,,0.0233792165249093,0.022942813450352876,0.001194002030686451,0,,,,,,,,,0,False,0.0,4,24.0,78.0,1,38
0.03,0.3897295967109038,6,stay2,cov,16.0,600.0,1,0.006019467597425665,0.006638574532508601,0.0233792165249093,0.022942813450352876,0.001194002030686451,1,3.333544794028059,0.03813326493618852,0.015312607052645116,0.27110883120628415,3.333544794028059,0.03813326493618852,-0.008150333642695098,0.27110883120628415,1,False,0.0,1,18.0,18.0,1,39
0.03,0.3897295967109038,6,stay2,cov,32.0,600.0,1,0.006019467597425665,-0.01249933012512039,0.0233792165249093,0.022942813450352876,0.001194002030686451,4,3.301704566701215,0.00585736166973048,0.005614886993721234,-0.804754611008984,3.387434291138802,0.003558578515671339,0.007883733103672774,-0.8813807161442887,2,True,0.07664515632433384,36,8.0,80.0,35,39
0.03,0.3897295967109038,6,stay2,data,4.0,600.0,1,0.006019467597425665,,0.0233792165249093,0.022942813450352876,0.001194002030686451,0,,,,,,,,,0,False,0.0,2,38.0,68.0,1,38
0.03,0.3897295967109038,6,stay2,data,16.0,600.0,1,0.006019467597425665,-0.05744019555151758,0.0233792165249093,0.022942813450352876,0.001194002030686451,2,3.2256999584119583,0.007094576374313516,-0.017534175568277306,-0.7635141208562162,3.3595711437150326,0.03184977480509646,-0.0004065570179536,0.06165916016988201,1,False,0.04065775978754616,6,8.0,80.0,3,39
0.03,0.3897295967109038,6,stay2,data,32.0,600.0,1,0.006019467597425665,0.020744469067014215,0.0233792165249093,0.022942813450352876,0.001194002030686451,2,3.242029855546246,0.0021530645671477603,-0.012560505959272055,-0.9282311810950747,3.356819803622164,0.028157740864547948,-0.001225179811934304,-0.06140863784840171,1,False,0.03479089659708481,24,8.0,80.0,18,39
0.03,0.3897295967109038,6,stay+deck,cov,4.0,600.0,1,0.006019467597425665,0.04606199933451727,0.0233792165249093,0.022942813450352876,0.001194002030686451,2,3.2857498522479665,0.025111683849666132,0.0007554884473665687,-0.1629438716777956,3.3981944305963614,0.035213374542909806,0.011085262223682772,0.1737791514303269,1,False,0.03364617465079903,18,22.0,72.0,8,38
0.03,0.3897295967109038,6,stay+deck,cov,16.0,600.0,1,0.006019467597425665,,0.0233792165249093,0.022942813450352876,0.001194002030686451,0,,,,,,,,,0,False,0.0,2,54.0,58.0,1,39
0.03,0.3897295967109038,6,stay+deck,cov,32.0,600.0,1,0.006019467597425665,0.011198180830904736,0.0233792165249093,0.022942813450352876,0.001194002030686451,3,3.2693285739159137,0.002633173309732944,-0.004246013540643993,-0.9122275563422352,3.3410859707963816,0.0031417140997014553,-0.005906561885074877,-0.8952761966766182,2,True,0.04172702913195345,39,4.0,80.0,39,39
0.03,0.3897295967109038,6,stay+deck,data,4.0,600.0,1,0.006019467597425665,0.042396538206132206,0.0233792165249093,0.022942813450352876,0.001194002030686451,2,3.286601298885238,0.025192244554840256,0.0010148173475220666,-0.1602585148386581,3.3922354719737022,0.03761685687505317,0.009312257363418182,0.25389522916843915,2,True,0.031632506291923955,22,6.0,78.0,13,38
0.03,0.3897295967109038,6,stay+deck,data,16.0,600.0,1,0.006019467597425665,0.04365095664068264,0.0233792165249093,0.022942813450352876,0.001194002030686451,1,3.394275963822997,0.024750931563963584,0.03380977032590278,-0.17496894786788048,3.394275963822997,0.024750931563963584,0.009919377196801972,-0.17496894786788048,1,False,0.0,23,6.0,80.0,11,39
0.03,0.3897295967109038,6,stay+deck,data,32.0,600.0,1,0.006019467597425665,0.008755109980052023,0.0233792165249093,0.022942813450352876,0.001194002030686451,2,3.337047471690441,0.0029044692911143156,0.016379433211822288,-0.9031843569628561,3.337047471690441,0.0029044692911143156,-0.007108160855032413,-0.9031843569628561,1,False,0.03448813255471558,37,8.0,80.0,37,39
0.03,0.3897295967109038,7,stay,cov,4.0,600.0,1,-0.0013371400296803282,-0.0013971441814142338,0.0233792165249093,0.022942813450352876,0.001194002030686451,1,3.3202127488548308,0.0306466271805348,0.011252006587211498,0.02155423935116009,3.3202127488548308,0.0306466271805348,-0.012117097365389443,0.02155423935116009,0,False,0.0,0,,,0,18
0.03,0.3897295967109038,7,stay,cov,16.0,600.0,1,-0.0013371400296803282,-0.0027654487104027403,0.0233792165249093,0.022942813450352876,0.001194002030686451,1,3.3179372599407317,0.03206901744390807,0.010558950778922332,0.06896724813026898,3.3179372599407317,0.03206901744390807,-0.012794137291264173,0.06896724813026898,0,False,0.0,1,22.0,22.0,1,38
0.03,0.3897295967109038,7,stay,cov,32.0,600.0,1,-0.0013371400296803282,0.004057206486948406,0.0233792165249093,0.022942813450352876,0.001194002030686451,2,3.3292678718406097,0.022468740913831102,0.014009965784983163,-0.25104196953896324,3.3292678718406097,0.022468740913831102,-0.00942287206853459,-0.25104196953896324,1,False,0.024465009040921703,22,26.0,80.0,9,35
0.03,0.3897295967109038,7,stay,data,4.0,600.0,1,-0.0013371400296803282,-0.0005339781786021236,0.0233792165249093,0.022942813450352876,0.001194002030686451,1,3.321647391123648,0.030274855275260873,0.011688961982186356,0.009161842508695802,3.321647391123648,0.030274855275260873,-0.011690239607780248,0.009161842508695802,0,False,0.0,0,,,0,18
0.03,0.3897295967109038,7,stay,data,16.0,600.0,1,-0.0013371400296803282,0.0005395719162955004,0.0233792165249093,0.022942813450352876,0.001194002030686451,1,3.323430842356072,0.030286162282599175,0.012232155679054491,0.009538742753305875,3.323430842356072,0.030286162282599175,-0.0111595986177407,0.009538742753305875,0,False,0.0,3,18.0,52.0,2,39
0.03,0.3897295967109038,7,stay,data,32.0,600.0,1,-0.0013371400296803282,-0.0024155945041134386,0.0233792165249093,0.022942813450352876,0.001194002030686451,2,3.3185192155670227,0.021465044462869544,0.01073619959981021,-0.2844985179043485,3.3185192155670227,0.021465044462869544,-0.012620984527633855,-0.2844985179043485,0,False,0.02895431799656789,1,52.0,52.0,1,39
0.03,0.3897295967109038,7,stay2,cov,4.0,600.0,1,-0.0013371400296803282,0.0007946639457425686,0.0233792165249093,0.022942813450352876,0.001194002030686451,1,3.3238544771190623,0.03400917279431562,0.012361184008423363,0.13363909314385397,3.3238544771190623,0.03400917279431562,-0.011033552014412626,0.13363909314385397,0,False,0.0,6,28.0,72.0,2,38
0.03,0.3897295967109038,7,stay2,cov,16.0,600.0,1,-0.0013371400296803282,-0.00207498946083573,0.0233792165249093,0.022942813450352876,0.001194002030686451,1,3.3190856878932626,0.03319321023306163,0.010908732602938962,0.10644034110205448,3.3190856878932626,0.03319321023306163,-0.012452438603550789,0.10644034110205448,0,False,0.0,1,80.0,80.0,1,39
0.03,0.3897295967109038,7,stay2,cov,32.0,600.0,1,-0.0013371400296803282,-0.0007432169684447043,0.0233792165249093,0.022942813450352876,0.001194002030686451,3,3.321299678522813,0.023090728107469878,0.011583057604392596,-0.23030906308433738,3.3906674454337464,0.0018951680288318467,0.008845712980009643,-0.9368277323722718,1,False,0.05422254957704065,24,18.0,70.0,15,39
0.03,0.3897295967109038,7,stay2,data,4.0,600.0,1,-0.0013371400296803282,0.005580361515818533,0.0233792165249093,0.022942813450352876,0.001194002030686451,1,3.3317921649547664,0.03222937734383795,0.014778800998264506,0.07431257812793163,3.3317921649547664,0.03222937734383795,-0.008671803930032388,0.07431257812793163,1,False,0.0,10,32.0,78.0,4,38
0.03,0.3897295967109038,7,stay2,data,16.0,600.0,1,-0.0013371400296803282,0.013863196873111328,0.0233792165249093,0.022942813450352876,0.001194002030686451,1,3.34548579515118,0.03136405618172407,0.018949531027044365,0.045468539390802296,3.34548579515118,0.03136405618172407,-0.004597455636928607,0.045468539390802296,1,False,0.0,21,18.0,74.0,11,39
0.03,0.3897295967109038,7,stay2,data,32.0,600.0,1,-0.0013371400296803282,0.004738813784784579,0.0233792165249093,0.022942813450352876,0.001194002030686451,1,3.3303977219485152,0.022154541544751855,0.014354089271996565,-0.26151528184160483,3.3303977219485152,0.022154541544751855,-0.009086700958859542,-0.26151528184160483,1,False,0.0,33,8.0,80.0,26,39
0.03,0.3897295967109038,7,stay+deck,cov,4.0,600.0,1,-0.0013371400296803282,-0.015463273456268745,0.0233792165249093,0.022942813450352876,0.001194002030686451,1,3.296745876701711,0.01978489950388422,0.0041045966625453505,-0.34050334987052594,3.296745876701711,0.01978489950388422,-0.01909933721925883,-0.34050334987052594,1,False,0.0,27,6.0,62.0,18,38
0.03,0.3897295967109038,7,stay+deck,cov,16.0,600.0,1,-0.0013371400296803282,-0.032378528725870104,0.0233792165249093,0.022942813450352876,0.001194002030686451,2,3.2683025990413648,0.010766302891428062,-0.004558499284502878,-0.6411232369523979,3.3448941136875345,0.00846600121175673,-0.004773502187542822,-0.7177999596081089,2,True,0.023163234959803485,33,8.0,80.0,21,39
0.03,0.3897295967109038,7,stay+deck,cov,32.0,600.0,1,-0.0013371400296803282,-0.00354373359395721,0.0233792165249093,0.022942813450352876,0.001194002030686451,3,3.2818705565961555,0.004150404898310521,-0.000426045932739638,-0.861653170056316,3.316642276507782,0.013216478961810309,-0.013179441514027454,-0.5594507012729897,1,False,0.043889170353179,27,6.0,80.0,24,39
0.03,0.3897295967109038,7,stay+deck,data,4.0,600.0,1,-0.0013371400296803282,-0.014373894713910706,0.0233792165249093,0.022942813450352876,0.001194002030686451,2,3.2985692784435012,0.020579058105865723,0.0046599582642487805,-0.31403139647114253,3.38291348500535,0.03584267794949208,0.006538630418038207,0.194755931649736,2,True,0.025247152330693697,32,8.0,78.0,12,38
0.03,0.3897295967109038,7,stay+deck,data,16.0,600.0,1,-0.0013371400296803282,,0.0233792165249093,0.022942813450352876,0.001194002030686451,0,,,,,,,,,0,False,0.0,17,6.0,80.0,12,39
0.03,0.3897295967109038,7,stay+deck,data,32.0,600.0,1,-0.0013371400296803282,-0.026219085608132575,0.0233792165249093,0.022942813450352876,0.001194002030686451,1,3.2786883697196627,0.014278509516478067,-0.0013952587837229643,-0.5240496827840644,3.2786883697196627,0.014278509516478067,-0.024472096063680216,-0.5240496827840644,1,False,0.0,22,4.0,48.0,20,39
0.03,0.3897295967109038,8,stay,cov,4.0,600.0,1,-0.0013371400296803282,-0.010375598044483403,0.0233792165249093,0.022942813450352876,0.001194002030686451,1,3.3052530047836743,0.03398825912034688,0.006695650608153873,0.13294197067822933,3.3052530047836743,0.03398825912034688,-0.016568160147671127,0.13294197067822933,1,False,0.0,0,,,0,18
0.03,0.3897295967109038,8,stay,cov,16.0,600.0,1,-0.0013371400296803282,-0.002819851120487993,0.0233792165249093,0.022942813450352876,0.001194002030686451,1,3.317846756535563,0.03054913191608155,0.010531385753123458,0.018304397202718408,3.317846756535563,0.03054913191608155,-0.012821065314664877,0.018304397202718408,0,False,0.0,1,76.0,76.0,1,37
0.03,0.3897295967109038,8,stay,cov,32.0,600.0,1,-0.0013371400296803282,0.007586038272493711,0.0233792165249093,0.022942813450352876,0.001194002030686451,1,3.33511321692615,0.028087027361745842,0.015790308610600674,-0.06376575460847189,3.33511321692615,0.028087027361745842,-0.0076836713284626325,-0.06376575460847189,1,False,0.0,1,20.0,20.0,1,36
0.03,0.3897295967109038,8,stay,data,4.0,600.0,1,-0.0013371400296803282,-0.008902782023792799,0.0233792165249093,0.022942813450352876,0.001194002030686451,1,3.3077116242833102,0.03420738476340078,0.007444483315726233,0.14024615878002605,3.3077116242833102,0.03420738476340078,-0.015836632275364727,0.14024615878002605,1,False,0.0,0,,,0,18
0.03,0.3897295967109038,8,stay,data,16.0,600.0,1,-0.0013371400296803282,-0.008523716025391592,0.0233792165249093,0.022942813450352876,0.001194002030686451,1,3.30834411578868,0.029031506167990863,0.007637124074718285,-0.03228312773363787,3.30834411578868,0.029031506167990863,-0.015648443267165822,-0.03228312773363787,1,False,0.0,2,24.0,38.0,1,39
0.03,0.3897295967109038,8,stay,data,32.0,600.0,1,-0.0013371400296803282,-0.004698662312592972,0.0233792165249093,0.022942813450352876,0.001194002030686451,1,3.31471966529789,0.026937740717468184,0.009578953626607205,-0.10207530941772718,3.31471966529789,0.026937740717468184,-0.01375148761056782,-0.10207530941772718,1,False,0.0,3,12.0,48.0,1,39
0.03,0.3897295967109038,8,stay2,cov,4.0,600.0,1,-0.0013371400296803282,-0.008848508094482121,0.0233792165249093,0.022942813450352876,0.001194002030686451,1,3.307802190600095,0.03347596211534043,0.007472067502796581,0.11586540384468103,3.307802190600095,0.03347596211534043,-0.015809685533491914,0.11586540384468103,1,False,0.0,1,78.0,78.0,1,38
0.03,0.3897295967109038,8,stay2,cov,16.0,600.0,1,-0.0013371400296803282,-0.00754881925485873,0.0233792165249093,0.022942813450352876,0.001194002030686451,1,3.3099702270713425,0.029963306500947563,0.008132396041279395,-0.0012231166350811877,3.3099702270713425,0.029963306500947563,-0.015164616580313412,-0.0012231166350811877,1,False,0.0,0,,,0,39
0.03,0.3897295967109038,8,stay2,cov,32.0,600.0,1,-0.0013371400296803282,0.009758689648661445,0.0233792165249093,0.022942813450352876,0.001194002030686451,2,3.3387070223702855,0.02878889374931644,0.016884889964738112,-0.04037020835611858,3.3387070223702855,0.02878889374931644,-0.006614384742872296,-0.04037020835611858,1,False,0.05262418916846703,2,72.0,74.0,2,39
0.03,0.3897295967109038,8,stay2,data,4.0,600.0,1,-0.0013371400296803282,-0.010317561783427909,0.0233792165249093,0.022942813450352876,0.001194002030686451,1,3.3053499212064956,0.03231297215141946,0.006725168875344154,0.07709907171398213,3.3053499212064956,0.03231297215141946,-0.016539324020491422,0.07709907171398213,1,False,0.0,2,44.0,46.0,2,38
0.03,0.3897295967109038,8,stay2,data,16.0,600.0,1,-0.0013371400296803282,0.0046057920373654415,0.0233792165249093,0.022942813450352876,0.001194002030686451,1,3.3301772517215023,0.02976350974057367,0.014286939671557098,-0.007883008647544335,3.3301772517215023,0.02976350974057367,-0.009152298793781785,-0.007883008647544335,1,False,0.0,14,18.0,78.0,6,39
0.03,0.3897295967109038,8,stay2,data,32.0,600.0,1,-0.0013371400296803282,0.013327886020432445,0.0233792165249093,0.022942813450352876,0.001194002030686451,2,3.344602484999908,0.030240939084905504,0.018680497314303837,0.00803130283018351,3.344602484999908,0.030240939084905504,-0.004860272227963732,0.00803130283018351,1,False,0.01740916587470679,6,6.0,50.0,4,39
0.03,0.3897295967109038,8,stay+deck,cov,4.0,600.0,1,-0.0013371400296803282,0.01440638363302238,0.0233792165249093,0.022942813450352876,0.001194002030686451,2,3.266449311976232,0.03532678737273274,-0.005122963192438878,0.17755957909109135,3.34638186291531,0.022285016470015226,-0.004330843196478447,-0.2571661176661591,2,True,0.02417498612170113,28,6.0,78.0,15,38
0.03,0.3897295967109038,8,stay+deck,cov,16.0,600.0,1,-0.0013371400296803282,,0.0233792165249093,0.022942813450352876,0.001194002030686451,0,,,,,,,,,0,False,0.0,21,12.0,80.0,7,39
0.03,0.3897295967109038,8,stay+deck,cov,32.0,600.0,1,-0.0013371400296803282,0.0017163338947978612,0.0233792165249093,0.022942813450352876,0.001194002030686451,2,3.246214517902387,0.0009233507612233233,-0.011285964679952791,-0.9692216412925558,3.325384657034477,0.014712174053284944,-0.0105782683652204,-0.5095941982238352,0,False,0.024094634205334312,7,44.0,56.0,7,39
0.03,0.3897295967109038,8,stay+deck,data,4.0,600.0,1,-0.0013371400296803282,,0.0233792165249093,0.022942813450352876,0.001194002030686451,0,,,,,,,,,0,False,0.0,30,8.0,78.0,13,38
0.03,0.3897295967109038,8,stay+deck,data,16.0,600.0,1,-0.0013371400296803282,0.015870803431566216,0.0233792165249093,0.022942813450352876,0.001194002030686451,1,3.3487964477342187,0.025036931126761145,0.019957871251286223,-0.1654356291079618,3.3487964477342187,0.025036931126761145,-0.0036124172280269425,-0.1654356291079618,1,False,0.0,33,6.0,80.0,17,39
0.03,0.3897295967109038,8,stay+deck,data,32.0,600.0,1,-0.0013371400296803282,-0.04775819778065915,0.0233792165249093,0.022942813450352876,0.001194002030686451,1,3.2422248658956185,0.001074711004361161,-0.01250111078732822,-0.964176299854628,3.2422248658956185,0.001074711004361161,-0.035321302040119275,-0.964176299854628,0,False,0.0,29,6.0,80.0,17,39
0.03,0.3897295967109038,9,stay,cov,4.0,600.0,1,0.0208136730273496,0.010163387169516147,0.0233792165249093,0.022942813450352876,0.001194002030686451,1,3.3393760094825087,0.03083426473143156,0.01708864635349664,0.02780882438105208,3.3393760094825087,0.03083426473143156,-0.006415336976889188,0.02780882438105208,1,False,0.0,0,,,0,18
0.03,0.3897295967109038,9,stay,cov,16.0,600.0,1,0.0208136730273496,0.01883219189088381,0.0233792165249093,0.022942813450352876,0.001194002030686451,1,3.3536739726380524,0.009875527971913631,0.021443440767240345,-0.6708157342695457,3.3536739726380524,0.009875527971913631,-0.0021611778574975086,-0.6708157342695457,1,False,0.0,33,16.0,80.0,33,39
0.03,0.3897295967109038,9,stay,cov,32.0,600.0,1,0.0208136730273496,0.015370378330421541,0.0233792165249093,0.022942813450352876,0.001194002030686451,1,3.3479715257920497,0.004633377324123966,0.019706621095830393,-0.8455540891958678,3.3479715257920497,0.004633377324123966,-0.0038578612234329464,-0.8455540891958678,1,False,0.0,18,32.0,80.0,8,35
0.03,0.3897295967109038,9,stay,data,4.0,600.0,1,0.0208136730273496,0.008418914687363,0.0233792165249093,0.022942813450352876,0.001194002030686451,1,3.336491344077359,0.03366241654936664,0.01621005094412225,0.12208055164555481,3.336491344077359,0.03366241654936664,-0.007273628854285194,0.12208055164555481,1,False,0.0,1,26.0,26.0,1,18
0.03,0.3897295967109038,9,stay,data,16.0,600.0,1,0.0208136730273496,0.020950488452660565,0.0233792165249093,0.022942813450352876,0.001194002030686451,2,3.2740082707581966,0.029439238312321047,-0.002820697399800123,-0.018692056255965064,3.3571585441604803,0.008891955070032986,-0.0011243922987403947,-0.7036014976655671,2,True,0.025078625141872108,33,14.0,80.0,30,39
0.03,0.3897295967109038,9,stay,data,32.0,600.0,1,0.0208136730273496,0.01239641772087463,0.0233792165249093,0.022942813450352876,0.001194002030686451,2,3.298398222653581,0.02929217094081933,0.004607859039325683,-0.023594301972688914,3.3430649237170185,0.005320331893055289,-0.005317752099891597,-0.8226556035648238,2,True,0.013450861678829517,29,22.0,80.0,22,39
0.03,0.3897295967109038,9,stay2,cov,4.0,600.0,1,0.0208136730273496,-0.007921157648896893,0.0233792165249093,0.022942813450352876,0.001194002030686451,1,3.309349267251348,0.03699774462483546,0.007943267539138616,0.23325815416118206,3.309349267251348,0.03699774462483546,-0.015349374496687105,0.23325815416118206,1,False,0.0,17,16.0,76.0,11,38
0.03,0.3897295967109038,9,stay2,cov,16.0,600.0,1,0.0208136730273496,0.01737937019318303,0.0233792165249093,0.022942813450352876,0.001194002030686451,2,3.28526951140188,0.028643676826951122,0.0006091888933339809,-0.04521077243496256,3.3512820043999074,0.009899184464897556,-0.0028728745784150213,-0.6700271845034148,2,True,0.01989361277188918,33,6.0,80.0,23,39
0.03,0.3897295967109038,9,stay2,cov,32.0,600.0,1,0.0208136730273496,-0.003295441515030695,0.0233792165249093,0.022942813450352876,0.001194002030686451,2,3.3170554630877493,0.02808195217578972,0.010290377978191927,-0.06393492747367598,3.3170554630877493,0.02808195217578972,-0.013056503621541884,-0.06393492747367598,0,False,0.06046298447791657,35,4.0,80.0,30,39
0.03,0.3897295967109038,9,stay2,data,4.0,600.0,1,0.0208136730273496,-0.009118186296063535,0.0233792165249093,0.022942813450352876,0.001194002030686451,1,3.307352157058563,0.038308072861892674,0.00733499877969659,0.2769357620630892,3.307352157058563,0.038308072861892674,-0.015943586724445707,0.2769357620630892,1,False,0.0,11,32.0,78.0,3,38
0.03,0.3897295967109038,9,stay2,data,16.0,600.0,1,0.0208136730273496,0.015967878375984235,0.0233792165249093,0.022942813450352876,0.001194002030686451,1,3.3489564466544435,0.013185998726731703,0.0200066028360875,-0.5604667091089433,3.3489564466544435,0.013185998726731703,-0.003564811785338195,-0.5604667091089433,1,False,0.0,32,16.0,80.0,29,39
0.03,0.3897295967109038,9,stay2,data,32.0,600.0,1,0.0208136730273496,0.008667335326927539,0.0233792165249093,0.022942813450352876,0.001194002030686451,1,3.336902285533087,0.031753827098930466,0.016335213216280325,0.05846090329768225,3.336902285533087,0.031753827098930466,-0.007151358967140898,0.05846090329768225,1,False,0.0,7,14.0,80.0,2,39
0.03,0.3897295967109038,9,stay+deck,cov,4.0,600.0,1,0.0208136730273496,0.020827352325616832,0.0233792165249093,0.022942813450352876,0.001194002030686451,1,3.3569560857792844,0.02070910520660244,0.02244308860639217,-0.30969649311325204,3.3569560857792844,0.02070910520660244,-0.0011846309606597305,-0.30969649311325204,1,False,0.0,16,6.0,78.0,4,38
0.03,0.3897295967109038,9,stay+deck,cov,16.0,600.0,1,0.0208136730273496,0.03266402888796871,0.0233792165249093,0.022942813450352876,0.001194002030686451,2,3.2558056012305476,0.01565997348196585,-0.008364765650073472,-0.47800088393447165,3.376362247906333,0.013077683053930814,0.004589401374370298,-0.5640772315356395,2,True,0.03635512532798001,32,4.0,80.0,21,39
0.03,0.3897295967109038,9,stay+deck,cov,32.0,600.0,1,0.0208136730273496,-0.02828528658288576,0.0233792165249093,0.022942813450352876,0.001194002030686451,3,3.2752081071803967,0.015954192864455093,-0.0024552578688710343,-0.4681935711848302,3.342928054895131,0.005315155674053838,-0.005358475505068937,-0.8228281441982054,2,True,0.03761405960137363,39,4.0,80.0,39,39
0.03,0.3897295967109038,9,stay+deck,data,4.0,600.0,1,0.0208136730273496,0.02116825351439533,0.0233792165249093,0.022942813450352876,0.001194002030686451,1,3.3575165599831376,0.02050524329341563,0.02261379473463121,-0.31649189021947893,3.3575165599831376,0.02050524329341563,-0.0010178696940676179,-0.31649189021947893,1,False,0.0,17,10.0,74.0,5,38
0.03,0.3897295967109038,9,stay+deck,data,16.0,600.0,1,0.0208136730273496,0.03476547830227639,0.0233792165249093,0.022942813450352876,0.001194002030686451,1,3.3797959147452037,0.015017068449549899,0.02939951719063301,-0.49943105168167,3.3797959147452037,0.015017068449549899,0.005611040955940374,-0.49943105168167,1,False,0.0,30,6.0,80.0,12,39
0.03,0.3897295967109038,9,stay+deck,data,32.0,600.0,1,0.0208136730273496,0.028718825927074754,0.0233792165249093,0.022942813450352876,0.001194002030686451,1,3.3699065272097557,0.010903700661922219,0.02638746231776691,-0.6365433112692593,3.3699065272097557,0.010903700661922219,0.002668591901383102,-0.6365433112692593,1,False,0.0,38,6.0,80.0,38,39
0.03,0.3897295967109038,10,stay,cov,4.0,600.0,1,-0.037715227286654884,,0.0233792165249093,0.022942813450352876,0.001194002030686451,0,,,,,,,,,0,False,0.0,0,,,0,18
0.03,0.3897295967109038,10,stay,cov,16.0,600.0,1,-0.037715227286654884,-0.03348875285850428,0.0233792165249093,0.022942813450352876,0.001194002030686451,1,3.266427077492178,0.041821658112991864,-0.005129735248423155,0.39405527043306215,3.266427077492178,0.041821658112991864,-0.02812027221140339,0.39405527043306215,1,False,0.0,2,20.0,22.0,2,37
0.03,0.3897295967109038,10,stay,cov,32.0,600.0,1,-0.037715227286654884,0.0030727696245749225,0.0233792165249093,0.022942813450352876,0.001194002030686451,1,3.3276353663703455,0.03754488446643016,0.013512746312183223,0.25149614888100535,3.3276353663703455,0.03754488446643016,-0.009908601256547524,0.25149614888100535,1,False,0.0,12,20.0,76.0,8,35
0.03,0.3897295967109038,10,stay,data,4.0,600.0,1,-0.037715227286654884,-0.006917358520924011,0.0233792165249093,0.022942813450352876,0.001194002030686451,1,3.3110230667015674,0.03367791432545214,0.008453064103603638,0.12259714418173806,3.3110230667015674,0.03367791432545214,-0.014851358862031922,0.12259714418173806,1,False,0.0,1,22.0,22.0,1,18
0.03,0.3897295967109038,10,stay,data,16.0,600.0,1,-0.037715227286654884,,0.0233792165249093,0.022942813450352876,0.001194002030686451,0,,,,,,,,,0,False,0.0,0,,,0,39
0.03,0.3897295967109038,10,stay,data,32.0,600.0,1,-0.037715227286654884,-0.0033162069029993857,0.0233792165249093,0.022942813450352876,0.001194002030686451,1,3.317020909065806,0.032449566079350435,0.010279853705601904,0.08165220264501455,3.317020909065806,0.032449566079350435,-0.013066784687870186,0.08165220264501455,0,False,0.0,7,12.0,80.0,2,39
0.03,0.3897295967109038,10,stay2,cov,4.0,600.0,1,-0.037715227286654884,0.014265010262420219,0.0233792165249093,0.022942813450352876,0.001194002030686451,1,3.346148669505273,0.029624693247103578,0.019151425625793434,-0.012510225096547372,3.346148669505273,0.029624693247103578,-0.004400226636699889,-0.012510225096547372,1,False,0.0,16,10.0,76.0,5,38
0.03,0.3897295967109038,10,stay2,cov,16.0,600.0,1,-0.037715227286654884,0.053421896593225826,0.0233792165249093,0.022942813450352876,0.001194002030686451,3,3.2451683927621455,0.03721313752343495,-0.011604587680113038,0.24043791744783166,3.4101280081050542,0.019421577513212305,0.014635931436723022,-0.3526140828929231,0,False,0.11738235700575743,0,,,0,39
0.03,0.3897295967109038,10,stay2,cov,32.0,600.0,1,-0.037715227286654884,0.0008638933215090461,0.0233792165249093,0.022942813450352876,0.001194002030686451,1,3.32396943795949,0.030319046766828856,0.012396198144370367,0.010634892227628576,3.32396943795949,0.030319046766828856,-0.010999347022949319,0.010634892227628576,0,False,0.0,20,4.0,80.0,8,39
0.03,0.3897295967109038,10,stay2,data,4.0,600.0,1,-0.037715227286654884,,0.0233792165249093,0.022942813450352876,0.001194002030686451,0,,,,,,,,,0,False,0.0,11,20.0,62.0,5,38
0.03,0.3897295967109038,10,stay2,data,16.0,600.0,1,-0.037715227286654884,-0.0010183401774450651,0.0233792165249093,0.022942813450352876,0.001194002030686451,1,3.3208424239181245,0.0381912610874582,0.01144378952987784,0.2730420362486066,3.3208424239181245,0.0381912610874582,-0.011929746350169782,0.2730420362486066,0,False,0.0,12,12.0,80.0,3,39
0.03,0.3897295967109038,10,stay2,data,32.0,600.0,1,-0.037715227286654884,0.014450543778016689,0.0233792165249093,0.022942813450352876,0.001194002030686451,1,3.3464547011300536,0.033783912898930867,0.01924463504279401,0.12613042996436227,3.3464547011300536,0.033783912898930867,-0.004309171203613371,0.12613042996436227,1,False,0.0,20,12.0,80.0,9,39
0.03,0.3897295967109038,10,stay+deck,cov,4.0,600.0,1,-0.037715227286654884,-0.03941218105359823,0.0233792165249093,0.022942813450352876,0.001194002030686451,2,3.256402267870839,0.0259193623260055,-0.008183036230033667,-0.13602125579981658,3.378509121195239,0.025254838541562317,0.005228173518403692,-0.1581720486145894,2,True,0.03680738028412093,34,6.0,78.0,15,38
0.03,0.3897295967109038,10,stay+deck,cov,16.0,600.0,1,-0.037715227286654884,-0.03930467039270524,0.0233792165249093,0.022942813450352876,0.001194002030686451,2,3.25658449387751,0.027231380671566018,-0.008127534842370401,-0.09228731094779938,3.369832554823711,0.025444690710189833,0.0026465824516977723,-0.1518436429936722,2,True,0.03418078280128705,27,4.0,72.0,15,39
0.03,0.3897295967109038,10,stay+deck,cov,32.0,600.0,1,-0.037715227286654884,-0.03513091995937523,0.0233792165249093,0.022942813450352876,0.001194002030686451,3,3.263650959007167,0.0013322298715145412,-0.005975270038162015,-0.9555923376161819,3.351893945933686,0.0009481217288597568,-0.002690799927072145,-0.9683959423713414,2,True,0.02660061332346425,38,4.0,80.0,29,39
0.03,0.3897295967109038,10,stay+deck,data,4.0,600.0,1,-0.037715227286654884,-0.03875009335655466,0.0233792165249093,0.022942813450352876,0.001194002030686451,2,3.2575243165020784,0.02554103573561818,-0.007841288873566589,-0.1486321421460606,3.3799638163007675,0.02493768603840783,0.005660997717332978,-0.168743798719739,2,True,0.03689332390474224,30,6.0,78.0,17,38
0.03,0.3897295967109038,10,stay+deck,data,16.0,600.0,1,-0.037715227286654884,0.033269148351498634,0.0233792165249093,0.022942813450352876,0.001194002030686451,1,3.3773513417639895,0.020700500283697357,0.02865496269383026,-0.3099833238767547,3.3773513417639895,0.020700500283697357,0.0048836924288868265,-0.3099833238767547,1,False,0.0,16,6.0,78.0,9,39
0.03,0.3897295967109038,10,stay+deck,data,32.0,600.0,1,-0.037715227286654884,,0.0233792165249093,0.022942813450352876,0.001194002030686451,0,,,,,,,,,0,False,0.0,31,6.0,80.0,27,39
0.03,0.3897295967109038,11,stay,cov,4.0,600.0,1,0.04320745661151282,0.014397832012677858,0.0233792165249093,0.022942813450352876,0.001194002030686451,1,3.3463677575981543,0.03404515194455896,0.019218154263475493,0.13483839815196544,3.3463677575981543,0.03404515194455896,-0.004335040036472837,0.13483839815196544,1,False,0.0,0,,,0,18
0.03,0.3897295967109038,11,stay,cov,16.0,600.0,1,0.04320745661151282,0.01204868792377467,0.0233792165249093,0.022942813450352876,0.001194002030686451,1,3.3424907498536385,0.030896777709990508,0.018037316721499292,0.029892590333016958,3.3424907498536385,0.030896777709990508,-0.005488589508719809,0.029892590333016958,1,False,0.0,0,,,0,37
0.03,0.3897295967109038,11,stay,cov,32.0,600.0,1,0.04320745661151282,0.03710099666506661,0.0233792165249093,0.022942813450352876,0.001194002030686451,2,3.3445702420379426,0.0006265715723828845,0.018670676931559712,-0.9791142809205705,3.3445702420379426,0.0006265715723828845,-0.004869865670693192,-0.9791142809205705,1,False,0.011604243386963208,16,50.0,80.0,16,35
0.03,0.3897295967109038,11,stay,data,4.0,600.0,1,0.04320745661151282,0.014869807228606646,0.0233792165249093,0.022942813450352876,0.001194002030686451,1,3.3471461597808214,0.031531223993972124,0.01945523568828042,0.051040799799070835,3.3471461597808214,0.031531223993972124,-0.004103437345381571,0.051040799799070835,1,False,0.0,1,18.0,18.0,1,18
0.03,0.3897295967109038,11,stay,data,16.0,600.0,1,0.04320745661151282,0.009317748341349796,0.0233792165249093,0.022942813450352876,0.001194002030686451,1,3.337977969673565,0.027937312261329266,0.016662839132989236,-0.0687562579556911,3.337977969673565,0.027937312261329266,-0.006831304184091317,-0.0687562579556911,1,False,0.0,0,,,0,39
0.03,0.3897295967109038,11,stay,data,32.0,600.0,1,0.04320745661151282,0.016585995828154898,0.0233792165249093,0.022942813450352876,0.001194002030686451,1,3.3499750485759927,0.02722360546886081,0.020316842966764528,-0.09254648437130633,3.3499750485759927,0.02722360546886081,-0.003261741018792793,-0.09254648437130633,1,False,0.0,0,,,0,39
0.03,0.3897295967109038,11,stay2,cov,4.0,600.0,1,0.04320745661151282,0.023652785171589752,0.0233792165249093,0.022942813450352876,0.001194002030686451,1,3.3615985456517596,0.02561825966586856,0.023857063317247802,-0.14605801113771466,3.3615985456517596,0.02561825966586856,0.00019666809488042185,-0.14605801113771466,1,False,0.0,17,28.0,78.0,14,38
0.03,0.3897295967109038,11,stay2,cov,16.0,600.0,1,0.04320745661151282,0.011191174775632584,0.0233792165249093,0.022942813450352876,0.001194002030686451,1,3.341074396471007,0.030156528059891323,0.017605931654166886,0.005217601996377469,3.341074396471007,0.030156528059891323,-0.005910005663836047,0.005217601996377469,1,False,0.0,0,,,0,39
0.03,0.3897295967109038,11,stay2,cov,32.0,600.0,1,0.04320745661151282,0.06102299848138837,0.0233792165249093,0.022942813450352876,0.001194002030686451,2,3.3609731543126116,0.026524150392844344,0.023666585087551865,-0.11586165357185518,3.3609731543126116,0.026524150392844344,1.0591641914197257e-05,-0.11586165357185518,1,False,0.018113633631169156,29,20.0,80.0,17,39
0.03,0.3897295967109038,11,stay2,data,4.0,600.0,1,0.04320745661151282,0.021473891096972286,0.0233792165249093,0.022942813450352876,0.001194002030686451,1,3.358018977908963,0.03105764504231508,0.022766818403313783,0.03525483474383605,3.358018977908963,0.03105764504231508,-0.0008683822616519244,0.03525483474383605,1,False,0.0,4,34.0,78.0,1,38
0.03,0.3897295967109038,11,stay2,data,16.0,600.0,1,0.04320745661151282,0.02416366562622252,0.0233792165249093,0.022942813450352876,0.001194002030686451,1,3.3624372874578183,0.031337380613035315,0.024112522650291443,0.044579353767843874,3.3624372874578183,0.031337380613035315,0.0004462239976508223,0.044579353767843874,1,False,0.0,10,52.0,80.0,4,39
0.03,0.3897295967109038,11,stay2,data,32.0,600.0,1,0.04320745661151282,0.039321169550857515,0.0233792165249093,0.022942813450352876,0.001194002030686451,2,3.266046638122675,0.0027146446151077104,-0.005245607364126479,-0.9095118461630763,3.3872277420672403,0.0034515477786795433,0.007822277314003569,-0.8849484073773486,2,True,0.036427508327442924,37,8.0,80.0,37,39
0.03,0.3897295967109038,11,stay+deck,cov,4.0,600.0,1,0.04320745661151282,0.002515542891851741,0.0233792165249093,0.022942813450352876,0.001194002030686451,1,3.3267109543892968,0.02011600259684981,0.013231194031814672,-0.3294665801050063,3.3267109543892968,0.02011600259684981,-0.010183647122624519,-0.3294665801050063,0,False,0.0,13,10.0,76.0,7,38
0.03,0.3897295967109038,11,stay+deck,cov,16.0,600.0,1,0.04320745661151282,,0.0233792165249093,0.022942813450352876,0.001194002030686451,0,,,,,,,,,0,False,0.0,10,14.0,78.0,2,39
0.03,0.3897295967109038,11,stay+deck,cov,32.0,600.0,1,0.04320745661151282,0.039500395813627076,0.0233792165249093,0.022942813450352876,0.001194002030686451,2,3.3389120380653043,0.0033481410184905322,0.016947332509433838,-0.8883952993836489,3.3389120380653043,0.0033481410184905322,-0.006553385187964036,-0.8883952993836489,1,False,0.014452758545357146,36,8.0,80.0,34,39
0.03,0.3897295967109038,11,stay+deck,data,4.0,600.0,1,0.04320745661151282,-0.00023592958679408138,0.0233792165249093,0.022942813450352876,0.001194002030686451,1,3.322142624833169,0.02083373365588085,0.01183979752206417,-0.3055422114706383,3.322142624833169,0.02083373365588085,-0.01154288973852478,-0.3055422114706383,0,False,0.0,13,8.0,34.0,11,38
0.03,0.3897295967109038,11,stay+deck,data,16.0,600.0,1,0.04320745661151282,,0.0233792165249093,0.022942813450352876,0.001194002030686451,0,,,,,,,,,0,False,0.0,11,6.0,80.0,4,39
0.03,0.3897295967109038,11,stay+deck,data,32.0,600.0,1,0.04320745661151282,0.04724091656058316,0.0233792165249093,0.022942813450352876,0.001194002030686451,1,3.40010878263322,0.0036546362555127066,0.03558629796797394,-0.8781787914829098,3.40010878263322,0.0036546362555127066,0.01165485091871099,-0.8781787914829098,0,False,0.0,13,8.0,70.0,9,39
0.04,0.29229719753317784,0,stay,cov,4.0,600.0,1,-0.008666750931549339,0.003275010769488551,0.0233792165249093,0.022942813450352876,0.0003745265785729032,1,3.327970811059943,0.044028548607953785,0.013614914197530732,0.1007137151988446,3.327970811059943,0.044028548607953785,-0.00980879437707961,0.1007137151988446,1,False,0.0,0,,,0,18
0.04,0.29229719753317784,0,stay,cov,16.0,600.0,1,-0.008666750931549339,,0.0233792165249093,0.022942813450352876,0.0003745265785729032,0,,,,,,,,,0,False,0.0,1,34.0,34.0,1,37
0.04,0.29229719753317784,0,stay,cov,32.0,600.0,1,-0.008666750931549339,0.019340947556519605,0.0233792165249093,0.022942813450352876,0.0003745265785729032,1,3.3545111996625017,0.04055137650363624,0.021698438736492565,0.013784412590905903,3.3545111996625017,0.04055137650363624,-0.0019120726568255643,0.013784412590905903,1,False,0.0,13,50.0,76.0,11,33
0.04,0.29229719753317784,0,stay,data,4.0,600.0,1,-0.008666750931549339,0.0038658032641083473,0.0233792165249093,0.022942813450352876,0.0003745265785729032,1,3.328950527884495,0.042861989787390156,0.013913310920770049,0.07154974468475388,3.328950527884495,0.042861989787390156,-0.009517293327716904,0.07154974468475388,1,False,0.0,0,,,0,18
0.04,0.29229719753317784,0,stay,data,16.0,600.0,1,-0.008666750931549339,0.004741649664292025,0.0233792165249093,0.022942813450352876,0.0003745265785729032,1,3.330402421975954,0.03875160657912913,0.014355520780317873,-0.031209835521771832,3.330402421975954,0.03875160657912913,-0.009085302531379163,-0.031209835521771832,1,False,0.0,0,,,0,39
0.04,0.29229719753317784,0,stay,data,32.0,600.0,1,-0.008666750931549339,0.00851527005023911,0.0233792165249093,0.022942813450352876,0.0003745265785729032,1,3.336650742691485,0.03735402136753761,0.016258599691017298,-0.0661494658115597,3.336650742691485,0.03735402136753761,-0.007226202024286794,-0.0661494658115597,1,False,0.0,12,42.0,80.0,7,39
0.04,0.29229719753317784,0,stay2,cov,4.0,600.0,1,-0.008666750931549339,0.007775114264108263,0.0233792165249093,0.022942813450352876,0.0003745265785729032,1,3.3354261233353935,0.03907997568366936,0.015885611911369706,-0.023000607908266017,3.3354261233353935,0.03907997568366936,-0.007590570399336067,-0.023000607908266017,1,False,0.0,1,68.0,68.0,1,38
0.04,0.29229719753317784,0,stay2,cov,16.0,600.0,1,-0.008666750931549339,0.0036104500143943064,0.0233792165249093,0.022942813450352876,0.0003745265785729032,4,3.3285271085405648,0.027505931850781644,0.013784348202545125,-0.3123517037304589,3.3285271085405648,0.027505931850781644,-0.009643275836114231,-0.3123517037304589,1,False,0.10151694184339519,1,70.0,70.0,1,39
0.04,0.29229719753317784,0,stay2,cov,32.0,600.0,1,-0.008666750931549339,0.023235482300469235,0.0233792165249093,0.022942813450352876,0.0003745265785729032,4,3.3007544504528905,0.0024413213896000946,0.005325505850015772,-0.9389669652599977,3.36091328022721,0.05116484788515974,-7.223055442040224e-06,0.2791211971289934,2,True,0.07978510320226737,28,24.0,80.0,18,39
0.04,0.29229719753317784,0,stay2,data,4.0,600.0,1,-0.008666750931549339,0.008326109703106432,0.0233792165249093,0.022942813450352876,0.0003745265785729032,1,3.3363378115788094,0.04122699389522583,0.016163288866213734,0.030674847380645666,3.3363378115788094,0.04122699389522583,-0.00731931030357437,0.030674847380645666,1,False,0.0,2,14.0,58.0,1,38
0.04,0.29229719753317784,0,stay2,data,16.0,600.0,1,-0.008666750931549339,-0.06373897732058109,0.0233792165249093,0.022942813450352876,0.0003745265785729032,1,3.2149038061183615,0.006576711425765429,-0.02082240782811865,-0.8355822143558643,3.2149038061183615,0.006576711425765429,-0.04345030155833373,-0.8355822143558643,0,False,0.0,1,10.0,10.0,1,39
0.04,0.29229719753317784,0,stay2,data,32.0,600.0,1,-0.008666750931549339,0.02930704788401295,0.0233792165249093,0.022942813450352876,0.0003745265785729032,1,3.3708698466707405,0.03085774386668333,0.02668086482284476,-0.2285564033329168,3.3708698466707405,0.03085774386668333,0.0029552141443735026,-0.2285564033329168,1,False,0.0,27,16.0,80.0,20,39
0.04,0.29229719753317784,0,stay+deck,cov,4.0,600.0,1,-0.008666750931549339,0.03622946662810289,0.0233792165249093,0.022942813450352876,0.0003745265785729032,1,3.382185940794496,0.03420449904679408,0.030127458085076005,-0.14488752383014797,3.382185940794496,0.03420449904679408,0.006322159805707285,-0.14488752383014797,1,False,0.0,19,8.0,78.0,9,38
0.04,0.29229719753317784,0,stay+deck,cov,16.0,600.0,1,-0.008666750931549339,0.0008762573681215802,0.0233792165249093,0.022942813450352876,0.0003745265785729032,1,3.3239899690159205,0.01986707240662123,0.012402451379805318,-0.5033231898344693,3.3239899690159205,0.01986707240662123,-0.010993238294034965,-0.5033231898344693,0,False,0.0,7,32.0,80.0,5,39
0.04,0.29229719753317784,0,stay+deck,cov,32.0,600.0,1,-0.008666750931549339,-0.005913752325557464,0.0233792165249093,0.022942813450352876,0.0003745265785729032,3,3.312695698969961,0.0053579258687539814,0.008962505174293792,-0.8660518532811505,3.312695698969961,0.0053579258687539814,-0.014353690506017371,-0.8660518532811505,1,False,0.07453985747515517,38,6.0,80.0,38,39
0.04,0.29229719753317784,0,stay+deck,data,4.0,600.0,1,-0.008666750931549339,0.03340939482767502,0.0233792165249093,0.022942813450352876,0.0003745265785729032,2,3.2635534746109953,0.040143149905974077,-0.006004961295529101,0.003578747649351892,3.37758053933256,0.035066044463483846,0.004951886962322747,-0.12334888841290387,2,True,0.03433963671931822,22,10.0,78.0,5,38
0.04,0.29229719753317784,0,stay+deck,data,16.0,600.0,1,-0.008666750931549339,,0.0233792165249093,0.022942813450352876,0.0003745265785729032,0,,,,,,,,,0,False,0.0,10,12.0,68.0,3,39
0.04,0.29229719753317784,0,stay+deck,data,32.0,600.0,1,-0.008666750931549339,-0.048951573872812015,0.0233792165249093,0.022942813450352876,0.0003745265785729032,1,3.240192605477633,0.02737718123123693,-0.013120085407645723,-0.3155704692190768,3.240192605477633,0.02737718123123693,-0.03592597272615334,-0.3155704692190768,0,False,0.0,37,8.0,80.0,37,39
0.04,0.29229719753317784,1,stay,cov,4.0,600.0,1,0.0208136730273496,-0.015623936121343163,0.0233792165249093,0.022942813450352876,0.0003745265785729032,1,3.2964768742488055,0.04073159963296337,0.004022665385589927,0.018289990824084217,3.2964768742488055,0.04073159963296337,-0.01917937513974557,0.018289990824084217,1,False,0.0,3,12.0,22.0,2,18
0.04,0.29229719753317784,1,stay,cov,16.0,600.0,1,0.0208136730273496,-0.049599506557536976,0.0233792165249093,0.022942813450352876,0.0003745265785729032,2,3.239088674103714,0.017539313689844696,-0.013456314710239408,-0.5615171577538826,3.3833899340257307,0.03303613613629559,0.006680391165560648,-0.17409659659261034,1,False,0.0435792302129536,0,,,0,38
0.04,0.29229719753317784,1,stay,cov,32.0,600.0,1,0.0208136730273496,0.012671195198395768,0.0233792165249093,0.022942813450352876,0.0003745265785729032,1,3.343518568460026,0.03913375388711825,0.018350364018988194,-0.02165615282204384,3.343518568460026,0.03913375388711825,-0.005182776446406159,-0.02165615282204384,1,False,0.0,16,26.0,80.0,11,34
0.04,0.29229719753317784,1,stay,data,4.0,600.0,1,0.0208136730273496,-0.00956395091307316,0.0233792165249093,0.022942813450352876,0.0003745265785729032,1,3.306608139762977,0.04066355662602891,0.007108390113322314,0.016588915650722798,3.306608139762977,0.04066355662602891,-0.016164958672923193,0.016588915650722798,1,False,0.0,4,20.0,26.0,4,18
0.04,0.29229719753317784,1,stay,data,16.0,600.0,1,0.0208136730273496,,0.0233792165249093,0.022942813450352876,0.0003745265785729032,0,,,,,,,,,0,False,0.0,13,20.0,80.0,9,39
0.04,0.29229719753317784,1,stay,data,32.0,600.0,1,0.0208136730273496,-0.010809806270510203,0.0233792165249093,0.022942813450352876,0.0003745265785729032,2,3.304527817783791,0.03693839392914197,0.006474777168933509,-0.07654015177145072,3.345778999603338,0.0018514404594525552,-0.004510216749793104,-0.9537139885136862,2,True,0.012405798093915395,24,16.0,80.0,14,38
0.04,0.29229719753317784,1,stay2,cov,4.0,600.0,1,0.0208136730273496,-0.008637763120241448,0.0233792165249093,0.022942813450352876,0.0003745265785729032,1,3.3081538349458253,0.03348562096002935,0.007579169389670391,-0.1628594759992663,3.3081538349458253,0.03348562096002935,-0.0157050586727358,-0.1628594759992663,1,False,0.0,14,6.0,66.0,11,38
0.04,0.29229719753317784,1,stay2,cov,16.0,600.0,1,0.0208136730273496,0.02835089342059738,0.0233792165249093,0.022942813450352876,0.0003745265785729032,2,3.244659708079524,0.011300533104669736,-0.011759520042865625,-0.7174866723832566,3.369303831405274,0.03932723873745896,0.0024892681875811657,-0.01681903156352596,1,False,0.03769120364260711,6,8.0,18.0,6,39
0.04,0.29229719753317784,1,stay2,cov,32.0,600.0,1,0.0208136730273496,-0.06440031031392601,0.0233792165249093,0.022942813450352876,0.0003745265785729032,3,3.313450375373802,0.0376244501367671,0.009192360332813706,-0.05938874658082249,3.399871743851217,0.0010182978352573893,0.011584323341801159,-0.9745425541185652,1,False,0.056241123560484545,33,6.0,80.0,27,39
0.04,0.29229719753317784,1,stay2,data,4.0,600.0,1,0.0208136730273496,,0.0233792165249093,0.022942813450352876,0.0003745265785729032,0,,,,,,,,,0,False,0.0,21,12.0,78.0,10,38
0.04,0.29229719753317784,1,stay2,data,16.0,600.0,1,0.0208136730273496,,0.0233792165249093,0.022942813450352876,0.0003745265785729032,0,,,,,,,,,0,False,0.0,20,6.0,78.0,6,39
0.04,0.29229719753317784,1,stay2,data,32.0,600.0,1,0.0208136730273496,0.02451799615771244,0.0233792165249093,0.022942813450352876,0.0003745265785729032,1,3.363018889403092,0.0035607691750478695,0.02428966374897428,-0.9109807706238032,3.363018889403092,0.0035607691750478695,0.0006192715284372028,-0.9109807706238032,1,False,0.0,38,6.0,80.0,38,39
0.04,0.29229719753317784,1,stay+deck,cov,4.0,600.0,1,0.0208136730273496,0.05125553178603992,0.0233792165249093,0.022942813450352876,0.0003745265785729032,2,3.231571062372029,0.02565313646046223,-0.015745987247347742,-0.3586715884884442,3.4066197350265908,0.03315299392750354,0.013592093811202573,-0.17117515181241158,0,False,0.052739873859353345,6,18.0,44.0,3,38
0.04,0.29229719753317784,1,stay+deck,cov,16.0,600.0,1,0.0208136730273496,-0.04778571317943359,0.0233792165249093,0.022942813450352876,0.0003745265785729032,1,3.242178022880352,0.02556724772992277,-0.012515377973429284,-0.3608188067519308,3.242178022880352,0.02556724772992277,-0.03533523952466926,-0.3608188067519308,0,False,0.0,3,4.0,72.0,2,39
0.04,0.29229719753317784,1,stay+deck,cov,32.0,600.0,1,0.0208136730273496,0.021165852194407808,0.0233792165249093,0.022942813450352876,0.0003745265785729032,5,3.271333439083055,0.012067484361225893,-0.003635382814071487,-0.6983128909693527,3.3575126123102956,0.0029043861641765427,-0.001019044268952045,-0.9273903458955864,2,True,0.06950096867134424,37,4.0,78.0,36,39
0.04,0.29229719753317784,1,stay+deck,data,4.0,600.0,1,0.0208136730273496,0.05674978030478717,0.0233792165249093,0.022942813450352876,0.0003745265785729032,2,3.2546275680122996,0.02796869227186714,-0.008723564481922613,-0.3007826932033215,3.4155102584643124,0.03184692101230692,0.016237344812852026,-0.20382697469232702,1,False,0.04823968998463603,6,32.0,56.0,4,38
0.04,0.29229719753317784,1,stay+deck,data,16.0,600.0,1,0.0208136730273496,0.06030927256842222,0.0233792165249093,0.022942813450352876,0.0003745265785729032,2,3.254414034958921,0.020028261322686848,-0.008788601196445341,-0.49929346693282883,3.421257722121644,0.041173343935673054,0.01794742230187739,0.02933359839182633,1,False,0.04998558743867541,19,12.0,80.0,17,39
0.04,0.29229719753317784,1,stay+deck,data,32.0,600.0,1,0.0208136730273496,-0.03815166152486049,0.0233792165249093,0.022942813450352876,0.0003745265785729032,1,3.2585381542776886,0.021436459491783612,-0.007532499780068501,-0.46408851270540974,3.2585381542776886,0.021436459491783612,-0.030467511064238822,-0.46408851270540974,1,False,0.0,37,6.0,80.0,36,39
0.04,0.29229719753317784,2,stay,cov,4.0,600.0,2,0.028251270830166986,0.0574810659371654,0.0233792165249093,0.022942813450352876,0.0003745265785729032,1,3.41669184452284,0.060515401868185686,0.04063707509574143,0.5128850467046421,3.41669184452284,0.060515401868185686,0.016588909231612,0.5128850467046421,0,False,0.0,0,,,0,18
0.04,0.29229719753317784,2,stay,cov,16.0,600.0,2,0.028251270830166986,0.030158167450588413,0.0233792165249093,0.022942813450352876,0.0003745265785729032,1,3.3722632211973917,0.04658852379733147,0.027105251117515047,0.16471309493328676,3.3722632211973917,0.04658852379733147,0.003369793262027967,0.16471309493328676,1,False,0.0,0,,,0,36
0.04,0.29229719753317784,2,stay,cov,32.0,600.0,2,0.028251270830166986,0.045317396237772645,0.0233792165249093,0.022942813450352876,0.0003745265785729032,2,3.3969847716392216,0.03612718986012218,0.03463480400501301,-0.09682025349694555,3.3969847716392216,0.03612718986012218,0.010725345106266321,-0.09682025349694555,0,False,0.013203088359570661,0,,,0,31
0.04,0.29229719753317784,2,stay,data,4.0,600.0,2,0.028251270830166986,,0.0233792165249093,0.022942813450352876,0.0003745265785729032,0,,,,,,,,,0,False,0.0,0,,,0,18
0.04,0.29229719753317784,2,stay,data,16.0,600.0,2,0.028251270830166986,0.021550253402719655,0.0233792165249093,0.022942813450352876,0.0003745265785729032,1,3.3581444932461153,0.04581748177482276,0.022805047169406085,0.145437044370569,3.3581444932461153,0.04581748177482276,-0.0008310369271898906,0.145437044370569,1,False,0.0,0,,,0,38
0.04,0.29229719753317784,2,stay,data,32.0,600.0,2,0.028251270830166986,0.018136819790730563,0.0233792165249093,0.022942813450352876,0.0003745265785729032,3,3.3525293045635647,0.0368022982506392,0.02109480410605009,-0.07994254373401999,3.3525293045635647,0.0368022982506392,-0.0025017578460443768,-0.07994254373401999,1,False,0.08021322897908251,0,,,0,35
0.04,0.29229719753317784,2,stay2,cov,4.0,600.0,2,0.028251270830166986,,0.0233792165249093,0.022942813450352876,0.0003745265785729032,0,,,,,,,,,0,False,0.0,2,44.0,50.0,1,38
0.04,0.29229719753317784,2,stay2,cov,16.0,600.0,2,0.028251270830166986,0.07914527980272967,0.0233792165249093,0.022942813450352876,0.0003745265785729032,3,3.3503925934160628,0.04547865127707609,0.02044401646114576,0.1369662819269023,3.3503925934160628,0.04547865127707609,-0.003137506386921451,0.1369662819269023,1,False,0.09013733717118468,1,40.0,40.0,1,39
0.04,0.29229719753317784,2,stay2,cov,32.0,600.0,2,0.028251270830166986,-0.08664734451280498,0.0233792165249093,0.022942813450352876,0.0003745265785729032,4,3.23491372295088,0.002862020695854008,-0.01472789820505096,-0.9284494826036499,3.3404537755960573,0.03721254710890858,-0.0060946627318484645,-0.06968632227728547,1,False,0.08047009355828925,4,72.0,78.0,4,39
0.04,0.29229719753317784,2,stay2,data,4.0,600.0,2,0.028251270830166986,,0.0233792165249093,0.022942813450352876,0.0003745265785729032,0,,,,,,,,,0,False,0.0,3,26.0,30.0,3,38
0.04,0.29229719753317784,2,stay2,data,16.0,600.0,2,0.028251270830166986,0.02123756893918305,0.0233792165249093,0.022942813450352876,0.0003745265785729032,1,3.357630509734619,0.04633581531487073,0.022648500918707903,0.15839538287176821,3.357630509734619,0.04633581531487073,-0.0009839655379900792,0.15839538287176821,1,False,0.0,1,66.0,66.0,1,39
0.04,0.29229719753317784,2,stay2,data,32.0,600.0,2,0.028251270830166986,0.03644785578107235,0.0233792165249093,0.022942813450352876,0.0003745265785729032,2,3.382542326051476,0.043838968361388675,0.0302360039324358,0.09597420903471685,3.382542326051476,0.043838968361388675,0.006428197258350382,0.09597420903471685,1,False,0.06152988655219716,5,10.0,66.0,3,39
0.04,0.29229719753317784,2,stay+deck,cov,4.0,600.0,2,0.028251270830166986,-0.004598212362279752,0.0233792165249093,0.022942813450352876,0.0003745265785729032,2,3.3148869287247957,0.02170304371503317,0.009629897794611365,-0.45742390712417075,3.3148869287247957,0.02170304371503317,-0.013701720715439375,-0.45742390712417075,1,False,0.04300350115375702,0,,,0,38
0.04,0.29229719753317784,2,stay+deck,cov,16.0,600.0,2,0.028251270830166986,,0.0233792165249093,0.022942813450352876,0.0003745265785729032,0,,,,,,,,,0,False,0.0,4,66.0,80.0,3,39
0.04,0.29229719753317784,2,stay+deck,cov,32.0,600.0,2,0.028251270830166986,0.050919636066500074,0.0233792165249093,0.022942813450352876,0.0003745265785729032,4,3.338183107369616,0.02008895859173551,0.016725318836083573,-0.4977760352066123,3.338183107369616,0.02008895859173551,-0.006770268329480864,-0.4977760352066123,1,False,0.09081758091922158,0,,,0,39
0.04,0.29229719753317784,2,stay+deck,data,4.0,600.0,2,0.028251270830166986,-0.004426881238840941,0.0233792165249093,0.022942813450352876,0.0003745265785729032,1,3.3151721998945693,0.023529396401085877,0.0097167841072293,-0.4117650899728531,3.3151721998945693,0.023529396401085877,-0.013616842265607769,-0.4117650899728531,1,False,0.0,7,12.0,42.0,5,38
0.04,0.29229719753317784,2,stay+deck,data,16.0,600.0,2,0.028251270830166986,,0.0233792165249093,0.022942813450352876,0.0003745265785729032,0,,,,,,,,,0,False,0.0,10,22.0,78.0,6,39
0.04,0.29229719753317784,2,stay+deck,data,32.0,600.0,2,0.028251270830166986,-0.09130074735483162,0.0233792165249093,0.022942813450352876,0.0003745265785729032,2,3.3455929451988657,0.0014254824398737059,0.01898216619500625,-0.9643629390031574,3.3455929451988657,0.0014254824398737059,-0.004565574637687916,-0.9643629390031574,1,False,0.054772866280456856,28,8.0,80.0,16,39
0.04,0.29229719753317784,3,stay,cov,4.0,600.0,1,0.035715865358221466,0.019843053100349728,0.0233792165249093,0.022942813450352876,0.0003745265785729032,1,3.355337278174534,0.04443549658435943,0.021950041153590536,0.11088741460898564,3.355337278174534,0.04443549658435943,-0.0016662845402200426,0.11088741460898564,1,False,0.0,0,,,0,18
0.04,0.29229719753317784,3,stay,cov,16.0,600.0,1,0.035715865358221466,,0.0233792165249093,0.022942813450352876,0.0003745265785729032,0,,,,,,,,,0,False,0.0,0,,,0,37
0.04,0.29229719753317784,3,stay,cov,32.0,600.0,1,0.035715865358221466,0.04294461512820291,0.0233792165249093,0.022942813450352876,0.0003745265785729032,1,3.39312714879085,0.04925995702420432,0.03345987060732098,0.23149892560510796,3.39312714879085,0.04925995702420432,0.009577563338958404,0.23149892560510796,1,False,0.0,2,52.0,54.0,2,33
0.04,0.29229719753317784,3,stay,data,4.0,600.0,1,0.035715865358221466,0.016332467958823926,0.0233792165249093,0.022942813450352876,0.0003745265785729032,1,3.349557294938199,0.044593503909440495,0.020189605877929298,0.11483759773601235,3.349557294938199,0.044593503909440495,-0.0033860377755087793,0.11483759773601235,1,False,0.0,0,,,0,18
0.04,0.29229719753317784,3,stay,data,16.0,600.0,1,0.035715865358221466,0.012208599194947656,0.0233792165249093,0.022942813450352876,0.0003745265785729032,1,3.3427548087071854,0.044844139285992776,0.018117742304347435,0.12110348214981938,3.3427548087071854,0.044844139285992776,-0.005410022487134123,0.12110348214981938,1,False,0.0,4,36.0,76.0,2,39
0.04,0.29229719753317784,3,stay,data,32.0,600.0,1,0.035715865358221466,0.009207792184811492,0.0233792165249093,0.022942813450352876,0.0003745265785729032,1,3.3377961432737537,0.04285820111440987,0.016607459455369764,0.0714550278602467,3.3377961432737537,0.04285820111440987,-0.006885404088286636,0.0714550278602467,1,False,0.0,24,26.0,76.0,14,37
0.04,0.29229719753317784,3,stay2,cov,4.0,600.0,1,0.035715865358221466,0.020960481848434354,0.0233792165249093,0.022942813450352876,0.0003745265785729032,1,3.3571749746006865,0.04267599834226739,0.022509756551070927,0.06689995855668467,3.3571749746006865,0.04267599834226739,-0.0011195036508764814,0.06689995855668467,1,False,0.0,9,8.0,78.0,2,38
0.04,0.29229719753317784,3,stay2,cov,16.0,600.0,1,0.035715865358221466,0.030844548632239066,0.0233792165249093,0.022942813450352876,0.0003745265785729032,3,3.3733864820030504,0.04841980792902879,0.02744736767135179,0.21049519822571963,3.3733864820030504,0.04841980792902879,0.00370400381690655,0.21049519822571963,1,False,0.06358113900456384,2,12.0,14.0,2,39
0.04,0.29229719753317784,3,stay2,cov,32.0,600.0,1,0.035715865358221466,0.020670143119040585,0.0233792165249093,0.022942813450352876,0.0003745265785729032,1,3.3566975872577123,0.044891684872363766,0.02236435655865523,0.12229212180909411,3.3566975872577123,0.044891684872363766,-0.001261543583173301,0.12229212180909411,1,False,0.0,6,4.0,14.0,6,39
0.04,0.29229719753317784,3,stay2,data,4.0,600.0,1,0.035715865358221466,0.02033429923669061,0.0233792165249093,0.022942813450352876,0.0003745265785729032,1,3.356145293694989,0.04186137991670428,0.02219614204477451,0.04653449791760696,3.356145293694989,0.04186137991670428,-0.001425870814323695,0.04653449791760696,1,False,0.0,2,16.0,78.0,1,38
0.04,0.29229719753317784,3,stay2,data,16.0,600.0,1,0.035715865358221466,,0.0233792165249093,0.022942813450352876,0.0003745265785729032,0,,,,,,,,,0,False,0.0,4,46.0,64.0,2,39
0.04,0.29229719753317784,3,stay2,data,32.0,600.0,1,0.035715865358221466,0.030079768406523044,0.0233792165249093,0.022942813450352876,0.0003745265785729032,1,3.372134897580906,0.03944573917758208,0.027066167021259926,-0.013856520560447984,3.372134897580906,0.03944573917758208,0.003331612363296636,-0.013856520560447984,1,False,0.0,23,8.0,80.0,9,39
0.04,0.29229719753317784,3,stay+deck,cov,4.0,600.0,1,0.035715865358221466,0.010881575095502694,0.0233792165249093,0.022942813450352876,0.0003745265785729032,1,3.3405628835254704,0.025847466579918328,0.017450137874762937,-0.3538133355020418,3.3405628835254704,0.025847466579918328,-0.006062199192261659,-0.3538133355020418,1,False,0.0,3,8.0,14.0,2,38
0.04,0.29229719753317784,3,stay+deck,cov,16.0,600.0,1,0.035715865358221466,0.07716593887064205,0.0233792165249093,0.022942813450352876,0.0003745265785729032,1,3.4483458527796005,0.0051728839346725395,0.050278077581867656,-0.8706779016331866,3.4483458527796005,0.0051728839346725395,0.026007117015885494,-0.8706779016331866,0,False,0.0,6,56.0,80.0,4,39
0.04,0.29229719753317784,3,stay+deck,cov,32.0,600.0,1,0.035715865358221466,-0.001664411529217702,0.0233792165249093,0.022942813450352876,0.0003745265785729032,1,3.319768406124643,0.0226685046297326,0.01111667113990629,-0.43328738425668506,3.319768406124643,0.0226685046297326,-0.012249305334958197,-0.43328738425668506,0,False,0.0,1,6.0,6.0,1,39
0.04,0.29229719753317784,3,stay+deck,data,4.0,600.0,1,0.035715865358221466,-0.05240216820799415,0.0233792165249093,0.022942813450352876,0.0003745265785729032,1,3.234309229964434,0.04441540569038249,-0.014912011330248326,0.11038514225956228,3.234309229964434,0.04441540569038249,-0.03767648888849056,0.11038514225956228,0,False,0.0,6,8.0,30.0,4,38
0.04,0.29229719753317784,3,stay+deck,data,16.0,600.0,1,0.035715865358221466,,0.0233792165249093,0.022942813450352876,0.0003745265785729032,0,,,,,,,,,0,False,0.0,14,12.0,80.0,9,39
0.04,0.29229719753317784,3,stay+deck,data,32.0,600.0,1,0.035715865358221466,-0.06982256743454773,0.0233792165249093,0.022942813450352876,0.0003745265785729032,1,3.20444196311582,0.0042846699121082375,-0.024008818016010777,-0.8928832521972941,3.20444196311582,0.0042846699121082375,-0.046563076736919146,-0.8928832521972941,0,False,0.0,34,10.0,80.0,31,39
0.04,0.29229719753317784,4,stay,cov,4.0,600.0,1,-0.015969365108181477,-0.01327381663650351,0.0233792165249093,0.022942813450352876,0.0003745265785729032,1,3.30040956645059,0.036962415370531715,0.005220462991094647,-0.07593961573670714,3.30040956645059,0.036962415370531715,-0.018009257535442216,-0.07593961573670714,1,False,0.0,0,,,0,18
0.04,0.29229719753317784,4,stay,cov,16.0,600.0,1,-0.015969365108181477,-0.012331697198618596,0.0233792165249093,0.022942813450352876,0.0003745265785729032,1,3.3019847948211094,0.04035899954670653,0.005700237322143202,0.00897498866766315,3.3019847948211094,0.04035899954670653,-0.017540570347996866,0.00897498866766315,1,False,0.0,4,18.0,74.0,1,36
0.04,0.29229719753317784,4,stay,cov,32.0,600.0,1,-0.015969365108181477,,0.0233792165249093,0.022942813450352876,0.0003745265785729032,0,,,,,,,,,0,False,0.0,7,68.0,80.0,7,33
0.04,0.29229719753317784,4,stay,data,4.0,600.0,1,-0.015969365108181477,-0.010464640508837664,0.0233792165249093,0.022942813450352876,0.0003745265785729032,1,3.3051043046845563,0.03630628400274252,0.0066503603556949875,-0.09234289993143695,3.3051043046845563,0.03630628400274252,-0.016612403784043363,-0.09234289993143695,1,False,0.0,0,,,0,18
0.04,0.29229719753317784,4,stay,data,16.0,600.0,1,-0.015969365108181477,-0.016384212608626214,0.0233792165249093,0.022942813450352876,0.0003745265785729032,1,3.2952036220560252,0.03885075915704089,0.003634865285947295,-0.0287310210739777,3.2952036220560252,0.03885075915704089,-0.019558213535695805,-0.0287310210739777,1,False,0.0,2,20.0,22.0,2,39
0.04,0.29229719753317784,4,stay,data,32.0,600.0,1,-0.015969365108181477,-0.007550038159754635,0.0233792165249093,0.022942813450352876,0.0003745265785729032,1,3.30996819445743,0.033568437944957924,0.008131776958993739,-0.16078905137605193,3.30996819445743,0.033568437944957924,-0.015165221356176737,-0.16078905137605193,1,False,0.0,8,38.0,80.0,2,37
0.04,0.29229719753317784,4,stay2,cov,4.0,600.0,1,-0.015969365108181477,-0.007674811679758364,0.0233792165249093,0.022942813450352876,0.0003745265785729032,1,3.3097601187960985,0.03756315249743064,0.00806840242670928,-0.060921187564234,3.3097601187960985,0.03756315249743064,-0.015227131361297585,-0.060921187564234,1,False,0.0,11,42.0,78.0,6,38
0.04,0.29229719753317784,4,stay2,cov,16.0,600.0,1,-0.015969365108181477,-0.007272097924158061,0.0233792165249093,0.022942813450352876,0.0003745265785729032,2,3.3104316480185507,0.04137477743826546,0.008272933077319224,0.03436943595663648,3.3104316480185507,0.04137477743826546,-0.015027327225942457,0.03436943595663648,1,False,0.10879949092511185,2,62.0,66.0,1,39
0.04,0.29229719753317784,4,stay2,cov,32.0,600.0,1,-0.015969365108181477,-0.04351804911215351,0.0233792165249093,0.022942813450352876,0.0003745265785729032,6,3.2494353483784986,0.002561216443538477,-0.010304981975465392,-0.9359695889115381,3.36023541462505,0.006443329681245504,-0.0002089124920267038,-0.8389167579688624,1,False,0.13872764314815011,16,14.0,62.0,10,39
0.04,0.29229719753317784,4,stay2,data,4.0,600.0,1,-0.015969365108181477,,0.0233792165249093,0.022942813450352876,0.0003745265785729032,0,,,,,,,,,0,False,0.0,4,48.0,58.0,3,38
0.04,0.29229719753317784,4,stay2,data,16.0,600.0,1,-0.015969365108181477,-0.009897883747768454,0.0233792165249093,0.022942813450352876,0.0003745265785729032,1,3.3060506690827225,0.03521572392025122,0.006938598781662827,-0.11960690199371952,3.3060506690827225,0.03521572392025122,-0.016330826283043484,-0.11960690199371952,1,False,0.0,11,10.0,70.0,5,39
0.04,0.29229719753317784,4,stay2,data,32.0,600.0,1,-0.015969365108181477,0.01583287006879064,0.0233792165249093,0.022942813450352876,0.0003745265785729032,1,3.348733923889668,0.0256561987077158,0.019938828085066473,-0.358595032307105,3.348733923889668,0.0256561987077158,-0.0036310203241869277,-0.358595032307105,1,False,0.0,33,8.0,80.0,15,39
0.04,0.29229719753317784,4,stay+deck,cov,4.0,600.0,1,-0.015969365108181477,-0.0037132849227000664,0.0233792165249093,0.022942813450352876,0.0003745265785729032,1,3.3163600940141134,0.024512698290287523,0.010078586317770281,-0.38718254274281194,3.3163600940141134,0.024512698290287523,-0.013263400971448992,-0.38718254274281194,0,False,0.0,10,8.0,72.0,3,38
0.04,0.29229719753317784,4,stay+deck,cov,16.0,600.0,1,-0.015969365108181477,0.002306924768294083,0.0233792165249093,0.022942813450352876,0.0003745265785729032,1,3.3263648010001257,0.011915464829354017,0.013125764550072283,-0.7021133792661496,3.3263648010001257,0.011915464829354017,-0.010286640225993902,-0.7021133792661496,0,False,0.0,6,18.0,58.0,3,39
0.04,0.29229719753317784,4,stay+deck,cov,32.0,600.0,1,-0.015969365108181477,-0.01509617555895304,0.0233792165249093,0.022942813450352876,0.0003745265785729032,6,3.297360437669925,0.005733629609734363,0.004291776237857553,-0.8566592597566409,3.3541535860251086,0.008219441452070366,-0.0020184755968936153,-0.7945139636982408,2,True,0.08652064023412216,38,6.0,80.0,38,39
0.04,0.29229719753317784,4,stay+deck,data,4.0,600.0,1,-0.015969365108181477,-0.004681842854873386,0.0233792165249093,0.022942813450352876,0.0003745265785729032,1,3.3147476726709426,0.0240464473224896,0.009587483957143584,-0.39883881693776,3.3147476726709426,0.0240464473224896,-0.013743154408125877,-0.39883881693776,1,False,0.0,16,8.0,72.0,3,38
0.04,0.29229719753317784,4,stay+deck,data,16.0,600.0,1,-0.015969365108181477,0.01007825213805158,0.0233792165249093,0.022942813450352876,0.0003745265785729032,2,3.2661359564823487,0.025610115986517207,-0.005218403272919884,-0.3597471003370698,3.3392352877559297,0.005131190244529437,-0.006457206760012134,-0.8717202438867641,2,True,0.022133299876927883,35,6.0,78.0,32,39
0.04,0.29229719753317784,4,stay+deck,data,32.0,600.0,1,-0.015969365108181477,0.010147880152141964,0.0233792165249093,0.022942813450352876,0.0003745265785729032,3,3.3037225061036306,0.004970704445579175,0.0062294997984483425,-0.8757323888605206,3.339350378004873,0.0024988860173172267,-0.006422963264853435,-0.9375278495670692,2,True,0.02783236050838446,35,8.0,80.0,24,39
0.04,0.29229719753317784,5,stay,cov,4.0,600.0,1,0.0208136730273496,0.0025664088062153922,0.0233792165249093,0.022942813450352876,0.0003745265785729032,1,3.326795349114814,0.05391360072465604,0.013256898509804596,0.34784001811640103,3.326795349114814,0.05391360072465604,-0.010158536651483809,0.34784001811640103,0,False,0.0,0,,,0,18
0.04,0.29229719753317784,5,stay,cov,16.0,600.0,1,0.0208136730273496,0.006893155256874284,0.0233792165249093,0.022942813450352876,0.0003745265785729032,1,3.3339662971474238,0.050353343487902415,0.015440986137806829,0.25883358719756033,3.3339662971474238,0.050353343487902415,-0.008024921280137584,0.25883358719756033,1,False,0.0,7,42.0,78.0,3,37
0.04,0.29229719753317784,5,stay,cov,32.0,600.0,1,0.0208136730273496,0.022330064616527867,0.0233792165249093,0.022942813450352876,0.0003745265785729032,1,3.3594259863291436,0.04208298039418088,0.023195357233749686,0.052074509854522014,3.3594259863291436,0.04208298039418088,-0.0004497465695148324,0.052074509854522014,1,False,0.0,6,66.0,76.0,6,31
0.04,0.29229719753317784,5,stay,data,4.0,600.0,1,0.0208136730273496,,0.0233792165249093,0.022942813450352876,0.0003745265785729032,0,,,,,,,,,0,False,0.0,0,,,0,18
0.04,0.29229719753317784,5,stay,data,16.0,600.0,1,0.0208136730273496,0.004167196046690025,0.0233792165249093,0.022942813450352876,0.0003745265785729032,2,3.2882654899941226,0.04535794800548127,0.0015216874566090837,0.13394870013703172,3.329450219358875,0.005414538057901615,-0.009368617112825993,-0.8646365485524595,2,True,0.012446811308785895,22,22.0,76.0,11,38
0.04,0.29229719753317784,5,stay,data,32.0,600.0,1,0.0208136730273496,0.000637179387418696,0.0233792165249093,0.022942813450352876,0.0003745265785729032,1,3.323592946773515,0.03871904543253161,0.012281528544534907,-0.03202386418670981,3.323592946773515,0.03871904543253161,-0.011111366713779602,-0.03202386418670981,0,False,0.0,8,40.0,54.0,8,36
0.04,0.29229719753317784,5,stay2,cov,4.0,600.0,1,0.0208136730273496,0.02083348437583643,0.0233792165249093,0.022942813450352876,0.0003745265785729032,1,3.3569661682836096,0.04508505591723519,0.022446159479707083,0.1271263979308797,3.3569661682836096,0.04508505591723519,-0.0011816310524032324,0.1271263979308797,1,False,0.0,11,6.0,48.0,6,38
0.04,0.29229719753317784,5,stay2,cov,16.0,600.0,1,0.0208136730273496,0.010248436755288193,0.0233792165249093,0.022942813450352876,0.0003745265785729032,4,3.2512259862130484,0.03671471207171691,-0.009759599423132256,-0.08213219820707734,3.339516584053005,0.006958073671288273,-0.006373510978002027,-0.8260481582177932,2,True,0.15709923651896648,17,12.0,64.0,9,39
0.04,0.29229719753317784,5,stay2,cov,32.0,600.0,1,0.0208136730273496,0.00215926455008697,0.0233792165249093,0.022942813450352876,0.0003745265785729032,3,3.3261197713433175,0.03308475394601093,0.0130511347745538,-0.17288115134972676,3.3261197713433175,0.03308475394601093,-0.01035954537602765,-0.17288115134972676,0,False,0.05658861272037874,29,12.0,80.0,26,39
0.04,0.29229719753317784,5,stay2,data,4.0,600.0,1,0.0208136730273496,,0.0233792165249093,0.022942813450352876,0.0003745265785729032,0,,,,,,,,,0,False,0.0,4,14.0,38.0,3,38
0.04,0.29229719753317784,5,stay2,data,16.0,600.0,1,0.0208136730273496,-0.0016433452653242808,0.0233792165249093,0.022942813450352876,0.0003745265785729032,1,3.3198034317959646,0.029480461868201205,0.01112733906485121,-0.2629884532949699,3.3198034317959646,0.029480461868201205,-0.012238883935948821,-0.2629884532949699,0,False,0.0,10,10.0,74.0,4,39
0.04,0.29229719753317784,5,stay2,data,32.0,600.0,1,0.0208136730273496,0.022487589475047365,0.0233792165249093,0.022942813450352876,0.0003745265785729032,2,3.35968479350797,0.04203064599286265,0.023274183290603358,0.05076614982156627,3.35968479350797,0.04203064599286265,-0.0003727421103487693,0.05076614982156627,1,False,0.07574528971134484,12,14.0,80.0,8,39
0.04,0.29229719753317784,5,stay+deck,cov,4.0,600.0,1,0.0208136730273496,0.03084233036587758,0.0233792165249093,0.022942813450352876,0.0003745265785729032,2,3.2535491379966297,0.04138532265653071,-0.009052026722086645,0.03463306641326765,3.3733828524190392,0.04020797203334297,0.0037029238849083674,0.0051993008335742,2,True,0.03616566899908477,26,6.0,78.0,12,38
0.04,0.29229719753317784,5,stay+deck,cov,16.0,600.0,1,0.0208136730273496,-0.04235558629547442,0.0233792165249093,0.022942813450352876,0.0003745265785729032,2,3.251409353616517,0.024810241778341187,-0.009703750395155216,-0.37974395554147033,3.3361429908615894,0.006204111081562415,-0.007377276485315894,-0.8448972229609396,2,True,0.025725378050649908,25,14.0,80.0,20,39
0.04,0.29229719753317784,5,stay+deck,cov,32.0,600.0,1,0.0208136730273496,0.012837967168455755,0.0233792165249093,0.022942813450352876,0.0003745265785729032,4,3.242110692929117,0.01885929490594466,-0.012535884956999272,-0.5285176273513834,3.343793871157386,0.01087773071210463,-0.005100863976229418,-0.7280567321973842,1,False,0.08300516442726326,9,14.0,80.0,6,39
0.04,0.29229719753317784,5,stay+deck,data,4.0,600.0,1,0.0208136730273496,-0.03636596227122535,0.0233792165249093,0.022942813450352876,0.0003745265785729032,2,3.261561536833507,0.04309207481008065,-0.006611654669372927,0.07730187025201621,3.378495113643641,0.039653072273549236,0.00522400576718475,-0.008673193161269112,2,True,0.03522065637850591,21,8.0,76.0,8,38
0.04,0.29229719753317784,5,stay+deck,data,16.0,600.0,1,0.0208136730273496,-0.042383865547077515,0.0233792165249093,0.022942813450352876,0.0003745265785729032,2,3.2513613461825095,0.02721382228985674,-0.009718372233466064,-0.31965444275358146,3.3311258107968524,0.004968666731615969,-0.008870068297256962,-0.8757833317096009,2,True,0.024235357460521374,18,8.0,80.0,9,39
0.04,0.29229719753317784,5,stay+deck,data,32.0,600.0,1,0.0208136730273496,0.00500277710308783,0.0233792165249093,0.022942813450352876,0.0003745265785729032,1,3.330835171507728,0.004464347557855031,0.014487325235471249,-0.8883913110536241,3.330835171507728,0.004464347557855031,-0.008956543955980618,-0.8883913110536241,1,False,0.0,27,6.0,72.0,25,39
0.04,0.29229719753317784,6,stay,cov,4.0,600.0,1,0.006019467597425665,,0.0233792165249093,0.022942813450352876,0.0003745265785729032,0,,,,,,,,,0,False,0.0,0,,,0,18
0.04,0.29229719753317784,6,stay,cov,16.0,600.0,1,0.006019467597425665,,0.0233792165249093,0.022942813450352876,0.0003745265785729032,0,,,,,,,,,0,False,0.0,0,,,0,36
0.04,0.29229719753317784,6,stay,cov,32.0,600.0,1,0.006019467597425665,0.024496240889429366,0.0233792165249093,0.022942813450352876,0.0003745265785729032,1,3.3629831829699897,0.0054721784774798875,0.024278788481377298,-0.8631955380630028,3.3629831829699897,0.0054721784774798875,0.0006086475782737861,-0.8631955380630028,1,False,0.0,20,42.0,80.0,20,33
0.04,0.29229719753317784,6,stay,data,4.0,600.0,1,0.006019467597425665,,0.0233792165249093,0.022942813450352876,0.0003745265785729032,0,,,,,,,,,0,False,0.0,1,28.0,28.0,1,18
0.04,0.29229719753317784,6,stay,data,16.0,600.0,1,0.006019467597425665,,0.0233792165249093,0.022942813450352876,0.0003745265785729032,0,,,,,,,,,0,False,0.0,4,52.0,58.0,4,39
0.04,0.29229719753317784,6,stay,data,32.0,600.0,1,0.006019467597425665,0.0024788167117262283,0.0233792165249093,0.022942813450352876,0.0003745265785729032,1,3.3266500184239716,0.0381024603660483,0.013212634493053283,-0.04743849084879251,3.3266500184239716,0.0381024603660483,-0.010201777767511975,-0.04743849084879251,0,False,0.0,22,34.0,80.0,18,37
0.04,0.29229719753317784,6,stay2,cov,4.0,600.0,1,0.006019467597425665,,0.0233792165249093,0.022942813450352876,0.0003745265785729032,0,,,,,,,,,0,False,0.0,0,,,0,38
0.04,0.29229719753317784,6,stay2,cov,16.0,600.0,1,0.006019467597425665,0.004214573114481146,0.0233792165249093,0.022942813450352876,0.0003745265785729032,2,3.32952876092489,0.049524836068901915,0.01408942593706715,0.23812090172254785,3.32952876092489,0.049524836068901915,-0.009345248167495886,0.23812090172254785,1,False,0.044421242668308894,0,,,0,39
0.04,0.29229719753317784,6,stay2,cov,32.0,600.0,1,0.006019467597425665,0.013051469374618652,0.0233792165249093,0.022942813450352876,0.0003745265785729032,3,3.2507592923655535,0.0015815788192394898,-0.00990174244993193,-0.9604605295190127,3.344146281796276,0.004669444187132329,-0.004996009115652801,-0.8832638953216919,2,True,0.06771794005763193,38,6.0,80.0,38,39
0.04,0.29229719753317784,6,stay2,data,4.0,600.0,1,0.006019467597425665,,0.0233792165249093,0.022942813450352876,0.0003745265785729032,0,,,,,,,,,0,False,0.0,1,60.0,60.0,1,38
0.04,0.29229719753317784,6,stay2,data,16.0,600.0,1,0.006019467597425665,0.01770864253889215,0.0233792165249093,0.022942813450352876,0.0003745265785729032,1,3.3518242776405875,0.04194942411439387,0.020880070911376183,0.04873560285984669,3.3518242776405875,0.04194942411439387,-0.0027115287540521314,0.04873560285984669,1,False,0.0,1,38.0,38.0,1,39
0.04,0.29229719753317784,6,stay2,data,32.0,600.0,1,0.006019467597425665,0.025834199821433534,0.0233792165249093,0.022942813450352876,0.0003745265785729032,1,3.365178440065895,0.019749352642956172,0.024947407726928605,-0.5062661839260957,3.365178440065895,0.019749352642956172,0.0012618156479043364,-0.5062661839260957,1,False,0.0,31,20.0,80.0,31,39
0.04,0.29229719753317784,6,stay+deck,cov,4.0,600.0,1,0.006019467597425665,-0.04435267914375329,0.0233792165249093,0.022942813450352876,0.0003745265785729032,2,3.248017303727756,0.044153244507391526,-0.010736882159870162,0.10383111268478812,3.369720757789548,0.039203661774660205,0.0026133188065735062,-0.0199084556334949,1,False,0.03678098254432508,7,16.0,72.0,4,38
0.04,0.29229719753317784,6,stay+deck,cov,16.0,600.0,1,0.006019467597425665,0.06986602219009952,0.0233792165249093,0.022942813450352876,0.0003745265785729032,1,3.436641327898471,0.018438705526757193,0.04671317823128397,-0.5390323618310702,3.436641327898471,0.018438705526757193,0.02252459921111006,-0.5390323618310702,0,False,0.0,1,60.0,60.0,1,39
0.04,0.29229719753317784,6,stay+deck,cov,32.0,600.0,1,0.006019467597425665,0.008290197777358177,0.0233792165249093,0.022942813450352876,0.0003745265785729032,3,3.2740568514297452,0.0037702848119212005,-0.0028059009679745144,-0.90574287970197,3.336278398566771,0.0024727898893751776,-0.007336987814994915,-0.9381802527656204,2,True,0.041494466497524675,39,4.0,80.0,39,39
0.04,0.29229719753317784,6,stay+deck,data,4.0,600.0,1,0.006019467597425665,,0.0233792165249093,0.022942813450352876,0.0003745265785729032,0,,,,,,,,,0,False,0.0,10,8.0,78.0,3,38
0.04,0.29229719753317784,6,stay+deck,data,16.0,600.0,1,0.006019467597425665,,0.0233792165249093,0.022942813450352876,0.0003745265785729032,0,,,,,,,,,0,False,0.0,9,64.0,80.0,9,39
0.04,0.29229719753317784,6,stay+deck,data,32.0,600.0,1,0.006019467597425665,0.007288909343732275,0.0233792165249093,0.022942813450352876,0.0003745265785729032,2,3.334621431784741,0.002467314952627785,0.01564052341649491,-0.9383171261843053,3.334621431784741,0.002467314952627785,-0.00782999512447097,-0.9383171261843053,1,False,0.0290776589205606,37,8.0,80.0,37,39
0.04,0.29229719753317784,7,stay,cov,4.0,600.0,1,-0.0013371400296803282,-0.007955535432474514,0.0233792165249093,0.022942813450352876,0.0003745265785729032,1,3.3092919285229963,0.03999689303672181,0.007925803626887608,-7.767408195472753e-05,3.3092919285229963,0.03999689303672181,-0.015366434833985327,-7.767408195472753e-05,1,False,0.0,0,,,0,18
0.04,0.29229719753317784,7,stay,cov,16.0,600.0,1,-0.0013371400296803282,-0.005787644285746185,0.0233792165249093,0.022942813450352876,0.0003745265785729032,1,3.3129058136928577,0.03910125925542107,0.00902650075265423,-0.022468518614473208,3.3129058136928577,0.03910125925542107,-0.014291173806624263,-0.022468518614473208,1,False,0.0,1,54.0,54.0,1,38
0.04,0.29229719753317784,7,stay,cov,32.0,600.0,1,-0.0013371400296803282,0.003557165269645779,0.0233792165249093,0.022942813450352876,0.0003745265785729032,1,3.328438746531396,0.033921114379125,0.0137574353912776,-0.15197214052187508,3.328438746531396,0.033921114379125,-0.009669566717061645,-0.15197214052187508,1,False,0.0,11,34.0,66.0,6,35
0.04,0.29229719753317784,7,stay,data,4.0,600.0,1,-0.0013371400296803282,-0.009419887188532261,0.0233792165249093,0.022942813450352876,0.0003745265785729032,1,3.306848612110288,0.03998967868795208,0.007181631848759507,-0.0002580328011980715,3.306848612110288,0.03998967868795208,-0.01609340948664086,-0.0002580328011980715,1,False,0.0,0,,,0,18
0.04,0.29229719753317784,7,stay,data,16.0,600.0,1,-0.0013371400296803282,-0.0047078094657857505,0.0233792165249093,0.022942813450352876,0.0003745265785729032,1,3.3147044335700273,0.03896600050183549,0.00957431443131163,-0.02584998745411276,3.3147044335700273,0.03896600050183549,-0.01375601959832619,-0.02584998745411276,1,False,0.0,0,,,0,39
0.04,0.29229719753317784,7,stay,data,32.0,600.0,1,-0.0013371400296803282,-0.006815258775700883,0.0233792165249093,0.022942813450352876,0.0003745265785729032,1,3.3111932669995783,0.03556340601115642,0.00850490276754003,-0.11091484972108948,3.3111932669995783,0.03556340601115642,-0.014800718141949686,-0.11091484972108948,1,False,0.0,3,46.0,72.0,2,39
0.04,0.29229719753317784,7,stay2,cov,4.0,600.0,1,-0.0013371400296803282,0.0006847242235217266,0.0233792165249093,0.022942813450352876,0.0003745265785729032,1,3.323671905365184,0.037186342787509215,0.012305577314991113,-0.07034143031226965,3.323671905365184,0.037186342787509215,-0.01108787368829405,-0.07034143031226965,0,False,0.0,3,46.0,50.0,3,38
0.04,0.29229719753317784,7,stay2,cov,16.0,600.0,1,-0.0013371400296803282,-0.0021603653638266884,0.0233792165249093,0.022942813450352876,0.0003745265785729032,1,3.318943705281447,0.03876218956886167,0.01086548832555084,-0.030945260778458307,3.318943705281447,0.03876218956886167,-0.012494683545454724,-0.030945260778458307,0,False,0.0,9,36.0,80.0,4,39
0.04,0.29229719753317784,7,stay2,cov,32.0,600.0,1,-0.0013371400296803282,0.010740706450025117,0.0233792165249093,0.022942813450352876,0.0003745265785729032,1,3.340330117900203,0.03039876903883664,0.017379243410034086,-0.240030774029084,3.340330117900203,0.03039876903883664,-0.006131455351103235,-0.240030774029084,1,False,0.0,8,18.0,32.0,8,39
0.04,0.29229719753317784,7,stay2,data,4.0,600.0,1,-0.0013371400296803282,,0.0233792165249093,0.022942813450352876,0.0003745265785729032,0,,,,,,,,,0,False,0.0,4,14.0,60.0,2,38
0.04,0.29229719753317784,7,stay2,data,16.0,600.0,1,-0.0013371400296803282,0.011194192191689822,0.0233792165249093,0.022942813450352876,0.0003745265785729032,1,3.341079381385958,0.03755287013734391,0.017607449931948526,-0.06117824656640229,3.341079381385958,0.03755287013734391,-0.0059085224720577725,-0.06117824656640229,1,False,0.0,6,18.0,72.0,4,39
0.04,0.29229719753317784,7,stay2,data,32.0,600.0,1,-0.0013371400296803282,0.01905474287544595,0.0233792165249093,0.022942813450352876,0.0003745265785729032,1,3.3540402364332547,0.037332410176316846,0.021554995365049248,-0.06668974559207885,3.3540402364332547,0.037332410176316846,-0.00205220118386142,-0.06668974559207885,1,False,0.0,14,32.0,80.0,7,39
0.04,0.29229719753317784,7,stay+deck,cov,4.0,600.0,1,-0.0013371400296803282,-0.012167048526357305,0.0233792165249093,0.022942813450352876,0.0003745265785729032,1,3.302260011082834,0.02692272962868243,0.005784061166567209,-0.3269317592829393,3.302260011082834,0.02692272962868243,-0.01745868359553539,-0.3269317592829393,1,False,0.0,21,10.0,76.0,9,38
0.04,0.29229719753317784,7,stay+deck,cov,16.0,600.0,1,-0.0013371400296803282,-0.017490212558695317,0.0233792165249093,0.022942813450352876,0.0003745265785729032,1,3.293350500058166,0.0234085697287979,0.0030704516532871,-0.4147857567800525,3.293350500058166,0.0234085697287979,-0.02010958408832453,-0.4147857567800525,1,False,0.0,9,10.0,74.0,6,39
0.04,0.29229719753317784,7,stay+deck,cov,32.0,600.0,1,-0.0013371400296803282,0.06879214254873545,0.0233792165249093,0.022942813450352876,0.0003745265785729032,1,3.4349161279008635,0.0009867054923357,0.0461877263728311,-0.9753323626916076,3.4349161279008635,0.0009867054923357,0.02201129006191491,-0.9753323626916076,0,False,0.0,6,14.0,68.0,4,39
0.04,0.29229719753317784,7,stay+deck,data,4.0,600.0,1,-0.0013371400296803282,,0.0233792165249093,0.022942813450352876,0.0003745265785729032,0,,,,,,,,,0,False,0.0,22,10.0,76.0,9,38
0.04,0.29229719753317784,7,stay+deck,data,16.0,600.0,1,-0.0013371400296803282,,0.0233792165249093,0.022942813450352876,0.0003745265785729032,0,,,,,,,,,0,False,0.0,15,12.0,74.0,7,39
0.04,0.29229719753317784,7,stay+deck,data,32.0,600.0,1,-0.0013371400296803282,,0.0233792165249093,0.022942813450352876,0.0003745265785729032,0,,,,,,,,,0,False,0.0,19,12.0,80.0,12,39
0.04,0.29229719753317784,8,stay,cov,4.0,600.0,1,-0.0013371400296803282,-0.005169969376838557,0.0233792165249093,0.022942813450352876,0.0003745265785729032,1,3.313934759399125,0.04217215503579417,0.009339891335980859,0.054303875894854206,3.313934759399125,0.04217215503579417,-0.01398502539149292,0.054303875894854206,1,False,0.0,0,,,0,18
0.04,0.29229719753317784,8,stay,cov,16.0,600.0,1,-0.0013371400296803282,0.0012860236014415882,0.0233792165249093,0.022942813450352876,0.0003745265785729032,1,3.324670332576565,0.04039711965555362,0.012609672744203757,0.009927991388840492,3.324670332576565,0.04039711965555362,-0.010790805624812688,0.009927991388840492,0,False,0.0,6,14.0,80.0,3,38
0.04,0.29229719753317784,8,stay,cov,32.0,600.0,1,-0.0013371400296803282,0.0024030447589975523,0.0233792165249093,0.022942813450352876,0.0003745265785729032,1,3.326524294305412,0.03387216626408328,0.013174342137476508,-0.15319584339791806,3.326524294305412,0.03387216626408328,-0.010239185221963971,-0.15319584339791806,0,False,0.0,1,70.0,70.0,1,34
0.04,0.29229719753317784,8,stay,data,4.0,600.0,1,-0.0013371400296803282,-0.005303968801555037,0.0233792165249093,0.022942813450352876,0.0003745265785729032,1,3.313711565339799,0.04129548383735126,0.009271912125784272,0.032387095933781446,3.313711565339799,0.04129548383735126,-0.014051433664653681,0.032387095933781446,1,False,0.0,1,30.0,30.0,1,18
0.04,0.29229719753317784,8,stay,data,16.0,600.0,1,-0.0013371400296803282,-0.01503785405317537,0.0233792165249093,0.022942813450352876,0.0003745265785729032,1,3.2974580635366557,0.03745215727710593,0.004321510583543763,-0.06369606807235181,3.2974580635366557,0.03745215727710593,-0.018887435979506595,-0.06369606807235181,1,False,0.0,0,,,0,39
0.04,0.29229719753317784,8,stay,data,32.0,600.0,1,-0.0013371400296803282,-0.007193418367767879,0.0233792165249093,0.022942813450352876,0.0003745265785729032,1,3.310562831060939,0.034070185208266546,0.008312888081675887,-0.14824536979333638,3.310562831060939,0.034070185208266546,-0.014988295544994949,-0.14824536979333638,1,False,0.0,1,16.0,16.0,1,39
0.04,0.29229719753317784,8,stay2,cov,4.0,600.0,1,-0.0013371400296803282,-0.007377395443260881,0.0233792165249093,0.022942813450352876,0.0003745265785729032,1,3.310256076503519,0.041504827693115816,0.00821945847785668,0.037620692327895375,3.310256076503519,0.041504827693115816,-0.015079566076585197,0.037620692327895375,1,False,0.0,0,,,0,38
0.04,0.29229719753317784,8,stay2,cov,16.0,600.0,1,-0.0013371400296803282,-0.004539631917165776,0.0233792165249093,0.022942813450352876,0.0003745265785729032,2,3.3149844695858066,0.03515556509686551,0.009659606249726333,-0.12111087257836231,3.3149844695858066,0.03515556509686551,-0.013672698795403032,-0.12111087257836231,1,False,0.03954733160852607,2,52.0,72.0,1,39
0.04,0.29229719753317784,8,stay2,cov,32.0,600.0,1,-0.0013371400296803282,-0.0006556444243204229,0.0233792165249093,0.022942813450352876,0.0003745265785729032,4,3.321445210830128,0.03324612249322178,0.011627383028372212,-0.16884693766945555,3.321445210830128,0.03324612249322178,-0.011750395528598065,-0.16884693766945555,0,False,0.10658372245007976,0,,,0,39
0.04,0.29229719753317784,8,stay2,data,4.0,600.0,1,-0.0013371400296803282,-0.0076977359156621405,0.0233792165249093,0.022942813450352876,0.0003745265785729032,1,3.309721888304297,0.041806194172506965,0.008056758395295767,0.0451548543126741,3.309721888304297,0.041806194172506965,-0.015238506309852665,0.0451548543126741,1,False,0.0,0,,,0,38
0.04,0.29229719753317784,8,stay2,data,16.0,600.0,1,-0.0013371400296803282,0.0009016413466187423,0.0233792165249093,0.022942813450352876,0.0003745265785729032,1,3.324032119858396,0.03702411878834741,0.01241528944991013,-0.07439703029131477,3.324032119858396,0.03702411878834741,-0.010980696899924739,-0.07439703029131477,0,False,0.0,1,8.0,8.0,1,39
0.04,0.29229719753317784,8,stay2,data,32.0,600.0,1,-0.0013371400296803282,0.01068839124504617,0.0233792165249093,0.022942813450352876,0.0003745265785729032,1,3.340243670250973,0.03877819413037203,0.01735291366391197,-0.03054514674069933,3.340243670250973,0.03877819413037203,-0.006157176641004578,-0.03054514674069933,1,False,0.0,6,14.0,72.0,3,39
0.04,0.29229719753317784,8,stay+deck,cov,4.0,600.0,1,-0.0013371400296803282,0.018695152762071343,0.0233792165249093,0.022942813450352876,0.0003745265785729032,1,3.3534484202760155,0.032136650881516904,0.021374743278267994,-0.19658372796207743,3.3534484202760155,0.032136650881516904,-0.002228287810672038,-0.19658372796207743,1,False,0.0,24,10.0,78.0,9,38
0.04,0.29229719753317784,8,stay+deck,cov,16.0,600.0,1,-0.0013371400296803282,-0.006973280784761338,0.0233792165249093,0.022942813450352876,0.0003745265785729032,1,3.310929840566844,0.019449153159340208,0.008424669803919668,-0.5137711710164948,3.310929840566844,0.019449153159340208,-0.014879096995560816,-0.5137711710164948,1,False,0.0,3,74.0,78.0,3,39
0.04,0.29229719753317784,8,stay+deck,cov,32.0,600.0,1,-0.0013371400296803282,0.01035967876596211,0.0233792165249093,0.022942813450352876,0.0003745265785729032,2,3.339700441953643,0.016110574105243546,0.01718746019834737,-0.5972356473689113,3.339700441953643,0.016110574105243546,-0.006318806629126454,-0.5972356473689113,1,False,0.05068390194261773,3,12.0,72.0,2,39
0.04,0.29229719753317784,8,stay+deck,data,4.0,600.0,1,-0.0013371400296803282,0.019980611223078037,0.0233792165249093,0.022942813450352876,0.0003745265785729032,1,3.3555635572735407,0.03332869559204593,0.02201895998808333,-0.16678261019885174,3.3555635572735407,0.03332869559204593,-0.001598958356616502,-0.16678261019885174,1,False,0.0,23,10.0,78.0,8,38
0.04,0.29229719753317784,8,stay+deck,data,16.0,600.0,1,-0.0013371400296803282,-0.03523585982333732,0.0233792165249093,0.022942813450352876,0.0003745265785729032,1,3.263473475653448,0.03052456440862517,-0.006029326934861245,-0.23688588978437078,3.263473475653448,0.03052456440862517,-0.028999075161207755,-0.23688588978437078,1,False,0.0,21,6.0,80.0,9,39
0.04,0.29229719753317784,8,stay+deck,data,32.0,600.0,1,-0.0013371400296803282,-0.0029916202353008625,0.0233792165249093,0.022942813450352876,0.0003745265785729032,3,3.317560986634621,0.0009143622042298194,0.010444347539729008,-0.9771409448942544,3.317560986634621,0.0009143622042298194,-0.012906092154985737,-0.9771409448942544,0,False,0.041169125703394975,12,18.0,80.0,3,39
0.04,0.29229719753317784,9,stay,cov,4.0,600.0,1,0.0208136730273496,0.0070812343229258445,0.0233792165249093,0.022942813450352876,0.0003745265785729032,1,3.3342776608631315,0.036299063981573426,0.01553581957352461,-0.09252340046066436,3.3342776608631315,0.036299063981573426,-0.00793227935791301,-0.09252340046066436,1,False,0.0,0,,,0,18
0.04,0.29229719753317784,9,stay,cov,16.0,600.0,1,0.0208136730273496,0.015060400221994952,0.0233792165249093,0.022942813450352876,0.0003745265785729032,1,3.3474604427818,0.005498917503604251,0.019550958263734493,-0.8625270624098936,3.3474604427818,0.005498917503604251,-0.004009926830622384,-0.8625270624098936,1,False,0.0,19,28.0,68.0,13,39
0.04,0.29229719753317784,9,stay,cov,32.0,600.0,1,0.0208136730273496,0.026392717491454887,0.0233792165249093,0.022942813450352876,0.0003745265785729032,1,3.3660944047829253,0.02594472418006814,0.025226387186416382,-0.3513818954982965,3.3660944047829253,0.02594472418006814,0.0015343481486252129,-0.3513818954982965,1,False,0.0,7,40.0,66.0,3,33
0.04,0.29229719753317784,9,stay,data,4.0,600.0,1,0.0208136730273496,0.0038630073777650153,0.0233792165249093,0.022942813450352876,0.0003745265785729032,1,3.328945892118555,0.037819196964466034,0.013911898984860062,-0.054520075888349166,3.328945892118555,0.037819196964466034,-0.009518672635086389,-0.054520075888349166,1,False,0.0,0,,,0,18
0.04,0.29229719753317784,9,stay,data,16.0,600.0,1,0.0208136730273496,0.011861103948163088,0.0233792165249093,0.022942813450352876,0.0003745265785729032,1,3.342180968927533,0.007785544706232522,0.017942965363070572,-0.805361382344187,3.342180968927533,0.007785544706232522,-0.005580760494018165,-0.805361382344187,1,False,0.0,26,20.0,80.0,11,39
0.04,0.29229719753317784,9,stay,data,32.0,600.0,1,0.0208136730273496,-0.006672885692866948,0.0233792165249093,0.022942813450352876,0.0003745265785729032,1,3.311430588355935,0.04166333634575024,0.00857718479160752,0.04158340864375606,3.311430588355935,0.04166333634575024,-0.014730106488989826,0.04158340864375606,1,False,0.0,26,24.0,80.0,24,39
0.04,0.29229719753317784,9,stay2,cov,4.0,600.0,1,0.0208136730273496,0.0018772280396333052,0.0233792165249093,0.022942813450352876,0.0003745265785729032,1,3.325651705409422,0.04071115780545924,0.012908573845278992,0.01777894513648095,3.325651705409422,0.04071115780545924,-0.010498811853322038,0.01777894513648095,0,False,0.0,2,8.0,58.0,1,38
0.04,0.29229719753317784,9,stay2,cov,16.0,600.0,1,0.0208136730273496,0.001179867247166566,0.0233792165249093,0.022942813450352876,0.0003745265785729032,1,3.324494087114035,0.041054319198927894,0.012555992877545556,0.026357979973197325,3.324494087114035,0.041054319198927894,-0.010843244999114952,0.026357979973197325,0,False,0.0,28,6.0,64.0,25,39
0.04,0.29229719753317784,9,stay2,cov,32.0,600.0,1,0.0208136730273496,0.010591180936078803,0.0233792165249093,0.022942813450352876,0.0003745265785729032,1,3.340083030270271,0.037540877470628786,0.01730398682846175,-0.061478063234280365,3.340083030270271,0.037540877470628786,-0.006204972822279323,-0.061478063234280365,1,False,0.0,23,8.0,72.0,15,39
0.04,0.29229719753317784,9,stay2,data,4.0,600.0,1,0.0208136730273496,-0.000624213226639192,0.0233792165249093,0.022942813450352876,0.0003745265785729032,1,3.3214974431660442,0.03942926088110743,0.011643291663902409,-0.014268477972314252,3.3214974431660442,0.03942926088110743,-0.011734854527005826,-0.014268477972314252,0,False,0.0,5,30.0,72.0,1,38
0.04,0.29229719753317784,9,stay2,data,16.0,600.0,1,0.0208136730273496,3.458685663759731e-05,0.0233792165249093,0.022942813450352876,0.0003745265785729032,1,3.3225920475770083,0.04132980360094696,0.011976680211786408,0.03324509002367391,3.3225920475770083,0.04132980360094696,-0.011409170281888455,0.03324509002367391,0,False,0.0,18,36.0,80.0,6,39
0.04,0.29229719753317784,9,stay2,data,32.0,600.0,1,0.0208136730273496,0.013962349483176428,0.0233792165249093,0.022942813450352876,0.0003745265785729032,1,3.3456493801100815,0.04458175631911099,0.018999354827640768,0.11454390797777467,3.3456493801100815,0.04458175631911099,-0.004548783218547385,0.11454390797777467,1,False,0.0,12,20.0,80.0,7,39
0.04,0.29229719753317784,9,stay+deck,cov,4.0,600.0,1,0.0208136730273496,0.019734640630354683,0.0233792165249093,0.022942813450352876,0.0003745265785729032,1,3.3551589320708786,0.02844183958725369,0.021895721485294922,-0.28895401031865775,3.3551589320708786,0.02844183958725369,-0.0017193489309322223,-0.28895401031865775,1,False,0.0,11,6.0,44.0,5,38
0.04,0.29229719753317784,9,stay+deck,cov,16.0,600.0,1,0.0208136730273496,0.03262260901948699,0.0233792165249093,0.022942813450352876,0.0003745265785729032,2,3.2173904583098585,0.012452735500409037,-0.02006503707854751,-0.6886816124897741,3.376294534749541,0.022546827196532716,0.00456925427087484,-0.4363293200866821,1,False,0.04819886804023767,7,4.0,80.0,4,39
0.04,0.29229719753317784,9,stay+deck,cov,32.0,600.0,1,0.0208136730273496,0.02228623892792303,0.0233792165249093,0.022942813450352876,0.0003745265785729032,2,3.2729782839975803,0.020718538387119758,-0.0031344050616933915,-0.48203654032200605,3.359353978892324,0.003650998025074657,-0.0004711713760188783,-0.9087250493731335,2,True,0.02604685394851053,37,6.0,80.0,24,39
0.04,0.29229719753317784,9,stay+deck,data,4.0,600.0,1,0.0208136730273496,,0.0233792165249093,0.022942813450352876,0.0003745265785729032,0,,,,,,,,,0,False,0.0,12,12.0,64.0,3,38
0.04,0.29229719753317784,9,stay+deck,data,16.0,600.0,1,0.0208136730273496,,0.0233792165249093,0.022942813450352876,0.0003745265785729032,0,,,,,,,,,0,False,0.0,19,6.0,80.0,15,39
0.04,0.29229719753317784,9,stay+deck,data,32.0,600.0,1,0.0208136730273496,0.03467595179873828,0.0233792165249093,0.022942813450352876,0.0003745265785729032,3,3.2542078468149516,0.013998273331644438,-0.008851400839147539,-0.6500431667088891,3.3796497039069613,0.01370101883418284,0.005567537964353658,-0.657474529145429,2,True,0.07258158895223152,37,6.0,80.0,28,39
0.04,0.29229719753317784,10,stay,cov,4.0,600.0,1,-0.037715227286654884,-0.014617482987305697,0.0233792165249093,0.022942813450352876,0.0003745265785729032,1,3.298161647983549,0.045928751080869704,0.0045358044368426905,0.14821877702174258,3.298161647983549,0.045928751080869704,-0.01867809426009865,0.14821877702174258,1,False,0.0,0,,,0,18
0.04,0.29229719753317784,10,stay,cov,16.0,600.0,1,-0.037715227286654884,,0.0233792165249093,0.022942813450352876,0.0003745265785729032,0,,,,,,,,,0,False,0.0,11,28.0,76.0,9,36
0.04,0.29229719753317784,10,stay,cov,32.0,600.0,1,-0.037715227286654884,0.0031306269853483837,0.0233792165249093,0.022942813450352876,0.0003745265785729032,1,3.3277313341951946,0.03896600409528196,0.01354197566065794,-0.025849897617950986,3.3277313341951946,0.03896600409528196,-0.009880047371437552,-0.025849897617950986,1,False,0.0,14,18.0,44.0,14,34
0.04,0.29229719753317784,10,stay,data,4.0,600.0,1,-0.037715227286654884,-0.012770336604505994,0.0233792165249093,0.022942813450352876,0.0003745265785729032,1,3.3012514810696425,0.04360665573392285,0.005476888681943964,0.09016639334807115,3.3012514810696425,0.04360665573392285,-0.01775875760650639,0.09016639334807115,1,False,0.0,0,,,0,18
0.04,0.29229719753317784,10,stay,data,16.0,600.0,1,-0.037715227286654884,-0.007556464365741755,0.0233792165249093,0.022942813450352876,0.0003745265785729032,1,3.3099574782638292,0.04427855173189353,0.008128513080109574,0.10696379329733825,3.3099574782638292,0.04427855173189353,-0.015168409809821263,0.10696379329733825,1,False,0.0,3,70.0,80.0,1,38
0.04,0.29229719753317784,10,stay,data,32.0,600.0,1,-0.037715227286654884,-0.014940439591606292,0.0233792165249093,0.022942813450352876,0.0003745265785729032,1,3.2976211216608764,0.03791643933224901,0.004371173923751521,-0.05208901669377479,3.2976211216608764,0.03791643933224901,-0.018838920313421992,-0.05208901669377479,1,False,0.0,1,34.0,34.0,1,38
0.04,0.29229719753317784,10,stay2,cov,4.0,600.0,1,-0.037715227286654884,-0.012870475034157947,0.0233792165249093,0.022942813450352876,0.0003745265785729032,1,3.3010840476268823,0.04760709064352717,0.005425892731452715,0.19017726608817914,3.3010840476268823,0.04760709064352717,-0.017808575087476262,0.19017726608817914,1,False,0.0,15,38.0,74.0,8,38
0.04,0.29229719753317784,10,stay2,cov,16.0,600.0,1,-0.037715227286654884,0.04937308708577404,0.0233792165249093,0.022942813450352876,0.0003745265785729032,2,3.288497006566263,0.05541377928457239,0.0015922014916557876,0.3853444821143097,3.403568313928365,0.0046063723486434865,0.01268418610778343,-0.8848406912839129,1,False,0.034390371836238054,5,8.0,36.0,4,39
0.04,0.29229719753317784,10,stay2,cov,32.0,600.0,1,-0.037715227286654884,-0.003697802950127449,0.0233792165249093,0.022942813450352876,0.0003745265785729032,2,3.316385861494385,0.031369819821519554,0.010086434434171395,-0.21575450446201117,3.316385861494385,0.031369819821519554,-0.013255734217800996,-0.21575450446201117,0,False,0.08650692154192745,7,6.0,52.0,3,39
0.04,0.29229719753317784,10,stay2,data,4.0,600.0,1,-0.037715227286654884,-0.019429464574029942,0.0233792165249093,0.022942813450352876,0.0003745265785729032,1,3.2900987303384275,0.043950439405635665,0.0020800456453650153,0.0987609851408916,3.2900987303384275,0.043950439405635665,-0.021077102724153755,0.0987609851408916,1,False,0.0,14,14.0,78.0,3,38
0.04,0.29229719753317784,10,stay2,data,16.0,600.0,1,-0.037715227286654884,,0.0233792165249093,0.022942813450352876,0.0003745265785729032,0,,,,,,,,,0,False,0.0,28,14.0,78.0,13,39
0.04,0.29229719753317784,10,stay2,data,32.0,600.0,1,-0.037715227286654884,0.011793111336426243,0.0233792165249093,0.022942813450352876,0.0003745265785729032,1,3.3420686771170964,0.03973646364814673,0.017908764145493094,-0.006588408796331761,3.3420686771170964,0.03973646364814673,-0.005614171352907926,-0.006588408796331761,1,False,0.0,15,6.0,80.0,6,39
0.04,0.29229719753317784,10,stay+deck,cov,4.0,600.0,1,-0.037715227286654884,0.027347176425544628,0.0233792165249093,0.022942813450352876,0.0003745265785729032,2,3.2486998103951783,0.03328796153084905,-0.0105290080598813,-0.16780096172877376,3.3676591334982433,0.02477259901819606,0.0019999113104006766,-0.38068502454509856,1,False,0.03595915037616231,18,6.0,74.0,4,38
0.04,0.29229719753317784,10,stay+deck,cov,16.0,600.0,1,-0.037715227286654884,,0.0233792165249093,0.022942813450352876,0.0003745265785729032,0,,,,,,,,,0,False,0.0,3,26.0,30.0,3,39
0.04,0.29229719753317784,10,stay+deck,cov,32.0,600.0,1,-0.037715227286654884,-0.03519716810730655,0.0233792165249093,0.022942813450352876,0.0003745265785729032,3,3.2635389155458308,0.0033069657320701396,-0.006009395614946367,-0.9173258566982464,3.37078067478311,0.0034609240753260637,0.002928682295408081,-0.9134768981168484,2,True,0.03232373917593816,34,6.0,80.0,28,39
0.04,0.29229719753317784,10,stay+deck,data,4.0,600.0,1,-0.037715227286654884,-0.038929697732083324,0.0233792165249093,0.022942813450352876,0.0003745265785729032,1,3.2572199768354446,0.031536162178509256,-0.00793398296332745,-0.21159594553726863,3.2572199768354446,0.031536162178509256,-0.03085971634032559,-0.21159594553726863,1,False,0.0,19,8.0,78.0,6,38
0.04,0.29229719753317784,10,stay+deck,data,16.0,600.0,1,-0.037715227286654884,-0.04370636028637542,0.0233792165249093,0.022942813450352876,0.0003745265785729032,1,3.249115459902708,0.03598954413335182,-0.010402411835385901,-0.1002613966662045,3.249115459902708,0.03598954413335182,-0.03327110209105031,-0.1002613966662045,0,False,0.0,8,6.0,80.0,3,39
0.04,0.29229719753317784,10,stay+deck,data,32.0,600.0,1,-0.037715227286654884,,0.0233792165249093,0.022942813450352876,0.0003745265785729032,0,,,,,,,,,0,False,0.0,36,4.0,80.0,13,39
0.04,0.29229719753317784,11,stay,cov,4.0,600.0,1,0.035715865358221466,0.015698215452845776,0.0233792165249093,0.022942813450352876,0.0003745265785729032,1,3.348511969354721,0.040473011635757186,0.019871226402338887,0.011825290893929634,3.348511969354721,0.040473011635757186,-0.003697059794191334,0.011825290893929634,1,False,0.0,0,,,0,18
0.04,0.29229719753317784,11,stay,cov,16.0,600.0,1,0.035715865358221466,0.01876528248053244,0.0233792165249093,0.022942813450352876,0.0003745265785729032,1,3.3535638485008112,0.039916064950511726,0.021409899767556737,-0.0020983762372068712,3.3535638485008112,0.039916064950511726,-0.0021939437555218142,-0.0020983762372068712,1,False,0.0,9,56.0,80.0,5,36
0.04,0.29229719753317784,11,stay,cov,32.0,600.0,1,0.035715865358221466,,0.0233792165249093,0.022942813450352876,0.0003745265785729032,0,,,,,,,,,0,False,0.0,4,52.0,76.0,1,33
0.04,0.29229719753317784,11,stay,data,4.0,600.0,1,0.035715865358221466,0.013187231287876466,0.0233792165249093,0.022942813450352876,0.0003745265785729032,1,3.3443703535741953,0.03882613742273202,0.018609796010562164,-0.02934656443169953,3.3443703535741953,0.03882613742273202,-0.004929339689590916,-0.02934656443169953,1,False,0.0,1,24.0,24.0,1,18
0.04,0.29229719753317784,11,stay,data,16.0,600.0,1,0.035715865358221466,0.015206090446602927,0.0233792165249093,0.022942813450352876,0.0003745265785729032,1,3.3477006623615786,0.036591776635941195,0.019624123012636933,-0.08520558410147014,3.3477006623615786,0.036591776635941195,-0.003938452851786781,-0.08520558410147014,1,False,0.0,2,58.0,76.0,1,39
0.04,0.29229719753317784,11,stay,data,32.0,600.0,1,0.035715865358221466,0.014880348107388475,0.0233792165249093,0.022942813450352876,0.0003745265785729032,1,3.3471635421928663,0.033241732386134,0.019460529927050434,-0.16895669034664995,3.3471635421928663,0.033241732386134,-0.004098265451601095,-0.16895669034664995,1,False,0.0,0,,,0,39
0.04,0.29229719753317784,11,stay2,cov,4.0,600.0,1,0.035715865358221466,0.017969823285276965,0.0233792165249093,0.022942813450352876,0.0003745265785729032,1,3.3522543495542703,0.042165059288724584,0.021011059832444102,0.05412648221811457,3.3522543495542703,0.042165059288724584,-0.0025835668664962686,0.05412648221811457,1,False,0.0,8,50.0,66.0,6,38
0.04,0.29229719753317784,11,stay2,cov,16.0,600.0,1,0.035715865358221466,0.010038483505291795,0.0233792165249093,0.022942813450352876,0.0003745265785729032,1,3.3391695512010062,0.038302029178460914,0.017025764433801008,-0.04244927053847717,3.3391695512010062,0.038302029178460914,-0.006476765753245144,-0.04244927053847717,1,False,0.0,10,52.0,72.0,9,39
0.04,0.29229719753317784,11,stay2,cov,32.0,600.0,1,0.035715865358221466,0.023637900996174466,0.0233792165249093,0.022942813450352876,0.0003745265785729032,2,3.361574106308149,0.031906364481636945,0.023849619717353658,-0.2023408879590764,3.361574106308149,0.031906364481636945,0.0001893965097348982,-0.2023408879590764,1,False,0.09362942614760376,9,64.0,80.0,9,39
0.04,0.29229719753317784,11,stay2,data,4.0,600.0,1,0.035715865358221466,0.016473905778300324,0.0233792165249093,0.022942813450352876,0.0003745265785729032,1,3.349790357254716,0.04139771725395663,0.020260590707235477,0.03494293134891566,3.349790357254716,0.04139771725395663,-0.0033166933403321612,0.03494293134891566,1,False,0.0,3,58.0,78.0,1,38
0.04,0.29229719753317784,11,stay2,data,16.0,600.0,1,0.035715865358221466,0.028495703316856247,0.0233792165249093,0.022942813450352876,0.0003745265785729032,1,3.3695410516800335,0.03939203845671453,0.026276147805491278,-0.015199038582136733,3.3695410516800335,0.03939203845671453,0.0025598497651243843,-0.015199038582136733,1,False,0.0,10,16.0,80.0,6,39
0.04,0.29229719753317784,11,stay2,data,32.0,600.0,1,0.035715865358221466,0.03401872619157231,0.0233792165249093,0.022942813450352876,0.0003745265785729032,1,3.378576157565274,0.03377649412483371,0.029028010305666516,-0.15558764687915727,3.378576157565274,0.03377649412483371,0.005248119253457908,-0.15558764687915727,1,False,0.0,4,42.0,80.0,2,39
0.04,0.29229719753317784,11,stay+deck,cov,4.0,600.0,1,0.035715865358221466,,0.0233792165249093,0.022942813450352876,0.0003745265785729032,0,,,,,,,,,0,False,0.0,14,10.0,78.0,4,38
0.04,0.29229719753317784,11,stay+deck,cov,16.0,600.0,1,0.035715865358221466,0.0352102435996533,0.0233792165249093,0.022942813450352876,0.0003745265785729032,1,3.3805221925696856,0.009794941605240998,0.029620722867166962,-0.7551264598689751,3.3805221925696856,0.009794941605240998,0.005827134772704304,-0.7551264598689751,1,False,0.0,23,28.0,80.0,17,39
0.04,0.29229719753317784,11,stay+deck,cov,32.0,600.0,1,0.035715865358221466,0.03308105738154987,0.0233792165249093,0.022942813450352876,0.0003745265785729032,1,3.377043929991002,0.018979184763676493,0.028561332918934236,-0.5255203809080877,3.377043929991002,0.018979184763676493,0.0047922263519892755,-0.5255203809080877,1,False,0.0,26,6.0,80.0,15,39
0.04,0.29229719753317784,11,stay+deck,data,4.0,600.0,1,0.035715865358221466,,0.0233792165249093,0.022942813450352876,0.0003745265785729032,0,,,,,,,,,0,False,0.0,21,8.0,78.0,5,38
0.04,0.29229719753317784,11,stay+deck,data,16.0,600.0,1,0.035715865358221466,-0.05567773303495627,0.0233792165249093,0.022942813450352876,0.0003745265785729032,1,3.2287143666698688,0.03216088387905901,-0.016616063799525023,-0.19597790302352483,3.2287143666698688,0.03216088387905901,-0.03934116227220222,-0.19597790302352483,0,False,0.0,13,6.0,78.0,7,39
0.04,0.29229719753317784,11,stay+deck,data,32.0,600.0,1,0.035715865358221466,,0.0233792165249093,0.022942813450352876,0.0003745265785729032,0,,,,,,,,,0,False,0.0,29,8.0,80.0,18,39
