T,zeta,seed,duration,snr_db,nperseg,df,n_seg,k_eff,noise_ref,f_lo,f_hi,f0,s,u,d,f_iso,rho,f_branch,f_law,bins_per_hpbw,bins_per_split,rms_stay_mg,rms_deck_mg,snr_inband_db,gamma_corr,gamma_rank2_ratio,mac_sensor,mac_full,deck_over_stay_lo,deck_over_stay_hi,f_pp,T_pp,eps_ts_pp_pct,eps_cp_pp_pct,f_hp,T_hp,eps_ts_hp_pct,eps_cp_hp_pct,f_sv1,T_sv1,eps_ts_sv1_pct,eps_cp_sv1_pct,f_sv2,T_sv2,eps_ts_sv2_pct,eps_cp_sv2_pct,T_branch,eps_ts_branch_pct,eps_cp_branch_pct,T_law,eps_ts_law_pct,eps_cp_law_pct,f_efdd1,T_efdd1,eps_ts_efdd1_pct,eps_cp_efdd1_pct,f_efdd2,T_efdd2,eps_ts_efdd2_pct,eps_cp_efdd2_pct,n_pp,n_sv1,n_sv2,sv2_peak_ratio,n_sv1_norm,n_sv2_norm,f_sv1_norm,f_sv2_norm,sv2_peak_ratio_norm,noise_psd,sv2_peak,sv1_peak,sv2_over_noise_db,prom_db,f_pp_all,f_sv1_all,f_sv2_all,sv2_over_sv1,zeta_hp,zeta_hp_ratio,zeta_efdd1,zeta_efdd2,n_bell1,n_bell2,r2_efdd1,best_lo_hz,best_lo_err_pct,best_hi_hz,best_hi_err_pct
140000.0,0.002,0,600.0,20.0,8192,0.01220703125,26,13.77899245574931,per_channel,3.1835853326627572,3.33107492084953,3.257330126756144,0.04527928777475568,11.31982194368892,-0.03946496160419292,3.193054922563838,0.20696613209782858,3.1835853326627572,3.183526248224564,1.0673619359354531,12.08234706426043,5.017663525704483,0.024124645104744304,10.718596563598567,-0.9540205434138938,0.0059979513416987896,0.26441951726890767,0.9646004871782342,0.047036706462909986,1.5029473443105095,3.181442698645392,139171.692615506,-0.591648131781424,-0.7260200051351418,3.1811344599550355,139144.72621930946,-0.6109098433503823,-0.745255680337753,3.1814519150504053,139172.498956946,-0.5910721736100095,-0.7254448254956913,3.3280373120074045,152292.69481406023,8.78049629575731,8.633455943544387,139359.21409224978,-0.45770421982158693,-0.5922571473225391,139354.04138060307,-0.4613990138549499,-0.5959469470431689,3.1816276164806374,139187.8714868436,-0.5800917951117195,-0.714479289352199,3.326325556643599,152136.0734957298,8.668623925521285,8.521734792996494,1,1,1,0.0018831721611400347,2,1,3.327040622852223,3.327440526078127,4.27034025395657e-05,1.119420389988583e-11,3.5212370802637143e-07,0.00018698434232014284,44.977020533128766,4.679889205538932,3.18144,3.18145,3.32804,0.19266146770995685,0.006918442272651417,3.459221136325709,0.0038946753913157374,0.002876921170404815,16,6,0.9856075287646576,3.1814519150504053,-0.06701304942147157,3.3280373120074045,-0.09119004868707314
140000.0,0.002,1,600.0,20.0,8192,0.01220703125,26,13.77899245574931,per_channel,3.1835853326627572,3.33107492084953,3.257330126756144,0.04527928777475568,11.31982194368892,-0.03946496160419292,3.193054922563838,0.20696613209782858,3.1835853326627572,3.183526248224564,1.0673619359354531,12.08234706426043,4.985412716664975,0.02427400927553165,10.718596563598567,-0.9540205434138938,0.0059979513416987896,0.26441951726890767,0.9646004871782342,0.047036706462909986,1.5029473443105095,3.1864534203892747,139610.42425426948,-0.27826838980751095,-0.4130638636154038,3.1846370222056177,139451.30324403662,-0.39192625425955546,-0.5265680948979834,3.1864625713439425,139611.22613041796,-0.2776956211300317,-0.41249186915861547,3.3263688348247307,152140.032347782,8.671451676987136,8.524558722145038,139359.21409224978,-0.45770421982158693,-0.5922571473225391,139354.04138060307,-0.4613990138549499,-0.5959469470431689,3.182594945251477,139272.52055117846,-0.5196281777296723,-0.6540974016174483,3.3255960707283614,152069.35185260387,8.620965609002761,8.474140896993433,1,1,1,0.0007696503104333973,2,0,3.1903628285696253,,3.448615199023075e-05,1.1333247519914188e-11,2.15257785098246e-07,0.0002796825807515524,42.78604493344613,4.679889205538932,3.18645,3.18646,3.32637,0.18102087585135807,0.006504621075951536,3.252310537975768,0.003377958646846139,0.003449874415646425,16,14,0.9977654243234222,3.1864625713439425,0.09037730673231437,3.3263688348247307,-0.14127830014700749
140000.0,0.002,2,600.0,20.0,8192,0.01220703125,26,13.77899245574931,per_channel,3.1835853326627572,3.33107492084953,3.257330126756144,0.04527928777475568,11.31982194368892,-0.03946496160419292,3.193054922563838,0.20696613209782858,3.1835853326627572,3.183526248224564,1.0673619359354531,12.08234706426043,5.049152239784165,0.025929703348542374,10.718596563598567,-0.9540205434138938,0.0059979513416987896,0.26441951726890767,0.9646004871782342,0.047036706462909986,1.5029473443105095,3.1861829140154043,139586.7214715008,-0.29519894892800946,-0.42997153742594385,3.187344793039486,139688.54390859394,-0.2224686367186119,-0.3573395359531939,3.186192382548332,139587.55110587395,-0.29460635294717835,-0.4293797424666512,3.3294856725639903,152425.2791023722,8.875199358837293,8.728030994965774,139359.21409224978,-0.45770421982158693,-0.5922571473225391,139354.04138060307,-0.4613990138549499,-0.5959469470431689,3.187207400789907,139676.50146518688,-0.23107038200936847,-0.3659296541260515,,,,,1,1,1,0.0007634511292260916,2,1,3.329207533493067,3.1811476161764842,2.9861389977512943e-05,1.29320222521711e-11,2.3158493146191743e-07,0.00030333956241138116,42.53043854501085,4.679889205538932,3.18618,3.18619,3.32949,0.14058548263251713,0.006262505982574703,3.1312529912873512,0.002949291657713524,,12,3,0.9952806632359089,3.186192382548332,0.08189037243095942,3.3294856725639903,-0.047709773070325756
141250.0,0.002,0,600.0,20.0,8192,0.01220703125,26,13.77899245574931,per_channel,3.196627989195857,3.33224355675442,3.2644357729751388,0.04154334071488429,10.385835178721072,-0.03503025032882209,3.2072587718202983,0.21607527890839368,3.196627989195857,3.1965607182457885,1.0696903140884935,11.10962729439747,4.999247793204223,0.02581636952321762,10.639039665430532,-0.961217504662568,0.005996038245422471,0.35130711194722786,0.9703100898079476,0.05235770591306789,1.2197267016229512,3.1952823955305103,140385.15682382396,-0.6122783548148983,-0.74543504995358,3.1954767912381272,140402.23894594586,-0.6001848170294765,-0.7333577147281445,3.195292859964157,140386.0763378964,-0.611627371400776,-0.7447849387075101,3.3282150226098013,152308.95950497643,7.829351861930217,7.684885323255175,140503.4193930173,-0.5285526421116418,-0.6618215104545744,140497.50584969044,-0.5327392214580966,-0.6660024807473186,3.19750375202547,140580.41585798317,-0.4740418704543922,-0.6073837706978669,3.321966322809279,151737.5784358363,7.424834290857559,7.280909712718442,1,1,1,0.0007414381685331557,2,0,3.199149375643256,,2.9597457801137295e-05,1.2819222462402765e-11,2.277522383457131e-07,0.00030717630682042295,42.49600969637981,4.679889205538932,3.19528,3.19529,3.32822,0.12960768378221882,0.006255738860823086,3.127869430411543,0.0028694101194668875,0.0029788939683347572,12,7,0.9970377717682926,3.195292859964157,-0.04176680039756908,3.3282150226098013,-0.12089554907992461
141250.0,0.002,1,600.0,20.0,8192,0.01220703125,26,13.77899245574931,per_channel,3.196627989195857,3.33224355675442,3.2644357729751388,0.04154334071488429,10.385835178721072,-0.03503025032882209,3.2072587718202983,0.21607527890839368,3.196627989195857,3.1965607182457885,1.0696903140884935,11.10962729439747,4.991150172876895,0.026098965376455757,10.639039665430532,-0.961217504662568,0.005996038245422471,0.35130711194722786,0.9703100898079476,0.05235770591306789,1.2197267016229512,3.1982654993855526,140647.4053126989,-0.4266157078237965,-0.5600211482206796,3.1974429117606578,140575.06614206653,-0.477829279952901,-0.6111661059384876,3.1982783668987573,140648.537042373,-0.4258144832757483,-0.559220997129295,3.3261672158229483,152121.58977971153,7.696700728999316,7.552411912342394,140503.4193930173,-0.5285526421116418,-0.6618215104545744,140497.50584969044,-0.5327392214580966,-0.6660024807473186,3.1968150080456503,140519.8601904063,-0.5169131395353656,-0.6501976021355271,3.321960099593447,151737.00992024996,7.42443180194687,7.280507763050381,1,1,1,0.0009750100502405551,2,1,3.2025762453506186,3.2150122655798787,5.7496242687256995e-05,1.3101406726329865e-11,2.1794081977124813e-07,0.0002235267418192024,42.2102065084097,4.679889205538932,3.19827,3.19828,3.32617,0.2673185948508888,0.006700913073216477,3.3504565366082386,0.004162709798343633,7.345355469223676e-19,17,11,0.9710660447474376,3.1982783668987573,0.051628707140083385,3.3261672158229483,-0.18234984412094368
141250.0,0.002,2,600.0,20.0,8192,0.01220703125,26,13.77899245574931,per_channel,3.196627989195857,3.33224355675442,3.2644357729751388,0.04154334071488429,10.385835178721072,-0.03503025032882209,3.2072587718202983,0.21607527890839368,3.196627989195857,3.1965607182457885,1.0696903140884935,11.10962729439747,5.068263027109089,0.0279190064923467,10.639039665430532,-0.961217504662568,0.005996038245422471,0.35130711194722786,0.9703100898079476,0.05235770591306789,1.2197267016229512,3.1982621845697126,140647.1137671687,-0.4268221117389817,-0.5602272756020987,3.1952762868360973,140384.62005173482,-0.6126583704532256,-0.745814556458313,3.1982729259171356,140648.05849400014,-0.4261532785839698,-0.5595593385296915,3.3307681045610917,152542.72228747045,7.9948476371472195,7.850159372185228,140503.4193930173,-0.5285526421116418,-0.6618215104545744,140497.50584969044,-0.5327392214580966,-0.6660024807473186,3.1943787461492166,140305.76414043532,-0.6684855642935789,-0.8015669546950766,,,,,1,1,1,0.0011713794062988944,2,1,3.3295878291167265,3.322996162695242,3.314214305049864e-05,1.4992403641031237e-11,3.678089508480718e-07,0.00031399642922715,43.89751027616085,4.679889205538932,3.19826,3.19827,3.33077,0.15484537852560634,0.006203591092974625,3.1017955464873124,0.002969754267153471,,12,4,0.9881003199297946,3.1982729259171356,0.05145849710501693,3.3307681045610917,-0.044278041751710795
142500.0,0.002,0,600.0,20.0,8192,0.01220703125,26,13.77899245574931,per_channel,3.2093699865007124,3.3336501689819658,3.271510077741339,0.03798862895970561,9.497157239926402,-0.03063422255058978,3.221399993842326,0.22870463464570917,3.2093699865007124,3.209292112230378,1.072008422274282,10.181032548864277,5.008606919873224,0.025967753759563634,10.528011914205115,-0.9675491167683254,0.005994174701588546,0.4441797238604219,0.9752812021010366,0.058702894832885,0.994617077517148,3.2065665231287745,141378.4469246897,-0.7870547896914446,-0.9188128859146216,3.2075406122361207,141464.35571323094,-0.726767920539694,-0.8586060797333706,3.206586364753857,141380.19657609865,-0.7858269641412986,-0.9175866909577057,3.331018391744507,152565.64848442722,7.063612971527873,6.921428926996187,141625.76601595926,-0.613497532660166,-0.7454861187022099,141618.89309733166,-0.6183206334514666,-0.7503028142549883,3.208772799092705,141573.06454771195,-0.6504810191495058,-0.7824204898895015,3.325341208852262,152046.04463525157,6.698978691404612,6.557278893343632,1,1,1,0.002306622180310092,2,1,3.3283700240729748,3.3304828666600397,3.9229020816433904e-05,1.2970004160202248e-11,3.2479957490934e-07,0.00014081177996202023,43.986753367877675,4.679889205538932,3.20657,3.20659,3.33102,0.15948910470005506,0.006714647894851342,3.357323947425671,0.0037551468999005378,0.002402456596967516,22,7,0.9931989040210129,3.206586364753857,-0.08673421134253179,3.331018391744507,-0.0789458132693821
142500.0,0.002,1,600.0,20.0,8192,0.01220703125,26,13.77899245574931,per_channel,3.2093699865007124,3.3336501689819658,3.271510077741339,0.03798862895970561,9.497157239926402,-0.03063422255058978,3.221399993842326,0.22870463464570917,3.2093699865007124,3.209292112230378,1.072008422274282,10.181032548864277,4.981148263615699,0.0315025236106453,10.528011914205115,-0.9675491167683254,0.005994174701588546,0.4441797238604219,0.9752812021010366,0.058702894832885,0.994617077517148,3.2100763294065437,141688.1130584726,-0.5697452221244876,-0.7017919126924177,3.210650195123699,141738.7767874079,-0.5341917281348071,-0.6662856349270996,3.2100913714777355,141689.44093199237,-0.5688133810579842,-0.7008613091418758,3.3307540842857817,152541.43808731323,7.046623219167181,6.904461737592582,141625.76601595926,-0.613497532660166,-0.7454861187022099,141618.89309733166,-0.6183206334514666,-0.7503028142549883,3.2113552458421326,141801.03458121954,-0.49050204826698623,-0.6226539764095484,3.330004789169365,152472.8135685,6.998465662105254,6.856368135370694,1,1,1,0.0005324356307163605,2,1,3.213968148054703,3.2200111906800437,2.1844930411185643e-05,1.9088070848677346e-11,2.83072821500762e-07,0.0005316564203637242,41.71136135425495,4.679889205538932,3.21008,3.21009,3.33075,0.24329517501180226,0.0060452309505322765,3.022615475266138,0.0026631709995439353,-1.311021801491878e-19,11,5,0.9946984669171919,3.2100913714777355,0.022477463803105557,3.3307540842857817,-0.08687428342454284
142500.0,0.002,2,600.0,20.0,8192,0.01220703125,26,13.77899245574931,per_channel,3.2093699865007124,3.3336501689819658,3.271510077741339,0.03798862895970561,9.497157239926402,-0.03063422255058978,3.221399993842326,0.22870463464570917,3.2093699865007124,3.209292112230378,1.072008422274282,10.181032548864277,5.1044807383790385,0.028180883125412746,10.528011914205115,-0.9675491167683254,0.005994174701588546,0.4441797238604219,0.9752812021010366,0.058702894832885,0.994617077517148,3.2102098013800955,141699.89582205645,-0.561476616100735,-0.6935342876528972,3.2071658025619914,141431.29667044265,-0.7499672488121749,-0.8817745985250869,3.2102283737818107,141701.53541271487,-0.5603260261650002,-0.6923852257389229,3.3298212744711146,152456.00864890602,6.9866727360744,6.844590870738432,141625.76601595926,-0.613497532660166,-0.7454861187022099,141618.89309733166,-0.6183206334514666,-0.7503028142549883,3.2057421103940698,141305.7590773651,-0.8380638053578227,-0.9697541599089865,3.3283440258900727,152320.7668768244,6.891766229350459,6.74981040301692,1,1,1,0.002362799805753284,2,1,3.330166838748547,3.32996804046046,4.112279018770529e-05,1.5274976276482835e-11,4.6442999516898e-07,0.00019655918120448426,44.82939716428206,4.679889205538932,3.21021,3.21023,3.32982,0.15023958149521505,0.006635265933739135,3.3176329668695677,0.0037498602963593653,0.0027212191672149524,16,6,0.9907166413735639,3.2102283737818107,0.026746286177936618,3.3298212744711146,-0.11485591819072605
143750.0,0.002,0,600.0,20.0,8192,0.01220703125,26,13.77899245574931,per_channel,3.221743080805816,3.3353638231912286,3.278553451998522,0.03465575414552185,8.663938536380462,-0.02627624824770187,3.2354794097994857,0.24674489340026298,3.221743080805816,3.2216510301059245,1.0743163951508758,9.307811216213013,4.977335966266815,0.028057205110161604,10.374394382143663,-0.9730111338133661,0.005992358819386799,0.5368539116010892,0.9795307206775308,0.06634592272264267,0.8124093803301718,3.221078367503278,142661.00543196677,-0.757561438631813,-0.8882141486318051,3.220175711005392,142581.0596340499,-0.8131759067479035,-0.9437554002783899,3.2211039490981106,142663.27144981234,-0.7559850783914166,-0.8866398636702688,3.3275528222389417,152248.35704086727,5.911900550168534,5.77246749079674,142719.89158240205,-0.7165971600681381,-0.8473037995571864,142711.73619701026,-0.7222704716450332,-0.8529696422171495,3.2203601775606856,142597.395506757,-0.8018118213864408,-0.9324062757398499,3.317354989428529,151316.60673093738,5.263726421521652,5.1251466836490955,1,1,1,0.0023392116312229098,2,1,3.3292362077990507,4.02643646820842,2.66003842897081e-05,1.514119528730057e-11,3.2213937871585726e-07,0.0001377127979427184,43.278836558494135,4.679889205538932,3.22108,3.22110,3.32755,0.18225244992358744,0.0066015645430922976,3.3007822715461486,0.003448247729258313,8.68871917891735e-20,18,10,0.9976629003028897,3.2211039490981106,-0.01983807186590747,3.3275528222389417,-0.23418737404226064
143750.0,0.002,1,600.0,20.0,8192,0.01220703125,26,13.77899245574931,per_channel,3.221743080805816,3.3353638231912286,3.278553451998522,0.03465575414552185,8.663938536380462,-0.02627624824770187,3.2354794097994857,0.24674489340026298,3.221743080805816,3.2216510301059245,1.0743163951508758,9.307811216213013,5.007800431848243,0.03126849789027995,10.374394382143663,-0.9730111338133661,0.005992358819386799,0.5368539116010892,0.9795307206775308,0.06634592272264267,0.8124093803301718,3.220969049979805,142651.32228775736,-0.7642975389514037,-0.894941380872627,3.2185656815013415,142438.51938440016,-0.9123343412868435,-1.0427832926986569,3.2209955543005067,142653.66996132486,-0.7626643747305295,-0.8933103667130737,3.3290805369407237,152388.18679476614,6.0091734224460085,5.869612303299032,142719.89158240205,-0.7165971600681381,-0.8473037995571864,142711.73619701026,-0.7222704716450332,-0.8529696422171495,3.2172172936470447,142319.1978249472,-0.9953406435150005,-1.1256803170967777,3.330825330537511,152547.96401006688,6.12032278961174,5.980615342278495,1,1,1,0.0010376884685182387,2,1,3.2264236734013023,3.2328051683086785,4.52400464061455e-05,1.8805521615012618e-11,2.891357960503591e-07,0.00027863448888781515,41.86816478120326,4.679889205538932,3.22097,3.22100,3.32908,0.2414856782064335,0.006436117589429046,3.218058794714523,0.003298367006829541,5.033110782119431e-19,15,7,0.99147406920229,3.2209955543005067,-0.023202548637812903,3.3290805369407237,-0.1883838340758004
143750.0,0.002,2,600.0,20.0,8192,0.01220703125,26,13.77899245574931,per_channel,3.221743080805816,3.3353638231912286,3.278553451998522,0.03465575414552185,8.663938536380462,-0.02627624824770187,3.2354794097994857,0.24674489340026298,3.221743080805816,3.2216510301059245,1.0743163951508758,9.307811216213013,5.084155087546113,0.031247426922934106,10.374394382143663,-0.9730111338133661,0.005992358819386799,0.5368539116010892,0.9795307206775308,0.06634592272264267,0.8124093803301718,3.222387233379987,142776.96787544197,-0.6768919127360189,-0.8076508241990465,3.2238537914618925,142906.95744494427,-0.5864643861257228,-0.7173423454636563,3.22241498786028,142779.4273673153,-0.6751809618676122,-0.8059421257981314,3.329130653679147,152392.7750024095,6.012365219067479,5.872799897918957,142719.89158240205,-0.7165971600681381,-0.8473037995571864,142711.73619701026,-0.7222704716450332,-0.8529696422171495,3.2240652088317434,142925.70147349001,-0.5734250619199897,-0.704320187533447,3.330695416789716,152536.06444208027,6.112044829273232,5.9723482798780925,1,1,1,0.0017599779045843662,2,1,3.3309423757001833,3.325617722121334,4.120642127881446e-05,1.8780185123174808e-11,4.985791774547498e-07,0.00028328718000155437,44.24034267821142,4.679889205538932,3.22239,3.22241,3.32913,0.23956210439862796,0.0062554155063907395,3.1277077531953696,0.0026675064329173075,1.6516804265708638e-19,12,5,0.9982152398418825,3.22241498786028,0.020855389073926034,3.329130653679147,-0.1868812472193171
145000.0,0.002,0,600.0,20.0,8192,0.01220703125,26,13.77899245574931,per_channel,3.233656332722451,3.3374762631841564,3.2855662979533036,0.03159879334237714,7.899698335594285,-0.02195571272106722,3.249497823071362,0.27339217057099985,3.233656332722451,3.233544621475272,1.0766143645133386,8.50492870342292,4.987270161622419,0.030262769627787803,10.164585837538583,-0.9776060622158209,0.005990588802678926,0.6230913833384852,0.983077911734274,0.0756371336916034,0.6631079985916211,3.2342003926874723,143825.71747582222,-0.8098500166743279,-0.9393096349608943,3.2352824397033473,143921.97138897658,-0.7434680076023555,-0.8730142654348572,3.2342442661817654,143829.61963328236,-0.8071588735983724,-0.9366220042735685,3.3276398460531693,152256.32049431046,5.004358961593424,4.8673108350215655,143777.33257464512,-0.8432189140378513,-0.972634980371756,143767.39876223533,-0.8500698191480478,-0.9794769439130824,3.236014034938798,143987.06897191211,-0.6985731228192312,-0.8281779759321095,3.3240222339767667,151925.45241461354,4.776174079043819,4.639423771638507,1,1,1,0.002219408870676946,2,1,3.3299491467725444,3.3177699098847553,3.7278806798884365e-05,1.7615245105023973e-11,3.0113697106401174e-07,0.00013568341329200933,42.32875387316004,4.679889205538932,3.23420,3.23424,3.32764,0.14040953964452677,0.006407294407967412,3.2036472039837056,0.0032438166546955674,0.002855634643119459,18,8,0.9968565256698867,3.2342442661817654,0.01818169275953352,3.3276398460531693,-0.2947262049319388
145000.0,0.002,1,600.0,20.0,8192,0.01220703125,26,13.77899245574931,per_channel,3.233656332722451,3.3374762631841564,3.2855662979533036,0.03159879334237714,7.899698335594285,-0.02195571272106722,3.249497823071362,0.27339217057099985,3.233656332722451,3.233544621475272,1.0766143645133386,8.50492870342292,5.0386478805789405,0.03321968739767479,10.164585837538583,-0.9776060622158209,0.005990588802678926,0.6230913833384852,0.983077911734274,0.0756371336916034,0.6631079985916211,3.23256386393376,143680.20059814246,-0.9102064840396834,-1.039535120470092,3.2307660733415,143520.42953399877,-1.0203934248284325,-1.1495782490023365,3.2326164363430423,143684.87408708385,-0.9069833882180331,-1.0363162313237417,3.3286852984512754,152352.00497172776,5.070348256363971,4.9332140028035765,143777.33257464512,-0.8432189140378513,-0.972634980371756,143767.39876223533,-0.8500698191480478,-0.9794769439130824,3.2319668252906157,143627.13144696265,-0.9468058986464467,-1.0760867667627183,3.3247678884198995,151993.6207881866,4.823186750473527,4.686375083724537,1,1,1,0.0010553167609820414,2,1,3.240819952307528,3.240382847697694,6.825058435477028e-05,2.1225719932358367e-11,2.305930847759482e-07,0.00021850603847262522,40.35983849623857,4.679889205538932,3.23256,3.23262,3.32869,0.15137274707704226,0.006808781495948559,3.404390747974279,0.00397253035016383,0.0030434393427144837,12,9,0.99897346585229,3.2326164363430423,-0.03215853116131928,3.3286852984512754,-0.26340156572360884
145000.0,0.002,2,600.0,20.0,8192,0.01220703125,26,13.77899245574931,per_channel,3.233656332722451,3.3374762631841564,3.2855662979533036,0.03159879334237714,7.899698335594285,-0.02195571272106722,3.249497823071362,0.27339217057099985,3.233656332722451,3.233544621475272,1.0766143645133386,8.50492870342292,5.088356846524264,0.032423943944567726,10.164585837538583,-0.9776060622158209,0.005990588802678926,0.6230913833384852,0.983077911734274,0.0756371336916034,0.6631079985916211,3.233169395680149,143734.03469098767,-0.8730795234567806,-1.0024566167364468,3.2330964174258585,143727.54611011394,-0.8775544068179744,-1.00692565963173,3.233215965963064,143738.17538517897,-0.8702238722903662,-0.9996046926690427,3.331716320804592,152629.5875818407,5.261784539200478,5.124400429499065,143777.33257464512,-0.8432189140378513,-0.972634980371756,143767.39876223533,-0.8500698191480478,-0.9794769439130824,3.2330515933678776,143723.56082395537,-0.8803028800307797,-1.0096705456305366,,,,,1,1,1,0.0023135468030836205,2,1,3.3318264889859006,3.235256034200141,5.459769875635309e-05,2.022101850602013e-11,4.1876356690412513e-07,0.000181005012021358,43.16165863694295,4.679889205538932,3.23317,3.23322,3.33172,0.24532468912501781,0.0065292695100763925,3.264634755038196,0.003782441307443513,,14,4,0.9938853728015492,3.233215965963064,-0.013618230080003624,3.331716320804592,-0.17258377065036967
146250.0,0.002,0,600.0,20.0,8192,0.01220703125,26,13.77899245574931,per_channel,3.244990990585411,3.34010702780531,3.2925490091953606,0.02888826770816808,7.222066927042019,-0.017672016016535605,3.263456019782496,0.3141998477339231,3.244990990585411,3.244850895777354,1.0789024593331358,7.791905769054138,4.990079833827368,0.032975454103279886,9.884764626936487,-0.9813429160752632,0.005988862944108241,0.697924732532343,0.9859441138796452,0.08701021282740813,0.5399701995911511,3.246062352477321,144882.66094734572,-0.9349326855755753,-1.0631253830966636,3.245045050778644,144791.8639967659,-0.9970160705874213,-1.1251284306413312,3.2461338152340224,144889.0402630796,-0.9305707602874519,-1.058769102249968,3.3278745347675462,152277.79763837182,4.12157103478415,3.9868350938220054,144787.0397734817,-1.0003146847988416,-1.128422776362692,144774.5383676226,-1.0088626546170323,-1.1369596848922026,3.245031362695576,144790.6424920712,-0.9978512874726827,-1.1259625667348616,3.3252700113024263,152039.5339109245,3.9586556655894087,3.824130541227033,1,1,1,0.0020954750215066136,2,1,3.330839539881034,3.3187644467671595,4.694000424318197e-05,2.091476150640561e-11,3.1156350934014444e-07,0.00014868395287104648,41.730936703014734,4.679889205538932,3.24606,3.24613,3.32787,0.14954338956780278,0.006312848919874786,3.156424459937393,0.003044800141167319,0.003006384448290753,19,8,0.9974814493854148,3.2461338152340224,0.03521811468589764,3.3278745347675462,-0.36623057093477795
146250.0,0.002,1,600.0,20.0,8192,0.01220703125,26,13.77899245574931,per_channel,3.244990990585411,3.34010702780531,3.2925490091953606,0.02888826770816808,7.222066927042019,-0.017672016016535605,3.263456019782496,0.3141998477339231,3.244990990585411,3.244850895777354,1.0789024593331358,7.791905769054138,5.0405802265459005,0.03736639888984518,9.884764626936487,-0.9813429160752632,0.005988862944108241,0.697924732532343,0.9859441138796452,0.08701021282740813,0.5399701995911511,3.244542475893649,144747.01832082373,-1.027679780633348,-1.15575246107249,3.245913325976758,144869.35814661058,-0.9440286177021658,-1.0722095448575053,3.2446301214015616,144754.8385897118,-1.0223325882312388,-1.1504121880723361,3.3312411649066798,152586.05585807117,4.332345885860626,4.197337196921236,144787.0397734817,-1.0003146847988416,-1.128422776362692,144774.5383676226,-1.0088626546170323,-1.1369596848922026,3.2471706604251342,144981.61284647978,-0.8672732673642528,-0.9955535178802544,3.329788879160736,152453.0422220095,4.241396391117611,4.106505393120008,1,1,1,0.00207919009381749,2,1,3.254249042251152,3.2529065908231476,6.634714668749553e-05,2.6855536825109724e-11,3.65434277285499e-07,0.00017575799267807425,41.337754431461875,4.679889205538932,3.24454,3.24463,3.33124,0.11574130552426251,0.00679716284972103,3.3985814248605153,0.004198942831473983,9.863357161175283e-20,17,6,0.9979690250039037,3.2446301214015616,-0.011120806957443108,3.3312411649066798,-0.2654364912508811
146250.0,0.002,2,600.0,20.0,8192,0.01220703125,26,13.77899245574931,per_channel,3.244990990585411,3.34010702780531,3.2925490091953606,0.02888826770816808,7.222066927042019,-0.017672016016535605,3.263456019782496,0.3141998477339231,3.244990990585411,3.244850895777354,1.0789024593331358,7.791905769054138,5.084242048222583,0.03637208338115087,9.884764626936487,-0.9813429160752632,0.005988862944108241,0.697924732532343,0.9859441138796452,0.08701021282740813,0.5399701995911511,3.244756232296508,144766.09134662166,-1.01463839547237,-1.1427279517930766,3.244937610909459,144782.27635705334,-1.0035717216729283,-1.1316755985488536,3.2448208357882433,144771.8560250258,-1.010696735025093,-1.1387913919538972,3.331105988814409,152573.6727448343,4.323878799886701,4.188881067570249,144787.0397734817,-1.0003146847988416,-1.128422776362692,144774.5383676226,-1.0088626546170323,-1.1369596848922026,3.2465685630427408,144927.85222488936,-0.9040326667423201,-1.032265349667738,3.3244473997675095,151964.31956503814,3.9072270530175306,3.7727684785779037,1,1,1,0.0015585585440722415,2,1,3.3327970794511454,3.3347722564167555,3.95836574736308e-05,2.544530745717724e-11,3.8485553136995033e-07,0.0002469304299371328,41.79690030028659,4.679889205538932,3.24476,3.24482,3.33111,0.17188275431300834,0.0061863670298558816,3.0931835149279405,0.003007427834043589,0.0029466935171648086,11,7,0.995756027416037,3.2448208357882433,-0.005243613854755136,3.331105988814409,-0.2694835499572501
147500.0,0.002,0,600.0,20.0,8192,0.01220703125,26,13.77899245574931,per_channel,3.255598628041319,3.3434053135523825,3.2995019707968507,0.02661210276224131,6.6530256905603276,-0.013424572360344765,3.2773547693168195,0.37893769677871214,3.255598628041319,3.2554159211183604,1.081180805790712,7.193123677066324,4.960788943030251,0.0347948343476243,9.528300931338933,-0.9842368457932387,0.005987179619803083,0.7584715716187324,0.9881524419208837,0.10096655633739526,0.43836301677664097,3.2563469587689697,145802.1883434039,-1.1510587502346508,-1.2778891573493878,3.255545769814579,145730.45106616698,-1.199694192429168,-1.326462196721423,3.2564891986920568,145814.92614147297,-1.1424229549335798,-1.26926444240405,3.3282522328359208,152312.36522393776,3.262620490805258,3.1301270110472013,145735.18336993712,-1.1964858508900882,-1.3232579717187276,145718.82626772491,-1.2075754117119222,-1.3343333038245309,3.2547377295530056,145658.118212418,-1.248733415309837,-1.3754384986995105,3.329792603923149,152453.38329569297,3.358225963181674,3.225609814623809,2,2,1,0.0036062905531653593,1,1,3.3355433027600982,3.33666124201811,5.206872746133072e-05,2.328632171879437e-11,3.3375789198096036e-07,9.254880799552053e-05,41.5633065046177,4.679889205538932,3.25635;3.35748,3.25649;3.35592,3.32825,0.11942282508733061,0.006778335808670275,3.3891679043351375,0.003961669513824136,-1.2886980549035015e-19,21,6,0.9852405244010292,3.2564891986920568,0.027355050560196048,3.3559225135645656,0.37438476159157297
147500.0,0.002,1,600.0,20.0,8192,0.01220703125,26,13.77899245574931,per_channel,3.255598628041319,3.3434053135523825,3.2995019707968507,0.02661210276224131,6.6530256905603276,-0.013424572360344765,3.2773547693168195,0.37893769677871214,3.255598628041319,3.2554159211183604,1.081180805790712,7.193123677066324,5.050867249042264,0.04499647126173107,9.528300931338933,-0.9842368457932387,0.005987179619803083,0.7584715716187324,0.9881524419208837,0.10096655633739526,0.43836301677664097,3.256156848476776,145785.16455088038,-1.1626003044878797,-1.289415902946034,3.256015890634055,145772.54285084535,-1.1711573892573912,-1.2979620083511612,3.2562665126323105,145794.9845177456,-1.1559426998335007,-1.282766840484395,3.329464756712209,152423.36403509448,3.3378739220979505,3.20528388669441,145735.18336993712,-1.1964858508900882,-1.3232579717187276,145718.82626772491,-1.2075754117119222,-1.3343333038245309,3.256263657174028,145794.72881919518,-1.1561160547829281,-1.2829399730067692,3.329877985045021,152461.20168520295,3.363526566239287,3.230903616620795,2,2,1,0.000986380050996109,2,1,3.2645325824605935,3.2740603725823774,5.590147734533624e-05,3.8942897367542514e-11,3.368458191649244e-07,0.0003414969907641138,39.370029013081016,4.679889205538932,3.25616;3.34836,3.25627;3.34756,3.32946,0.12354526785529574,0.00607790833080459,3.038954165402295,0.0026526681887474343,5.3873986143897515e-19,11,7,0.9959651073308651,3.2562665126323105,0.020514954922234985,3.3475582176928325,0.12421180655592945
147500.0,0.002,2,600.0,20.0,8192,0.01220703125,26,13.77899245574931,per_channel,3.255598628041319,3.3434053135523825,3.2995019707968507,0.02661210276224131,6.6530256905603276,-0.013424572360344765,3.2773547693168195,0.37893769677871214,3.255598628041319,3.2554159211183604,1.081180805790712,7.193123677066324,5.044660349858697,0.038364824339014655,9.528300931338933,-0.9842368457932387,0.005987179619803083,0.7584715716187324,0.9881524419208837,0.10096655633739526,0.43836301677664097,3.254092895562791,145600.40787809316,-1.2878590656995528,-1.414513948023799,3.253460578583611,145543.82887546704,-1.3262177115477725,-1.4528233769293797,3.2542054476062034,145610.480059411,-1.2810304681959332,-1.4076941121092257,3.3321798313033546,152672.05838699173,3.5064802623672757,3.373673892721696,145735.18336993712,-1.1964858508900882,-1.3232579717187276,145718.82626772491,-1.2075754117119222,-1.3343333038245309,3.2525401213281366,145461.48706167718,-1.382042670049369,-1.5085767079342838,3.3299143180668005,152464.52877791142,3.365782222312824,3.2331563785229056,2,2,1,0.002291794886504587,2,1,3.337684449344047,3.262460036105297,6.0121497498342885e-05,2.8309863469727706e-11,3.832912259429045e-07,0.00016724499570181642,41.31591102883546,4.679889205538932,3.25409;3.35523,3.25421;3.35376,3.33218,0.1441693633737754,0.00654317991016156,3.2715899550807803,0.0032357126257994296,8.752068157890545e-19,15,6,0.993664617260789,3.2542054476062034,-0.042793372104155125,3.3537640473314236,0.30982584543526315
148750.0,0.002,0,600.0,20.0,8192,0.01220703125,26,13.77899245574931,per_channel,3.26530853350034,3.347542585853579,3.3064255596769594,0.024870982536583437,6.217745634145859,-0.00921280977873607,3.291194824812532,0.4843858081156664,3.26530853350034,3.265060079334423,1.083449527394946,6.7366135687773205,4.967401604407485,0.03910696269303877,9.112086883283364,-0.9863086576616086,0.0059855372843356245,0.8040133889091459,0.9897274958959613,0.11801279962679263,0.35502262388683653,3.2659048022058332,146659.34493472794,-1.405482396821554,-1.5309246538475985,3.26611290181637,146678.03545190606,-1.3929173432564277,-1.5183755868577786,3.266136619610923,146680.16574699766,-1.391485212102411,-1.5169452778107884,3.3280903824667063,152297.5519156766,2.384908850875022,2.2546440616769914,146605.79751056444,-1.4414806651667607,-1.5668771214308763,146583.4881728705,-1.4564785392467174,-1.5818559136468346,3.26781405786608,146830.86985582366,-1.2901715254966961,-1.4157604930732814,3.329129814218586,152392.69814888728,2.448872705134309,2.318526534431098,2,2,1,0.00172772904173631,1,1,3.2784802155967676,3.2925037996955115,5.4365035574602494e-05,2.9415722573175534e-11,2.2508880186184113e-07,0.00013028015182035396,38.83774368501472,4.679889205538932,3.26590;3.35801,3.26614;3.35679,3.32809,0.1334669657428817,0.006388234629670993,3.194117314835496,0.003102283506121408,-3.0873663034604933e-19,14,9,0.9932104938873828,3.266136619610923,0.025360118411077437,3.3567923866821068,0.27631615106606944
148750.0,0.002,1,600.0,20.0,8192,0.01220703125,26,13.77899245574931,per_channel,3.26530853350034,3.347542585853579,3.3064255596769594,0.024870982536583437,6.217745634145859,-0.00921280977873607,3.291194824812532,0.4843858081156664,3.26530853350034,3.265060079334423,1.083449527394946,6.7366135687773205,4.993168900239211,0.04762906451624976,9.112086883283364,-0.9863086576616086,0.0059855372843356245,0.8040133889091459,0.9897274958959613,0.11801279962679263,0.35502262388683653,3.264876394093218,146566.9956947231,-1.4675659195138846,-1.5929291873892137,3.266001826250663,146668.05902474918,-1.3996241850425692,-1.5250738954983523,3.265062145269167,146583.6736714583,-1.4563538343137514,-1.5817313673765265,3.3279477555075494,152284.49862158136,2.376133527113516,2.245879902800163,146605.79751056444,-1.4414806651667607,-1.5668771214308763,146583.4881728705,-1.4564785392467174,-1.5818559136468346,3.265521226347165,146624.89709620352,-1.4286406075942697,-1.5540534003225193,3.329430932758866,152420.26712015911,2.4674064673338587,2.337036716039975,2,2,1,0.0010406756960506963,2,1,3.2747563116396674,3.2793826881232726,7.205270514642786e-05,4.3633037773138225e-11,2.1323293591992497e-07,0.00020489854498296784,36.89038836551449,4.679889205538932,3.26488;3.35102,3.26506;3.35017,3.32795,0.12853232244439058,0.00646220011673712,3.2311000583685603,0.0035735438432163433,1.1195750401874812e-18,11,8,0.9758712593568966,3.265062145269167,-0.007545634008099267,3.3501688341374734,0.07845302088143047
148750.0,0.002,2,600.0,20.0,8192,0.01220703125,26,13.77899245574931,per_channel,3.26530853350034,3.347542585853579,3.3064255596769594,0.024870982536583437,6.217745634145859,-0.00921280977873607,3.291194824812532,0.4843858081156664,3.26530853350034,3.265060079334423,1.083449527394946,6.7366135687773205,5.02863495386826,0.04037532994371458,9.112086883283364,-0.9863086576616086,0.0059855372843356245,0.8040133889091459,0.9897274958959613,0.11801279962679263,0.35502262388683653,3.2614728221107305,146261.5683287953,-1.6728952411460072,-1.7979972675835176,3.2645122496206187,146534.30313394225,-1.4895441116354655,-1.6148794165561364,3.261625245478479,146275.23957671004,-1.663704486245352,-1.7888182061225,3.331066429567254,152570.0489251116,2.56810011772208,2.4376022534348785,146605.79751056444,-1.4414806651667607,-1.5668771214308763,146583.4881728705,-1.4564785392467174,-1.5818559136468346,3.267105315161087,146767.1856798651,-1.3329844168974125,-1.4585189134359022,3.3264335095387296,152145.94853400456,2.2829906110955056,2.1528554929414634,2,2,1,0.0031145836310570423,2,1,3.339275567786866,3.26712435542112,7.429098834408325e-05,3.135476250332805e-11,3.419563778109228e-07,0.00010979200378538815,40.376671925888175,4.679889205538932,3.26147;3.35950,3.26163;3.35843,3.33107,0.15039914771852383,0.007000597877838099,3.5002989389190495,0.004094072077701061,0.0036358496271002984,22,8,0.9857851087333935,3.261625245478479,-0.1128006123792713,3.3584281770798774,0.325181560715615
150000.0,0.002,0,600.0,20.0,8192,0.01220703125,26,13.77899245574931,per_channel,3.273951876956742,3.3526884132678387,3.3133201451122902,0.023763636733759738,5.940909183439935,-0.005036169828784746,3.3049769236383306,0.6565576227083986,3.273951876956742,3.27360238277689,1.0857087451503953,6.45009705460503,4.97935510215644,0.043023299667658554,8.69865296698226,-0.9875842456894679,0.005983934466027919,0.8355126023054055,0.9906950793429052,0.13853011677473256,0.28749890574722275,3.2720967880095277,147215.9891139062,-1.8560072573958701,-1.9798370470503701,3.274612242043728,147442.42336646144,-1.705051089025704,-1.829071342406552,3.2723924778134283,147242.59727168625,-1.838268485542503,-1.962120656479105,3.3302662923181945,152496.76169407315,1.6645077960487689,1.5362361182423623,147382.96227364292,-1.7446918175713897,-1.8686620556335298,147351.49770718484,-1.765668195210106,-1.8896119670529954,3.274264349544775,147411.09667212318,-1.725935551917879,-1.8499294550497258,3.3317524735832906,152632.89999689016,1.7552666645934418,1.6268804749225207,2,2,1,0.00230005680380205,1,1,3.288646769172497,3.338056044111348,6.787843132735616e-05,3.560235922061544e-11,2.80464231652458e-07,0.00012193795874469004,38.96398704576536,4.679889205538932,3.27210;3.36152,3.27239;3.36060,3.33027,0.09441347737722723,0.0062144203675245846,3.1072101837622923,0.003109782128132302,0.0037811388764669653,14,9,0.9951448595472766,3.2723924778134283,-0.0476304845617781,3.3605989770920055,0.23594688348793635
150000.0,0.002,1,600.0,20.0,8192,0.01220703125,26,13.77899245574931,per_channel,3.273951876956742,3.3526884132678387,3.3133201451122902,0.023763636733759738,5.940909183439935,-0.005036169828784746,3.3049769236383306,0.6565576227083986,3.273951876956742,3.27360238277689,1.0857087451503953,6.45009705460503,4.95123578915914,0.05206776729622114,8.69865296698226,-0.9875842456894679,0.005983934466027919,0.8355126023054055,0.9906950793429052,0.13853011677473256,0.28749890574722275,3.2709856355513356,147116.02163476864,-1.9226522434875757,-2.0463979461350257,3.2750487186153903,147481.73150293427,-1.6788456647104855,-1.802898981879475,3.2711775332840287,147133.283746105,-1.9111441692633282,-2.034904391825576,3.328308017030105,152317.47102311946,1.5449806820796415,1.4168598134768118,147382.96227364292,-1.7446918175713897,-1.8686620556335298,147351.49770718484,-1.765668195210106,-1.8896119670529954,3.276921226490816,147650.4249636085,-1.566383357594333,-1.6905785701910703,3.3299566107335345,152468.40165380956,1.6456011025397068,1.5173532796001643,2,2,1,0.0009990616974076265,2,1,3.2801470312501246,3.2829754448126365,5.4207049216717105e-05,5.214459002206469e-11,2.2245039826826978e-07,0.00022265932008552213,36.30023930390939,4.679889205538932,3.27099;3.35928,3.27118;3.35874,3.32831,0.13469729019948432,0.0060513824844208525,3.025691242210426,0.003119639913977999,1.5765550753572447e-19,9,8,0.9813650156811211,3.2711775332840287,-0.08473990385259311,3.3587397047234444,0.18049071997441324
150000.0,0.002,2,600.0,20.0,8192,0.01220703125,26,13.77899245574931,per_channel,3.273951876956742,3.3526884132678387,3.3133201451122902,0.023763636733759738,5.940909183439935,-0.005036169828784746,3.3049769236383306,0.6565576227083986,3.273951876956742,3.27360238277689,1.0857087451503953,6.45009705460503,5.0475982519722375,0.04431011838967775,8.69865296698226,-0.9875842456894679,0.005983934466027919,0.8355126023054055,0.9906950793429052,0.13853011677473256,0.28749890574722275,3.270399314540369,147063.2855525091,-1.9578096316606,-2.0815109756890493,3.274314012961269,147415.56851277477,-1.7229543248168193,-1.846951989408907,3.270603753135585,147081.6725128379,-1.9455516581080738,-2.0692684682108498,3.330309549776543,152500.72333832658,1.667148892217723,1.538873882099523,147382.96227364292,-1.7446918175713897,-1.8686620556335298,147351.49770718484,-1.765668195210106,-1.8896119670529954,3.2758945035138085,147557.91597458976,-1.628056016940158,-1.7521734161912383,3.3298372286134077,152457.46957457252,1.6383130497150122,1.5100744222241502,2,2,1,0.003610213117446998,1,1,3.3465053417322923,3.290947068671164,5.5626651151088445e-05,3.776392858035835e-11,4.102236162452245e-07,0.00011362864265900143,40.35943491119592,4.679889205538932,3.27040;3.35979,3.27060;3.35919,3.33031,0.1904648463038767,0.006272355474317654,3.136177737158827,0.0032529957061423267,3.325721361522116e-19,18,8,0.9900702021251342,3.270603753135585,-0.10226551723996335,3.3591936467394334,0.19403036219682868
151250.0,0.002,0,600.0,20.0,8192,0.01220703125,26,13.77899245574931,per_channel,3.2814039099948706,3.3589682669326875,3.320186088463779,0.023361448687264745,5.840362171816186,-0.0008941068797919477,3.3187017878518366,0.9263280656782047,3.2814039099948706,3.2809081718807263,1.087958577467811,6.354072120345954,4.980103142113066,0.04859722065924204,8.398688898002893,-0.9880939586152434,0.005982369762614781,0.8549182932224648,0.9910819300506686,0.16259505554465387,0.23370097021328062,3.2800905079827203,147936.16393267718,-2.190965994924176,-2.3133545442241887,3.280221234119367,147947.95599055427,-2.18316959302197,-2.3055678979680416,3.2803954758679965,147963.67407380926,-2.1727774718616444,-2.2951887804800952,3.327745556254357,152265.99419859602,0.6717317015510861,0.5457610555488657,148054.65978228234,-2.112621631548867,-2.2351082132349043,148009.9284443138,-2.142196069875182,-2.2646456450347907,3.281322452812954,148047.3092908483,-2.1174814605961694,-2.2399619611728983,3.319950506087588,151553.4812394794,0.20064875337481883,0.07526757397162687,2,2,1,0.0026307856620064354,1,1,3.291948539936223,3.295424094356839,7.797434692825316e-05,4.54249241693922e-11,3.121182847947468e-07,0.00011864071227935075,38.37025000655173,4.679889205538932,3.28009;3.36872,3.28040;3.36824,3.32775,0.14702614211124462,0.00602580416529293,3.0129020826464648,0.0028724532097405093,0.0021800584520871393,12,8,0.9891642817017858,3.2803954758679965,-0.03073178903097995,3.3682360591063687,0.2759118704668273
151250.0,0.002,1,600.0,20.0,8192,0.01220703125,26,13.77899245574931,per_channel,3.2814039099948706,3.3589682669326875,3.320186088463779,0.023361448687264745,5.840362171816186,-0.0008941068797919477,3.3187017878518366,0.9263280656782047,3.2814039099948706,3.2809081718807263,1.087958577467811,6.354072120345954,4.946840210387974,0.052479481248155976,8.398688898002893,-0.9880939586152434,0.005982369762614781,0.8549182932224648,0.9910819300506686,0.16259505554465387,0.23370097021328062,3.2782960726663313,147774.345675818,-2.297953272186439,-2.4202079481914995,3.27862844386612,147804.31150275967,-2.2781411552002213,-2.4004206221285296,3.2785329261529585,147795.69953319986,-2.283835019371992,-2.406107361561971,3.327620852645094,152254.58241067888,0.6641867178042173,0.538225512848256,148054.65978228234,-2.112621631548867,-2.2351082132349043,148009.9284443138,-2.142196069875182,-2.2646456450347907,3.2808390663145244,148003.69346201397,-2.1463183722221717,-2.268762789140444,3.3356043829199136,152986.02824112488,1.147787266859423,1.0212209320170418,2,2,1,0.0010356185988755393,2,1,3.288127565388362,3.2880606885928683,4.8732845953512854e-05,5.29724931793476e-11,2.2151951099336142e-07,0.00021390066886968262,36.21361570305146,4.679889205538932,3.27830;3.36143,3.27853;3.36096,3.32762,0.1043619734282957,0.006016509897492531,3.0082549487462655,0.0026691454662032326,0.004052533618215586,10,9,0.9891852001841039,3.2785329261529585,-0.08749254650326499,3.3609604781707323,0.05931021312874929
151250.0,0.002,2,600.0,20.0,8192,0.01220703125,26,13.77899245574931,per_channel,3.2814039099948706,3.3589682669326875,3.320186088463779,0.023361448687264745,5.840362171816186,-0.0008941068797919477,3.3187017878518366,0.9263280656782047,3.2814039099948706,3.2809081718807263,1.087958577467811,6.354072120345954,5.0668267035657655,0.049222527554024814,8.398688898002893,-0.9880939586152434,0.005982369762614781,0.8549182932224648,0.9910819300506686,0.16259505554465387,0.23370097021328062,3.277151265958103,147671.15577459848,-2.366178000265471,-2.488347306595018,3.280277314986915,147953.01486924427,-2.1798248798384963,-2.302227370027776,3.2774719755021247,147700.06006527474,-2.3470677254381895,-2.469260944475138,3.331048359787406,152568.39365958257,0.8716652294760763,0.7454444064356247,148054.65978228234,-2.112621631548867,-2.2351082132349043,148009.9284443138,-2.142196069875182,-2.2646456450347907,3.2833776316241563,148232.8192379355,-1.9948302559104116,-2.11746423007132,3.330368550848477,152506.12691160804,0.830497131641677,0.7043278222862881,2,2,1,0.0030329459539190557,2,1,3.350397905856999,3.3430436151777982,5.2442222315290265e-05,4.660142192978023e-11,4.6389451134938993e-07,0.0001529517895793571,39.98020065777736,4.679889205538932,3.27715;3.36474,3.27747;3.36425,3.33105,0.2084342339608606,0.005979747291401299,2.989873645700649,0.0024485284683587855,-9.402870643082731e-19,19,6,0.9933405536988619,3.2774719755021247,-0.11982476405204556,3.3642522822314533,0.15731066443183117
152500.0,0.002,0,600.0,20.0,8192,0.01220703125,26,13.77899245574931,per_channel,3.287627972656937,3.3664195144610156,3.3270237435589762,0.023682290202051298,5.920572550512825,0.0032139121894773815,3.3323701246410287,1.3107411517863836,3.3664195144610156,3.3668267045999376,1.0901991402894053,6.454603104590133,4.957342221530578,0.05028166260261138,8.314759248167656,-0.9878719250491445,0.005980841837176538,0.8645450706301605,0.9909154655347637,0.18984745115163276,0.19158123729633433,3.373312320023467,156464.49511580396,2.599668928396041,2.4723368667759704,3.3678523548248873,155958.40540361864,2.2678068220450114,2.1408866202936805,3.372939019087968,156429.86736418388,2.5769622060222184,2.449658324744286,3.32954401331854,152430.62087859827,-0.045494505837197094,-0.1695437682346035,155825.72977597918,2.1808064104781533,2.053994181217167,155863.42830860004,2.2055267597377286,2.0786838511084094,3.3655092017445147,155741.46757162127,2.125552505981158,1.9988088499782064,3.3225404640372154,151790.03310851374,-0.4655520599909875,-0.5890800069209279,2,2,1,0.0026936878154465733,2,1,3.3601325113269462,3.3510220795761385,7.134617718011184e-05,4.862847003835806e-11,2.808351082323584e-07,0.000104256739263529,37.61560793709654,4.679889205538932,3.28333;3.37331,3.28369;3.37294,3.32954,0.16577493920889239,0.0058884342849243616,2.944217142462181,0.0025383493294031593,0.003036484722664759,18,10,0.9957283967170009,3.2836932168570208,-0.11968373041723046,3.372939019087968,0.19366286937638755
152500.0,0.002,1,600.0,20.0,8192,0.01220703125,26,13.77899245574931,per_channel,3.287627972656937,3.3664195144610156,3.3270237435589762,0.023682290202051298,5.920572550512825,0.0032139121894773815,3.3323701246410287,1.3107411517863836,3.3664195144610156,3.3668267045999376,1.0901991402894053,6.454603104590133,4.9835865415722695,0.04760174154474866,8.314759248167656,-0.9878719250491445,0.005980841837176538,0.8645450706301605,0.9909154655347637,0.18984745115163276,0.19158123729633433,3.2811155469469155,148028.6394457304,-2.932039707717772,-3.052506602302929,3.283036096907273,148201.98268694693,-2.8183720085593933,-2.9389799712651876,3.281372156924392,148051.79444328122,-2.916856102766412,-3.0373418410743813,3.327810426753628,152271.93075063973,-0.14955360613788143,-0.2734737252357844,155825.72977597918,2.1808064104781533,2.053994181217167,155863.42830860004,2.2055267597377286,2.0786838511084094,3.283760933797761,148267.43071712472,-2.7754552674592,-2.8961164922971405,3.3216368643418814,151707.4825551308,-0.5196835704060409,-0.643144337033219,2,2,1,0.0021385874295458684,1,1,3.2919399439481145,3.2982313146677704,6.496419058812648e-05,4.3582990924456723e-11,2.377987200459329e-07,0.00011119429430875768,37.36892481887089,4.679889205538932,3.28112;3.37342,3.28137;3.37304,3.32781,0.1335525992654015,0.006125314635931994,3.0626573179659973,0.003153309580712701,0.0028727748536599104,18,10,0.9851443692823014,3.281372156924392,-0.1902835656763524,3.373042010667072,0.19672224978521946
152500.0,0.002,2,600.0,20.0,8192,0.01220703125,26,13.77899245574931,per_channel,3.287627972656937,3.3664195144610156,3.3270237435589762,0.023682290202051298,5.920572550512825,0.0032139121894773815,3.3323701246410287,1.3107411517863836,3.3664195144610156,3.3668267045999376,1.0901991402894053,6.454603104590133,5.0570077735191115,0.04932419833305555,8.314759248167656,-0.9878719250491445,0.005980841837176538,0.8645450706301605,0.9909154655347637,0.18984745115163276,0.19158123729633433,3.2811591995440406,148032.57827534675,-2.9294568686250817,-3.0499269686614205,3.284100231341666,148298.07203060278,-2.755362602883423,-2.876048763868122,3.281483397158932,148061.83268015872,-2.9102736523549346,-3.0307675598606143,3.330100855069515,152481.61094285233,-0.012058398129616971,-0.1361491566504447,155825.72977597918,2.1808064104781533,2.053994181217167,155863.42830860004,2.2055267597377286,2.0786838511084094,3.2844231154015278,148327.2340135283,-2.7362399911289828,-2.8569498843693863,3.3277875646442037,152269.83853675824,-0.15092554966672933,-0.27484396610418793,2,2,1,0.002845002531329013,2,1,3.354454668515445,3.3537075768036617,5.9953295928530094e-05,4.679413434659524e-11,3.52730231817527e-07,0.00012398239647707897,38.77251266200335,4.679889205538932,3.28116;3.37241,3.28148;3.37205,3.33010,0.22281686655537286,0.005854330873383315,2.9271654366916575,0.0024157735236778064,0.002717369114422831,12,8,0.9920613964120352,3.281483397158932,-0.18689996401992648,3.3720527270207956,0.1673354296926277
153750.0,0.002,0,600.0,20.0,8192,0.01220703125,26,13.77899245574931,per_channel,3.292692004626946,3.3749749098476967,3.333833457237321,0.024681168473525576,6.170292118381394,0.007288408175132924,3.3459826267494512,1.790225021930778,3.3749749098476967,3.3752650412999743,1.0924305472675255,6.7406155956838845,4.920692741789114,0.04781090828814728,8.458111526040428,-0.9869553598395412,0.005979349414510901,0.8666504001482417,0.9902235455300971,0.21952285318665776,0.1590419223999893,3.381319299402972,157208.15281208133,2.249205081028508,2.123338378989814,3.3761969238193066,156732.20294059554,1.9396441890052292,1.8141585501594504,3.3810204994944217,157180.36974752074,2.2311347951354437,2.105290337252952,3.323696656591783,151895.69264429173,-1.2060535646883044,-1.3276669132649133,156618.7650788952,1.8658634659480986,1.7404686496791166,156645.6938615486,1.883378121332432,1.7579617448771678,3.3740601203797524,156533.87331913417,1.8106493132579995,1.6853224644935105,3.330194888068912,152490.2223971543,-0.8193675465663002,-0.9414568978051041,2,2,1,0.0025205403810193883,2,1,3.365667398480436,3.365496629249268,8.517701522472188e-05,4.3966848343560434e-11,2.1532160816570088e-07,8.54267639539335e-05,36.89962279364001,4.679889205538932,3.29048;3.38132,3.29098;3.38102,3.32370,0.10730243380968567,0.006438005282743452,3.219002641371726,0.0033160604181632237,0.002880316577068355,23,9,0.9868755189432536,3.290978109332968,-0.05205149135023568,3.3810204994944217,0.1791299137983149
153750.0,0.002,1,600.0,20.0,8192,0.01220703125,26,13.77899245574931,per_channel,3.292692004626946,3.3749749098476967,3.333833457237321,0.024681168473525576,6.170292118381394,0.007288408175132924,3.3459826267494512,1.790225021930778,3.3749749098476967,3.3752650412999743,1.0924305472675255,6.7406155956838845,4.981914467578294,0.04553389711522429,8.458111526040428,-0.9869553598395412,0.005979349414510901,0.8666504001482417,0.9902235455300971,0.21952285318665776,0.1590419223999893,3.382187270722406,157288.8725957543,2.3017057533361345,2.175774424032384,3.379253110742369,157016.0843138522,2.124282480554269,1.9985695557084293,3.2838211102358996,148272.86490542538,-3.562364289154227,-3.681077066918259,3.3252836818372535,152040.78401453042,-1.1116851938013517,-1.233414707932623,156618.7650788952,1.8658634659480986,1.7404686496791166,156645.6938615486,1.883378121332432,1.7579617448771678,3.288210233118788,148669.48988632282,-3.3043968219038597,-3.4234271523990834,3.3230219074066265,151834.02571018515,-1.2461621397169784,-1.3677261154494746,2,2,1,0.003219566533484085,1,1,3.2988773300245744,3.3739403538388832,7.762302833612636e-05,3.987869984198958e-11,1.9235578906051307e-07,5.9745865494617806e-05,36.83364270540885,4.679889205538932,3.28349;3.38219,3.28382;3.38189,3.32528,0.16449046349198193,0.006526584557926369,3.2632922789631844,0.0036736729930287575,1.1442420249151795e-19,21,8,0.9690333559043242,3.2838211102358996,-0.26941160541529285,3.3818917295671342,0.20494433008242385
153750.0,0.002,2,600.0,20.0,8192,0.01220703125,26,13.77899245574931,per_channel,3.292692004626946,3.3749749098476967,3.333833457237321,0.024681168473525576,6.170292118381394,0.007288408175132924,3.3459826267494512,1.790225021930778,3.3749749098476967,3.3752650412999743,1.0924305472675255,6.7406155956838845,5.022243747111715,0.04587077134597585,8.458111526040428,-0.9869553598395412,0.005979349414510901,0.8666504001482417,0.9902235455300971,0.21952285318665776,0.1590419223999893,3.378117948381689,156910.61200620455,2.0556826056614974,1.9300541258732817,3.375171008979883,156636.96592305138,1.8777014133667504,1.7522920248240759,3.3778172124916006,156882.67541381225,2.0375124642681293,1.9119063515562251,3.328253889217984,152312.51682755124,-0.9349484048447216,-1.0568954783862106,156618.7650788952,1.8658634659480986,1.7404686496791166,156645.6938615486,1.883378121332432,1.7579617448771678,3.371178831194894,156266.64228857783,1.6368405128961496,1.5117276192472273,3.3256885176115722,152077.80659738503,-1.0876054651154266,-1.20936462090534,2,2,1,0.00455772003934564,1,1,3.3637173403945817,3.359504270960213,8.049295928503201e-05,4.0470953177606144e-11,3.122112838125642e-07,6.850163702845359e-05,38.873051620266324,4.679889205538932,3.28334;3.37812,3.28374;3.37782,3.32825,0.2198601927084021,0.006722310313524601,3.3611551567623,0.0034594788017959783,0.0023052603353257983,28,9,0.996569098236768,3.283736852247496,-0.27197054467488213,3.3778172124916006,0.08421700071341576
155000.0,0.002,0,600.0,20.0,8192,0.01220703125,26,13.77899245574931,per_channel,3.296744073870752,3.3844870645475607,3.3406155692091564,0.026265515698826875,6.566378924706719,0.011329890126346881,3.359539972885908,2.311704130856136,3.3844870645475607,3.384700488813791,1.0946529097184563,7.187905796244158,4.925812029185515,0.04783402726159339,8.744290790871664,-0.9853838725017057,0.0059778912775166615,0.8632109935744614,0.9890342528368674,0.250653772294822,0.13404801090435517,3.3872112628194024,157756.5019108459,1.7783883295779965,1.654110339822279,3.3860258893237885,157646.1056936006,1.7071649636132944,1.5829739421903577,3.3870387219225506,157740.43042728776,1.7680196305082345,1.6437543016041722,3.3216028520934064,151704.37572173195,-2.1262092117858384,-2.245719435602145,157502.84948873427,1.6147416056350115,1.4906634391051776,157522.71423592433,1.6275575715640838,1.5034637559115938,3.385113242937189,157561.13542824506,1.65234543757746,1.5282213543386547,3.3228145852359283,151815.08055802845,-2.0547867367558386,-2.174384172029953,2,2,1,0.00231422385266252,2,1,3.303320222925109,3.3088503980771273,5.485683219135549e-05,4.4009378979037016e-11,2.628124424569968e-07,0.00011356396752830565,37.76100682157682,4.679889205538932,3.29256;3.38721,3.29299;3.38704,3.32160,0.1318420349963296,0.006355882818888529,3.1779414094442644,0.0033700449457008887,2.057431481712625e-19,20,8,0.9888891041431191,3.292985989005389,-0.11399383091786897,3.3870387219225506,0.07539273533405666
155000.0,0.002,1,600.0,20.0,8192,0.01220703125,26,13.77899245574931,per_channel,3.296744073870752,3.3844870645475607,3.3406155692091564,0.026265515698826875,6.566378924706719,0.011329890126346881,3.359539972885908,2.311704130856136,3.3844870645475607,3.384700488813791,1.0946529097184563,7.187905796244158,4.97867062289505,0.045515143903323556,8.744290790871664,-0.9853838725017057,0.0059778912775166615,0.8632109935744614,0.9890342528368674,0.250653772294822,0.13404801090435517,3.3906648360083884,158078.36041447712,1.986038977082015,1.8615074324659364,3.3880719472286347,157836.68339446743,1.8301183190112444,1.7057771635953012,3.390467915137564,158059.99939918733,1.9741931607660221,1.849676080657181,3.3199846848285937,151556.60172807574,-2.221547272209202,-2.3409410820923404,157502.84948873427,1.6147416056350115,1.4906634391051776,157522.71423592433,1.6275575715640838,1.5034637559115938,3.386905305392696,157728.00378083638,1.7600024392492806,1.635746899853907,3.3138251147467632,150994.75725298797,-2.584027578717439,-2.7029787767203994,2,2,1,0.0018935106274082178,2,1,3.300776694311314,3.300162169178557,5.659808904707009e-05,3.984585838744999e-11,1.6719131472777e-07,8.829700362263961e-05,36.2283052577434,4.679889205538932,3.28840;3.39066,3.28886;3.39047,3.31998,0.14696470937637962,0.00648046140396859,3.240230701984295,0.0033026875496751595,0.003766868348982716,21,12,0.9960748135616269,3.288863362400979,-0.2390452911475216,3.390467915137564,0.17671364895002206
155000.0,0.002,2,600.0,20.0,8192,0.01220703125,26,13.77899245574931,per_channel,3.296744073870752,3.3844870645475607,3.3406155692091564,0.026265515698826875,6.566378924706719,0.011329890126346881,3.359539972885908,2.311704130856136,3.3844870645475607,3.384700488813791,1.0946529097184563,7.187905796244158,5.046762705406676,0.04303394267895,8.744290790871664,-0.9853838725017057,0.0059778912775166615,0.8632109935744614,0.9890342528368674,0.250653772294822,0.13404801090435517,3.389746887561507,157992.77947382772,1.9308254669856229,1.806361341633611,3.387376316077566,157771.8767174443,1.7883075596414875,1.6640174578648192,3.389537916722727,157973.30022238937,1.9182582079931425,1.7938094280765426,3.325165218343213,152029.95127759266,-1.9161604660692542,-2.0359271729788353,157502.84948873427,1.6147416056350115,1.4906634391051776,157522.71423592433,1.6275575715640838,1.5034637559115938,3.3859123184660307,157635.53063967515,1.7003423481775193,1.5761596576089332,3.3219560269801183,151736.63787135607,-2.1053949217057615,-2.2249305611154235,2,2,1,0.004457856753380787,1,1,3.3052722045905836,3.3078090468273884,8.866624345845765e-05,3.561997586935533e-11,3.0993916676892214e-07,6.952649757843113e-05,39.39582840243758,4.679889205538932,3.28947;3.38975,3.29012;3.38954,3.32517,0.2588549475196161,0.007216358362730914,3.6081791813654567,0.004339430078585486,7.397243064129622e-20,35,7,0.9925930294397048,3.290116611418857,-0.20103054114581909,3.389537916722727,0.14923538128048808
156250.0,0.002,0,600.0,20.0,8192,0.01220703125,26,13.77899245574931,per_channel,3.2999658767475637,3.3947749478580227,3.3473704123027934,0.028323447791138223,7.080861947784555,0.015338855671421863,3.3730428281193436,2.8183303452282074,3.3947749478580227,3.394938666603258,1.0968663367033793,7.766759105368801,4.957091129195447,0.04604016369188665,9.072321673049366,-0.9831987960941088,0.005976466263977994,0.8558438475521414,0.9873756933906354,0.2823077976245133,0.11480226080363803,3.396601269372885,158632.37751770052,1.52472161132833,1.4017439096898787,3.3954060168745586,158520.7527671344,1.4532817709660157,1.3303906049735748,3.396498267630476,158622.75662773132,1.5185642417480425,1.395593998580269,3.3205331477087006,151606.68029419347,-2.9717246117161773,-3.0892557323320746,158461.83301581105,1.4155731301190704,1.2927276409028021,158477.11756247125,1.4253552399815992,1.3024979016179605,3.394859771198472,158469.75190889894,1.4206412216953188,1.297789593459453,3.319587874895677,151520.37531337296,-3.026959799441304,-3.1444240132356027,2,2,1,0.0015158220427972306,2,1,3.3888341968350324,3.3125193720016477,8.383399584766526e-05,4.077040869119911e-11,2.8647417415189884e-07,0.00018898931804900537,38.46740411181664,4.679889205538932,3.29523;3.39660,3.29557;3.39650,3.32053,0.09973780620552283,0.00588439657062158,2.9421982853107895,0.002865303354881108,0.004623947744479345,16,9,0.9893057520910713,3.295567452679027,-0.133286956072165,3.396498267630476,0.05076388859122094
156250.0,0.002,1,600.0,20.0,8192,0.01220703125,26,13.77899245574931,per_channel,3.2999658767475637,3.3947749478580227,3.3473704123027934,0.028323447791138223,7.080861947784555,0.015338855671421863,3.3730428281193436,2.8183303452282074,3.3947749478580227,3.394938666603258,1.0968663367033793,7.766759105368801,4.997376397729987,0.04599171990931518,9.072321673049366,-0.9831987960941088,0.005976466263977994,0.8558438475521414,0.9873756933906354,0.2823077976245133,0.11480226080363803,3.39653288749519,158625.99026775066,1.5206337713604234,1.3976610213549678,3.3964654152356095,158619.6881072595,1.5166003886460886,1.3936325243091519,3.3964114114467856,158614.64404233175,1.513372187092323,1.39040823310157,3.3201838296068265,151574.78410776146,-2.9921381710326673,-3.1096445645420245,158461.83301581105,1.4155731301190704,1.2927276409028021,158477.11756247125,1.4253552399815992,1.3024979016179605,3.3950004523613955,158482.88598359362,1.4290470294999145,1.3061852192423062,3.323154914498744,151846.18055416088,-2.8184444453370383,-2.9361612354358635,2,2,1,0.001265923639247915,2,1,3.3026275368645033,3.310181361552382,5.3946034517300945e-05,4.0684656010801384e-11,2.41414738187132e-07,0.00019070244894909812,37.73333131537543,4.679889205538932,3.29108;3.39653,3.29148;3.39641,3.32018,0.08976020644397487,0.005929863947867363,2.9649319739336817,0.0029322840055148913,6.80399157763071e-19,16,8,0.9898335038304458,3.291484066564901,-0.25702720874867246,3.3964114114467856,0.048205363062292506
156250.0,0.002,2,600.0,20.0,8192,0.01220703125,26,13.77899245574931,per_channel,3.2999658767475637,3.3947749478580227,3.3473704123027934,0.028323447791138223,7.080861947784555,0.015338855671421863,3.3730428281193436,2.8183303452282074,3.3947749478580227,3.394938666603258,1.0968663367033793,7.766759105368801,5.071637153996908,0.04197991946082772,9.072321673049366,-0.9831987960941088,0.005976466263977994,0.8558438475521414,0.9873756933906354,0.2823077976245133,0.11480226080363803,3.3996388661382797,158916.23577717209,1.7063908973901347,1.5831931383025521,3.3990985754284764,158865.7279753486,1.6740659042230994,1.5509073006564789,3.3995156396025514,158904.71552865722,1.699017938340623,1.5758291101769295,3.3233772062606906,151866.4957575303,-2.805442715180609,-2.9231752543784517,158461.83301581105,1.4155731301190704,1.2927276409028021,158477.11756247125,1.4253552399815992,1.3024979016179605,3.395709087941788,158549.0528865437,1.4713938473879733,1.3484807420935052,3.331911852284534,152647.50313166963,-2.3055979957314396,-2.4239360008079247,2,2,1,0.0017317661718511505,2,1,3.3899122776053714,3.382568185610684,4.322143542716689e-05,3.38964759362018e-11,2.601644109410135e-07,0.00015023068077540393,38.85093338284122,4.679889205538932,3.29057;3.39964,3.29141;3.39952,3.32338,0.20647706981992128,0.006265010034530061,3.1325050172650304,0.002975259887208943,0.0024722813048414782,13,9,0.9982061575260213,3.291414838333674,-0.2591250556298941,3.3995156396025514,0.13964671641988335
157500.0,0.002,0,600.0,20.0,8192,0.01220703125,26,13.77899245574931,per_channel,3.3025329847377285,3.405663640873281,3.3540983128055046,0.03074765451621185,7.686913629052962,0.01931579126966447,3.386491844259547,3.2730326620137062,3.405663640873281,3.4057943880182653,1.0990709351401078,8.448463350624479,4.989542126523435,0.042277083673255514,9.383239965658493,-0.9804425520832374,0.005975073263535321,0.8458119326973029,0.985275816117999,0.31373724061257435,0.09984890148683914,3.407535042974643,159655.3072001278,1.368449015954162,1.2466339486456812,3.4046793508291207,159387.8203769803,1.19861611236844,1.0770051342690046,3.4074557484304404,159647.87681578522,1.3637313116096619,1.2419219135945125,3.3218349633812276,151725.57845420198,-3.666299394157471,-3.782064174395239,159479.99147803598,1.2571374463720528,1.1354561428379428,159492.23693502977,1.2649123397014392,1.143221693031804,3.4031233698559245,159242.16921881872,1.1061391865515653,0.9846393385231966,3.331934043945821,152649.53650657088,-3.0796593609073803,-3.196129109957746,2,2,1,0.0012690387348487397,2,1,3.4002235384751276,3.40484951237739,6.252888737305577e-05,3.4378061944665424e-11,2.344280675949159e-07,0.00018472885118266943,38.33728217862954,4.679889205538932,3.29522;3.40754,3.29557;3.40746,3.32183,0.23576692680277778,0.006062854419966504,3.031427209983252,0.00317969728358292,0.0029349279719154513,13,9,0.9966717694788645,3.2955705447084145,-0.2108212109156904,3.4074557484304404,0.05262139031145807
157500.0,0.002,1,600.0,20.0,8192,0.01220703125,26,13.77899245574931,per_channel,3.3025329847377285,3.405663640873281,3.3540983128055046,0.03074765451621185,7.686913629052962,0.01931579126966447,3.386491844259547,3.2730326620137062,3.405663640873281,3.4057943880182653,1.0990709351401078,8.448463350624479,5.037172741361906,0.04237151813234494,9.383239965658493,-0.9804425520832374,0.005975073263535321,0.8458119326973029,0.985275816117999,0.31373724061257435,0.09984890148683914,3.4066587323945297,159573.20113624868,1.3163181817451943,1.1945657603698034,3.405483967954056,159463.16451989138,1.2464536634230956,1.1247851986543989,3.4065764440448465,159565.49220041692,1.3114236193123303,1.1896770797617418,3.3224516331571654,151781.91675169484,-3.630529046542961,-3.7463368122199414,159479.99147803598,1.2571374463720528,1.1354561428379428,159492.23693502977,1.2649123397014392,1.143221693031804,3.404986962333694,159416.6229378585,1.2169034526085791,1.0952704985037531,3.3294565754289946,152422.6149554263,-3.223736536237263,-3.340033146890209,2,2,1,0.0008046848017085404,2,1,3.399739698978698,3.3932196600292017,4.175426052951868e-05,3.453181424881258e-11,1.449010044973002e-07,0.00018007175503953888,36.228520000233935,4.679889205538932,3.29193;3.40666,3.29233;3.40658,3.32245,0.15150852516208524,0.006001072536581591,3.0005362682907957,0.003310067387983539,0.0029310663075667654,19,10,0.9777679811556426,3.2923311198639627,-0.3089103097807855,3.4065764440448465,0.02680250511559734
157500.0,0.002,2,600.0,20.0,8192,0.01220703125,26,13.77899245574931,per_channel,3.3025329847377285,3.405663640873281,3.3540983128055046,0.03074765451621185,7.686913629052962,0.01931579126966447,3.386491844259547,3.2730326620137062,3.405663640873281,3.4057943880182653,1.0990709351401078,8.448463350624479,5.053083482092121,0.039862004640384356,9.383239965658493,-0.9804425520832374,0.005975073263535321,0.8458119326973029,0.985275816117999,0.31373724061257435,0.09984890148683914,3.4098731425519206,159874.47916408253,1.5076058184650971,1.3856235256004323,3.4077500618781253,159675.45665816756,1.3812423226460704,1.2594118815449473,3.4097957378062698,159867.2208864748,1.5029973882379652,1.381020633351282,3.320464666070305,151600.426981044,-3.7457606469561893,-3.861429938134475,159479.99147803598,1.2571374463720528,1.1354561428379428,159492.23693502977,1.2649123397014392,1.143221693031804,3.405744561788491,159487.57027708838,1.2619493822783365,1.1402622962122688,3.326543751008003,152156.03325134292,-3.3929947610521163,-3.5090879730909186,2,2,1,0.0017468958261575942,2,1,3.402414952725443,3.3153048953654563,5.51471394318565e-05,3.056255215224333e-11,2.642582691766491e-07,0.00015127305545053685,39.36838968593592,4.679889205538932,3.29224;3.40987,3.29292;3.40980,3.32046,0.1327323775577773,0.006222771808889946,3.111385904444973,0.0035044049639666917,0.0035026316018233012,16,9,0.9940522420625317,3.29291964905051,-0.291089770538111,3.4097957378062698,0.12133015378843481
158750.0,0.002,0,600.0,20.0,8192,0.01220703125,26,13.77899245574931,per_channel,3.3045943685667205,3.4170048122793384,3.3607995904230297,0.033447529579848756,8.361882394962189,0.02326117267608835,3.399887660224308,3.661505806598763,3.4170048122793384,3.417112859877833,1.1012668097898184,9.208663548937656,4.999230679334645,0.03920767192288012,9.656082700003314,-0.977158063122627,0.005973711214774653,0.8340694792009307,0.9827622525043155,0.3444183493261511,0.08807885738721626,3.4202077124788377,160845.0359518712,1.3197076862180737,1.1989087611808502,3.4185647665570635,160690.5446182486,1.2223903107077734,1.1017074127951387,3.4201503360177465,160839.6394132317,1.3163082917994915,1.1955134197071393,3.321980595672627,151738.8823228501,-4.416452080094417,-4.53041204014214,160543.92594817714,1.1300320933399333,1.0094593099709837,160554.07908570886,1.1364277705252648,1.015847361878408,3.4175981756638625,160599.68774163822,1.1651576325280122,1.0445429705604026,3.33463825681948,152897.4191778558,-3.686665084815243,-3.801495137035038,2,2,1,0.0011059670774166554,2,1,3.3105377911294536,3.4060075845419977,7.016128043272031e-05,2.956742186299042e-11,1.9778976890035143e-07,0.00017883874930739669,38.25390365242912,4.679889205538932,3.29749;3.42021,3.29783;3.42015,3.32198,0.13611163564593262,0.006192878949502439,3.0964394747512194,0.003484121690206037,0.002155478877195838,18,10,0.993668480910644,3.2978311236312545,-0.20466187922481005,3.4201503360177465,0.09205499878444101
158750.0,0.002,1,600.0,20.0,8192,0.01220703125,26,13.77899245574931,per_channel,3.3045943685667205,3.4170048122793384,3.3607995904230297,0.033447529579848756,8.361882394962189,0.02326117267608835,3.399887660224308,3.661505806598763,3.4170048122793384,3.417112859877833,1.1012668097898184,9.208663548937656,5.030891713728988,0.038518596892487024,9.656082700003314,-0.977158063122627,0.005973711214774653,0.8340694792009307,0.9827622525043155,0.3444183493261511,0.08807885738721626,3.4186980714493282,160703.07692630615,1.2302846779881274,1.109592367976897,3.4169367712839094,160537.5323605915,1.126004636593064,1.005436654979408,3.4186535508142146,160698.89138180128,1.2276481145204918,1.106958947965131,3.3215459862830765,151699.1814111567,-4.441460528405233,-4.555390672006155,160543.92594817714,1.1300320933399333,1.0094593099709837,160554.07908570886,1.1364277705252648,1.015847361878408,3.416879039605945,160532.1076053536,1.1225874679392813,1.0020235604619732,3.318385200075021,151410.60462105792,-4.62324118358556,-4.736954598296938,2,2,1,0.0005153896595254072,2,1,3.3078145836066284,3.2987693596208936,3.942373223940566e-05,2.8537259497313738e-11,1.1065702692552744e-07,0.00021470556283070396,35.88566733218528,4.679889205538932,3.29156;3.41870,3.29221;3.41865,3.32155,0.088161882546908,0.00596997920035085,2.984989600175425,0.002979693551363905,0.004766439289161248,15,13,0.996124927821562,3.2922141538971923,-0.3746364391130297,3.4186535508142146,0.048250986622888625
158750.0,0.002,2,600.0,20.0,8192,0.01220703125,26,13.77899245574931,per_channel,3.3045943685667205,3.4170048122793384,3.3607995904230297,0.033447529579848756,8.361882394962189,0.02326117267608835,3.399887660224308,3.661505806598763,3.4170048122793384,3.417112859877833,1.1012668097898184,9.208663548937656,5.023879573972421,0.04025487285723004,9.656082700003314,-0.977158063122627,0.005973711214774653,0.8340694792009307,0.9827622525043155,0.3444183493261511,0.08807885738721626,3.420866021114916,160906.9595982557,1.3587147075626413,1.2378692762103238,3.418830874281346,160715.56252041608,1.2381496191597323,1.1174479321333086,3.42081897762255,160902.5340678606,1.3559269718806934,1.2350848642201484,3.322205628960459,151759.44081507772,-4.403501848769943,-4.517477248795343,160543.92594817714,1.1300320933399333,1.0094593099709837,160554.07908570886,1.1364277705252648,1.015847361878408,3.417555927637393,160595.71712978036,1.1626564597041624,1.0420447797722998,3.3264098871285017,152143.78763631097,-4.161393614922225,-4.275657669692679,2,2,1,0.0010642883316924622,2,1,3.414667222474974,3.31150630405204,5.326659361026262e-05,3.1167951929889284e-11,2.1102111521074814e-07,0.00019827438573452762,38.30617648489469,4.679889205538932,3.29380;3.42087,3.29448;3.42082,3.32221,0.20292310352552947,0.006067851260678385,3.0339256303391924,0.0031709891687999384,0.0041095308445278705,17,10,0.9984490062061298,3.2944786123332506,-0.3061118886387715,3.42081897762255,0.1116230603335655
160000.0,0.002,0,600.0,20.0,8192,0.01220703125,26,13.77899245574931,per_channel,3.306267678648449,3.428681438618755,3.367474558633602,0.03635179949807168,9.08794987451792,0.027175465152474224,3.4132309023935976,3.984460450073925,3.428681438618755,3.4287732322861797,1.1034540633730587,10.028135216767478,5.003036355290571,0.03698781119899975,9.887355615674679,-0.9733882226781158,0.005972379102563745,0.8213193740652905,0.97986217572325,0.3740237608394902,0.07867668930480648,3.4317458396186664,161932.09323142536,1.2075582696408491,1.0878346371250958,3.429467985518043,161717.19662578127,1.0732478911132965,0.9536831412608304,3.431703884740613,161928.13384747747,1.2050836546734172,1.0853629495071404,3.3221246058713576,151752.03858286896,-5.154975885706899,-5.267172948921839,161643.02560352068,1.0268910022004274,0.907381090299042,161651.6808285805,1.0323005178628046,0.9127842067667924,3.428436077717883,161619.89166121674,1.012432288260461,0.8929394803164126,3.327713571227487,152263.0671668094,-4.835583020744125,-4.948157910226625,2,2,1,0.0006431091857541046,2,1,3.4254143268267643,3.4333083057641436,4.040967228726312e-05,2.631410547287109e-11,1.7819580674798695e-07,0.00027708484141621457,38.307088690213455,4.679889205538932,3.30304;3.43175,3.30340;3.43170,3.32212,0.10926743024903801,0.005898436492079144,2.949218246039572,0.0029254001729340025,0.002420718035671468,13,9,0.995522729320298,3.3033955209062227,-0.08687009103268695,3.431703884740613,0.08815185009067861
160000.0,0.002,1,600.0,20.0,8192,0.01220703125,26,13.77899245574931,per_channel,3.306267678648449,3.428681438618755,3.367474558633602,0.03635179949807168,9.08794987451792,0.027175465152474224,3.4132309023935976,3.984460450073925,3.428681438618755,3.4287732322861797,1.1034540633730587,10.028135216767478,4.988517625068067,0.03415278426419619,9.887355615674679,-0.9733882226781158,0.005972379102563745,0.8213193740652905,0.97986217572325,0.3740237608394902,0.07867668930480648,3.4304910236116095,161813.69411734765,1.1335588233422822,1.0139227285822727,3.430085993199434,161775.48641021553,1.1096790063847037,0.9900711602898848,3.4304541053461666,161810.21132218756,1.1313820763672267,1.0117485565932949,3.321966157761228,151737.56335802478,-5.164022901234512,-5.27620926226885,161643.02560352068,1.0268910022004274,0.907381090299042,161651.6808285805,1.0323005178628046,0.9127842067667924,3.4300063019002556,161767.96942728767,1.1049808920547912,0.9853786036013501,3.3255992360785513,152069.64133633586,-4.956474164790088,-5.0689060459128354,2,2,1,0.0010685844342711963,2,0,3.3089264513484467,,3.752396650068791e-05,2.2434870984817686e-11,1.4554383239503965e-07,0.00013620246349021966,38.12070229984933,4.679889205538932,3.29469;3.43049,3.29515;3.43045,3.32197,0.09619257927065476,0.006292764637033436,3.146382318516718,0.003675761233042805,0.004705060684445775,19,11,0.9930949618332926,3.2951530633328474,-0.33616804190957916,3.4304541053461666,0.05170112065371324
160000.0,0.002,2,600.0,20.0,8192,0.01220703125,26,13.77899245574931,per_channel,3.306267678648449,3.428681438618755,3.367474558633602,0.03635179949807168,9.08794987451792,0.027175465152474224,3.4132309023935976,3.984460450073925,3.428681438618755,3.4287732322861797,1.1034540633730587,10.028135216767478,5.024269826876031,0.03644966113746957,9.887355615674679,-0.9733882226781158,0.005972379102563745,0.8213193740652905,0.97986217572325,0.3740237608394902,0.07867668930480648,3.4315043076176766,161909.2999314817,1.193312457176071,1.07360567676551,3.4265400126873664,161441.17630502864,0.9007351906428994,0.7813745149476192,3.431470268029176,161906.0877550631,1.1913048469144452,1.0716004414094593,3.323931219303922,151917.1328216198,-5.051791986487624,-5.164111111250547,161643.02560352068,1.0268910022004274,0.907381090299042,161651.6808285805,1.0323005178628046,0.9127842067667924,3.423550163035441,161159.5661337749,0.7247288336093152,0.6055763648974866,3.330112610633392,152482.68749311875,-4.698320316800782,-4.811057581404343,2,2,1,0.0011238135138875891,2,1,3.425931196187455,3.4386503857042774,4.706080014944577e-05,2.5553967442093862e-11,2.4815348969992875e-07,0.00022081376192166935,39.87262049785023,4.679889205538932,3.29334;3.43150,3.29396;3.43147,3.32393,0.33629101424115315,0.006257853102118425,3.1289265510592124,0.0029934539083497987,0.002772180990972092,16,9,0.9947153075649118,3.2939615041072488,-0.37220744771128134,3.431470268029176,0.08133824796345834
161250.0,0.002,0,600.0,20.0,8192,0.01220703125,26,13.77899245574931,per_channel,3.3076424799657524,3.4406045696262257,3.374123524795989,0.03940640841491203,9.851602103728007,0.03105912381113478,3.4265221849513394,4.249557141356858,3.4406045696262257,3.4406842937372843,1.1056327966051496,10.892254384985971,5.030889082897717,0.03494048605728668,10.080819703300033,-0.9691754269730685,0.0059710759555903535,0.8080685322457933,0.9766021786892223,0.40237347987904776,0.07105217027932471,3.443061629322315,163001.75902053496,1.0863621832774917,0.9677078105593484,3.441692446877078,162872.14485974755,1.005981308370576,0.8874212860878972,3.443037901978279,162999.5124238111,1.084968944999133,0.966316207653084,3.322279744329184,151766.21211922486,-5.881418840790785,-5.991894487231786,162769.1973123269,0.9421378681097042,0.8236527847524489,162776.7406260935,0.9468158921510046,0.828325317766132,3.4412513917053165,162830.40318756443,0.9800950000399558,0.861565362901362,3.3264560784238806,152148.01307314375,-5.644643055414726,-5.755396627400577,2,2,1,0.0005483466995418911,2,1,3.4384199556928245,3.4384423229094865,4.643354180473082e-05,2.3481683557546947e-11,1.5768868243346087e-07,0.0002875711344031062,38.27071293302395,4.679889205538932,3.29997;3.44306,3.30447;3.44304,3.32228,0.13601493067277176,0.00588626743382366,2.94313371691183,0.0030806826523970144,0.004994823209997582,13,10,0.9930807596451985,3.3044669957252486,-0.09600445815222125,3.443037901978279,0.07072397605742964
161250.0,0.002,1,600.0,20.0,8192,0.01220703125,26,13.77899245574931,per_channel,3.3076424799657524,3.4406045696262257,3.374123524795989,0.03940640841491203,9.851602103728007,0.03105912381113478,3.4265221849513394,4.249557141356858,3.4406045696262257,3.4406842937372843,1.1056327966051496,10.892254384985971,5.001420046819828,0.03298841378502057,10.080819703300033,-0.9691754269730685,0.0059710759555903535,0.8080685322457933,0.9766021786892223,0.40237347987904776,0.07105217027932471,3.443268670403922,163021.3631280464,1.0985197693310937,0.9798511261345677,3.440187040461717,162729.69450871026,0.9176400054017146,0.7991836774420502,3.443239247451297,163018.5770838484,1.0967919899834961,0.9781253748407215,3.322108956475314,151750.60888203562,-5.891095266954652,-6.00155955528312,162769.1973123269,0.9421378681097042,0.8236527847524489,162776.7406260935,0.9468158921510046,0.828325317766132,3.440931079285022,162800.09202035682,0.9612973769654722,0.8427898043281923,3.3235779545069044,151884.8432706591,-5.807849134474979,-5.91841113645557,2,2,1,0.00047089267690194665,2,0,3.4375017283503664,,3.657681806061288e-05,2.093120415579966e-11,1.3154758341329922e-07,0.0002793578874039088,37.982886606360665,4.679889205538932,3.29429;3.44327,3.29476;3.44324,3.32211,0.14010168832737196,0.005850204173800808,2.925102086900404,0.0024258158863896683,0.003880385851357596,14,11,0.9968439661248019,3.2947595263723195,-0.3894905108839386,3.443239247451297,0.07657601365558264
161250.0,0.002,2,600.0,20.0,8192,0.01220703125,26,13.77899245574931,per_channel,3.3076424799657524,3.4406045696262257,3.374123524795989,0.03940640841491203,9.851602103728007,0.03105912381113478,3.4265221849513394,4.249557141356858,3.4406045696262257,3.4406842937372843,1.1056327966051496,10.892254384985971,5.042369225853903,0.032655379164108655,10.080819703300033,-0.9691754269730685,0.0059710759555903535,0.8080685322457933,0.9766021786892223,0.40237347987904776,0.07105217027932471,3.44434674993686,163123.4623397584,1.1618371099276945,1.0430941453374087,3.446161572332046,163295.40676099857,1.268469309146397,1.149601180523696,3.444316886852695,163120.63373455632,1.1600829361589597,1.0413420306039534,3.320537768390836,151607.10223051242,-5.980091639992297,-6.090451465081714,162769.1973123269,0.9421378681097042,0.8236527847524489,162776.7406260935,0.9468158921510046,0.828325317766132,3.448660918635294,163532.3543111834,1.415413526315278,1.2963729157322579,3.3267819942792336,152177.82851508207,-5.62615285886383,-5.73692813449621,2,2,1,0.0014639630386401523,2,1,3.4382993772053996,3.4473793743298833,6.60318239015493e-05,2.051071539011721e-11,2.576965534073685e-07,0.00017602668004974907,40.991278017439015,4.679889205538932,3.29554;3.44435,3.29603;3.44432,3.32054,0.16427014426214784,0.006830805882120598,3.415402941060299,0.004436830232027089,0.0025524475643014413,18,8,0.990446798922461,3.296033331526419,-0.35097954236739115,3.444316886852695,0.10789723583004562
162500.0,0.002,0,600.0,20.0,8192,0.01220703125,26,13.77899245574931,per_channel,3.3087859066693786,3.4527076742964784,3.3807467904829283,0.04257099881962503,10.642749704906258,0.034912593808268576,3.4397621102152973,4.466379167505685,3.4527076742964784,3.4527781461667786,1.107803108305446,11.790071204012019,5.0332561144282835,0.03310826540485912,10.242510669133564,-0.9645611719876112,0.005969800844112204,0.7946753866607883,0.9730081702808496,0.4293886172896524,0.06477908961096199,3.4534777902807394,163989.49665948216,0.9166133289120983,0.799068337976161,3.4502068770361536,163679.00304727908,0.7255403367871275,0.6082179025976631,3.4534604653645316,163987.85130524237,0.9156008032260713,0.7980569916531399,3.323234929999263,151853.4929995491,-6.551696615662085,-6.660542717527306,163916.3664070047,0.8716100966182824,0.7541175242520737,163923.05774139482,0.8757278408583504,0.7582304722530075,3.449296040704583,163592.59367577932,0.6723653389411226,0.5551048415768367,3.321936620782436,151734.8650468122,-6.624698432730958,-6.733459504018535,2,2,1,0.0007494984429861608,2,0,3.3120292928251436,,3.615483664721032e-05,2.1083572551627878e-11,1.8264161503143885e-07,0.00024368511601405857,39.37655536057315,4.679889205538932,3.30286;3.45348,3.30328;3.45346,3.32323,0.10479851512436542,0.006174141427539962,3.087070713769981,0.003268758783504585,0.0037530221542300454,17,10,0.9965646881447211,3.3032798377491748,-0.16640753060225277,3.4534604653645316,0.02180291930466982
162500.0,0.002,1,600.0,20.0,8192,0.01220703125,26,13.77899245574931,per_channel,3.3087859066693786,3.4527076742964784,3.3807467904829283,0.04257099881962503,10.642749704906258,0.034912593808268576,3.4397621102152973,4.466379167505685,3.4527076742964784,3.4527781461667786,1.107803108305446,11.790071204012019,5.048657992546455,0.030231862604125505,10.242510669133564,-0.9645611719876112,0.005969800844112204,0.7946753866607883,0.9730081702808496,0.4293886172896524,0.06477908961096199,3.4551527002822713,164148.60250618323,1.014524619189682,0.8968655837832573,3.4534374607427454,163985.66655984288,0.9142563445186959,0.7967140989355803,3.4551302426288593,164146.4686610177,1.0132114837031918,0.8955539778021437,3.3227204079321755,151806.47500272325,-6.580630767554921,-6.689443167688491,163916.3664070047,0.8716100966182824,0.7541175242520737,163923.05774139482,0.8757278408583504,0.7582304722530075,3.452217209952656,163869.80038953284,0.8429540858663654,0.725494891260392,3.3197089744714097,151531.43053380775,-6.749888902272152,-6.858504155025747,2,2,1,0.0007846013590674511,2,1,3.3100466435870346,3.4412541991419503,4.5512048784611564e-05,1.7579282977867298e-11,1.0118908690086941e-07,0.00012896878871219278,37.60132519850286,4.679889205538932,3.29013;3.45515,3.29116;3.45513,3.32272,0.14285551915064257,0.006769440089887617,3.3847200449438084,0.004359179738435167,0.004285830498892857,20,13,0.9941426959421227,3.3227204079321755,0.4211363822213432,3.4551302426288593,0.07016430468225199
162500.0,0.002,2,600.0,20.0,8192,0.01220703125,26,13.77899245574931,per_channel,3.3087859066693786,3.4527076742964784,3.3807467904829283,0.04257099881962503,10.642749704906258,0.034912593808268576,3.4397621102152973,4.466379167505685,3.4527076742964784,3.4527781461667786,1.107803108305446,11.790071204012019,5.044734803380637,0.032588607442626524,10.242510669133564,-0.9645611719876112,0.005969800844112204,0.7946753866607883,0.9730081702808496,0.4293886172896524,0.06477908961096199,3.4544361336190526,164080.52376722803,0.9726300106018674,0.8550197729228382,3.4548345660115682,164118.3758294897,0.9959235873782757,0.8782862179596895,3.4544172681046397,164078.73160496843,0.9715271415190342,0.8539181884326341,3.320657847048923,151618.06738605435,-6.696573916274249,-6.8052512689075195,163916.3664070047,0.8716100966182824,0.7541175242520737,163923.05774139482,0.8757278408583504,0.7582304722530075,3.454248373326537,164062.68758864913,0.9616539007071585,0.8440564477094403,3.3331143935768974,152757.70895920548,-5.995256025104318,-6.104750254190783,2,2,1,0.0004493238464567882,2,0,3.450123480779633,,3.0312981336269116e-05,2.0426923032535355e-11,1.604289392162055e-07,0.0003570452369294272,38.950797593754615,4.679889205538932,3.29878;3.45444,3.29927;3.45442,3.32066,0.1559148227695134,0.005692228759287709,2.846114379643854,0.002654272445561205,0.002794692889141231,14,10,0.9902274972537726,3.2992679401307043,-0.28765737062314,3.4544172681046397,0.04951458302966394
163750.0,0.002,0,600.0,20.0,8192,0.01220703125,26,13.77899245574931,per_channel,3.3097481298399827,3.464941172500493,3.387344651170238,0.04581554540276712,11.453886350691779,0.03873631091106548,3.4529512689555704,4.6440432177330555,3.464941172500493,3.46500435615924,1.1099650952954636,12.713414054749009,5.0428324063485235,0.029831251936381312,10.378428680883651,-0.9595857151707506,0.005968552877658121,0.7813880859225562,0.9691052883527718,0.45505566425990907,0.05954790148214019,3.4663901180830137,165218.08119772407,0.8965381360146971,0.7799126026765579,3.4655609981612243,165139.05418967304,0.8482773677392628,0.7317076186524218,3.466375232934365,165216.66226313563,0.8956716110751936,0.7790470793465509,3.324990807534983,152014.0032151419,-7.1670209373179325,-7.2743258646679525,165079.98827222502,0.8122065784580266,0.6956785233193985,165086.0088377845,0.8158832597157222,0.6993509547295051,3.465175955304232,165102.36051675573,0.8258690178660918,0.7093251704187065,3.322132668466732,151752.77516979098,-7.326549514631461,-7.433670044124474,2,2,1,0.0007355982644127439,2,0,3.462051740779125,,4.551314253720881e-05,1.7116474074491296e-11,1.7199802072795552e-07,0.0002338205907340851,40.021091426601004,4.679889205538932,3.30160;3.46639,3.30208;3.46638,3.32499,0.12714312773114617,0.006293352937662706,3.1466764688313527,0.004023367115010538,0.004190749924093477,16,21,0.9799229017370533,3.3020815935914687,-0.23163503528845775,3.466375232934365,0.04138772817423586
163750.0,0.002,1,600.0,20.0,8192,0.01220703125,26,13.77899245574931,per_channel,3.3097481298399827,3.464941172500493,3.387344651170238,0.04581554540276712,11.453886350691779,0.03873631091106548,3.4529512689555704,4.6440432177330555,3.464941172500493,3.46500435615924,1.1099650952954636,12.713414054749009,4.973565603063954,0.029685909276601884,10.378428680883651,-0.9595857151707506,0.005968552877658121,0.7813880859225562,0.9691052883527718,0.45505566425990907,0.05954790148214019,3.466751057981527,165252.4898477205,0.9175510520430616,0.800901230036688,3.4653164044170737,165115.74451242853,0.8340424503380334,0.7174891552828466,3.4667402436379104,165251.45885680628,0.9169214392710079,0.8002723450292182,3.3220158311723478,151742.10126019595,-7.333067932704762,-7.44018092760842,165079.98827222502,0.8122065784580266,0.6956785233193985,165086.0088377845,0.8158832597157222,0.6993509547295051,3.4649449049195558,165080.34391925985,0.8124237674869285,0.6958954613012214,3.320017088909322,151559.56022143652,-7.444543376221971,-7.551527517516798,2,2,1,0.00022068689057496774,2,0,3.463634135053988,,2.5771734647262882e-05,1.695009195249778e-11,8.14310502869598e-08,0.00036898906896917614,36.81617977753789,4.679889205538932,3.29287;3.46675,3.29362;3.46674,3.32202,0.0769542924419043,0.005757400159253481,2.8787000796267406,0.0027201405642254504,0.006707934115590014,13,29,0.9946836547448001,3.3220158311723478,0.37065362230321863,3.4667402436379104,0.05192212646194516
163750.0,0.002,2,600.0,20.0,8192,0.01220703125,26,13.77899245574931,per_channel,3.3097481298399827,3.464941172500493,3.387344651170238,0.04581554540276712,11.453886350691779,0.03873631091106548,3.4529512689555704,4.6440432177330555,3.464941172500493,3.46500435615924,1.1099650952954636,12.713414054749009,5.035908971057029,0.03031546686556221,10.378428680883651,-0.9595857151707506,0.005968552877658121,0.7813880859225562,0.9691052883527718,0.45505566425990907,0.05954790148214019,3.4645782477041625,165045.4084738916,0.7910891443612907,0.6745854987025179,3.4630372950399537,164898.62546901754,0.7014506681023152,0.5850506348696216,3.4645636867928666,165044.021172852,0.790241937619538,0.6737392712405255,3.3216178135308483,151705.74236352497,-7.3552718390687195,-7.46235916864757,165079.98827222502,0.8122065784580266,0.6956785233193985,165086.0088377845,0.8158832597157222,0.6993509547295051,3.4624870881677947,164846.23149126954,0.6694543458134619,0.5530912968839452,3.328840317344133,152366.1955526671,-6.951941647226193,-7.059495183075382,2,2,1,0.000688401020479463,2,1,3.46081392931314,3.4589844087424555,5.0601849899588395e-05,1.767664615879295e-11,2.1071508800305588e-07,0.0003060935148763948,40.76295765316146,4.679889205538932,3.29557;3.46458,3.29621;3.46456,3.32162,0.20588031983185917,0.005882177326644971,2.9410886633224855,0.0031186190705332242,0.002512118058655965,13,8,0.9836830099954321,3.3216178135308483,0.3586280050693613,3.4645636867928666,-0.010894433378039192
165000.0,0.002,0,600.0,20.0,8192,0.01220703125,26,13.77899245574931,per_channel,3.3105668034843134,3.477267990480551,3.393917396982432,0.049117632369147575,12.279408092286893,0.04253070141537868,3.4660902407021914,4.790341696060701,3.477267990480551,3.477325298988988,1.1121188526432033,13.656161238731766,5.054701036783601,0.030423885142789504,10.493739808944683,-0.9542878012051553,0.005967331203024965,0.7683740513817982,0.9649178293742945,0.47940137389805865,0.055131472424229847,3.4783566330279805,166360.76691478404,0.8247072210812334,0.7090466014952002,3.4764443526406517,166177.89838384732,0.713877808392316,0.598344326279765,3.4783459292594174,166359.74304943896,0.82408669662967,0.7084267888755269,3.324636475806331,151981.60582360168,-7.889935864483828,-7.995599519570518,166256.6493172839,0.7616056468387339,0.646017413946165,166262.12948109675,0.7649269582404558,0.6493349153200878,3.47661184284037,166193.91120444634,0.723582548149297,0.6080379332871644,3.330138207123755,152485.0315799995,-7.584829345454857,-7.690843002143366,2,2,1,0.00022766600578462035,2,0,3.4750674242537687,,2.349667693514007e-05,1.780330747690364e-11,1.0668970016138718e-07,0.0004686237622243841,37.77621802090658,4.679889205538932,3.30490;3.47836,3.30539;3.47835,3.32464,0.13018937677941378,0.005695521389691776,2.8477606948458876,0.0027152472211393742,0.00419183326092488,11,10,0.9943060187113417,3.3053869539702814,-0.15646412899991136,3.4783459292594174,0.030999588809876855
165000.0,0.002,1,600.0,20.0,8192,0.01220703125,26,13.77899245574931,per_channel,3.3105668034843134,3.477267990480551,3.393917396982432,0.049117632369147575,12.279408092286893,0.04253070141537868,3.4660902407021914,4.790341696060701,3.477267990480551,3.477325298988988,1.1121188526432033,13.656161238731766,5.014688122459006,0.027691014164917704,10.493739808944683,-0.9542878012051553,0.005967331203024965,0.7683740513817982,0.9649178293742945,0.47940137389805865,0.055131472424229847,3.480014980232279,166519.43361131471,0.9208688553422513,0.8050979243602541,3.479011711806514,166423.43424969475,0.8626874240574244,0.746983235648524,3.480004277311891,166518.4093389995,0.9202480842421276,0.804477865374964,3.3206774428493415,151619.85684241608,-8.109177671262984,-8.214589824074991,166256.6493172839,0.7616056468387339,0.646017413946165,166262.12948109675,0.7649269582404558,0.6493349153200878,3.478599497325946,166383.9988634495,0.8387871899693908,0.7231104186089077,3.3221160175331885,151751.25396682037,-8.029543050411899,-8.135046555729076,2,2,1,0.0007434966531441666,2,0,3.47625792851039,,4.737113780144385e-05,1.4748541358042742e-11,1.7774247808719205e-07,0.00023906291620216232,40.810421604284684,4.679889205538932,3.29193;3.48001,3.29273;3.48000,3.32068,0.119826055958442,0.006054717191362476,3.0273585956812377,0.003583454124209887,0.00465179520249865,15,9,0.9851826879952928,3.3206774428493415,0.3054050851469592,3.480004277311891,0.07869070887924767
165000.0,0.002,2,600.0,20.0,8192,0.01220703125,26,13.77899245574931,per_channel,3.3105668034843134,3.477267990480551,3.393917396982432,0.049117632369147575,12.279408092286893,0.04253070141537868,3.4660902407021914,4.790341696060701,3.477267990480551,3.477325298988988,1.1121188526432033,13.656161238731766,4.9874385024232835,0.02898270886138686,10.493739808944683,-0.9542878012051553,0.005967331203024965,0.7683740513817982,0.9649178293742945,0.47940137389805865,0.055131472424229847,3.4761204152575442,166146.93069384136,0.6951095114190089,0.5795975592757685,3.4746004320273625,166001.6622308651,0.6070680187061204,0.4916570629741601,3.4761083733828344,166145.779573156,0.6944118625187901,0.57890071068043,3.323431035861768,151871.41543927684,-7.9567179155897945,-8.062304961940182,166256.6493172839,0.7616056468387339,0.646017413946165,166262.12948109675,0.7649269582404558,0.6493349153200878,3.4755751905678816,166094.8149477508,0.6635242107580592,0.5480484915536321,3.335673692617313,152992.3860247643,-7.277341803173151,-7.38370819284383,1,1,1,0.0005951812969891277,2,1,3.4698702377989643,3.4674568782612836,5.3420591109881813e-05,1.615657478974441e-11,1.759006291079388e-07,0.0002955412577609138,40.3691809738708,4.679889205538932,3.47612,3.47611,3.32343,0.2468981862788587,0.006145469319794103,3.0727346598970517,0.003515470839444501,3.454076273137083e-19,14,8,0.9855432678341234,3.323431035861768,0.3885809633539239,3.4761083733828344,-0.033348510983077784
140000.0,0.005,0,600.0,20.0,8192,0.01220703125,26,13.77899245574931,per_channel,3.1835853326627572,3.33107492084953,3.257330126756144,0.04527928777475568,4.527928777475568,-0.03946496160419292,3.193054922563838,0.20696613209782858,3.1835853326627572,3.1832309598337685,2.668404839838633,12.08234706426043,4.979298130764353,0.025141644264613155,10.715983855749569,-0.9540205434138938,0.0059979513416987896,0.26441951726890767,0.9646004871782342,0.047036706462909986,1.5029473443105095,3.180520910414691,139091.05734679507,-0.6492447522892326,-0.7835387713615916,3.1806461165430155,139102.00863185228,-0.6414224058197994,-0.7757269984841164,3.1805336985122548,139092.17585136558,-0.6484458204531568,-0.7827409194545609,3.3281188672586883,152300.15892579476,8.785827804139117,8.638780245240273,139359.21409224978,-0.45770421982158693,-0.5922571473225391,139328.19097510795,-0.4798635892086064,-0.6143865635323764,3.1806162551172865,139099.3967318493,-0.6432880486790756,-0.77759011952383,3.329077549764487,152387.9133197564,8.84850951411171,8.701377227334039,1,1,1,0.0006304070970804755,2,0,3.186455270370843,,9.553236365707793e-05,1.2157903756482958e-11,9.116110813483266e-08,0.0001446067288217654,38.749508945992716,4.679889205538932,3.18052,3.18053,3.32812,0.032771400147024746,0.008597141793850894,1.7194283587701786,0.005614754381507173,0.0055587647527390515,45,31,0.9947068204031208,3.1805336985122548,-0.09585526479197748,3.3281188672586883,-0.08874173235611238
140000.0,0.005,1,600.0,20.0,8192,0.01220703125,26,13.77899245574931,per_channel,3.1835853326627572,3.33107492084953,3.257330126756144,0.04527928777475568,4.527928777475568,-0.03946496160419292,3.193054922563838,0.20696613209782858,3.1835853326627572,3.1832309598337685,2.668404839838633,12.08234706426043,5.019374513001872,0.024957209153570258,10.715983855749569,-0.9540205434138938,0.0059979513416987896,0.26441951726890767,0.9646004871782342,0.047036706462909986,1.5029473443105095,3.1882084172482332,139764.25253742165,-0.1683910446988219,-0.30333504148717383,3.1888585309262942,139821.2575410943,-0.12767318493264612,-0.2626722207091037,3.188227708930085,139765.9439548567,-0.16718288938808004,-0.30212851925944806,3.326912273002749,152189.74749352437,8.706962495374546,8.560021539986206,139359.21409224978,-0.45770421982158693,-0.5922571473225391,139328.19097510795,-0.4798635892086064,-0.6143865635323764,3.190703791514588,139983.1219213016,-0.012055770498866747,-0.14721108820011652,3.3299058842677893,152463.75647361716,8.902683195440831,8.755477681223889,1,1,1,0.00046677052369501447,1,1,3.1975119396174136,3.2466479691190164,0.0001014633029210897,1.198018112507112e-11,6.898313474122456e-08,0.00014778811265789738,37.602795416681445,4.679889205538932,3.18821,3.18823,3.32691,0.026088648849161997,0.009660005440980543,1.9320010881961085,0.006868051079044878,0.0077091472433187804,35,33,0.9993720934657889,3.188227708930085,0.14582226584907154,3.326912273002749,-0.12496410154951842
140000.0,0.005,2,600.0,20.0,8192,0.01220703125,26,13.77899245574931,per_channel,3.1835853326627572,3.33107492084953,3.257330126756144,0.04527928777475568,4.527928777475568,-0.03946496160419292,3.193054922563838,0.20696613209782858,3.1835853326627572,3.1832309598337685,2.668404839838633,12.08234706426043,5.0826213061289875,0.024814116879081204,10.715983855749569,-0.9540205434138938,0.0059979513416987896,0.26441951726890767,0.9646004871782342,0.047036706462909986,1.5029473443105095,3.1795952454188536,139010.10646448997,-0.7070668110785898,-0.8412826711410304,3.1815598080270955,139181.93866573437,-0.5843295244754492,-0.7187112905087667,3.179609494380896,139011.35238041062,-0.7061768711352696,-0.8403939341438793,3.319990874967516,151557.16688567912,8.255119204056516,8.108789012536377,139359.21409224978,-0.45770421982158693,-0.5922571473225391,139328.19097510795,-0.4798635892086064,-0.6143865635323764,3.1840981424352224,139404.11348406723,-0.42563322566626344,-0.5602295040475491,3.324231514302985,151944.58345942033,8.531845328157381,8.385141081469794,1,1,1,0.00035961697836066494,2,1,3.1862837274042106,3.1755645420661955,7.33467318999893e-05,1.1843198102326608e-11,7.969558657341564e-08,0.00022161241367610795,38.27965277633673,4.679889205538932,3.17960,3.17961,3.31999,0.025478980475215428,0.007727054583892398,1.5454109167784795,0.004682082126476231,0.007092857727867352,34,32,0.9887886190605544,3.179609494380896,-0.1248855572071661,3.319990874967516,-0.33274682033231917
141250.0,0.005,0,600.0,20.0,8192,0.01220703125,26,13.77899245574931,per_channel,3.196627989195857,3.33224355675442,3.2644357729751388,0.04154334071488429,4.154334071488429,-0.03503025032882209,3.2072587718202983,0.21607527890839368,3.196627989195857,3.196227804953077,2.6742257852212337,11.10962729439747,4.981939383713813,0.025712910736099985,10.64287035053529,-0.961217504662568,0.005996038245422471,0.35130711194722786,0.9703100898079476,0.05235770591306789,1.2197267016229512,3.1934960855166885,140228.23716289317,-0.7233719200756302,-0.8563797753801894,3.192904817266783,140176.31611672466,-0.7601301828497996,-0.8930887905339358,3.193516409078901,140230.02200702275,-0.7221083136122113,-0.8551178618589006,3.3259861086948876,152105.0244344312,7.68497305092474,7.5406999466599345,140503.4193930173,-0.5285526421116418,-0.6618215104545744,140468.2424908835,-0.5534566436222944,-0.6866921463292819,3.194567576270777,140322.3524912075,-0.656741599145127,-0.7898387237596616,3.3253892343584996,152050.43644982687,7.646326690142916,7.502105363115752,1,1,1,0.0007225120749264112,2,0,3.3254869869684702,,8.316310601944015e-05,1.2716682582136103e-11,9.847463240471741e-08,0.0001362947912181913,38.88950537199697,4.679889205538932,3.19350,3.19352,3.32599,0.030696948497534127,0.008708995374649971,1.7417990749299943,0.006230282425870833,0.006219193455329415,30,25,0.9980257149127572,3.193516409078901,-0.09733945042941228,3.3259861086948876,-0.18778483484043207
141250.0,0.005,1,600.0,20.0,8192,0.01220703125,26,13.77899245574931,per_channel,3.196627989195857,3.33224355675442,3.2644357729751388,0.04154334071488429,4.154334071488429,-0.03503025032882209,3.2072587718202983,0.21607527890839368,3.196627989195857,3.196227804953077,2.6742257852212337,11.10962729439747,5.0140504373346575,0.0274570973476941,10.64287035053529,-0.961217504662568,0.005996038245422471,0.35130711194722786,0.9703100898079476,0.05235770591306789,1.2197267016229512,3.2012477075592476,140909.81967085841,-0.24083563125067992,-0.37448997423442654,3.2041969560136168,141169.57432774527,-0.05693852902989653,-0.19083925184779638,3.2012680800235738,140911.613152445,-0.23956590977344927,-0.3732219538920223,3.3271600493140707,152212.41741408463,7.761003478997969,7.616628511440959,140503.4193930173,-0.5285526421116418,-0.6618215104545744,140468.2424908835,-0.5534566436222944,-0.6866921463292819,3.2059093653700392,141320.50431080075,0.04991455631911656,-0.08412932506478565,3.3304558507010276,152514.1223851947,7.974599918721911,7.829938781047119,1,1,1,0.0004972123406167459,1,0,3.2103954561754033,,5.3096027921452817e-05,1.4500420406497032e-11,1.0161491451844214e-07,0.00020436925276713414,38.45576862361581,4.679889205538932,3.20125,3.20127,3.32716,0.030454906945014636,0.008108848625725341,1.6217697251450682,0.005093532622719945,0.005302088813557373,33,27,0.9976691442468463,3.2012680800235738,0.14515579677709667,3.3271600493140707,-0.1525550985024826
141250.0,0.005,2,600.0,20.0,8192,0.01220703125,26,13.77899245574931,per_channel,3.196627989195857,3.33224355675442,3.2644357729751388,0.04154334071488429,4.154334071488429,-0.03503025032882209,3.2072587718202983,0.21607527890839368,3.196627989195857,3.196227804953077,2.6742257852212337,11.10962729439747,5.05786867045882,0.026199865116286688,10.64287035053529,-0.961217504662568,0.005996038245422471,0.35130711194722786,0.9703100898079476,0.05235770591306789,1.2197267016229512,3.190216153511937,139940.33770926684,-0.9271945421119732,-1.0599293219672123,3.190881796587806,139998.74129718708,-0.885846869248085,-1.0186370454780436,3.1902385404773157,139942.30174576896,-0.9258040737918891,-1.0585407165549787,3.3276139182308624,152253.9478460516,7.790405554726794,7.645991195148616,140503.4193930173,-0.5285526421116418,-0.6618215104545744,140468.2424908835,-0.5534566436222944,-0.6866921463292819,3.1919818906487283,140095.29036565466,-0.8174935464391823,-0.9503753004054705,3.3305655350884056,152524.16827338238,7.981712051952129,7.837041385654087,1,1,1,0.0009869575842702508,2,0,3.326367161958041,,7.911795215562702e-05,1.3202903764830274e-11,1.6614961790923518e-07,0.00016834524660153962,40.99829889130194,4.679889205538932,3.19022,3.19024,3.32761,0.06990599101710643,0.007900682245444553,1.5801364490889105,0.00590229974559748,0.003993903683379224,34,24,0.9962203591648802,3.1902385404773157,-0.1998808976251487,3.3276139182308624,-0.13893457800145947
142500.0,0.005,0,600.0,20.0,8192,0.01220703125,26,13.77899245574931,per_channel,3.2093699865007124,3.3336501689819658,3.271510077741339,0.03798862895970561,3.798862895970561,-0.03063422255058978,3.221399993842326,0.22870463464570917,3.2093699865007124,3.208911524482189,2.680021055685705,10.181032548864277,4.969475913512771,0.02721485310301373,10.542210844607805,-0.9675491167683254,0.005994174701588546,0.4441797238604219,0.9752812021010366,0.058702894832885,0.994617077517148,3.2051693037271662,141255.2661513797,-0.8734974376282761,-1.0051407351354014,3.2057126922288024,141303.1656453565,-0.8398837576445658,-0.971571695238449,3.205202708730916,141258.21055577003,-0.8714311889333144,-1.0030772304875368,3.32503559108846,152018.09812756855,6.679367107065648,6.537693353841978,141625.76601595926,-0.613497532660166,-0.7454861187022099,141585.30611437582,-0.6418904460520533,-0.7738413253592813,3.2056632307485438,141298.8052983814,-0.8429436502586682,-0.9746275242132341,3.324843499493725,152000.53407172812,6.667041453844296,6.525384069498674,1,1,1,0.0009302261768650949,1,1,3.323655832638643,3.2150019410575306,9.929152639881482e-05,1.4245684959380523e-11,1.055491574912381e-07,0.00011346612266593446,38.697714352809484,4.679889205538932,3.20517,3.20520,3.32504,0.035493837169442155,0.008906914580834919,1.7813829161669836,0.0064121832989396796,0.006858026227553553,46,25,0.9944059309840416,3.205202708730916,-0.1298472219571023,3.32503559108846,-0.2584127744914677
142500.0,0.005,1,600.0,20.0,8192,0.01220703125,26,13.77899245574931,per_channel,3.2093699865007124,3.3336501689819658,3.271510077741339,0.03798862895970561,3.798862895970561,-0.03063422255058978,3.221399993842326,0.22870463464570917,3.2093699865007124,3.208911524482189,2.680021055685705,10.181032548864277,5.03253778554195,0.030735005606426724,10.542210844607805,-0.9675491167683254,0.005994174701588546,0.4441797238604219,0.9752812021010366,0.058702894832885,0.994617077517148,3.2111070414985208,141779.11593946902,-0.5058835512498115,-0.638015052244012,3.211117370799444,141780.02807443656,-0.505243456535748,-0.6373758075970293,3.211132895612495,141781.39900766444,-0.5042813981302172,-0.6364150268371338,3.3297492459530122,152449.41306271398,6.982044254536127,6.839968535977814,141625.76601595926,-0.613497532660166,-0.7454861187022099,141585.30611437582,-0.6418904460520533,-0.7738413253592813,3.2113951592608005,141804.5594477009,-0.48802845775374426,-0.6201836709069042,3.3267773709420725,152177.40554241842,6.791161784153276,6.649339563874301,1,1,1,0.0004017674473251358,1,0,3.217797340786548,,4.319483817713463e-05,1.816928930663955e-11,1.2633256608837493e-07,0.0003144420159708424,38.421773775191,4.679889205538932,3.21111,3.21113,3.32975,0.028943257102865955,0.006746611171926036,1.3493222343852072,0.0035578878219518985,0.005321562334255262,25,29,0.9968640771053301,3.211132895612495,0.05493006786994048,3.3297492459530122,-0.11701656836250462
142500.0,0.005,2,600.0,20.0,8192,0.01220703125,26,13.77899245574931,per_channel,3.2093699865007124,3.3336501689819658,3.271510077741339,0.03798862895970561,3.798862895970561,-0.03063422255058978,3.221399993842326,0.22870463464570917,3.2093699865007124,3.208911524482189,2.680021055685705,10.181032548864277,5.050179915558401,0.027441050520986367,10.542210844607805,-0.9675491167683254,0.005994174701588546,0.4441797238604219,0.9752812021010366,0.058702894832885,0.994617077517148,3.205419523810314,141277.32194983467,-0.858019684326545,-0.9896835368056633,3.2050560060101527,141245.2800228491,-0.8805052471234414,-1.0121392380261218,3.2054526608389606,141280.24296209414,-0.8559698511620069,-0.9876364258878501,3.324196028869242,151941.339527313,6.62550142267578,6.483899204875354,141625.76601595926,-0.613497532660166,-0.7454861187022099,141585.30611437582,-0.6418904460520533,-0.7738413253592813,3.2065883325392885,141380.37009768505,-0.7857051946069809,-0.9174650831373588,3.3264920709177854,152151.30559583483,6.77284603216479,6.63104813581461,1,1,1,0.001000899770367153,1,0,3.3270606522527757,,8.76561012595092e-05,1.4483476318349184e-11,1.156308357538917e-07,0.00011552688808338487,39.022008510725776,4.679889205538932,3.20542,3.20545,3.32420,0.038213741088309106,0.009547637768168716,1.909527553633743,0.007026368480936653,0.005695653884277881,47,27,0.9961634937322337,3.2054526608389606,-0.12205902336684948,3.324196028869242,-0.28359724726638724
143750.0,0.005,0,600.0,20.0,8192,0.01220703125,26,13.77899245574931,per_channel,3.221743080805816,3.3353638231912286,3.278553451998522,0.03465575414552185,3.465575414552185,-0.02627624824770187,3.2354794097994857,0.24674489340026298,3.221743080805816,3.221208339783952,2.6857909878771893,9.307811216213013,4.972644266412837,0.029379417466676872,10.405561209807528,-0.9730111338133661,0.005992358819386799,0.5368539116010892,0.9795307206775308,0.06634592272264267,0.8124093803301718,3.219910925775626,142557.61258652716,-0.8294868963289318,-0.9600449164351099,3.2205835940314884,142617.1819344907,-0.7880473499195043,-0.9186599252051009,3.2199583553615736,142561.81239111364,-0.8265652931383406,-0.9571271595363084,3.327734244900799,152264.9590644255,5.923449783948169,5.784001520005533,142719.89158240205,-0.7165971600681381,-0.8473037995571864,142672.51856403815,-0.7495523032778064,-0.880215557307662,3.220150354806716,142578.81422897498,-0.8147379276695783,-0.9453153647988932,3.325268607427888,152039.40553374932,5.766542979999526,5.627301283926944,1,1,1,0.001386359460175313,1,1,3.325762221074732,3.3095795238905135,7.544798039616486e-05,1.6601896711226995e-11,1.1954304962173247e-07,8.622803324515531e-05,38.57366623208554,4.679889205538932,3.21991,3.21996,3.32773,0.026389637473032378,0.0090569555188786,1.81139110377572,0.00709338330925779,0.006735002929462132,51,30,0.9952734878081904,3.2199583553615736,-0.055396268401264326,3.327734244900799,-0.22874800756007563
143750.0,0.005,1,600.0,20.0,8192,0.01220703125,26,13.77899245574931,per_channel,3.221743080805816,3.3353638231912286,3.278553451998522,0.03465575414552185,3.465575414552185,-0.02627624824770187,3.2354794097994857,0.24674489340026298,3.221743080805816,3.221208339783952,2.6857909878771893,9.307811216213013,5.012785338259876,0.03221643110818588,10.405561209807528,-0.9730111338133661,0.005992358819386799,0.5368539116010892,0.9795307206775308,0.06634592272264267,0.8124093803301718,3.2209069083123665,142645.818040197,-0.7681265807325304,-0.8987653817187025,3.2168575338196748,142287.3704022705,-1.017481459290093,-1.1477919844790518,3.220947709246893,142649.43200341362,-0.7656125193644396,-0.8962546301134244,3.3244901112193217,151968.22436943205,5.717025648300556,5.577849141814917,142719.89158240205,-0.7165971600681381,-0.8473037995571864,142672.51856403815,-0.7495523032778064,-0.880215557307662,3.213865335049191,142022.79288767415,-1.2015353824875479,-1.3316036006131182,3.3250959145424197,152023.61406246698,5.755557608672681,5.616330374845813,1,1,1,0.0005162322968571789,1,1,3.2296358980019413,3.2387273065947886,7.347299123247513e-05,1.996301822381095e-11,1.2790873401112562e-07,0.00024777359880393717,38.06673997259475,4.679889205538932,3.22091,3.22095,3.32449,0.02890014067863594,0.007228666094454102,1.4457332188908203,0.0036736876815166015,0.005188669952233831,26,28,0.9935812087051765,3.220947709246893,-0.02468761595738611,3.3244901112193217,-0.3260127694706183
143750.0,0.005,2,600.0,20.0,8192,0.01220703125,26,13.77899245574931,per_channel,3.221743080805816,3.3353638231912286,3.278553451998522,0.03465575414552185,3.465575414552185,-0.02627624824770187,3.2354794097994857,0.24674489340026298,3.221743080805816,3.221208339783952,2.6857909878771893,9.307811216213013,5.051865528316775,0.029208875180030538,10.405561209807528,-0.9730111338133661,0.005992358819386799,0.5368539116010892,0.9795307206775308,0.06634592272264267,0.8124093803301718,3.2219960784160326,142742.30752826403,-0.7010034585989323,-0.8317306272022207,3.2283495971444705,143305.8154190144,-0.3089979693812885,-0.44024121336767585,3.222041272684778,142746.31198965694,-0.6982177463256065,-0.828948582320177,3.326532546214753,152155.00823910758,5.846962253292233,5.707614685214213,142719.89158240205,-0.7165971600681381,-0.8473037995571864,142672.51856403815,-0.7495523032778064,-0.880215557307662,3.230111787310544,143462.3046796846,-0.20013587500201538,-0.3315224359791369,3.3285485623301794,152339.4885621167,5.9752963910376975,5.835779871016067,1,1,1,0.0007081713819967569,1,1,3.235714327991063,3.2248880973218257,6.371496286476941e-05,1.6409714019991444e-11,1.1304602516511392e-07,0.00015963088602418508,38.381542841714705,4.679889205538932,3.22200,3.22204,3.32653,0.027566072339886755,0.007364059022502083,1.4728118045004166,0.003958305053442142,0.006285833507012526,32,27,0.9630381177817878,3.222041272684778,0.009255607026470436,3.326532546214753,-0.2647770211774425
145000.0,0.005,0,600.0,20.0,8192,0.01220703125,26,13.77899245574931,per_channel,3.233656332722451,3.3374762631841564,3.2855662979533036,0.03159879334237714,3.159879334237714,-0.02195571272106722,3.249497823071362,0.27339217057099985,3.233656332722451,3.233018409946829,2.6915359112833466,8.50492870342292,4.968377703098665,0.03138399415509267,10.223471213946764,-0.9776060622158209,0.005990588802678926,0.6230913833384852,0.983077911734274,0.0756371336916034,0.6631079985916211,3.231691120687103,143602.62811850815,-0.9637047458564509,-1.092963558170712,3.230205462873796,143470.6258202211,-1.0547408136406287,-1.1838808087680452,3.2317604075075597,143608.78580858462,-0.9594580630450871,-1.0887224179856658,3.3288616844234378,152368.15156780867,5.08148383986805,4.944335052521898,143777.33257464512,-0.8432189140378513,-0.972634980371756,143720.61053700792,-0.8823375606841953,-1.0117025706878002,3.22985257657806,143439.28041338408,-1.0763583355971837,-1.2054701162683812,3.3238844122837263,151912.85431056257,4.767485731422464,4.630746763753657,1,1,1,0.0017380877886008042,1,1,3.3281198810965846,3.320857168292846,7.470711369439938e-05,1.894470187264796e-11,1.7877655743831765e-07,0.00010285818622673622,39.74822794852942,4.679889205538932,3.23169,3.23176,3.32886,0.05302845846882679,0.0077704538021843165,1.5540907604368632,0.004761954024777245,0.005479750088733805,27,27,0.9757046064180357,3.2317604075075597,-0.05863100527120357,3.3288616844234378,-0.2581165551871156
145000.0,0.005,1,600.0,20.0,8192,0.01220703125,26,13.77899245574931,per_channel,3.233656332722451,3.3374762631841564,3.2855662979533036,0.03159879334237714,3.159879334237714,-0.02195571272106722,3.249497823071362,0.27339217057099985,3.233656332722451,3.233018409946829,2.6915359112833466,8.50492870342292,4.997181543280104,0.03441235827342661,10.223471213946764,-0.9776060622158209,0.005990588802678926,0.6230913833384852,0.983077911734274,0.0756371336916034,0.6631079985916211,3.230818916081052,143525.12444197322,-1.017155557259845,-1.1463446073886163,3.2267316689648062,143162.21237313055,-1.267439742668588,-1.3963021303705636,3.2308782326442036,143530.39461989433,-1.0135209517970136,-1.1427147456895215,3.3239777238257124,151921.3837417315,4.773368097745857,4.6366214526121,143777.33257464512,-0.8432189140378513,-0.972634980371756,143720.61053700792,-0.8823375606841953,-1.0117025706878002,3.2293696000286394,143396.3851868506,-1.1059412504478703,-1.235014420502334,3.328115189275817,152299.8223049656,5.034360210321109,4.897272927137353,1,1,1,0.0008236486974127228,1,1,3.24313193471233,3.253334818551159,9.90469635377317e-05,2.277719387094467e-11,1.3977817039554454e-07,0.00016970605409153338,37.879391331821616,4.679889205538932,3.23082,3.23088,3.32398,0.034734063397715,0.008982678446100675,1.796535689220135,0.006103329076668193,0.0052251077499452505,39,27,0.9673768424079205,3.2308782326442036,-0.08591203864599661,3.3239777238257124,-0.40445349401723174
145000.0,0.005,2,600.0,20.0,8192,0.01220703125,26,13.77899245574931,per_channel,3.233656332722451,3.3374762631841564,3.2855662979533036,0.03159879334237714,3.159879334237714,-0.02195571272106722,3.249497823071362,0.27339217057099985,3.233656332722451,3.233018409946829,2.6915359112833466,8.50492870342292,5.031948029035912,0.03243289809006774,10.223471213946764,-0.9776060622158209,0.005990588802678926,0.6230913833384852,0.983077911734274,0.0756371336916034,0.6631079985916211,3.2315031908774565,143585.92699895377,-0.9752227593422266,-1.1044665387360708,3.232749003648977,143696.65915816,-0.8988557529930981,-1.0281992040125476,3.231567877099693,143591.67548416098,-0.971258286785531,-1.1005072404744687,3.3235436101744287,151881.70427005502,4.746002944865533,4.6092920158008255,143777.33257464512,-0.8432189140378513,-0.972634980371756,143720.61053700792,-0.8823375606841953,-1.0117025706878002,3.2342862497993083,143833.35375256202,-0.8045836189227452,-0.9340501107329757,3.327446245436063,152238.60459866512,4.992141102527666,4.855108922290952,1,1,1,0.0011366029132257448,1,1,3.2424439732933084,3.2471659457227138,8.365125661163219e-05,2.023218845764982e-11,1.5442999980522362e-07,0.00013586979059110657,38.826888092010094,4.679889205538932,3.23150,3.23157,3.32354,0.028290093218534967,0.007349960638045679,1.4699921276091357,0.004422143186707214,0.0031810375980297163,37,24,0.9789633405500524,3.231567877099693,-0.06458495918765239,3.3235436101744287,-0.4174607371270178
146250.0,0.005,0,600.0,20.0,8192,0.01220703125,26,13.77899245574931,per_channel,3.244990990585411,3.34010702780531,3.2925490091953606,0.02888826770816808,2.8888267708168076,-0.017672016016535605,3.263456019782496,0.3141998477339231,3.244990990585411,3.2442084062180947,2.697256148332839,7.791905769054138,4.974109113304944,0.035186234401700926,9.98802944497906,-0.9813429160752632,0.005988862944108241,0.697924732532343,0.9859441138796452,0.08701021282740813,0.5399701995911511,3.2451378660707215,144800.146834833,-0.9913525915671833,-1.1194722803058887,3.2428417241902663,144595.30866205285,-1.1314128806476251,-1.2593513278371216,3.2452689134255603,144811.84190613686,-0.9833559616158207,-1.1114859981955272,3.3282698950968213,152313.98180085732,4.146312342466544,4.011544385627808,144787.0397734817,-1.0003146847988416,-1.128422776362692,144717.21251592206,-1.0480598181729508,-1.1761061263291128,3.2413825115078314,144465.20805624622,-1.2203705598316434,-1.3481938935389737,3.324828221396881,151999.13714971076,3.9310339485201786,3.7965445673568965,1,1,1,0.0025269750050903226,1,1,3.331722737724817,3.318949975377313,0.00010166681084585053,2.3813154510392295e-11,2.21556713966505e-07,8.767665430809666e-05,39.686679853801294,4.679889205538932,3.24514,3.24527,3.32827,0.05067839571332322,0.00797831163381909,1.595662326763818,0.004914867271810032,0.005586609190493049,23,24,0.9444882100823278,3.2452689134255603,0.008564672165678466,3.3282698950968213,-0.35439381462775144
146250.0,0.005,1,600.0,20.0,8192,0.01220703125,26,13.77899245574931,per_channel,3.244990990585411,3.34010702780531,3.2925490091953606,0.02888826770816808,2.8888267708168076,-0.017672016016535605,3.263456019782496,0.3141998477339231,3.244990990585411,3.2442084062180947,2.697256148332839,7.791905769054138,4.985525560485941,0.03772054017056797,9.98802944497906,-0.9813429160752632,0.005988862944108241,0.697924732532343,0.9859441138796452,0.08701021282740813,0.5399701995911511,3.2433673214403074,144642.18424956952,-1.0993611968755443,-1.2273411197528117,3.24952017140155,145191.49348475144,-0.7237651386314955,-0.8522310922882581,3.2434713659129524,144651.46439558695,-1.093015797889262,-1.2210039318729882,3.3262795258096745,152131.8629025337,4.0217866000230424,3.887179782638084,144787.0397734817,-1.0003146847988416,-1.128422776362692,144717.21251592206,-1.0480598181729508,-1.1761061263291128,3.2494455886144307,145184.82870877953,-0.7283222504071573,-0.8567823070462444,3.329959823667025,152468.6958745022,4.252099743249376,4.117194894843923,1,1,1,0.0009436500168988603,1,1,3.2603851513944235,3.262141689350154,7.64513238595636e-05,2.7366997563070047e-11,1.430229624159002e-07,0.00015156356684644588,37.18178615764359,4.679889205538932,3.24337,3.24347,3.32628,0.01856982363888861,0.0088933180222518,1.77866360445036,0.006016809901133421,0.005183923338536189,37,25,0.9854517020733485,3.2434713659129524,-0.046829857983199386,3.3262795258096745,-0.41398379993593526
146250.0,0.005,2,600.0,20.0,8192,0.01220703125,26,13.77899245574931,per_channel,3.244990990585411,3.34010702780531,3.2925490091953606,0.02888826770816808,2.8888267708168076,-0.017672016016535605,3.263456019782496,0.3141998477339231,3.244990990585411,3.2442084062180947,2.697256148332839,7.791905769054138,5.033177037896534,0.033992114879248594,9.98802944497906,-0.9813429160752632,0.005988862944108241,0.697924732532343,0.9859441138796452,0.08701021282740813,0.5399701995911511,3.243767932028801,144677.91795680305,-1.0749278927842378,-1.2029394329737153,3.242079011865791,144527.29938873413,-1.1779149478740998,-1.3057932202148792,3.24389065024698,144688.8650729469,-1.0674426851645071,-1.195463911401573,3.3274965029781227,152243.20343830998,4.097916880895714,3.963211549005785,144787.0397734817,-1.0003146847988416,-1.128422776362692,144717.21251592206,-1.0480598181729508,-1.1761061263291128,3.243940989620233,144693.3557319016,-1.0643721491271136,-1.1923973487153128,3.329628152775603,152438.32499164325,4.2313333276193195,4.096455351479866,1,1,1,0.0014310382592517754,1,1,3.2578248085406174,3.3263689161245042,7.268482142906387e-05,2.222428094286788e-11,1.6271614116528275e-07,0.00011370495520529242,38.64602917893151,4.679889205538932,3.24377,3.24389,3.32750,0.03063550730948068,0.0076889318314926685,1.5377863662985336,0.004714308792107463,0.0036862313090153124,29,22,0.9897694735638944,3.24389065024698,-0.03390888731658048,3.3274965029781227,-0.3775485253079913
147500.0,0.005,0,600.0,20.0,8192,0.01220703125,26,13.77899245574931,per_channel,3.255598628041319,3.3434053135523825,3.2995019707968507,0.02661210276224131,2.661210276224131,-0.013424572360344765,3.2773547693168195,0.37893769677871214,3.255598628041319,3.2546063271199586,2.7029520144767805,7.193123677066324,5.001855383636564,0.03738876144780345,9.698995252901527,-0.9842368457932387,0.005987179619803083,0.7584715716187324,0.9881524419208837,0.10096655633739526,0.43836301677664097,3.257167930309795,145875.71523578066,-1.1012100096402286,-1.2281043763278654,3.257425018052197,145898.7440381949,-1.085597262240737,-1.212511661222948,3.2574152829131555,145897.87197364765,-1.086188492442272,-1.213102132832955,3.3264221544273593,152144.90980514587,3.149091393319235,3.0167435796803144,145735.18336993712,-1.1964858508900882,-1.3232579717187276,145646.3572372774,-1.2567069577780292,-1.3834018105306711,3.2607815505329247,146199.5744040687,-0.8816444718178315,-1.0088205571177067,3.3266625433718913,152166.90056526117,3.1640003832279096,3.0316334402666456,1,1,1,0.0032907688292610105,1,1,3.3331382205960702,3.3112101427872274,9.497302780334768e-05,2.6887690750766567e-11,2.0449358696722773e-07,6.214158379917246e-05,38.81126188395341,4.679889205538932,3.25717,3.25742,3.32642,0.037506087721545164,0.00915579379003737,1.831158758007474,0.007200985428686127,0.006175571196206707,35,24,0.9935296872633874,3.2574152829131555,0.055800947211026575,3.3264221544273593,-0.5079599250555233
147500.0,0.005,1,600.0,20.0,8192,0.01220703125,26,13.77899245574931,per_channel,3.255598628041319,3.3434053135523825,3.2995019707968507,0.02661210276224131,2.661210276224131,-0.013424572360344765,3.2773547693168195,0.37893769677871214,3.255598628041319,3.2546063271199586,2.7029520144767805,7.193123677066324,4.974957210178396,0.03890815329953261,9.698995252901527,-0.9842368457932387,0.005987179619803083,0.7584715716187324,0.9881524419208837,0.10096655633739526,0.43836301677664097,3.253156173270179,145516.59495568078,-1.3446813859791353,-1.471263361118702,3.2567982615818525,145842.60510383543,-1.1236575567217393,-1.2505231215679147,3.2533164798127117,145530.9366200384,-1.3349582237027728,-1.461552674369293,3.326562936564915,152157.78835025162,3.157822610340081,3.0254635939123586,145735.18336993712,-1.1964858508900882,-1.3232579717187276,145646.3572372774,-1.2567069577780292,-1.3834018105306711,3.2609820154954154,146217.55094903745,-0.8694569837034214,-0.996648706440173,3.328669394544981,152350.54914998118,3.288507898292323,3.155981203100766,1,1,1,0.0012228213782853243,1,1,3.267860834541763,3.2685860760147163,6.297188437941504e-05,2.9117399389038244e-11,1.9616622343395975e-07,0.00016042099599945637,38.28471647679198,4.679889205538932,3.25316,3.25332,3.32656,0.03676336409616791,0.0074951371041958,1.49902742083916,0.004314331423219573,0.005157505925378975,21,25,0.9553537880377704,3.2533164798127117,-0.07009918879282706,3.326562936564915,-0.5037491840788055
147500.0,0.005,2,600.0,20.0,8192,0.01220703125,26,13.77899245574931,per_channel,3.255598628041319,3.3434053135523825,3.2995019707968507,0.02661210276224131,2.661210276224131,-0.013424572360344765,3.2773547693168195,0.37893769677871214,3.255598628041319,3.2546063271199586,2.7029520144767805,7.193123677066324,5.019652212685268,0.036421972397994745,9.698995252901527,-0.9842368457932387,0.005987179619803083,0.7584715716187324,0.9881524419208837,0.10096655633739526,0.43836301677664097,3.251085272550754,145331.38742920067,-1.470245810711413,-1.5966666775284688,3.249247586132298,145167.13579481526,-1.5816028509727063,-1.7078808385785682,3.251241694396884,145345.3726365399,-1.4607643142102436,-1.5871973464793965,3.328614925071287,152345.5631418508,3.285127553797161,3.1526051958343126,145735.18336993712,-1.1964858508900882,-1.3232579717187276,145646.3572372774,-1.2567069577780292,-1.3834018105306711,3.248153279987949,145069.3712915765,-1.6478838701176228,-1.7740768143377328,3.3325793747183776,152708.67272097708,3.5313035396454753,3.398465319923183,1,1,1,0.0017622201024981687,1,1,3.3255414530384737,3.276949044670175,7.976192243117948e-05,2.551515838985739e-11,1.6423863518262035e-07,9.319984203436984e-05,38.08677058768994,4.679889205538932,3.25109,3.25124,3.32861,0.028214753845935414,0.008008016744213444,1.6016033488426888,0.005793994550627549,0.005895534458843311,26,24,0.9952541450463358,3.251241694396884,-0.13382895566141917,3.328614925071287,-0.4423749768280527
148750.0,0.005,0,600.0,20.0,8192,0.01220703125,26,13.77899245574931,per_channel,3.26530853350034,3.347542585853579,3.3064255596769594,0.024870982536583437,2.4870982536583437,-0.00921280977873607,3.291194824812532,0.4843858081156664,3.26530853350034,3.2640064444733707,2.708623818487365,6.7366135687773205,4.978110814368174,0.03941957981267532,9.374563547838498,-0.9863086576616086,0.0059855372843356245,0.8040133889091459,0.9897274958959613,0.11801279962679263,0.35502262388683653,3.266034390157443,146670.98376825266,-1.3976579709225843,-1.523110183001597,3.266259480522572,146691.20116892428,-1.3840664410593082,-1.5095359457041213,3.266367847100844,146700.93504789527,-1.37752265687713,-1.5030004872085612,3.3285904482273954,152343.3226154215,2.41567906919092,2.2853751309029446,146605.79751056444,-1.4414806651667607,-1.5668771214308763,146488.8984565008,-1.5200682645372678,-1.6453647334381816,3.2717141870532385,147181.5636742747,-1.0544109752775217,-1.180299902083648,3.329944846601206,152467.3243693315,2.4990415928279,2.3686315920187218,2,2,1,0.0032872172938904058,1,1,3.335630874236101,3.3441965554220245,9.210243860300992e-05,2.988789495425999e-11,1.9834913178836056e-07,6.0339525518136744e-05,38.2193497566935,4.679889205538932,3.26603;3.36097,3.26637;3.36005,3.32859,0.04904475156736851,0.009029740476014533,1.8059480952029066,0.00634833223324977,0.006781978030885487,37,25,0.99461079089214,3.266367847100844,0.032441455061160696,3.3600473012214325,0.37354910496725235
148750.0,0.005,1,600.0,20.0,8192,0.01220703125,26,13.77899245574931,per_channel,3.26530853350034,3.347542585853579,3.3064255596769594,0.024870982536583437,2.4870982536583437,-0.00921280977873607,3.291194824812532,0.4843858081156664,3.26530853350034,3.2640064444733707,2.708623818487365,6.7366135687773205,4.967859507820645,0.04247252569966791,9.374563547838498,-0.9863086576616086,0.0059855372843356245,0.8040133889091459,0.9897274958959613,0.11801279962679263,0.35502262388683653,3.2594110909805094,146076.70907509286,-1.797170369685471,-1.9221142803068525,3.2612634370417437,146242.78907954824,-1.6855199465221928,-1.8106059104891492,3.2596159908813798,146095.075610132,-1.7848231192390012,-1.9097827393237732,3.325771680357815,152085.41246071312,2.2422940912357134,2.1122107514505606,146605.79751056444,-1.4414806651667607,-1.5668771214308763,146488.8984565008,-1.5200682645372678,-1.6453647334381816,3.261725778871708,146284.25702764842,-1.6576423343540043,-1.7827637671348096,3.330332551989305,152502.82996904443,2.5229109035592776,2.392470533716562,1,1,1,0.0012138785988658456,1,1,3.2784200282223077,3.2791879499854097,9.413458658385331e-05,3.4696648180648333e-11,1.9825926056126324e-07,0.00016332709114939614,37.569459596475696,4.679889205538932,3.25941,3.25962,3.32577,0.028380670178539846,0.006879087787955617,1.3758175575911233,0.0039131090175335646,0.005834695774199262,21,20,0.9892537523495237,3.2596159908813798,-0.17433398898014651,3.325771680357815,-0.6503548479940391
148750.0,0.005,2,600.0,20.0,8192,0.01220703125,26,13.77899245574931,per_channel,3.26530853350034,3.347542585853579,3.3064255596769594,0.024870982536583437,2.4870982536583437,-0.00921280977873607,3.291194824812532,0.4843858081156664,3.26530853350034,3.2640064444733707,2.708623818487365,6.7366135687773205,5.01283880409942,0.04006980150060039,9.374563547838498,-0.9863086576616086,0.0059855372843356245,0.8040133889091459,0.9897274958959613,0.11801279962679263,0.35502262388683653,3.2618379715929375,146294.32060272605,-1.6508769057303894,-1.776006946197084,3.2647549681494215,146556.09377827452,-1.4748949389751147,-1.6002488821053484,3.262138497612535,146321.2791920793,-1.6327534843164402,-1.75790658329531,3.329484480081022,152425.1699176304,2.470702465633889,2.340328520826218,146605.79751056444,-1.4414806651667607,-1.5668771214308763,146488.8984565008,-1.5200682645372678,-1.6453647334381816,3.2679137191908882,146839.82604604532,-1.2841505572804595,-1.409747185362531,3.3353358427133677,152961.39627571675,2.83119077359109,2.7003581778555885,1,1,1,0.003605984308354482,1,1,3.334799322262931,3.2976759639699798,8.27690960753066e-05,3.088202205853376e-11,2.2019464227512365e-07,6.106367178719228e-05,38.53101018768342,4.679889205538932,3.26184,3.26214,3.32948,0.027161930102377895,0.009340043014392962,1.8680086028785923,0.006831688489804155,0.005468906710449557,20,22,0.9961524856993735,3.262138497612535,-0.09708227737997843,3.329484480081022,-0.5394436458812768
150000.0,0.005,0,600.0,20.0,8192,0.01220703125,26,13.77899245574931,per_channel,3.273951876956742,3.3526884132678387,3.3133201451122902,0.023763636733759738,2.3763636733759737,-0.005036169828784746,3.3049769236383306,0.6565576227083986,3.273951876956742,3.2722001652253243,2.714271862875988,6.45009705460503,4.9869774643323375,0.04341771074136608,9.062365714187823,-0.9875842456894679,0.005983934466027919,0.8355126023054055,0.9906950793429052,0.13853011677473256,0.28749890574722275,3.274449480205598,147427.76672825727,-1.714822181161823,-1.8388301062049917,3.276912959262396,147649.67996050022,-1.5668800263331892,-1.691074612275334,3.2748664653200827,147465.31752807324,-1.6897883146178405,-1.813827825276626,3.329826804754543,152456.51505785045,1.6376767052336363,1.5094388806283998,147382.96227364292,-1.7446918175713897,-1.8686620556335298,147225.2914178838,-1.8498057214108024,-1.9736433356389416,3.2805261278851523,147975.4605413858,-1.3496929724094613,-1.474161586607936,3.330831591785117,152548.5375264644,1.69902501764294,1.5707097889255728,2,2,1,0.003748760982612438,1,1,3.335778734230138,3.3459325184618818,8.30166212440808e-05,3.625811221358965e-11,2.280898593854573e-07,6.084406566419872e-05,37.987007887568815,4.679889205538932,3.27445;3.35991,3.27487;3.35910,3.32983,0.0330658996641315,0.00823561900084826,1.647123800169652,0.005621914995643889,0.007197197127637984,31,24,0.9823101870629881,3.2748664653200827,0.02793530258577981,3.3590982087819294,0.1911837523798754
150000.0,0.005,1,600.0,20.0,8192,0.01220703125,26,13.77899245574931,per_channel,3.273951876956742,3.3526884132678387,3.3133201451122902,0.023763636733759738,2.3763636733759737,-0.005036169828784746,3.3049769236383306,0.6565576227083986,3.273951876956742,3.2722001652253243,2.714271862875988,6.45009705460503,4.968429872308407,0.043589507683998746,9.062365714187823,-0.9875842456894679,0.005983934466027919,0.8355126023054055,0.9906950793429052,0.13853011677473256,0.28749890574722275,3.2695630297808376,146988.0830785077,-2.0079446143281916,-2.131582702275614,3.268821368777285,146921.40568840632,-2.052396207729122,-2.175978210415419,3.2698616363059387,147014.9329080486,-1.9900447279676057,-2.1137054004777833,3.322245230265604,151763.05883781015,1.175372558540102,1.0477180302084665,147382.96227364292,-1.7446918175713897,-1.8686620556335298,147225.2914178838,-1.8498057214108024,-1.9736433356389416,3.269426947611003,146975.84777926878,-2.0161014804874817,-2.139729276791036,3.3257314182285023,152081.73016014227,1.3878201067615106,1.2598975300809778,1,1,1,0.0017941249787688466,1,1,3.2913937254504964,3.3065493641840886,8.762218894330054e-05,3.6545615002707376e-11,2.0008999819870462e-07,0.0001115251170161006,37.383901055673235,4.679889205538932,3.26956,3.26986,3.32225,0.02269597036010674,0.007332677120246747,1.4665354240493493,0.004516929527238144,0.004939817087034378,24,22,0.97955268239002,3.2698616363059387,-0.12493282749792556,3.322245230265604,-0.9080230325538063
150000.0,0.005,2,600.0,20.0,8192,0.01220703125,26,13.77899245574931,per_channel,3.273951876956742,3.3526884132678387,3.3133201451122902,0.023763636733759738,2.3763636733759737,-0.005036169828784746,3.3049769236383306,0.6565576227083986,3.273951876956742,3.2722001652253243,2.714271862875988,6.45009705460503,5.007289780422785,0.04074628694213865,9.062365714187823,-0.9875842456894679,0.005983934466027919,0.8355126023054055,0.9906950793429052,0.13853011677473256,0.28749890574722275,3.269345936169014,146968.56419224164,-2.02095720517224,-2.1445788749330563,3.2748790413034454,147466.4501085679,-1.689033260954738,-1.8130737242763595,3.269797080390855,147009.1280203227,-1.9939146531181953,-2.11757044288412,3.328801574181881,152362.64890379185,1.5750992691945673,1.4469403995057473,147382.96227364292,-1.7446918175713897,-1.8686620556335298,147225.2914178838,-1.8498057214108024,-1.9736433356389416,3.278026819504926,147750.07265416172,-1.4999515638921876,-1.6242305945078694,3.3350643144960848,152936.49225009704,1.9576615000646949,1.8290199457076328,2,2,1,0.004602241963832531,1,1,3.336192204704897,3.334436452283611,7.924261299099172e-05,3.193356649019235e-11,2.3087505725652382e-07,5.01657798679194e-05,38.59129590863446,4.679889205538932,3.26935;3.35838,3.26980;3.35757,3.32880,0.035666884306559815,0.00958927848109692,1.917855696219384,0.0063611515030664615,0.006527047844993807,58,19,0.9893228743374339,3.269797080390855,-0.1269046315289568,3.3575718583504424,0.14565758819931052
151250.0,0.005,0,600.0,20.0,8192,0.01220703125,26,13.77899245574931,per_channel,3.2814039099948706,3.3589682669326875,3.320186088463779,0.023361448687264745,2.3361448687264743,-0.0008941068797919477,3.3187017878518366,0.9263280656782047,3.2814039099948706,3.2790487942659423,2.719896443669528,6.354072120345954,4.991629721340155,0.04436235288492599,8.834908536043473,-0.9880939586152434,0.005982369762614781,0.8549182932224648,0.9910819300506686,0.16259505554465387,0.23370097021328062,3.281135033997248,148030.39778070667,-2.128662624326169,-2.251129133900709,3.3628835532913355,155498.55465371368,2.8089617545214436,2.6803167902584857,3.2816380692469567,148075.79074104977,-2.098650749719159,-2.2211548131846226,3.3290853865746186,152388.6307776893,0.752813737315245,0.6267416332746079,148054.65978228234,-2.112621631548867,-2.2351082132349043,147842.21368368278,-2.2530818620279107,-2.3753926856767027,3.2885414726808357,148699.4439912003,-1.6863180223469092,-1.809338038197006,3.3330503817373183,152751.84164899014,0.9929531563571192,0.866580565603492,2,2,1,0.0031378260331507398,1,2,3.3477574063162567,3.340540510767197,6.878500085119035e-05,3.7853016242349567e-11,2.0013576419051918e-07,6.378166350718933e-05,37.23224212734811,4.679889205538932,3.28114;3.36401,3.28164;3.36337,3.32909,0.023634205761081797,0.006939932467041076,1.3879864934082151,0.004972338945315841,0.007358807707530245,22,24,0.9986050141846964,3.2816380692469567,0.007135947250280772,3.363365031876354,0.13089629297633465
151250.0,0.005,1,600.0,20.0,8192,0.01220703125,26,13.77899245574931,per_channel,3.2814039099948706,3.3589682669326875,3.320186088463779,0.023361448687264745,2.3361448687264743,-0.0008941068797919477,3.3187017878518366,0.9263280656782047,3.2814039099948706,3.2790487942659423,2.719896443669528,6.354072120345954,4.9915739934804435,0.04386695924816745,8.834908536043473,-0.9880939586152434,0.005982369762614781,0.8549182932224648,0.9910819300506686,0.16259505554465387,0.23370097021328062,3.271536401846913,147165.5683933799,-2.7004506490050337,-2.8222016796102034,3.270863144165496,147105.00348307766,-2.7404935649073345,-2.862194489768821,3.271935395915878,147201.46698189888,-2.676716045025536,-2.798496774766135,3.3276336154223825,152255.75032922425,0.6649588953548742,0.5389967241723248,148054.65978228234,-2.112621631548867,-2.2351082132349043,147842.21368368278,-2.2530818620279107,-2.3753926856767027,3.275768142296151,147546.53267863268,-2.448573435614759,-2.5706396404475473,3.3283297750820746,152319.46251084603,0.707082651799029,0.5810677711147738,2,2,1,0.003013738128907256,1,1,3.345354171391868,3.294672973971028,7.48724535926719e-05,3.701232859917701e-11,2.069722504274054e-07,6.8676255724465e-05,37.475657125912214,4.679889205538932,3.27154;3.36152,3.27194;3.36083,3.32763,0.025566432495212992,0.008065157426622855,1.6130314853245709,0.00599301612982432,0.007564882234175172,24,23,0.9971787550609148,3.271935395915878,-0.28855070386648585,3.360829988953729,0.055425412599729995
151250.0,0.005,2,600.0,20.0,8192,0.01220703125,26,13.77899245574931,per_channel,3.2814039099948706,3.3589682669326875,3.320186088463779,0.023361448687264745,2.3361448687264743,-0.0008941068797919477,3.3187017878518366,0.9263280656782047,3.2814039099948706,3.2790487942659423,2.719896443669528,6.354072120345954,5.018578284881038,0.04398898525815259,8.834908536043473,-0.9880939586152434,0.005982369762614781,0.8549182932224648,0.9910819300506686,0.16259505554465387,0.23370097021328062,3.2787000983712336,147810.77210706862,-2.273869681276943,-2.396154493105185,3.2811479270555806,148031.56113929057,-2.127893461626069,-2.250360933654716,3.279210409664716,147856.7875242347,-2.2434462649687887,-2.3657691456505203,3.3280737626699337,152296.03083436514,0.6915906342910025,0.5655951387849134,148054.65978228234,-2.112621631548867,-2.2351082132349043,147842.21368368278,-2.2530818620279107,-2.3753926856767027,3.287204019754921,148578.5161780275,-1.7662702955190124,-1.889190267003804,3.3317454640305137,152632.25775995865,0.9138894280718355,0.7876157698463615,2,2,1,0.0036099591729842548,1,1,3.3447208051396404,3.332409619690299,0.00011321826597801502,3.721853156609933e-11,2.3101716575740556e-07,6.399439846474218e-05,37.928850170777636,4.679889205538932,3.27870;3.36905,3.27921;3.36828,3.32807,0.03536268031006749,0.007593217297203376,1.518643459440675,0.005140485241876156,0.006954459206269319,19,23,0.9946010388745432,3.279210409664716,-0.06684639838069328,3.3682761297977244,0.27710481687690525
152500.0,0.005,0,600.0,20.0,8192,0.01220703125,26,13.77899245574931,per_channel,3.287627972656937,3.3664195144610156,3.3270237435589762,0.023682290202051298,2.3682290202051295,0.0032139121894773815,3.3323701246410287,1.3107411517863836,3.3664195144610156,3.3684210769098564,2.7254978507235132,6.454603104590133,4.96807677981544,0.046432115302232256,8.754863775403336,-0.9878719250491445,0.005980841837176538,0.8645450706301605,0.9909154655347637,0.18984745115163276,0.19158123729633433,3.372324537841612,156372.8758422688,2.5395907162418436,2.412333215121776,3.3670110571839724,155880.49756398806,2.2167197140905297,2.0898629143642378,3.371838496894787,156327.80417569831,2.5100355250480755,2.382814703611902,3.329892220017118,152462.5052077948,-0.02458674898701262,-0.14866195910736568,155825.72977597918,2.1808064104781533,2.053994181217167,156011.08258134517,2.3023492336689615,2.175386162807702,3.36171527491246,155390.53185672165,1.8954307257191119,1.7689726640169656,3.3304299515578015,152511.75035570786,0.007705151283842527,-0.11641013493300933,2,2,1,0.0035587005209295705,1,1,3.349732235399074,3.3452259227546355,7.400482480228483e-05,4.146754124114658e-11,2.367379715952178e-07,6.65237128561128e-05,37.56559636940643,4.679889205538932,3.28520;3.37232,3.28576;3.37184,3.32989,0.034691325717645265,0.0075797838392517025,1.5159567678503405,0.004849066237037114,0.006640660648899658,31,21,0.9963785683562039,3.285755647094452,-0.056950651900311566,3.371838496894787,0.16097169145119494
152500.0,0.005,1,600.0,20.0,8192,0.01220703125,26,13.77899245574931,per_channel,3.287627972656937,3.3664195144610156,3.3270237435589762,0.023682290202051298,2.3682290202051295,0.0032139121894773815,3.3323701246410287,1.3107411517863836,3.3664195144610156,3.3684210769098564,2.7254978507235132,6.454603104590133,5.005394313711105,0.04381960683855776,8.754863775403336,-0.9878719250491445,0.005980841837176538,0.8645450706301605,0.9909154655347637,0.18984745115163276,0.19158123729633433,3.2804040121202043,147964.44413759708,-2.974134991739621,-3.0945496436678988,3.277749352691404,147725.06126219762,-3.1311073690507425,-3.2513272092741907,3.280905503675782,148009.687705688,-2.9444670782373743,-3.064918549744411,3.3270977991751174,152206.72177254377,-0.19231359177457977,-0.31618064328287065,155825.72977597918,2.1808064104781533,2.053994181217167,156011.08258134517,2.3023492336689615,2.175386162807702,3.285188964646786,148396.41483475902,-2.690875518190804,-2.8116417113386527,3.327004469983835,152198.18272027076,-0.19791297031425276,-0.3217730726732815,2,2,1,0.0034878119672312096,1,2,3.3465816228827423,3.2863648744800154,7.876036765468573e-05,3.693246543858254e-11,1.882612579708181e-07,5.3976894322164054e-05,37.07352656252207,4.679889205538932,3.28040;3.37135,3.28091;3.37071,3.32710,0.028362304126734794,0.008712416742512911,1.7424833485025821,0.006507655290099436,0.007640850396432223,26,21,0.9969989107955505,3.280905503675782,-0.20447778876032663,3.3707146926380105,0.12758891631134972
152500.0,0.005,2,600.0,20.0,8192,0.01220703125,26,13.77899245574931,per_channel,3.287627972656937,3.3664195144610156,3.3270237435589762,0.023682290202051298,2.3682290202051295,0.0032139121894773815,3.3323701246410287,1.3107411517863836,3.3664195144610156,3.3684210769098564,2.7254978507235132,6.454603104590133,5.026456950851104,0.04206979607730283,8.754863775403336,-0.9878719250491445,0.005980841837176538,0.8645450706301605,0.9909154655347637,0.18984745115163276,0.19158123729633433,3.279909114048449,147919.8022007486,-3.0034083929517283,-3.12378671491359,3.3703147595686818,156186.5467052894,2.4174076755996032,2.2903018106263495,3.280493271644933,147972.49644798055,-2.968854788209476,-3.0892759931725577,3.3257447799304605,152082.95219197724,-0.2734739724739424,-0.3972402993044244,155825.72977597918,2.1808064104781533,2.053994181217167,156011.08258134517,2.3023492336689615,2.175386162807702,3.290854703430086,148908.71433745892,-2.354941418059724,-2.4761245246536556,3.324626258155375,151980.6716507229,-0.3405431798538269,-0.46422626995911154,2,2,1,0.004483408054242225,1,1,3.3488325279154534,3.308067440758205,8.59609399546723e-05,3.404177215395743e-11,2.2071681188998602e-07,4.922969518269536e-05,38.11823253819265,4.679889205538932,3.27991;3.37739,3.28049;3.37672,3.32574,0.044151055546161236,0.00958009915099929,1.9160198301998579,0.005008086960991609,0.006791002496634233,38,18,0.9914884938441056,3.280493271644933,-0.21701667802266345,3.376718261802892,0.3059258448816715
153750.0,0.005,0,600.0,20.0,8192,0.01220703125,26,13.77899245574931,per_channel,3.292692004626946,3.3749749098476967,3.333833457237321,0.024681168473525576,2.4681168473525577,0.007288408175132924,3.3459826267494512,1.790225021930778,3.3749749098476967,3.376473741096867,2.731076368168814,6.7406155956838845,4.985834474426172,0.04367342452212914,8.832469234835115,-0.9869553598395412,0.005979349414510901,0.8666504001482417,0.9902235455300971,0.21952285318665776,0.1590419223999893,3.378346772080858,156931.87004590084,2.0695089729436353,1.9438634731771431,3.3725679978133396,156395.45487327682,1.7206210557897992,1.5954050299882283,3.3778788450663657,156888.40051426966,2.041236106842052,1.9156254104015114,3.3295237546231204,152428.76594824507,-0.8593392206536137,-0.9813793675705895,156618.7650788952,1.8658634659480986,1.7404686496791166,156757.90520935424,1.9563611117751163,1.8308548947357117,3.3685471853630378,156022.7644252371,1.4782207643818603,1.3533031284330255,3.328839662012085,152366.13556154005,-0.9000744315186644,-1.022064434215486,2,2,1,0.0027636735291036822,1,1,3.3530793738137192,3.3482431459274347,7.074029465994899e-05,3.6686462865273796e-11,1.5394374304684165e-07,5.570257898615429e-05,36.228562007928545,4.679889205538932,3.29023;3.37835,3.29097;3.37788,3.32952,0.027224132221204612,0.00925302959177168,1.850605918354336,0.0058129986889075905,0.007515926407613254,31,26,0.9899389511469565,3.2909716389451487,-0.052247998882981594,3.3778788450663657,0.0860431646527493
153750.0,0.005,1,600.0,20.0,8192,0.01220703125,26,13.77899245574931,per_channel,3.292692004626946,3.3749749098476967,3.333833457237321,0.024681168473525576,2.4681168473525577,0.007288408175132924,3.3459826267494512,1.790225021930778,3.3749749098476967,3.376473741096867,2.731076368168814,6.7406155956838845,5.003199039641681,0.04163738434807621,8.832469234835115,-0.9869553598395412,0.005979349414510901,0.8666504001482417,0.9902235455300971,0.21952285318665776,0.1590419223999893,3.3783533498762943,156932.4811535302,2.0699064413204646,1.9442604522784457,3.3748639598042316,156608.4677738006,1.8591660317402272,1.7337794598772271,3.377868779585146,156887.4655163206,2.040627978094702,1.915018030248361,3.325077209632288,152021.90368772057,-1.1239650811573558,-1.2456794789957981,156618.7650788952,1.8658634659480986,1.7404686496791166,156757.90520935424,1.9563611117751163,1.8308548947357117,3.368695586254808,156036.5118517236,1.4871621799828272,1.3622335373323802,3.3237546482674754,151900.99322584516,-1.2026060319706282,-1.3242236243902195,2,2,1,0.0035958670124813285,1,1,3.3591696370578625,3.32257254013101,8.166016402083774e-05,3.3345576150211526e-11,1.8386255754852376e-07,5.113163443206688e-05,37.41455071277819,4.679889205538932,3.28151;3.37835,3.28147;3.37787,3.32508,0.030120249000650037,0.008861279838935053,1.7722559677870107,0.006406995090268294,0.007293537391485048,50,22,0.9922466923502915,3.281469749099029,-0.34082311713781177,3.377868779585146,0.08574492595501138
153750.0,0.005,2,600.0,20.0,8192,0.01220703125,26,13.77899245574931,per_channel,3.292692004626946,3.3749749098476967,3.333833457237321,0.024681168473525576,2.4681168473525577,0.007288408175132924,3.3459826267494512,1.790225021930778,3.3749749098476967,3.376473741096867,2.731076368168814,6.7406155956838845,5.033380223276905,0.04188780264666539,8.832469234835115,-0.9869553598395412,0.005979349414510901,0.8666504001482417,0.9902235455300971,0.21952285318665776,0.1590419223999893,3.3844444728539482,157498.88536018503,2.4382994212585545,2.3121999479141397,3.3781255568772193,156911.31882287157,2.0561423238189094,1.930513278126944,3.3840024436649268,157457.74740754018,2.4115430292944287,2.285476492526972,3.3260934527150208,152114.84277266377,-1.0635168958284393,-1.1853057041596227,156618.7650788952,1.8658634659480986,1.7404686496791166,156757.90520935424,1.9563611117751163,1.8308548947357117,3.3721102878794182,156353.00716230544,1.6930127884913426,1.5678307479079834,3.3227914675040964,151812.96812712285,-1.259858128700587,-1.381405244947831,2,2,1,0.0034837207423549267,1,1,3.358390896900074,3.363060270554471,8.508525587274158e-05,3.374788062566458e-11,1.8692286403252566e-07,5.365609871076218e-05,37.43415922429941,4.679889205538932,3.28509;3.38444,3.28577;3.38400,3.32609,0.039374554902725865,0.009286145294748234,1.8572290589496467,0.006533090547388997,0.006952675969282414,29,22,0.9969975354936225,3.2857702657200947,-0.2102151946530295,3.3840024436649268,0.26748447198492453
155000.0,0.005,0,600.0,20.0,8192,0.01220703125,26,13.77899245574931,per_channel,3.296744073870752,3.3844870645475607,3.3406155692091564,0.026265515698826875,2.6265515698826873,0.011329890126346881,3.359539972885908,2.311704130856136,3.3844870645475607,3.3856332520597476,2.736632274296141,7.187905796244158,4.985952004029167,0.04320815908553532,9.023462883765221,-0.9853838725017057,0.0059778912775166615,0.8632109935744614,0.9890342528368674,0.250653772294822,0.13404801090435517,3.3889907891711855,157922.3053249481,1.8853582741600656,1.7609496671888936,3.388279261587079,157855.99987438985,1.8425805641224817,1.7182241914998508,3.3886577175828165,157891.26549533676,1.8653325776366194,1.7409484233351202,3.329412122221857,152418.54484447042,-1.6654549390513398,-1.7855277736116837,157502.84948873427,1.6147416056350115,1.4906634391051776,157609.54711497412,1.6835787838542713,1.559416562681104,3.382426828730226,157311.15471106768,1.4910675555275332,1.36714040300554,3.326741504768374,152174.12429379247,-1.8231456169080846,-1.9430259009597384,2,2,1,0.0023390344054911435,1,1,3.3667389808594512,3.347588223949056,8.061273609925632e-05,3.590896381681883e-11,1.623279074406585e-07,6.939953814256673e-05,36.55190316847741,4.679889205538932,3.29442;3.38899,3.29494;3.38866,3.32941,0.02846455057506935,0.008839791657264569,1.7679583314529137,0.00608228074492069,0.007369028066199863,39,26,0.9946274980978174,3.2949418147917067,-0.05466784920703516,3.3886577175828165,0.12322851160944115
155000.0,0.005,1,600.0,20.0,8192,0.01220703125,26,13.77899245574931,per_channel,3.296744073870752,3.3844870645475607,3.3406155692091564,0.026265515698826875,2.6265515698826873,0.011329890126346881,3.359539972885908,2.311704130856136,3.3844870645475607,3.3856332520597476,2.736632274296141,7.187905796244158,4.993605447200504,0.040091714487708714,9.023462883765221,-0.9853838725017057,0.0059778912775166615,0.8632109935744614,0.9890342528368674,0.250653772294822,0.13404801090435517,3.3886430725203427,157889.90075292648,1.864452098662244,1.740069019482493,3.387960830651557,157826.33061290134,1.8234391050976364,1.6991061054335121,3.388259463243877,157854.1551160982,1.841390397482713,1.7170354781304464,3.3247256428357477,151989.75825178166,-1.9420914504634434,-2.0618264939652464,157502.84948873427,1.6147416056350115,1.4906634391051776,157609.54711497412,1.6835787838542713,1.559416562681104,3.382470803110748,157315.2450910792,1.4937065103736842,1.3697761355172755,3.3212454621259138,151671.73202076467,-2.1472696640227937,-2.2667541716658524,2,2,1,0.003219152467039062,1,1,3.314154819709817,3.3262792476924044,6.119100139751076e-05,3.0915808219893763e-11,1.6742698145361748e-07,5.2009646379879244e-05,37.336448428236146,4.679889205538932,2.92298;3.38864,2.92298;3.38826,3.32473,0.027484559241093772,0.009492836932248769,1.8985673864497536,0.006706275211402791,0.006936363423632229,37,23,0.9886163630601356,3.3247256428357477,0.8487637601829912,3.388259463243877,0.11146146001952406
155000.0,0.005,2,600.0,20.0,8192,0.01220703125,26,13.77899245574931,per_channel,3.296744073870752,3.3844870645475607,3.3406155692091564,0.026265515698826875,2.6265515698826873,0.011329890126346881,3.359539972885908,2.311704130856136,3.3844870645475607,3.3856332520597476,2.736632274296141,7.187905796244158,5.0483440476168875,0.03897295534946008,9.023462883765221,-0.9853838725017057,0.0059778912775166615,0.8632109935744614,0.9890342528368674,0.250653772294822,0.13404801090435517,3.392512953294674,158250.73190124208,2.0972463878981147,1.9725790518464015,3.3891723005638617,157939.2221400034,1.8962723483892925,1.7718504146281289,3.3921625377420823,158218.04188383603,2.076156054087764,1.9515144706967025,3.3279104630674783,152281.08569016747,-1.7541382644080834,-1.8741028108968716,157502.84948873427,1.6147416056350115,1.4906634391051776,157609.54711497412,1.6835787838542713,1.559416562681104,3.3837719504866413,157436.29842737733,1.571805437017634,1.4477796983244806,3.326628798385207,152163.81348087985,-1.8297977542710648,-1.94966991563309,2,1,1,0.0031656661523396983,1,1,3.3645849420739102,3.384520955277741,7.467047235020001e-05,2.921447099537675e-11,1.8827882709533877e-07,5.947526303624424e-05,38.09203457478651,4.679889205538932,3.29101;3.39251,3.39216,3.32791,0.04409596814192097,0.009768269264241876,1.9536538528483751,0.007151882693137935,0.006687060249669114,42,22,0.9962049409060311,3.3279104630674783,0.945368778964184,3.3921625377420823,0.22678394238588861
156250.0,0.005,0,600.0,20.0,8192,0.01220703125,26,13.77899245574931,per_channel,3.2999658767475637,3.3947749478580227,3.3473704123027934,0.028323447791138223,2.8323447791138223,0.015338855671421863,3.3730428281193436,2.8183303452282074,3.3947749478580227,3.3956809046497143,2.7421658417584482,7.766759105368801,5.015980412942994,0.03958433969573289,9.266564057708301,-0.9831987960941088,0.005976466263977994,0.8558438475521414,0.9873756933906354,0.2823077976245133,0.11480226080363803,3.4019380014740976,159131.2547807617,1.8440030596874841,1.7206386098947535,3.4012787447147352,159069.58511466338,1.804534473384563,1.6812178322038962,3.4016992065104423,159108.91550913936,1.829705925849192,1.7063587942882652,3.326537499055817,152155.46132358728,-2.6205047529041394,-2.7384613089245113,158461.83301581105,1.4155731301190704,1.2927276409028021,158546.42108528715,1.4697094945837743,1.3467984295592483,3.3963523223486396,158609.1250909412,1.509840058202371,1.3868803827074228,3.320844317099705,151635.09595318433,-2.9535385899620317,-3.0710917394505044,2,2,1,0.001787168152575181,1,1,3.3151410131138053,3.318427073937251,7.325489031921333e-05,3.013825871107679e-11,1.423207742296934e-07,7.963479766837797e-05,36.74150141054091,4.679889205538932,3.29425;3.40194,3.29490;3.40170,3.32654,0.032065269946591896,0.008361897984287882,1.6723795968575763,0.006797103384459397,0.0071139083554156695,30,27,0.9993548437133458,3.294895717106174,-0.1536427899789916,3.4016992065104423,0.20396812038419032
156250.0,0.005,1,600.0,20.0,8192,0.01220703125,26,13.77899245574931,per_channel,3.2999658767475637,3.3947749478580227,3.3473704123027934,0.028323447791138223,2.8323447791138223,0.015338855671421863,3.3730428281193436,2.8183303452282074,3.3947749478580227,3.3956809046497143,2.7421658417584482,7.766759105368801,5.0215732681901635,0.03785858053956583,9.266564057708301,-0.9831987960941088,0.005976466263977994,0.8558438475521414,0.9873756933906354,0.2823077976245133,0.11480226080363803,3.401107574624108,159053.57509477538,1.7942880606562457,1.6709838310367209,3.400868887019537,159031.25131709068,1.780000842938032,1.6567139195388103,3.4008422715662228,159028.76214598597,1.778407773431018,1.6551227797295232,3.324355349747518,151955.90425668046,-2.7482212757245077,-2.8660231277064296,158461.83301581105,1.4155731301190704,1.2927276409028021,158546.42108528715,1.4697094945837743,1.3467984295592483,3.395892381051934,158566.16962569038,1.4823485604418443,1.3594221856164435,3.3194422079519414,151507.07786407683,-3.0354701669908315,-3.152924072109309,2,1,1,0.0026141241806057884,1,1,3.3139314487822724,3.380084039661627,5.8055168440799996e-05,2.7567666104214687e-11,1.5970348559528546e-07,6.109253981892946e-05,37.62914394879711,4.679889205538932,3.28542;3.40111,3.40084,3.32436,0.037730704846881895,0.009322058255782757,1.8644116511565514,0.007087952422230563,0.005665493162143593,37,22,0.9938746004299747,3.324355349747518,0.7390825817869429,3.4008422715662228,0.17872535886445107
156250.0,0.005,2,600.0,20.0,8192,0.01220703125,26,13.77899245574931,per_channel,3.2999658767475637,3.3947749478580227,3.3473704123027934,0.028323447791138223,2.8323447791138223,0.015338855671421863,3.3730428281193436,2.8183303452282074,3.3947749478580227,3.3956809046497143,2.7421658417584482,7.766759105368801,5.04974942340969,0.03786528844885772,9.266564057708301,-0.9831987960941088,0.005976466263977994,0.8558438475521414,0.9873756933906354,0.2823077976245133,0.11480226080363803,3.402976773681404,159228.4501804576,1.906208115492873,1.7827683162219943,3.4014042052371,159081.32030181363,1.812044993160721,1.6887192544278395,3.402745806837938,159206.83660685612,1.892375428387914,1.7689523847607802,3.3223486595760443,151772.50846706767,-2.865594581076689,-2.9832542578416166,158461.83301581105,1.4155731301190704,1.2927276409028021,158546.42108528715,1.4697094945837743,1.3467984295592483,3.3960031616827697,158576.51526969133,1.48896977260245,1.36603537745017,3.325158970487966,152029.37996147812,-2.7011968246540055,-2.819055637726997,2,2,1,0.002472285662463907,1,1,3.3156869105470865,3.4013478880788526,9.577892019770498e-05,2.7577436031321048e-11,1.7144882839663358e-07,6.934830832848248e-05,37.935806358186774,4.679889205538932,3.29312;3.40298,3.29394;3.40275,3.32235,0.04838815730443705,0.008231541456335131,1.6463082912670262,0.0065338144369817795,0.00326727938758474,37,25,0.9983080501944328,3.2939431047807446,-0.1825101286427544,3.402745806837938,0.23479786148843385
157500.0,0.005,0,600.0,20.0,8192,0.01220703125,26,13.77899245574931,per_channel,3.3025329847377285,3.405663640873281,3.3540983128055046,0.03074765451621185,3.074765451621185,0.01931579126966447,3.386491844259547,3.2730326620137062,3.405663640873281,3.406404032980091,2.7476773378502695,8.448463350624479,5.017448634909752,0.03910773661342803,9.515263699264054,-0.9804425520832374,0.005975073263535321,0.8458119326973029,0.985275816117999,0.31373724061257435,0.09984890148683914,3.408980679605869,159790.8025164838,1.4544777882436757,1.3325593396485313,3.4059707121490437,159508.75176523463,1.2753979461807166,1.1536946988955021,3.4088214900882394,159775.8793302018,1.4450027493344775,1.32309568694986,3.3240582152459806,151928.741502234,-3.5373069827085626,-3.653226773893381,159479.99147803598,1.2571374463720528,1.1354561428379428,159549.34099366664,1.3011688848677099,1.179434668492374,3.4039215413808255,159316.8755733007,1.153571792571872,1.0320149444990934,3.321301293481331,151676.83137861048,-3.6972499183425493,-3.81297750515156,2,2,1,0.0014319889124579368,1,1,3.3148898944189815,3.3980369937412034,8.116635797209874e-05,2.941688684936364e-11,1.80106693256551e-07,0.00012577380431487206,37.86933142681658,4.679889205538932,3.29518;3.40898,3.29582;3.40882,3.32406,0.04100610366555105,0.007405919923177349,1.4811839846354697,0.005263634131499291,0.005268360691917623,25,24,0.9941951801141936,3.295822496715885,-0.20319215743961339,3.4088214900882394,0.09272346150275279
157500.0,0.005,1,600.0,20.0,8192,0.01220703125,26,13.77899245574931,per_channel,3.3025329847377285,3.405663640873281,3.3540983128055046,0.03074765451621185,3.074765451621185,0.01931579126966447,3.386491844259547,3.2730326620137062,3.405663640873281,3.406404032980091,2.7476773378502695,8.448463350624479,5.025581000796328,0.03626902463231149,9.515263699264054,-0.9804425520832374,0.005975073263535321,0.8458119326973029,0.985275816117999,0.31373724061257435,0.09984890148683914,3.410527327021541,159935.8289149596,1.5465580412441873,1.4245289392620375,3.4091817443571943,159809.6522833025,1.4664458941603227,1.34451306342116,3.410382284728398,159922.2257598527,1.537921117366798,1.415902394427393,3.3256709405809173,152076.19906908498,-3.4436831307396965,-3.5597154302635547,159479.99147803598,1.2571374463720528,1.1354561428379428,159549.34099366664,1.3011688848677099,1.179434668492374,3.4071359739842526,159617.9137467423,1.3447071407887612,1.2229206042327023,3.3212763029875894,151674.54886082,-3.698699135987295,-3.814424981262876,1,1,1,0.0013840009895086823,1,1,3.314069695920846,3.3241106531037645,4.867415023521347e-05,2.5301315354879597e-11,1.3143203486042928e-07,9.496527521059606e-05,37.15558132100818,4.679889205538932,3.41053,3.41038,3.32567,0.03542311513044471,0.007558841522951293,1.5117683045902586,0.0053444321874453644,0.006658314370356041,33,26,0.9939684511760183,3.3256709405809173,0.7006124072073794,3.410382284728398,0.1385528446933515
157500.0,0.005,2,600.0,20.0,8192,0.01220703125,26,13.77899245574931,per_channel,3.3025329847377285,3.405663640873281,3.3540983128055046,0.03074765451621185,3.074765451621185,0.01931579126966447,3.386491844259547,3.2730326620137062,3.405663640873281,3.406404032980091,2.7476773378502695,8.448463350624479,5.046775231357708,0.03569180466379478,9.515263699264054,-0.9804425520832374,0.005975073263535321,0.8458119326973029,0.985275816117999,0.31373724061257435,0.09984890148683914,3.4119935183964096,160073.37183171278,1.6338868772779547,1.5117528317148299,3.410881335404773,159969.03290792392,1.5676399415389946,1.4455855053120414,3.41187160400368,160061.93283034136,1.6266240192643582,1.5044987015208289,3.3273575496674503,152230.48862077348,-3.3457215106200118,-3.4618715312046633,159479.99147803598,1.2571374463720528,1.1354561428379428,159549.34099366664,1.3011688848677099,1.179434668492374,3.408499507569928,159745.69728018605,1.4258395429752724,1.3039555091295618,3.322822939407585,151815.84394148237,-3.6089879736619896,-3.7248216253741973,2,1,1,0.0013830492097761577,1,1,3.3978071392791453,3.4035425577992293,9.42157965905449e-05,2.4502385126914893e-11,1.4361572112670176e-07,0.00010383992132134294,37.67993621460185,4.679889205538932,3.29469;3.41199,3.41187,3.32736,0.0358410132399409,0.007584596023930116,1.5169192047860232,0.005039237643741115,0.006020150964409731,36,27,0.990169487068036,3.3273575496674503,0.7516825734805943,3.41187160400368,0.18228350726987586
158750.0,0.005,0,600.0,20.0,8192,0.01220703125,26,13.77899245574931,per_channel,3.3045943685667205,3.4170048122793384,3.3607995904230297,0.033447529579848756,3.3447529579848756,0.02326117267608835,3.399887660224308,3.661505806598763,3.4170048122793384,3.4176276755089563,2.753167024474546,9.208663548937656,5.00948687861921,0.035205423272890606,9.744917987800122,-0.977158063122627,0.005973711214774653,0.8340694792009307,0.9827622525043155,0.3444183493261511,0.08807885738721626,3.424477792629896,161246.9120929607,1.5728580113138277,1.4517572665434075,3.4221858818543747,161031.1478869968,1.4369435508641246,1.3160048507846245,3.424394777479132,161239.09439036238,1.5679334742440219,1.4468386007773448,3.3239538711598433,151919.20339197948,-4.302864005052298,-4.416959391047004,160543.92594817714,1.1300320933399333,1.0094593099709837,160602.46026556534,1.1669041042931296,1.0462873600858735,3.420402890003562,160863.3940367399,1.33127183416686,1.210459121716756,3.319094470059522,151475.3363912209,-4.582465265372669,-4.696227295375177,2,2,1,0.0012467337443923488,1,1,3.411907439316862,3.4025637085037324,8.033300450905617e-05,2.3839134679105673e-11,1.3970388339976923e-07,0.00011205590931354805,37.6791799133624,4.679889205538932,3.29675;3.42448,3.29735;3.42439,3.32395,0.04778946454150193,0.008231502253430502,1.6463004506861003,0.006029024978471127,0.006476561061617634,30,28,0.9964658402683211,3.2973459899318485,-0.21934246162913507,3.424394777479132,0.2162702602360067
158750.0,0.005,1,600.0,20.0,8192,0.01220703125,26,13.77899245574931,per_channel,3.3045943685667205,3.4170048122793384,3.3607995904230297,0.033447529579848756,3.3447529579848756,0.02326117267608835,3.399887660224308,3.661505806598763,3.4170048122793384,3.4176276755089563,2.753167024474546,9.208663548937656,5.026519952727373,0.03470058679677187,9.744917987800122,-0.977158063122627,0.005973711214774653,0.8340694792009307,0.9827622525043155,0.3444183493261511,0.08807885738721626,3.421225120143203,160940.74318710953,1.3799957084154535,1.2591249046841169,3.4193481623624438,160764.20051245706,1.268787724382398,1.1480495089227327,3.421153129604895,160933.9701228238,1.375729211227598,1.2548634942487702,3.3268155564349677,152180.89901489342,-4.138016368571071,-4.252308294979668,160543.92594817714,1.1300320933399333,1.0094593099709837,160602.46026556534,1.1669041042931296,1.0462873600858735,3.4166499289430026,160510.5801330106,1.1090268554397507,0.9884791156700823,3.321764784643474,151719.1676618407,-4.42887076419483,-4.542815918004717,2,2,1,0.000802499236466362,1,1,3.411091652810812,3.386122594162561,5.4706557234607064e-05,2.3160342877014517e-11,1.1518681226593108e-07,0.00014353510512126114,36.96657774963065,4.679889205538932,3.28856;3.42123,3.28956;3.42115,3.32682,0.05087569883418203,0.0069354005978612635,1.3870801195722526,0.004435186069135523,0.007882115710021629,25,23,0.9960134638200668,3.2895646715338667,-0.45481216017966286,3.421153129604895,0.12140215052227621
158750.0,0.005,2,600.0,20.0,8192,0.01220703125,26,13.77899245574931,per_channel,3.3045943685667205,3.4170048122793384,3.3607995904230297,0.033447529579848756,3.3447529579848756,0.02326117267608835,3.399887660224308,3.661505806598763,3.4170048122793384,3.4176276755089563,2.753167024474546,9.208663548937656,5.024686546730937,0.03505634132078491,9.744917987800122,-0.977158063122627,0.005973711214774653,0.8340694792009307,0.9827622525043155,0.3444183493261511,0.08807885738721626,3.422147298931294,161027.51686426284,1.434656292449034,1.3137203193647418,3.4193955587230396,160768.65732145414,1.2715951631207194,1.1508536004782632,3.4220744213674483,161020.65849893866,1.4303360623235661,1.309405240055117,3.3240310801893864,151926.261053394,-4.2984182340825186,-4.412518920569775,160543.92594817714,1.1300320933399333,1.0094593099709837,160602.46026556534,1.1669041042931296,1.0462873600858735,3.4157847512623163,160429.30017064724,1.057826879147869,0.9373401828044248,3.328310447901945,152317.69351718214,-4.0518466033498335,-4.166241266089276,1,1,1,0.0011432537346315154,1,1,3.412558576915156,3.4117708137799685,7.431066764603985e-05,2.3637662320641995e-11,1.5933408826683427e-07,0.0001393689637219419,38.287041754294876,4.679889205538932,3.42215,3.42207,3.32403,0.05672376608599853,0.007122802493660386,1.4245604987320772,0.004490128469546485,0.005066305315387283,27,27,0.9943621247296172,3.3240310801893864,0.5881723883435663,3.4220744213674483,0.1483641190639151
160000.0,0.005,0,600.0,20.0,8192,0.01220703125,26,13.77899245574931,per_channel,3.306267678648449,3.428681438618755,3.367474558633602,0.03635179949807168,3.635179949807168,0.027175465152474224,3.4132309023935976,3.984460450073925,3.428681438618755,3.42921799095269,2.758635158432647,10.028135216767478,5.02548180610804,0.034726960765449795,9.946655819533214,-0.9733882226781158,0.005972379102563745,0.8213193740652905,0.97986217572325,0.3740237608394902,0.07867668930480648,3.4338713243985883,162132.74374724508,1.3329648420281774,1.2130928596199464,3.4336846970137573,162115.1207294638,1.3219504559148663,1.202091502991176,3.4338065273828464,162126.62492808435,1.3291405800527172,1.2092731215608943,3.326239345276122,152128.18750336522,-4.919882810396739,-5.032357977316915,161643.02560352068,1.0268910022004274,0.907381090299042,161693.62040526207,1.0585127532887963,0.9389654343896492,3.431563817405622,161914.9157027524,1.196822314220244,1.077111381819007,3.321582232328733,151702.49223417652,-5.185942353639676,-5.298102785025005,2,2,1,0.0007022558885229093,1,0,3.314544290255132,,6.416749377562038e-05,2.319556200976574e-11,1.0694946460809013e-07,0.00015229415139977312,36.637737152356785,4.679889205538932,3.29810;3.43387,3.29869;3.43381,3.32624,0.04669438491308026,0.007617808101162434,1.5235616202324866,0.005575922976962296,0.007228505789431555,27,37,0.9986252646955489,3.298688867664005,-0.2292255715829472,3.4338065273828464,0.1494769594621692
160000.0,0.005,1,600.0,20.0,8192,0.01220703125,26,13.77899245574931,per_channel,3.306267678648449,3.428681438618755,3.367474558633602,0.03635179949807168,3.635179949807168,0.027175465152474224,3.4132309023935976,3.984460450073925,3.428681438618755,3.42921799095269,2.758635158432647,10.028135216767478,5.029107456108464,0.032378840678927864,9.946655819533214,-0.9733882226781158,0.005972379102563745,0.8213193740652905,0.97986217572325,0.3740237608394902,0.07867668930480648,3.432422208631764,161995.93050174267,1.2474565635891668,1.1276857333268886,3.431145859260032,161875.47622836236,1.172172642726473,1.0524908696910584,3.432368621466008,161990.87236233638,1.2442952264602354,1.124528135906444,3.3229379391468337,151826.35252704434,-5.1085296705972905,-5.220781677431896,161643.02560352068,1.0268910022004274,0.907381090299042,161693.62040526207,1.0585127532887963,0.9389654343896492,3.429965311037179,161764.10298012762,1.10256436257976,0.9829649327634638,3.321692500061414,151712.5646432584,-5.179647097963498,-5.291814976330955,1,1,1,0.0011960998013857442,1,1,3.3143109441507432,3.6870286019856664,5.725654683804543e-05,2.0164800815218334e-11,1.191484379116128e-07,9.961412732747979e-05,37.714944164571214,4.679889205538932,3.43242,3.43237,3.32294,0.05533277724246517,0.008017767731807998,1.6035535463615995,0.005643427533417234,0.006039874511978521,32,26,0.9988087408058335,3.3229379391468337,0.5042017803349452,3.432368621466008,0.10753938250787076
160000.0,0.005,2,600.0,20.0,8192,0.01220703125,26,13.77899245574931,per_channel,3.306267678648449,3.428681438618755,3.367474558633602,0.03635179949807168,3.635179949807168,0.027175465152474224,3.4132309023935976,3.984460450073925,3.428681438618755,3.42921799095269,2.758635158432647,10.028135216767478,5.010078711801937,0.03279551429215597,9.946655819533214,-0.9733882226781158,0.005972379102563745,0.8213193740652905,0.97986217572325,0.3740237608394902,0.07867668930480648,3.434251440537178,162168.64065643563,1.3554004102722683,1.2355018876750057,3.4279427843770574,161573.38632823757,0.9833664551484799,0.8639080306751978,3.4341920162079353,162163.02855756195,1.3518928484762183,1.2319984751544277,3.322942728269906,151826.7901612254,-5.10825614923413,-5.220508479631237,161643.02560352068,1.0268910022004274,0.907381090299042,161693.62040526207,1.0585127532887963,0.9389654343896492,3.42659345890401,161446.2125733015,0.9038828583134455,0.7845184590799636,3.3305544396825852,152523.15204072895,-4.673029974544407,-4.785797156396187,2,1,1,0.0009355818665624246,1,1,3.421174434604517,3.4213361001503886,7.849352945024302e-05,2.0687129753127855e-11,1.2159570572658797e-07,0.0001299680018097858,37.69217999239977,4.679889205538932,3.29410;3.43425,3.43419,3.32294,0.06354212180776855,0.008648019050402075,1.729603810080415,0.006288147036829085,0.0035775266622679264,27,14,0.9938543708675025,3.322942728269906,0.5043466301637656,3.4341920162079353,0.16072002277938147
161250.0,0.005,0,600.0,20.0,8192,0.01220703125,26,13.77899245574931,per_channel,3.3076424799657524,3.4406045696262257,3.374123524795989,0.03940640841491203,3.940640841491203,0.03105912381113478,3.4265221849513394,4.249557141356858,3.4406045696262257,3.4410756595016996,2.764081991512874,10.892254384985971,5.000036668485028,0.032120813908129944,10.119940666505684,-0.9691754269730685,0.0059710759555903535,0.8080685322457933,0.9766021786892223,0.40237347987904776,0.07105217027932471,3.444128171329887,163102.75933253707,1.1489980356819032,1.0302701414954596,3.4420202994093105,162903.1764462542,1.025225703103374,0.906643091902315,3.444089392578428,163099.08648097963,1.1467202982819429,1.0279950776856284,3.3245556732284167,151974.2183354347,-5.752422737714911,-5.863049798761821,162769.1973123269,0.9421378681097042,0.8236527847524489,162813.77329820703,0.969781890360949,0.851264358668935,3.440028560133484,162714.7017998432,0.9083422014531463,0.7898967871822205,3.3163068869711703,151221.0063178707,-6.219530965661587,-6.329609738763608,2,2,1,0.0009015703432119015,2,0,3.436258536747949,,6.772328828572327e-05,1.984469504490403e-11,1.3864519174948023e-07,0.00015378189044633827,38.44260383277258,4.679889205538932,3.29446;3.44413,3.29527;3.44409,3.32456,0.06207843388766128,0.007602529642799638,1.5205059285599276,0.0054590166878734254,0.006310159610509807,26,26,0.9982538555818192,3.2952707722629193,-0.3740340069329773,3.444089392578428,0.10128519222947219
161250.0,0.005,1,600.0,20.0,8192,0.01220703125,26,13.77899245574931,per_channel,3.3076424799657524,3.4406045696262257,3.374123524795989,0.03940640841491203,3.940640841491203,0.03105912381113478,3.4265221849513394,4.249557141356858,3.4406045696262257,3.4410756595016996,2.764081991512874,10.892254384985971,5.0392141430378965,0.03115680343295697,10.119940666505684,-0.9691754269730685,0.0059710759555903535,0.8080685322457933,0.9766021786892223,0.40237347987904776,0.07105217027932471,3.444069064004993,163097.16111749815,1.1455262744174584,1.0268024553569344,3.4420166115462205,162902.82736970173,1.0250092215204518,0.9064268644237705,3.4440237131694578,163092.86588201116,1.1428625624875408,1.024141870071027,3.324687203347409,151986.2437514027,-5.744965115409171,-5.85560093015417,162769.1973123269,0.9421378681097042,0.8236527847524489,162813.77329820703,0.969781890360949,0.851264358668935,3.439429035404257,162657.99123175052,0.8731728568995487,0.7547687241271861,3.3201453340942515,151571.26929323265,-6.002313616599909,-6.1126473577088785,1,1,1,0.0013123710637627328,2,1,3.314198566213643,3.3238374818260494,6.877418816577252e-05,1.867141085719763e-11,1.662813088469611e-07,0.00012670296796259107,39.496662987658,4.679889205538932,3.44407,3.44402,3.32469,0.04562452877719093,0.007908615420807692,1.5817230841615382,0.005623086146473488,0.00501178438667551,26,24,0.9976592980917643,3.324687203347409,0.5153133533897902,3.4440237131694578,0.09937624257714273
161250.0,0.005,2,600.0,20.0,8192,0.01220703125,26,13.77899245574931,per_channel,3.3076424799657524,3.4406045696262257,3.374123524795989,0.03940640841491203,3.940640841491203,0.03105912381113478,3.4265221849513394,4.249557141356858,3.4406045696262257,3.4410756595016996,2.764081991512874,10.892254384985971,4.994626745140251,0.030669460144323327,10.119940666505684,-0.9691754269730685,0.0059710759555903535,0.8080685322457933,0.9766021786892223,0.40237347987904776,0.07105217027932471,3.4479894593020455,163468.68053254765,1.3759259116574545,1.2569316513243445,3.4479626831812444,163466.14163839308,1.3743514036546216,1.2553589914665375,3.447943918024031,163464.36235028494,1.373247969168953,1.2542568521835218,3.3265607568823636,152157.58895190925,-5.638704525947755,-5.749465068532544,162769.1973123269,0.9421378681097042,0.8236527847524489,162813.77329820703,0.969781890360949,0.851264358668935,3.44780456644517,163451.14951550227,1.3650539631021836,1.2460724641763177,3.3250187376492053,152016.55707862682,-5.726166152789568,-5.836824033608268,1,1,1,0.0010478922763397245,2,1,3.437807968439064,3.4308861491945213,9.912480578319052e-05,1.8091876300307582e-11,1.3386822472886765e-07,0.0001277499870468249,38.69193894422836,4.679889205538932,3.44799,3.44794,3.32656,0.0691995095400764,0.008300304082483797,1.6600608164967594,0.006016974216431821,0.004998274720604911,27,26,0.9964364696690076,3.3265607568823636,0.5719565228466506,3.447943918024031,0.213315661514768
162500.0,0.005,0,600.0,20.0,8192,0.01220703125,26,13.77899245574931,per_channel,3.3087859066693786,3.4527076742964784,3.3807467904829283,0.04257099881962503,4.257099881962503,0.034912593808268576,3.4397621102152973,4.466379167505685,3.4527076742964784,3.453127679670967,2.7695077707636147,11.790071204012019,5.021005324644711,0.0306834913542332,10.267699310723494,-0.9645611719876112,0.005969800844112204,0.7946753866607883,0.9730081702808496,0.4293886172896524,0.06477908961096199,3.4546519053686784,164101.0220749273,0.9852443538014239,0.8676194232704715,3.453058182337492,163949.64864585872,0.892091474374595,0.7745750458435507,3.454618081141167,164097.80869002783,0.9832668861709715,0.8656442589418223,3.323809602320066,151906.0162465323,-6.519374617518587,-6.628258367188799,163916.3664070047,0.8716100966182824,0.7541175242520737,163956.2481165097,0.896152687082891,0.778631528159135,3.452367049128356,163884.02582622442,0.8517082007534874,0.7342388095870289,3.319716862124232,151532.15061423942,-6.7494457758526645,-6.858061544748151,1,2,1,0.0006697690966368554,2,0,3.314462217665993,,5.679845110683016e-05,1.8108434073476916e-11,1.0294063356350103e-07,0.00015369570510255238,37.54705940522648,4.679889205538932,3.45465,3.30602;3.45462,3.32381,0.05205874454634489,0.007346026822024227,1.4692053644048453,0.005275168955330985,0.0068353617363990605,27,36,0.9995364139160653,3.306024675745176,-0.08345148347727038,3.454618081141167,0.05533068608474245
162500.0,0.005,1,600.0,20.0,8192,0.01220703125,26,13.77899245574931,per_channel,3.3087859066693786,3.4527076742964784,3.3807467904829283,0.04257099881962503,4.257099881962503,0.034912593808268576,3.4397621102152973,4.466379167505685,3.4527076742964784,3.453127679670967,2.7695077707636147,11.790071204012019,5.0439478729458,0.029637066263005416,10.267699310723494,-0.9645611719876112,0.005969800844112204,0.7946753866607883,0.9730081702808496,0.4293886172896524,0.06477908961096199,3.456230632651191,164251.04005855124,1.077563112954609,0.9598306519849054,3.4524318742408733,163890.1803862723,0.8554956223214081,0.7380218196668675,3.4561936676300857,164247.52668728668,1.0754010383302632,0.9576710956876733,3.325541941817202,152064.40159329821,-6.421906711816483,-6.530903989514569,163916.3664070047,0.8716100966182824,0.7541175242520737,163956.2481165097,0.896152687082891,0.778631528159135,3.4515355410019164,163805.09187349165,0.8031334606102453,0.6857206480109346,3.322784547317549,151812.335783519,-6.57702413321908,-6.685840734264536,1,1,1,0.0011899902488325847,2,0,3.3158031719479673,,6.47013153722229e-05,1.6894360966704633e-11,1.5151814171598075e-07,0.00012732721286130242,39.52722866188882,4.679889205538932,3.45623,3.45619,3.32554,0.05477935357441714,0.008960313028399678,1.7920626056799356,0.006798174679907137,0.006085888838071234,33,25,0.9912654081921286,3.325541941817202,0.5064103759040206,3.4561936676300857,0.10096404510462342
162500.0,0.005,2,600.0,20.0,8192,0.01220703125,26,13.77899245574931,per_channel,3.3087859066693786,3.4527076742964784,3.3807467904829283,0.04257099881962503,4.257099881962503,0.034912593808268576,3.4397621102152973,4.466379167505685,3.4527076742964784,3.453127679670967,2.7695077707636147,11.790071204012019,4.979671823806047,0.029572714985819436,10.267699310723494,-0.9645611719876112,0.005969800844112204,0.7946753866607883,0.9730081702808496,0.4293886172896524,0.06477908961096199,3.4543439394389135,164071.76571415234,0.9672404394783617,0.8496364794286393,3.4550304248128776,164136.9845002615,1.0073750770839933,0.8897243692743473,3.454309352968684,164068.48020759525,0.9652185892893825,0.8476169842370984,3.3306842163803214,152535.0385521187,-6.132283967926955,-6.241618590504983,163916.3664070047,0.8716100966182824,0.7541175242520737,163956.2481165097,0.896152687082891,0.778631528159135,3.4524809320965546,163894.83806424157,0.8583618856871214,0.7408847444851263,3.3293756284687412,152415.20353732238,-6.206028592416999,-6.3152773192150065,1,1,1,0.000576253025581999,2,0,3.4447111664298506,,6.44636410829929e-05,1.682107480538918e-11,8.985185262867128e-08,0.00015592430519201786,37.27673293942841,4.679889205538932,3.45434,3.45431,3.33068,0.04333780962337416,0.008316232775142188,1.6632465550284377,0.006077189394506029,0.006108134455995247,27,35,0.9974644981676146,3.3306842163803214,0.661823107587689,3.454309352968684,0.04638906108760388
163750.0,0.005,0,600.0,20.0,8192,0.01220703125,26,13.77899245574931,per_channel,3.3097481298399827,3.464941172500493,3.387344651170238,0.04581554540276712,4.581554540276712,0.03873631091106548,3.4529512689555704,4.6440432177330555,3.464941172500493,3.465320327351237,2.7749127382386587,12.713414054749009,5.049283540212653,0.030282653829709148,10.393823753168835,-0.9595857151707506,0.005968552877658121,0.7813880859225562,0.9691052883527718,0.45505566425990907,0.05954790148214019,3.4661668232659895,165196.7961422603,0.8835396288612587,0.7669291203976636,3.4652123043619527,165105.82432164528,0.8279843185620048,0.7114380260548003,3.4661449259848083,165194.7089090407,0.882264982620272,0.7656559475104796,3.3265394213167205,152155.637171645,-7.080526918079384,-7.187931823201799,165079.98827222502,0.8122065784580266,0.6956785233193985,165116.11835336316,0.8342707501454385,0.7177171912002622,3.4643661868144227,165025.20479971767,0.7787510227283484,0.662261638609607,3.324619909551023,151980.091216017,-7.187730555104123,-7.295011544366048,2,2,1,0.0004735178837148781,2,0,3.460071622469514,,6.57453626611882e-05,1.763840096061783e-11,8.719374605864203e-08,0.00018414034412931379,36.940261255558056,4.679889205538932,3.29592;3.46617,3.29669;3.46614,3.32654,0.06260644130831318,0.007540813784209485,1.508162756841897,0.005279139659507612,0.007717351108604459,24,34,0.9906434009394666,3.296687459053673,-0.39461222648808914,3.4661449259848083,0.034740950116818325
163750.0,0.005,1,600.0,20.0,8192,0.01220703125,26,13.77899245574931,per_channel,3.3097481298399827,3.464941172500493,3.387344651170238,0.04581554540276712,4.581554540276712,0.03873631091106548,3.4529512689555704,4.6440432177330555,3.464941172500493,3.465320327351237,2.7749127382386587,12.713414054749009,5.023786690268702,0.028781853759500122,10.393823753168835,-0.9595857151707506,0.005968552877658121,0.7813880859225562,0.9691052883527718,0.45505566425990907,0.05954790148214019,3.4687906507821173,165446.9929606096,1.0363315789982364,0.9195444594932489,3.4680183943099445,165373.33426999173,0.9913491725140315,0.8746140478271602,3.468763780196546,165444.4297385472,1.0347662525479007,0.9179809423917495,3.325578787145781,152067.77120581758,-7.1341855231648355,-7.241528404717856,165079.98827222502,0.8122065784580266,0.6956785233193985,165116.11835336316,0.8342707501454385,0.7177171912002622,3.466741244677005,165251.5542912392,0.9169797198407402,0.8003305582328757,3.324615925418967,151979.72695880441,-7.187953002256846,-7.295233734393792,1,1,1,0.0007132222153321766,2,1,3.315036344290134,3.694853925385678,5.022844943169633e-05,1.5933415123204465e-11,1.2962549211852297e-07,0.00018174629075196587,39.103815469523454,4.679889205538932,3.46879,3.46876,3.32558,0.06288238682250262,0.0072874640466466705,1.457492809329334,0.005445739928973054,0.005274549953656918,31,26,0.9991384913254661,3.325578787145781,0.47830398824226794,3.468763780196546,0.11032244144262293
163750.0,0.005,2,600.0,20.0,8192,0.01220703125,26,13.77899245574931,per_channel,3.3097481298399827,3.464941172500493,3.387344651170238,0.04581554540276712,4.581554540276712,0.03873631091106548,3.4529512689555704,4.6440432177330555,3.464941172500493,3.465320327351237,2.7749127382386587,12.713414054749009,4.991822324600271,0.028800790139191516,10.393823753168835,-0.9595857151707506,0.005968552877658121,0.7813880859225562,0.9691052883527718,0.45505566425990907,0.05954790148214019,3.4659128402982593,165172.58747748478,0.8687557114410847,0.7521622915940496,3.46818509628463,165389.2331037489,1.0010583839687974,0.8843120364789403,3.4658901595285645,165170.4257213579,0.8674355550277232,0.7508436611393998,3.330578357322086,152525.34267110642,-6.854752567263252,-6.962418443223351,165079.98827222502,0.8122065784580266,0.6956785233193985,165116.11835336316,0.8342707501454385,0.7177171912002622,3.4691594833685726,165482.1784143839,1.0578188790130707,0.9410069225030515,3.327907003425284,152280.76907239694,-7.004110490139272,-7.1116037244236985,1,1,1,0.0003709329397022144,2,0,3.4597421538175173,,5.757200873273753e-05,1.5954388091550916e-11,6.828241271456433e-08,0.000184082903959356,36.314287061405274,4.679889205538932,3.46591,3.46589,3.33058,0.0353709594739367,0.007139486143871364,1.4278972287742728,0.004752963516310757,0.00763127662119695,27,37,0.9993352305001042,3.330578357322086,0.6293598988485805,3.4658901595285645,0.02738825800574496
165000.0,0.005,0,600.0,20.0,8192,0.01220703125,26,13.77899245574931,per_channel,3.3105668034843134,3.477267990480551,3.393917396982432,0.049117632369147575,4.911763236914758,0.04253070141537868,3.4660902407021914,4.790341696060701,3.477267990480551,3.4776137932367304,2.7802971316080085,13.656161238731766,5.025162555288242,0.02791389358895897,10.502092427447371,-0.9542878012051553,0.005967331203024965,0.7683740513817982,0.9649178293742945,0.47940137389805865,0.055131472424229847,3.4771684771453137,166247.13350372956,0.7558384871088272,0.6402568699881428,3.477760500463544,166303.74885553602,0.7901508215369805,0.6745298431727775,3.4771498656235966,166245.3538350852,0.7547599000516383,0.6391795202273842,3.3276969480301957,152261.54594653033,-7.7202751839210135,-7.826133464511454,166256.6493172839,0.7616056468387339,0.646017413946165,166289.71830501745,0.7816474575863332,0.6660362338186454,3.478955570954153,166418.06313925286,0.8594322056077935,0.7437317514084274,3.326414004729903,152144.1642993694,-7.79141557613975,-7.897192248342034,1,1,1,0.0005522660841711553,2,0,3.471104380667769,,5.986140355615266e-05,1.498691292327469e-11,1.0857572176840028e-07,0.0001966003795640492,38.60020541076519,4.679889205538932,3.47717,3.47715,3.32770,0.08318562894400523,0.007077594156036793,1.4155188312073586,0.004966255064856395,0.006975098164915414,24,27,0.9982375218925206,3.3276969480301957,0.5174384195435477,3.4771498656235966,-0.0033970593373178204
165000.0,0.005,1,600.0,20.0,8192,0.01220703125,26,13.77899245574931,per_channel,3.3105668034843134,3.477267990480551,3.393917396982432,0.049117632369147575,4.911763236914758,0.04253070141537868,3.4660902407021914,4.790341696060701,3.477267990480551,3.4776137932367304,2.7802971316080085,13.656161238731766,5.029791641638107,0.027061438792752423,10.502092427447371,-0.9542878012051553,0.005967331203024965,0.7683740513817982,0.9649178293742945,0.47940137389805865,0.055131472424229847,3.4797438266293295,166493.48511076777,0.9051424913744047,0.7893896008216883,3.478124553684471,166338.5681504635,0.8112534245233418,0.6956082384008688,3.479724253950442,166491.61214855072,0.9040073627580105,0.788255774363078,3.3237281989068297,151898.57567786603,-7.9402571649296805,-8.045863094157813,166256.6493172839,0.7616056468387339,0.646017413946165,166289.71830501745,0.7816474575863332,0.6660362338186454,3.476462187167233,166179.60340854924,0.7149111566965108,0.5993764891829789,3.3205035533189062,151603.97790454788,-8.118801269970982,-8.22420238311402,1,1,1,0.000829913412632584,2,0,3.4732693412568962,,5.848793607914601e-05,1.408552741989192e-11,1.310098270262885e-07,0.0001578596333450134,39.68530759845515,4.679889205538932,3.47974,3.47972,3.32373,0.06964889637820121,0.007487929247288305,1.497585849457661,0.005442441009955517,0.005545548103045795,26,26,0.9982780965998594,3.3237281989068297,0.39755716177254374,3.479724253950442,0.07063773849516064
165000.0,0.005,2,600.0,20.0,8192,0.01220703125,26,13.77899245574931,per_channel,3.3105668034843134,3.477267990480551,3.393917396982432,0.049117632369147575,4.911763236914758,0.04253070141537868,3.4660902407021914,4.790341696060701,3.477267990480551,3.4776137932367304,2.7802971316080085,13.656161238731766,4.969298520640505,0.027818789784322014,10.502092427447371,-0.9542878012051553,0.005967331203024965,0.7683740513817982,0.9649178293742945,0.47940137389805865,0.055131472424229847,3.477460172259422,166275.0271826948,0.7727437470877494,0.6571427371723892,3.474685154100654,166009.75765175294,0.6119743343957199,0.4965577504052687,3.47744182450901,166273.2725891126,0.7716803570379411,0.6560805669858505,3.327431123794328,152237.2208994338,-7.735017636706787,-7.840859005557332,166256.6493172839,0.7616056468387339,0.646017413946165,166289.71830501745,0.7816474575863332,0.6660362338186454,3.4735893276292225,165905.06373401996,0.5485234751636127,0.4331796785473685,3.3245948231664575,151977.79765059662,-7.89224384812326,-7.9979048556166665,1,1,1,0.0005213615417907422,2,0,3.468885654098771,,5.322168668834708e-05,1.4884964810257606e-11,1.123926464144481e-07,0.0002155752532655332,38.7799008503714,4.679889205538932,3.47746,3.47744,3.32743,0.07910730419251438,0.0070914616296474395,1.418292325929488,0.0044855130273410045,0.005372405874783373,26,28,0.9979776821640156,3.327431123794328,0.5094088508428518,3.47744182450901,0.0049991553407791045
140000.0,0.01,0,600.0,20.0,8192,0.01220703125,26,13.77899245574931,per_channel,3.1835853326627572,3.33107492084953,3.257330126756144,0.04527928777475568,2.263964388737784,-0.03946496160419292,3.193054922563838,0.20696613209782858,3.1835853326627572,3.18235485205113,5.336809679677266,12.08234706426043,5.007097333909259,0.024168736689964766,10.724235338253541,-0.9540205434138938,0.0059979513416987896,0.26441951726890767,0.9646004871782342,0.047036706462909986,1.5029473443105095,3.1818123312302165,139204.03352856913,-0.568547479593482,-0.7029505784715284,3.185542206598082,139530.58831274445,-0.33529406232539,-0.47001245361154576,3.181834065416224,139205.9352728431,-0.567189090826349,-0.7015940258604303,3.3306393931074427,152530.93304513782,8.950666460812727,8.803396086841708,139359.21409224978,-0.45770421982158693,-0.5922571473225391,139251.5080601338,-0.5346370999044198,-0.6690860359898965,3.183119026746266,139318.39265346882,-0.4868623903794131,-0.6213759043106948,3.3295109744111597,152427.59576995982,8.876854121399873,8.729683520759114,1,1,1,0.0005331414044516463,1,0,3.3151316526145327,,0.00010621041327869825,1.1235159630565599e-11,5.2989778970914476e-08,9.939160329409461e-05,36.73612860694598,4.679889205538932,3.18181,3.18183,3.33064,0.015259093591785575,0.009848302468818617,0.9848302468818617,0.007930078690106519,0.010440214804510949,73,43,0.9964996910147597,3.181834065416224,-0.05500927613172335,3.3306393931074427,-0.013074690676018186
140000.0,0.01,1,600.0,20.0,8192,0.01220703125,26,13.77899245574931,per_channel,3.1835853326627572,3.33107492084953,3.257330126756144,0.04527928777475568,2.263964388737784,-0.03946496160419292,3.193054922563838,0.20696613209782858,3.1835853326627572,3.18235485205113,5.336809679677266,12.08234706426043,4.995619456011435,0.024673760461880287,10.724235338253541,-0.9540205434138938,0.0059979513416987896,0.26441951726890767,0.9646004871782342,0.047036706462909986,1.5029473443105095,3.190030783392136,139924.07548610488,-0.05423179563937343,-0.18933010332683464,3.1869160517395345,139650.9664114827,-0.2493097060837941,-0.384144323811797,3.1900710087590407,139927.6043127177,-0.0517112052016351,-0.18681292001186955,3.327202509219513,152216.30238865357,8.72593027760969,8.57896368316402,139359.21409224978,-0.45770421982158693,-0.5922571473225391,139251.5080601338,-0.5346370999044198,-0.6690860359898965,3.1898638242566184,139909.42923788956,-0.06469340150745535,-0.19977756807345592,3.3282501257359702,152312.17236759566,8.7944088339969,8.64734967598153,1,1,1,0.0003443741605034455,1,1,3.209298421239912,3.1420975066064885,0.00013275487158139151,1.1709599336327493e-11,3.673475697081322e-08,0.00010667106067746243,34.965351357826925,4.679889205538932,3.19003,3.19007,3.32720,0.009363573569898509,0.013443003949221308,1.3443003949221308,0.01069088200286289,0.010537147141085992,77,51,0.9919045504286269,3.1900710087590407,0.20372238902290896,3.327202509219513,-0.11625111178914516
140000.0,0.01,2,600.0,20.0,8192,0.01220703125,26,13.77899245574931,per_channel,3.1835853326627572,3.33107492084953,3.257330126756144,0.04527928777475568,2.263964388737784,-0.03946496160419292,3.193054922563838,0.20696613209782858,3.1835853326627572,3.18235485205113,5.336809679677266,12.08234706426043,5.042321863640535,0.024261018051494748,10.724235338253541,-0.9540205434138938,0.0059979513416987896,0.26441951726890767,0.9646004871782342,0.047036706462909986,1.5029473443105095,3.177724196519155,138846.55220072053,-0.8238912851996221,-0.9579492317352112,3.1846866505784117,139455.6496076197,-0.38882170884306627,-0.5234677459456383,3.1777603703697244,138849.7133580195,-0.8216333157003516,-0.9556943143697372,3.3200439000955413,151562.0081052222,8.258577218015853,8.112242352242415,139359.21409224978,-0.45770421982158693,-0.5922571473225391,139251.5080601338,-0.5346370999044198,-0.6690860359898965,3.1784782374290437,138912.45370488803,-0.7768187822228356,-0.9109403574202757,3.323221793364691,151852.29245854297,8.465923184673551,8.319308046011065,1,1,1,0.0005391269061836079,1,1,3.3195887999103095,3.213370512730869,0.00014680827659938942,1.1321119868719472e-11,5.499351925112061e-08,0.0001020047759077929,36.8642212402353,4.679889205538932,3.17772,3.17776,3.32004,0.01328519640027602,0.013344817880615012,1.3344817880615012,0.009742337229937465,0.008404847170737546,58,44,0.9866061017673992,3.1777603703697244,-0.1829686245023887,3.3200439000955413,-0.33115498798734766
141250.0,0.01,0,600.0,20.0,8192,0.01220703125,26,13.77899245574931,per_channel,3.196627989195857,3.33224355675442,3.2644357729751388,0.04154334071488429,2.0771670357442145,-0.03503025032882209,3.2072587718202983,0.21607527890839368,3.196627989195857,3.1952752612048405,5.348451570442467,11.10962729439747,4.998329349870922,0.025107511582194018,10.669261157786918,-0.961217504662568,0.005996038245422471,0.35130711194722786,0.9703100898079476,0.05235770591306789,1.2197267016229512,3.1926039550743788,140149.90019190277,-0.778831722546715,-0.9117652744676241,3.192793924770938,140166.5793832454,-0.767023445489977,-0.8999728177871424,3.1926309068700314,140152.2664781492,-0.7771564756465903,-0.9100922720131854,3.3285549229595097,152340.07078342233,7.851377545785719,7.706881497758578,140503.4193930173,-0.5285526421116418,-0.6618215104545744,140384.52992943034,-0.6127221738546262,-0.7458782743778092,3.19208857599953,140104.65530911722,-0.8108634979701065,-0.9437541346769218,3.333564336515537,152798.95380321375,8.176250480151328,8.031319177089035,1,1,1,0.00036046658760740695,1,1,3.2037365601941015,3.374585030325399,0.00013970669726186713,1.212491465119144e-11,4.0651702016949404e-08,0.0001127752291461315,35.254000432436136,4.679889205538932,3.19260,3.19263,3.32855,0.006561034526530263,0.009695886051311529,0.9695886051311529,0.007556769250393658,0.011772319346096523,61,57,0.9919039417928929,3.1926309068700314,-0.1250405846202729,3.3285549229595097,-0.11069520375944775
141250.0,0.01,1,600.0,20.0,8192,0.01220703125,26,13.77899245574931,per_channel,3.196627989195857,3.33224355675442,3.2644357729751388,0.04154334071488429,2.0771670357442145,-0.03503025032882209,3.2072587718202983,0.21607527890839368,3.196627989195857,3.1952752612048405,5.348451570442467,11.10962729439747,4.98674303076636,0.026231718735997243,10.669261157786918,-0.961217504662568,0.005996038245422471,0.35130711194722786,0.9703100898079476,0.05235770591306789,1.2197267016229512,3.2045015075143857,141196.4112853521,-0.03793891302505673,-0.17186509095989955,3.2090966537459495,141601.64332989746,0.2489510300159001,0.11464048552096706,3.2045445057015143,141200.20047404926,-0.03525630155804905,-0.1691860735754558,3.3260790889538487,152113.5289571709,7.690993951979398,7.546712781091536,140503.4193930173,-0.5285526421116418,-0.6618215104545744,140384.52992943034,-0.6127221738546262,-0.7458782743778092,3.205337280879274,141270.07240767492,0.014210554106136274,-0.11978549212412481,3.3296402102697154,152439.4290353681,7.9217196710570725,7.7771293807555875,1,1,1,0.00032328432583785373,1,0,3.2189895950083005,,9.666660433291939e-05,1.3235027283856706e-11,4.0854442536219056e-08,0.00012637310030524023,34.895144479434585,4.679889205538932,3.20450,3.20454,3.32608,0.008027793990034527,0.011252486081384027,1.1252486081384028,0.009991795814856066,0.010859773983534708,49,47,0.9981912622219236,3.2045445057015143,0.24765210504362756,3.3260790889538487,-0.18499451482397733
141250.0,0.01,2,600.0,20.0,8192,0.01220703125,26,13.77899245574931,per_channel,3.196627989195857,3.33224355675442,3.2644357729751388,0.04154334071488429,2.0771670357442145,-0.03503025032882209,3.2072587718202983,0.21607527890839368,3.196627989195857,3.1952752612048405,5.348451570442467,11.10962729439747,5.032517090490189,0.025900707009374233,10.669261157786918,-0.961217504662568,0.005996038245422471,0.35130711194722786,0.9703100898079476,0.05235770591306789,1.2197267016229512,3.1948453994666344,140346.76048928036,-0.6394616005094763,-0.7725818763490544,3.1953849747313146,140394.17063015635,-0.6058968990043514,-0.7390621438265299,3.194886072688773,140350.33399008453,-0.6369316884357301,-0.7700553537758004,3.3227145019067557,151805.93534124506,7.473228560173491,7.329239144840649,140503.4193930173,-0.5285526421116418,-0.6618215104545744,140384.52992943034,-0.6127221738546262,-0.7458782743778092,3.192169365480863,140111.74729632432,-0.805842622071278,-0.9387399855973588,3.3211869006169237,151666.3833964049,7.374430723118522,7.230573674171059,1,1,1,0.0005352358010934738,1,0,3.3241506888713945,,0.00015145632138981063,1.2903115508915862e-11,5.664387749557201e-08,0.00010582976209709803,36.42458389756929,4.679889205538932,3.19485,3.19489,3.32271,0.006448911814118754,0.013495198440358604,1.3495198440358602,0.009767053000657675,0.00852699210412922,56,37,0.9933719601852021,3.194886072688773,-0.054492312304443846,3.3227145019067557,-0.28596513686248715
142500.0,0.01,0,600.0,20.0,8192,0.01220703125,26,13.77899245574931,per_channel,3.2093699865007124,3.3336501689819658,3.271510077741339,0.03798862895970561,1.8994314479852805,-0.03063422255058978,3.221399993842326,0.22870463464570917,3.2093699865007124,3.20787148007513,5.36004211137141,10.181032548864277,5.016273333114341,0.026701581743250963,10.596545685690902,-0.9675491167683254,0.005994174701588546,0.4441797238604219,0.9752812021010366,0.058702894832885,0.994617077517148,3.201370940532825,140920.66860971032,-1.1083027300278436,-1.2396341982848336,3.2020550144630278,140980.89934015754,-1.0660355507666368,-1.197423151245669,3.2014096363957396,140924.07532510316,-1.1059120525591883,-1.2372466957154882,3.3307185476769114,152538.18310278616,7.044339019499062,6.9021805714177376,141625.76601595926,-0.613497532660166,-0.7454861187022099,141493.5421993418,-0.706286175900482,-0.8381515355333269,3.1997617672966734,140779.03630248603,-1.207693822816823,-1.3388932963916522,3.3335042561388786,152793.44610332025,7.223470949698424,7.081074608446536,1,1,1,0.0004463835390947568,1,0,3.3152660149672375,,0.00011508893169618894,1.3713405697821638e-11,4.530753253486391e-08,0.00010149911133986995,35.190250866030524,4.679889205538932,3.20137,3.20141,3.33072,0.0068095882358728595,0.010104104692471328,1.0104104692471327,0.008587344744393524,0.010126489812471932,55,51,0.9877216356076044,3.2014096363957396,-0.24803466532233864,3.3307185476769114,-0.08794028036689383
142500.0,0.01,1,600.0,20.0,8192,0.01220703125,26,13.77899245574931,per_channel,3.2093699865007124,3.3336501689819658,3.271510077741339,0.03798862895970561,1.8994314479852805,-0.03063422255058978,3.221399993842326,0.22870463464570917,3.2093699865007124,3.20787148007513,5.36004211137141,10.181032548864277,5.000359743244934,0.027835911291891308,10.596545685690902,-0.9675491167683254,0.005994174701588546,0.4441797238604219,0.9752812021010366,0.058702894832885,0.994617077517148,3.214063016849535,142040.2647988491,-0.32262119379010984,-0.4549960732998515,3.213366097141134,141978.6730210206,-0.36584349402063115,-0.4981609728758607,3.214105993022849,142044.06334779915,-0.3199555454041049,-0.4523339649836866,3.3245017646297628,151969.2897666131,6.645115625693405,6.503487359577953,141625.76601595926,-0.613497532660166,-0.7454861187022099,141493.5421993418,-0.706286175900482,-0.8381515355333269,3.2143699213777523,142067.39238254772,-0.30358429294896494,-0.43598445409717135,3.329964877177217,152469.15864446582,6.995900803133907,6.85380668261748,1,1,1,0.0002796252939353856,1,1,3.2312313099266996,3.220125214000329,0.0001350015059338931,1.4903292815629525e-11,4.1365804582313736e-08,0.0001479329856042005,34.43359241526031,4.679889205538932,3.21406,3.21411,3.32450,0.005653489541773348,0.008628458966849903,0.8628458966849902,0.0071950762216104105,0.012867084213776593,45,50,0.9948572031746182,3.214105993022849,0.14756810657721164,3.3245017646297628,-0.2744260461797876
142500.0,0.01,2,600.0,20.0,8192,0.01220703125,26,13.77899245574931,per_channel,3.2093699865007124,3.3336501689819658,3.271510077741339,0.03798862895970561,1.8994314479852805,-0.03063422255058978,3.221399993842326,0.22870463464570917,3.2093699865007124,3.20787148007513,5.36004211137141,10.181032548864277,5.027816675339876,0.026816468596422657,10.596545685690902,-0.9675491167683254,0.005994174701588546,0.4441797238604219,0.9752812021010366,0.058702894832885,0.994617077517148,3.2069372451546956,141411.13929745535,-0.764112773715547,-0.8959013377001779,3.2078885220475777,141495.04558591315,-0.7052311677802476,-0.8370979284990199,3.206992042370708,141415.97194764935,-0.7607214402460714,-0.8925145080345032,3.3218881697169107,151730.43891644603,6.477500993997214,6.336095325696278,141625.76601595926,-0.613497532660166,-0.7454861187022099,141493.5421993418,-0.706286175900482,-0.8381515355333269,3.2014115970869526,140924.24794198893,-1.1057909179025067,-1.2371257219296439,3.323935052985572,151917.48325141022,6.6087601764282216,6.467180191560518,1,1,1,0.0005751754545860168,1,1,3.3214661973763024,3.3174574379907034,0.00011580065048138784,1.383166681150998e-11,4.863484272858727e-08,8.455653373385389e-05,35.46072997075885,4.679889205538932,3.20694,3.20699,3.32189,0.00521918412070419,0.012767625967267738,1.2767625967267737,0.010411325046979064,0.010824931486993676,82,45,0.995730968838185,3.206992042370708,-0.07409379847155284,3.3218881697169107,-0.3528264415533111
143750.0,0.01,0,600.0,20.0,8192,0.01220703125,26,13.77899245574931,per_channel,3.221743080805816,3.3353638231912286,3.278553451998522,0.03465575414552185,1.7327877072760924,-0.02627624824770187,3.2354794097994857,0.24674489340026298,3.221743080805816,3.2200673633020007,5.371581975754379,9.307811216213013,5.019639887866274,0.02789422246253821,10.50281731991355,-0.9730111338133661,0.005992358819386799,0.5368539116010892,0.9795307206775308,0.06634592272264267,0.8124093803301718,3.2147433830209953,142100.40650681252,-1.1475432996086816,-1.2776825983329299,3.2133686981396687,141978.90286502766,-1.2320675721546717,-1.3620955946403557,3.214814645267996,142106.70654715688,-1.143160662847389,-1.2733057313146778,3.327027644948223,152200.30306593364,5.878471698040791,5.739082647766214,142719.89158240205,-0.7165971600681381,-0.8473037995571864,142571.46508278712,-0.8198503771915667,-0.9504210837790628,3.20869524459528,141566.221124465,-1.5191505221113077,-1.6488005997787214,3.3269702030021793,152195.04756038496,5.874815694180843,5.735431457036788,1,1,1,0.0007329921958498018,1,0,3.31291522478398,,0.0001094824224481672,1.4965797590106783e-11,4.879740203411656e-08,6.657288073516637e-05,35.132968336824256,4.679889205538932,3.21474,3.21481,3.32703,0.005857310706911648,0.012784441620125238,1.2784441620125238,0.010878845336978832,0.011000838877936821,79,56,0.9851286444888564,3.214814645267996,-0.21505239133118303,3.327027644948223,-0.249933101301969
143750.0,0.01,1,600.0,20.0,8192,0.01220703125,26,13.77899245574931,per_channel,3.221743080805816,3.3353638231912286,3.278553451998522,0.03465575414552185,1.7327877072760924,-0.02627624824770187,3.2354794097994857,0.24674489340026298,3.221743080805816,3.2200673633020007,5.371581975754379,9.307811216213013,5.005842101518181,0.029730568140712677,10.50281731991355,-0.9730111338133661,0.005992358819386799,0.5368539116010892,0.9795307206775308,0.06634592272264267,0.8124093803301718,3.223508730174747,142876.36733580113,-0.6077444620513883,-0.7385944061608529,3.2187056799084064,142450.91099077626,-0.9037140933730357,-1.034174393344689,3.2235732923123543,142882.0906000058,-0.6037630608655391,-0.7346182464912587,3.3277016924862823,152261.98011992092,5.921377474727595,5.781931938980844,142719.89158240205,-0.7165971600681381,-0.8473037995571864,142571.46508278712,-0.8198503771915667,-0.9504210837790628,3.222660753755857,142801.2070897262,-0.6600298506252508,-0.7908109609997771,3.322380640205748,151775.43037819187,5.5829080891769545,5.443908148511456,1,1,1,0.0004039016832380215,1,0,3.24155674424224,,0.00010763173042887411,1.700112904436953e-11,5.028270396412468e-08,0.00012449243479506077,34.70940860111916,4.679889205538932,3.22351,3.22357,3.32770,0.0067823126869654225,0.009823368189879044,0.9823368189879044,0.007358021472167492,0.011151577498030146,57,48,0.9958159568378643,3.2235732923123543,0.056808114757567196,3.3277016924862823,-0.22972398548160022
143750.0,0.01,2,600.0,20.0,8192,0.01220703125,26,13.77899245574931,per_channel,3.221743080805816,3.3353638231912286,3.278553451998522,0.03465575414552185,1.7327877072760924,-0.02627624824770187,3.2354794097994857,0.24674489340026298,3.221743080805816,3.2200673633020007,5.371581975754379,9.307811216213013,5.0219832040691665,0.028127669566341773,10.50281731991355,-0.9730111338133661,0.005992358819386799,0.5368539116010892,0.9795307206775308,0.06634592272264267,0.8124093803301718,3.218842678922971,142463.03763527013,-0.8952781667686067,-1.0257495726409882,3.2246532003479933,142977.83860957512,-0.5371557498607865,-0.6680986240380382,3.218921017118897,142469.97207368413,-0.8904542096110425,-1.0209319662249694,3.324189456067668,151940.73867268258,5.697905163605272,5.558753829245333,142719.89158240205,-0.7165971600681381,-0.8473037995571864,142571.46508278712,-0.8198503771915667,-0.9504210837790628,3.211483189635661,141812.33381304602,-1.3479416952723353,-1.4778171694286635,3.324281243530037,151949.12955867714,5.7037423016884485,5.564583282733904,1,1,1,0.0006868105454422808,1,0,3.3211107324940143,,8.12390038656428e-05,1.521734370225742e-11,5.419409281551165e-08,7.890690260239473e-05,35.516131009945035,4.679889205538932,3.21884,3.21892,3.32419,0.006812460934489619,0.012652624107488212,1.2652624107488213,0.01177164858429063,0.008754526585199374,81,45,0.9970424123490375,3.218921017118897,-0.08759431202729484,3.324189456067668,-0.33502693306989295
145000.0,0.01,0,600.0,20.0,8192,0.01220703125,26,13.77899245574931,per_channel,3.233656332722451,3.3374762631841564,3.2855662979533036,0.03159879334237714,1.579939667118857,-0.02195571272106722,3.249497823071362,0.27339217057099985,3.233656332722451,3.2317598194126766,5.383071822566693,8.50492870342292,5.011909420742798,0.029585388040430146,10.385688060446952,-0.9776060622158209,0.005990588802678926,0.6230913833384852,0.983077911734274,0.0756371336916034,0.6631079985916211,3.2301587357939434,143466.4750533565,-1.0576034114782795,-1.1867396704400957,3.2345991223326114,143861.18288017987,-0.7853911171173316,-0.9148826583297187,3.2302670523528394,143476.09690584915,-1.0509676511385198,-1.1801125708695959,3.31511497046022,151112.32492633015,4.215396500917349,4.079378101380082,143777.33257464512,-0.8432189140378513,-0.972634980371756,143608.73354259104,-0.9594941085579018,-1.0887584164531172,3.2244873440031796,142963.13118500434,-1.4047371137901088,-1.5334203056217355,3.3116010998838648,150792.15036534032,3.9945864588553928,3.858856253093035,1,1,1,0.0009554250072364874,1,1,3.308189539718534,3.2977987778961797,9.614670704449771e-05,1.683549485958226e-11,6.265448818986921e-08,6.557760966618799e-05,35.707263001958346,4.679889205538932,3.23016,3.23027,3.31511,0.004322938549481796,0.01264733834608507,1.2647338346085069,0.013201532123465785,0.009809573870746479,67,49,0.9949152989397616,3.2302670523528394,-0.10481263377664085,3.31511497046022,-0.6700060453044943
145000.0,0.01,1,600.0,20.0,8192,0.01220703125,26,13.77899245574931,per_channel,3.233656332722451,3.3374762631841564,3.2855662979533036,0.03159879334237714,1.579939667118857,-0.02195571272106722,3.249497823071362,0.27339217057099985,3.233656332722451,3.2317598194126766,5.383071822566693,8.50492870342292,4.993967985646172,0.0312038261705411,10.385688060446952,-0.9776060622158209,0.005990588802678926,0.6230913833384852,0.983077911734274,0.0756371336916034,0.6631079985916211,3.231791628888731,143611.56057263506,-0.9575444326654743,-1.0868112852114864,3.2272017640142563,143203.92935278002,-1.2386694118758494,-1.367569349637432,3.231878720217215,143619.30085515187,-0.9522063067918122,-1.0814801264786178,3.326701741432808,152170.48655121608,4.945163138769708,4.8081922725773385,143777.33257464512,-0.8432189140378513,-0.972634980371756,143608.73354259104,-0.9594941085579018,-1.0887584164531172,3.228824318284925,143347.9640772865,-1.139335119112752,-1.2683647046228819,3.32507071462672,152021.30978743843,4.842282612026501,4.705446022006954,1,1,1,0.0003648816887274598,1,1,3.251700654522261,3.267475538093805,0.00011811682956261088,1.8727812239441064e-11,3.888027617883591e-08,0.00010655584366108507,33.172422946175935,4.679889205538932,3.23179,3.23188,3.32670,0.00386170877643582,0.011377847318258957,1.1377847318258958,0.008109094931755689,0.01137138112813978,72,44,0.9893953325476633,3.231878720217215,-0.05497221480365022,3.326701741432808,-0.32283440844815825
145000.0,0.01,2,600.0,20.0,8192,0.01220703125,26,13.77899245574931,per_channel,3.233656332722451,3.3374762631841564,3.2855662979533036,0.03159879334237714,1.579939667118857,-0.02195571272106722,3.249497823071362,0.27339217057099985,3.233656332722451,3.2317598194126766,5.383071822566693,8.50492870342292,5.015527191799277,0.029041522059400696,10.385688060446952,-0.9776060622158209,0.005990588802678926,0.6230913833384852,0.983077911734274,0.0756371336916034,0.6631079985916211,3.2299921453607556,143451.67731251742,-1.0678087499879847,-1.1969316892882387,3.2340570153373016,143812.9657037207,-0.8186443422615913,-0.9480924824927794,3.2300673508192297,143458.3574988899,-1.0632017249035135,-1.1923306771366105,3.3238509131173997,151909.79227368135,4.765373981849206,4.628637770364286,143777.33257464512,-0.8432189140378513,-0.972634980371756,143608.73354259104,-0.9594941085579018,-1.0887584164531172,3.222759059881121,142809.9194231304,-1.510400397841104,-1.6389456815395054,3.326106499326591,152116.0361168606,4.9076111150762785,4.770689260511096,1,1,1,0.000991003822817226,1,1,3.321153839588017,3.3102031936558483,9.966907113770266e-05,1.622221281925174e-11,7.021756658910925e-08,7.085499063918312e-05,36.36335680171533,4.679889205538932,3.22999,3.23007,3.32385,0.007081508712849029,0.010281497065446116,1.0281497065446117,0.011626249130471134,0.008459152690255043,87,43,0.9802141092131501,3.2300673508192297,-0.11098835293358311,3.3238509131173997,-0.40825309282521705
146250.0,0.01,0,600.0,20.0,8192,0.01220703125,26,13.77899245574931,per_channel,3.244990990585411,3.34010702780531,3.2925490091953606,0.02888826770816808,1.4444133854084038,-0.017672016016535605,3.263456019782496,0.3141998477339231,3.244990990585411,3.2428111619011992,5.394512296665678,7.791905769054138,5.0093755699281655,0.03144474393607139,10.245299012493925,-0.9813429160752632,0.005988862944108241,0.697924732532343,0.9859441138796452,0.08701021282740813,0.5399701995911511,3.2437855021912303,144679.48528310767,-1.0738562166785153,-1.20186914364393,3.2415882168219476,144483.5448022848,-1.2078326138223594,-1.3356721719482878,3.2440277387789593,144701.0945870508,-1.059080624238779,-1.1871126711937574,3.324103525789263,151932.88343976336,3.8857322665048626,3.751301506861515,144787.0397734817,-1.0003146847988416,-1.128422776362692,144592.58318657635,-1.1332764536230109,-1.2612124893020438,3.2360633000327974,143991.45312501342,-1.5443055555463816,-1.671709709193081,3.324254860165914,151946.7176608796,3.895191562994598,3.7607485627828563,1,1,1,0.0011925898606911184,1,1,3.3090424174235653,3.309731933216128,9.480254092681342e-05,1.9018115114142756e-11,6.420933141486947e-08,5.384024594814137e-05,35.28430676014314,4.679889205538932,3.24379,3.24403,3.32410,0.005210649149659536,0.017325547016455264,1.7325547016455265,0.017245589813763302,0.009337342767164082,61,41,0.9969992863666016,3.2440277387789593,-0.02968426751404074,3.324103525789263,-0.4791314135392466
146250.0,0.01,1,600.0,20.0,8192,0.01220703125,26,13.77899245574931,per_channel,3.244990990585411,3.34010702780531,3.2925490091953606,0.02888826770816808,1.4444133854084038,-0.017672016016535605,3.263456019782496,0.3141998477339231,3.244990990585411,3.2428111619011992,5.394512296665678,7.791905769054138,4.985046417770045,0.03284691830076851,10.245299012493925,-0.9813429160752632,0.005988862944108241,0.697924732532343,0.9859441138796452,0.08701021282740813,0.5399701995911511,3.240019605491761,144343.74685460105,-1.3034209541189405,-1.4311368185198514,3.2441730014948043,144714.05387488235,-1.05021957273002,-1.1782630861092769,3.240139726618059,144354.44991011758,-1.2961026255606323,-1.4238279600634063,3.328392070071195,152325.1643665512,4.153958541231596,4.019180690018653,144787.0397734817,-1.0003146847988416,-1.128422776362692,144592.58318657635,-1.1332764536230109,-1.2612124893020438,3.2366078468975847,144039.91737573652,-1.511167606334003,-1.6386146413233882,3.3266224169097685,152163.2296894406,4.043233975685882,3.9085994048554618,1,1,1,0.0006084125296407386,1,0,3.2635389946170226,,0.00011287699224120727,2.0752030994155645e-11,5.576663850938341e-08,9.165925386565106e-05,34.293138595818235,4.679889205538932,3.24002,3.24014,3.32839,0.0044658390703631035,0.011744642861646075,1.1744642861646075,0.00829362493631322,0.012945836231879213,71,46,0.9741952158918319,3.240139726618059,-0.14950007508269803,3.328392070071195,-0.35073599847526005
146250.0,0.01,2,600.0,20.0,8192,0.01220703125,26,13.77899245574931,per_channel,3.244990990585411,3.34010702780531,3.2925490091953606,0.02888826770816808,1.4444133854084038,-0.017672016016535605,3.263456019782496,0.3141998477339231,3.244990990585411,3.2428111619011992,5.394512296665678,7.791905769054138,5.010751144774759,0.030422828727867703,10.245299012493925,-0.9813429160752632,0.005988862944108241,0.697924732532343,0.9859441138796452,0.08701021282740813,0.5399701995911511,3.2342461581510005,143829.78790832448,-1.6548458746499302,-1.7821069863336758,3.236058823814245,143991.054778808,-1.5445779290201707,-1.671981730208727,3.2343446055961733,143838.54413154966,-1.6488587134703199,-1.7761275726917436,3.324796145927815,151996.2044146762,3.929028659607662,3.7945418733388303,144787.0397734817,-1.0003146847988416,-1.128422776362692,144592.58318657635,-1.1332764536230109,-1.2612124893020438,3.228639106494051,143331.5190997622,-1.9955424958890957,-2.1223627375457133,3.323259793317906,151855.76524089638,3.8330018741171807,3.6986393489324865,1,1,1,0.0012210700659760986,1,1,3.3169290506508586,3.3186985351399656,0.00013261703367052993,1.7802071122436992e-11,8.36010122866552e-08,6.846536870906442e-05,36.71741004357751,4.679889205538932,3.23425,3.23434,3.32480,0.00593813114605041,0.009822626716236637,0.9822626716236637,0.009866423686901169,0.0074195141830562614,60,40,0.9395410246990743,3.2343446055961733,-0.32808673491315776,3.324796145927815,-0.45839494812702775
147500.0,0.01,0,600.0,20.0,8192,0.01220703125,26,13.77899245574931,per_channel,3.255598628041319,3.3434053135523825,3.2995019707968507,0.02661210276224131,1.3306051381120656,-0.013424572360344765,3.2773547693168195,0.37893769677871214,3.255598628041319,3.253044945478677,5.405904028953561,7.193123677066324,5.010633159077742,0.032267728661794004,10.086766549953444,-0.9842368457932387,0.005987179619803083,0.7584715716187324,0.9881524419208837,0.10096655633739526,0.43836301677664097,3.257758166535423,145928.58873488833,-1.0653635695672365,-1.1923039298540883,3.252866473485445,145490.6790469775,-1.3622514935745857,-1.4888109249835635,3.2583136002514026,145978.35336676976,-1.0316248360882962,-1.1586084856329726,3.3223662578294437,151774.1163284998,2.897705985423596,2.765680717612873,145735.18336993712,-1.1964858508900882,-1.3232579717187276,145506.6444879351,-1.3514274658067191,-1.4780007852334354,3.2544943714219747,145636.33718723807,-1.2635002120419887,-1.390186348553546,3.326966448958099,152194.70409677687,3.1828502351029626,3.0504591064057784,1,1,1,0.0015540862815776792,1,1,3.3027815765627118,3.307867593201519,8.677904717669014e-05,2.0026642235050532e-11,6.611272421989277e-08,4.2541218594875163e-05,35.186769134732536,4.679889205538932,3.25776,3.25831,3.32237,0.005466307002729046,0.018974978467333217,1.8974978467333217,0.020506061637020512,0.010897797524677861,87,39,0.9961419656473084,3.2583136002514026,0.08339394748169138,3.3223662578294437,-0.6292702723674437
147500.0,0.01,1,600.0,20.0,8192,0.01220703125,26,13.77899245574931,per_channel,3.255598628041319,3.3434053135523825,3.2995019707968507,0.02661210276224131,1.3306051381120656,-0.013424572360344765,3.2773547693168195,0.37893769677871214,3.255598628041319,3.253044945478677,5.405904028953561,7.193123677066324,4.984431296797834,0.03406545880141272,10.086766549953444,-0.9842368457932387,0.005987179619803083,0.7584715716187324,0.9881524419208837,0.10096655633739526,0.43836301677664097,3.2486219430052565,145111.23726790966,-1.619500157349384,-1.7457295199448386,3.254279582548622,145617.11451915145,-1.2765325293888463,-1.4032019444859434,3.2487935710087337,145126.5704216306,-1.6091047988945058,-1.735347499493689,3.3235939549779765,151886.30569153454,2.973766570531889,2.841643711438424,145735.18336993712,-1.1964858508900882,-1.3232579717187276,145506.6444879351,-1.3514274658067191,-1.4780007852334354,3.2422127713109754,144539.22524871494,-2.0073049161254657,-2.133036696907553,3.3229113890904984,151823.926371526,2.9314755061193236,2.799406909548563,1,1,1,0.000718969960808963,1,1,3.273125775930042,3.2807722337180016,0.0001060437311593942,2.232028994138966e-11,6.396803483575896e-08,8.897177673985725e-05,34.5726317714297,4.679889205538932,3.24862,3.24879,3.32359,0.0039555933499479945,0.011503639372036085,1.1503639372036085,0.008922791741758586,0.011009470731646681,71,35,0.9722365640455042,3.2487935710087337,-0.20902629009520446,3.3235939549779765,-0.5925503107296448
147500.0,0.01,2,600.0,20.0,8192,0.01220703125,26,13.77899245574931,per_channel,3.255598628041319,3.3434053135523825,3.2995019707968507,0.02661210276224131,1.3306051381120656,-0.013424572360344765,3.2773547693168195,0.37893769677871214,3.255598628041319,3.253044945478677,5.405904028953561,7.193123677066324,4.999465845478713,0.0326089008544553,10.086766549953444,-0.9842368457932387,0.005987179619803083,0.7584715716187324,0.9881524419208837,0.10096655633739526,0.43836301677664097,3.2448190065784708,144771.6927999773,-1.8496997966255668,-1.975633796280396,3.2457283104937105,144852.8436511799,-1.7946822703865128,-1.920686861543508,3.245011181599354,144788.8415696915,-1.8380735120735667,-1.9640224291001318,3.325579749920174,152067.85925483797,3.096853732093537,2.9645729431870382,145735.18336993712,-1.1964858508900882,-1.3232579717187276,145506.6444879351,-1.3514274658067191,-1.4780007852334354,3.2406480452993787,144399.7466106619,-2.101866704635993,-2.227477155740898,3.33145794966829,152605.91596811064,3.4616379444817893,3.328889110803357,1,1,1,0.001665363285874249,1,1,3.321937823722858,3.3199039027958026,0.00012076647671987694,2.045237125273568e-11,9.850320540423264e-08,5.914817880263429e-05,36.827066956877346,4.679889205538932,3.24482,3.24501,3.32558,0.008260382273541655,0.012259244206798352,1.2259244206798352,0.018987836888679097,0.0075554930544313335,95,43,0.9987078114606442,3.245011181599354,-0.3252073628110197,3.325579749920174,-0.5331559281775755
148750.0,0.01,0,600.0,20.0,8192,0.01220703125,26,13.77899245574931,per_channel,3.26530853350034,3.347542585853579,3.3064255596769594,0.024870982536583437,1.2435491268291718,-0.00921280977873607,3.291194824812532,0.4843858081156664,3.26530853350034,3.262256925616707,5.41724763697473,6.7366135687773205,5.006299893823944,0.03405367130326297,9.922671153494084,-0.9863086576616086,0.0059855372843356245,0.8040133889091459,0.9897274958959613,0.11801279962679263,0.35502262388683653,3.268129544027179,146859.22235247033,-1.2711110235493583,-1.3967242418900239,3.2728134620652254,147280.48441528628,-0.9879096367823336,-1.1138831735464927,3.2687453731291813,146914.57432235967,-1.233899615220393,-1.3595601778065736,3.319840256020677,151543.4157255622,1.877926538193074,1.7483067849171308,146605.79751056444,-1.4414806651667607,-1.5668771214308763,146331.90342009484,-1.6256111461547313,-1.750773332363209,3.271649135490098,147175.7109041052,-1.0583456106855877,-1.1842295314370421,3.31571832988188,151167.3355928269,1.625099558202949,1.4958014778534423,1,1,1,0.0016471245230686817,1,1,3.307105380992539,3.3039848077921494,9.015280406614061e-05,2.2304845860141607e-11,6.616027760616217e-08,4.0167137747971846e-05,34.72198092479708,4.679889205538932,3.26813,3.26875,3.31984,0.004727720970745858,0.017471622404616947,1.7471622404616947,0.021295460813660436,0.00836881805667109,69,39,0.9936838624813215,3.2687453731291813,0.10525313591598362,3.319840256020677,-0.8275422678704514
148750.0,0.01,1,600.0,20.0,8192,0.01220703125,26,13.77899245574931,per_channel,3.26530853350034,3.347542585853579,3.3064255596769594,0.024870982536583437,1.2435491268291718,-0.00921280977873607,3.291194824812532,0.4843858081156664,3.26530853350034,3.262256925616707,5.41724763697473,6.7366135687773205,4.98376547530947,0.03508015223881957,9.922671153494084,-0.9863086576616086,0.0059855372843356245,0.8040133889091459,0.9897274958959613,0.11801279962679263,0.35502262388683653,3.2577207801054198,145925.23936554664,-1.8989987458509956,-2.023813099762284,3.2596806867465777,146100.8749687938,-1.7809243907268597,-1.9058889711818017,3.2579408471783786,145944.95525105885,-1.885744369036064,-2.010575586551777,3.3298681836342037,152460.3041552161,2.494322121153672,2.3639181249499375,146605.79751056444,-1.4414806651667607,-1.5668771214308763,146331.90342009484,-1.6256111461547313,-1.750773332363209,3.2458075588016104,144859.91724563795,-2.6151816836047423,-2.7390848346790064,3.3273290941904032,152227.88488938153,2.3380738752144743,2.2078686743707943,1,1,1,0.0008605643552997579,1,1,3.286516288958342,3.2753157985393506,0.00012339900301127455,2.3669783504007795e-11,6.508126169332747e-08,7.562625769069636e-05,34.39261678099082,4.679889205538932,3.25772,3.25794,3.32987,0.004653245497127438,0.010445724993844342,1.044572499384434,0.011450295225274873,0.011652848248102437,87,37,0.9688109886973105,3.2579408471783786,-0.225635227004517,3.3298681836342037,-0.527981400268529
148750.0,0.01,2,600.0,20.0,8192,0.01220703125,26,13.77899245574931,per_channel,3.26530853350034,3.347542585853579,3.3064255596769594,0.024870982536583437,1.2435491268291718,-0.00921280977873607,3.291194824812532,0.4843858081156664,3.26530853350034,3.262256925616707,5.41724763697473,6.7366135687773205,4.993005053114758,0.03480606216552641,9.922671153494084,-0.9863086576616086,0.0059855372843356245,0.8040133889091459,0.9897274958959613,0.11801279962679263,0.35502262388683653,3.2553741531397913,145715.08705779593,-2.0402776082044176,-2.1649122123710396,3.253034746163812,145505.73207154954,-2.181020456101147,-2.305475992496775,3.260062355165398,146135.0901940402,-1.7579225586284297,-1.8829164044198654,3.3284072861147704,152326.55710610098,2.404408138555283,2.2741185403241104,146605.79751056444,-1.4414806651667607,-1.5668771214308763,146331.90342009484,-1.6256111461547313,-1.750773332363209,3.268848473773452,146923.8422367516,-1.2276690845367373,-1.3533375742556863,3.3317568766068177,152633.30341623124,2.610624145365539,2.4800721775628976,1,1,1,0.00239385950186747,1,1,3.3207592106714983,3.328361305045476,0.00012596443731034213,2.3301352499580237e-11,1.0810443124108109e-07,4.5159054304042456e-05,36.66462366341793,4.679889205538932,3.25537,3.26006,3.32841,0.006755460050129533,0.02318269956042304,2.318269956042304,0.022647723491453334,0.007430675982504577,80,31,0.9970339300032889,3.260062355165398,-0.16066409287572858,3.3284072861147704,-0.5716222945056026
150000.0,0.01,0,600.0,20.0,8192,0.01220703125,26,13.77899245574931,per_channel,3.273951876956742,3.3526884132678387,3.3133201451122902,0.023763636733759738,1.1881818366879868,-0.005036169828784746,3.3049769236383306,0.6565576227083986,3.273951876956742,3.2702623892889013,5.428543725751976,6.45009705460503,5.013051168865485,0.035698472486528424,9.773514563104065,-0.9875842456894679,0.005983934466027919,0.8355126023054055,0.9906950793429052,0.13853011677473256,0.28749890574722275,3.280403130388605,147964.36459562118,-1.3570902695858773,-1.4815495505004161,3.2868161539284766,148543.45590872128,-0.9710293941858108,-1.0959757740623965,3.2809604936639682,148014.64921352602,-1.3235671909826536,-1.4480687684826021,3.318012211268842,151376.5692192758,0.9177128128505428,0.7903833777948233,147382.96227364292,-1.7446918175713897,-1.8686620556335298,147050.97130346636,-1.9660191310224278,-2.0897101169988885,3.2923260808006627,149041.90155690347,-0.6387322953976885,-0.7640979396499548,3.3158176183361774,151176.38907344325,0.7842593822954999,0.6570983274917896,1,1,1,0.0016761735410251665,1,1,3.3069106457790745,3.3078775662049553,9.136194729674188e-05,2.4511540888184994e-11,7.398444964342588e-08,4.4138896022768714e-05,34.797698340140755,4.679889205538932,3.28040,3.28096,3.31801,0.00414815402807702,0.015727042766408735,1.5727042766408734,0.020425379057354847,0.009750173659038639,67,40,0.994591396134076,3.2809604936639682,0.21407207468611134,3.318012211268842,-1.0342804855282717
150000.0,0.01,1,600.0,20.0,8192,0.01220703125,26,13.77899245574931,per_channel,3.273951876956742,3.3526884132678387,3.3133201451122902,0.023763636733759738,1.1881818366879868,-0.005036169828784746,3.3049769236383306,0.6565576227083986,3.273951876956742,3.2702623892889013,5.428543725751976,6.45009705460503,4.990969969493562,0.03601128132479404,9.773514563104065,-0.9875842456894679,0.005983934466027919,0.8355126023054055,0.9906950793429052,0.13853011677473256,0.28749890574722275,3.2629822789415983,146396.98359944497,-2.402010933703355,-2.525151822096594,3.2634266302759802,146436.85885392354,-2.375427430717643,-2.4986018599266746,3.2632885226376533,146424.4647522063,-2.3836901651958082,-2.506854169185302,3.32321623985409,151851.7849314119,1.234523287607939,1.1067941278889437,147382.96227364292,-1.7446918175713897,-1.8686620556335298,147050.97130346636,-1.9660191310224278,-2.0897101169988885,3.2589872929430435,146038.7249140081,-2.640850057327926,-2.763689598714436,3.320557147928164,151608.87187403132,1.072581249354213,0.9450564144030782,1,1,1,0.0010985066353257993,1,1,3.311066161304925,3.3036222228575585,0.00010494632625291294,2.494298902085578e-11,7.352933802861692e-08,6.693572497794636e-05,34.69512160561189,4.679889205538932,3.26298,3.26329,3.32322,0.0038727326955092086,0.011002257835882845,1.1002257835882845,0.01890899780088647,0.009388288954297733,68,38,0.9978959798112116,3.2632885226376533,-0.3257028423093611,3.32321623985409,-0.8790609141343553
150000.0,0.01,2,600.0,20.0,8192,0.01220703125,26,13.77899245574931,per_channel,3.273951876956742,3.3526884132678387,3.3133201451122902,0.023763636733759738,1.1881818366879868,-0.005036169828784746,3.3049769236383306,0.6565576227083986,3.273951876956742,3.2702623892889013,5.428543725751976,6.45009705460503,5.016275704971595,0.03642868401897412,9.773514563104065,-0.9875842456894679,0.005983934466027919,0.8355126023054055,0.9906950793429052,0.13853011677473256,0.28749890574722275,3.2727135270118644,147271.49016093853,-1.8190065593743154,-1.942883033380327,3.263623849745471,146454.5586986274,-2.3636275342484003,-2.4868168515688516,3.273647752584613,147355.58211003142,-1.762945259979053,-1.8868924673913212,3.3247595045166776,151992.85423951727,1.3285694930115133,1.200721673744365,147382.96227364292,-1.7446918175713897,-1.8686620556335298,147050.97130346636,-1.9660191310224278,-2.0897101169988885,3.2993703633636025,149680.36592632846,-0.2130893824476904,-0.3389920669293778,3.3257275571154326,152081.37703215852,1.3875846881056786,1.2596624084564745,1,1,1,0.0024643105797022328,1,1,3.3254447659898716,3.319778062125473,8.024067190829382e-05,2.5524562814678204e-11,7.942975218907156e-08,3.223203797577706e-05,34.93024895390454,4.679889205538932,3.27271,3.27365,3.32476,0.0037716613124126677,0.027987172760768585,2.7987172760768586,0.023071642891445646,0.00792374641852618,98,40,0.9977455827720955,3.273647752584613,-0.00928921326760479,3.3247595045166776,-0.833030252397926
151250.0,0.01,0,600.0,20.0,8192,0.01220703125,26,13.77899245574931,per_channel,3.2814039099948706,3.3589682669326875,3.320186088463779,0.023361448687264745,1.1680724343632372,-0.0008941068797919477,3.3187017878518366,0.9263280656782047,3.2814039099948706,3.276983889589681,5.439792887339056,6.354072120345954,5.002450341762953,0.03734122624452619,9.663474645133805,-0.9880939586152434,0.005982369762614781,0.8549182932224648,0.9910819300506686,0.16259505554465387,0.23370097021328062,3.29081240653356,148904.886556184,-1.5504882273163592,-1.6736782071348544,3.2922544172705983,149035.4132855193,-1.464189563293033,-1.5874875287225199,3.2913196175151165,148950.79133879798,-1.5201379578195182,-1.6433659149628577,3.322009074070983,151741.48396288682,0.32494807463591485,0.1994113593585034,148054.65978228234,-2.112621631548867,-2.2351082132349043,147656.07192366684,-2.3761507942698596,-2.498307621631557,3.2992931650765596,149673.3616004124,-1.0424055534463437,-1.1662312976603584,3.3212341824265925,151670.701799634,0.2781499501712397,0.15267179343725346,1,1,1,0.0016280415505496324,1,1,3.308088329781111,3.305162460459385,8.98583099175001e-05,2.68193654404236e-11,7.501180922750497e-08,4.607487395034895e-05,34.466811424269835,4.679889205538932,3.29081,3.29132,3.32201,0.003982371261610733,0.011822928958697519,1.1822928958697518,0.008025968100545537,0.009790816627659934,68,43,0.9985645444512173,3.2913196175151165,0.30217881712286676,3.322009074070983,-1.1003138441511462
151250.0,0.01,1,600.0,20.0,8192,0.01220703125,26,13.77899245574931,per_channel,3.2814039099948706,3.3589682669326875,3.320186088463779,0.023361448687264745,1.1680724343632372,-0.0008941068797919477,3.3187017878518366,0.9263280656782047,3.2814039099948706,3.276983889589681,5.439792887339056,6.354072120345954,4.988188159992019,0.0362553089660523,9.663474645133805,-0.9880939586152434,0.005982369762614781,0.8549182932224648,0.9910819300506686,0.16259505554465387,0.23370097021328062,3.2670746864770814,146764.43384651563,-2.965663572551648,-3.0870827419407276,3.2644057255414447,146524.74018803178,-3.1241387186566763,-3.245359587925223,3.2674992815954957,146802.58388437235,-2.9404404070265477,-3.061891138189732,3.324873783639114,152003.30306054678,0.49805161027886236,0.3722982903613836,148054.65978228234,-2.112621631548867,-2.2351082132349043,147656.07192366684,-2.3761507942698596,-2.498307621631557,3.2786441042370127,147805.7234809117,-2.277207615926154,-2.3994882509931648,3.3240796948033355,151930.70498930276,0.4500528854894267,0.3243596264278281,1,1,1,0.0019152688446958154,1,1,3.3381751884251334,3.3239743809778957,9.730626629411974e-05,2.5282182842514126e-11,8.73754804614175e-08,4.5620478139868946e-05,35.38575009013029,4.679889205538932,3.26707,3.26750,3.32487,0.005556636053180369,0.02465339445383156,2.465339445383156,0.011019377873307553,0.008933110624520606,43,40,0.9794275098069232,3.2674992815954957,-0.42374022768190134,3.324873783639114,-1.0150284427875134
151250.0,0.01,2,600.0,20.0,8192,0.01220703125,26,13.77899245574931,per_channel,3.2814039099948706,3.3589682669326875,3.320186088463779,0.023361448687264745,1.1680724343632372,-0.0008941068797919477,3.3187017878518366,0.9263280656782047,3.2814039099948706,3.276983889589681,5.439792887339056,6.354072120345954,5.020137857171902,0.036207810433604375,9.663474645133805,-0.9880939586152434,0.005982369762614781,0.8549182932224648,0.9910819300506686,0.16259505554465387,0.23370097021328062,3.357837719072506,155032.2695298582,2.5006740693277334,2.3724148657763733,3.3623548100941703,155449.66069824682,2.776635172394593,2.6480306584185653,3.35666184667352,154923.70785256318,2.4288977537607805,2.3007283639901788,3.3279678362871024,152286.33639122004,0.6851810851041612,0.5591936098738426,148054.65978228234,-2.112621631548867,-2.2351082132349043,147656.07192366684,-2.3761507942698596,-2.498307621631557,3.3214459003497487,151690.0394480646,0.2909351722741199,0.16544101737794303,3.326148486807128,152119.8766489785,0.5751250571758709,0.449275295171514,1,1,1,0.002485059384993135,1,1,3.3289241603013533,3.3312286118438084,8.376427541982918e-05,2.521598123060232e-11,8.641854481769108e-08,3.477524333605807e-05,35.3493107650582,4.679889205538932,3.35784,3.35666,3.32797,0.0032343724932967846,0.02814935848133354,2.814935848133354,0.025132842945103245,0.00818107464121696,63,48,0.9980603853360482,3.3279678362871024,1.4190245263742796,3.35666184667352,-0.0686645444636369
152500.0,0.01,0,600.0,20.0,8192,0.01220703125,26,13.77899245574931,per_channel,3.287627972656937,3.3664195144610156,3.3270237435589762,0.023682290202051298,1.1841145101025647,0.0032139121894773815,3.3323701246410287,1.3107411517863836,3.3664195144610156,3.3704641243773783,5.4509957014470265,6.454603104590133,5.003615002616234,0.037373301941331864,9.611502555743547,-0.9878719250491445,0.005980841837176538,0.8645450706301605,0.9909154655347637,0.18984745115163276,0.19158123729633433,3.3698384898316425,156142.40740382357,2.3884638713597184,2.261393927304156,3.3675007832227584,155925.845968831,2.2464563730039413,2.119562668381869,3.3694552458710527,156106.8939915094,2.3651763878750125,2.2381353449193453,3.3257597278879834,152084.31930507135,-0.272577504871249,-0.3963449442693334,155825.72977597918,2.1808064104781533,2.053994181217167,156200.3906885808,2.4264856974300395,2.299368566112081,3.358807631237007,155121.84467526939,1.7192424100127117,1.5930030080947732,3.323319616131954,151861.23247580227,-0.4188639502935913,-0.5424498398399424,1,1,1,0.0014466836646167438,1,1,3.3448113653929914,3.316344186058983,7.448460009441038e-05,2.6865460300900754e-11,6.866695519987856e-08,4.74650795328292e-05,34.075535045471966,4.679889205538932,3.36984,3.36946,3.32576,0.003942320810091928,0.009862072435317346,0.9862072435317346,0.0068861185920518365,0.00978872976552982,32,39,0.9925378191858731,3.3257597278879834,1.159856150032379,3.3694552458710527,0.09017685992480651
152500.0,0.01,1,600.0,20.0,8192,0.01220703125,26,13.77899245574931,per_channel,3.287627972656937,3.3664195144610156,3.3270237435589762,0.023682290202051298,1.1841145101025647,0.0032139121894773815,3.3323701246410287,1.3107411517863836,3.3664195144610156,3.3704641243773783,5.4509957014470265,6.454603104590133,4.985040055573466,0.03646783075103609,9.611502555743547,-0.9878719250491445,0.005980841837176538,0.8645450706301605,0.9909154655347637,0.18984745115163276,0.19158123729633433,3.3690304330962584,156067.53331302048,2.3393661068986766,2.2123570959790007,3.3646855788114736,155665.24935860114,2.0755733499023874,1.9488917208928092,3.368579145299415,156025.7250495094,2.311950852137315,2.1849758651179885,3.328806290424338,152363.08063856882,-0.08978318782372507,-0.21377748543183195,155825.72977597918,2.1808064104781533,2.053994181217167,156200.3906885808,2.4264856974300395,2.299368566112081,3.352836980731427,154570.8425162032,1.3579295188217753,1.2321385268822427,3.330041481061659,152476.17365188073,-0.015623834832308081,-0.1397101684421087,1,1,1,0.0013239282030748348,1,1,3.3445530639720107,3.291730072720697,0.00011017703123375427,2.5579450336791084e-11,6.558918768276558e-08,4.954134788460139e-05,34.08941044310657,4.679889205538932,3.36903,3.36858,3.32881,0.00427188510310856,0.011346977566376653,1.1346977566376653,0.006897207503623559,0.009991547463751504,49,40,0.9225287367666898,3.328806290424338,1.2525236465281253,3.368579145299415,0.06415216015480674
152500.0,0.01,2,600.0,20.0,8192,0.01220703125,26,13.77899245574931,per_channel,3.287627972656937,3.3664195144610156,3.3270237435589762,0.023682290202051298,1.1841145101025647,0.0032139121894773815,3.3323701246410287,1.3107411517863836,3.3664195144610156,3.3704641243773783,5.4509957014470265,6.454603104590133,5.017618264252561,0.03612729165555743,9.611502555743547,-0.9878719250491445,0.005980841837176538,0.8645450706301605,0.9909154655347637,0.18984745115163276,0.19158123729633433,3.3718363370203885,156327.60390020223,2.5099041968539213,2.3826835384035627,3.371497732171718,156296.20817303678,2.489316834778216,2.362121726422539,3.371160563342702,156264.9487277599,2.4688188378753515,2.3416491687070717,3.328596792942214,152343.90338729642,-0.10235843455972395,-0.2263371255668778,155825.72977597918,2.1808064104781533,2.053994181217167,156200.3906885808,2.4264856974300395,2.299368566112081,3.336133237623208,153034.54346364675,0.3505203040306586,0.22597956458754176,3.327049103281419,152202.2663651283,-0.1952351704076673,-0.31909859606964464,1,1,1,0.001836881243618568,1,2,3.32414756890844,3.3287445676122815,7.768471204911102e-05,2.510395554229896e-11,7.51314771648361e-08,4.090165187643306e-05,34.76079770483313,4.679889205538932,3.37184,3.37116,3.32860,0.004388052070972331,0.022372639488306385,2.2372639488306385,0.02674989682440006,0.008077868054864044,73,42,0.9792591149185191,3.328596792942214,1.2461513475981345,3.371160563342702,0.14083357291985177
153750.0,0.01,0,600.0,20.0,8192,0.01220703125,26,13.77899245574931,per_channel,3.292692004626946,3.3749749098476967,3.333833457237321,0.024681168473525576,1.2340584236762788,0.007288408175132924,3.3459826267494512,1.790225021930778,3.3749749098476967,3.3783734997657406,5.462152736337628,6.7406155956838845,5.013021346949384,0.035806876416467126,9.623065877659918,-0.9869553598395412,0.005979349414510901,0.8666504001482417,0.9902235455300971,0.21952285318665776,0.1590419223999893,3.3768681840019084,156794.53256670976,1.9801837832258629,1.8546482409600662,3.372526625953731,156391.6178380443,1.718125423118245,1.5929124693899288,3.37646634922962,156757.21885285,1.9559147010406486,1.8304090335238499,3.3285641376658672,152340.91425513563,-0.9164785332451159,-1.0384483428247382,156618.7650788952,1.8658634659480986,1.7404686496791166,156934.35317889202,2.0711240187915596,1.9454765309363076,3.3586308075280074,155105.51239254823,0.8816340764541353,0.7574508266438684,3.3270051796089146,152198.24764573752,-1.0092698239105586,-1.1311254092893686,1,1,1,0.001590225844906171,1,1,3.348778284174798,3.3463807394333642,7.334495334898365e-05,2.4660633081498725e-11,6.909897633077136e-08,4.345230367882019e-05,34.47467392050616,4.679889205538932,3.37687,3.37647,3.32856,0.00480600754074185,0.012284303934969484,1.2284303934969483,0.021418730749727555,0.009739524402005751,82,47,0.9991589818379483,3.3285641376658672,1.0894469628046854,3.37646634922962,0.044191125023518296
153750.0,0.01,1,600.0,20.0,8192,0.01220703125,26,13.77899245574931,per_channel,3.292692004626946,3.3749749098476967,3.333833457237321,0.024681168473525576,1.2340584236762788,0.007288408175132924,3.3459826267494512,1.790225021930778,3.3749749098476967,3.3783734997657406,5.462152736337628,6.7406155956838845,4.995348135608656,0.03547205227855363,9.623065877659918,-0.9869553598395412,0.005979349414510901,0.8666504001482417,0.9902235455300971,0.21952285318665776,0.1590419223999893,3.375720867944837,156688.00645132587,1.9108985049273948,1.7854482514369163,3.3701565606963535,156171.88459956428,1.575209495651562,1.4501724685375361,3.3753467678636615,156653.2797957554,1.8883120622799345,1.762889612243268,3.3292738389027017,152405.88404802655,-0.8742217573811057,-0.9962435841965656,156618.7650788952,1.8658634659480986,1.7404686496791166,156934.35317889202,2.0711240187915596,1.9454765309363076,3.3589782951587024,155137.60882602487,0.9025098055446278,0.7783008581343731,3.32674566683117,152174.50506197455,-1.0247121548133038,-1.1465487309953004,1,1,1,0.0012627652811270575,1,1,3.3475111849925048,3.347422133386812,0.00010155420476965548,2.420159441438337e-11,6.851581950196664e-08,5.425855503472041e-05,34.519468781075375,4.679889205538932,3.37572,3.37535,3.32927,0.005026271115557709,0.011363149482266984,1.1363149482266983,0.00825743500928004,0.011255915848970146,32,41,0.9749371902958024,3.3292738389027017,1.1110007927966015,3.3753467678636615,0.011018097197701415
153750.0,0.01,2,600.0,20.0,8192,0.01220703125,26,13.77899245574931,per_channel,3.292692004626946,3.3749749098476967,3.333833457237321,0.024681168473525576,1.2340584236762788,0.007288408175132924,3.3459826267494512,1.790225021930778,3.3749749098476967,3.3783734997657406,5.462152736337628,6.7406155956838845,5.005192350016408,0.03678514685914962,9.623065877659918,-0.9869553598395412,0.005979349414510901,0.8666504001482417,0.9902235455300971,0.21952285318665776,0.1590419223999893,3.376674040319764,156776.50415032925,1.9684579839539804,1.8429368759097509,3.3746727987896947,156590.72685975223,1.8476272258551116,1.7222548580286157,3.3760715731648174,156720.56492305902,1.932074746705054,1.806598425689554,3.328427229492603,152328.38255288234,-0.9246292338976675,-1.0465890101297393,156618.7650788952,1.8658634659480986,1.7404686496791166,156934.35317889202,2.0711240187915596,1.9454765309363076,3.37274166096037,156411.5617841936,1.7310970954104645,1.605868173816094,3.3273005202244414,152225.2703384303,-0.9916940888258197,-1.1135713095788091,1,1,1,0.001850407341298093,1,1,3.3434359232164286,3.3366785856005876,0.00010045280762580244,2.6026533946332912e-11,8.496697561872829e-08,4.591798450125175e-05,35.13833824616371,4.679889205538932,3.37667,3.37607,3.32843,0.005065842074596252,0.019694050393378373,1.9694050393378373,0.02041913252273798,0.007616604097585235,102,36,0.998107895724642,3.328427229492603,1.0852890223391976,3.3760715731648174,0.03249396947873073
155000.0,0.01,0,600.0,20.0,8192,0.01220703125,26,13.77899245574931,per_channel,3.296744073870752,3.3844870645475607,3.3406155692091564,0.026265515698826875,1.3132757849413437,0.011329890126346881,3.359539972885908,2.311704130856136,3.3844870645475607,3.3873549649502612,5.473264548592282,7.187905796244158,5.012945080871008,0.03522668893502691,9.689017504662678,-0.9853838725017057,0.0059778912775166615,0.8632109935744614,0.9890342528368674,0.250653772294822,0.13404801090435517,3.3876322464331157,157795.71825976032,1.8036891998453704,1.6793803160919607,3.387614498702396,157794.06488750692,1.8026225080689784,1.6783149268151831,3.386482622399986,157688.63758748496,1.7346048951515882,1.6103803677989026,3.322228653275059,151761.5443388249,-2.0893262330161955,-2.2088814933331924,157502.84948873427,1.6147416056350115,1.4906634391051776,157769.8878053813,1.7870243905685774,1.6627358556242644,3.3761003154394507,156723.23342376744,1.111763499204798,0.9882995014487639,3.3228179489820997,151815.38792856713,-2.0545884331824977,-2.1741861105981086,1,1,1,0.0014462377958157889,1,1,3.350946870127214,3.3144375812094875,7.878541137275529e-05,2.3867943200543114e-11,6.23745415019247e-08,4.312882824829003e-05,34.17192370597948,4.679889205538932,3.38763,3.38648,3.32223,0.004515379956057299,0.014130901857282717,1.4130901857282716,0.010630174538200522,0.010822566592101247,31,41,0.9940249260341028,3.322228653275059,0.7730226803557949,3.386482622399986,0.05896189922924844
155000.0,0.01,1,600.0,20.0,8192,0.01220703125,26,13.77899245574931,per_channel,3.296744073870752,3.3844870645475607,3.3406155692091564,0.026265515698826875,1.3132757849413437,0.011329890126346881,3.359539972885908,2.311704130856136,3.3844870645475607,3.3873549649502612,5.473264548592282,7.187905796244158,4.988880452466403,0.03431286231506301,9.689017504662678,-0.9853838725017057,0.0059778912775166615,0.8632109935744614,0.9890342528368674,0.250653772294822,0.13404801090435517,3.3917707690920196,158181.49806342222,2.0525793957562684,1.927966600988662,3.402453168298783,159179.45398391335,2.6964219251053874,2.571022957000002,3.3910483070218187,158114.1185326387,2.0091087307346487,1.8845490164584255,3.331885590318122,152645.0968208312,-1.519292373657283,-1.6395436821559972,157502.84948873427,1.6147416056350115,1.4906634391051776,157769.8878053813,1.7870243905685774,1.6627358556242644,3.3723451430478373,156374.78675277715,0.8869591953400936,0.7637696981674491,3.3336015727115433,152802.367376792,-1.4178274988438633,-1.5382027025120482,1,1,1,0.0012095623394519032,1,0,3.3482810769231155,,7.261305555497383e-05,2.2645673529138656e-11,5.1211566894677336e-08,4.233892311650771e-05,33.54382821901919,4.679889205538932,3.39177,3.39105,3.33189,0.004816577610627491,0.01707814085708432,1.7078140857084319,0.0262254475113775,0.012685590324141146,95,46,0.9963412974611388,3.331885590318122,1.065946147469976,3.3910483070218187,0.19386224113506767
155000.0,0.01,2,600.0,20.0,8192,0.01220703125,26,13.77899245574931,per_channel,3.296744073870752,3.3844870645475607,3.3406155692091564,0.026265515698826875,1.3132757849413437,0.011329890126346881,3.359539972885908,2.311704130856136,3.3844870645475607,3.3873549649502612,5.473264548592282,7.187905796244158,5.0042319180340025,0.03595073190172359,9.689017504662678,-0.9853838725017057,0.0059778912775166615,0.8632109935744614,0.9890342528368674,0.250653772294822,0.13404801090435517,3.386643187011386,157703.59104679627,1.7442522882556566,1.6200159808124726,3.3904497699751475,158058.3075874623,1.973101669330518,1.8485859220032763,3.3862446458001347,157666.4760166386,1.7203071075087721,1.596100038678805,3.325063882141355,152020.6850294129,-1.9221386907013478,-2.0418980978123003,157502.84948873427,1.6147416056350115,1.4906634391051776,157769.8878053813,1.7870243905685774,1.6627358556242644,3.3839218049051287,157450.24324854527,1.5808020958356603,1.4567653716407225,3.3256876460489297,152077.726887384,-1.8853374920103272,-2.0051418357632356,1,1,1,0.00176122201438627,1,0,3.3404583794970577,,9.894575420741149e-05,2.48591811782694e-11,8.336587958554607e-08,4.7334111715947654e-05,35.25501517157239,4.679889205538932,3.38664,3.38624,3.32506,0.004831680251077497,0.01322521342493438,1.3225213424934381,0.019137113015020055,0.008324887700016425,89,39,0.9981458006778683,3.325063882141355,0.8590235588822104,3.3862446458001347,0.051930505836006446
156250.0,0.01,0,600.0,20.0,8192,0.01220703125,26,13.77899245574931,per_channel,3.2999658767475637,3.3947749478580227,3.3473704123027934,0.028323447791138223,1.4161723895569112,0.015338855671421863,3.3730428281193436,2.8183303452282074,3.3947749478580227,3.3972347539112193,5.4843316835168965,7.766759105368801,5.007499036018789,0.0343019602265629,9.79183201265892,-0.9831987960941088,0.005976466263977994,0.8558438475521414,0.9873756933906354,0.2823077976245133,0.11480226080363803,3.3977626388991946,158740.87556661424,1.594160362633113,1.4710985492837114,3.3933463965315895,158328.49679424145,1.330237948314529,1.2074958262817237,3.397371690305101,158704.34802868994,1.5707827383615636,1.4477492425140737,3.331031469140718,152566.84641557935,-2.357218294029217,-2.4754937710283698,158461.83301581105,1.4155731301190704,1.2927276409028021,158691.55463125557,1.562594964003563,1.4395713860722026,3.3880802040273585,157837.4526976784,1.015969726514183,0.8936082800745204,3.3335408736374097,152796.80289790488,-2.2100461453408746,-2.3284998931326406,1,1,1,0.0012800903221730753,1,0,3.3614846757719374,,8.26784186923155e-05,2.2631285576668876e-11,6.2129911131186e-08,4.8535568197808535e-05,34.38591507533316,4.679889205538932,3.39776,3.39737,3.33103,0.004673275928513958,0.014590753607718013,1.4590753607718012,0.01058946097552864,0.01115851933313119,72,54,0.9907423071922613,3.331031469140718,0.9413913220148951,3.397371690305101,0.07649232974094033
156250.0,0.01,1,600.0,20.0,8192,0.01220703125,26,13.77899245574931,per_channel,3.2999658767475637,3.3947749478580227,3.3473704123027934,0.028323447791138223,1.4161723895569112,0.015338855671421863,3.3730428281193436,2.8183303452282074,3.3947749478580227,3.3972347539112193,5.4843316835168965,7.766759105368801,5.002512912154351,0.03337668620499692,9.79183201265892,-0.9831987960941088,0.005976466263977994,0.8558438475521414,0.9873756933906354,0.2823077976245133,0.11480226080363803,3.4039208576415274,159316.81156994667,1.9627594047658705,1.839251104469164,3.407645271921081,159665.63661463384,2.186007433365658,2.062228710958758,3.4035535044239746,159282.4262903049,1.9407528257951328,1.817271182242286,3.327844886951131,152275.0843845933,-2.5439459938602895,-2.661995286113572,158461.83301581105,1.4155731301190704,1.2927276409028021,158691.55463125557,1.562594964003563,1.4395713860722026,3.412090827685409,160082.5024751549,2.45280158409914,2.3286996918184366,3.3265307963561384,152154.8481627048,-2.6208971758689357,-2.7388532565442603,1,1,1,0.0012027560051430836,1,0,3.35278369402327,,9.867243216705172e-05,2.1426822808121594e-11,6.451214985816337e-08,5.3636938483203665e-05,34.786837367645404,4.679889205538932,3.40392,3.40355,3.32784,0.005421785880349987,0.01493128849112075,1.493128849112075,0.020735790486541925,0.011754330851456048,96,49,0.9964677357741516,3.327844886951131,0.8448272268513524,3.4035535044239746,0.25859023648948654
156250.0,0.01,2,600.0,20.0,8192,0.01220703125,26,13.77899245574931,per_channel,3.2999658767475637,3.3947749478580227,3.3473704123027934,0.028323447791138223,1.4161723895569112,0.015338855671421863,3.3730428281193436,2.8183303452282074,3.3947749478580227,3.3972347539112193,5.4843316835168965,7.766759105368801,5.010538466284156,0.034505858231564455,9.79183201265892,-0.9831987960941088,0.005976466263977994,0.8558438475521414,0.9873756933906354,0.2823077976245133,0.11480226080363803,3.39925221102397,158880.08941958103,1.683257228531856,1.56008749144112,3.4038369707647216,159308.9591987404,1.957733887193855,1.8342316743464648,3.39901809580044,158858.20521420916,1.66925133709386,1.5460985654506487,3.335259564754712,152954.40000895713,-2.109183994267434,-2.2277599171838913,158461.83301581105,1.4155731301190704,1.2927276409028021,158691.55463125557,1.562594964003563,1.4395713860722026,3.4031302152347958,159242.80985035538,1.9153983042274416,1.791947372807945,3.3394171596428412,153335.97078410958,-1.8649786981698684,-1.983850428901035,1,1,1,0.0010833598660731209,1,0,3.3341774138112985,,8.241883048332451e-05,2.2901135383907814e-11,6.648189272031935e-08,6.136639800152259e-05,34.62846361028044,4.679889205538932,3.39925,3.39902,3.33526,0.00524899217698719,0.010492572062112442,1.0492572062112442,0.014261903369462243,0.009601972434480502,92,42,0.9890929426042145,3.335259564754712,1.0695167563954833,3.39901809580044,0.12499055188015529
157500.0,0.01,0,600.0,20.0,8192,0.01220703125,26,13.77899245574931,per_channel,3.3025329847377285,3.405663640873281,3.3540983128055046,0.03074765451621185,1.5373827258105925,0.01931579126966447,3.386491844259547,3.2730326620137062,3.405663640873281,3.4078123012300514,5.495354675700539,8.448463350624479,5.010141723024454,0.0325895911395588,9.913452026415142,-0.9804425520832374,0.005975073263535321,0.8458119326973029,0.985275816117999,0.31373724061257435,0.09984890148683914,3.4109725442196837,159977.5883395319,1.5730719616075624,1.45101099768985,3.409745198863177,159862.48191609417,1.4999885181550283,1.3780153790454053,3.4106774631197325,159949.91041470176,1.5554986760011202,1.4334588300050521,3.330443035717186,152512.9486946602,-3.1663817811681194,-3.2827473153709374,159479.99147803598,1.2571374463720528,1.1354561428379428,159681.2893557043,1.3849456226693961,1.2631107312906398,3.4160045631599645,160449.94866353337,1.8729832784338885,1.7505619093052482,3.3305751950305793,152525.0530341035,-3.158696486283489,-3.275071255950801,1,1,1,0.0011741034438969558,1,0,3.3690560262379012,,7.971206815366545e-05,2.0428156236797213e-11,5.648250077181729e-08,4.810692027641683e-05,34.416847461991416,4.679889205538932,3.41097,3.41068,3.33044,0.004869936812502188,0.013917746750482735,1.3917746750482736,0.015330914095515727,0.012030655940123557,89,44,0.9718881270834724,3.330443035717186,0.845110438213359,3.4106774631197325,0.14722012433281417
157500.0,0.01,1,600.0,20.0,8192,0.01220703125,26,13.77899245574931,per_channel,3.3025329847377285,3.405663640873281,3.3540983128055046,0.03074765451621185,1.5373827258105925,0.01931579126966447,3.386491844259547,3.2730326620137062,3.405663640873281,3.4078123012300514,5.495354675700539,8.448463350624479,4.984988072056489,0.03214862743406983,9.913452026415142,-0.9804425520832374,0.005975073263535321,0.8458119326973029,0.985275816117999,0.31373724061257435,0.09984890148683914,3.416549132440171,160501.1096476932,1.9054664429798094,1.7830060386393898,3.4131953418524223,160186.15857259228,1.7054975064077955,1.5832774059262755,3.416326879715012,160480.22854962054,1.8922086029336789,1.7697641306184009,3.3281900782898526,152306.67646187145,-3.297348278176856,-3.4135564291622567,159479.99147803598,1.2571374463720528,1.1354561428379428,159681.2893557043,1.3849456226693961,1.2631107312906398,3.4228761075527494,161096.1116552626,2.283245495404819,2.1603311117331048,3.3265621429892107,152157.71575357334,-3.391926505667719,-3.5080210014353685,1,1,1,0.0009823309504291748,1,0,3.3584163026123766,,0.00011292384601331747,1.9879077106959617e-11,5.865463280427487e-08,5.970964549029936e-05,34.699061020622324,4.679889205538932,3.41655,3.41633,3.32819,0.007260760505311978,0.013992860226670546,1.3992860226670545,0.011835036875380806,0.012502875229062224,72,41,0.9126021262180795,3.3281900782898526,0.7768913640134878,3.416326879715012,0.31310311193846196
157500.0,0.01,2,600.0,20.0,8192,0.01220703125,26,13.77899245574931,per_channel,3.3025329847377285,3.405663640873281,3.3540983128055046,0.03074765451621185,1.5373827258105925,0.01931579126966447,3.386491844259547,3.2730326620137062,3.405663640873281,3.4078123012300514,5.495354675700539,8.448463350624479,5.0134008687099065,0.03238934037825074,9.913452026415142,-0.9804425520832374,0.005975073263535321,0.8458119326973029,0.985275816117999,0.31373724061257435,0.09984890148683914,3.405544806720875,159468.8621705234,1.2500712193799435,1.1283984073727549,3.4075076554341277,159652.74080033007,1.3668195557651213,1.2450064465886257,3.405332777612672,159449.0057363945,1.237463959615552,1.1158062978273042,3.3326305950598454,152713.3668930229,-3.03913213141403,-3.155650582276792,159479.99147803598,1.2571374463720528,1.1354561428379428,159681.2893557043,1.3849456226693961,1.2631107312906398,3.4172662188357568,160568.49064294543,1.9482480272669382,1.8257362120425835,3.3304494223502736,152513.53362895746,-3.166010394312722,-3.2823763748133006,1,1,1,0.001211225026519058,1,1,3.3320098830713794,3.348145499897599,0.00010277418973900725,2.017788088044904e-11,7.139282273555944e-08,5.894265819517899e-05,35.487789996099856,4.679889205538932,3.40554,3.40533,3.33263,0.007430755752234379,0.010535911340271494,1.0535911340271493,0.013948049640770956,0.008129270719849285,94,39,0.9868004866819621,3.3326305950598454,0.9113492722467642,3.405332777612672,-0.009715089201356442
158750.0,0.01,0,600.0,20.0,8192,0.01220703125,26,13.77899245574931,per_channel,3.3045943685667205,3.4170048122793384,3.3607995904230297,0.033447529579848756,1.6723764789924378,0.02326117267608835,3.399887660224308,3.661505806598763,3.4170048122793384,3.4189119831587567,5.506334048949092,9.208663548937656,5.0074172188365855,0.030994224708400443,10.039965647042795,-0.977158063122627,0.005973711214774653,0.8340694792009307,0.9827622525043155,0.3444183493261511,0.08807885738721626,3.426909477126406,161475.9927607582,1.717160794178398,1.5958880036978984,3.4274206828102396,161524.17238313687,1.747510162605904,1.6262011879400795,3.426757281807363,161461.65019077208,1.7081261044233582,1.5868640855966065,3.3318636163795494,152643.0834246149,-3.8468765829197555,-3.961515622184719,160543.92594817714,1.1300320933399333,1.0094593099709837,160723.18829306497,1.242953255473999,1.122245841288283,3.4303349044602323,161798.96640542513,1.9206087593229186,1.7990934069948894,3.3335519050430547,152797.81417472247,-3.749408393875608,-3.8641636400733703,1,1,1,0.0007892399055928637,1,0,3.3724494085497994,,0.0001005695923627742,1.8477061380147398e-11,4.6243613332601694e-08,5.859259396908507e-05,33.98418859639622,4.679889205538932,3.42691,3.42676,3.33186,0.004485158088136492,0.013095066797503288,1.3095066797503288,0.012210836983930967,0.011451206403281037,102,56,0.9777279711180431,3.3318636163795494,0.8251919833857313,3.426757281807363,0.2854098856688303
158750.0,0.01,1,600.0,20.0,8192,0.01220703125,26,13.77899245574931,per_channel,3.3045943685667205,3.4170048122793384,3.3607995904230297,0.033447529579848756,1.6723764789924378,0.02326117267608835,3.399887660224308,3.661505806598763,3.4170048122793384,3.4189119831587567,5.506334048949092,9.208663548937656,5.015453526381716,0.030885291665224614,10.039965647042795,-0.977158063122627,0.005973711214774653,0.8340694792009307,0.9827622525043155,0.3444183493261511,0.08807885738721626,3.428202808615246,161597.8993337151,1.7939523361984817,1.6725879906203556,3.4181818030712905,160654.54403415587,1.1997127774210214,1.0790569169101483,3.428069446908703,161585.32682639794,1.786032646549884,1.6646777432611337,3.324826668199814,151998.9951366243,-4.252601488740605,-4.3667568004701955,160543.92594817714,1.1300320933399333,1.0094593099709837,160723.18829306497,1.242953255473999,1.122245841288283,3.4309280354973155,161854.9237904702,1.9558575058080014,1.8343001279867766,3.3252917874407797,152041.52523479008,-4.225810875722782,-4.3399981286939004,1,1,1,0.0008612470575891677,1,1,3.390284187968815,3.3974542248523347,0.00010602215005108733,1.834740977618936e-11,5.553015588348993e-08,6.447645352650823e-05,34.80954131895986,4.679889205538932,3.42820,3.42807,3.32483,0.00810809062648311,0.013343636057553452,1.3343636057553452,0.010143507578853786,0.012394926732837428,68,47,0.9533040379199939,3.324826668199814,0.6122475976338526,3.428069446908703,0.3238109173742787
158750.0,0.01,2,600.0,20.0,8192,0.01220703125,26,13.77899245574931,per_channel,3.3045943685667205,3.4170048122793384,3.3607995904230297,0.033447529579848756,1.6723764789924378,0.02326117267608835,3.399887660224308,3.661505806598763,3.4170048122793384,3.4189119831587567,5.506334048949092,9.208663548937656,5.017268500191906,0.03131803112698209,10.039965647042795,-0.977158063122627,0.005973711214774653,0.8340694792009307,0.9827622525043155,0.3444183493261511,0.08807885738721626,3.414861953517068,160342.6297217031,1.0032313207578551,0.882809716240196,3.4102059235190896,159905.68606106442,0.7279912195681396,0.6078977714290446,3.414684784074692,160325.99240062936,0.9927511185066826,0.8723420090622769,3.3334504328980685,152788.5120930894,-3.755267972857068,-3.8700162329426635,160543.92594817714,1.1300320933399333,1.0094593099709837,160723.18829306497,1.242953255473999,1.122245841288283,3.428503072503656,161626.20812479637,1.8117846455410174,1.6903990393034585,3.331151084252539,152577.8037591069,-3.8879976320586453,-4.002587644548406,1,1,1,0.0013379143307482623,1,1,3.3310808186559377,3.360030590390783,9.32424774082701e-05,1.8865149433531996e-11,7.028257914146769e-08,5.253144953022544e-05,35.71187440647963,4.679889205538932,3.41486,3.41468,3.33345,0.009060634356218558,0.016254043226450198,1.6254043226450199,0.014826478329236063,0.008012709007861349,109,40,0.9903054581204508,3.3334504328980685,0.873210479501707,3.414684784074692,-0.0678965448426938
160000.0,0.01,0,600.0,20.0,8192,0.01220703125,26,13.77899245574931,per_channel,3.306267678648449,3.428681438618755,3.367474558633602,0.03635179949807168,1.817589974903584,0.027175465152474224,3.4132309023935976,3.984460450073925,3.428681438618755,3.4303964846130843,5.517270316865294,10.028135216767478,5.005886367575162,0.029930117878237503,10.16263018767081,-0.9733882226781158,0.005972379102563745,0.8213193740652905,0.97986217572325,0.3740237608394902,0.07867668930480648,3.4363547304513475,162367.34021056112,1.479587631600698,1.359542201544106,3.4355986172444353,162295.8955586633,1.4349347241645591,1.3149421163316521,3.436267613562471,162359.1077902519,1.4744423689074393,1.3544030254470485,3.329251863358647,152403.87208305908,-4.747579948088077,-4.860258940937079,161643.02560352068,1.0268910022004274,0.907381090299042,161804.77557262985,1.1279847328936556,1.0083552320123035,3.437629134748889,162487.79343602294,1.5548708975143382,1.4347364110056882,3.326964720846106,152194.54598912588,-4.8784087567963255,-4.9909329855102875,1,1,1,0.0006235216637616197,1,0,3.320306267813198,,9.676224492130347e-05,1.723011600387253e-11,4.805745464700178e-08,7.707423404838546e-05,34.45472563362121,4.679889205538932,3.43635,3.43627,3.32925,0.007088108397729875,0.010887415518940955,1.0887415518940955,0.008040350497286429,0.01112827300407248,59,48,0.9599825492018982,3.329251863358647,0.6951701115619713,3.436267613562471,0.22125633656919774
160000.0,0.01,1,600.0,20.0,8192,0.01220703125,26,13.77899245574931,per_channel,3.306267678648449,3.428681438618755,3.367474558633602,0.03635179949807168,1.817589974903584,0.027175465152474224,3.4132309023935976,3.984460450073925,3.428681438618755,3.4303964846130843,5.517270316865294,10.028135216767478,5.0060823992860985,0.029517294142768574,10.16263018767081,-0.9733882226781158,0.005972379102563745,0.8213193740652905,0.97986217572325,0.3740237608394902,0.07867668930480648,3.439226525163106,162638.83750655054,1.6492734415940868,1.529027281454609,3.449413760808987,163603.760282303,2.2523501764393767,2.1313906057738974,3.4391354466913096,162630.2235344687,1.6438897090429418,1.5236499175979468,3.323131785185559,151844.0668485202,-5.097458219674881,-5.209723323498904,161643.02560352068,1.0268910022004274,0.907381090299042,161804.77557262985,1.1279847328936556,1.0083552320123035,3.438156888647682,162537.68837563824,1.586055234773903,1.465883858706829,3.3245406937991517,151972.84883999,-5.016969475006245,-5.129329793111248,1,1,1,0.0008679501195300669,1,0,3.320427090741526,,0.0001041929713720792,1.675808670198292e-11,5.395237661214184e-08,6.216068803741072e-05,35.077861471751575,4.679889205538932,3.43923,3.43914,3.32313,0.005937755312479113,0.013215848121085125,1.3215848121085125,0.0100558757892075,0.012286081069630625,68,47,0.9737056286629292,3.323131785185559,0.5100647671698377,3.4391354466913096,0.30489878571995366
160000.0,0.01,2,600.0,20.0,8192,0.01220703125,26,13.77899245574931,per_channel,3.306267678648449,3.428681438618755,3.367474558633602,0.03635179949807168,1.817589974903584,0.027175465152474224,3.4132309023935976,3.984460450073925,3.428681438618755,3.4303964846130843,5.517270316865294,10.028135216767478,5.006569629298623,0.030631207992488845,10.16263018767081,-0.9733882226781158,0.005972379102563745,0.8213193740652905,0.97986217572325,0.3740237608394902,0.07867668930480648,3.4297487524011188,161743.67693820916,1.0897980863807242,0.9702137584500337,3.420995053234401,160919.09837099584,0.5744364818723988,0.45546180172297834,3.429609918230387,161730.5826293333,1.0816141433333177,0.9620394966102674,3.3291351703602996,152393.18850978615,-4.754257181383655,-4.866928275389548,161643.02560352068,1.0268910022004274,0.907381090299042,161804.77557262985,1.1279847328936556,1.0083552320123035,3.4378662686366663,162510.21161415966,1.5688822588497897,1.4487311975802664,3.3265005895380724,152152.0848677107,-4.904946957680804,-5.017439792990297,1,1,1,0.0013360163167005178,1,0,3.3311067136493238,,0.00011835169695675067,1.8046774650782057e-11,8.313555101339274e-08,6.222644886456761e-05,36.63387184234198,4.679889205538932,3.42975,3.42961,3.32914,0.010109836373822432,0.014852026667390838,1.4852026667390839,0.012520823103063336,0.005043518332279794,108,36,0.9939834330171581,3.3291351703602996,0.6916406635653516,3.429609918230387,0.02707978645009046
161250.0,0.01,0,600.0,20.0,8192,0.01220703125,26,13.77899245574931,per_channel,3.3076424799657524,3.4406045696262257,3.374123524795989,0.03940640841491203,1.9703204207456015,0.03105912381113478,3.4265221849513394,4.249557141356858,3.4406045696262257,3.4421631523790017,5.528163983025748,10.892254384985971,5.00991248609473,0.02880877376767284,10.276908544639403,-0.9691754269730685,0.0059710759555903535,0.8080685322457933,0.9766021786892223,0.40237347987904776,0.07105217027932471,3.446560249593147,163333.19136853915,1.291901623900247,1.173005990611764,3.445355491074668,163219.02382332756,1.2211000454744556,1.1022875185189518,3.446504335191339,163327.89182177454,1.288615083271031,1.1697233076979563,3.3280737450885467,152296.02922528094,-5.5528500928490265,-5.663711410688621,162769.1973123269,0.9421378681097042,0.8236527847524489,162916.69855444154,1.0336115066304103,0.9150190522394741,3.4462230060351002,163301.22885072703,1.2720799074276141,1.1532075407132414,3.3237434803539543,151899.972443937,-5.798466701434416,-5.9090397164407555,1,1,1,0.0006835526263425726,1,0,3.3187574992043407,,8.515435543283e-05,1.5963234485048253e-11,5.310434147165976e-08,7.768873884049087e-05,35.22009134602167,4.679889205538932,3.44656,3.44650,3.32807,0.010012232775316236,0.01021820349580446,1.021820349580446,0.009277166127910607,0.008590984560917904,32,43,0.9928313085605677,3.3280737450885467,0.6176987158238889,3.446504335191339,0.1714746767820019
161250.0,0.01,1,600.0,20.0,8192,0.01220703125,26,13.77899245574931,per_channel,3.3076424799657524,3.4406045696262257,3.374123524795989,0.03940640841491203,1.9703204207456015,0.03105912381113478,3.4265221849513394,4.249557141356858,3.4406045696262257,3.4421631523790017,5.528163983025748,10.892254384985971,5.005914959118299,0.02881340028409661,10.276908544639403,-0.9691754269730685,0.0059710759555903535,0.8080685322457933,0.9766021786892223,0.40237347987904776,0.07105217027932471,3.44825238045762,163493.6115908101,1.3913870330605216,1.2723746245853373,3.451738557039211,163824.3621595781,1.596503664854636,1.4772504920987473,3.4481962882186137,163488.2925786636,1.3880884208766449,1.2690798842863504,3.328178681432043,152305.6333636576,-5.546894038041797,-5.657762347051443,162769.1973123269,0.9421378681097042,0.8236527847524489,162916.69855444154,1.0336115066304103,0.9150190522394741,3.447106450288979,163384.96459482846,1.324009051056409,1.205075730323757,3.3263131531162693,152134.9388981716,-5.65275107090134,-5.763495125762718,1,1,1,0.00044427315837170347,1,0,3.4315387612034733,,0.00010521010717995086,1.5968362096336778e-11,3.828506935975436e-08,8.617461721088934e-05,33.797690661715244,4.679889205538932,3.44825,3.44820,3.32818,0.006399001746624328,0.010703428588559131,1.0703428588559132,0.00839227327703024,0.012422439719149051,61,47,0.9782379096616762,3.328178681432043,0.6208712577213893,3.4481962882186137,0.2206507152669568
161250.0,0.01,2,600.0,20.0,8192,0.01220703125,26,13.77899245574931,per_channel,3.3076424799657524,3.4406045696262257,3.374123524795989,0.03940640841491203,1.9703204207456015,0.03105912381113478,3.4265221849513394,4.249557141356858,3.4406045696262257,3.4421631523790017,5.528163983025748,10.892254384985971,5.004175643760483,0.028409063387736744,10.276908544639403,-0.9691754269730685,0.0059710759555903535,0.8080685322457933,0.9766021786892223,0.40237347987904776,0.07105217027932471,3.459500276742904,164561.95476578316,2.0539254361445938,1.9341353453300458,3.4659214845900412,165173.41138846398,2.433123341683089,2.3128881513650557,3.459459946641035,164558.1179331869,2.0515460050771512,1.9317587072199771,3.32729992440274,152225.2158202941,-5.596765382763345,-5.707575153182843,162769.1973123269,0.9421378681097042,0.8236527847524489,162916.69855444154,1.0336115066304103,0.9150190522394741,3.453997295154899,164038.83808038867,1.729511987837934,1.6101026909641325,3.326348887852123,152138.207701082,-5.650723906305742,-5.761470340636898,1,1,1,0.0010119211554039552,1,0,3.32892198733205,,0.00010371847682598137,1.5523340310587267e-11,7.723699166653201e-08,7.632708462913722e-05,36.96840171518146,4.679889205538932,3.45950,3.45946,3.32730,0.013118047782760692,0.01328087746771619,1.328087746771619,0.010266553327484673,0.006553172349651408,93,41,0.9915192219844962,3.32729992440274,0.59430378452483,3.459459946641035,0.5480251110884904
162500.0,0.01,0,600.0,20.0,8192,0.01220703125,26,13.77899245574931,per_channel,3.3087859066693786,3.4527076742964784,3.3807467904829283,0.04257099881962503,2.1285499409812516,0.034912593808268576,3.4397621102152973,4.466379167505685,3.4527076742964784,3.4541363071270093,5.539015541527229,11.790071204012019,5.020441182654695,0.02798387953009943,10.381046947849383,-0.9645611719876112,0.005969800844112204,0.7946753866607883,0.9730081702808496,0.4293886172896524,0.06477908961096199,3.4541682209404794,164055.07385513285,0.9569685262356025,0.8393765306376144,3.449147175957274,163578.47331944303,0.6636758888880185,0.5464255127644035,3.4541065445058203,164049.21528597167,0.9533632529056452,0.835775456634269,3.335654394956286,152990.6158356288,-5.851928716536127,-5.9615898894649355,163916.3664070047,0.8716100966182824,0.7541175242520737,164052.04238792893,0.9551030079562647,0.837513185264438,3.4534493095318664,163986.7918357092,0.9149488219749004,0.7974057698124426,3.3345804945630606,152892.12227740584,-5.912540136981021,-6.02213071133707,1,1,1,0.0006204647429369272,1,0,3.319267089381316,,7.839595267675457e-05,1.5062157752456013e-11,4.5686497659668934e-08,7.363270545142508e-05,34.81900674347181,4.679889205538932,3.45417,3.45411,3.33565,0.010109320053313199,0.011411121050593534,1.1411121050593533,0.009098467711721004,0.010420789753061606,71,47,0.9718599783284525,3.335654394956286,0.8120346569643333,3.4541065445058203,0.04051516494592011
162500.0,0.01,1,600.0,20.0,8192,0.01220703125,26,13.77899245574931,per_channel,3.3087859066693786,3.4527076742964784,3.3807467904829283,0.04257099881962503,2.1285499409812516,0.034912593808268576,3.4397621102152973,4.466379167505685,3.4527076742964784,3.4541363071270093,5.539015541527229,11.790071204012019,5.0156652251145255,0.027489714387569027,10.381046947849383,-0.9645611719876112,0.005969800844112204,0.7946753866607883,0.9730081702808496,0.4293886172896524,0.06477908961096199,3.4568755321145384,164312.34111231737,1.1152868383491519,0.9975104377860644,3.4538756001898383,164027.27909681736,0.9398640595799169,0.8222919868103862,3.456837830457957,164308.75705867252,1.1130812668753967,0.9953074353033609,3.330645478890738,152531.49045826055,-6.134467410301198,-6.243799489663527,163916.3664070047,0.8716100966182824,0.7541175242520737,164052.04238792893,0.9551030079562647,0.837513185264438,3.455300780963179,164162.67294521537,1.0231833509017643,0.905514230034643,3.3335770495070256,152800.11924374953,-5.969157388461825,-6.078682016547088,1,1,1,0.0004724678013670889,1,0,3.446812480156109,,0.00010663540607200681,1.4534891764205688e-11,4.7769458225777614e-08,0.00010110627240111675,35.16738513695341,4.679889205538932,3.45688,3.45684,3.33065,0.008474661576679943,0.009262175876454908,0.9262175876454908,0.008269771704103639,0.012091884403788765,64,47,0.983817349754752,3.330645478890738,0.6606523612572746,3.456837830457957,0.11962078898903883
162500.0,0.01,2,600.0,20.0,8192,0.01220703125,26,13.77899245574931,per_channel,3.3087859066693786,3.4527076742964784,3.3807467904829283,0.04257099881962503,2.1285499409812516,0.034912593808268576,3.4397621102152973,4.466379167505685,3.4527076742964784,3.4541363071270093,5.539015541527229,11.790071204012019,5.009631794973726,0.027940528827419653,10.381046947849383,-0.9645611719876112,0.005969800844112204,0.7946753866607883,0.9730081702808496,0.4293886172896524,0.06477908961096199,3.4645511045331996,165042.82239393043,1.5648137808802645,1.4465137832735842,3.469886936107117,165551.586053794,1.8778991100270694,1.7592344389443015,3.464492962045555,165037.28290586878,1.5614048651500174,1.443108838157836,3.3309293937709725,152557.49611145255,-6.118463931413815,-6.227814651203301,163916.3664070047,0.8716100966182824,0.7541175242520737,164052.04238792893,0.9551030079562647,0.837513185264438,3.4627395745386664,164870.2737147981,1.4586299783372894,1.3404536608036643,3.326919633446584,152190.42090191983,-6.3443563680493344,-6.453443974328154,1,1,1,0.0006900645241742213,1,1,3.3304438542673585,3.419507242220085,0.00014044106290900135,1.501552737976994e-11,5.283700989567324e-08,7.656821651410301e-05,35.46397642215517,4.679889205538932,3.46455,3.46449,3.33093,0.006529344919652887,0.012596983931285232,1.2596983931285233,0.010194051853540704,0.00940154615663678,78,53,0.9888274590226693,3.3309293937709725,0.6692329974254285,3.464492962045555,0.3413346527078476
163750.0,0.01,0,600.0,20.0,8192,0.01220703125,26,13.77899245574931,per_channel,3.3097481298399827,3.464941172500493,3.387344651170238,0.04581554540276712,2.290777270138356,0.03873631091106548,3.4529512689555704,4.6440432177330555,3.464941172500493,3.4662601311869374,5.549825476477317,12.713414054749009,5.007189540067505,0.02636878823157089,10.47489032234329,-0.9595857151707506,0.005968552877658121,0.7813880859225562,0.9691052883527718,0.45505566425990907,0.05954790148214019,3.4688743872692585,165454.98082647426,1.0412096650224492,0.9244169069752894,3.4698560105473963,165548.6350915635,1.0984031093517632,0.9815442418416698,3.4688279685207775,165450.55278388978,1.038505516879257,0.9217158845361562,3.337869395369537,153193.86638248822,-6.446493812220932,-6.554631591339721,165079.98827222502,0.8122065784580266,0.6956785233193985,165205.69033452115,0.8889711966541354,0.7723544098830804,3.4655116500673953,165134.35120535156,0.8454053162452267,0.7288388869406415,3.334992943849364,152929.94661346942,-6.607666190247682,-6.715617671452867,1,1,1,0.000546281786512477,1,1,3.451721333734569,3.630908366838564,0.00013507843488926992,1.3373703534522007e-11,4.370488382293453e-08,8.000428515464759e-05,35.14278278503792,4.679889205538932,3.46887,3.46883,3.33787,0.010199617326543769,0.011432324512066428,1.1432324512066427,0.009235163733161094,0.011445327607686514,32,56,0.9944218152961918,3.337869395369537,0.8496497143096526,3.4688279685207775,0.11217494978361664
163750.0,0.01,1,600.0,20.0,8192,0.01220703125,26,13.77899245574931,per_channel,3.3097481298399827,3.464941172500493,3.387344651170238,0.04581554540276712,2.290777270138356,0.03873631091106548,3.4529512689555704,4.6440432177330555,3.464941172500493,3.4662601311869374,5.549825476477317,12.713414054749009,5.034433467973154,0.02673654617704045,10.47489032234329,-0.9595857151707506,0.005968552877658121,0.7813880859225562,0.9691052883527718,0.45505566425990907,0.05954790148214019,3.467062718319401,165282.20352545433,0.9356968094377587,0.8190260128898119,3.4663158572310637,165211.00230375846,0.8922151473334116,0.7755946109046841,3.467036350049074,165279.68947272206,0.9341615100592758,0.8174924881520829,3.312506095433016,150874.5786938622,-7.862852706038358,-7.969353326792339,165079.98827222502,0.8122065784580266,0.6956785233193985,165205.69033452115,0.8889711966541354,0.7723544098830804,3.4647472869071483,165061.51422929362,0.8009247201793109,0.6844097056540432,3.3102103623286028,150665.52383943033,-7.990519792714303,-8.096872844063551,1,1,1,0.0004329467968125433,1,0,3.4591606360954565,,9.132475006155217e-05,1.3749343298754274e-11,5.823641608997892e-08,0.00013451171487750732,36.269126846122106,4.679889205538932,3.46706,3.46704,3.31251,0.01375726929608577,0.008233643598251818,0.8233643598251819,0.007425821642400406,0.010218107947337593,48,46,0.988994567249045,3.312506095433016,0.08332856413357792,3.467036350049074,0.06046791112095384
163750.0,0.01,2,600.0,20.0,8192,0.01220703125,26,13.77899245574931,per_channel,3.3097481298399827,3.464941172500493,3.387344651170238,0.04581554540276712,2.290777270138356,0.03873631091106548,3.4529512689555704,4.6440432177330555,3.464941172500493,3.4662601311869374,5.549825476477317,12.713414054749009,4.984753628437134,0.027353286276532503,10.47489032234329,-0.9595857151707506,0.005968552877658121,0.7813880859225562,0.9691052883527718,0.45505566425990907,0.05954790148214019,3.4724966159365263,165800.7002807461,1.2523360493105928,1.1352992518977256,3.4711161354863673,165668.89935796493,1.1718469361617863,1.0549031754965021,3.472466784437145,165797.8515740146,1.2505963810776246,1.133561594533905,3.326961139171419,152194.21829640583,-7.056965925859035,-7.164398064951372,165079.98827222502,0.8122065784580266,0.6956785233193985,165205.69033452115,0.8889711966541354,0.7723544098830804,3.4731178486625294,165860.02937210075,1.2885675554813725,1.1714888783488364,3.327338160724886,152228.71449247093,-7.035899546582638,-7.143356036140947,1,1,1,0.0004096332094740189,1,0,3.4629678100387977,,0.00011564308261070295,1.43909799588317e-11,4.532365554553502e-08,0.00011064448510835322,34.982345619218336,4.679889205538932,3.47250,3.47247,3.32696,0.0070731799471521264,0.008031429220291531,0.803142922029153,0.0070989979721323565,0.011884353038996227,63,46,0.9835095906950099,3.326961139171419,0.5200700674546033,3.472466784437145,0.21719306510536995
165000.0,0.01,0,600.0,20.0,8192,0.01220703125,26,13.77899245574931,per_channel,3.3105668034843134,3.477267990480551,3.393917396982432,0.049117632369147575,2.455881618457379,0.04253070141537868,3.4660902407021914,4.790341696060701,3.477267990480551,3.4784931631018656,5.560594263216017,13.656161238731766,4.996508557780203,0.025597251837862794,10.55909266524916,-0.9542878012051553,0.005967331203024965,0.7683740513817982,0.9649178293742945,0.47940137389805865,0.055131472424229847,3.4790938465469607,166431.29240486273,0.8674499423410497,0.7517402906302539,3.480652758139817,166580.47481276182,0.9578635228859529,0.8420501536337444,3.4790522064001586,166427.3085042949,0.8650354571484212,0.7493285752036893,3.3286038656475903,152344.55079805612,-7.66996921329932,-7.77588520216278,166256.6493172839,0.7616056468387339,0.646017413946165,166373.8269290133,0.8326223812201836,0.7169526817929928,3.4760314179806038,166138.4232583384,0.6899534899020519,0.5744474524662646,3.3265883997897445,152160.1177472158,-7.78174681986922,-7.887534583542754,1,1,1,0.0005657363093731757,1,0,3.3187511242351415,,0.0001145776787702273,1.2602538397954386e-11,4.6379714633219455e-08,8.198115246413516e-05,35.65870042828187,4.679889205538932,3.47909,3.47905,3.32860,0.013067597249999556,0.011742675425840614,1.1742675425840614,0.009825522048432563,0.01028835504295286,32,47,0.993971625115129,3.3286038656475903,0.5448330522825673,3.4790522064001586,0.05131085451257622
165000.0,0.01,1,600.0,20.0,8192,0.01220703125,26,13.77899245574931,per_channel,3.3105668034843134,3.477267990480551,3.393917396982432,0.049117632369147575,2.455881618457379,0.04253070141537868,3.4660902407021914,4.790341696060701,3.477267990480551,3.4784931631018656,5.560594263216017,13.656161238731766,5.012558693886056,0.025729738654196085,10.55909266524916,-0.9542878012051553,0.005967331203024965,0.7683740513817982,0.9649178293742945,0.47940137389805865,0.055131472424229847,3.478559798655878,166380.20125134132,0.8364856068735279,0.7208114757639938,3.4733930710605834,165886.31710876047,0.5371618840972554,0.4218311208802783,3.478522731043419,166376.65536780428,0.8343365865480508,0.7186649206777584,3.3258215455196605,152089.97309883827,-7.82425872797681,-7.929997724301874,166256.6493172839,0.7616056468387339,0.646017413946165,166373.8269290133,0.8326223812201836,0.7169526817929928,3.4741766953169146,165961.17601639344,0.5825309190263259,0.4671481109203901,3.325856551146126,152093.17473352206,-7.8223183433199655,-7.928059565548762,1,1,1,0.00042668942847408266,1,1,3.4650535960747018,3.2878576771235064,0.00010067377427306538,1.2733332997189025e-11,4.670682059223913e-08,0.00010946327111799098,35.64438208448784,4.679889205538932,3.47856,3.47852,3.32582,0.014803151883478544,0.011042063381736435,1.1042063381736436,0.009207024941949313,0.012216960300107053,60,47,0.9920698610728753,3.3258215455196605,0.4607894339812679,3.478522731043419,0.03608409148512237
165000.0,0.01,2,600.0,20.0,8192,0.01220703125,26,13.77899245574931,per_channel,3.3105668034843134,3.477267990480551,3.393917396982432,0.049117632369147575,2.455881618457379,0.04253070141537868,3.4660902407021914,4.790341696060701,3.477267990480551,3.4784931631018656,5.560594263216017,13.656161238731766,4.97278425461849,0.02591830865287733,10.55909266524916,-0.9542878012051553,0.005967331203024965,0.7683740513817982,0.9649178293742945,0.47940137389805865,0.055131472424229847,3.482304267728848,166738.59142933504,1.0536917753545674,0.9377684771439077,3.476591651932437,166191.98082143677,0.7224126190525854,0.6068693462695007,3.482282610985069,166736.5175130736,1.052434856408244,0.9365130000665856,3.33312723758202,152758.88625127828,-7.418856817407103,-7.525060868751421,166256.6493172839,0.7616056468387339,0.646017413946165,166373.8269290133,0.8326223812201836,0.7169526817929928,3.478771972358073,166400.49849038105,0.8487869638673058,0.7330987213101992,3.333412870459708,152785.0687680134,-7.402988625446416,-7.509210879917372,1,1,1,0.00048303147246102156,1,0,3.4717157629285103,,0.0001073502468887917,1.2920658907335365e-11,6.051209248284912e-08,0.0001252756723584552,36.70557509226457,4.679889205538932,3.48230,3.48228,3.33313,0.017591118346186412,0.008857000727216317,0.8857000727216316,0.006310801804563527,0.006908007514269757,68,43,0.9869733046705302,3.33312723758202,0.6814674174211444,3.482282610985069,0.14421150507371028
140000.0,0.02,0,600.0,20.0,8192,0.01220703125,26,13.77899245574931,per_channel,3.1835853326627572,3.33107492084953,3.257330126756144,0.04527928777475568,1.131982194368892,-0.03946496160419292,3.193054922563838,0.20696613209782858,3.1835853326627572,3.180653339344645,10.673619359354532,12.08234706426043,5.021212628994747,0.021438034735778874,10.746559828952705,-0.9540205434138938,0.0059979513416987896,0.26441951726890767,0.9646004871782342,0.047036706462909986,1.5029473443105095,3.184022171780243,139397.46136783742,-0.43038473725898907,-0.5649745929453664,3.187776694124129,139726.40345951318,-0.19542610034772745,-0.3303335534150853,3.184041090302926,139399.1178901399,-0.4292015070429313,-0.5637929621206905,3.33070421763933,152536.8705492558,8.95490753518272,8.807631428482999,139359.21409224978,-0.45770421982158693,-0.5922571473225391,139102.6403949083,-0.6409711464940795,-0.7752763491328918,3.1763133053441734,138723.28543846338,-0.9119389725261551,-1.045877903581971,3.3238711575200615,151911.64273716413,8.508316240831524,8.36164379879094,1,1,1,0.00021574318861034193,1,0,3.306614677853416,,0.0002084112775541185,8.839776554229089e-12,1.7146341894899027e-08,7.947570444908635e-05,32.87730191873393,4.679889205538932,3.18402,3.18404,3.33070,0.002082315566533189,0.010692236981810732,0.5346118490905366,0.013032368995437442,0.02142227862817356,99,65,0.9606180242435617,3.184041090302926,0.014315860658520307,3.33070421763933,-0.011128636221291455
140000.0,0.02,1,600.0,20.0,8192,0.01220703125,26,13.77899245574931,per_channel,3.1835853326627572,3.33107492084953,3.257330126756144,0.04527928777475568,1.131982194368892,-0.03946496160419292,3.193054922563838,0.20696613209782858,3.1835853326627572,3.180653339344645,10.673619359354532,12.08234706426043,4.997944829411522,0.021865462236558723,10.746559828952705,-0.9540205434138938,0.0059979513416987896,0.26441951726890767,0.9646004871782342,0.047036706462909986,1.5029473443105095,3.2030858423737,141071.685062204,0.7654893301457092,0.6292829921848098,3.2078816921282383,141494.44307200852,1.0674593371489443,0.9308448214567777,3.203130888003112,141075.65292809458,0.7683235200675596,0.6321133510864163,3.317571242355472,151336.33553643042,8.097382526021725,7.951265549714659,139359.21409224978,-0.45770421982158693,-0.5922571473225391,139102.6403949083,-0.6409711464940795,-0.7752763491328918,3.193831480992702,140257.6935234755,0.18406680248249488,0.048646382734540694,3.3093338706892363,150585.7466807513,7.56124762910807,7.415855354992651,1,1,1,0.00025492017010670103,1,0,3.2509555752748986,,0.00020925808862191735,9.195782111468117e-12,1.6589553552718126e-08,6.50774457971462e-05,32.56246026358471,4.679889205538932,3.20309,3.20313,3.31757,0.0023841768121947706,0.020458973799323425,1.0229486899661713,0.017920577777867718,0.025077484142514917,98,63,0.9919617127276364,3.203130888003112,0.6139479014374949,3.317571242355472,-0.4053850127938241
140000.0,0.02,2,600.0,20.0,8192,0.01220703125,26,13.77899245574931,per_channel,3.1835853326627572,3.33107492084953,3.257330126756144,0.04527928777475568,1.131982194368892,-0.03946496160419292,3.193054922563838,0.20696613209782858,3.1835853326627572,3.180653339344645,10.673619359354532,12.08234706426043,5.009578239845902,0.021521881074846153,10.746559828952705,-0.9540205434138938,0.0059979513416987896,0.26441951726890767,0.9646004871782342,0.047036706462909986,1.5029473443105095,3.164338028384453,137679.2334208501,-1.6576904136785016,-1.7906213004772686,3.161113258058747,137398.75916627832,-1.8580291669440547,-1.990689252617206,3.164368760725086,137681.90774047625,-1.655780185374107,-1.7887136542592996,3.34052203889822,153437.45302001495,9.598180728582102,9.450035099126497,139359.21409224978,-0.45770421982158693,-0.5922571473225391,139102.6403949083,-0.6409711464940795,-0.7752763491328918,3.1684075652133967,138033.58936539543,-1.4045790247175527,-1.537852046265198,3.3339838909266093,152837.41804317432,9.169584316553083,9.022018027783819,1,1,1,0.000416016723098449,1,0,3.2931883193488547,,0.0003696820138053504,8.909058308115405e-12,2.4853308138871316e-08,5.974112760123314e-05,34.45552403050043,4.679889205538932,3.16434,3.16437,3.34052,0.003254782353817672,0.01791906909502959,0.8959534547514796,0.014335209383645985,0.01975399490976344,72,68,0.9433440402236741,3.164368760725086,-0.6036141623255387,3.34052203889822,0.283605691050659
141250.0,0.02,0,600.0,20.0,8192,0.01220703125,26,13.77899245574931,per_channel,3.196627989195857,3.33224355675442,3.2644357729751388,0.04154334071488429,1.0385835178721072,-0.03503025032882209,3.2072587718202983,0.21607527890839368,3.196627989195857,3.193697984052416,10.696903140884935,11.10962729439747,5.018717923820517,0.02208915128217841,10.725461926322017,-0.961217504662568,0.005996038245422471,0.35130711194722786,0.9703100898079476,0.05235770591306789,1.2197267016229512,3.1889156408946553,139826.26576521032,-1.0079534405590638,-1.140580022058979,3.1910323586418072,140011.95331611257,-0.876493227530922,-1.0092959354901399,3.188937479807386,139828.18093915388,-1.0065975652007897,-1.1392259632619472,3.317189078574878,151301.47151647616,7.116086029363652,6.972575102905565,140503.4193930173,-0.5285526421116418,-0.6618215104545744,140245.9686834314,-0.7108186311990154,-0.8438433050243388,3.177747890149767,138848.6227335803,-1.7000901001201432,-1.8317893776367833,3.319362551209422,151499.80651260843,7.25650018591747,7.112801136774549,1,1,1,0.0002531940270338099,1,0,3.3099742181297405,,0.00021166857418585103,9.384894739177512e-12,1.7247498220002053e-08,6.811968837518799e-05,32.64296702852997,4.679889205538932,3.18892,3.18894,3.31719,0.0015805366923038026,0.01242589793271961,0.6212948966359805,0.014510164561215344,0.01944918663503892,79,63,0.9546635437949172,3.188937479807386,-0.2405819324132752,3.317189078574878,-0.4517820478346035
141250.0,0.02,1,600.0,20.0,8192,0.01220703125,26,13.77899245574931,per_channel,3.196627989195857,3.33224355675442,3.2644357729751388,0.04154334071488429,1.0385835178721072,-0.03503025032882209,3.2072587718202983,0.21607527890839368,3.196627989195857,3.193697984052416,10.696903140884935,11.10962729439747,4.992956452553713,0.022613387690248208,10.725461926322017,-0.961217504662568,0.005996038245422471,0.35130711194722786,0.9703100898079476,0.05235770591306789,1.2197267016229512,3.209479525633982,141635.4338501263,0.2728735222133181,0.13853092707925008,3.2124668690292135,141899.22153839242,0.45962586788843857,0.3250330675504953,3.2095237172156237,141639.33425633193,0.27563487173942025,0.14128857703192832,3.2845946668441286,148342.72922508727,5.021401221300723,4.880696690861996,140503.4193930173,-0.5285526421116418,-0.6618215104545744,140245.9686834314,-0.7108186311990154,-0.8438433050243388,3.2035217201103414,141110.08190425741,-0.09905705893280364,-0.23290135260479738,3.301629683787636,149885.43032193012,6.1135789889770775,5.971411191450238,1,1,1,0.00021659590219527325,1,1,3.234058004748319,3.2589367959984723,0.00022577607310444046,9.83563953023302e-12,1.625110547820587e-08,7.502960727093809e-05,32.18080305366058,4.679889205538932,3.20948,3.20952,3.28459,0.0019196297540112419,0.017252572098588194,0.8626286049294096,0.016273537130116714,0.022698131488906582,97,82,0.9897071040638835,3.2095237172156237,0.40341660222436015,3.2845946668441286,-1.4299341899456142
141250.0,0.02,2,600.0,20.0,8192,0.01220703125,26,13.77899245574931,per_channel,3.196627989195857,3.33224355675442,3.2644357729751388,0.04154334071488429,1.0385835178721072,-0.03503025032882209,3.2072587718202983,0.21607527890839368,3.196627989195857,3.193697984052416,10.696903140884935,11.10962729439747,5.007968450039238,0.021660861184767274,10.725461926322017,-0.961217504662568,0.005996038245422471,0.35130711194722786,0.9703100898079476,0.05235770591306789,1.2197267016229512,3.168409626804541,138033.76899438078,-2.2769777030932543,-2.4079040838636434,3.162676721570346,137534.7056209906,-2.6302969054933802,-2.760749919769978,3.168430303982995,138035.5706289694,-2.2757022095791815,-2.4066302992175936,3.3423920880997353,153609.291970636,8.74994121814938,8.604241301404848,140503.4193930173,-0.5285526421116418,-0.6618215104545744,140245.9686834314,-0.7108186311990154,-0.8438433050243388,3.1736544747350597,138491.13746883068,-1.9531770132172162,-2.08453721246169,3.3292355139791656,152402.37522867665,7.895486887558693,7.750931743155465,1,1,1,0.0004675408421914974,1,1,3.2966684307653815,3.2145565147547215,0.0003068472735163019,9.024492433243945e-12,2.2889715673073046e-08,4.895768157019698e-05,34.04217612942252,4.679889205538932,3.16841,3.16843,3.34239,0.0028996257890788733,0.020423134440776147,1.0211567220388074,0.019892044890872086,0.020234798052581614,85,69,0.978015428309669,3.168430303982995,-0.8821071863277852,3.3423920880997353,0.30455550959787026
142500.0,0.02,0,600.0,20.0,8192,0.01220703125,26,13.77899245574931,per_channel,3.2093699865007124,3.3336501689819658,3.271510077741339,0.03798862895970561,0.9497157239926403,-0.03063422255058978,3.221399993842326,0.22870463464570917,3.2093699865007124,3.206495670859985,10.72008422274282,10.181032548864277,5.017564331011748,0.022940094930873674,10.699273925008487,-0.9675491167683254,0.005994174701588546,0.4441797238604219,0.9752812021010366,0.058702894832885,0.994617077517148,3.1957104407598425,140422.77179124515,-1.4577040061437558,-1.588571457866772,3.193001769551233,140184.82912991295,-1.6246813123417905,-1.755327012639829,3.195739330032349,140425.31065083962,-1.4559223502879888,-1.5867921681093633,3.3279761595151056,152287.09812663755,6.868139036236874,6.726214587602897,141625.76601595926,-0.613497532660166,-0.7454861187022099,141372.19919960262,-0.7914391581736007,-0.9231914318093781,3.190449645396922,139960.82292243352,-1.7818786509238436,-1.9123155879196885,3.3353641611464395,152963.99370257626,7.343153475492114,7.20059819185912,1,1,1,0.00025961969635548526,1,1,3.3090316571761234,3.3911094843843923,0.00020908636801709695,1.0121893614145812e-11,1.857720146720056e-08,7.155543946775e-05,32.637185226295564,4.679889205538932,3.19571,3.19574,3.32798,0.0018028399880850997,0.011423400920072152,0.5711700460036077,0.019045868458047326,0.017272216495463028,92,64,0.9892094519124126,3.195739330032349,-0.4247143995767644,3.3279761595151056,-0.17020410598730384
142500.0,0.02,1,600.0,20.0,8192,0.01220703125,26,13.77899245574931,per_channel,3.2093699865007124,3.3336501689819658,3.271510077741339,0.03798862895970561,0.9497157239926403,-0.03063422255058978,3.221399993842326,0.22870463464570917,3.2093699865007124,3.206495670859985,10.72008422274282,10.181032548864277,4.99766246819698,0.02324217451244705,10.699273925008487,-0.9675491167683254,0.005994174701588546,0.4441797238604219,0.9752812021010366,0.058702894832885,0.994617077517148,3.212689328030816,141918.87487859256,-0.4078071027420657,-0.5400688525269981,3.2116150150455196,141823.9763169052,-0.47440258462792834,-0.6065758933945009,3.2127327357312745,141922.7099295412,-0.4051158389184632,-0.537381162791406,3.3371158330752064,153124.70364621692,7.4559323833101185,7.313227325530636,141625.76601595926,-0.613497532660166,-0.7454861187022099,141372.19919960262,-0.7914391581736007,-0.9231914318093781,3.21281360108445,141929.85448555692,-0.40010211539865276,-0.5323740976634461,3.319505590343754,151512.8637594472,6.324816673296287,6.183613774859431,1,1,1,0.00021471473100449242,1,1,3.268010510707043,3.2557389934197576,0.00019040554106242315,1.0390222846770674e-11,1.5954795174922406e-08,7.430694251988042e-05,31.86266370872014,4.679889205538932,3.21269,3.21273,3.33712,0.0015042669949026386,0.015726361167670122,0.7863180583835061,0.016725801476714864,0.021799693463736173,83,105,0.9849619498755696,3.2127327357312745,0.10477910757271669,3.3371158330752064,0.10396004132309233
142500.0,0.02,2,600.0,20.0,8192,0.01220703125,26,13.77899245574931,per_channel,3.2093699865007124,3.3336501689819658,3.271510077741339,0.03798862895970561,0.9497157239926403,-0.03063422255058978,3.221399993842326,0.22870463464570917,3.2093699865007124,3.206495670859985,10.72008422274282,10.181032548864277,5.006167669464708,0.022547010862691074,10.699273925008487,-0.9675491167683254,0.005994174701588546,0.4441797238604219,0.9752812021010366,0.058702894832885,0.994617077517148,3.174164298755383,138535.63618803222,-2.782009692608967,-2.91111842226508,3.1644103379558493,137685.52582072545,-3.3785783714207356,-3.5068948379984533,3.1741939166541857,138538.22153221103,-2.780195415992261,-2.9093065550681363,3.3500256799059294,154311.7407704013,8.288940891509677,8.14512957068212,141625.76601595926,-0.613497532660166,-0.7454861187022099,141372.19919960262,-0.7914391581736007,-0.9231914318093781,3.1919630802714103,140093.63920496654,-1.6886742421287406,-1.8192349576842903,3.33408500882308,152846.68913330845,7.260834479514702,7.1183885182505735,1,1,1,0.0005337574641606707,1,0,3.288537936967196,,0.00021818656328709754,9.777983384794607e-12,2.214205677855614e-08,4.1483367007100026e-05,33.549686651328294,4.679889205538932,3.17416,3.17419,3.35003,0.0019269789127216222,0.024293070400177096,1.2146535200088548,0.022817923751970046,0.021233294265678396,81,72,0.9840902495344698,3.1741939166541857,-1.0960428368958608,3.3500256799059294,0.49121863704626456
143750.0,0.02,0,600.0,20.0,8192,0.01220703125,26,13.77899245574931,per_channel,3.221743080805816,3.3353638231912286,3.278553451998522,0.03465575414552185,0.8663938536380462,-0.02627624824770187,3.2354794097994857,0.24674489340026298,3.221743080805816,3.2190004268873422,10.743163951508757,9.307811216213013,5.031596736078948,0.0235644556881975,10.668218951286699,-0.9730111338133661,0.005992358819386799,0.5368539116010892,0.9795307206775308,0.06634592272264267,0.8124093803301718,3.2021200482957926,140986.6260508454,-1.9223470950640698,-2.051466364282162,3.1948018000525624,140342.92994726254,-2.37013568886084,-2.498665444216397,3.202165173453943,140990.5997236182,-1.9195828009612614,-2.048705709373666,3.321450613833857,151690.46997688795,5.523805201313357,5.384883069623347,142719.89158240205,-0.7165971600681381,-0.8473037995571864,142477.00153913724,-0.8855641466871349,-1.0160483410708299,3.207110780218127,141426.44390313068,-1.6163868499960468,-1.7459089159989505,3.3230757379136793,151838.94494877,5.627092138274775,5.488034029291011,1,1,1,0.0003754003155486162,1,0,3.3080130553018394,,0.0001662268063178508,1.0680366892048044e-11,2.0794384391756646e-08,5.539255970354577e-05,32.89359895965401,4.679889205538932,3.20212,3.20217,3.32145,0.001291947472927467,0.016309480814910324,0.8154740407455162,0.023270576535292322,0.0166476611204099,92,69,0.9928057284519525,3.202165173453943,-0.6076805896941928,3.321450613833857,-0.4171421798315089
143750.0,0.02,1,600.0,20.0,8192,0.01220703125,26,13.77899245574931,per_channel,3.221743080805816,3.3353638231912286,3.278553451998522,0.03465575414552185,0.8663938536380462,-0.02627624824770187,3.2354794097994857,0.24674489340026298,3.221743080805816,3.2190004268873422,10.743163951508757,9.307811216213013,4.9886971020385324,0.0240476094076815,10.668218951286699,-0.9730111338133661,0.005992358819386799,0.5368539116010892,0.9795307206775308,0.06634592272264267,0.8124093803301718,3.225534641168331,143056.01366893257,-0.4827730998729923,-0.6137875688306926,3.2182619981538463,142411.64147046633,-0.9310320205451597,-1.0614563564547708,3.2256077515180195,143062.49879148058,-0.4782617102743774,-0.6092821184782826,3.328655285618428,152349.2576440381,5.982092274113457,5.84256680730908,142719.89158240205,-0.7165971600681381,-0.8473037995571864,142477.00153913724,-0.8855641466871349,-1.0160483410708299,3.2186304038141436,142444.24804990596,-0.9083491826741147,-1.0388033805488361,3.321428085203436,151688.41222119972,5.522373719095455,5.383453471952371,1,1,1,0.0002155536670432198,1,0,3.248997669707082,,0.00016643348145459,1.1122826563743531e-11,1.653442896757542e-08,7.6706785805969e-05,31.721740353328084,4.679889205538932,3.22553,3.22561,3.32866,0.001665181520904964,0.015185291961150047,0.7592645980575023,0.015619893653681228,0.024918650451400706,78,65,0.9874587434000064,3.2256077515180195,0.11995589391433636,3.328655285618428,-0.20113360725912965
143750.0,0.02,2,600.0,20.0,8192,0.01220703125,26,13.77899245574931,per_channel,3.221743080805816,3.3353638231912286,3.278553451998522,0.03465575414552185,0.8663938536380462,-0.02627624824770187,3.2354794097994857,0.24674489340026298,3.221743080805816,3.2190004268873422,10.743163951508757,9.307811216213013,5.014651167964133,0.02303576550999248,10.668218951286699,-0.9730111338133661,0.005992358819386799,0.5368539116010892,0.9795307206775308,0.06634592272264267,0.8124093803301718,3.2252602124651704,143031.67227402455,-0.4997062441568376,-0.6306984206233324,3.235335669605471,143926.70730654537,0.12292682194460751,-0.008885051202034422,3.2253491711299134,143039.56254099077,-0.4942173627890323,-0.625216765370018,3.3446951589658087,153821.0534631281,7.005950235219551,6.865076859000507,142719.89158240205,-0.7165971600681381,-0.8473037995571864,142477.00153913724,-0.8855641466871349,-1.0160483410708299,3.196764815730493,140515.44769752066,-2.2501233408551906,-2.37881109251481,3.334021140862161,152840.8333060926,6.324057952064414,6.184082287308468,1,1,1,0.0004138387545535863,1,1,3.3030150972226697,3.4375933987355936,0.0002442872512922736,1.0206495416535963e-11,1.7509735028065402e-08,4.23105251390808e-05,32.34402929151639,4.679889205538932,3.22526,3.22535,3.34470,0.0020712555597746825,0.02326438939016228,1.163219469508114,0.024772083880939863,0.02031149480087893,123,80,0.9841174632066348,3.2253491711299134,0.1119297918440898,3.3446951589658087,0.27976965240488205
145000.0,0.02,0,600.0,20.0,8192,0.01220703125,26,13.77899245574931,per_channel,3.233656332722451,3.3374762631841564,3.2855662979533036,0.03159879334237714,0.7899698335594285,-0.02195571272106722,3.249497823071362,0.27339217057099985,3.233656332722451,3.231153294550541,10.766143645133386,8.50492870342292,5.025928406754914,0.02428735216308275,10.63301106166743,-0.9776060622158209,0.005990588802678926,0.6230913833384852,0.983077911734274,0.0756371336916034,0.6631079985916211,3.203269870406644,141087.8956115062,-2.698003026547456,-2.824998291589609,3.1950830893399984,140367.64428206338,-3.1947280813355987,-3.32107503768988,3.2033353520119863,141093.66393993414,-2.6940248690109403,-2.8210253262093365,3.31522426087896,151122.28862390615,4.222268016486999,4.086240648480777,143777.33257464512,-0.8432189140378513,-0.972634980371756,143554.8346771662,-0.9966657398853869,-1.125881532628592,3.2215099512587146,142699.23753331022,-1.5867327356481211,-1.715178392969119,3.3212893384055104,151675.73945433408,4.60395824436833,4.467432707227226,1,1,1,0.00039503090704186126,1,1,3.307760430627023,3.5364983812866333,0.0001408035812402036,1.1345710216636252e-11,1.8035288417106305e-08,4.56553856814933e-05,32.012914049133336,4.679889205538932,3.20327,3.20334,3.31522,0.001161412095653489,0.026196922502005855,1.3098461251002926,0.026959904088388244,0.020927804074655977,106,67,0.993102283413038,3.2033353520119863,-0.9376686199963902,3.31522426087896,-0.6667314027266391
145000.0,0.02,1,600.0,20.0,8192,0.01220703125,26,13.77899245574931,per_channel,3.233656332722451,3.3374762631841564,3.2855662979533036,0.03159879334237714,0.7899698335594285,-0.02195571272106722,3.249497823071362,0.27339217057099985,3.233656332722451,3.231153294550541,10.766143645133386,8.50492870342292,4.994163206739854,0.0247149276941978,10.63301106166743,-0.9776060622158209,0.005990588802678926,0.6230913833384852,0.983077911734274,0.0756371336916034,0.6631079985916211,3.21879854645262,142459.13113637562,-1.7523233542237069,-1.8805528882877676,3.2148643242112755,142111.0985674383,-1.9923458155597848,-2.1202620804511407,3.2188549806670173,142464.12656526687,-1.7488782308504371,-1.8771122613726154,3.293763630928652,149172.0842758891,2.877299500613168,2.743027539879761,143777.33257464512,-0.8432189140378513,-0.972634980371756,143554.8346771662,-0.9966657398853869,-1.125881532628592,3.224512827174288,142965.3908734084,-1.4031787079941995,-1.5318639338042228,3.311821908749967,150812.25988504876,4.008455093137073,3.8727067865038434,1,1,1,0.000244304441808223,1,0,3.2758152675716055,,0.00017924123757545886,1.1748705976721991e-11,1.7382899623909495e-08,7.11526139076707e-05,31.701321871002403,4.679889205538932,3.21880,3.21885,3.29376,0.0013380661908661726,0.017362139554038206,0.8681069777019103,0.017328668488512045,0.019052007135887696,81,77,0.9887605503067635,3.2188549806670173,-0.45772804938031264,3.293763630928652,-1.3097511055793931
145000.0,0.02,2,600.0,20.0,8192,0.01220703125,26,13.77899245574931,per_channel,3.233656332722451,3.3374762631841564,3.2855662979533036,0.03159879334237714,0.7899698335594285,-0.02195571272106722,3.249497823071362,0.27339217057099985,3.233656332722451,3.231153294550541,10.766143645133386,8.50492870342292,4.99420342922742,0.023877495320638494,10.63301106166743,-0.9776060622158209,0.005990588802678926,0.6230913833384852,0.983077911734274,0.0756371336916034,0.6631079985916211,3.2363559379038143,144017.49665607256,-0.6775885130534077,-0.8072207545669507,3.235557123673025,143946.41113257981,-0.7266130120139208,-0.8561812684147796,3.236469553604825,144027.60860690146,-0.6706147538610646,-0.8002560972884654,3.3328651311782305,152734.86226107564,5.334387766259064,5.1969088972890765,143777.33257464512,-0.8432189140378513,-0.972634980371756,143554.8346771662,-0.9966657398853869,-1.125881532628592,3.2005573799853577,140849.05371045764,-2.8627215789947336,-2.9895018589710665,3.3339061150585407,152830.28728034007,5.40019812437246,5.262633361955982,1,1,1,0.0005071159725308021,1,0,3.301453294498225,,0.00020562773880168192,1.096601622384965e-11,2.371466027033917e-08,4.6763780978913544e-05,33.34968023377966,4.679889205538932,3.23636,3.23647,3.33287,0.001261778152737806,0.026748578678229402,1.33742893391147,0.02475456458728444,0.018535923880686707,63,77,0.9969894324649374,3.236469553604825,0.08699814058490407,3.3328651311782305,-0.13816224123573972
146250.0,0.02,0,600.0,20.0,8192,0.01220703125,26,13.77899245574931,per_channel,3.244990990585411,3.34010702780531,3.2925490091953606,0.02888826770816808,0.7222066927042019,-0.017672016016535605,3.263456019782496,0.3141998477339231,3.244990990585411,3.242887079170468,10.789024593331357,7.791905769054138,5.021503072107109,0.024880492044958253,10.594982630928833,-0.9813429160752632,0.005988862944108241,0.697924732532343,0.9859441138796452,0.08701021282740813,0.5399701995911511,3.208959889938295,141589.57415945092,-3.1866159593498007,-3.3118949218818305,3.196397498952302,140483.15835549228,-3.9431395859881824,-4.067439587852584,3.209014654297236,141594.40695804814,-3.1833114816764825,-3.30859472028604,3.3358939927215236,153012.59504678877,4.623996613188906,4.488610520847058,144787.0397734817,-1.0003146847988416,-1.128422776362692,144599.35336344806,-1.1286472728560304,-1.2565892988117944,3.2388720572140186,144241.51779127432,-1.3733211683594366,-1.5009465801188338,3.333883418328496,152828.20639632834,4.497918903472372,4.362695958869112,1,1,1,0.0005029338766771949,1,1,3.302167679647065,3.54326554427471,0.00014605004625380574,1.1906641472268359e-11,2.1082465133856007e-08,4.191896014868702e-05,32.481321142315764,4.679889205538932,3.20896,3.20901,3.33589,0.0012301135633541788,0.028478716289041934,1.4239358144520966,0.026404063904823517,0.01816505752331403,86,99,0.9971822637058714,3.209014654297236,-1.1086729175073806,3.3358939927215236,-0.12613473307035994
146250.0,0.02,1,600.0,20.0,8192,0.01220703125,26,13.77899245574931,per_channel,3.244990990585411,3.34010702780531,3.2925490091953606,0.02888826770816808,0.7222066927042019,-0.017672016016535605,3.263456019782496,0.3141998477339231,3.244990990585411,3.242887079170468,10.789024593331357,7.791905769054138,4.9910773324195405,0.02543125608292702,10.594982630928833,-0.9813429160752632,0.005988862944108241,0.697924732532343,0.9859441138796452,0.08701021282740813,0.5399701995911511,3.239532979437878,144300.39146690274,-1.3330656636562437,-1.4607431670547566,3.25517911164744,145697.62692245498,-0.3776909931931788,-0.5066047755290959,3.2397041311596007,144315.639289973,-1.3226398017278547,-1.4503307964548795,3.339005731380842,153298.19002016902,4.819275227465993,4.683636439668404,144787.0397734817,-1.0003146847988416,-1.128422776362692,144599.35336344806,-1.1286472728560304,-1.2565892988117944,3.233104419146297,143728.25754517058,-1.7242683451825107,-1.8514396224371343,3.3244794708864442,151967.25159474942,3.9092318596577265,3.7747706909477152,1,1,1,0.00026646325917348187,1,0,3.2698732300564273,,0.00013833942737354402,1.243961584815349e-11,1.5894798966666418e-08,5.9650996598814595e-05,31.06448070468592,4.679889205538932,3.23953,3.23970,3.33901,0.00117892338223979,0.01721751635501118,0.8608758177505589,0.01844372925361189,0.023648588623431964,97,60,0.9906205300699684,3.2397041311596007,-0.16292370121053779,3.339005731380842,-0.032971890280775185
146250.0,0.02,2,600.0,20.0,8192,0.01220703125,26,13.77899245574931,per_channel,3.244990990585411,3.34010702780531,3.2925490091953606,0.02888826770816808,0.7222066927042019,-0.017672016016535605,3.263456019782496,0.3141998477339231,3.244990990585411,3.242887079170468,10.789024593331357,7.791905769054138,5.01775710652932,0.02450530664391406,10.594982630928833,-0.9813429160752632,0.005988862944108241,0.697924732532343,0.9859441138796452,0.08701021282740813,0.5399701995911511,3.2433034291456164,144636.48558573108,-1.1032577191582387,-1.2312325998373508,3.2394222738379983,144290.52918826902,-1.3398091020382759,-1.4674778792573284,3.2434973692779305,144653.78378705177,-1.0914298891953718,-1.2194200753849693,3.3460671073896395,153947.26994837946,5.2630905629945,5.126877466950752,144787.0397734817,-1.0003146847988416,-1.128422776362692,144599.35336344806,-1.1286472728560304,-1.2565892988117944,3.267827846440149,146832.10896708287,0.3980232253558058,0.26810564924197866,3.355089339092777,154778.58650779258,5.8315121420804,5.694563494166305,1,1,1,0.0007591337482667832,1,0,3.2989774829320875,,0.0002010334839628488,1.1550256518996399e-11,2.5354704934937834e-08,3.339952280191264e-05,33.41466931259734,4.679889205538932,3.24330,3.24350,3.34607,0.002134151620149944,0.030460668766639647,1.5230334383319823,0.027261753922335402,0.013287476152182695,77,66,0.9791164630600774,3.2434973692779305,-0.04602851939540242,3.3460671073896395,0.17843977856737414
147500.0,0.02,0,600.0,20.0,8192,0.01220703125,26,13.77899245574931,per_channel,3.255598628041319,3.3434053135523825,3.2995019707968507,0.02661210276224131,0.6653025690560328,-0.013424572360344765,3.2773547693168195,0.37893769677871214,3.255598628041319,3.2541514851788236,10.811808057907122,7.193123677066324,5.02059815519389,0.025533957423229656,10.556133343438399,-0.9842368457932387,0.005987179619803083,0.7584715716187324,0.9881524419208837,0.10096655633739526,0.43836301677664097,3.291020391481436,148923.7092357661,0.9652266005193815,0.8356808448211073,3.2999481457397404,149732.79426285333,1.5137588222734473,1.383509259694482,3.2913097883444706,148949.9016892167,0.9829841960791175,0.8534156560895401,3.335514766281881,152977.80789616148,3.7137680651942246,3.5806957301666165,145735.18336993712,-1.1964858508900882,-1.3232579717187276,145605.65096675872,-1.2843044293161197,-1.4109638724983053,3.2555313847832243,145729.16321299295,-1.2005673132251191,-1.327334197239638,3.335483473452775,152974.93752305312,3.7118220495275356,3.5787522113800874,1,1,1,0.0006879828402849745,1,1,3.313283700374516,3.5369832571310607,0.00015518937921703017,1.2540290771156796e-11,2.702536430953903e-08,3.928203252619594e-05,33.33463950498988,4.679889205538932,3.29102,3.29131,3.33551,0.0014275595492284057,0.032874778662225074,1.6437389331112537,0.029572768257555507,0.01744011140933809,120,100,0.9928625028858465,3.2913097883444706,1.0969153259730025,3.335514766281881,-0.23600331190829493
147500.0,0.02,1,600.0,20.0,8192,0.01220703125,26,13.77899245574931,per_channel,3.255598628041319,3.3434053135523825,3.2995019707968507,0.02661210276224131,0.6653025690560328,-0.013424572360344765,3.2773547693168195,0.37893769677871214,3.255598628041319,3.2541514851788236,10.811808057907122,7.193123677066324,4.999773225554248,0.02572389422452089,10.556133343438399,-0.9842368457932387,0.005987179619803083,0.7584715716187324,0.9881524419208837,0.10096655633739526,0.43836301677664097,3.246785776257652,144947.2458074988,-1.730680808475383,-1.8567675181798249,3.2589954639326493,146039.45721658677,-0.9901984972293071,-1.1172352997906643,3.2469608110486683,144962.87449168012,-1.7200850903863576,-1.8461853951705298,3.3348122530631916,152913.3754937305,3.6700850804952583,3.5370687939256795,145735.18336993712,-1.1964858508900882,-1.3232579717187276,145605.65096675872,-1.2843044293161197,-1.4109638724983053,3.2358071162023543,143968.6557824047,-2.3941316729459627,-2.519367126762595,3.3225382565805943,151789.8314135722,2.9083602803879245,2.7763213423390942,1,1,1,0.0003494476155721936,1,1,3.2815175354407318,3.246192212935201,0.00017281917739357574,1.2727548980631099e-11,1.8883194559427962e-08,5.403726829988003e-05,31.713306907820964,4.679889205538932,3.24679,3.24696,3.33481,0.001455879017716777,0.018135660152105514,0.9067830076052756,0.019528988888220276,0.019976087974371566,95,80,0.9795845477978034,3.2469608110486683,-0.26532192630415175,3.3348122530631916,-0.25701521901515534
147500.0,0.02,2,600.0,20.0,8192,0.01220703125,26,13.77899245574931,per_channel,3.255598628041319,3.3434053135523825,3.2995019707968507,0.02661210276224131,0.6653025690560328,-0.013424572360344765,3.2773547693168195,0.37893769677871214,3.255598628041319,3.2541514851788236,10.811808057907122,7.193123677066324,4.991455258905841,0.02478367221798011,10.556133343438399,-0.9842368457932387,0.005987179619803083,0.7584715716187324,0.9881524419208837,0.10096655633739526,0.43836301677664097,3.246040869367804,144880.7432270837,-1.7757673036720667,-1.9017961641120573,3.240028740475285,144344.56078770562,-2.1392808218944968,-2.264843267955885,3.246200786724072,144895.0187812598,-1.7660889618577618,-1.8921302403167806,3.346215286166371,153960.90519388547,4.380274707718962,4.246347196017286,145735.18336993712,-1.1964858508900882,-1.3232579717187276,145605.65096675872,-1.2843044293161197,-1.4109638724983053,3.264762867110222,146556.80295384914,-0.6394556245090582,-0.7669424557786297,3.3342096691286893,152858.1191185296,3.6326231312065116,3.4996549110523967,1,1,1,0.0005339863344059202,1,0,3.30703604443273,,0.00016736759026653603,1.1814154879400272e-11,1.9364844868728973e-08,3.626468248531695e-05,32.14611362207742,4.679889205538932,3.24604,3.24620,3.34622,0.0009774685282164862,0.03317047598449631,1.6585237992248154,0.03603292719108759,0.02292584130360783,88,73,0.997793971570357,3.246200786724072,-0.2886670745066877,3.346215286166371,0.08404522785789847
148750.0,0.02,0,600.0,20.0,8192,0.01220703125,26,13.77899245574931,per_channel,3.26530853350034,3.347542585853579,3.3064255596769594,0.024870982536583437,0.6217745634145859,-0.00921280977873607,3.291194824812532,0.4843858081156664,3.26530853350034,3.2649906880801027,10.83449527394946,6.7366135687773205,5.012495662651442,0.026416888619522964,10.519037117330608,-0.9863086576616086,0.0059855372843356245,0.8040133889091459,0.9897274958959613,0.11801279962679263,0.35502262388683653,3.2983616017904995,149588.85227228235,0.5639343006940198,0.43598634576946793,3.3003446220012176,149768.77607961994,0.6848914820974411,0.5567896327961286,3.2984853163352983,149600.0740035941,0.5714783217439412,0.4435207685268061,3.331380758304233,152598.8441559957,2.5874582561315624,2.456935762396051,146605.79751056444,-1.4414806651667607,-1.5668771214308763,146577.2576571845,-1.4606671212205053,-1.5860391664685558,3.2799478549441723,147923.29655335206,-0.5557670229565971,-0.6822903767506827,3.3368020366247677,153095.90768481896,2.9216186116429967,2.790670964154307,1,1,1,0.000470836879698994,1,0,3.3131731687360655,,0.00011665757767501139,1.3422539077492389e-11,2.005269717657933e-08,4.2589478524704814e-05,31.743381184029303,4.679889205538932,3.29836,3.29849,3.33138,0.0009443818640715103,0.023445032955932057,1.1722516477966027,0.02770828673600287,0.017490206951614747,100,62,0.9879451788621478,3.2984853163352983,1.0160382240937516,3.331380758304233,-0.48279677210513183
148750.0,0.02,1,600.0,20.0,8192,0.01220703125,26,13.77899245574931,per_channel,3.26530853350034,3.347542585853579,3.3064255596769594,0.024870982536583437,0.6217745634145859,-0.00921280977873607,3.291194824812532,0.4843858081156664,3.26530853350034,3.2649906880801027,10.83449527394946,6.7366135687773205,4.995294191918235,0.026239260667234466,10.519037117330608,-0.9863086576616086,0.0059855372843356245,0.8040133889091459,0.9897274958959613,0.11801279962679263,0.35502262388683653,3.2713275347791306,147146.77779730645,-1.077796438785579,-1.2036556121592379,3.2695594932241767,146987.7650963196,-1.184695733566651,-1.3104188984771614,3.271447030253273,147157.52798660318,-1.0705694207709728,-1.1964377891127698,3.3308936118825567,152554.21848810033,2.557457807126275,2.426973483099659,146605.79751056444,-1.4414806651667607,-1.5668771214308763,146577.2576571845,-1.4606671212205053,-1.5860391664685558,3.2648785657340533,146567.19067360766,-1.467434841272159,-1.5927982759189385,3.3157141493974467,151166.95440707347,1.6248432988729211,1.495545544563326,1,1,1,0.00037635331493010744,1,0,3.2870866055774948,,0.0001490250602399308,1.32426388335295e-11,2.088369420819384e-08,5.548959815080186e-05,31.978327906806165,4.679889205538932,3.27133,3.27145,3.33089,0.0011507956823907256,0.018960825199257996,0.9480412599628998,0.02501290947105038,0.02090553830641022,85,73,0.9938634651953802,3.271447030253273,0.18799132424869303,3.3308936118825567,-0.4973491313113976
148750.0,0.02,2,600.0,20.0,8192,0.01220703125,26,13.77899245574931,per_channel,3.26530853350034,3.347542585853579,3.3064255596769594,0.024870982536583437,0.6217745634145859,-0.00921280977873607,3.291194824812532,0.4843858081156664,3.26530853350034,3.2649906880801027,10.83449527394946,6.7366135687773205,4.997515164752451,0.02562012568991195,10.519037117330608,-0.9863086576616086,0.0059855372843356245,0.8040133889091459,0.9897274958959613,0.11801279962679263,0.35502262388683653,3.286274263604186,148494.4798648745,-0.17177824210117282,-0.29879014658261704,3.292504976948525,149058.09906942357,0.20712542482256546,0.07963143946758677,3.286532766090863,148517.8423105968,-0.15607239623743838,-0.2831042833386199,3.342247368415333,153595.99023558924,3.2578085617406662,3.1264331782362653,146605.79751056444,-1.4414806651667607,-1.5668771214308763,146577.2576571845,-1.4606671212205053,-1.5860391664685558,3.2667130097116592,146731.94095751684,-1.3566783478878393,-1.482182698529222,3.333861844319106,152826.22845884337,2.7403216530039454,2.6096046704674025,1,1,1,0.0006673884732831917,1,0,3.3127563302569363,,0.0001562552634170086,1.2625071863642623e-11,2.164784639459697e-08,3.243665010889569e-05,32.34180838804054,4.679889205538932,3.28627,3.28653,3.34225,0.0012471351839575037,0.03160957355789438,1.5804786778947189,0.03093720492801089,0.017805369694593537,88,79,0.9924654062378141,3.286532766090863,0.6499916431410346,3.342247368415333,-0.15818222778174462
150000.0,0.02,0,600.0,20.0,8192,0.01220703125,26,13.77899245574931,per_channel,3.273951876956742,3.3526884132678387,3.3133201451122902,0.023763636733759738,0.5940909183439934,-0.005036169828784746,3.3049769236383306,0.6565576227083986,3.273951876956742,3.275738952824051,10.857087451503952,6.45009705460503,5.029287042135067,0.026648204468891726,10.48657094536914,-0.9875842456894679,0.005983934466027919,0.8355126023054055,0.9906950793429052,0.13853011677473256,0.28749890574722275,3.302877571376454,149998.75345814732,-0.0008310279017896392,-0.12700152202377302,3.3011419746369826,149841.15212976464,-0.10589858015690698,-0.23193650892739948,3.3029873330823607,150008.72318440973,0.005815456273150631,-0.12036342382045762,3.3287006600370286,152353.41115680058,1.5689407712003838,1.440789671783449,147382.96227364292,-1.7446918175713897,-1.8686620556335298,147543.90319692114,-1.637397868719243,-1.7615034812118235,3.294001776000893,149193.65587908425,-0.5375627472771642,-0.6630560387089646,3.334042096285745,152842.75462232486,1.8951697482165764,1.766607040666801,1,1,1,0.00043567847167764453,1,1,3.3158509622419565,3.3926287278701692,0.00011558674075230491,1.365863346777166e-11,1.8223727851631705e-08,4.182838730006222e-05,31.25229970340859,4.679889205538932,3.30288,3.30299,3.32870,0.0008404176147944706,0.029608908580458965,1.4804454290229483,0.02949957116523048,0.020618491136847824,112,105,0.9865979334569229,3.3029873330823607,0.8868626423613746,3.3287006600370286,-0.7154781558549206
150000.0,0.02,1,600.0,20.0,8192,0.01220703125,26,13.77899245574931,per_channel,3.273951876956742,3.3526884132678387,3.3133201451122902,0.023763636733759738,0.5940909183439934,-0.005036169828784746,3.3049769236383306,0.6565576227083986,3.273951876956742,3.275738952824051,10.857087451503952,6.45009705460503,5.003081856903883,0.0262255083233311,10.48657094536914,-0.9875842456894679,0.005983934466027919,0.8355126023054055,0.9906950793429052,0.13853011677473256,0.28749890574722275,3.2575777611591867,145912.42696248487,-2.725048691676755,-2.8477819983474317,3.2596843459689193,146101.20298612877,-2.599198009247484,-2.7220901036655865,3.2577694329432894,145929.59807552004,-2.713601282986638,-2.8363490330294283,3.3140491897748205,151015.17794339822,0.6767852955988104,0.5497598425082684,147382.96227364292,-1.7446918175713897,-1.8686620556335298,147543.90319692114,-1.637397868719243,-1.7615034812118235,3.272132318122494,147219.1862253982,-1.8538758497345262,-1.9777083286189656,3.314771681877551,151081.03041593824,0.7206869439588239,0.5936060994812697,1,1,1,0.0005023773120531676,1,0,3.2909480523072467,,0.00015444158754351854,1.3228761186541988e-11,2.3485570727174653e-08,4.674886815885731e-05,32.492819421335206,4.679889205538932,3.25758,3.25777,3.31405,0.0010824697337293123,0.020216407406117704,1.0108203703058851,0.028498741828830252,0.01970031161934707,74,105,0.9928647866320045,3.2577694329432894,-0.49427861561895936,3.3140491897748205,-1.152484774311513
150000.0,0.02,2,600.0,20.0,8192,0.01220703125,26,13.77899245574931,per_channel,3.273951876956742,3.3526884132678387,3.3133201451122902,0.023763636733759738,0.5940909183439934,-0.005036169828784746,3.3049769236383306,0.6565576227083986,3.273951876956742,3.275738952824051,10.857087451503952,6.45009705460503,4.996565488351248,0.025811404951280932,10.48657094536914,-0.9875842456894679,0.005983934466027919,0.8355126023054055,0.9906950793429052,0.13853011677473256,0.28749890574722275,3.3033704953552796,150043.52865677705,0.029019104518035115,-0.09718905197652061,3.3023471252775987,149950.57736765177,-0.03294842156548596,-0.1590783926764594,3.303838319933414,150086.0301085811,0.05735340572072892,-0.06889050059875057,3.3276476536303865,152257.03496728747,1.5046899781916485,1.376619944991453,147382.96227364292,-1.7446918175713897,-1.8686620556335298,147543.90319692114,-1.637397868719243,-1.7615034812118235,3.3018873718881374,149908.82797872231,-0.060781347518456944,-0.18687620139737904,3.3338691772450186,152826.90075103517,1.8846005006901105,1.7560511285230396,1,1,1,0.0008732964846661806,1,0,3.319428713345819,,0.0001391624872749911,1.2814292580007613e-11,2.4266043236971424e-08,2.7786718099806812e-05,32.77304331365348,4.679889205538932,3.30337,3.30384,3.32765,0.0010573071094767445,0.03302178457801872,1.651089228900936,0.03406527960811654,0.017928436598753303,115,68,0.990100711565053,3.303838319933414,0.9128552923157951,3.3276476536303865,-0.746885977782985
151250.0,0.02,0,600.0,20.0,8192,0.01220703125,26,13.77899245574931,per_channel,3.2814039099948706,3.3589682669326875,3.320186088463779,0.023361448687264745,0.5840362171816186,-0.0008941068797919477,3.3187017878518366,0.9263280656782047,3.2814039099948706,3.2876067400231324,10.879585774678112,6.354072120345954,5.011307034322154,0.0269997092207726,10.461486058305772,-0.9880939586152434,0.005982369762614781,0.8549182932224648,0.9910819300506686,0.16259505554465387,0.23370097021328062,3.31521698026648,151121.62486089897,-0.08487612502547442,-0.20990002684169173,3.308614515898488,150520.28770369504,-0.4824544107801404,-0.6069808224603679,3.315265382146277,151126.03761829063,-0.08195859947726747,-0.20698615199633563,3.3243728395354855,151957.5031733169,0.46777069310207414,0.3420552637287688,148054.65978228234,-2.112621631548867,-2.2351082132349043,148614.923559376,-1.7421992995861093,-1.86514939113398,3.315208152038268,151120.82000593856,-0.08540826053649171,-0.21043149649094817,3.3338311460663674,152823.4140191301,1.0402737316562725,0.913841928615966,1,1,1,0.0005867972828514958,1,0,3.3187090300578554,,0.00012861364819196855,1.402134000628654e-11,2.520767775887028e-08,4.2958068306614384e-05,32.54743317689383,4.679889205538932,3.31522,3.31527,3.32437,0.0008945959531819516,0.025306608002249775,1.2653304001124888,0.028724813574666525,0.017280646469729426,119,81,0.9949178877307022,3.315265382146277,1.0319202719381027,3.3243728395354855,-1.0299420729209086
151250.0,0.02,1,600.0,20.0,8192,0.01220703125,26,13.77899245574931,per_channel,3.2814039099948706,3.3589682669326875,3.320186088463779,0.023361448687264745,0.5840362171816186,-0.0008941068797919477,3.3187017878518366,0.9263280656782047,3.2814039099948706,3.2876067400231324,10.879585774678112,6.354072120345954,4.993007193628909,0.026723884086121065,10.461486058305772,-0.9880939586152434,0.005982369762614781,0.8549182932224648,0.9910819300506686,0.16259505554465387,0.23370097021328062,3.2835541243397857,148248.75570269622,-1.984293750283493,-2.106940908785171,3.280490790414754,147972.27260744525,-2.1670924909452887,-2.2895109131864655,3.2836809905091675,148260.21165217992,-1.9767195688066659,-2.099376204889769,3.3334584145368757,152789.24376989214,1.0176818313336478,0.8912782975624589,148054.65978228234,-2.112621631548867,-2.2351082132349043,148614.923559376,-1.7421992995861093,-1.86514939113398,3.2986080733710974,149611.20929849852,-1.0834979844637878,-1.207272309674734,3.3211385108968408,151661.96386772866,0.2723728051098556,0.14690187732366855,1,1,1,0.00047187316785368173,1,0,3.2963629218163497,,0.00013786292758382945,1.3736323351519689e-11,1.9370834158316948e-08,4.1050933763463003e-05,31.492778174507738,4.679889205538932,3.28355,3.28368,3.33346,0.000993844393361456,0.03375229534714267,1.6876147673571336,0.029937388971640274,0.01769564391798762,83,87,0.9944547448862907,3.2836809905091675,0.06939348451926453,3.3334584145368757,-0.7594549983381271
151250.0,0.02,2,600.0,20.0,8192,0.01220703125,26,13.77899245574931,per_channel,3.2814039099948706,3.3589682669326875,3.320186088463779,0.023361448687264745,0.5840362171816186,-0.0008941068797919477,3.3187017878518366,0.9263280656782047,3.2814039099948706,3.2876067400231324,10.879585774678112,6.354072120345954,4.983709535226809,0.02631287599626626,10.461486058305772,-0.9880939586152434,0.005982369762614781,0.8549182932224648,0.9910819300506686,0.16259505554465387,0.23370097021328062,3.316746382112485,151261.09024477354,0.007332393238705791,-0.11780688919544868,3.3141399140933503,151023.44634006685,-0.1497875437574569,-0.2747302218456982,3.316859012671585,151271.36351168493,0.014124635824748924,-0.11102314574983341,3.340445190575108,153430.39347950008,1.4415824657851783,1.3146485046948486,148054.65978228234,-2.112621631548867,-2.2351082132349043,148614.923559376,-1.7421992995861093,-1.86514939113398,3.3353093160040426,152958.9632095711,1.129893031121397,1.0033490873554207,3.335474234437225,152974.09006817563,1.139894259950831,1.013337801636438,1,1,1,0.0007718011129234353,1,0,3.325445608854008,,0.0001369830384617413,1.3317048607040407e-11,2.4994640601867454e-08,3.2384820627159406e-05,32.734389114930735,4.679889205538932,3.31675,3.31686,3.34045,0.0010441951906821523,0.030531043463368466,1.5265521731684233,0.034417091946093936,0.01728060508312735,136,66,0.9895653594461644,3.316859012671585,1.0804857813669688,3.340445190575108,-0.5514513649899411
152500.0,0.02,0,600.0,20.0,8192,0.01220703125,26,13.77899245574931,per_channel,3.287627972656937,3.3664195144610156,3.3270237435589762,0.023682290202051298,0.5920572550512824,0.0032139121894773815,3.3323701246410287,1.3107411517863836,3.3664195144610156,3.363327567041853,10.901991402894053,6.454603104590133,5.0151162915321175,0.026988459432499452,10.445933271146336,-0.9878719250491445,0.005980841837176538,0.8645450706301605,0.9909154655347637,0.18984745115163276,0.19158123729633433,3.3176051315517006,151339.42737234995,-0.7610312312459344,-0.8841924716120664,3.3043784330986905,150135.10640050666,-1.5507499013071093,-1.6729310556026888,3.3176378616309354,151342.41348774743,-0.7590731227885718,-0.8822367932793562,3.328651247908489,152348.88804028768,-0.09908980964742158,-0.22307255720513952,155825.72977597918,2.1808064104781533,2.053994181217167,155539.61944432548,1.9931930782462157,1.8666136878689121,3.33715524309682,153128.3203522682,0.4120133457496403,0.28739628992213717,3.3231497730653343,151845.7106955825,-0.42904216683114743,-0.5526154246281889,1,1,1,0.0005395168380797719,1,0,3.3201210106733674,,0.00011950420717928026,1.4009658084569946e-11,2.4426781254850473e-08,4.5275289909003314e-05,32.414387071017764,4.679889205538932,3.31761,3.31764,3.32865,0.0009689136433844104,0.028901957451243524,1.4450978725621761,0.03030495085309212,0.01665385749664387,94,95,0.9935895113126605,3.3176378616309354,0.9128128007058534,3.328651247908489,-1.1219120608791266
152500.0,0.02,1,600.0,20.0,8192,0.01220703125,26,13.77899245574931,per_channel,3.287627972656937,3.3664195144610156,3.3270237435589762,0.023682290202051298,0.5920572550512824,0.0032139121894773815,3.3323701246410287,1.3107411517863836,3.3664195144610156,3.363327567041853,10.901991402894053,6.454603104590133,4.9956543855615285,0.026615256208750444,10.445933271146336,-0.9878719250491445,0.005980841837176538,0.8645450706301605,0.9909154655347637,0.18984745115163276,0.19158123729633433,3.3691074241994734,156074.66649219516,2.344043601439449,2.217028785481334,3.363432609572976,155549.3351381596,1.9995640250226887,1.8729767279358267,3.3689550178974588,156060.5462984764,2.3347844580173125,2.2077811331861374,3.3446713783391413,153818.86614986448,0.8648302622062162,0.7396512346675488,155825.72977597918,2.1808064104781533,2.053994181217167,155539.61944432548,1.9931930782462157,1.8666136878689121,3.3170513817707445,151288.91070297407,-0.7941569160825771,-0.9172770455777912,3.3339418023850858,152833.55919824733,0.21872734311300132,0.09435016627785675,1,1,1,0.0004071916426578719,1,0,3.3486458271924815,,0.0001600499254400458,1.3624878848528222e-11,1.5680614977614517e-08,3.850917684671045e-05,30.610304420163356,4.679889205538932,3.36911,3.36896,3.34467,0.0007996840367678042,0.03434737978192199,1.7173689890960995,0.031012442275713783,0.019104488792876836,81,93,0.9969247841705431,3.3446713783391413,1.7350930870716486,3.3689550178974588,0.07531751243572415
152500.0,0.02,2,600.0,20.0,8192,0.01220703125,26,13.77899245574931,per_channel,3.287627972656937,3.3664195144610156,3.3270237435589762,0.023682290202051298,0.5920572550512824,0.0032139121894773815,3.3323701246410287,1.3107411517863836,3.3664195144610156,3.363327567041853,10.901991402894053,6.454603104590133,4.999670860020875,0.026346104679892273,10.445933271146336,-0.9878719250491445,0.005980841837176538,0.8645450706301605,0.9909154655347637,0.18984745115163276,0.19158123729633433,3.368272369560453,155997.30788873535,2.2933166483510474,2.166364787445163,3.374009694685306,156529.19452266846,2.642094768962926,2.514710054446412,3.3680147682736212,155973.4478405017,2.2776707150830817,2.1507382716758894,3.339141624397617,153310.6683320404,0.5315857915018998,0.4068203394252512,155825.72977597918,2.1808064104781533,2.053994181217167,155539.61944432548,1.9931930782462157,1.8666136878689121,3.343897439827752,153747.68871119068,0.818156531928317,0.6930354291604157,3.333575804760468,152800.00513366054,0.1967246778101897,0.07237480754205272,1,1,1,0.0008564661871166307,1,0,3.332478356619933,,0.0001774524463514502,1.3350704175606704e-11,2.733014872477211e-08,3.1910365097752985e-05,33.111378221057684,4.679889205538932,3.36827,3.36801,3.33914,0.0010676541044513043,0.02709792089046125,1.3548960445230624,0.03290725818329284,0.017138898915243395,101,72,0.9954056814609298,3.339141624397617,1.566894191469248,3.3680147682736212,0.047387255383735116
153750.0,0.02,0,600.0,20.0,8192,0.01220703125,26,13.77899245574931,per_channel,3.292692004626946,3.3749749098476967,3.333833457237321,0.024681168473525576,0.6170292118381394,0.007288408175132924,3.3459826267494512,1.790225021930778,3.3749749098476967,3.3747628660075564,10.924305472675256,6.7406155956838845,5.022046153865977,0.027175946419442345,10.441095975829098,-0.9869553598395412,0.005979349414510901,0.8666504001482417,0.9902235455300971,0.21952285318665776,0.1590419223999893,3.3640230778525675,155603.95493946408,1.205824350870945,1.0812420293941472,3.3630936119752812,155517.98133999796,1.1499065626003,1.0253930747891715,3.35720507877952,154973.85668851627,0.7960043502544863,0.6719265089041526,3.3354143977730115,152968.60156698312,-0.5082266231004066,-0.630698982518807,156618.7650788952,1.8658634659480986,1.7404686496791166,156599.0855245236,1.8530637557877083,1.7276846957029246,3.3641687655314363,155617.43289093798,1.2145904981710463,1.0899973857443346,3.339705010832899,153362.40644150763,-0.2520933713771524,-0.37488102564456893,1,1,1,0.0005338219666673894,1,1,3.3443261465456544,3.392222007431876,0.00012034641877872279,1.4204982467110219e-11,2.4127966073033737e-08,4.5198526062280315e-05,32.30080011497849,4.679889205538932,3.36402,3.35721,3.33541,0.0009514304752892558,0.026515923218516185,1.325796160925809,0.03295229189057479,0.017698205617517847,76,58,0.9975107934071807,3.3354143977730115,1.2974913258218868,3.35720507877952,-0.5265174273244799
153750.0,0.02,1,600.0,20.0,8192,0.01220703125,26,13.77899245574931,per_channel,3.292692004626946,3.3749749098476967,3.333833457237321,0.024681168473525576,0.6170292118381394,0.007288408175132924,3.3459826267494512,1.790225021930778,3.3749749098476967,3.3747628660075564,10.924305472675256,6.7406155956838845,4.998073749887317,0.026447892900080004,10.441095975829098,-0.9869553598395412,0.005979349414510901,0.8666504001482417,0.9902235455300971,0.21952285318665776,0.1590419223999893,3.3787951658926785,156973.53062957132,2.096605287526064,1.970926432744724,3.367242269532006,155901.90689869202,1.3996142430517187,1.2747933701397596,3.3785622192556364,156951.8867039966,2.0825279375587638,1.9568664117103118,3.3284826622927146,152333.45645626896,-0.9213291341340079,-1.0432929727220985,156618.7650788952,1.8658634659480986,1.7404686496791166,156599.0855245236,1.8530637557877083,1.7276846957029246,3.347299051301483,154060.65040910238,0.20204904657065476,0.07870235217810606,3.3144587911678025,151052.50982730603,-1.7544651529716888,-1.8754034179823686,1,1,1,0.0006419360611824132,1,1,3.3518981074251144,3.2548923401389236,0.00016140238787777728,1.3454064393358938e-11,2.3546079098648207e-08,3.667978872425011e-05,32.43065096659664,4.679889205538932,3.37880,3.37856,3.32848,0.001394781873997867,0.03924820505641349,1.9624102528206746,0.036272550184343944,0.018177802235323164,80,80,0.9984102249528366,3.3284826622927146,1.0869725323678914,3.3785622192556364,0.10629143930735996
153750.0,0.02,2,600.0,20.0,8192,0.01220703125,26,13.77899245574931,per_channel,3.292692004626946,3.3749749098476967,3.333833457237321,0.024681168473525576,0.6170292118381394,0.007288408175132924,3.3459826267494512,1.790225021930778,3.3749749098476967,3.3747628660075564,10.924305472675256,6.7406155956838845,4.99052475524439,0.026082316528887824,10.441095975829098,-0.9869553598395412,0.005979349414510901,0.8666504001482417,0.9902235455300971,0.21952285318665776,0.1590419223999893,3.373531636111511,156484.8408728716,1.778758291298603,1.6534706997367143,3.3761770435314395,156730.3571524445,1.938443676386676,1.812959515347612,3.3733011291002426,156463.45697934838,1.7648500678688666,1.639579597048546,3.344245977018364,153779.74087854827,0.01934366084440286,-0.10377812691606536,156618.7650788952,1.8658634659480986,1.7404686496791166,156599.0855245236,1.8530637557877083,1.7276846957029246,3.3565231212059867,154910.9026188677,0.7550586138976875,0.6310311759200715,3.334147092768252,152852.38149795608,-0.5838169118984814,-0.7061962212012718,1,1,1,0.0005328777570345996,1,0,3.3428562467589553,,0.0001459671533799453,1.3084696964191336e-11,1.7776115076686403e-08,3.3358710965172085e-05,31.33073184060869,4.679889205538932,3.37353,3.37330,3.34425,0.0009320324059248296,0.024449385080285543,1.2224692540142772,0.031089906174669203,0.02209246305730132,123,72,0.9890898765451116,3.344245977018364,1.565708918993125,3.3733011291002426,-0.049593872315023546
155000.0,0.02,0,600.0,20.0,8192,0.01220703125,26,13.77899245574931,per_channel,3.296744073870752,3.3844870645475607,3.3406155692091564,0.026265515698826875,0.6566378924706718,0.011329890126346881,3.359539972885908,2.311704130856136,3.3844870645475607,3.385740921625858,10.946529097184564,7.187905796244158,5.014080049607832,0.026972638688384218,10.447056707997884,-0.9853838725017057,0.0059778912775166615,0.8632109935744614,0.9890342528368674,0.250653772294822,0.13404801090435517,3.3649614105044203,155690.7727950286,0.44565986776039107,0.32300922558643475,3.3632231476234846,155529.96168476826,0.34191076436662116,0.21938680655289033,3.3647577075519672,155671.92341979258,0.43349898051134417,0.31086318756663456,3.340330836683045,153419.88885431518,-1.0194265456031069,-1.140288222582564,157502.84948873427,1.6147416056350115,1.4906634391051776,157619.57184011381,1.6900463484605257,1.5658762299730178,3.362178516334815,155433.36016592145,0.2795872038202886,0.15713934710175348,3.3453373355077067,153880.12596469978,-0.722499377613046,-0.8437236218540423,1,1,1,0.0006291799583826974,1,0,3.34532840764431,,0.0001368449458474511,1.3993237862276252e-11,2.9837658882573896e-08,4.742309173240576e-05,33.28846528101305,4.679889205538932,3.36496,3.36476,3.34033,0.0011598391996682702,0.028685611680306488,1.4342805840153243,0.029852496548189566,0.013895866617581092,103,54,0.9906364608196341,3.340330836683045,1.3221154519621914,3.3647577075519672,-0.5829349209887091
155000.0,0.02,1,600.0,20.0,8192,0.01220703125,26,13.77899245574931,per_channel,3.296744073870752,3.3844870645475607,3.3406155692091564,0.026265515698826875,0.6566378924706718,0.011329890126346881,3.359539972885908,2.311704130856136,3.3844870645475607,3.385740921625858,10.946529097184564,7.187905796244158,4.996986407958226,0.026412359001636757,10.447056707997884,-0.9853838725017057,0.0059778912775166615,0.8632109935744614,0.9890342528368674,0.250653772294822,0.13404801090435517,3.3778140310027696,156882.3798855387,1.2144386358314283,1.0908492650980373,3.3688797536260675,156053.57342288495,0.6797247889580302,0.5567883383884586,3.3776721200777224,156869.19807281712,1.2059342405271731,1.0823552542100545,3.3298508446290276,152458.71640280393,-1.6395378046426283,-1.7596422856990368,157502.84948873427,1.6147416056350115,1.4906634391051776,157619.57184011381,1.6900463484605257,1.5658762299730178,3.3553844800088464,154805.81886940825,-0.1252781487688715,-0.24723163872676368,3.321789998461813,151721.47091586282,-2.1151800542820487,-2.2347037454124474,1,1,1,0.000615935790690981,1,0,3.3571769937498726,,0.00016396940166195684,1.341793643397458e-11,2.4391985371023244e-08,3.960150674741495e-05,32.59561420769864,4.679889205538932,3.37781,3.37767,3.32985,0.0015308725583973836,0.033984551768126016,1.6992275884063008,0.03529881578695486,0.018495982243621513,80,81,0.9983716233307055,3.3298508446290276,1.0042262916515776,3.3776721200777224,-0.20135826610846452
155000.0,0.02,2,600.0,20.0,8192,0.01220703125,26,13.77899245574931,per_channel,3.296744073870752,3.3844870645475607,3.3406155692091564,0.026265515698826875,0.6566378924706718,0.011329890126346881,3.359539972885908,2.311704130856136,3.3844870645475607,3.385740921625858,10.946529097184564,7.187905796244158,4.9869246432680825,0.02617129590287615,10.447056707997884,-0.9853838725017057,0.0059778912775166615,0.8632109935744614,0.9890342528368674,0.250653772294822,0.13404801090435517,3.3847631250872507,157528.54442806815,1.6313189858504225,1.5072205772680203,3.3918224010493057,158186.3140035733,2.055686453918254,1.931069865231838,3.3845651105804255,157510.11358167644,1.6194281172106089,1.4953442281472995,3.3497673727084516,154287.94495485362,-0.4593903517073411,-0.5809358690728517,157502.84948873427,1.6147416056350115,1.4906634391051776,157619.57184011381,1.6900463484605257,1.5658762299730178,3.365015767922211,155695.8028775202,0.4489050822711039,0.3262504774804942,3.3526252713341522,154551.32288734047,-0.28946910494163014,-0.4112221071309152,1,1,1,0.0006907361828753947,1,0,3.3454590574331013,,0.00016562533389492302,1.3174125683743825e-11,2.6373948571524475e-08,3.8182375884429676e-05,33.014533526107776,4.679889205538932,3.38476,3.38457,3.34977,0.0009666773407955831,0.031004336999182393,1.5502168499591196,0.031559224999771394,0.0166905396384975,92,78,0.9886516342986954,3.3497673727084516,1.608353504233162,3.3845651105804255,0.0023059929429969372
156250.0,0.02,0,600.0,20.0,8192,0.01220703125,26,13.77899245574931,per_channel,3.2999658767475637,3.3947749478580227,3.3473704123027934,0.028323447791138223,0.7080861947784556,0.015338855671421863,3.3730428281193436,2.8183303452282074,3.3947749478580227,3.3968498165072813,10.968663367033793,7.766759105368801,5.018039076687603,0.02659962684908565,10.462920690401564,-0.9831987960941088,0.005976466263977994,0.8558438475521414,0.9873756933906354,0.2823077976245133,0.11480226080363803,3.433017888635309,162052.16257573798,3.7133840484723075,3.587755202640497,3.4450997097474216,163194.79013889932,4.444665688895564,4.318151035804552,3.4328738012109548,162038.55985680755,3.704678308356833,3.579060007857149,3.325197253448048,152032.8806471536,-2.6989563858217003,-2.8168179127560644,158461.83301581105,1.4155731301190704,1.2927276409028021,158655.59429370132,1.5395803479688428,1.416584647824659,3.3930510394756004,158300.93615168871,1.3125991370807775,1.1898783810801117,3.334115816744335,152849.51384264024,-2.176311140710246,-2.294805751981055,1,1,1,0.000508937279671136,1,0,3.348645251462128,,0.00012669828060034004,1.3608881587021788e-11,2.0765367327898516e-08,4.0801427125394784e-05,31.835171827142265,4.679889205538932,3.43302,3.43287,3.32520,0.0013773383040923063,0.029726211119778988,1.4863105559889493,0.030025773160157566,0.021663905064659955,86,64,0.9947897082494634,3.325197253448048,0.7645950789452405,3.4328738012109548,1.1222792066664322
156250.0,0.02,1,600.0,20.0,8192,0.01220703125,26,13.77899245574931,per_channel,3.2999658767475637,3.3947749478580227,3.3473704123027934,0.028323447791138223,0.7080861947784556,0.015338855671421863,3.3730428281193436,2.8183303452282074,3.3947749478580227,3.3968498165072813,10.968663367033793,7.766759105368801,4.9954876676984865,0.025819045587903593,10.462920690401564,-0.9831987960941088,0.005976466263977994,0.8558438475521414,0.9873756933906354,0.2823077976245133,0.11480226080363803,3.4073288468571494,159635.985721092,2.167030861498881,2.0432751255641923,3.412550906585274,160125.67573799466,2.4804324723165854,2.3562971105215436,3.407017195582758,159606.78485120327,2.1483423047700896,2.024609206432637,3.3217750146601714,151720.102160283,-2.899134617418889,-3.016753666871397,158461.83301581105,1.4155731301190704,1.2927276409028021,158655.59429370132,1.5395803479688428,1.416584647824659,3.386965073043649,157733.57058274158,0.9494851729546114,0.8272042597827323,3.3132971721925832,150946.64957981632,-3.394144268917553,-3.5111637092476444,1,1,1,0.0005044960403350722,1,0,3.360384755861847,,0.00016386911789257258,1.282188022158104e-11,1.9482122285502988e-08,3.8616997415011434e-05,31.81684549491353,4.679889205538932,3.40733,3.40702,3.32178,0.0013948922902242032,0.0218519025028386,1.09259512514193,0.03480523348573285,0.018650879682511508,80,81,0.9986748158029032,3.3217750146601714,0.6608898009000885,3.407017195582758,0.3606203036363276
156250.0,0.02,2,600.0,20.0,8192,0.01220703125,26,13.77899245574931,per_channel,3.2999658767475637,3.3947749478580227,3.3473704123027934,0.028323447791138223,0.7080861947784556,0.015338855671421863,3.3730428281193436,2.8183303452282074,3.3947749478580227,3.3968498165072813,10.968663367033793,7.766759105368801,5.0092071748152645,0.025650139177663407,10.462920690401564,-0.9831987960941088,0.005976466263977994,0.8558438475521414,0.9873756933906354,0.2823077976245133,0.11480226080363803,3.3822679053484332,157296.37252381357,0.6696784152406826,0.5477364342167501,3.3855557104619742,157602.32769382314,0.8654897240468115,0.7433105552293151,3.382101266238846,157280.8734075481,0.6597589808307774,0.5378290152965315,3.3493910013007393,154253.27609442256,-1.277903299569562,-1.397486159393857,158461.83301581105,1.4155731301190704,1.2927276409028021,158655.59429370132,1.5395803479688428,1.416584647824659,3.4125843069905595,160128.81021937574,2.4824385404004716,2.358300748639275,3.3396214464001246,153354.73182226534,-1.8529716337501816,-1.971857908733865,1,1,1,0.0005695868641759924,1,0,3.352352193609385,,0.00015571362430300863,1.2654669250831805e-11,2.0387454502499088e-08,3.5793407089879304e-05,32.07112206168611,4.679889205538932,3.38227,3.38210,3.34939,0.0011583221844292568,0.029592593875909966,1.4796296937954982,0.03515385410024747,0.019538635133451134,90,70,0.9859344242713092,3.3493910013007393,1.4977465343335217,3.382101266238846,-0.3733290663987421
157500.0,0.02,0,600.0,20.0,8192,0.01220703125,26,13.77899245574931,per_channel,3.3025329847377285,3.405663640873281,3.3540983128055046,0.03074765451621185,0.7686913629052963,0.01931579126966447,3.386491844259547,3.2730326620137062,3.405663640873281,3.408228028578363,10.990709351401078,8.448463350624479,5.0250433563707295,0.026249875172423817,10.487120831303153,-0.9804425520832374,0.005975073263535321,0.8458119326973029,0.985275816117999,0.31373724061257435,0.09984890148683914,3.4218983782149244,161004.09202391154,2.2248203326422455,2.1019761588356722,3.4161290151148185,160461.63990875342,1.8804062912720145,1.7579760018647583,3.4216994975595734,160985.37745949224,2.2129380695188847,2.0901081746984795,3.3311448509405546,152577.23274678184,-3.1255665099797842,-3.2419810921364256,159479.99147803598,1.2571374463720528,1.1354561428379428,159720.25155332338,1.4096835259196074,1.2878189068555423,3.4057335882112247,159486.54251571393,1.2612968353739207,1.1396105334773088,3.3436219687406523,153722.35821037032,-2.3985027235743983,-2.5157910226018876,1,1,1,0.0005378322011836547,1,1,3.353593185587345,3.3986998897175575,0.00012027982876626019,1.3253355026445375e-11,2.160474560241442e-08,4.01700484925725e-05,32.122233249654606,4.679889205538932,3.42190,3.42170,3.33114,0.001116802077847615,0.027045184236304597,1.35225921181523,0.026479546972190335,0.015097419883911785,119,74,0.9932150098003161,3.3311448509405546,0.8663612546809585,3.4216994975595734,0.47085849858561346
157500.0,0.02,1,600.0,20.0,8192,0.01220703125,26,13.77899245574931,per_channel,3.3025329847377285,3.405663640873281,3.3540983128055046,0.03074765451621185,0.7686913629052963,0.01931579126966447,3.386491844259547,3.2730326620137062,3.405663640873281,3.408228028578363,10.990709351401078,8.448463350624479,4.991167948776686,0.02572780426766019,10.487120831303153,-0.9804425520832374,0.005975073263535321,0.8458119326973029,0.985275816117999,0.31373724061257435,0.09984890148683914,3.4190455671483537,160735.7481157561,2.054443248099119,1.9318038174470642,3.4158655876466613,160436.89355194423,1.86469431869475,1.7422829104582593,3.418727285620511,160705.82348488504,2.0354434824666927,1.9128268839458729,3.32855708105601,152340.26832541145,-3.2760201108498714,-3.392253892020658,159479.99147803598,1.2571374463720528,1.1354561428379428,159720.25155332338,1.4096835259196074,1.2878189068555423,3.4098217972096845,159869.66446998637,1.5045488698326148,1.382570250521331,3.3339606826808175,152835.29021284622,-2.9617204997801805,-3.078331976660509,1,1,1,0.0004745819313952185,1,0,3.372008646308542,,0.0001668103435777153,1.273141846068015e-11,1.826598969228967e-08,3.848859066039382e-05,31.56766415317117,4.679889205538932,3.41905,3.41873,3.32856,0.0014232861765070717,0.021622100166496728,1.0811050083248364,0.031031688127201324,0.019398540460682095,102,81,0.9935952069101028,3.32855708105601,0.7880041301191687,3.418727285620511,0.38358587707973957
157500.0,0.02,2,600.0,20.0,8192,0.01220703125,26,13.77899245574931,per_channel,3.3025329847377285,3.405663640873281,3.3540983128055046,0.03074765451621185,0.7686913629052963,0.01931579126966447,3.386491844259547,3.2730326620137062,3.405663640873281,3.408228028578363,10.990709351401078,8.448463350624479,5.006013289932345,0.02534439733818399,10.487120831303153,-0.9804425520832374,0.005975073263535321,0.8458119326973029,0.985275816117999,0.31373724061257435,0.09984890148683914,3.393323803740575,158326.38850919556,0.5246911169495618,0.4038899985202349,3.3981812943253686,158779.996500164,0.8126961905803228,0.6915489747432613,3.393152856817971,158310.4367588144,0.5145630214694659,0.39377407403260456,3.34596049903413,153937.46034007994,-2.261929942806388,-2.3793823621557797,159479.99147803598,1.2571374463720528,1.1354561428379428,159720.25155332338,1.4096835259196074,1.2878189068555423,3.411208437950301,159999.71634822083,1.5871214909338585,1.465043643613284,3.348681664626313,154187.94725131127,-2.1028906340880824,-2.2205341719194527,1,1,1,0.0006590504879301489,1,1,3.3546873616679798,3.3831595119738265,0.00015207487974899168,1.235478761594422e-11,2.474524982087167e-08,3.7546819665649586e-05,33.016565585852085,4.679889205538932,3.39332,3.39315,3.34596,0.0015040564717667842,0.026765443713875722,1.338272185693786,0.02762391181872481,0.01650995091744835,107,70,0.9882038616815356,3.34596049903413,1.3149759441343,3.393152856817971,-0.36735230999213053
158750.0,0.02,0,600.0,20.0,8192,0.01220703125,26,13.77899245574931,per_channel,3.3045943685667205,3.4170048122793384,3.3607995904230297,0.033447529579848756,0.8361882394962189,0.02326117267608835,3.399887660224308,3.661505806598763,3.4170048122793384,3.419867213622013,11.012668097898183,9.208663548937656,5.022001374906476,0.02541668416713361,10.517775777777013,-0.977158063122627,0.005973711214774653,0.8340694792009307,0.9827622525043155,0.3444183493261511,0.08807885738721626,3.440425043412745,162752.21159094683,2.5210781675255602,2.3988469025612913,3.445872892681632,163268.0498971236,2.846015683227461,2.723397009895212,3.440336256799716,162743.81144794688,2.5157867388641755,2.3935617826320144,3.3477955353836846,154106.3555176053,-2.9251303826108406,-3.040868378364092,160543.92594817714,1.1300320933399333,1.0094593099709837,160813.01168359336,1.299534918798966,1.1787600448439628,3.424628725007628,161261.12618202635,1.5818117682055723,1.460700348273991,3.339681089173889,153360.2094390533,-3.395143660438874,-3.510321280525752,1,1,1,0.0004277528961192334,1,1,3.354249601455821,3.5331456692273076,0.00016129165337763323,1.2425364322301715e-11,1.943862809666073e-08,4.544359202010484e-05,31.943564793661757,4.679889205538932,3.44043,3.44034,3.34780,0.0014707227403549475,0.02254452194450786,1.127226097225393,0.03250739119434139,0.015920456245775885,67,60,0.9920406651176582,3.3477955353836846,1.307306192490465,3.440336256799716,0.682803970206125
158750.0,0.02,1,600.0,20.0,8192,0.01220703125,26,13.77899245574931,per_channel,3.3045943685667205,3.4170048122793384,3.3607995904230297,0.033447529579848756,0.8361882394962189,0.02326117267608835,3.399887660224308,3.661505806598763,3.4170048122793384,3.419867213622013,11.012668097898183,9.208663548937656,4.99077496547644,0.025329351842878867,10.517775777777013,-0.977158063122627,0.005973711214774653,0.8340694792009307,0.9827622525043155,0.3444183493261511,0.08807885738721626,3.4306086476214475,161824.79078060703,1.9368760822721443,1.8153413351474468,3.4214999244882156,160966.59883250188,1.3962827291350453,1.2753925071223193,3.4304520214682546,161810.01473443996,1.9275683366550924,1.8060446867363744,3.3367447875984286,153090.65444152264,-3.564942084080228,-3.679917261152621,160543.92594817714,1.1300320933399333,1.0094593099709837,160813.01168359336,1.299534918798966,1.1787600448439628,3.431304107271594,161890.40830296004,1.9782099546205003,1.8566259269811036,3.336524287796015,153070.4219419747,-3.5776869656852313,-3.6926469476092127,1,1,1,0.00046302394604620005,1,0,3.3757647951287626,,0.00020089386062644636,1.2340123331577183e-11,1.9760871228914548e-08,4.2677860179056115e-05,32.04486587892018,4.679889205538932,3.43061,3.43045,3.33674,0.0016413500146314373,0.020816042449226368,1.0408021224613184,0.030341748497432958,0.021534822598838252,80,95,0.9992680954748107,3.3367447875984286,0.972900617925232,3.4304520214682546,0.3935379060805655
158750.0,0.02,2,600.0,20.0,8192,0.01220703125,26,13.77899245574931,per_channel,3.3045943685667205,3.4170048122793384,3.3607995904230297,0.033447529579848756,0.8361882394962189,0.02326117267608835,3.399887660224308,3.661505806598763,3.4170048122793384,3.419867213622013,11.012668097898183,9.208663548937656,5.003048253562993,0.02498796710720185,10.517775777777013,-0.977158063122627,0.005973711214774653,0.8340694792009307,0.9827622525043155,0.3444183493261511,0.08807885738721626,3.4646711498982783,165054.25993289004,3.9711873593008122,3.847227194445768,3.464982143817188,165083.8922833644,3.9898534068437184,3.8658709873007124,3.464643768062524,165051.65104414916,3.9695439648183655,3.8455857593085563,3.3353384957077954,152961.63961306715,-3.646211267359276,-3.761089550843999,160543.92594817714,1.1300320933399333,1.0094593099709837,160813.01168359336,1.299534918798966,1.1787600448439628,3.4413059412383475,162835.5654915323,2.5735845615951467,2.4512906956215996,3.3417991845707182,153554.79961246587,-3.2725671732498474,-3.3878909357627496,1,1,1,0.00043022757988161434,1,0,3.364878644597204,,0.00016610116942582644,1.2009728733487214e-11,2.043726644486014e-08,4.750338518623994e-05,32.30889608952567,4.679889205538932,3.46467,3.46464,3.33534,0.0014703414102465446,0.020618466161646372,1.0309233080823186,0.028051458050557376,0.020734327556761366,83,69,0.9938980496462059,3.3353384957077954,0.9303449595361224,3.464643768062524,1.3941729204474784
160000.0,0.02,0,600.0,20.0,8192,0.01220703125,26,13.77899245574931,per_channel,3.306267678648449,3.428681438618755,3.367474558633602,0.03635179949807168,0.908794987451792,0.027175465152474224,3.4132309023935976,3.984460450073925,3.428681438618755,3.4317200475080467,11.034540633730588,10.028135216767478,5.026240741597138,0.025307127465161873,10.552999929384859,-0.9733882226781158,0.005972379102563745,0.8213193740652905,0.97986217572325,0.3740237608394902,0.07867668930480648,3.448926831220283,163557.57394777876,2.2234837173617232,2.1025582943172028,3.451806822910995,163830.84221205482,2.3942763825342626,2.2731489200509047,3.4488693250391047,163552.11979144072,2.2200748696504524,2.0991534791074518,3.3265127791269187,152153.19995830205,-4.904250026061217,-5.016743685807024,161643.02560352068,1.0268910022004274,0.907381090299042,161929.65916144368,1.2060369759022977,1.0863151430032358,3.442205525222512,162920.70957074538,1.8254434817158653,1.7049889209637792,3.345348044656015,153881.11117340255,-3.824305516623408,-3.9380766983428295,1,1,1,0.00043358135816748373,1,1,3.35871112047728,3.4148766095664254,0.00015468290102817162,1.2318477989260794e-11,2.2659818037034994e-08,5.2261974852438106e-05,32.64699366221663,4.679889205538932,3.44893,3.44887,3.32651,0.0014468439183361686,0.020195684393971798,1.0097842196985898,0.024898100065154142,0.021565656502529815,100,77,0.992419740960164,3.3265127791269187,0.6123249066979808,3.4488693250391047,0.5887944617124274
160000.0,0.02,1,600.0,20.0,8192,0.01220703125,26,13.77899245574931,per_channel,3.306267678648449,3.428681438618755,3.367474558633602,0.03635179949807168,0.908794987451792,0.027175465152474224,3.4132309023935976,3.984460450073925,3.428681438618755,3.4317200475080467,11.034540633730588,10.028135216767478,4.96769378180462,0.024671595554131096,10.552999929384859,-0.9733882226781158,0.005972379102563745,0.8213193740652905,0.97986217572325,0.3740237608394902,0.07867668930480648,3.4437220818173016,163064.2994309462,1.9151871443413802,1.7946264211893048,3.457652574965537,164386.21827602986,2.7413864225186626,2.6198483456940203,3.4436395349341327,163056.4821402188,1.9103013376367561,1.7897463941570768,3.3295237466693948,152428.7652199868,-4.732021737508258,-4.844719134965747,161643.02560352068,1.0268910022004274,0.907381090299042,161929.65916144368,1.2060369759022977,1.0863151430032358,3.446489310817656,163326.46783173,2.0790423948312493,1.9582878388654024,3.325300897574927,152042.35831692346,-4.9735260519228355,-5.085937761490166,1,1,1,0.00045325619387371084,1,0,3.3765692402807255,,0.00019108686794385118,1.1707544595603842e-11,2.2948224422071816e-08,5.062969846246778e-05,32.922832676693154,4.679889205538932,3.44372,3.44364,3.32952,0.0027002165867724454,0.02028661887582726,1.014330943791363,0.025241148057132106,0.019964564582871703,81,54,0.9713587884877524,3.3295237466693948,0.7033933813384463,3.4436395349341327,0.43626381112278345
160000.0,0.02,2,600.0,20.0,8192,0.01220703125,26,13.77899245574931,per_channel,3.306267678648449,3.428681438618755,3.367474558633602,0.03635179949807168,0.908794987451792,0.027175465152474224,3.4132309023935976,3.984460450073925,3.428681438618755,3.4317200475080467,11.034540633730588,10.028135216767478,4.99633616647387,0.02426808706013677,10.552999929384859,-0.9733882226781158,0.005972379102563745,0.8213193740652905,0.97986217572325,0.3740237608394902,0.07867668930480648,3.467048239327179,165280.82304004827,3.3005144000301696,3.1783149019278145,3.4688995678306056,165457.38291081123,3.410864319257016,3.2885342825525354,3.4670142477268864,165277.58216669186,3.298488854182415,3.1762917522025536,3.3458694083904565,153929.07884754267,-3.794325720285833,-3.9081323666501966,161643.02560352068,1.0268910022004274,0.907381090299042,161929.65916144368,1.2060369759022977,1.0863151430032358,3.4497488008577624,163635.54334901908,2.272214593136923,2.1512315238300106,3.345385365816917,153884.54463005232,-3.8221596062173013,-3.9359333264446295,1,1,1,0.0003367440809524732,1,0,3.3672602686201745,,0.0001857434893254436,1.1327718170009475e-11,1.8064765181633812e-08,5.3645382958292904e-05,32.02689885306525,4.679889205538932,3.46705,3.46701,3.34587,0.0017217041351873762,0.01953576457827054,0.976788228913527,0.022438593345058468,0.022076663337812618,108,72,0.9893988657418394,3.3458694083904565,1.197777481773521,3.4670142477268864,1.1180043930699268
161250.0,0.02,0,600.0,20.0,8192,0.01220703125,26,13.77899245574931,per_channel,3.3076424799657524,3.4406045696262257,3.374123524795989,0.03940640841491203,0.9851602103728008,0.03105912381113478,3.4265221849513394,4.249557141356858,3.4406045696262257,3.4437372260668324,11.056327966051496,10.892254384985971,5.017741710966783,0.024662684466230645,10.591106762030122,-0.9691754269730685,0.0059710759555903535,0.8080685322457933,0.9766021786892223,0.40237347987904776,0.07105217027932471,3.4528043605830763,163925.5468463457,1.6592538581988883,1.539927029762156,3.4558191610750955,164211.93351823944,1.8368579958074063,1.7173226970381261,3.4527268574410095,163918.18784129893,1.6546901341388724,1.5353686625653618,3.321599029269221,151704.02652958067,-5.9199835475468685,-6.030413927039991,162769.1973123269,0.9421378681097042,0.8236527847524489,163065.73363022914,1.1260363598320229,1.0073354178791405,3.4493978670506436,163602.25262168603,1.458761315774281,1.339669823898726,3.340693979194365,153453.24861110037,-4.835194659782718,-4.946898355895679,1,1,1,0.0003017178575228704,1,0,3.355967796991079,,0.00015199571134830568,1.169908887023898e-11,1.5672572553983625e-08,5.19444645492872e-05,31.269882489875307,4.679889205538932,3.45280,3.45273,3.32160,0.0018801359177066414,0.016569706202125094,0.8284853101062547,0.025503831238857536,0.02132920591139168,92,99,0.9840352233772031,3.321599029269221,0.42194854456014674,3.4527268574410095,0.3523301666747747
161250.0,0.02,1,600.0,20.0,8192,0.01220703125,26,13.77899245574931,per_channel,3.3076424799657524,3.4406045696262257,3.374123524795989,0.03940640841491203,0.9851602103728008,0.03105912381113478,3.4265221849513394,4.249557141356858,3.4406045696262257,3.4437372260668324,11.056327966051496,10.892254384985971,4.9723992727067055,0.024395016524755918,10.591106762030122,-0.9691754269730685,0.0059710759555903535,0.8080685322457933,0.9766021786892223,0.40237347987904776,0.07105217027932471,3.45633376966502,164260.8430007436,1.8671894578254862,1.747618556225916,3.460515823306447,164658.58424612158,2.1138506952691967,1.9939902646592733,3.456266859319144,164254.48328888253,1.863245450469788,1.7436791783148387,3.319619647863727,151523.27583913982,-6.032076998983055,-6.142375804069111,162769.1973123269,0.9421378681097042,0.8236527847524489,163065.73363022914,1.1260363598320229,1.0073354178791405,3.468018435080241,165373.33815827555,2.5571089353646843,2.436728211737016,3.3341546032213984,152853.07012500855,-5.2073983720877175,-5.3186651784258965,1,1,1,0.00022835015806884157,1,0,3.378975042240129,,0.0001830580133843131,1.1446522863585397e-11,1.3251234422757682e-08,5.8030327348242004e-05,30.635827569091745,4.679889205538932,3.45633,3.45627,3.31962,0.001956963941402512,0.019750670427200207,0.9875335213600104,0.01940721191327095,0.02219414071106846,95,104,0.9535435469908149,3.319619647863727,0.36210587965657126,3.456266859319144,0.455219115593386
161250.0,0.02,2,600.0,20.0,8192,0.01220703125,26,13.77899245574931,per_channel,3.3076424799657524,3.4406045696262257,3.374123524795989,0.03940640841491203,0.9851602103728008,0.03105912381113478,3.4265221849513394,4.249557141356858,3.4406045696262257,3.4437372260668324,11.056327966051496,10.892254384985971,4.997619698922197,0.024031949913468766,10.591106762030122,-0.9691754269730685,0.0059710759555903535,0.8080685322457933,0.9766021786892223,0.40237347987904776,0.07105217027932471,3.466812820462054,165258.37806665082,2.485815855287333,2.3655188149134254,3.4672058073094916,165295.84651580913,2.509052102827366,2.388727787929801,3.4667849260842294,165255.7187012165,2.4841666364133386,2.363871531879491,3.3318907849415016,152645.57278819883,-5.336078891039486,-5.447194653201914,162769.1973123269,0.9421378681097042,0.8236527847524489,163065.73363022914,1.1260363598320229,1.0073354178791405,3.4585785355853753,164474.27544366335,1.9995506627369644,1.879824396601526,3.3340516195328074,152843.62777350337,-5.213254093951401,-5.32451402688956,1,1,1,0.0003636555709026489,1,0,3.363821650450502,,0.00020956728580978341,1.110834519687938e-11,2.0084306492335814e-08,5.5228925663048376e-05,32.5720747302602,4.679889205538932,3.46681,3.46678,3.33189,0.0021462780882727465,0.010269101879871862,0.5134550939935931,0.021638389021702373,0.020756503974170976,111,67,0.9860242556585342,3.3318907849415016,0.7330993335168401,3.4667849260842294,0.7609231438313158
162500.0,0.02,0,600.0,20.0,8192,0.01220703125,26,13.77899245574931,per_channel,3.3087859066693786,3.4527076742964784,3.3807467904829283,0.04257099881962503,1.0642749704906258,0.034912593808268576,3.4397621102152973,4.466379167505685,3.4527076742964784,3.4558775004709865,11.078031083054459,11.790071204012019,5.024809691851423,0.024473429604800045,10.630710432360711,-0.9645611719876112,0.005969800844112204,0.7946753866607883,0.9730081702808496,0.4293886172896524,0.06477908961096199,3.455638047431422,164194.72182926518,1.0429057410862654,0.9252136481028739,3.454770644469936,164112.30283100423,0.9921863575410635,0.8745533411485429,3.4555289590259486,164184.35531667064,1.0365263487203942,0.9188416862837778,3.3369854093830393,153112.73480848523,-5.7767785793937065,-5.886527285206322,163916.3664070047,0.8716100966182824,0.7541175242520737,164217.47785109692,1.0569094468288733,0.9392010427009323,3.4576831826529246,164389.1286345118,1.162540698161116,1.0447092575571304,3.3338539151608635,152825.5015049595,-5.953537535409533,-6.063080357084772,1,1,1,0.0004294108570495082,1,0,3.391791536246785,,0.00022936223509221088,1.1520226410768028e-11,2.0627232824679306e-08,4.8036123181443275e-05,32.52979956099243,4.679889205538932,3.45564,3.45553,3.33699,0.0023277045197336917,0.017988387449207124,0.8994193724603562,0.02384221682670189,0.01767133102747057,103,76,0.9865230048597193,3.3369854093830393,0.8522613281451763,3.4555289590259486,0.08171223849828824
162500.0,0.02,1,600.0,20.0,8192,0.01220703125,26,13.77899245574931,per_channel,3.3087859066693786,3.4527076742964784,3.3807467904829283,0.04257099881962503,1.0642749704906258,0.034912593808268576,3.4397621102152973,4.466379167505685,3.4527076742964784,3.4558775004709865,11.078031083054459,11.790071204012019,4.978344942008693,0.023895537505863502,10.630710432360711,-0.9645611719876112,0.005969800844112204,0.7946753866607883,0.9730081702808496,0.4293886172896524,0.06477908961096199,3.4634588368430905,164938.77282446428,1.5007832765934022,1.3825578600175303,3.456093312172395,164237.9885085879,1.0695313899002503,0.9518082840682451,3.463368922231247,164930.2090078119,1.4955132355765584,1.3772939574044463,3.3067836301330407,150353.74717709294,-7.47461712178896,-7.582388230360715,163916.3664070047,0.8716100966182824,0.7541175242520737,164217.47785109692,1.0569094468288733,0.9392010427009323,3.4740972747375536,165953.58827215983,2.1252850905598963,2.0063322708574027,3.3342228946556816,152859.33177963406,-5.932718904840581,-6.042285975503791,1,1,1,0.00027920899306842467,1,0,3.361530556553813,,0.00019035000488040003,1.098259464991577e-11,1.3542068967857844e-08,4.8501550107804526e-05,30.909800664888593,4.679889205538932,3.46346,3.46337,3.30678,0.0018044023672140628,0.020682253282648354,1.0341126641324176,0.024033213055346194,0.023098121421109345,105,93,0.989126635598651,3.3067836301330407,-0.06051393450092757,3.463368922231247,0.30877933901372057
162500.0,0.02,2,600.0,20.0,8192,0.01220703125,26,13.77899245574931,per_channel,3.3087859066693786,3.4527076742964784,3.3807467904829283,0.04257099881962503,1.0642749704906258,0.034912593808268576,3.4397621102152973,4.466379167505685,3.4527076742964784,3.4558775004709865,11.078031083054459,11.790071204012019,5.006842449249801,0.023447487389027556,10.630710432360711,-0.9645611719876112,0.005969800844112204,0.7946753866607883,0.9730081702808496,0.4293886172896524,0.06477908961096199,3.4761240382954037,166147.27703220825,2.2444781736666157,2.1253865210265843,3.4737652271059773,165921.86672944634,2.105764141197746,1.9868340589785927,3.476092195929723,166144.23312579846,2.2426050004913614,2.123515529673714,3.3463858343435384,153976.59959405762,-5.245169480579923,-5.3555373905516905,163916.3664070047,0.8716100966182824,0.7541175242520737,164217.47785109692,1.0569094468288733,0.9392010427009323,3.4713645975014287,165692.61732081103,1.964687582037555,1.8459218220476359,3.3536485267170417,154645.67856033155,-4.833428578257507,-4.944276073096776,1,1,1,0.00032566688083703906,1,0,3.3487067952028475,,0.00022096477909251815,1.0574600491818111e-11,1.9523179830035444e-08,5.9948312152148736e-05,32.66286585909559,4.679889205538932,3.47612,3.47609,3.34639,0.0017766235042705248,0.01738749789310439,0.8693748946552196,0.022219889486307175,0.020062313350320795,119,85,0.986793541393458,3.3463858343435384,1.1363662906799465,3.476092195929723,0.6772806689465671
163750.0,0.02,0,600.0,20.0,8192,0.01220703125,26,13.77899245574931,per_channel,3.3097481298399827,3.464941172500493,3.387344651170238,0.04581554540276712,1.145388635069178,0.03873631091106548,3.4529512689555704,4.6440432177330555,3.464941172500493,3.4681086132346253,11.099650952954635,12.713414054749009,5.024886160696007,0.023889370195763603,10.670746095376524,-0.9595857151707506,0.005968552877658121,0.7813880859225562,0.9691052883527718,0.45505566425990907,0.05954790148214019,3.460744199035965,164680.3181534649,0.5681332234900182,0.4518872908674254,3.46025923870644,164634.16748698248,0.5399496103709791,0.4237362549702972,3.460687605583137,164674.93217225527,0.5648440746597071,0.44860194393900876,3.3513609697231383,154434.7798040247,-5.688684089145221,-5.797697814701397,165079.98827222502,0.8122065784580266,0.6956785233193985,165381.93860639268,0.9966037290947661,0.8798625307062657,3.4741712971026635,165960.66027216503,1.3500215402534517,1.2328718289320362,3.333951781216041,152834.4740927622,-6.665970019687212,-6.7738541079438335,1,1,1,0.0003488491047616258,1,0,3.358429658865873,,0.00022853687522054678,1.0976926283918963e-11,2.0671348959036797e-08,5.9255846372780185e-05,32.74888070801921,4.679889205538932,3.46074,3.46069,3.35136,0.002790130047119448,0.018923838298037864,0.9461919149018931,0.019937505864473615,0.01926046432886909,113,84,0.9895932967009102,3.3513609697231383,1.2572811661402117,3.460687605583137,-0.12276014816974268
163750.0,0.02,1,600.0,20.0,8192,0.01220703125,26,13.77899245574931,per_channel,3.3097481298399827,3.464941172500493,3.387344651170238,0.04581554540276712,1.145388635069178,0.03873631091106548,3.4529512689555704,4.6440432177330555,3.464941172500493,3.4681086132346253,11.099650952954635,12.713414054749009,4.989534986553414,0.023413146255667167,10.670746095376524,-0.9595857151707506,0.005968552877658121,0.7813880859225562,0.9691052883527718,0.45505566425990907,0.05954790148214019,3.469545707792933,165519.02700388498,1.0803218344335785,0.9634838669302592,3.4676049007394725,165333.90152994558,0.9672681098904297,0.8505608203188242,3.4694895045016483,165513.66455039752,1.0770470536778725,0.9602128714684799,3.3246221115690053,151980.29254008635,-7.187607609107576,-7.294888740481831,165079.98827222502,0.8122065784580266,0.6956785233193985,165381.93860639268,0.9966037290947661,0.8798625307062657,3.480255688717834,166542.47030922663,1.7053253796803836,1.5877649753804457,3.322782422952066,151812.14166633904,-7.29029516559448,-7.397457601211055,1,1,1,0.000279602362368161,1,0,3.4455749826237407,,0.0002043690897801068,1.0543648106177733e-11,1.723066410500993e-08,6.162560272764001e-05,32.133111134362125,4.679889205538932,3.46955,3.46949,3.32462,0.002664556179051806,0.0200732678399365,1.003663391996825,0.018994341700588044,0.023951821851191796,74,91,0.9731545998993901,3.3246221115690053,0.4493992033690386,3.4694895045016483,0.13126722142509095
163750.0,0.02,2,600.0,20.0,8192,0.01220703125,26,13.77899245574931,per_channel,3.3097481298399827,3.464941172500493,3.387344651170238,0.04581554540276712,1.145388635069178,0.03873631091106548,3.4529512689555704,4.6440432177330555,3.464941172500493,3.4681086132346253,11.099650952954635,12.713414054749009,4.985715522413799,0.02311617438389619,10.670746095376524,-0.9595857151707506,0.005968552877658121,0.7813880859225562,0.9691052883527718,0.45505566425990907,0.05954790148214019,3.4780519745140714,166331.62613954194,1.5765655813996595,1.459154009561403,3.473369146942851,165884.03192534953,1.3032256032668856,1.1861299830095096,3.47802978625961,166329.50391899972,1.57526956885479,1.4578594950674706,3.306171361648623,150298.07474805077,-8.214916184396476,-8.321009857680405,165079.98827222502,0.8122065784580266,0.6956785233193985,165381.93860639268,0.9966037290947661,0.8798625307062657,3.4756558741827543,166102.52664143994,1.436657490955687,1.319407637804404,3.3343871560329177,152874.39346186272,-6.641591779015131,-6.749504045892851,1,1,1,0.0002618685518734498,1,0,3.4653658246928285,,0.00023342134709952977,1.0277873566469899e-11,1.9121923644524376e-08,7.302107682546475e-05,32.69628308788747,4.679889205538932,3.47805,3.47803,3.30617,0.002480625138765041,0.010287915384170097,0.5143957692085048,0.01932692391939703,0.025139488850780593,82,67,0.9745952270311383,3.306171361648623,-0.10806768524506127,3.47802978625961,0.37774418402813925
165000.0,0.02,0,600.0,20.0,8192,0.01220703125,26,13.77899245574931,per_channel,3.3105668034843134,3.477267990480551,3.393917396982432,0.049117632369147575,1.2279408092286894,0.04253070141537868,3.4660902407021914,4.790341696060701,3.477267990480551,3.4804057846120973,11.121188526432034,13.656161238731766,5.030776584354871,0.023086703843343756,10.710440872803865,-0.9542878012051553,0.005967331203024965,0.7683740513817982,0.9649178293742945,0.47940137389805865,0.055131472424229847,3.4859986485022425,167092.5654386926,1.2682214779955172,1.152052082979682,3.4939322796683494,167853.98815499144,1.7296897909039046,1.6129910245418655,3.4858903416839575,167082.1827708756,1.26192895204582,1.1457667754734668,3.310638460005949,150704.4964269702,-8.663941559411997,-8.76871731726887,166256.6493172839,0.7616056468387339,0.646017413946165,166556.83585146855,0.9435368796779111,0.8277399451714684,3.4999799428055423,168435.56950056495,2.0821633336757253,1.9650602288388663,3.3337387052273604,152814.93912755122,-7.3848853772416865,-7.491128398774238,1,1,1,0.000431807689891937,1,0,3.3519005603795375,,0.00018441784546223476,1.0251683989735968e-11,2.1797028413572183e-08,5.047855543986965e-05,33.27602079820362,4.679889205538932,3.48600,3.48589,3.31064,0.003583224306881544,0.02401939541311181,1.2009697706555906,0.01958782665791896,0.015594190440302136,96,88,0.9846639598771477,3.310638460005949,0.0021644789514496665,3.4858903416839575,0.2479633789230995
165000.0,0.02,1,600.0,20.0,8192,0.01220703125,26,13.77899245574931,per_channel,3.3105668034843134,3.477267990480551,3.393917396982432,0.049117632369147575,1.2279408092286894,0.04253070141537868,3.4660902407021914,4.790341696060701,3.477267990480551,3.4804057846120973,11.121188526432034,13.656161238731766,4.993881838357527,0.023111019967366916,10.710440872803865,-0.9542878012051553,0.005967331203024965,0.7683740513817982,0.9649178293742945,0.47940137389805865,0.055131472424229847,3.4727644894712206,165826.28149081924,0.5007766611025682,0.3854876370341431,3.4711483233119043,165671.97188342686,0.40725568692536784,0.29207394503127926,3.472727935976856,165822.79061306853,0.49866097761729067,0.3833743805458756,3.348626090701978,154182.82956078765,-6.555860872249909,-6.663054905598321,166256.6493172839,0.7616056468387339,0.646017413946165,166556.83585146855,0.9435368796779111,0.8277399451714684,3.4795208733747938,166472.1507384497,0.8922125687573994,0.7764745107085691,3.321011772152439,151650.38887315738,-8.090673410207646,-8.196106790101354,1,1,1,0.00023242455542846452,1,0,3.4540308706735523,,0.0001994644037911973,1.0273290581914946e-11,1.570794514871471e-08,6.758298459367943e-05,31.84409803681223,4.679889205538932,3.47276,3.47273,3.34863,0.0029277105297289626,0.017103179030914933,0.8551589515457466,0.01648047270446788,0.021972838718291855,68,113,0.9654895890315878,3.348626090701978,1.1496305459719913,3.472727935976856,-0.13056383678576866
165000.0,0.02,2,600.0,20.0,8192,0.01220703125,26,13.77899245574931,per_channel,3.3105668034843134,3.477267990480551,3.393917396982432,0.049117632369147575,1.2279408092286894,0.04253070141537868,3.4660902407021914,4.790341696060701,3.477267990480551,3.4804057846120973,11.121188526432034,13.656161238731766,4.985761157050437,0.022769127859647242,10.710440872803865,-0.9542878012051553,0.005967331203024965,0.7683740513817982,0.9649178293742945,0.47940137389805865,0.055131472424229847,3.4760042458938347,166135.82586523955,0.688379312266391,0.5728750806415439,3.471251609424442,165681.83136906198,0.4132311327648384,0.2980425361643224,3.4759829398512103,166133.7892243791,0.6871449844721902,0.571642168801012,3.3176598681023317,151344.42125573073,-8.276108329860161,-8.381328988901105,166256.6493172839,0.7616056468387339,0.646017413946165,166556.83585146855,0.9435368796779111,0.8277399451714684,3.4850188715893036,166998.65236083677,1.211304461113195,1.0952003582030079,3.3257545680470812,152083.84739468287,-7.827971275949773,-7.933706013441755,1,1,1,0.0002619596088284891,1,0,3.467887720478977,,0.00022215894447896392,9.971583689965506e-12,1.8787806131161682e-08,7.172024044158076e-05,32.7511193153641,4.679889205538932,3.47600,3.47598,3.31766,0.0033059900840153394,0.012195052559746889,0.6097526279873444,0.020017787703870183,0.02116116422787593,82,72,0.9937187926915622,3.3176598681023317,0.21425529340031169,3.4759829398512103,-0.036955754714862454
140000.0,0.03,0,600.0,20.0,8192,0.01220703125,26,13.77899245574931,per_channel,3.1835853326627572,3.33107492084953,3.257330126756144,0.04527928777475568,0.754654796245928,-0.03946496160419292,3.193054922563838,0.20696613209782858,3.1835853326627572,3.18082687378941,16.0104290390318,12.08234706426043,5.041019599574894,0.019054108676115417,10.74194555472341,-0.9540205434138938,0.0059979513416987896,0.26441951726890767,0.9646004871782342,0.047036706462909986,1.5029473443105095,3.184765259975659,139462.53421578262,-0.38390413158384035,-0.5185568158549647,3.1891981094365676,139851.03799196443,-0.10640143431111937,-0.2414292234561355,3.184779275411676,139463.76170501113,-0.383027353563479,-0.5176812229895855,3.333129161728553,152759.0626205227,9.113616157516205,8.96612552181062,139359.21409224978,-0.45770421982158693,-0.5922571473225391,139117.81951403752,-0.6301289185446305,-0.7644487767979324,3.1609866183807998,137387.75052175915,-1.8658924844577476,-1.9985419411577166,3.3318228460966837,152639.34781936233,9.028105585258807,8.880730535573655,1,1,1,0.00026274470176436746,1,1,3.2993591389277057,3.3692257119059494,0.0003698194366841454,6.9831058099161e-12,1.1627058008223362e-08,4.4252302444715494e-05,32.21421216558432,4.679889205538932,3.18477,3.18478,3.33313,0.0011268174825087972,0.018638716742832215,0.6212905580944073,0.02503906844569829,0.02442373077781204,75,94,0.9935263250841936,3.184779275411676,0.03750308611705222,3.333129161728553,0.06166900858834978
140000.0,0.03,1,600.0,20.0,8192,0.01220703125,26,13.77899245574931,per_channel,3.1835853326627572,3.33107492084953,3.257330126756144,0.04527928777475568,0.754654796245928,-0.03946496160419292,3.193054922563838,0.20696613209782858,3.1835853326627572,3.18082687378941,16.0104290390318,12.08234706426043,5.006397204434764,0.01958345161091229,10.74194555472341,-0.9540205434138938,0.0059979513416987896,0.26441951726890767,0.9646004871782342,0.047036706462909986,1.5029473443105095,3.2111840013143738,141785.91199158912,1.2756514225636575,1.1387554902700714,3.2118148584233817,141841.62691585158,1.3154477970368421,1.1784980713416937,3.211215169296432,141788.66437339332,1.2776174095666544,1.1407188198166995,3.3181178435685834,151386.2078273631,8.133005590973646,7.9868404623948175,139359.21409224978,-0.45770421982158693,-0.5922571473225391,139117.81951403752,-0.6301289185446305,-0.7644487767979324,3.195375954134457,140393.3779635845,0.2809842597032132,0.1454328350644074,3.3147295048471097,151077.18574167954,7.912275529771098,7.766408765577859,1,1,1,0.00019112825255649527,1,0,3.2335061295879375,,0.0003096375698620364,7.376491142714583e-12,1.0217995837037506e-08,5.346146213531245e-05,31.415158961352773,4.679889205538932,3.21118,3.21122,3.31812,0.0016612780532413152,0.02454179163412063,0.8180597211373544,0.0253257565950305,0.026468415621303542,101,107,0.981000193987263,3.211215169296432,0.867884279720732,3.3181178435685834,-0.3889758588090264
140000.0,0.03,2,600.0,20.0,8192,0.01220703125,26,13.77899245574931,per_channel,3.1835853326627572,3.33107492084953,3.257330126756144,0.04527928777475568,0.754654796245928,-0.03946496160419292,3.193054922563838,0.20696613209782858,3.1835853326627572,3.18082687378941,16.0104290390318,12.08234706426043,4.9936241425203445,0.019006286347202674,10.74194555472341,-0.9540205434138938,0.0059979513416987896,0.26441951726890767,0.9646004871782342,0.047036706462909986,1.5029473443105095,3.158287181004357,137153.19636832617,-2.033431165481306,-2.165854157442615,3.1587943730172805,137197.25100132747,-2.001963570480376,-2.134429097697621,3.1583010226315,137154.3985563837,-2.032572459725925,-2.164996612413639,3.3347220646147973,152905.10466314567,9.217931902246907,9.070300261265851,139359.21409224978,-0.45770421982158693,-0.5922571473225391,139117.81951403752,-0.6301289185446305,-0.7644487767979324,3.1727138172753673,138409.05328703797,-1.136390509258594,-1.2700260455502987,3.3159861662111356,151191.75849942485,7.994113213874891,7.848135828363478,1,1,1,0.0002297713489127211,1,1,3.287533850050772,3.222381225053812,0.0006363802115834207,6.94809716019621e-12,1.1648218374388883e-08,5.0694825223024096e-05,32.243936210923756,4.679889205538932,3.15829,3.15830,3.33472,0.0014352284479134411,0.012574774568517926,0.41915915228393086,0.03061510891557694,0.03113484044985141,78,100,0.9957096584933125,3.1583010226315,-0.7942086480876354,3.3347220646147973,0.10948849401253291
141250.0,0.03,0,600.0,20.0,8192,0.01220703125,26,13.77899245574931,per_channel,3.196627989195857,3.33224355675442,3.2644357729751388,0.04154334071488429,0.6923890119147381,-0.03503025032882209,3.2072587718202983,0.21607527890839368,3.196627989195857,3.1944446256298975,16.045354711327402,11.10962729439747,5.01833954873804,0.019178788064157192,10.738069545427164,-0.961217504662568,0.005996038245422471,0.35130711194722786,0.9703100898079476,0.05235770591306789,1.2197267016229512,3.1847974474825715,139465.35324550816,-1.2634667288437815,-1.3957509812866586,3.1890781579021774,139840.51808662023,-0.9978633015078031,-1.130503401474059,3.1848163840846246,139467.01175459064,-1.262292563121671,-1.3945783886766705,3.3420830797835555,153580.8905424136,8.729834012328213,8.5841610346163,140503.4193930173,-0.5285526421116418,-0.6618215104545744,140311.55141046637,-0.6643883819707084,-0.7974752616544678,3.1852313103101473,139503.35437747635,-1.236563272583113,-1.3688835694715795,3.3216379645942298,151707.58305771335,7.403598624929802,7.2597024977004265,1,1,1,0.0003202878753166768,1,0,3.298548318228452,,0.0003573481994302109,7.07479184930228e-12,1.316103727266524e-08,4.109127533988786e-05,32.69576452261339,4.679889205538932,3.18480,3.18482,3.34208,0.0014375329582925378,0.013912702484902867,0.46375674949676227,0.028482705729538513,0.025974053060435022,102,120,0.9500733606991635,3.1848163840846246,-0.369502023731072,3.3420830797835555,0.2952822283710521
141250.0,0.03,1,600.0,20.0,8192,0.01220703125,26,13.77899245574931,per_channel,3.196627989195857,3.33224355675442,3.2644357729751388,0.04154334071488429,0.6923890119147381,-0.03503025032882209,3.2072587718202983,0.21607527890839368,3.196627989195857,3.1944446256298975,16.045354711327402,11.10962729439747,5.001801539350702,0.01988937733382681,10.738069545427164,-0.961217504662568,0.005996038245422471,0.35130711194722786,0.9703100898079476,0.05235770591306789,1.2197267016229512,3.208401242583569,141540.27983441213,0.2055078473714164,0.07125550675248782,3.210574429765342,141732.08732461694,0.341300760790751,0.20686648889025605,3.208436662342,141543.40497357876,0.2077203352769952,0.07346503043299535,3.3292201510338075,152400.96869318155,7.894491110217027,7.749937299926524,140503.4193930173,-0.5285526421116418,-0.6618215104545744,140311.55141046637,-0.6643883819707084,-0.7974752616544678,3.1972640239520436,140559.33703429767,-0.48896493147067577,-0.6222868382435798,3.3233408661310277,151863.1745468273,7.513751891559151,7.369708184279622,1,1,1,0.00025081082361288554,1,1,3.265320936555555,3.241789688001414,0.0003817804059118305,7.608757117920365e-12,1.2169288965800733e-08,4.8519791891371664e-05,32.039514827245,4.679889205538932,3.20840,3.20844,3.32922,0.0014016311262127193,0.025540176198916416,0.8513392066305472,0.026488047500069584,0.029088738161412046,106,117,0.9827071718750465,3.208436662342,0.3694103031711693,3.3292201510338075,-0.09073183484694658
141250.0,0.03,2,600.0,20.0,8192,0.01220703125,26,13.77899245574931,per_channel,3.196627989195857,3.33224355675442,3.2644357729751388,0.04154334071488429,0.6923890119147381,-0.03503025032882209,3.2072587718202983,0.21607527890839368,3.196627989195857,3.1944446256298975,16.045354711327402,11.10962729439747,4.979083676785113,0.019282416366548608,10.738069545427164,-0.961217504662568,0.005996038245422471,0.35130711194722786,0.9703100898079476,0.05235770591306789,1.2197267016229512,3.1614079227173626,137424.3757400265,-2.7084065557334496,-2.8387549210382,3.161063414259096,137394.42624830137,-2.7296097357158415,-2.8599296936345886,3.1614204591240567,137425.4656413122,-2.7076349442037424,-2.8379843432905227,3.353540063893114,154635.6757018732,9.476584567697842,9.329911115939415,140503.4193930173,-0.5285526421116418,-0.6618215104545744,140311.55141046637,-0.6643883819707084,-0.7974752616544678,3.1966987764323846,140509.64217460918,-0.5241471330200496,-0.6574219037322027,3.3365488894651083,153072.67926212415,8.370038415663112,8.224847481324215,1,1,1,0.0002807173206844574,1,1,3.2930938060684847,3.217505947107602,0.00043538777578356697,7.151452519339226e-12,1.2521604791571988e-08,4.46057434612202e-05,32.432657328369466,4.679889205538932,3.16141,3.16142,3.35354,0.0014134262682492934,0.012063337339065922,0.4021112446355307,0.033652210471959536,0.009668007111200484,70,37,0.9946901181278617,3.1614204591240567,-1.1013959144072105,3.353540063893114,0.6391041583838186
142500.0,0.03,0,600.0,20.0,8192,0.01220703125,26,13.77899245574931,per_channel,3.2093699865007124,3.3336501689819658,3.271510077741339,0.03798862895970561,0.6331438159950935,-0.03063422255058978,3.221399993842326,0.22870463464570917,3.2093699865007124,3.2079524807269935,16.080126334114226,10.181032548864277,5.02450800334869,0.019595742777117488,10.732646689584758,-0.9675491167683254,0.005994174701588546,0.4441797238604219,0.9752812021010366,0.058702894832885,0.994617077517148,3.190335537942883,139950.81161409293,-1.7889041304610989,-1.9193317373860985,3.1916711276971563,140068.01307641502,-1.7066574902350713,-1.837194323438096,3.190356981270349,139952.69293418125,-1.7875839058377192,-1.9180132660650107,3.3552711239478206,154795.35933397347,8.628322339630502,8.48406030893436,141625.76601595926,-0.613497532660166,-0.7454861187022099,141500.68788078398,-0.7012716626077319,-0.8331436816812698,3.1969346642347576,140530.37965155477,-1.382189718207177,-1.5131574554201221,3.34701520970818,154034.523692746,8.094402591400707,7.9508496239161675,1,1,1,0.00025752631666128265,1,0,3.3079909815440023,,0.0002937326007428015,7.3857534660995e-12,1.121871399831529e-08,4.356336914906821e-05,31.81548269620418,4.679889205538932,3.19034,3.19036,3.35527,0.0010858543646745276,0.015613220041312466,0.5204406680437489,0.03007284432631183,0.03347217621863811,82,86,0.9207847032187538,3.190356981270349,-0.5924217310667279,3.3552711239478206,0.6485670022315926
142500.0,0.03,1,600.0,20.0,8192,0.01220703125,26,13.77899245574931,per_channel,3.2093699865007124,3.3336501689819658,3.271510077741339,0.03798862895970561,0.6331438159950935,-0.03063422255058978,3.221399993842326,0.22870463464570917,3.2093699865007124,3.2079524807269935,16.080126334114226,10.181032548864277,4.988484164929267,0.02023946968133002,10.732646689584758,-0.9675491167683254,0.005994174701588546,0.4441797238604219,0.9752812021010366,0.058702894832885,0.994617077517148,3.2170337993218556,142302.96390721417,-0.13827094230584375,-0.27089064509062677,3.21386331141463,142022.6140362839,-0.33500769383586504,-0.46736612366091723,3.217065222524681,142305.74388219442,-0.1363200826705801,-0.26894237626194917,3.3010614571265475,149833.84272623862,5.146556299114825,5.006918169705132,141625.76601595926,-0.613497532660166,-0.7454861187022099,141500.68788078398,-0.7012716626077319,-0.8331436816812698,3.2106350323364383,141737.43802440751,-0.535131210942095,-0.6672238700699107,3.302038513656251,149922.55225295125,5.208808598562283,5.0690877960251735,1,1,1,0.00019576390323569176,1,0,3.257448125845662,,0.0003140069632634735,7.878972860049552e-12,1.0347098006676735e-08,5.285498417049466e-05,31.18348958191554,4.679889205538932,3.21703,3.21707,3.30106,0.0009154780621699766,0.021708095396241096,0.7236031798747032,0.0245076208237387,0.031143014315937842,105,91,0.9763069286092649,3.217065222524681,0.23977403840431677,3.3010614571265475,-0.9775684371035931
142500.0,0.03,2,600.0,20.0,8192,0.01220703125,26,13.77899245574931,per_channel,3.2093699865007124,3.3336501689819658,3.271510077741339,0.03798862895970561,0.6331438159950935,-0.03063422255058978,3.221399993842326,0.22870463464570917,3.2093699865007124,3.2079524807269935,16.080126334114226,10.181032548864277,4.992155702887323,0.019571963330106974,10.732646689584758,-0.9675491167683254,0.005994174701588546,0.4441797238604219,0.9752812021010366,0.058702894832885,0.994617077517148,3.162823050044072,137547.43263098868,-3.4754858729903986,-3.6036736431778627,3.1596099750571116,137268.10892410553,-3.6715025093996276,-3.7994299629642403,3.162840085661987,137548.91435271697,-3.4744460682687963,-3.6026352193515687,3.3385450929043308,153255.89588863932,7.5479971148346126,7.4051697920247905,141625.76601595926,-0.613497532660166,-0.7454861187022099,141500.68788078398,-0.7012716626077319,-0.8331436816812698,3.1887341063054784,139810.34650984223,-1.8874761334440484,-2.0177728334654477,3.334760972724195,152908.67274656077,7.3043317519724695,7.1618280248815,1,1,1,0.0004547629437278215,1,1,3.294579205426624,3.3331639066351264,0.0003894075797436021,7.367839108665771e-12,1.670622428408728e-08,3.6736116067728815e-05,33.55538173977405,4.679889205538932,3.16282,3.16284,3.33855,0.0014746272743609821,0.027694566205806067,0.9231522068602023,0.03926937727715023,0.029258052685697127,104,82,0.9933325386198025,3.162840085661987,-1.4498141702091072,3.3385450929043308,0.14683376101998213
143750.0,0.03,0,600.0,20.0,8192,0.01220703125,26,13.77899245574931,per_channel,3.221743080805816,3.3353638231912286,3.278553451998522,0.03465575414552185,0.5775959024253642,-0.02627624824770187,3.2354794097994857,0.24674489340026298,3.221743080805816,3.2213371174548078,16.114745927263137,9.307811216213013,5.030133867607773,0.020112455838324703,10.725936868280597,-0.9730111338133661,0.005992358819386799,0.5368539116010892,0.9795307206775308,0.06634592272264267,0.8124093803301718,3.1939979559409877,140272.3154601341,-2.4192588103415,-2.5477238950879832,3.1922186454379022,140116.0733538692,-2.527948971221426,-2.6562709653277228,3.1940328590444214,140275.38118901284,-2.417126129382371,-2.5455940218041873,3.3438724139414595,153745.3874098819,6.953312980787404,6.812508901534797,142719.89158240205,-0.7165971600681381,-0.8473037995571864,142683.9263340157,-0.7416164632934227,-0.8722901648598125,3.204247978185655,141174.0702034693,-1.7919511628039586,-1.9212420983189427,3.3204799957910933,151601.82678367125,5.462140371249563,5.323299421332961,1,1,1,0.0003817817032594734,1,0,3.299110260715115,,0.00029738957463407313,7.780393347443536e-12,1.4053044656455669e-08,3.6809109856437206e-05,32.56768872481524,4.679889205538932,3.19400,3.19403,3.34387,0.0010064139817648203,0.028747683164085724,0.9582561054695241,0.033854376841914634,0.023182331701017623,100,114,0.9734811248193241,3.1940328590444214,-0.8601002955972437,3.3438724139414595,0.25510232770018515
143750.0,0.03,1,600.0,20.0,8192,0.01220703125,26,13.77899245574931,per_channel,3.221743080805816,3.3353638231912286,3.278553451998522,0.03465575414552185,0.5775959024253642,-0.02627624824770187,3.2354794097994857,0.24674489340026298,3.221743080805816,3.2213371174548078,16.114745927263137,9.307811216213013,5.009024279394731,0.020557630154483086,10.725936868280597,-0.9730111338133661,0.005992358819386799,0.5368539116010892,0.9795307206775308,0.06634592272264267,0.8124093803301718,3.2211708159768517,142669.19460338843,-0.7518646237297875,-0.8825248335888491,3.2164475369670136,142251.10292334107,-1.042711009849693,-1.1729883203252855,3.2212054353790283,142672.2612825867,-0.74973128167882,-0.8803943000835535,3.2801068454035187,147937.63761236655,2.91313920860282,2.7776540197347988,142719.89158240205,-0.7165971600681381,-0.8473037995571864,142683.9263340157,-0.7416164632934227,-0.8722901648598125,3.219050998985838,142481.47834348615,-0.8824498480096379,-1.01293814236878,3.3349600879913055,152926.9333418059,6.383953629082373,6.2438991116436915,1,1,1,0.0001969746111218248,1,0,3.2543756372138812,,0.0002999133235449793,8.128631650400086e-12,1.0965564916426742e-08,5.566994067902875e-05,31.300135663647026,4.679889205538932,3.22117,3.22121,3.28011,0.0008316972061646187,0.018062270029350874,0.6020756676450292,0.02553387132447489,0.031230413864343807,100,117,0.9748476062735828,3.2212054353790283,-0.016688029222156064,3.2801068454035187,-1.6567001597696973
143750.0,0.03,2,600.0,20.0,8192,0.01220703125,26,13.77899245574931,per_channel,3.221743080805816,3.3353638231912286,3.278553451998522,0.03465575414552185,0.5775959024253642,-0.02627624824770187,3.2354794097994857,0.24674489340026298,3.221743080805816,3.2213371174548078,16.114745927263137,9.307811216213013,4.981576163271283,0.019865436097363666,10.725936868280597,-0.9730111338133661,0.005992358819386799,0.5368539116010892,0.9795307206775308,0.06634592272264267,0.8124093803301718,3.16367356449138,137621.41831159694,-4.263361174541262,-4.389398497788832,3.162157297895122,137489.53317868148,-4.355107353960711,-4.481023893326441,3.1636886007796403,137622.72648716677,-4.262451139362246,-4.38848966067148,3.3439003298117904,153747.95446608675,6.955098759016872,6.814292328786542,142719.89158240205,-0.7165971600681381,-0.8473037995571864,142683.9263340157,-0.7416164632934227,-0.8722901648598125,3.2492332684053737,145165.85644704365,0.9849436153347159,0.8519968967353186,3.3211801951083024,151665.7709652198,5.506623280152901,5.367723768468968,1,1,1,0.00045321868627947603,1,0,3.293717308106229,,0.0003524256493648809,7.590450520015165e-12,1.509955910371971e-08,3.3316276580901185e-05,32.98696712821328,4.679889205538932,3.16367,3.16369,3.34390,0.001283417852668493,0.030906366943054094,1.0302122314351365,0.03522627435192577,0.03054990303065544,58,59,0.9933276271802215,3.1636886007796403,-1.8019587089996958,3.3439003298117904,0.25593929397464965
145000.0,0.03,0,600.0,20.0,8192,0.01220703125,26,13.77899245574931,per_channel,3.233656332722451,3.3374762631841564,3.2855662979533036,0.03159879334237714,0.5266465557062857,-0.02195571272106722,3.249497823071362,0.27339217057099985,3.233656332722451,3.234593348243672,16.149215467700078,8.50492870342292,5.028390032390242,0.02060597730436997,10.718306010558882,-0.9776060622158209,0.005990588802678926,0.6230913833384852,0.983077911734274,0.0756371336916034,0.6631079985916211,3.1953386903476337,140390.1035079473,-3.1792389600363498,-3.3056061322662034,3.193183922635634,140200.82400195705,-3.3097765503744476,-3.4359733493704914,3.195379366871577,140393.67785064326,-3.1767738961080965,-3.303144285655768,3.338041152530433,153209.63261981716,5.661815599873903,5.52390938320495,143777.33257464512,-0.8432189140378513,-0.972634980371756,143860.66926690537,-0.7857453331687079,-0.9152364120703416,3.2346068646820054,143861.87157440936,-0.7849161555797488,-0.914408316695825,3.3317877591255085,152636.13298805544,5.266298612452028,5.128908611135374,1,1,1,0.00034505781095499826,1,1,3.3001542543782945,3.5537518928375027,0.0003053632979258323,8.16691021571123e-12,1.1200253776727043e-08,3.245906460059169e-05,31.371700819534595,4.679889205538932,3.19534,3.19538,3.33804,0.00074616620660371,0.035282664297997826,1.176088809933261,0.037192555969906206,0.0266260393285482,120,132,0.9787249123655511,3.195379366871577,-1.1837054378208478,3.338041152530433,0.01692564386175377
145000.0,0.03,1,600.0,20.0,8192,0.01220703125,26,13.77899245574931,per_channel,3.233656332722451,3.3374762631841564,3.2855662979533036,0.03159879334237714,0.5266465557062857,-0.02195571272106722,3.249497823071362,0.27339217057099985,3.233656332722451,3.234593348243672,16.149215467700078,8.50492870342292,5.003537877689018,0.020806214882898043,10.718306010558882,-0.9776060622158209,0.005990588802678926,0.6230913833384852,0.983077911734274,0.0756371336916034,0.6631079985916211,3.2288688286198304,143351.91629595094,-1.1366094510683165,-1.2656425940279048,3.2179726953511216,142386.03868534873,-1.8027319411388076,-1.9308956836255442,3.228914837412975,143356.0016249028,-1.1337919828256569,-1.2628288030491874,3.3231600164198536,151846.64680255952,4.721825381075534,4.5851460077467765,143777.33257464512,-0.8432189140378513,-0.972634980371756,143860.66926690537,-0.7857453331687079,-0.9152364120703416,3.226103782993098,143106.5022563327,-1.3058605128740048,-1.434672755090316,3.308188293812387,150481.50957561305,3.7803514314572735,3.6449008379838332,1,1,1,0.00026860197404289456,1,0,3.267712339457479,,0.00031986373372212866,8.326404510382268e-12,1.3314162286600423e-08,4.956837094754266e-05,32.03856340471129,4.679889205538932,3.22887,3.22891,3.32316,0.0012129757034600025,0.02006713453724379,0.6689044845747931,0.027985020877101485,0.026439590637523627,98,105,0.9740971781992445,3.228914837412975,-0.14662953701959358,3.3231600164198536,-0.4289542647007205
145000.0,0.03,2,600.0,20.0,8192,0.01220703125,26,13.77899245574931,per_channel,3.233656332722451,3.3374762631841564,3.2855662979533036,0.03159879334237714,0.5266465557062857,-0.02195571272106722,3.249497823071362,0.27339217057099985,3.233656332722451,3.234593348243672,16.149215467700078,8.50492870342292,4.987989954217719,0.02007049477085341,10.718306010558882,-0.9776060622158209,0.005990588802678926,0.6230913833384852,0.983077911734274,0.0756371336916034,0.6631079985916211,3.238926638876189,144246.37936529986,-0.519738368758719,-0.6495766309248086,3.2366545777967515,144044.07676962417,-0.6592574002591949,-0.7889135669191694,3.239000767465033,144252.98211003726,-0.5151847516984381,-0.6450289570910206,3.3525488064421345,154544.273119178,6.582257323571027,6.443149777594437,143777.33257464512,-0.8432189140378513,-0.972634980371756,143860.66926690537,-0.7857453331687079,-0.9152364120703416,3.2597992306929973,146111.50158586653,0.7665528178389851,0.6350357320593636,3.3393685832965314,153331.50985773338,5.745868867402335,5.6078529472605165,1,1,1,0.00035634706219561186,1,1,3.2994529587397916,3.4539506002042595,0.00044358918211644935,7.747962395378688e-12,1.2029352854474143e-08,3.375740711977806e-05,31.910547599299708,4.679889205538932,3.23893,3.23900,3.35255,0.0010567290362146892,0.03830385243985088,1.2767950813283626,0.03240700702382632,0.03565626860863368,78,81,0.9765656664688548,3.239000767465033,0.1652752857036921,3.3525488064421345,0.4516149949662207
146250.0,0.03,0,600.0,20.0,8192,0.01220703125,26,13.77899245574931,per_channel,3.244990990585411,3.34010702780531,3.2925490091953606,0.02888826770816808,0.481471128469468,-0.017672016016535605,3.263456019782496,0.3141998477339231,3.244990990585411,3.2477593330789034,16.183536889997036,7.791905769054138,5.0255610724059405,0.02063225264754701,10.710221293595636,-0.9813429160752632,0.005988862944108241,0.697924732532343,0.9859441138796452,0.08701021282740813,0.5399701995911511,3.1995337768828183,140758.97535444295,-3.7545467661928513,-3.8790908119262,3.194923702923161,140353.64017812835,-4.031699023501983,-4.155884427218992,3.1995722308780783,140762.3588333342,-3.7522332763526802,-3.8767803158002545,3.304225570579169,150121.216042452,2.6469853281723057,2.514157538333306,144787.0397734817,-1.0003146847988416,-1.128422776362692,145034.18442701545,-0.8313268875108005,-0.9596536535496303,3.2617334527637483,146284.94535707418,0.023894261247299323,-0.10553918254392336,3.3347992589955315,152912.18384471076,4.555339380998809,4.420042132848301,1,1,1,0.0003704904133656014,1,1,3.301812726374769,3.627510055844583,0.0002664533435574009,8.18775127359468e-12,1.1487139934509062e-08,3.1005228529823e-05,31.47047270354203,4.679889205538932,3.19953,3.19957,3.30423,0.0007303967344224083,0.03750539385102386,1.2501797950341287,0.038522935778875604,0.029647521381714614,102,124,0.9863653481832956,3.1995722308780783,-1.3996574979438958,3.304225570579169,-1.0742607026493323
146250.0,0.03,1,600.0,20.0,8192,0.01220703125,26,13.77899245574931,per_channel,3.244990990585411,3.34010702780531,3.2925490091953606,0.02888826770816808,0.481471128469468,-0.017672016016535605,3.263456019782496,0.3141998477339231,3.244990990585411,3.2477593330789034,16.183536889997036,7.791905769054138,5.010883383621454,0.0211844181164051,10.710221293595636,-0.9813429160752632,0.005988862944108241,0.697924732532343,0.9859441138796452,0.08701021282740813,0.5399701995911511,3.2236727661840283,142890.90892225306,-2.2968144121346596,-2.4232448003275286,3.2148948236457877,142113.7949976866,-2.828174360556166,-2.9539171555641675,3.223727121004866,142895.72757215693,-2.2935196087815855,-2.4199542605331414,3.333911738855845,152830.80288411106,4.4996942797340616,4.364469037749075,144787.0397734817,-1.0003146847988416,-1.128422776362692,145034.18442701545,-0.8313268875108005,-0.9596536535496303,3.2417804914251156,144500.68537553638,-1.1961125637358054,-1.3239672879023612,3.334686462870217,152901.83982768582,4.548266548845006,4.412978453117833,1,1,1,0.0002876515873734663,1,0,3.2712272649235254,,0.0002751408163172329,8.631860753522297e-12,1.1794420689653984e-08,4.100245299304032e-05,31.355721885354043,4.679889205538932,3.22367,3.22373,3.33391,0.0009299405469103403,0.022342959927208802,0.7447653309069601,0.029504423908439836,0.02848479647969883,80,111,0.962374996036284,3.223727121004866,-0.6552828541662281,3.333911738855845,-0.18548174947363716
146250.0,0.03,2,600.0,20.0,8192,0.01220703125,26,13.77899245574931,per_channel,3.244990990585411,3.34010702780531,3.2925490091953606,0.02888826770816808,0.481471128469468,-0.017672016016535605,3.263456019782496,0.3141998477339231,3.244990990585411,3.2477593330789034,16.183536889997036,7.791905769054138,4.984308458165245,0.020075092001667294,10.710221293595636,-0.9813429160752632,0.005988862944108241,0.697924732532343,0.9859441138796452,0.08701021282740813,0.5399701995911511,3.2442527340569014,144721.1672834906,-1.045355703596177,-1.1734055109448693,3.2385980739388494,144217.11541215584,-1.3900065557908816,-1.517610376237799,3.2443419322325004,144729.12538207907,-1.0399142686638814,-1.1679711173667062,3.3393243510699464,153327.44792266987,4.839280630885384,4.703615955590834,144787.0397734817,-1.0003146847988416,-1.128422776362692,145034.18442701545,-0.8313268875108005,-0.9596536535496303,3.256556225641436,145820.92869800495,-0.2933820868342215,-0.42240496702292685,3.315775120550036,151172.51393830584,3.365821496277498,3.232063514293415,1,1,1,0.0004709852613891947,1,1,3.299901051734189,3.210803973206641,0.0003637273077306631,7.751512208299169e-12,1.3726101920352907e-08,2.9143378881681097e-05,32.48160783966149,4.679889205538932,3.24425,3.24434,3.33932,0.0008457478440508581,0.041872880282584304,1.3957626760861435,0.04981365898697671,0.03415824956892017,99,56,0.9965925204560641,3.2443419322325004,-0.020001853773821132,3.3393243510699464,-0.023432684307667095
147500.0,0.03,0,600.0,20.0,8192,0.01220703125,26,13.77899245574931,per_channel,3.255598628041319,3.3434053135523825,3.2995019707968507,0.02661210276224131,0.44353504603735516,-0.013424572360344765,3.2773547693168195,0.37893769677871214,3.255598628041319,3.2610150111468537,16.21771208686068,7.193123677066324,5.015442912785822,0.020770954796472715,10.702232841409757,-0.9842368457932387,0.005987179619803083,0.7584715716187324,0.9881524419208837,0.10096655633739526,0.43836301677664097,3.3059344373636232,150276.53443201762,1.8823962250966935,1.7516736738211858,3.302742380722987,149986.4744595765,1.6857453963230562,1.5552751624153816,3.3059628546502178,150279.1179494965,1.884147762370501,1.7534229637447885,3.3056799385340305,150253.39802036234,1.8667105222795497,1.73600809690575,145735.18336993712,-1.1964858508900882,-1.3232579717187276,146220.50991522032,-0.8674509049353774,-0.9946452016176277,3.265015892011122,146579.52065742124,-0.6240537915788236,-0.7515603845242969,3.334816554342468,152913.76995285283,3.6703525104086996,3.5373358807070154,1,1,1,0.0003370371810754725,1,0,3.310474976305596,,0.00021615526064722773,8.29820707298351e-12,1.1760171628873488e-08,3.489280200880876e-05,31.51429391926562,4.679889205538932,3.30593,3.30596,3.30568,0.0005554997089951559,0.03592661404687468,1.1975538015624894,0.03668438524503834,0.029821786879019832,119,99,0.9820030857193272,3.3056799385340305,1.5383134168121426,3.3059628546502178,-1.1198899143454955
147500.0,0.03,1,600.0,20.0,8192,0.01220703125,26,13.77899245574931,per_channel,3.255598628041319,3.3434053135523825,3.2995019707968507,0.02661210276224131,0.44353504603735516,-0.013424572360344765,3.2773547693168195,0.37893769677871214,3.255598628041319,3.2610150111468537,16.21771208686068,7.193123677066324,5.0022644431366095,0.021353771998073378,10.702232841409757,-0.9842368457932387,0.005987179619803083,0.7584715716187324,0.9881524419208837,0.10096655633739526,0.43836301677664097,3.2477649578833727,145034.6867977588,-1.6713987811804765,-1.7975615540532175,3.2599258794093404,146122.855164588,-0.9336575155335645,-1.0607668643016654,3.24783417917846,145040.86926229758,-1.6672072797982511,-1.7933754306732497,3.2994580205710817,149688.31940577406,1.4836063767959742,1.35339550200555,145735.18336993712,-1.1964858508900882,-1.3232579717187276,146220.50991522032,-0.8674509049353774,-0.9946452016176277,3.2241303211053376,142931.4745027236,-3.097305421882301,-3.2216386524507756,3.291700106684173,148985.2318947382,1.006936877788601,0.8773376047599646,1,1,1,0.00027577630290468455,1,0,3.26988507477705,,0.00031190238899627467,8.770423189578146e-12,1.1402219728939371e-08,4.1345901039511264e-05,31.139688565091067,4.679889205538932,3.24776,3.24783,3.29946,0.000765716432294523,0.01930804057973741,0.6436013526579136,0.02927106704394794,0.025697239988129613,59,112,0.9962526389665678,3.24783417917846,-0.2384952738332502,3.2994580205710817,-1.3144470639907757
147500.0,0.03,2,600.0,20.0,8192,0.01220703125,26,13.77899245574931,per_channel,3.255598628041319,3.3434053135523825,3.2995019707968507,0.02661210276224131,0.44353504603735516,-0.013424572360344765,3.2773547693168195,0.37893769677871214,3.255598628041319,3.2610150111468537,16.21771208686068,7.193123677066324,4.990849318257798,0.02041163756126732,10.702232841409757,-0.9842368457932387,0.005987179619803083,0.7584715716187324,0.9881524419208837,0.10096655633739526,0.43836301677664097,3.262076018318727,146315.6743027397,-0.8029326761086764,-0.9302097543880228,3.2507217600063183,145298.88946345542,-1.4922783298607347,-1.618670927347432,3.2621967130247294,146326.50167395355,-0.7955920854552206,-0.92287858224821,3.340815195404198,153464.38483534934,4.0436507358300595,3.9101551372561882,145735.18336993712,-1.1964858508900882,-1.3232579717187276,146220.50991522032,-0.8674509049353774,-0.9946452016176277,3.2566481282526447,145829.1591797075,-1.1327734374864444,-1.2596273059921614,3.317094740027931,151292.8658219133,2.5714344555344355,2.4398278179128097,1,1,1,0.0005761228784241991,1,1,3.3025193215354283,3.2215652443292253,0.00031734660556483984,8.01358860463871e-12,1.401240086950422e-08,2.4321896238230785e-05,32.42685510007256,4.679889205538932,3.26208,3.26220,3.34082,0.000954052574515294,0.042951743568636715,1.4317247856212238,0.023430173166503875,0.02828186996188922,65,82,0.9658485961954623,3.2621967130247294,0.20266887098978614,3.340815195404198,-0.0774694631753392
148750.0,0.03,0,600.0,20.0,8192,0.01220703125,26,13.77899245574931,per_channel,3.26530853350034,3.347542585853579,3.3064255596769594,0.024870982536583437,0.414516375609724,-0.00921280977873607,3.291194824812532,0.4843858081156664,3.26530853350034,3.274939510813169,16.25174291092419,6.7366135687773205,5.0192218202888865,0.021196629080010458,10.694940127678752,-0.9863086576616086,0.0059855372843356245,0.8040133889091459,0.9897274958959613,0.11801279962679263,0.35502262388683653,3.3002668392571235,149761.7166416278,0.6801456414304572,0.5520498302839849,3.301361402541226,149861.07276509836,0.7469396740157047,0.6187588805151911,3.3002980434578353,149764.5486652097,0.682049522830052,0.5539512893665499,3.346538303675796,153990.6309970775,3.523113275346221,3.391400343437656,146605.79751056444,-1.4414806651667607,-1.5668771214308763,147471.89599292146,-0.859229584590614,-0.9853668415754746,3.286355003902583,148501.77666053877,-0.16687283325124486,-0.29389097890686333,3.331672253525009,152625.5500674907,2.605411810077778,2.474866473953252,1,1,1,0.00036350743101084393,1,0,3.3056678382415603,,0.0001928222946019379,8.641814646504349e-12,1.2818000438010105e-08,3.526200386706187e-05,31.712153349552167,4.679889205538932,3.30027,3.30030,3.34654,0.0006609147712870039,0.03505532788792341,1.1685109295974472,0.03774634876103732,0.02368081708581202,120,115,0.9817114622943105,3.3002980434578353,1.0715529512302258,3.346538303675796,-0.030000579590139242
148750.0,0.03,1,600.0,20.0,8192,0.01220703125,26,13.77899245574931,per_channel,3.26530853350034,3.347542585853579,3.3064255596769594,0.024870982536583437,0.414516375609724,-0.00921280977873607,3.291194824812532,0.4843858081156664,3.26530853350034,3.274939510813169,16.25174291092419,6.7366135687773205,5.016263025337744,0.021499534295481914,10.694940127678752,-0.9863086576616086,0.0059855372843356245,0.8040133889091459,0.9897274958959613,0.11801279962679263,0.35502262388683653,3.241392869476857,144466.13134656195,-2.8799116997902883,-3.003478033650575,3.257307911861249,145888.25394926599,-1.9238628912497577,-2.0486456103947948,3.2415136791604358,144476.9003175331,-2.872672055439941,-2.9962476003329463,3.349355826829977,154250.0362523989,3.6975033629572356,3.5655685537402393,146605.79751056444,-1.4414806651667607,-1.5668771214308763,147471.89599292146,-0.859229584590614,-0.9853668415754746,3.264667980824131,146548.28409400175,-1.4801451468895808,-1.6054924101562285,3.3278474136415856,152275.31561661363,2.369960078395719,2.239714308589491,1,1,1,0.0002801397663284945,1,1,3.2787967654460477,3.387788632801783,0.0003089306265058087,8.890566857492654e-12,1.0427708918030275e-08,3.722323701020956e-05,30.69259447425936,4.679889205538932,3.24139,3.24151,3.34936,0.0009448967937402285,0.020276003984937077,0.6758667994979026,0.01604061440147465,0.030808215558968274,49,84,0.9931855206239107,3.2415136791604358,-0.7287168760863327,3.349355826829977,0.054166330372051874
148750.0,0.03,2,600.0,20.0,8192,0.01220703125,26,13.77899245574931,per_channel,3.26530853350034,3.347542585853579,3.3064255596769594,0.024870982536583437,0.414516375609724,-0.00921280977873607,3.291194824812532,0.4843858081156664,3.26530853350034,3.274939510813169,16.25174291092419,6.7366135687773205,4.985307576307953,0.02087360572935946,10.694940127678752,-0.9863086576616086,0.0059855372843356245,0.8040133889091459,0.9897274958959613,0.11801279962679263,0.35502262388683653,3.2562464230825117,145793.1855577677,-1.9877744149460903,-2.112475819166326,3.2413275867590494,144460.3122144221,-2.883823721396909,-3.007385077974145,3.2563220285966126,145799.95586644893,-1.9832229469250888,-2.1079301419989926,3.3430453030100202,153669.33859718867,3.3071183846646552,3.1756802640463544,146605.79751056444,-1.4414806651667607,-1.5668771214308763,147471.89599292146,-0.859229584590614,-0.9853668415754746,3.306019702510971,150284.28625912254,1.031452947309272,0.9029101662660022,3.319445924649159,151507.41714171128,1.8537258095538025,1.724136846975921,1,1,1,0.0004796092778083836,1,0,3.315662602555844,,0.0002816527907931417,8.380429923846622e-12,1.3761831640628726e-08,2.869383950100927e-05,32.154099415624955,4.679889205538932,3.25625,3.25632,3.34305,0.0006756161279795293,0.03175069752744333,1.058356584248111,0.022684371357993418,0.03223813242537178,21,88,0.9392916202773917,3.2563220285966126,-0.2752115094647456,3.3430453030100202,-0.13434579929061385
150000.0,0.03,0,600.0,20.0,8192,0.01220703125,26,13.77899245574931,per_channel,3.273951876956742,3.3526884132678387,3.3133201451122902,0.023763636733759738,0.396060612229329,-0.005036169828784746,3.3049769236383306,0.6565576227083986,3.273951876956742,3.2912351464395635,16.285631177255926,6.45009705460503,5.024773603069346,0.021384223184733982,10.688947417926594,-0.9875842456894679,0.005983934466027919,0.8355126023054055,0.9906950793429052,0.13853011677473256,0.28749890574722275,3.307280457215961,150398.93031188595,0.26595354125730225,0.13944644092889202,3.3018305731923063,149903.67059342723,-0.06421960438184518,-0.19031012015906512,3.3072691339949456,150397.90046429058,0.2652669761937189,0.13876074211498501,3.3498552524698058,154296.04042186876,2.864026947912508,2.734241818287897,147382.96227364292,-1.7446918175713897,-1.8686620556335298,148943.145850937,-0.7045694327086676,-0.8298520092291484,3.3102928057848597,150673.02882542624,0.44868588361749423,0.32194822707380943,3.324955828170398,152010.8048151591,1.3405365434393945,1.2126736251601544,1,1,1,0.0003884398707081712,1,0,3.306492932579599,,0.00024582584653606013,8.795454853197245e-12,1.237416519508754e-08,3.185606352027662e-05,31.482576058252096,4.679889205538932,3.30728,3.30727,3.34986,0.000567576388140604,0.04344239776949701,1.4480799256499004,0.03811002491835367,0.028991994827451975,96,121,0.9848721843936372,3.3072691339949456,1.017646510710879,3.3498552524698058,-0.08450414857584798
150000.0,0.03,1,600.0,20.0,8192,0.01220703125,26,13.77899245574931,per_channel,3.273951876956742,3.3526884132678387,3.3133201451122902,0.023763636733759738,0.396060612229329,-0.005036169828784746,3.3049769236383306,0.6565576227083986,3.273951876956742,3.2912351464395635,16.285631177255926,6.45009705460503,5.01244621198998,0.021633752333352987,10.688947417926594,-0.9875842456894679,0.005983934466027919,0.8355126023054055,0.9906950793429052,0.13853011677473256,0.28749890574722275,3.300192663209119,149754.98469661537,-0.16334353558975273,-0.28930898517381953,3.2651087374589216,146587.85717717066,-2.2747618818862247,-2.3980633223711245,3.3009115355766707,149820.2332784181,-0.11984448105459644,-0.2458648140667985,3.322558410247423,151791.6728557059,1.1944485704705974,1.0667699736404357,147382.96227364292,-1.7446918175713897,-1.8686620556335298,148943.145850937,-0.7045694327086676,-0.8298520092291484,3.2762587346955505,147590.73032919722,-1.6061797805351865,-1.7303247813711953,3.309079000985151,150562.5527279622,0.3750351519748025,0.24839042169535475,1,1,1,0.0004259708386099281,1,0,3.288465255680193,,0.00028926898394718444,9.001918027265628e-12,1.3063362349083207e-08,3.0667269129767e-05,31.6171991952108,4.679889205538932,3.30019,3.30091,3.32256,0.0008371116859876191,0.03867426051341933,1.2891420171139778,0.0419018928581545,0.0297044615411229,105,83,0.998476745101292,3.3009115355766707,0.8234592209396929,3.322558410247423,-0.8986818727675372
150000.0,0.03,2,600.0,20.0,8192,0.01220703125,26,13.77899245574931,per_channel,3.273951876956742,3.3526884132678387,3.3133201451122902,0.023763636733759738,0.396060612229329,-0.005036169828784746,3.3049769236383306,0.6565576227083986,3.273951876956742,3.2912351464395635,16.285631177255926,6.45009705460503,4.979060111833768,0.02106380407971919,10.688947417926594,-0.9875842456894679,0.005983934466027919,0.8355126023054055,0.9906950793429052,0.13853011677473256,0.28749890574722275,3.308712796595428,150529.23009237216,0.35282006158144213,0.2262033604242708,3.3078674347876036,150452.32078426442,0.3015471895096125,0.17499518012606963,3.308771010204335,150534.52697206844,0.3563513147122964,0.22973015811855735,3.323933815586893,151917.37014302806,1.278246762018709,1.1504624357175475,147382.96227364292,-1.7446918175713897,-1.8686620556335298,148943.145850937,-0.7045694327086676,-0.8298520092291484,3.3159398553470196,151187.53545883368,0.7916903058891185,0.6645198753745252,3.3031857573218057,150026.74702638743,0.017831350924951646,-0.10836268980831676,1,1,1,0.0004994479386813899,1,1,3.3153564604807095,3.217676332974165,0.00030543481717173186,8.53384911763038e-12,1.2621870878771823e-08,2.5271644752594775e-05,31.69978772981129,4.679889205538932,3.30871,3.30877,3.32393,0.0007212536698563217,0.03173526604121521,1.0578422013738404,0.023102511868515887,0.016817820368140935,20,42,0.9397877954216892,3.308771010204335,1.0635200075072015,3.323933815586893,-0.8576579191538647
151250.0,0.03,0,600.0,20.0,8192,0.01220703125,26,13.77899245574931,per_channel,3.2814039099948706,3.3589682669326875,3.320186088463779,0.023361448687264745,0.3893574781210791,-0.0008941068797919477,3.3187017878518366,0.9263280656782047,3.2814039099948706,3.3149795643109483,16.319378662017165,6.354072120345954,5.011761856313011,0.02157129288461897,10.684812093754672,-0.9880939586152434,0.005982369762614781,0.8549182932224648,0.9910819300506686,0.16259505554465387,0.23370097021328062,3.31614191996081,151205.9619581688,-0.0291160607148416,-0.15420973515940517,3.305163031712244,150206.41166021247,-0.6899757618429947,-0.8142425018337729,3.3161581132012685,151207.4386865707,-0.028139711358211163,-0.1532346075097779,3.345926489284605,153934.3309858255,1.7747642881490968,1.6474134162865806,148054.65978228234,-2.112621631548867,-2.2351082132349043,151099.98078723907,-0.09918625637086509,-0.22419225190435377,3.3551100584631786,154780.49818551092,2.334213676370857,2.206162764888009,3.331666960484637,152625.0651142929,0.9091339598630732,0.7828662521600416,1,1,1,0.0003324565182570288,1,0,3.319024150572594,,0.0002682041654623119,8.950013653252066e-12,1.12051649718424e-08,3.3704151840931756e-05,30.97594557133032,4.679889205538932,3.31614,3.31616,3.34593,0.0005560890313558179,0.03398915149560279,1.132971716520093,0.042446306859021725,0.028064251314447203,81,116,0.9919000768767683,3.3161581132012685,1.059126037503022,3.345926489284605,-0.38826736699100195
151250.0,0.03,1,600.0,20.0,8192,0.01220703125,26,13.77899245574931,per_channel,3.2814039099948706,3.3589682669326875,3.320186088463779,0.023361448687264745,0.3893574781210791,-0.0008941068797919477,3.3187017878518366,0.9263280656782047,3.2814039099948706,3.3149795643109483,16.319378662017165,6.354072120345954,5.01238909149119,0.021744887292426834,10.684812093754672,-0.9880939586152434,0.005982369762614781,0.8549182932224648,0.9910819300506686,0.16259505554465387,0.23370097021328062,3.275509447975539,147523.229476934,-2.4639805111180113,-2.5860274370606673,3.2705527085097126,147077.08151317798,-2.758954371452574,-2.880632196287003,3.2755799814796824,147529.5829572185,-2.4597798629960406,-2.5818320452142163,3.3222039937899566,151759.29142486665,0.3367216032176194,0.21117015571125997,148054.65978228234,-2.112621631548867,-2.2351082132349043,151099.98078723907,-0.09918625637086509,-0.22419225190435377,3.307056989589444,150378.60657039544,-0.5761278873418596,-0.7005370853002679,3.3223962663884863,151776.8580750421,0.348335917383213,0.22276993687306845,1,1,1,0.00036647127285508585,1,0,3.2879231083960336,,0.00029601360743856464,9.094643267875752e-12,1.1808442707209039e-08,3.2222014607618274e-05,31.134069580203732,4.679889205538932,3.27551,3.27558,3.32220,0.0006714242219920319,0.03809366896492302,1.2697889654974341,0.04251713091588596,0.03254052958745379,105,107,0.9969720658337496,3.2755799814796824,-0.17748282975615925,3.3222039937899566,-1.094510880160915
151250.0,0.03,2,600.0,20.0,8192,0.01220703125,26,13.77899245574931,per_channel,3.2814039099948706,3.3589682669326875,3.320186088463779,0.023361448687264745,0.3893574781210791,-0.0008941068797919477,3.3187017878518366,0.9263280656782047,3.2814039099948706,3.3149795643109483,16.319378662017165,6.354072120345954,4.978519646557769,0.021119134201934175,10.684812093754672,-0.9880939586152434,0.005982369762614781,0.8549182932224648,0.9910819300506686,0.16259505554465387,0.23370097021328062,3.303624478461158,150066.60205195667,-0.7824118664749313,-0.9065629410687004,3.3006050922206547,149792.4171534026,-0.9636911382462082,-1.0876153778925146,3.30372268017223,150075.52377791028,-0.7765132046874212,-0.9006716602830034,3.3460386186028015,153944.64851124346,1.7815857925576597,1.6542263849393724,148054.65978228234,-2.112621631548867,-2.2351082132349043,151099.98078723907,-0.09918625637086509,-0.22419225190435377,3.324192494003307,151941.016386334,0.4568703380720651,0.33116854832473397,3.3348492797802725,152916.77113420126,1.1019974441000084,0.975488406112035,1,1,1,0.0005017066682964954,1,0,3.344020590745784,,0.0002949180836353982,8.578741205452702e-12,1.1859499410555484e-08,2.363831330132298e-05,31.406427911665787,4.679889205538932,3.30362,3.30372,3.34604,0.0006723718572007225,0.03280256612763788,1.0934188709212627,0.03110687779342769,0.03014876048726671,29,89,0.9515501029631297,3.30372268017223,0.6801591876385071,3.3460386186028015,-0.38492915986053644
152500.0,0.03,0,600.0,20.0,8192,0.01220703125,26,13.77899245574931,per_channel,3.287627972656937,3.3664195144610156,3.3270237435589762,0.023682290202051298,0.394704836700855,0.0032139121894773815,3.3323701246410287,1.3107411517863836,3.3664195144610156,3.343538701354388,16.35298710434108,6.454603104590133,5.028889053482518,0.021653346124955026,10.682996977449823,-0.9878719250491445,0.005980841837176538,0.8645450706301605,0.9909154655347637,0.18984745115163276,0.19158123729633433,3.3214407455247006,151689.5686079356,-0.5314304210258396,-0.6548766091390545,3.3101697019464376,150661.8225156573,-1.205362284814893,-1.3279720849114107,3.3214097144458434,151686.73425420927,-0.5332890136332679,-0.6567328951266771,3.3568667953571865,154942.62687435988,1.6017225405638542,1.4756289875303752,155825.72977597918,2.1808064104781533,2.053994181217167,153714.70190250056,0.7965258377052836,0.671431579866999,3.33248847123102,152700.34189970532,0.13137173751168732,0.00710297398305304,3.34914789829869,154230.8851143298,1.1350066323474157,1.0094923004694056,1,1,1,0.00040599122533795817,1,0,3.318960726676001,,0.00023060055283354437,9.01823157084305e-12,1.359779034142404e-08,3.349281829947154e-05,31.783469577260494,4.679889205538932,3.32144,3.32141,3.35687,0.0005623885438348295,0.035861655074637025,1.195388502487901,0.0410875576114222,0.022065782761602634,85,114,0.993837122013573,3.3214097144458434,1.0275415001292032,3.3568667953571865,-0.2837649634216399
152500.0,0.03,1,600.0,20.0,8192,0.01220703125,26,13.77899245574931,per_channel,3.287627972656937,3.3664195144610156,3.3270237435589762,0.023682290202051298,0.394704836700855,0.0032139121894773815,3.3323701246410287,1.3107411517863836,3.3664195144610156,3.343538701354388,16.35298710434108,6.454603104590133,5.003761984926192,0.021798352613242998,10.682996977449823,-0.9878719250491445,0.005980841837176538,0.8645450706301605,0.9909154655347637,0.18984745115163276,0.19158123729633433,3.2670984433872032,146766.56828326744,-3.7596273552344686,-3.879067166180561,3.261308483625978,146246.8290988482,-4.100439935181515,-4.219456778208885,3.2672255544315383,146777.988823544,-3.7521384763645895,-3.8715875814380185,3.3201161050045767,151568.60057227296,-0.610753723099698,-0.7341014664548284,155825.72977597918,2.1808064104781533,2.053994181217167,153714.70190250056,0.7965258377052836,0.671431579866999,3.3305127152442235,152519.33051304743,0.012675746260611645,-0.11144570874912496,3.3082573573964464,150487.79271305614,-1.3194801881599056,-1.441948361406642,1,1,1,0.00047062821546689195,1,0,3.3513998838113896,,0.0003138825501408617,9.139421223771627e-12,1.4147257320910898e-08,3.0060367942189683e-05,31.8975355903155,4.679889205538932,3.26710,3.26723,3.32012,0.0008782874534449071,0.04500543310060042,1.5001811033533474,0.045066373724635775,0.027217174256337115,95,78,0.9944335900367487,3.2672255544315383,-0.6205817201667796,3.3201161050045767,-1.375449769630166
152500.0,0.03,2,600.0,20.0,8192,0.01220703125,26,13.77899245574931,per_channel,3.287627972656937,3.3664195144610156,3.3270237435589762,0.023682290202051298,0.394704836700855,0.0032139121894773815,3.3323701246410287,1.3107411517863836,3.3664195144610156,3.343538701354388,16.35298710434108,6.454603104590133,4.9828837437190625,0.021157649896490136,10.682996977449823,-0.9878719250491445,0.005980841837176538,0.8645450706301605,0.9909154655347637,0.18984745115163276,0.19158123729633433,3.3639681704696884,155598.87546408127,2.0320494846434554,1.9054218712418525,3.3722220407130155,156363.3705132215,2.533357713587876,2.40610794798084,3.363813943831749,155584.60841985745,2.022694045808166,1.8960780430416158,3.345293176833769,153876.06353584531,0.9023367448165998,0.7771111695862754,155825.72977597918,2.1808064104781533,2.053994181217167,153714.70190250056,0.7965258377052836,0.671431579866999,3.361118367388944,155335.35434449065,1.8592487504856745,1.732835592685733,3.3322913649866064,152682.27894100914,0.11952717443221997,-0.004726889315720406,1,1,1,0.0005366112018324401,1,0,3.3443116152923134,,0.0002697648321655508,8.610060431750372e-12,1.371099174520671e-08,2.555107254262658e-05,32.02062669706487,4.679889205538932,3.36397,3.36381,3.34529,0.0006402373328750313,0.030741624832374432,1.0247208277458144,0.024454767657345673,0.030696736784425166,66,121,0.9967012589666402,3.345293176833769,1.7540063734835964,3.363813943831749,-0.07739886897856207
153750.0,0.03,0,600.0,20.0,8192,0.01220703125,26,13.77899245574931,per_channel,3.292692004626946,3.3749749098476967,3.333833457237321,0.024681168473525576,0.41135280789209294,0.007288408175132924,3.3459826267494512,1.790225021930778,3.3749749098476967,3.3625455062240173,16.38645820901288,6.7406155956838845,5.013873088484629,0.021905540210354825,10.683831183928387,-0.9869553598395412,0.005979349414510901,0.8666504001482417,0.9902235455300971,0.21952285318665776,0.1590419223999893,3.3233789989481397,151866.65959643116,-1.2249368478496543,-1.3465269514868594,3.312685710411171,150890.9409694825,-1.859550588954471,-1.980359495920292,3.323366137474255,151865.48415102006,-1.2257013651902022,-1.3472905277220448,3.349173304504257,154233.2250745545,0.3142927314175626,0.19080786732064148,156618.7650788952,1.8658634659480986,1.7404686496791166,155467.2938696258,1.1169391021956463,0.9924661966610682,3.360825653115691,155308.29972130703,1.0135282740208351,0.8891826651227674,3.327662414195384,152258.38571416895,-0.9701556330608446,-1.0920593672169687,1,1,1,0.00039425221897011574,1,0,3.3489543180192727,,0.0002795546780066168,9.2295235501885e-12,1.3270388752290417e-08,3.365964251756389e-05,31.57704363287643,4.679889205538932,3.32338,3.32337,3.34917,0.0006797752764923687,0.03392997288135848,1.1309990960452827,0.0381097165084236,0.028949261855727586,121,120,0.9868985911375934,3.323366137474255,0.9315822070271151,3.349173304504257,-0.7644976935429759
153750.0,0.03,1,600.0,20.0,8192,0.01220703125,26,13.77899245574931,per_channel,3.292692004626946,3.3749749098476967,3.333833457237321,0.024681168473525576,0.41135280789209294,0.007288408175132924,3.3459826267494512,1.790225021930778,3.3749749098476967,3.3625455062240173,16.38645820901288,6.7406155956838845,4.995974535374654,0.021822659723148636,10.683831183928387,-0.9869553598395412,0.005979349414510901,0.8666504001482417,0.9902235455300971,0.21952285318665776,0.1590419223999893,3.3680135030821443,155973.33065797528,1.4460687206343301,1.3211906632006443,3.362546184884709,155467.35662538727,1.1169799189510703,0.9925069631718575,3.3679498423184473,155967.43443012674,1.4422337756921892,1.3173604389981275,3.3277289257400433,152264.472294096,-0.9661968818887864,-1.088105489187452,156618.7650788952,1.8658634659480986,1.7404686496791166,155467.2938696258,1.1169391021956463,0.9924661966610682,3.375518857196745,156669.2538852488,1.8987017139829543,1.773266474495272,3.327266667638173,152222.17281667044,-0.993708737124916,-1.115583477886617,1,1,1,0.00041969052290526684,1,0,3.3569617083859624,,0.00030671855409158765,9.159815129703376e-12,1.3666150321017402e-08,3.25624467915425e-05,31.737594849437983,4.679889205538932,3.36801,3.36795,3.32773,0.0008120709601125066,0.04323524014847917,1.4411746716159723,0.04457109911258103,0.027472242786822094,106,96,0.9862417284329328,3.3277289257400433,1.0640813372116975,3.3679498423184473,-0.2081516964393182
153750.0,0.03,2,600.0,20.0,8192,0.01220703125,26,13.77899245574931,per_channel,3.292692004626946,3.3749749098476967,3.333833457237321,0.024681168473525576,0.41135280789209294,0.007288408175132924,3.3459826267494512,1.790225021930778,3.3749749098476967,3.3625455062240173,16.38645820901288,6.7406155956838845,4.98032200401253,0.021258222416667152,10.683831183928387,-0.9869553598395412,0.005979349414510901,0.8666504001482417,0.9902235455300971,0.21952285318665776,0.1590419223999893,3.3725582842464643,156394.55398379252,1.7200351114097672,1.5948198068938213,3.3759251715107914,156706.97300005227,1.9232344715787113,1.7977690327629414,3.3724872159230634,156387.9627965118,1.7157481603328768,1.5905381329669677,3.343066103221987,153671.2508445378,-0.05121896290224106,-0.17425388950100817,156618.7650788952,1.8658634659480986,1.7404686496791166,155467.2938696258,1.1169391021956463,0.9924661966610682,3.3512736813386863,154426.73519945858,0.44015297525761105,0.3165131797478127,3.3343654460697034,152872.40275922467,-0.5707949533498073,-0.6931902924200095,1,1,1,0.0005324871025998497,1,0,3.3459707271261836,,0.0002865019814137517,8.692110525720607e-12,1.4615139588228108e-08,2.7446936304879872e-05,32.25677727616534,4.679889205538932,3.37256,3.37249,3.34307,0.0008198472109525941,0.02916062870048756,0.9720209566829188,0.021677159543852156,0.024879311509954878,20,85,0.9506386952783653,3.343066103221987,1.5298758135973367,3.3724872159230634,-0.07370999758766761
155000.0,0.03,0,600.0,20.0,8192,0.01220703125,26,13.77899245574931,per_channel,3.296744073870752,3.3844870645475607,3.3406155692091564,0.026265515698826875,0.43775859498044795,0.011329890126346881,3.359539972885908,2.311704130856136,3.3844870645475607,3.3774283367032365,16.419793645776846,7.187905796244158,5.017140174462964,0.022002578161011355,10.687490936649064,-0.9853838725017057,0.0059778912775166615,0.8632109935744614,0.9890342528368674,0.250653772294822,0.13404801090435517,3.3782463312611606,156922.538776843,1.2403475979632217,1.1167265907126245,3.36796604347151,155968.93496218562,0.6251193304423378,0.5022495566666008,3.378099219533392,156908.87213391656,1.2315304089784285,1.1079201680853856,3.3564019936475273,154899.72221571507,-0.06469534469995603,-0.18672281017689807,157502.84948873427,1.6147416056350115,1.4906634391051776,156846.55483153238,1.1913256977628277,1.0677645494205246,3.3765626171616,156766.1577296814,1.139456599794456,1.0159587869728703,3.3245896339942465,151977.32322385247,-1.9501140491274418,-2.069839296517806,1,1,1,0.0004318334333184141,1,0,3.353918017829511,,0.0002403713033040848,9.311475216653693e-12,1.4261669951782806e-08,3.302585870248473e-05,31.851518899535073,4.679889205538932,3.37825,3.37810,3.35640,0.0008050971136601254,0.033145480331012986,1.1048493443670995,0.03713923427545802,0.02862157702626426,122,92,0.985228523161391,3.3564019936475273,1.809601183470999,3.378099219533392,-0.18873894012126913
155000.0,0.03,1,600.0,20.0,8192,0.01220703125,26,13.77899245574931,per_channel,3.296744073870752,3.3844870645475607,3.3406155692091564,0.026265515698826875,0.43775859498044795,0.011329890126346881,3.359539972885908,2.311704130856136,3.3844870645475607,3.3774283367032365,16.419793645776846,7.187905796244158,5.000296930350475,0.021830593770274312,10.687490936649064,-0.9853838725017057,0.0059778912775166615,0.8632109935744614,0.9890342528368674,0.250653772294822,0.13404801090435517,3.37008476854098,156165.23102333877,0.7517619505411413,0.6287375379417481,3.3620793348595175,155424.18999097947,0.27367096192224116,0.15123032931738667,3.3700085614432695,156158.16843276285,0.747205440492159,0.6241865916860156,3.319285050267522,151492.73211778016,-2.2627534723998943,-2.3820969668495784,157502.84948873427,1.6147416056350115,1.4906634391051776,156846.55483153238,1.1913256977628277,1.0677645494205246,3.38569622148205,157615.40993217015,1.6873612465613874,1.5631944067568293,3.321041244610993,151653.08054060081,-2.1593028770317324,-2.278772691344033,1,1,1,0.00038062822813809494,1,0,3.359316951117798,,0.0002553120762990513,9.166476793947026e-12,1.2473118045929407e-08,3.276981874661188e-05,31.33772589230489,4.679889205538932,3.37008,3.37001,3.31929,0.0008362029552641,0.04288675843150023,1.429558614383341,0.04321133688427434,0.03411085951123099,105,79,0.985396927930127,3.319285050267522,0.6837344935393785,3.3700085614432695,-0.4277901740548318
155000.0,0.03,2,600.0,20.0,8192,0.01220703125,26,13.77899245574931,per_channel,3.296744073870752,3.3844870645475607,3.3406155692091564,0.026265515698826875,0.43775859498044795,0.011329890126346881,3.359539972885908,2.311704130856136,3.3844870645475607,3.3774283367032365,16.419793645776846,7.187905796244158,4.993333114171447,0.020985360002605865,10.687490936649064,-0.9853838725017057,0.0059778912775166615,0.8632109935744614,0.9890342528368674,0.250653772294822,0.13404801090435517,3.378502239224252,156946.31398109518,1.2556864394162475,1.1320467024489522,3.3783317946953946,156930.47858193482,1.2454700528611728,1.1218427907621065,3.3784233146963842,156938.98128265643,1.250955666229955,1.1273217058424434,3.3538422091299855,154663.54150145114,-0.21706999906378183,-0.33891140524024976,157502.84948873427,1.6147416056350115,1.4906634391051776,156846.55483153238,1.1913256977628277,1.0677645494205246,3.398452571623896,158805.34837168475,2.4550634656030677,2.3299592117749457,3.3344871078252445,152883.5587434755,-1.3654459719512904,-1.4858851368490744,1,1,1,0.0006270700604776655,1,0,3.3494713745923033,,0.0003018379546431682,8.47040536378998e-12,1.7217668685542657e-08,2.7457328567763605e-05,33.08070151929717,4.679889205538932,3.37850,3.37842,3.35384,0.0008942778633621835,0.023461713931021096,0.7820571310340365,0.01853656056440242,0.026304095463378308,64,80,0.9670544732910321,3.3538422091299855,1.7319553468460036,3.3784233146963842,-0.17916303816593038
156250.0,0.03,0,600.0,20.0,8192,0.01220703125,26,13.77899245574931,per_channel,3.2999658767475637,3.3947749478580227,3.3473704123027934,0.028323447791138223,0.47205746318563707,0.015338855671421863,3.3730428281193436,2.8183303452282074,3.3947749478580227,3.3909316487205077,16.45299505055069,7.766759105368801,5.025507656240343,0.021580718705624835,10.693997464584852,-0.9831987960941088,0.005976466263977994,0.8558438475521414,0.9873756933906354,0.2823077976245133,0.11480226080363803,3.4359957998188655,162333.42312512716,3.8933908000813795,3.7675439106416464,3.3626817217971308,155479.8899789921,-0.49287041344504806,-0.6134041898393727,3.435918490374981,162326.1182468845,3.888715678006075,3.7628744515788126,3.3422835968188087,153599.320071506,-1.696435154236164,-1.8155110431007482,158461.83301581105,1.4155731301190704,1.2927276409028021,158103.23988654773,1.1860735273905472,1.0635060328658463,3.376288890071295,156740.7417017593,0.3140746891259588,0.19256345371980732,3.334389556082233,152874.61353601623,-2.160247336949613,-2.278761406433505,1,1,1,0.0004126587569294522,1,1,3.3543868667738637,3.6884578611264303,0.0002608704124709176,8.957836982010726e-12,1.3805517288031108e-08,3.345504501287316e-05,31.87849529415516,4.679889205538932,3.43600,3.43592,3.34228,0.0009045097120802905,0.03350607243471215,1.1168690811570718,0.037852751285034895,0.025168086196528133,101,86,0.9921559638203419,3.3422835968188087,1.2823684138501878,3.435918490374981,1.2119667179386395
156250.0,0.03,1,600.0,20.0,8192,0.01220703125,26,13.77899245574931,per_channel,3.2999658767475637,3.3947749478580227,3.3473704123027934,0.028323447791138223,0.47205746318563707,0.015338855671421863,3.3730428281193436,2.8183303452282074,3.3947749478580227,3.3909316487205077,16.45299505055069,7.766759105368801,4.991265766510724,0.021817695099029727,10.693997464584852,-0.9831987960941088,0.005976466263977994,0.8558438475521414,0.9873756933906354,0.2823077976245133,0.11480226080363803,3.4160380938654584,160453.09855767436,2.689983076911587,2.5655938848049065,3.413855219648625,160248.10258492973,2.558785654355027,2.434555382728276,3.415944873061036,160444.3414171397,2.6843785069694,2.5599961037227725,3.3107104749996186,150711.05292749274,-3.544926126404647,-3.6617629234731774,158461.83301581105,1.4155731301190704,1.2927276409028021,158103.23988654773,1.1860735273905472,1.0635060328658463,3.4044798742217663,159369.1441922395,1.9962522830332816,1.8727034125470832,3.319675540581025,151528.3783025639,-3.0218378863590956,-3.139308304367383,1,1,1,0.0003945334588647565,1,0,3.3609222398827354,,0.0002615556113665202,9.155647913888158e-12,1.2826028451602557e-08,3.250935545114118e-05,31.464031157046904,4.679889205538932,3.41604,3.41594,3.31071,0.0009155342156139774,0.042208172151487346,1.4069390717162449,0.042797733588144087,0.026687559380330125,105,118,0.9844549977095003,3.3107104749996186,0.32559725322507393,3.415944873061036,0.623603199863676
156250.0,0.03,2,600.0,20.0,8192,0.01220703125,26,13.77899245574931,per_channel,3.2999658767475637,3.3947749478580227,3.3473704123027934,0.028323447791138223,0.47205746318563707,0.015338855671421863,3.3730428281193436,2.8183303452282074,3.3947749478580227,3.3909316487205077,16.45299505055069,7.766759105368801,4.998273119261297,0.020870748914738443,10.693997464584852,-0.9831987960941088,0.005976466263977994,0.8558438475521414,0.9873756933906354,0.2823077976245133,0.11480226080363803,3.381084971613031,157186.36429742796,0.5992731503538974,0.4774164517864943,3.3916085799742137,158166.37044662717,1.2264770858413911,1.1038606501654114,3.3809395109489575,157172.8396795669,0.5906173949228227,0.4687711811407258,3.332604743469417,152710.9976726793,-2.2649614894852417,-2.3833487178844703,158461.83301581105,1.4155731301190704,1.2927276409028021,158103.23988654773,1.1860735273905472,1.0635060328658463,3.41114628337323,159993.88579035125,2.3960869058248027,2.2720537124843787,3.3155260483909132,151149.80344143164,-3.264125797483753,-3.3813027302209364,1,1,1,0.0004781784127861431,1,1,3.356963129226934,3.2221924321726765,0.0003168678584855785,8.378136147034765e-12,1.29713161517288e-08,2.7126519735908686e-05,31.898366310949147,4.679889205538932,3.38108,3.38094,3.33260,0.0010676194430201385,0.03825953636058519,1.275317878686173,0.04288810281696386,0.03188588628934843,118,89,0.9917159098064019,3.332604743469417,0.9890667946549137,3.3809395109489575,-0.40755093110943497
157500.0,0.03,0,600.0,20.0,8192,0.01220703125,26,13.77899245574931,per_channel,3.3025329847377285,3.405663640873281,3.3540983128055046,0.03074765451621185,0.5124609086035309,0.01931579126966447,3.386491844259547,3.2730326620137062,3.405663640873281,3.4039643230164636,16.486064027101616,8.448463350624479,5.025032433476578,0.021451307204558897,10.703234076107185,-0.9804425520832374,0.005975073263535321,0.8458119326973029,0.985275816117999,0.31373724061257435,0.09984890148683914,3.446057697699457,163285.56276826313,3.6733731861988135,3.5487882778237667,3.4501371629994884,163672.38859826466,3.9189768877870863,3.7940968359849503,3.4460100051469458,163281.04313912673,3.6705035803979262,3.545922120445222,3.338936504866627,153291.83352355083,-2.67185173107884,-2.788811544980341,159479.99147803598,1.2571374463720528,1.1354561428379428,159320.8802950728,1.1561144730620943,1.0345545694350644,3.440504616935648,162759.74026338826,3.3395176275481013,3.215333915380958,3.3204839970969466,151602.19215593257,-3.744639900995193,-3.860310538980549,1,1,1,0.000349390040306464,1,0,3.353807134455494,,0.0002763671720751325,8.850725503462448e-12,1.2444946259612782e-08,3.5619064151619264e-05,31.48014153815122,4.679889205538932,3.44606,3.44601,3.33894,0.0016601140594126643,0.03234052012521166,1.0780173375070554,0.03924455899147218,0.02605079260245973,100,88,0.9770039046818337,3.338936504866627,1.1022908869384063,3.4460100051469458,1.1846843531300388
157500.0,0.03,1,600.0,20.0,8192,0.01220703125,26,13.77899245574931,per_channel,3.3025329847377285,3.405663640873281,3.3540983128055046,0.03074765451621185,0.5124609086035309,0.01931579126966447,3.386491844259547,3.2730326620137062,3.405663640873281,3.4039643230164636,16.486064027101616,8.448463350624479,4.994431407548909,0.02176817279541765,10.703234076107185,-0.9804425520832374,0.005975073263535321,0.8458119326973029,0.985275816117999,0.31373724061257435,0.09984890148683914,3.422534533189246,161063.96117450277,2.2628324917477873,2.1399426385038334,3.4143929105257507,160298.58552741696,1.7768796999472756,1.6545738190598014,3.422427888864406,161053.92399905703,2.256459681940975,2.133577486940408,3.331381248771123,152598.88908912792,-3.1118164513473556,-3.2282475570311164,159479.99147803598,1.2571374463720528,1.1354561428379428,159320.8802950728,1.1561144730620943,1.0345545694350644,3.420960000628919,160915.80073116644,2.168762368994565,2.045985560375918,3.321768599589772,151719.51615178317,-3.6701484750583027,-3.7859086298326905,1,1,1,0.0004006280599579042,1,0,3.3659086141021723,,0.00031884004757139667,9.114131686358742e-12,1.4898679395292317e-08,3.7188307271482154e-05,32.134324754353194,4.679889205538932,3.42253,3.42243,3.33138,0.0011412863147143054,0.030067963915386502,1.0022654638462167,0.04309384793527113,0.027194740332908245,81,106,0.9902959153650918,3.331381248771123,0.8735193309715283,3.422427888864406,0.4922461452131488
157500.0,0.03,2,600.0,20.0,8192,0.01220703125,26,13.77899245574931,per_channel,3.3025329847377285,3.405663640873281,3.3540983128055046,0.03074765451621185,0.5124609086035309,0.01931579126966447,3.386491844259547,3.2730326620137062,3.405663640873281,3.4039643230164636,16.486064027101616,8.448463350624479,5.003573550797234,0.02109601931179828,10.703234076107185,-0.9804425520832374,0.005975073263535321,0.8458119326973029,0.985275816117999,0.31373724061257435,0.09984890148683914,3.4757260190819155,166109.2311961915,5.466178537264452,5.339439204049801,3.4726626902771742,165816.55970609264,5.280355368947706,5.153839340538213,3.475705444698462,166107.26465171485,5.464929937596732,5.338192104831729,3.3552585239336494,154794.19673340442,-1.7179703279971958,-1.836076426846811,159479.99147803598,1.2571374463720528,1.1354561428379428,159320.8802950728,1.1561144730620943,1.0345545694350644,3.4591895678530697,164532.39641222323,4.465013595062367,4.339477367705635,3.3555557256801163,154821.6206369884,-1.7005583257216494,-1.8186853486778176,1,1,1,0.0003368818487080258,1,1,3.358670734087788,3.458940136544554,0.00025359938454334386,8.559972619511969e-12,1.3179068764909427e-08,3.912074460364196e-05,31.874123485084542,4.679889205538932,3.47573,3.47571,3.35526,0.001134117648630222,0.013238897836383752,0.4412965945461251,0.008998816363473248,0.036714351007864,64,74,0.9106197843412819,3.3552585239336494,1.5965181707370046,3.3552585239336494,-1.480038026500674
158750.0,0.03,0,600.0,20.0,8192,0.01220703125,26,13.77899245574931,per_channel,3.3045943685667205,3.4170048122793384,3.3607995904230297,0.033447529579848756,0.5574588263308127,0.02326117267608835,3.399887660224308,3.661505806598763,3.4170048122793384,3.416840894832189,16.519002146847274,9.208663548937656,5.016075961661649,0.02147984420476659,10.714974095074838,-0.977158063122627,0.005973711214774653,0.8340694792009307,0.9827622525043155,0.3444183493261511,0.08807885738721626,3.448532525624142,163520.17797895483,3.0048365221762716,2.882028493909483,3.449511548560533,163613.0364502217,3.063330047383747,2.9404522799208133,3.4484902014156975,163516.16420232606,3.0023081589455525,2.8795031451323894,3.359922899750816,155224.87601871157,-2.220550539394287,-2.3371285739673064,160543.92594817714,1.1300320933399333,1.0094593099709837,160528.52338321746,1.1203296902157205,0.9997684745851165,3.40954680542548,159843.87950282256,0.6890579545338946,0.5690109247735053,3.3474771244518235,154077.04260751343,-2.943595207865555,-3.059311188839142,1,1,1,0.00033825238373049436,1,0,3.3662629999932956,,0.000302609682928316,8.874289676412412e-12,1.3982912104347048e-08,4.133869494172747e-05,31.974640267718083,4.679889205538932,3.44853,3.44849,3.35992,0.0009239973604899993,0.027061715121126314,0.9020571707042105,0.03694736804836431,0.02975961545493281,120,79,0.9957637712071618,3.359922899750816,1.6742911538668803,3.4484902014156975,0.9214323908240729
158750.0,0.03,1,600.0,20.0,8192,0.01220703125,26,13.77899245574931,per_channel,3.3045943685667205,3.4170048122793384,3.3607995904230297,0.033447529579848756,0.5574588263308127,0.02326117267608835,3.399887660224308,3.661505806598763,3.4170048122793384,3.416840894832189,16.519002146847274,9.208663548937656,4.984815469156724,0.021719794033855967,10.714974095074838,-0.977158063122627,0.005973711214774653,0.8340694792009307,0.9827622525043155,0.3444183493261511,0.08807885738721626,3.4412483431151872,162830.11468615406,2.5701509834041336,2.4478612111312525,3.4536955961280857,164010.18247232484,3.313500769968405,3.190324735218142,3.4411960436358386,162825.16539760557,2.567033321326342,2.4447472661015546,3.3303392173591932,152503.44041185887,-3.9348406854432305,-4.0493748490698085,160543.92594817714,1.1300320933399333,1.0094593099709837,160528.52338321746,1.1203296902157205,0.9997684745851165,3.444383022457271,163126.89807413841,2.757101149063568,2.634588484526579,3.319285244779471,151492.74987289732,-4.57149614305681,-4.685271251049916,1,1,1,0.0003895606504354976,1,0,3.371485312684121,,0.0003006056732207296,9.073665227912522e-12,1.3483858164063452e-08,3.4612988116201105e-05,31.72031423585491,4.679889205538932,3.44125,3.44120,3.33034,0.0012466069082838003,0.028444726023731715,0.9481575341243905,0.0399261788103837,0.02559656928544407,96,107,0.9883161840004622,3.3303392173591932,0.7790622969450434,3.4411960436358386,0.7079659727011967
158750.0,0.03,2,600.0,20.0,8192,0.01220703125,26,13.77899245574931,per_channel,3.3045943685667205,3.4170048122793384,3.3607995904230297,0.033447529579848756,0.5574588263308127,0.02326117267608835,3.399887660224308,3.661505806598763,3.4170048122793384,3.416840894832189,16.519002146847274,9.208663548937656,5.0001341363152845,0.02105779905316215,10.714974095074838,-0.977158063122627,0.005973711214774653,0.8340694792009307,0.9827622525043155,0.3444183493261511,0.08807885738721626,3.4721623615461894,165768.78264289766,4.421280404974901,4.296783614449229,3.472447915072269,165796.049689734,4.43845649747024,4.313939228662944,3.4721460271357927,165767.22296412944,4.420297930160277,4.295802310995089,3.3336856289001036,152810.07324460734,-3.741686145129236,-3.856450598216443,160543.92594817714,1.1300320933399333,1.0094593099709837,160528.52338321746,1.1203296902157205,0.9997684745851165,3.4327793342247324,162029.64191535546,2.0659161671530457,1.9442275713458246,3.3406788025103387,153451.8543462013,-3.337414585070054,-3.4526610329339458,1,1,1,0.0003268006052084492,1,1,3.3640607143123162,3.4569894217283337,0.0002812980535445734,8.528984024355072e-12,1.3893713383878658e-08,4.2514344105992635e-05,32.11921034551612,4.679889205538932,3.47216,3.47215,3.33369,0.0012873467332032435,0.01440124388055453,0.480041462685151,0.037709442262947646,0.0326458278957488,123,122,0.9871363975608232,3.3336856289001036,0.8803277222190653,3.4721460271357927,1.6137295053931133
160000.0,0.03,0,600.0,20.0,8192,0.01220703125,26,13.77899245574931,per_channel,3.306267678648449,3.428681438618755,3.367474558633602,0.03635179949807168,0.6058633249678613,0.027175465152474224,3.4132309023935976,3.984460450073925,3.428681438618755,3.4296634613148584,16.55181095059588,10.028135216767478,5.02289569246971,0.021369079864099673,10.728915579701745,-0.9733882226781158,0.005972379102563745,0.8213193740652905,0.97986217572325,0.3740237608394902,0.07867668930480648,3.447258888709619,163399.4153795778,2.124634612236132,2.0038261228884524,3.4482293483885598,163491.42753746262,2.182142210914135,2.0612656928665762,3.4472091399871863,163394.69925365396,2.121687033533726,2.0008820310286834,3.353668422435529,154647.51345506663,-3.3453040905833586,-3.45964190775655,161643.02560352068,1.0268910022004274,0.907381090299042,161735.63254582547,1.0847703411409202,0.965191960788947,3.438915706648561,162609.44201471988,1.6309012591999272,1.510676832461133,3.344414312044015,153795.2224958166,-3.8779859401146313,-3.99169362049675,1,1,1,0.0003818117667026053,1,0,3.368696367403154,,0.00033118023175750304,8.783002192984958e-12,1.4963894095887065e-08,3.919180968443673e-05,32.314016347114794,4.679889205538932,3.44726,3.44721,3.35367,0.0012881425650921538,0.024621681865718587,0.8207227288572863,0.037039808433812826,0.023824193517635726,96,103,0.9960340242215421,3.353668422435529,1.433663223736814,3.4472091399871863,0.5403739513314187
160000.0,0.03,1,600.0,20.0,8192,0.01220703125,26,13.77899245574931,per_channel,3.306267678648449,3.428681438618755,3.367474558633602,0.03635179949807168,0.6058633249678613,0.027175465152474224,3.4132309023935976,3.984460450073925,3.428681438618755,3.4296634613148584,16.55181095059588,10.028135216767478,4.980651876758059,0.021507168456312377,10.728915579701745,-0.9733882226781158,0.005972379102563745,0.8213193740652905,0.97986217572325,0.3740237608394902,0.07867668930480648,3.4407473372547495,162782.70578385267,1.739191114907917,1.6188385865222532,3.454185569740315,164056.72181528062,2.535451134550385,2.414156669182854,3.4406896625128365,162777.24861368706,1.735780383554411,1.615431889898522,3.311966153941167,150825.39731671286,-5.734126677054465,-5.845638632974026,161643.02560352068,1.0268910022004274,0.907381090299042,161735.63254582547,1.0847703411409202,0.965191960788947,3.4557027198156782,164200.86770644528,2.625542316528299,2.5041412776622307,3.323364919135674,151865.3728039479,-5.08414199753257,-5.196422853801497,1,1,1,0.0003048112636075273,1,0,3.375430501589851,,0.00029835265324827735,8.896881791248582e-12,1.1610022720637164e-08,3.8089218171366993e-05,31.15595249310292,4.679889205538932,3.44075,3.44069,3.31197,0.0011279813187703707,0.028881226220095493,0.9627075406698498,0.03768264915375831,0.02933628262438132,96,107,0.9870160113329189,3.311966153941167,0.1723537186513413,3.4406896625128365,0.35022862604927596
160000.0,0.03,2,600.0,20.0,8192,0.01220703125,26,13.77899245574931,per_channel,3.306267678648449,3.428681438618755,3.367474558633602,0.03635179949807168,0.6058633249678613,0.027175465152474224,3.4132309023935976,3.984460450073925,3.428681438618755,3.4296634613148584,16.55181095059588,10.028135216767478,4.998257861706421,0.020898029442773337,10.728915579701745,-0.9733882226781158,0.005972379102563745,0.8213193740652905,0.97986217572325,0.3740237608394902,0.07867668930480648,3.4743647698814377,165979.14512015783,3.7369657000986445,3.6142499012776996,3.4714843846347754,165704.0527004924,3.565032937807755,3.442520527105297,3.4743449337207934,165977.24987898098,3.73578117436311,3.6130667767786617,3.34778501109919,154105.38660743056,-3.684133370355903,-3.7980703689255213,161643.02560352068,1.0268910022004274,0.907381090299042,161735.63254582547,1.0847703411409202,0.965191960788947,3.432537630478157,162006.8255389183,1.2542659618239305,1.1344870763738246,3.339014751689768,153299.01829002588,-4.188113568733825,-4.301454383173553,1,1,1,0.00032261699986481607,1,1,3.3666591782188857,3.6473839165672093,0.00034231481246638554,8.400052883840419e-12,1.2782254041760468e-08,3.9620522313196536e-05,31.823254244739587,4.679889205538932,3.47436,3.47434,3.34779,0.0015216898853579886,0.01613507936198819,0.5378359787329396,0.03418206661264102,0.028098897968611106,71,123,0.9953075616319138,3.34778501109919,1.2557160062645734,3.4743449337207934,1.3318092076945343
161250.0,0.03,0,600.0,20.0,8192,0.01220703125,26,13.77899245574931,per_channel,3.3076424799657524,3.4406045696262257,3.374123524795989,0.03940640841491203,0.6567734735818672,0.03105912381113478,3.4265221849513394,4.249557141356858,3.4406045696262257,3.4424592579590563,16.584491949077243,10.892254384985971,5.01765530834869,0.02125272995069509,10.744715019524259,-0.9691754269730685,0.0059710759555903535,0.8080685322457933,0.9766021786892223,0.40237347987904776,0.07105217027932471,3.454478156161287,164084.5158066879,1.7578392599614936,1.6383967127596488,3.45498789598845,164132.9437196171,1.7878720741811418,1.6683942746993585,3.454424801773103,164079.4472776957,1.7546959861678744,1.6352571285159323,3.3635837311261843,155563.3133490802,-3.526627380415371,-3.6398670624550156,162769.1973123269,0.9421378681097042,0.8236527847524489,162944.72896223524,1.0509947052621644,0.9323818466101086,3.434589614926025,162200.58006566842,0.5895070174687845,0.47143584941600203,3.359516662339983,155187.3428124247,-3.7597874031474725,-3.8727534037958367,1,1,1,0.00029402260136466505,1,1,3.3629735848509865,3.7254905770942464,0.00037689622226793723,8.687619561900674e-12,1.1547258050259847e-08,3.927336877051238e-05,31.23578076696106,4.679889205538932,3.45448,3.45442,3.36358,0.0014963649953430786,0.03589356406328711,1.1964521354429036,0.03963954776977066,0.035172209942751866,75,87,0.9905468173601594,3.3635837311261843,1.6912726057687788,3.454424801773103,0.4016803403937397
161250.0,0.03,1,600.0,20.0,8192,0.01220703125,26,13.77899245574931,per_channel,3.3076424799657524,3.4406045696262257,3.374123524795989,0.03940640841491203,0.6567734735818672,0.03105912381113478,3.4265221849513394,4.249557141356858,3.4406045696262257,3.4424592579590563,16.584491949077243,10.892254384985971,4.985203627417635,0.021323411417930316,10.744715019524259,-0.9691754269730685,0.0059710759555903535,0.8080685322457933,0.9766021786892223,0.40237347987904776,0.07105217027932471,3.4513250561611186,163785.1138451763,1.5721636249155326,1.4529390223060767,3.4591110093739603,164524.92340861692,2.0309602534058397,1.9111971189412102,3.4512514705229234,163778.12980081633,1.5678324346147774,1.4486129159222205,3.324677629028465,151985.36838323213,-5.74550797939093,-5.856143156926496,162769.1973123269,0.9421378681097042,0.8236527847524489,162944.72896223524,1.0509947052621644,0.9323818466101086,3.4752247040911985,166061.31772897916,2.9837629327002566,2.862881405983786,3.3345724306075013,152891.38280580478,-5.183638570043547,-5.294933265449542,1,1,1,0.0003045715524490848,1,0,3.3927528299368004,,0.00038008861734599474,8.745501518363075e-12,1.240810654070643e-08,4.0739545242921834e-05,31.519207943163835,4.679889205538932,3.45133,3.45125,3.32468,0.0012988535431706725,0.02879833664497845,0.959944554832615,0.03771466674896628,0.02725883383631694,74,122,0.9978505112634948,3.324677629028465,0.5150238928751882,3.4512514705229234,0.3094485483943421
161250.0,0.03,2,600.0,20.0,8192,0.01220703125,26,13.77899245574931,per_channel,3.3076424799657524,3.4406045696262257,3.374123524795989,0.03940640841491203,0.6567734735818672,0.03105912381113478,3.4265221849513394,4.249557141356858,3.4406045696262257,3.4424592579590563,16.584491949077243,10.892254384985971,4.9896964764777945,0.020729649807537907,10.744715019524259,-0.9691754269730685,0.0059710759555903535,0.8080685322457933,0.9766021786892223,0.40237347987904776,0.07105217027932471,3.4812060924964654,166633.4430534745,3.3385693354880646,3.217271339821126,3.4724715055491346,165798.30240669678,2.820652655315831,2.6999625861533483,3.481173933426653,166630.36437807643,3.3366600794272405,3.215364324830028,3.3269859336954726,152196.4867913536,-5.614581834819464,-5.725370692428388,162769.1973123269,0.9421378681097042,0.8236527847524489,162944.72896223524,1.0509947052621644,0.9323818466101086,3.443189509105149,163013.86743966167,1.0938712804103379,0.9752080935733654,3.318143907847929,151388.58615633947,-6.115605484440637,-6.225806244450849,1,1,1,0.00021679407593195143,1,0,3.3671757400676956,,0.0002999182045655319,8.265236364401608e-12,9.72173580808206e-09,4.484318017588993e-05,30.704885369939685,4.679889205538932,3.48121,3.48117,3.32699,0.0013824703169114233,0.014181034978678274,0.47270116595594247,0.033695256048815576,0.036242262729110866,83,59,0.9912535611455858,3.3269859336954726,0.5848108992094092,3.481173933426653,1.1791347415676556
162500.0,0.03,0,600.0,20.0,8192,0.01220703125,26,13.77899245574931,per_channel,3.3087859066693786,3.4527076742964784,3.3807467904829283,0.04257099881962503,0.7095166469937506,0.034912593808268576,3.4397621102152973,4.466379167505685,3.4527076742964784,3.4552315542036043,16.617046624581686,11.790071204012019,5.001600948579357,0.02128219280490713,10.762016805357256,-0.9645611719876112,0.005969800844112204,0.7946753866607883,0.9730081702808496,0.4293886172896524,0.06477908961096199,3.4402037029219676,162731.27086697274,0.14232053352168833,0.025677418269198782,3.4481185724883594,163480.92323666348,0.6036450687159891,0.4864646148973195,3.440112755769983,162722.66687065602,0.1370257665575482,0.020388818508987328,3.352858664850737,154572.84186388916,-4.878251160683594,-4.989046447369294,163916.3664070047,0.8716100966182824,0.7541175242520737,164156.0950310085,1.0191354036975402,0.9014709977718249,3.4441984837212547,163109.4189349321,0.37502703688128924,0.25811287127419646,3.3442195864530015,153777.31383321842,-5.367806871865589,-5.478031937061145,1,1,1,0.00033778078999017596,1,0,3.3938579026903586,,0.0004157960589268196,8.711723711388889e-12,1.3493216067624468e-08,3.994666501909983e-05,31.90011381297075,4.679889205538932,3.44020,3.44011,3.35286,0.0012820421607738003,0.022089410013331482,0.7363136671110494,0.0328397011724272,0.024995707559491185,112,96,0.9809242638334544,3.352858664850737,1.33199183702164,3.440112755769983,-0.3647838077998178
162500.0,0.03,1,600.0,20.0,8192,0.01220703125,26,13.77899245574931,per_channel,3.3087859066693786,3.4527076742964784,3.3807467904829283,0.04257099881962503,0.7095166469937506,0.034912593808268576,3.4397621102152973,4.466379167505685,3.4527076742964784,3.4552315542036043,16.617046624581686,11.790071204012019,4.986066315629869,0.021048656593135852,10.762016805357256,-0.9645611719876112,0.005969800844112204,0.7946753866607883,0.9730081702808496,0.4293886172896524,0.06477908961096199,3.4651269409336187,165097.6898557797,1.5985783727875051,1.4802390470809668,3.4608520344346756,164690.5810584462,1.3480498821207394,1.2300023653462722,3.465088078725033,165093.98665818217,1.5962994819582583,1.4779628106432074,3.323537283606741,151881.12603845604,-6.534691668642434,-6.643557577418302,163916.3664070047,0.8716100966182824,0.7541175242520737,164156.0950310085,1.0191354036975402,0.9014709977718249,3.471602331602167,165715.31279580202,1.9786540281858582,1.8598720004504132,3.334700636452173,152903.13960287475,-5.9057602443847665,-6.015358715779662,1,1,1,0.00033279638578067553,1,1,3.360496023018897,4.025434796561015,0.00034368536335188806,8.521579739767465e-12,1.3266048540080398e-08,3.986235760632085e-05,31.922214698200285,4.679889205538932,3.46513,3.46509,3.32354,0.0014210935770315608,0.022871103845921267,0.7623701281973756,0.034174523605305256,0.028633500963391206,132,98,0.9880804388311428,3.323537283606741,0.4458244611000417,3.465088078725033,0.3585708839679569
162500.0,0.03,2,600.0,20.0,8192,0.01220703125,26,13.77899245574931,per_channel,3.3087859066693786,3.4527076742964784,3.3807467904829283,0.04257099881962503,0.7095166469937506,0.034912593808268576,3.4397621102152973,4.466379167505685,3.4527076742964784,3.4552315542036043,16.617046624581686,11.790071204012019,4.994929606465517,0.0205172601880354,10.762016805357256,-0.9645611719876112,0.005969800844112204,0.7946753866607883,0.9730081702808496,0.4293886172896524,0.06477908961096199,3.4785565663526166,166379.89204807996,2.387625875741512,2.2683674884600213,3.4725756799522096,165808.25047868883,2.035846448423896,1.916997804476317,3.478524297320024,166376.8051968793,2.3857262750026376,2.266470100325635,3.3341954122922868,152856.8119010753,-5.934269599338277,-6.043834863793707,163916.3664070047,0.8716100966182824,0.7541175242520737,164156.0950310085,1.0191354036975402,0.9014709977718249,3.4682470400403362,165395.14104779263,1.7816252601800773,1.663072726320669,3.3354097762633588,152968.17766440636,-5.865736821903775,-5.975381911518185,1,1,1,0.00034272173798602964,1,0,3.381333514739277,,0.0004134546911682142,8.096737859107605e-12,1.4719069710048423e-08,4.2947581313468994e-05,32.595702834003866,4.679889205538932,3.47856,3.47852,3.33420,0.0015055901934240912,0.025090281444637232,0.8363427148212411,0.032609132047824695,0.01612388455410802,116,77,0.9633728186760662,3.3341954122922868,0.7679404573046389,3.478524297320024,0.7477210774528009
163750.0,0.03,0,600.0,20.0,8192,0.01220703125,26,13.77899245574931,per_channel,3.3097481298399827,3.464941172500493,3.387344651170238,0.04581554540276712,0.763592423379452,0.03873631091106548,3.4529512689555704,4.6440432177330555,3.464941172500493,3.4679776352162968,16.649476429431953,12.713414054749009,5.035624298707552,0.021040410567769133,10.780476038507839,-0.9595857151707506,0.005968552877658121,0.7813880859225562,0.9691052883527718,0.45505566425990907,0.05954790148214019,3.4606079290496594,164667.34953076887,0.5602134539046545,0.4439766756828778,3.4577453014237234,164395.03533087025,0.39391470587495997,0.27787015109852486,3.4605677280476033,164663.52375556258,0.5578771026336361,0.4416430249823744,3.356438721994658,154903.1122994456,-5.402679511788941,-5.512023827838986,165079.98827222502,0.8122065784580266,0.6956785233193985,165369.44707745576,0.9889753144767974,0.8722429337141513,3.4728385749371853,165833.35680411142,1.2722789643428516,1.1552191150677071,3.3238097545857515,151906.03016434165,-7.232958678264643,-7.340187388686459,1,1,1,0.000265658715041145,1,0,3.443553604587155,,0.000373779359933431,8.514904216504675e-12,1.2477079556646263e-08,4.696657346518379e-05,31.659331772708043,4.679889205538932,3.46061,3.46057,3.35644,0.0015814646529581037,0.02682271070828654,0.8940903569428847,0.031099371366622643,0.029515420734666016,100,92,0.9829847652730104,3.356438721994658,1.410699253327552,3.4605677280476033,-0.12621987604291007
163750.0,0.03,1,600.0,20.0,8192,0.01220703125,26,13.77899245574931,per_channel,3.3097481298399827,3.464941172500493,3.387344651170238,0.04581554540276712,0.763592423379452,0.03873631091106548,3.4529512689555704,4.6440432177330555,3.464941172500493,3.4679776352162968,16.649476429431953,12.713414054749009,4.991304383104625,0.020905469619051594,10.780476038507839,-0.9595857151707506,0.005968552877658121,0.7813880859225562,0.9691052883527718,0.45505566425990907,0.05954790148214019,3.4673619172128856,165310.73164290047,0.9531185605499062,0.8364276263337134,3.4659622484234514,165177.29672807752,0.8716315896656606,0.7550348456131006,3.467319121460502,165306.65098812737,0.9506265576350332,0.8339385039058289,3.3174675038640262,151326.87128891493,-7.586643487685538,-7.693463376553156,165079.98827222502,0.8122065784580266,0.6956785233193985,165369.44707745576,0.9889753144767974,0.8722429337141513,3.4929902754399182,167763.48963437023,2.4509860362566274,2.3325637285319667,3.3382340008658957,153227.33586238546,-6.426054435184453,-6.534215840022151,1,1,1,0.0002665861544740783,1,0,3.3932187077359033,,0.0004429155094449934,8.406035170324385e-12,1.1924090351498532e-08,4.4728843382817085e-05,31.51834055385331,4.679889205538932,3.46736,3.46732,3.31747,0.0017603353405696283,0.023371087619241178,0.779036253974706,0.034837199583455686,0.019298294071503193,87,54,0.9926866877113207,3.3174675038640262,0.23323146418445795,3.467319121460502,0.06862884076883624
163750.0,0.03,2,600.0,20.0,8192,0.01220703125,26,13.77899245574931,per_channel,3.3097481298399827,3.464941172500493,3.387344651170238,0.04581554540276712,0.763592423379452,0.03873631091106548,3.4529512689555704,4.6440432177330555,3.464941172500493,3.4679776352162968,16.649476429431953,12.713414054749009,4.990819863898621,0.020468334255689603,10.780476038507839,-0.9595857151707506,0.005968552877658121,0.7813880859225562,0.9691052883527718,0.45505566425990907,0.05954790148214019,3.4818492168779915,166695.0170747659,1.798483709780702,1.6808156244826344,3.474578009791183,165999.5197592113,1.3737525247091975,1.2565753829251403,3.481830314596175,166693.20717006235,1.7973784244655568,1.6797116167582837,3.3533968138529877,154622.4651284413,-5.574067097135076,-5.683213307591806,165079.98827222502,0.8122065784580266,0.6956785233193985,165369.44707745576,0.9889753144767974,0.8722429337141513,3.465700032096741,165152.30479653607,0.8563693413960761,0.7397902388590172,3.3446722453367514,153818.94589498232,-6.064765865659654,-6.173344881179421,1,1,1,0.00021198523055541955,1,0,3.4682955656243597,,0.00031217755350948463,8.058168564546818e-12,1.1214016931384489e-08,5.2899991673961436e-05,31.43524859555759,4.679889205538932,3.48185,3.48183,3.35340,0.001109381843603299,0.013549873964389005,0.4516624654796335,0.033423232559567785,0.030006265211876017,83,122,0.9937971151958809,3.3533968138529877,1.3187917116555647,3.481830314596175,0.4874294037001903
165000.0,0.03,0,600.0,20.0,8192,0.01220703125,26,13.77899245574931,per_channel,3.3105668034843134,3.477267990480551,3.393917396982432,0.049117632369147575,0.8186272061524597,0.04253070141537868,3.4660902407021914,4.790341696060701,3.477267990480551,3.4806944729309817,16.681782789648047,13.656161238731766,5.014949467055847,0.02090918048193582,10.799773841897323,-0.9542878012051553,0.005967331203024965,0.7683740513817982,0.9649178293742945,0.47940137389805865,0.055131472424229847,3.4642707890436153,165016.116372537,0.009767498507280835,-0.10495826655912976,3.4579149840168677,164411.17050446515,-0.3568663609302144,-0.47117154357675384,3.464235269541307,165012.73253759157,0.0077166894494351285,-0.1070067230403704,3.338952184230415,153293.27321793453,-7.094985928524525,-7.2015615069350165,166256.6493172839,0.7616056468387339,0.646017413946165,166584.46769101892,0.9602834491023731,0.8444673038424666,3.4843495667682878,166934.5136722774,1.1724325286529633,1.0563730175091823,3.3172680448276255,151308.67511697434,-8.29777265637919,-8.402968463283223,1,1,1,0.00026994897231154757,1,0,3.4472354002162886,,0.0004051668163688541,8.40901969189002e-12,1.1769008918335364e-08,4.359716141001928e-05,31.459945224558155,4.679889205538932,3.46427,3.46424,3.33895,0.002157574708808828,0.025888448983593566,0.8629482994531189,0.031802702870851136,0.03304949446832846,131,90,0.987437559541455,3.338952184230415,0.8574175490501101,3.464235269541307,-0.37479771403649
165000.0,0.03,1,600.0,20.0,8192,0.01220703125,26,13.77899245574931,per_channel,3.3105668034843134,3.477267990480551,3.393917396982432,0.049117632369147575,0.8186272061524597,0.04253070141537868,3.4660902407021914,4.790341696060701,3.477267990480551,3.4806944729309817,16.681782789648047,13.656161238731766,4.998497641002878,0.02074810406739145,10.799773841897323,-0.9542878012051553,0.005967331203024965,0.7683740513817982,0.9649178293742945,0.47940137389805865,0.055131472424229847,3.513717635785818,169760.40983044382,2.8850968669356503,2.7670726804263968,3.5219343629524857,170555.29778300106,3.3668471412127663,3.2482703169945504,3.51369597790528,169758.31709578147,2.883828542897862,2.7658058113409822,3.304935667991718,150185.74683150311,-8.978335253634476,-9.08275035614734,166256.6493172839,0.7616056468387339,0.646017413946165,166584.46769101892,0.9602834491023731,0.8444673038424666,3.52038374881038,170405.1489097131,3.275847824068553,3.1573753893168854,3.309999251157613,150646.3068366294,-8.699207977800363,-8.80394327994043,1,1,1,0.000252819391125877,1,0,3.436262983719646,,0.00035401648588903633,8.27995892018846e-12,1.101722219013601e-08,4.35774413547678e-05,31.240439260652238,4.679889205538932,3.51372,3.51370,3.30494,0.0014976802518870602,0.02325803342993743,0.7752677809979144,0.03295178540985779,0.0298704178557996,106,97,0.9921561895679566,3.304935667991718,-0.17009581219351588,3.51369597790528,1.0476036797984811
165000.0,0.03,2,600.0,20.0,8192,0.01220703125,26,13.77899245574931,per_channel,3.3105668034843134,3.477267990480551,3.393917396982432,0.049117632369147575,0.8186272061524597,0.04253070141537868,3.4660902407021914,4.790341696060701,3.477267990480551,3.4806944729309817,16.681782789648047,13.656161238731766,4.993388671071156,0.020185970735873738,10.799773841897323,-0.9542878012051553,0.005967331203024965,0.7683740513817982,0.9649178293742945,0.47940137389805865,0.055131472424229847,3.4861050903374817,167102.7696370574,1.2744058406408558,1.158229351260598,3.473147100693351,165862.82326700116,0.5229231921219175,0.4076087627578051,3.4860838359244033,167100.73202753428,1.273170925778351,1.1569958530252444,3.3331898193389677,152764.62261149293,-7.41538023545883,-7.521588274948843,166256.6493172839,0.7616056468387339,0.646017413946165,166584.46769101892,0.9602834491023731,0.8444673038424666,3.4800873640884844,166526.36084821462,0.925067180736135,0.809291433663617,3.3439627469316466,153753.69422691636,-6.815942892777966,-6.922838574180057,1,1,1,0.0003213447596305141,1,0,3.4713615245811025,,0.0003383016258056378,7.837374967536865e-12,1.594403160951742e-08,4.961659131410779e-05,33.08427521257139,4.679889205538932,3.48611,3.48608,3.33319,0.0017811448287394687,0.014323813838802421,0.4774604612934141,0.032394562592425395,0.02679023695597126,82,127,0.9898562533024893,3.3331898193389677,0.6833577812368485,3.4860838359244033,0.25352792675130686
