T,zeta,seed,config,method,tau,u,d,s_obs,s_tune,resolvable,f_lo_true,f_hi_true,f_iso1,f_deck,z_lo_true,z_hi_true,e_lo,e_hi,n_peaks_spectrum,n_peaks_pair,f_peak,eps_merged,eps_peak,f_ssi_amp,eps_ssi_amp,f_ssi_oracle,eps_ssi_oracle,eps_branch,T_hat_peak,T_hat_ssi,failed,n_in_band,f_lo,zeta_lo,err_f_lo,err_z_lo,f_hi,zeta_hi,err_f_hi,err_z_hi,n_matched,both_found,split_found
143000.0,0.002,0,stay,cov,4.0,11.697405529622952,-0.029116878236242406,0.03662616741848772,0.0234,True,3.2143680165328425,3.3342942161841527,3.227039131571072,3.321000437028616,0.002,0.002,0.8920454116169482,0.10800325065756017,3,1,3.21044921875,-0.008263806523297085,-0.010255388010311561,3.2119406019516608,-0.00933562181001546,3.2119406019516608,-0.00933562181001546,-0.008237540487975037,141721.03255987167,141852.73341890195,,1,3.2119406019516608,0.00286363704178169,-0.0007551763110809263,0.43181852089084505,3.2119406019516608,0.00286363704178169,-0.0366955062449517,0.43181852089084505,1,False,0.0
143000.0,0.002,0,stay,cov,16.0,11.697405529622952,-0.029116878236242406,0.03662616741848772,0.0234,True,3.2143680165328425,3.3342942161841527,3.227039131571072,3.321000437028616,0.002,0.002,0.8920454116169482,0.10800325065756017,3,1,3.21044921875,-0.008263806523297085,-0.010255388010311561,3.213498985618025,-0.008374078681040786,3.213498985618025,-0.008374078681040786,-0.008237540487975037,141721.03255987167,141990.41629531104,,1,3.213498985618025,0.0022119874164690124,-0.0002703582509369845,0.10599370823450617,3.213498985618025,0.0022119874164690124,-0.036228125874377314,0.10599370823450617,1,False,0.0
143000.0,0.002,0,stay,data,4.0,11.697405529622952,-0.029116878236242406,0.03662616741848772,0.0234,True,3.2143680165328425,3.3342942161841527,3.227039131571072,3.321000437028616,0.002,0.002,0.8920454116169482,0.10800325065756017,3,1,3.21044921875,-0.008263806523297085,-0.010255388010311561,3.2119589031179023,-0.009324332457331885,3.2119589031179023,-0.009324332457331885,-0.008237540487975037,141721.03255987167,141854.34993562743,,1,3.2119589031179023,0.002729493190958966,-0.0007494827607010557,0.36474659547948296,3.2119589031179023,0.002729493190958966,-0.03669001747729804,0.36474659547948296,1,False,0.0
143000.0,0.002,0,stay,data,16.0,11.697405529622952,-0.029116878236242406,0.03662616741848772,0.0234,True,3.2143680165328425,3.3342942161841527,3.227039131571072,3.321000437028616,0.002,0.002,0.8920454116169482,0.10800325065756017,3,1,3.21044921875,-0.008263806523297085,-0.010255388010311561,3.213451941221747,-0.008403112517079703,3.213451941221747,-0.008403112517079703,-0.008237540487975037,141721.03255987167,141986.25895494994,,1,3.213451941221747,0.0022914465063982614,-0.0002849939105864548,0.14572325319913065,3.213451941221747,0.0022914465063982614,-0.036242235126059355,0.14572325319913065,1,False,0.0
143000.0,0.002,0,stay2,cov,4.0,11.697405529622952,-0.029116878236242406,0.03662616741848772,0.0234,True,3.2143680165328425,3.3342942161841527,3.227039131571072,3.321000437028616,0.002,0.002,0.8920454116169482,0.10800325065756017,3,1,3.21044921875,-0.008263806523297085,-0.010255388010311561,3.213123561636338,-0.008605762840378617,3.213123561636338,-0.008605762840378617,-0.008237540487975037,141721.03255987167,141957.24155721054,,1,3.213123561636338,0.0025148016056781575,-0.00038715383244978684,0.25740080283907874,3.213123561636338,0.0025148016056781575,-0.03634072061177777,0.25740080283907874,1,False,0.0
143000.0,0.002,0,stay2,cov,16.0,11.697405529622952,-0.029116878236242406,0.03662616741848772,0.0234,True,3.2143680165328425,3.3342942161841527,3.227039131571072,3.321000437028616,0.002,0.002,0.8920454116169482,0.10800325065756017,3,1,3.21044921875,-0.008263806523297085,-0.010255388010311561,3.214069181351581,-0.008022143898656742,3.214069181351581,-0.008022143898656742,-0.008237540487975037,141721.03255987167,142040.80965956784,,1,3.214069181351581,0.0024060182239738414,-9.296856480787435e-05,0.20300911198692068,3.214069181351581,0.0024060182239738414,-0.036057116450317325,0.20300911198692068,1,False,0.0
143000.0,0.002,0,stay2,data,4.0,11.697405529622952,-0.029116878236242406,0.03662616741848772,0.0234,True,3.2143680165328425,3.3342942161841527,3.227039131571072,3.321000437028616,0.002,0.002,0.8920454116169482,0.10800325065756017,3,1,3.21044921875,-0.008263806523297085,-0.010255388010311561,3.213039825726268,-0.008657434813385656,3.213039825726268,-0.008657434813385656,-0.008237540487975037,141721.03255987167,141949.84267341744,,1,3.213039825726268,0.002425595594067913,-0.0004132043374445907,0.21279779703395643,3.213039825726268,0.002425595594067913,-0.03636583414544957,0.21279779703395643,1,False,0.0
143000.0,0.002,0,stay2,data,16.0,11.697405529622952,-0.029116878236242406,0.03662616741848772,0.0234,True,3.2143680165328425,3.3342942161841527,3.227039131571072,3.321000437028616,0.002,0.002,0.8920454116169482,0.10800325065756017,3,1,3.21044921875,-0.008263806523297085,-0.010255388010311561,3.213621792852093,-0.008298285183594212,3.213621792852093,-0.008298285183594212,-0.008237540487975037,141721.03255987167,142001.26912804114,,1,3.213621792852093,0.002131790628756379,-0.00023215253415640347,0.06589531437818956,3.213621792852093,0.002131790628756379,-0.03619129432139914,0.06589531437818956,1,False,0.0
143000.0,0.002,0,stay+deck,cov,4.0,11.697405529622952,-0.029116878236242406,0.03662616741848772,0.0234,True,3.2143680165328425,3.3342942161841527,3.227039131571072,3.321000437028616,0.002,0.002,0.8920454116169482,0.10800325065756017,3,1,3.21044921875,-0.008263806523297085,-0.010255388010311561,3.212695124889967,-0.00887012951984456,3.212695124889967,-0.00887012951984456,-0.008237540487975037,141721.03255987167,141919.3870255117,,2,3.212695124889967,0.0027520767795598707,-0.0005204418517952108,0.3760383897799353,3.3319951236601146,0.0026768181870626432,-0.0006895289902368529,0.3384090935313216,2,True,0.03645703440176641
143000.0,0.002,0,stay+deck,cov,16.0,11.697405529622952,-0.029116878236242406,0.03662616741848772,0.0234,True,3.2143680165328425,3.3342942161841527,3.227039131571072,3.321000437028616,0.002,0.002,0.8920454116169482,0.10800325065756017,3,1,3.21044921875,-0.008263806523297085,-0.010255388010311561,3.2136765751711502,-0.008264473997143362,3.2136765751711502,-0.008264473997143362,-0.008237540487975037,141721.03255987167,142006.11053480188,,2,3.2136765751711502,0.0023064437614360514,-0.0002151095823925354,0.15322188071802567,3.3323982367743876,0.0028104332049076683,-0.0005686299069117099,0.4052166024538341,2,True,0.036272625967118305
143000.0,0.002,0,stay+deck,data,4.0,11.697405529622952,-0.029116878236242406,0.03662616741848772,0.0234,True,3.2143680165328425,3.3342942161841527,3.227039131571072,3.321000437028616,0.002,0.002,0.8920454116169482,0.10800325065756017,3,1,3.21044921875,-0.008263806523297085,-0.010255388010311561,3.2128476766554517,-0.008776001570910963,3.2128476766554517,-0.008776001570910963,-0.008237540487975037,141721.03255987167,141932.8651591171,,2,3.2128476766554517,0.002595083003871827,-0.00047298251773633833,0.2975415019359135,3.3323262954641386,0.002627064340003492,-0.0005902060803339055,0.313532170001746,2,True,0.036508920715516126
143000.0,0.002,0,stay+deck,data,16.0,11.697405529622952,-0.029116878236242406,0.03662616741848772,0.0234,True,3.2143680165328425,3.3342942161841527,3.227039131571072,3.321000437028616,0.002,0.002,0.8920454116169482,0.10800325065756017,3,1,3.21044921875,-0.008263806523297085,-0.010255388010311561,3.2139855504873687,-0.008073766238678282,3.2139855504873687,-0.008073766238678282,-0.008237540487975037,141721.03255987167,142033.41788269693,,2,3.2139855504873687,0.002188450593879353,-0.00011898638970606023,0.09422529693967649,3.331854045375482,0.0027568811471460897,-0.0007318402787692057,0.3784405735730448,2,True,0.0360132548810421
143000.0,0.002,1,stay,cov,4.0,11.697405529622952,-0.029116878236242406,0.03662616741848772,0.0234,True,3.2143680165328425,3.3342942161841527,3.227039131571072,3.321000437028616,0.002,0.002,0.8920454116169482,0.10800325065756017,4,2,3.21044921875,-0.008263806523297085,-0.010255388010311561,3.213427631058198,-0.008418115567860096,3.213427631058198,-0.008418115567860096,-0.008237540487975037,141721.03255987167,141984.11067566415,,1,3.213427631058198,0.0014896605726404215,-0.000292556878928546,-0.2551697136797893,3.213427631058198,0.0014896605726404215,-0.03624952607340014,-0.2551697136797893,1,False,0.0
143000.0,0.002,1,stay,cov,16.0,11.697405529622952,-0.029116878236242406,0.03662616741848772,0.0234,True,3.2143680165328425,3.3342942161841527,3.227039131571072,3.321000437028616,0.002,0.002,0.8920454116169482,0.10800325065756017,4,2,3.21044921875,-0.008263806523297085,-0.010255388010311561,3.2124838397289355,-0.009000489943174372,3.2124838397289355,-0.009000489943174372,-0.008237540487975037,141721.03255987167,141900.72078214402,,1,3.2124838397289355,0.0010456079075049666,-0.0005861733299410509,-0.4771960462475167,3.2124838397289355,0.0010456079075049666,-0.03653258187713859,-0.4771960462475167,1,False,0.0
143000.0,0.002,1,stay,data,4.0,11.697405529622952,-0.029116878236242406,0.03662616741848772,0.0234,True,3.2143680165328425,3.3342942161841527,3.227039131571072,3.321000437028616,0.002,0.002,0.8920454116169482,0.10800325065756017,4,2,3.21044921875,-0.008263806523297085,-0.010255388010311561,3.213558879702994,-0.00833711393890646,3.213558879702994,-0.00833711393890646,-0.008237540487975037,141721.03255987167,141995.70925812196,,1,3.213558879702994,0.001522412089008325,-0.00025172501272004085,-0.23879395549583757,3.213558879702994,0.001522412089008325,-0.036210162827001874,-0.23879395549583757,1,False,0.0
143000.0,0.002,1,stay,data,16.0,11.697405529622952,-0.029116878236242406,0.03662616741848772,0.0234,True,3.2143680165328425,3.3342942161841527,3.227039131571072,3.321000437028616,0.002,0.002,0.8920454116169482,0.10800325065756017,4,2,3.21044921875,-0.008263806523297085,-0.010255388010311561,3.2129480123405134,-0.00871408970834564,3.2129480123405134,-0.00871408970834564,-0.008237540487975037,141721.03255987167,141941.73028753928,,1,3.2129480123405134,0.0009626725099611383,-0.0004417677705307701,-0.5186637450194308,3.2129480123405134,0.0009626725099611383,-0.03639337022349239,-0.5186637450194308,1,False,0.0
143000.0,0.002,1,stay2,cov,4.0,11.697405529622952,-0.029116878236242406,0.03662616741848772,0.0234,True,3.2143680165328425,3.3342942161841527,3.227039131571072,3.321000437028616,0.002,0.002,0.8920454116169482,0.10800325065756017,4,2,3.21044921875,-0.008263806523297085,-0.010255388010311561,3.2133979633579646,-0.00843642487597751,3.2133979633579646,-0.00843642487597751,-0.008237540487975037,141721.03255987167,141981.4889750553,,1,3.2133979633579646,0.0013963064701123743,-0.00030178659378409114,-0.30184676494381285,3.2133979633579646,0.0013963064701123743,-0.03625842381856293,-0.30184676494381285,1,False,0.0
143000.0,0.002,1,stay2,cov,16.0,11.697405529622952,-0.029116878236242406,0.03662616741848772,0.0234,True,3.2143680165328425,3.3342942161841527,3.227039131571072,3.321000437028616,0.002,0.002,0.8920454116169482,0.10800325065756017,4,2,3.21044921875,-0.008263806523297085,-0.010255388010311561,3.212823087447397,-0.008791173980131295,3.212823087447397,-0.008791173980131295,-0.008237540487975037,141721.03255987167,141930.6926294816,,1,3.212823087447397,0.000993833749776232,-0.00048063229770183084,-0.503083125111884,3.212823087447397,0.000993833749776232,-0.036430836891103775,-0.503083125111884,1,False,0.0
143000.0,0.002,1,stay2,data,4.0,11.697405529622952,-0.029116878236242406,0.03662616741848772,0.0234,True,3.2143680165328425,3.3342942161841527,3.227039131571072,3.321000437028616,0.002,0.002,0.8920454116169482,0.10800325065756017,4,2,3.21044921875,-0.008263806523297085,-0.010255388010311561,3.213442015184288,-0.008409238398423446,3.213442015184288,-0.008409238398423446,-0.008237540487975037,141721.03255987167,141985.3817930853,,1,3.213442015184288,0.0014371658642449952,-0.0002880819320599099,-0.28141706787750237,3.213442015184288,0.0014371658642449952,-0.036245212079146,-0.28141706787750237,1,False,0.0
143000.0,0.002,1,stay2,data,16.0,11.697405529622952,-0.029116878236242406,0.03662616741848772,0.0234,True,3.2143680165328425,3.3342942161841527,3.227039131571072,3.321000437028616,0.002,0.002,0.8920454116169482,0.10800325065756017,4,2,3.21044921875,-0.008263806523297085,-0.010255388010311561,3.2129148704816055,-0.00873454001641738,3.2129148704816055,-0.00873454001641738,-0.008237540487975037,141721.03255987167,141938.8020182252,,1,3.2129148704816055,0.0008773849820348435,-0.00045207830707712725,-0.5613075089825783,3.2129148704816055,0.0008773849820348435,-0.036403309915900774,-0.5613075089825783,1,False,0.0
143000.0,0.002,1,stay+deck,cov,4.0,11.697405529622952,-0.029116878236242406,0.03662616741848772,0.0234,True,3.2143680165328425,3.3342942161841527,3.227039131571072,3.321000437028616,0.002,0.002,0.8920454116169482,0.10800325065756017,4,2,3.21044921875,-0.008263806523297085,-0.010255388010311561,3.2141838428683416,-0.007951365263838772,3.2141838428683416,-0.007951365263838772,-0.008237540487975037,141721.03255987167,142050.94441664362,,2,3.2141838428683416,0.0014039234211907945,-5.7297006302228484e-05,-0.29803828940460275,3.335067271134082,0.0028697597134175095,0.00023184965087270822,0.43487985670875473,2,True,0.03691519111468766
143000.0,0.002,1,stay+deck,cov,16.0,11.697405529622952,-0.029116878236242406,0.03662616741848772,0.0234,True,3.2143680165328425,3.3342942161841527,3.227039131571072,3.321000437028616,0.002,0.002,0.8920454116169482,0.10800325065756017,4,2,3.21044921875,-0.008263806523297085,-0.010255388010311561,3.213036875841484,-0.008659255111399422,3.213036875841484,-0.008659255111399422,-0.008237540487975037,141721.03255987167,141949.58202586157,,3,3.213036875841484,0.0008761842494729664,-0.00041412205587907784,-0.5619078752635167,3.3385329181233767,0.002796310852152284,0.0012712441267630295,0.3981554260761419,2,True,0.038350676676368316
143000.0,0.002,1,stay+deck,data,4.0,11.697405529622952,-0.029116878236242406,0.03662616741848772,0.0234,True,3.2143680165328425,3.3342942161841527,3.227039131571072,3.321000437028616,0.002,0.002,0.8920454116169482,0.10800325065756017,4,2,3.21044921875,-0.008263806523297085,-0.010255388010311561,3.214092569638953,-0.00800770690538155,3.214092569638953,-0.00800770690538155,-0.008237540487975037,141721.03255987167,142042.8768853645,,2,3.214092569638953,0.0014039023746719747,-8.569239504405162e-05,-0.2980488126640127,3.3351705013620765,0.00248093674389953,0.00026280979454976265,0.240468371949765,2,True,0.03697452076989705
143000.0,0.002,1,stay+deck,data,16.0,11.697405529622952,-0.029116878236242406,0.03662616741848772,0.0234,True,3.2143680165328425,3.3342942161841527,3.227039131571072,3.321000437028616,0.002,0.002,0.8920454116169482,0.10800325065756017,4,2,3.21044921875,-0.008263806523297085,-0.010255388010311561,3.2131552233972718,-0.008586224567804113,3.2131552233972718,-0.008586224567804113,-0.008237540487975037,141721.03255987167,141960.03923262111,,2,3.2131552233972718,0.000875118108152868,-0.0003773037590384371,-0.562440945923566,3.3389560422267914,0.0021364707687634363,0.0013981447767899345,0.06823538438171811,2,True,0.038400086240763076
143000.0,0.002,2,stay,cov,4.0,11.697405529622952,-0.029116878236242406,0.03662616741848772,0.0234,True,3.2143680165328425,3.3342942161841527,3.227039131571072,3.321000437028616,0.002,0.002,0.8920454116169482,0.10800325065756017,2,2,3.21044921875,-0.008263806523297085,-0.010255388010311561,3.21264257304457,-0.00890255418244057,3.21264257304457,-0.00890255418244057,-0.008237540487975037,141721.03255987167,141914.74415440348,,1,3.21264257304457,0.0021010249928603442,-0.0005367908961880125,0.050512496430172096,3.21264257304457,0.0021010249928603442,-0.03648497560566325,0.050512496430172096,1,False,0.0
143000.0,0.002,2,stay,cov,16.0,11.697405529622952,-0.029116878236242406,0.03662616741848772,0.0234,True,3.2143680165328425,3.3342942161841527,3.227039131571072,3.321000437028616,0.002,0.002,0.8920454116169482,0.10800325065756017,2,2,3.21044921875,-0.008263806523297085,-0.010255388010311561,3.2133053668096827,-0.00849356939566659,3.2133053668096827,-0.00849356939566659,-0.008237540487975037,141721.03255987167,141973.30648005876,,1,3.2133053668096827,0.002595604421697981,-0.0003305936711957633,0.2978022108489904,3.2133053668096827,0.002595604421697981,-0.03628619477765599,0.2978022108489904,1,False,0.0
143000.0,0.002,2,stay,data,4.0,11.697405529622952,-0.029116878236242406,0.03662616741848772,0.0234,True,3.2143680165328425,3.3342942161841527,3.227039131571072,3.321000437028616,0.002,0.002,0.8920454116169482,0.10800325065756017,2,2,3.21044921875,-0.008263806523297085,-0.010255388010311561,3.212717849161802,-0.008856108404625251,3.212717849161802,-0.008856108404625251,-0.008237540487975037,141721.03255987167,141921.39470193896,,1,3.212717849161802,0.001964209058477811,-0.000513372259353388,-0.01789547076109458,3.212717849161802,0.001964209058477811,-0.03646239927845534,-0.01789547076109458,1,False,0.0
143000.0,0.002,2,stay,data,16.0,11.697405529622952,-0.029116878236242406,0.03662616741848772,0.0234,True,3.2143680165328425,3.3342942161841527,3.227039131571072,3.321000437028616,0.002,0.002,0.8920454116169482,0.10800325065756017,2,2,3.21044921875,-0.008263806523297085,-0.010255388010311561,3.2132736258947094,-0.008513157428723273,3.2132736258947094,-0.008513157428723273,-0.008237540487975037,141721.03255987167,141970.50167946983,,1,3.2132736258947094,0.0022109456272444592,-0.0003404683696777073,0.1054728136222296,3.2132736258947094,0.0022109456272444592,-0.03629571430800193,0.1054728136222296,1,False,0.0
143000.0,0.002,2,stay2,cov,4.0,11.697405529622952,-0.029116878236242406,0.03662616741848772,0.0234,True,3.2143680165328425,3.3342942161841527,3.227039131571072,3.321000437028616,0.002,0.002,0.8920454116169482,0.10800325065756017,2,2,3.21044921875,-0.008263806523297085,-0.010255388010311561,3.2140370997171877,-0.008041946902438757,3.2140370997171877,-0.008041946902438757,-0.008237540487975037,141721.03255987167,142037.97407742898,,1,3.2140370997171877,0.002261972516138682,-0.00010294926217310757,0.1309862580693409,3.2140370997171877,0.002261972516138682,-0.0360667381670326,0.1309862580693409,1,False,0.0
143000.0,0.002,2,stay2,cov,16.0,11.697405529622952,-0.029116878236242406,0.03662616741848772,0.0234,True,3.2143680165328425,3.3342942161841527,3.227039131571072,3.321000437028616,0.002,0.002,0.8920454116169482,0.10800325065756017,2,2,3.21044921875,-0.008263806523297085,-0.010255388010311561,3.2139999504646175,-0.008064877743709786,3.2139999504646175,-0.008064877743709786,-0.008237540487975037,141721.03255987167,142034.69062181524,,2,3.2139999504646175,0.002271401463677872,-0.000114506511492125,0.1357007318389359,3.3289826093460566,0.0034056501513191244,-0.0015930228389307508,0.7028250756595622,2,True,0.035146863935631885
143000.0,0.002,2,stay2,data,4.0,11.697405529622952,-0.029116878236242406,0.03662616741848772,0.0234,True,3.2143680165328425,3.3342942161841527,3.227039131571072,3.321000437028616,0.002,0.002,0.8920454116169482,0.10800325065756017,2,2,3.21044921875,-0.008263806523297085,-0.010255388010311561,3.2137472171306487,-0.008220873523219097,3.2137472171306487,-0.008220873523219097,-0.008237540487975037,141721.03255987167,142012.35366470608,,1,3.2137472171306487,0.002128164647880776,-0.0001931326466044981,0.064082323940388,3.2137472171306487,0.002128164647880776,-0.03615367788133012,0.064082323940388,1,False,0.0
143000.0,0.002,2,stay2,data,16.0,11.697405529622952,-0.029116878236242406,0.03662616741848772,0.0234,True,3.2143680165328425,3.3342942161841527,3.227039131571072,3.321000437028616,0.002,0.002,0.8920454116169482,0.10800325065756017,2,2,3.21044921875,-0.008263806523297085,-0.010255388010311561,3.2141569702463446,-0.007967953510077397,3.2141569702463446,-0.007967953510077397,-0.008237540487975037,141721.03255987167,142048.56915401845,,2,3.2141569702463446,0.0022831136916645857,-6.565716352714732e-05,0.1415568458322928,3.3327926648921005,0.004174939422099988,-0.0004503355716972743,1.0874697110499938,2,True,0.036241517426381466
143000.0,0.002,2,stay+deck,cov,4.0,11.697405529622952,-0.029116878236242406,0.03662616741848772,0.0234,True,3.2143680165328425,3.3342942161841527,3.227039131571072,3.321000437028616,0.002,0.002,0.8920454116169482,0.10800325065756017,2,2,3.21044921875,-0.008263806523297085,-0.010255388010311561,3.213357586143561,-0.00846134324836012,3.213357586143561,-0.00846134324836012,-0.008237540487975037,141721.03255987167,141977.92092586262,,2,3.213357586143561,0.0020087567247074525,-0.0003143480721822876,0.004378362353726212,3.333171424048252,0.0021710615323660668,-0.00033674057029839654,0.08553076618303336,2,True,0.03660377513585038
143000.0,0.002,2,stay+deck,cov,16.0,11.697405529622952,-0.029116878236242406,0.03662616741848772,0.0234,True,3.2143680165328425,3.3342942161841527,3.227039131571072,3.321000437028616,0.002,0.002,0.8920454116169482,0.10800325065756017,2,2,3.21044921875,-0.008263806523297085,-0.010255388010311561,3.21377844526995,-0.008201599096762657,3.21377844526995,-0.008201599096762657,-0.008237540487975037,141721.03255987167,142015.11356012386,,2,3.21377844526995,0.0024060456228260987,-0.0001834174742469768,0.20302281141304934,3.332126857542324,0.0017363483901073262,-0.0006500202145655542,-0.13182580494633692,2,True,0.03615952470975371
143000.0,0.002,2,stay+deck,data,4.0,11.697405529622952,-0.029116878236242406,0.03662616741848772,0.0234,True,3.2143680165328425,3.3342942161841527,3.227039131571072,3.321000437028616,0.002,0.002,0.8920454116169482,0.10800325065756017,2,2,3.21044921875,-0.008263806523297085,-0.010255388010311561,3.2134163257630317,-0.008425092607615037,3.2134163257630317,-0.008425092607615037,-0.008237540487975037,141721.03255987167,141983.11163685526,,2,3.2134163257630317,0.0019696996540866075,-0.0002960739918129743,-0.01515017295669629,3.3332125122068965,0.0021472085013286334,-0.000324417674962734,0.07360425066431668,2,True,0.03659782444028487
143000.0,0.002,2,stay+deck,data,16.0,11.697405529622952,-0.029116878236242406,0.03662616741848772,0.0234,True,3.2143680165328425,3.3342942161841527,3.227039131571072,3.321000437028616,0.002,0.002,0.8920454116169482,0.10800325065756017,2,2,3.21044921875,-0.008263806523297085,-0.010255388010311561,3.2141272636158247,-0.007986291004826507,3.2141272636158247,-0.007986291004826507,-0.008237540487975037,141721.03255987167,142045.94341738007,,2,3.2141272636158247,0.002248124806292929,-7.489898971728442e-05,0.12406240314646443,3.332804506324437,0.0017749599835860347,-0.0004467841657418609,-0.11252000820698269,2,True,0.036254308698773906
147000.0,0.002,0,stay,cov,4.0,7.82780316093748,-0.015036997071102938,0.027464172230485424,0.0234,True,3.251453429339181,3.3419952341831007,3.27180235460519,3.321000437028616,0.002,0.002,0.7725174835975883,0.22752755999503582,3,2,3.2470703125,-0.012861720410581421,-0.015061157635355427,3.253079542050351,-0.011412206547130266,3.253079542050351,-0.011412206547130266,-0.012777950006257434,144972.65219688416,145509.73946996464,,1,3.253079542050351,0.004409379321678095,0.0005001187150635488,1.2046896608390476,3.253079542050351,0.004409379321678095,-0.026605571193905046,1.2046896608390476,1,False,0.0
147000.0,0.002,0,stay,cov,16.0,7.82780316093748,-0.015036997071102938,0.027464172230485424,0.0234,True,3.251453429339181,3.3419952341831007,3.27180235460519,3.321000437028616,0.002,0.002,0.7725174835975883,0.22752755999503582,3,2,3.2470703125,-0.012861720410581421,-0.015061157635355427,3.252909298498089,-0.011515675455074703,3.252909298498089,-0.011515675455074703,-0.012777950006257434,144972.65219688416,145494.5099335108,,1,3.252909298498089,0.0011482197726362777,0.00044775949911245476,-0.4258901136818612,3.252909298498089,0.0011482197726362777,-0.026656511886614716,-0.4258901136818612,1,False,0.0
147000.0,0.002,0,stay,data,4.0,7.82780316093748,-0.015036997071102938,0.027464172230485424,0.0234,True,3.251453429339181,3.3419952341831007,3.27180235460519,3.321000437028616,0.002,0.002,0.7725174835975883,0.22752755999503582,3,2,3.2470703125,-0.012861720410581421,-0.015061157635355427,3.253965304413584,-0.010873779458425936,3.253965304413584,-0.010873779458425936,-0.012777950006257434,144972.65219688416,145588.9902820016,,1,3.253965304413584,0.00415408081533135,0.0007725391517952088,1.077040407665675,3.253965304413584,0.00415408081533135,-0.02634053120995374,1.077040407665675,1,False,0.0
147000.0,0.002,0,stay,data,16.0,7.82780316093748,-0.015036997071102938,0.027464172230485424,0.0234,True,3.251453429339181,3.3419952341831007,3.27180235460519,3.321000437028616,0.002,0.002,0.7725174835975883,0.22752755999503582,3,2,3.2470703125,-0.012861720410581421,-0.015061157635355427,3.2519888499845964,-0.012075002578884386,3.2519888499845964,-0.012075002578884386,-0.012777950006257434,144972.65219688416,145412.1828558319,,1,3.2519888499845964,0.001401948681180286,0.00016467117153954773,-0.299025659409857,3.2519888499845964,0.001401948681180286,-0.026931930745408453,-0.299025659409857,1,False,0.0
147000.0,0.002,0,stay2,cov,4.0,7.82780316093748,-0.015036997071102938,0.027464172230485424,0.0234,True,3.251453429339181,3.3419952341831007,3.27180235460519,3.321000437028616,0.002,0.002,0.7725174835975883,0.22752755999503582,3,2,3.2470703125,-0.012861720410581421,-0.015061157635355427,3.2526003748948735,-0.011703416096557895,3.2526003748948735,-0.011703416096557895,-0.012777950006257434,144972.65219688416,145466.87648303623,,1,3.2526003748948735,0.0030173155312998947,0.0003527485724824997,0.5086577656499474,3.2526003748948735,0.0030173155312998947,-0.026748948763859744,0.5086577656499474,1,False,0.0
147000.0,0.002,0,stay2,cov,16.0,7.82780316093748,-0.015036997071102938,0.027464172230485424,0.0234,True,3.251453429339181,3.3419952341831007,3.27180235460519,3.321000437028616,0.002,0.002,0.7725174835975883,0.22752755999503582,3,2,3.2470703125,-0.012861720410581421,-0.015061157635355427,3.2546177057634327,-0.010477111447997012,3.2546177057634327,-0.010477111447997012,-0.012777950006257434,144972.65219688416,145647.3756466964,,2,3.2546177057634327,0.002520965184388307,0.0009731882965628017,0.26048259219415354,3.336495237621321,0.0042871739988412675,-0.0016457224431452773,1.1435869994206338,2,True,0.02484482743997452
147000.0,0.002,0,stay2,data,4.0,7.82780316093748,-0.015036997071102938,0.027464172230485424,0.0234,True,3.251453429339181,3.3419952341831007,3.27180235460519,3.321000437028616,0.002,0.002,0.7725174835975883,0.22752755999503582,3,2,3.2470703125,-0.012861720410581421,-0.015061157635355427,3.2525125422142214,-0.011756790969710496,3.2525125422142214,-0.011756790969710496,-0.012777950006257434,144972.65219688416,145459.02026233624,,1,3.2525125422142214,0.00279167420101587,0.0003257352129001032,0.39583710050793486,3.2525125422142214,0.00279167420101587,-0.026775230273705652,0.39583710050793486,1,False,0.0
147000.0,0.002,0,stay2,data,16.0,7.82780316093748,-0.015036997071102938,0.027464172230485424,0.0234,True,3.251453429339181,3.3419952341831007,3.27180235460519,3.321000437028616,0.002,0.002,0.7725174835975883,0.22752755999503582,3,2,3.2470703125,-0.012861720410581421,-0.015061157635355427,3.252142066352471,-0.011981908873704983,3.252142066352471,-0.011981908873704983,-0.012777950006257434,144972.65219688416,145425.88527141567,,2,3.252142066352471,0.00391278532461438,0.00021179359577366545,0.9563926623071899,3.33984578217737,0.003385796258075408,-0.0006431642941155185,0.6928981290377041,2,True,0.026609186133271966
147000.0,0.002,0,stay+deck,cov,4.0,7.82780316093748,-0.015036997071102938,0.027464172230485424,0.0234,True,3.251453429339181,3.3419952341831007,3.27180235460519,3.321000437028616,0.002,0.002,0.7725174835975883,0.22752755999503582,3,2,3.2470703125,-0.012861720410581421,-0.015061157635355427,3.2528846574958283,-0.011530651066127384,3.2528846574958283,-0.011530651066127384,-0.012777950006257434,144972.65219688416,145492.30568086158,,2,3.2528846574958283,0.0028043596022632915,0.00044018104141765765,0.40217980113164575,3.342420977332239,0.002845600103521569,0.00012739190791880082,0.42280005176078456,2,True,0.02715153013185405
147000.0,0.002,0,stay+deck,cov,16.0,7.82780316093748,-0.015036997071102938,0.027464172230485424,0.0234,True,3.251453429339181,3.3419952341831007,3.27180235460519,3.321000437028616,0.002,0.002,0.7725174835975883,0.22752755999503582,3,2,3.2470703125,-0.012861720410581421,-0.015061157635355427,3.2587222569169945,-0.007979670098456126,3.2587222569169945,-0.007979670098456126,-0.012777950006257434,144972.65219688416,146014.97278123512,,2,3.2587222569169945,0.004732332035735384,0.002235562567873213,1.366166017867692,3.342028922094753,0.0028403685513561463,1.008017944121714e-05,0.4201842756780731,2,True,0.02524157112379778
147000.0,0.002,0,stay+deck,data,4.0,7.82780316093748,-0.015036997071102938,0.027464172230485424,0.0234,True,3.251453429339181,3.3419952341831007,3.27180235460519,3.321000437028616,0.002,0.002,0.7725174835975883,0.22752755999503582,3,2,3.2470703125,-0.012861720410581421,-0.015061157635355427,3.253059496968172,-0.01142438962611858,3.253059496968172,-0.01142438962611858,-0.012777950006257434,144972.65219688416,145507.94624870372,,2,3.253059496968172,0.002622933497245638,0.0004939537544960268,0.3114667486228189,3.342232783551471,0.0028096533738601968,7.108010386742415e-05,0.4048266869300984,2,True,0.02704149650704277
147000.0,0.002,0,stay+deck,data,16.0,7.82780316093748,-0.015036997071102938,0.027464172230485424,0.0234,True,3.251453429339181,3.3419952341831007,3.27180235460519,3.321000437028616,0.002,0.002,0.7725174835975883,0.22752755999503582,3,2,3.2470703125,-0.012861720410581421,-0.015061157635355427,3.255369311961525,-0.010020027095622885,3.255369311961525,-0.010020027095622885,-0.012777950006257434,144972.65219688416,145714.65366233673,,2,3.255369311961525,0.0036863954712776743,0.0012043483652601692,0.8431977356388372,3.3416088018060552,0.0027461564010634694,-0.00011562924240373894,0.3730782005317346,2,True,0.026145149599496927
147000.0,0.002,1,stay,cov,4.0,7.82780316093748,-0.015036997071102938,0.027464172230485424,0.0234,True,3.251453429339181,3.3419952341831007,3.27180235460519,3.321000437028616,0.002,0.002,0.7725174835975883,0.22752755999503582,4,2,3.25927734375,-0.012861720410581421,-0.007641682213053946,3.2529002663135214,-0.011521164793784955,3.2529002663135214,-0.011521164793784955,-0.012777950006257434,146064.72104787827,145493.70196051046,,1,3.2529002663135214,0.002851885449824536,0.0004449816076973958,0.4259427249122679,3.2529002663135214,0.002851885449824536,-0.026659214519004923,0.4259427249122679,1,False,0.0
147000.0,0.002,1,stay,cov,16.0,7.82780316093748,-0.015036997071102938,0.027464172230485424,0.0234,True,3.251453429339181,3.3419952341831007,3.27180235460519,3.321000437028616,0.002,0.002,0.7725174835975883,0.22752755999503582,4,2,3.25927734375,-0.012861720410581421,-0.007641682213053946,3.2537973545063266,-0.010975882188061115,3.2537973545063266,-0.010975882188061115,-0.012777950006257434,146064.72104787827,145573.9618326451,,1,3.2537973545063266,0.0019158460827725875,0.0007208853572976258,-0.04207695861370626,3.2537973545063266,0.0019158460827725875,-0.026390785592587115,-0.04207695861370626,1,False,0.0
147000.0,0.002,1,stay,data,4.0,7.82780316093748,-0.015036997071102938,0.027464172230485424,0.0234,True,3.251453429339181,3.3419952341831007,3.27180235460519,3.321000437028616,0.002,0.002,0.7725174835975883,0.22752755999503582,4,2,3.25927734375,-0.012861720410581421,-0.007641682213053946,3.253128026610945,-0.011382738099560696,3.253128026610945,-0.011382738099560696,-0.012777950006257434,146064.72104787827,145514.07691592225,,1,3.253128026610945,0.0028219736106390343,0.0005150303727721981,0.41098680531951715,3.253128026610945,0.0028219736106390343,-0.026591063524923953,0.41098680531951715,1,False,0.0
147000.0,0.002,1,stay,data,16.0,7.82780316093748,-0.015036997071102938,0.027464172230485424,0.0234,True,3.251453429339181,3.3419952341831007,3.27180235460519,3.321000437028616,0.002,0.002,0.7725174835975883,0.22752755999503582,4,2,3.25927734375,-0.012861720410581421,-0.007641682213053946,3.2548650043054215,-0.010326730121128613,3.2548650043054215,-0.010326730121128613,-0.012777950006257434,146064.72104787827,145669.5101984668,,1,3.2548650043054215,0.0017754461612876956,0.0010492461418812426,-0.11227691935615221,3.2548650043054215,0.0017754461612876956,-0.02607132080455432,-0.11227691935615221,1,False,0.0
147000.0,0.002,1,stay2,cov,4.0,7.82780316093748,-0.015036997071102938,0.027464172230485424,0.0234,True,3.251453429339181,3.3419952341831007,3.27180235460519,3.321000437028616,0.002,0.002,0.7725174835975883,0.22752755999503582,4,2,3.25927734375,-0.012861720410581421,-0.007641682213053946,3.251643096117168,-0.012285065248766047,3.251643096117168,-0.012285065248766047,-0.012777950006257434,146064.72104787827,145381.2638372386,,2,3.251643096117168,0.0022360010801081498,5.8332921602328e-05,0.11800054005407486,3.346905341202028,0.011473333884596846,0.0014692142492319998,4.736666942298423,2,True,0.02887369729563197
147000.0,0.002,1,stay2,cov,16.0,7.82780316093748,-0.015036997071102938,0.027464172230485424,0.0234,True,3.251453429339181,3.3419952341831007,3.27180235460519,3.321000437028616,0.002,0.002,0.7725174835975883,0.22752755999503582,4,2,3.25927734375,-0.012861720410581421,-0.007641682213053946,3.254399409191383,-0.010609847289730578,3.254399409191383,-0.010609847289730578,-0.012777950006257434,146064.72104787827,145627.8383249968,,2,3.254399409191383,0.0017206365078413174,0.0009060501453347754,-0.13968174607934133,3.3402561791564334,0.001710853630854175,-0.0005203643047960435,-0.14457318457291257,2,True,0.026038287766461072
147000.0,0.002,1,stay2,data,4.0,7.82780316093748,-0.015036997071102938,0.027464172230485424,0.0234,True,3.251453429339181,3.3419952341831007,3.27180235460519,3.321000437028616,0.002,0.002,0.7725174835975883,0.22752755999503582,4,2,3.25927734375,-0.012861720410581421,-0.007641682213053946,3.2520116868800484,-0.012061127242812497,3.2520116868800484,-0.012061127242812497,-0.012777950006257434,146064.72104787827,145414.22515956074,,1,3.2520116868800484,0.0020771960387438596,0.0001716947675861495,0.03859801937192977,3.2520116868800484,0.0020771960387438596,-0.026925097433613623,0.03859801937192977,1,False,0.0
147000.0,0.002,1,stay2,data,16.0,7.82780316093748,-0.015036997071102938,0.027464172230485424,0.0234,True,3.251453429339181,3.3419952341831007,3.27180235460519,3.321000437028616,0.002,0.002,0.7725174835975883,0.22752755999503582,4,2,3.25927734375,-0.012861720410581421,-0.007641682213053946,3.2545218698986464,-0.010535385810216624,3.2545218698986464,-0.010535385810216624,-0.012777950006257434,146064.72104787827,145638.798272668,,2,3.2545218698986464,0.001827321116116426,0.0009437135195533987,-0.08633944194178704,3.3378366662303542,0.002030478228459336,-0.0012443368889970882,0.01523911422966805,2,True,0.025276172670253404
147000.0,0.002,1,stay+deck,cov,4.0,7.82780316093748,-0.015036997071102938,0.027464172230485424,0.0234,True,3.251453429339181,3.3419952341831007,3.27180235460519,3.321000437028616,0.002,0.002,0.7725174835975883,0.22752755999503582,4,2,3.25927734375,-0.012861720410581421,-0.007641682213053946,3.2537506699068617,-0.011004262482552485,3.2537506699068617,-0.011004262482552485,-0.012777950006257434,146064.72104787827,145569.7845513911,,2,3.2537506699068617,0.0016009250170240952,0.0007065272862135895,-0.19953749148795238,3.344158634913103,0.0026707348548514883,0.0006473380655586839,0.33536742742574416,2,True,0.027405034179598633
147000.0,0.002,1,stay+deck,cov,16.0,7.82780316093748,-0.015036997071102938,0.027464172230485424,0.0234,True,3.251453429339181,3.3419952341831007,3.27180235460519,3.321000437028616,0.002,0.002,0.7725174835975883,0.22752755999503582,4,2,3.25927734375,-0.012861720410581421,-0.007641682213053946,3.2545106001021837,-0.010542238457670106,3.2545106001021837,-0.010542238457670106,-0.012777950006257434,146064.72104787827,145637.7896349403,,2,3.2545106001021837,0.0017042692628962408,0.0009402474399346603,-0.14786536855187962,3.345968019299951,0.0016475489750270161,0.0011887464937757077,-0.17622551248649196,2,True,0.027712359806432163
147000.0,0.002,1,stay+deck,data,4.0,7.82780316093748,-0.015036997071102938,0.027464172230485424,0.0234,True,3.251453429339181,3.3419952341831007,3.27180235460519,3.321000437028616,0.002,0.002,0.7725174835975883,0.22752755999503582,4,2,3.25927734375,-0.012861720410581421,-0.007641682213053946,3.253602446036542,-0.011094367381062509,3.253602446036542,-0.011094367381062509,-0.012777950006257434,146064.72104787827,145556.5220567558,,2,3.253602446036542,0.0015510294084748084,0.0006609403283988502,-0.2244852957625958,3.34351697696663,0.002373947871128683,0.00045533960311023626,0.1869739355643415,2,True,0.027258724653845014
147000.0,0.002,1,stay+deck,data,16.0,7.82780316093748,-0.015036997071102938,0.027464172230485424,0.0234,True,3.251453429339181,3.3419952341831007,3.27180235460519,3.321000437028616,0.002,0.002,0.7725174835975883,0.22752755999503582,4,2,3.25927734375,-0.012861720410581421,-0.007641682213053946,3.2546573614911676,-0.010452997716146606,3.2546573614911676,-0.010452997716146606,-0.012777950006257434,146064.72104787827,145650.92493474393,,2,3.2546573614911676,0.0016946841920057675,0.0009853846046436955,-0.15265790399711626,3.343613593334477,0.0018527460882585408,0.0004842493893537514,-0.07362695587072961,2,True,0.026963497695786907
147000.0,0.002,2,stay,cov,4.0,7.82780316093748,-0.015036997071102938,0.027464172230485424,0.0234,True,3.251453429339181,3.3419952341831007,3.27180235460519,3.321000437028616,0.002,0.002,0.7725174835975883,0.22752755999503582,2,2,3.2470703125,-0.012861720410581421,-0.015061157635355427,3.250793420713631,-0.012801190427278675,3.250793420713631,-0.012801190427278675,-0.012777950006257434,144972.65219688416,145305.29563213166,,1,3.250793420713631,0.0031595661760323627,-0.0002029887986690536,0.5797830880161813,3.250793420713631,0.0031595661760323627,-0.027289630020002932,0.5797830880161813,1,False,0.0
147000.0,0.002,2,stay,cov,16.0,7.82780316093748,-0.015036997071102938,0.027464172230485424,0.0234,True,3.251453429339181,3.3419952341831007,3.27180235460519,3.321000437028616,0.002,0.002,0.7725174835975883,0.22752755999503582,2,2,3.2470703125,-0.012861720410581421,-0.015061157635355427,3.2519234445029865,-0.012114741374704918,3.2519234445029865,-0.012114741374704918,-0.012777950006257434,144972.65219688416,145406.33372248732,,1,3.2519234445029865,0.002156955337382873,0.0001445554039201669,0.0784776686914364,3.2519234445029865,0.002156955337382873,-0.026951501533822763,0.0784776686914364,1,False,0.0
147000.0,0.002,2,stay,data,4.0,7.82780316093748,-0.015036997071102938,0.027464172230485424,0.0234,True,3.251453429339181,3.3419952341831007,3.27180235460519,3.321000437028616,0.002,0.002,0.7725174835975883,0.22752755999503582,2,2,3.2470703125,-0.012861720410581421,-0.015061157635355427,3.2512570710850355,-0.012519568265120351,3.2512570710850355,-0.012519568265120351,-0.012777950006257434,144972.65219688416,145346.7474563561,,1,3.2512570710850355,0.003039434331518325,-6.039091698915428e-05,0.5197171657591625,3.2512570710850355,0.003039434331518325,-0.02715089542018596,0.5197171657591625,1,False,0.0
147000.0,0.002,2,stay,data,16.0,7.82780316093748,-0.015036997071102938,0.027464172230485424,0.0234,True,3.251453429339181,3.3419952341831007,3.27180235460519,3.321000437028616,0.002,0.002,0.7725174835975883,0.22752755999503582,2,2,3.2470703125,-0.012861720410581421,-0.015061157635355427,3.2507872078409403,-0.012804963865863939,3.2507872078409403,-0.012804963865863939,-0.012777950006257434,144972.65219688416,145304.7402216066,,1,3.2507872078409403,0.0020537314373081997,-0.00020489959727821563,0.02686571865409982,3.2507872078409403,0.0020537314373081997,-0.027291489050987473,0.02686571865409982,1,False,0.0
147000.0,0.002,2,stay2,cov,4.0,7.82780316093748,-0.015036997071102938,0.027464172230485424,0.0234,True,3.251453429339181,3.3419952341831007,3.27180235460519,3.321000437028616,0.002,0.002,0.7725174835975883,0.22752755999503582,2,2,3.2470703125,-0.012861720410581421,-0.015061157635355427,3.251472784191856,-0.012388530002915843,3.251472784191856,-0.012388530002915843,-0.012777950006257434,144972.65219688416,145366.03491217966,,1,3.251472784191856,0.0024843011678536676,5.952677193709283e-06,0.24215058392683375,3.251472784191856,0.0024843011678536676,-0.027086349215986096,0.24215058392683375,1,False,0.0
147000.0,0.002,2,stay2,cov,16.0,7.82780316093748,-0.015036997071102938,0.027464172230485424,0.0234,True,3.251453429339181,3.3419952341831007,3.27180235460519,3.321000437028616,0.002,0.002,0.7725174835975883,0.22752755999503582,2,2,3.2470703125,-0.012861720410581421,-0.015061157635355427,3.2511463310888975,-0.012586835610936098,3.2511463310888975,-0.012586835610936098,-0.012777950006257434,144972.65219688416,145336.84640960098,,2,3.2511463310888975,0.0023062599392777642,-9.444953063520082e-05,0.1531299696388821,3.3419610498321752,0.0019557969421395718,-1.022872521655746e-05,-0.022101528930214144,2,True,0.027548381513116112
147000.0,0.002,2,stay2,data,4.0,7.82780316093748,-0.015036997071102938,0.027464172230485424,0.0234,True,3.251453429339181,3.3419952341831007,3.27180235460519,3.321000437028616,0.002,0.002,0.7725174835975883,0.22752755999503582,2,2,3.2470703125,-0.012861720410581421,-0.015061157635355427,,,,,-0.012777950006257434,144972.65219688416,,,0,,,,,,,,,0,False,0.0
147000.0,0.002,2,stay2,data,16.0,7.82780316093748,-0.015036997071102938,0.027464172230485424,0.0234,True,3.251453429339181,3.3419952341831007,3.27180235460519,3.321000437028616,0.002,0.002,0.7725174835975883,0.22752755999503582,2,2,3.2470703125,-0.012861720410581421,-0.015061157635355427,3.25087231909371,-0.012753270229341696,3.25087231909371,-0.012753270229341696,-0.012777950006257434,144972.65219688416,145312.34898193358,,1,3.25087231909371,0.0019202352245203192,-0.00017872322581259325,-0.03988238773984043,3.25087231909371,0.0019202352245203192,-0.027266021853458583,-0.03988238773984043,1,False,0.0
147000.0,0.002,2,stay+deck,cov,4.0,7.82780316093748,-0.015036997071102938,0.027464172230485424,0.0234,True,3.251453429339181,3.3419952341831007,3.27180235460519,3.321000437028616,0.002,0.002,0.7725174835975883,0.22752755999503582,2,2,3.2470703125,-0.012861720410581421,-0.015061157635355427,3.250790682604169,-0.01280285344114207,3.250790682604169,-0.01280285344114207,-0.012777950006257434,144972.65219688416,145305.0508539586,,2,3.250790682604169,0.002547320815367568,-0.00020383091728503117,0.27366040768378386,3.342650547306455,0.0029306425129009394,0.0001960843979224314,0.4653212564504697,2,True,0.027864012584375857
147000.0,0.002,2,stay+deck,cov,16.0,7.82780316093748,-0.015036997071102938,0.027464172230485424,0.0234,True,3.251453429339181,3.3419952341831007,3.27180235460519,3.321000437028616,0.002,0.002,0.7725174835975883,0.22752755999503582,2,2,3.2470703125,-0.012861720410581421,-0.015061157635355427,3.2511377981155634,-0.012592018742229816,3.2511377981155634,-0.012592018742229816,-0.012777950006257434,144972.65219688416,145336.08350711607,,2,3.2511377981155634,0.0021812872159991154,-9.707388725588761e-05,0.09064360799955766,3.342586684267182,0.002283651633620882,0.00017697514288218162,0.14182581681044104,2,True,0.027738158121696957
147000.0,0.002,2,stay+deck,data,4.0,7.82780316093748,-0.015036997071102938,0.027464172230485424,0.0234,True,3.251453429339181,3.3419952341831007,3.27180235460519,3.321000437028616,0.002,0.002,0.7725174835975883,0.22752755999503582,2,2,3.2470703125,-0.012861720410581421,-0.015061157635355427,3.250874136880759,-0.012752166153484401,3.250874136880759,-0.012752166153484401,-0.012777950006257434,144972.65219688416,145312.51149030303,,2,3.250874136880759,0.002151434019348766,-0.0001781641567412275,0.07571700967438293,3.342339816758223,0.0026584932071725513,0.00010310684216348715,0.3292466035862756,2,True,0.02774540020106008
147000.0,0.002,2,stay+deck,data,16.0,7.82780316093748,-0.015036997071102938,0.027464172230485424,0.0234,True,3.251453429339181,3.3419952341831007,3.27180235460519,3.321000437028616,0.002,0.002,0.7725174835975883,0.22752755999503582,2,2,3.2470703125,-0.012861720410581421,-0.015061157635355427,3.250757587353907,-0.012822954009590881,3.250757587353907,-0.012822954009590881,-0.012777950006257434,144972.65219688416,145302.09226141116,,2,3.250757587353907,0.002109558011590092,-0.00021400951924913742,0.05477900579504589,3.34241572329505,0.0022465361075274097,0.00012581978204168014,0.1232680537637048,2,True,0.027803951639827663
151600.0,0.002,0,stay,cov,4.0,5.845943950663557,0.0004617417787089486,0.0233792165249093,0.0234,True,3.283269380161662,3.3609375564655175,3.3225345900600525,3.321000437028616,0.002,0.002,0.4916701315917526,0.5083710170181857,3,2,3.28369140625,0.023251700900100918,-0.0232449825595763,,,,,0.022942813450352876,148261.1522078514,,,0,,,,,,,,,0,False,0.0
151600.0,0.002,0,stay,cov,16.0,5.845943950663557,0.0004617417787089486,0.0233792165249093,0.0234,True,3.283269380161662,3.3609375564655175,3.3225345900600525,3.321000437028616,0.002,0.002,0.4916701315917526,0.5083710170181857,3,2,3.28369140625,0.023251700900100918,-0.0232449825595763,3.283345526223,-0.023450740176362173,3.283345526223,-0.023450740176362173,0.022942813450352876,148261.1522078514,148229.9203628181,,2,3.283345526223,0.001681847425396251,2.319214554803028e-05,-0.15907628730187454,3.3602293222274886,0.0014974104425896685,-0.0002107251997783942,-0.25129477870516576,2,True,0.023145308891167393
151600.0,0.002,0,stay,data,4.0,5.845943950663557,0.0004617417787089486,0.0233792165249093,0.0234,True,3.283269380161662,3.3609375564655175,3.3225345900600525,3.321000437028616,0.002,0.002,0.4916701315917526,0.5083710170181857,3,2,3.28369140625,0.023251700900100918,-0.0232449825595763,,,,,0.022942813450352876,148261.1522078514,,,0,,,,,,,,,0,False,0.0
151600.0,0.002,0,stay,data,16.0,5.845943950663557,0.0004617417787089486,0.0233792165249093,0.0234,True,3.283269380161662,3.3609375564655175,3.3225345900600525,3.321000437028616,0.002,0.002,0.4916701315917526,0.5083710170181857,3,2,3.28369140625,0.023251700900100918,-0.0232449825595763,3.2833197987171063,-0.02346604412667963,3.2833197987171063,-0.02346604412667963,0.022942813450352876,148261.1522078514,148227.59738390642,,2,3.2833197987171063,0.0016536231475963745,1.5356204321537178e-05,-0.17318842620181277,3.3606471746393005,0.0013844973240935193,-8.639905423365434e-05,-0.30775133795324033,2,True,0.023277471496258764
151600.0,0.002,0,stay2,cov,4.0,5.845943950663557,0.0004617417787089486,0.0233792165249093,0.0234,True,3.283269380161662,3.3609375564655175,3.3225345900600525,3.321000437028616,0.002,0.002,0.4916701315917526,0.5083710170181857,3,2,3.28369140625,0.023251700900100918,-0.0232449825595763,,,,,0.022942813450352876,148261.1522078514,,,0,,,,,,,,,0,False,0.0
151600.0,0.002,0,stay2,cov,16.0,5.845943950663557,0.0004617417787089486,0.0233792165249093,0.0234,True,3.283269380161662,3.3609375564655175,3.3225345900600525,3.321000437028616,0.002,0.002,0.4916701315917526,0.5083710170181857,3,2,3.28369140625,0.023251700900100918,-0.0232449825595763,3.283327845134175,-0.023461257746064557,3.283327845134175,-0.023461257746064557,0.022942813450352876,148261.1522078514,148228.32390620958,,2,3.283327845134175,0.002375799072115944,1.780693745883613e-05,0.18789953605797194,3.3607973504808006,0.0017441748151947902,-4.171633133949492e-05,-0.12791259240260494,2,True,0.023319700657583754
151600.0,0.002,0,stay2,data,4.0,5.845943950663557,0.0004617417787089486,0.0233792165249093,0.0234,True,3.283269380161662,3.3609375564655175,3.3225345900600525,3.321000437028616,0.002,0.002,0.4916701315917526,0.5083710170181857,3,2,3.28369140625,0.023251700900100918,-0.0232449825595763,,,,,0.022942813450352876,148261.1522078514,,,0,,,,,,,,,0,False,0.0
151600.0,0.002,0,stay2,data,16.0,5.845943950663557,0.0004617417787089486,0.0233792165249093,0.0234,True,3.283269380161662,3.3609375564655175,3.3225345900600525,3.321000437028616,0.002,0.002,0.4916701315917526,0.5083710170181857,3,2,3.28369140625,0.023251700900100918,-0.0232449825595763,3.2835504406610387,-0.023328842992149323,3.2835504406610387,-0.023328842992149323,0.022942813450352876,148261.1522078514,148248.4230750229,,2,3.2835504406610387,0.001509777045639159,8.56038499536637e-05,-0.2451114771804205,3.3620721975979637,0.0014842788490467321,0.0003375966120713774,-0.25786057547663394,2,True,0.02363112117888651
151600.0,0.002,0,stay+deck,cov,4.0,5.845943950663557,0.0004617417787089486,0.0233792165249093,0.0234,True,3.283269380161662,3.3609375564655175,3.3225345900600525,3.321000437028616,0.002,0.002,0.4916701315917526,0.5083710170181857,3,2,3.28369140625,0.023251700900100918,-0.0232449825595763,3.28444485628547,-0.02279669406803697,3.28444485628547,-0.02279669406803697,0.022942813450352876,148261.1522078514,148329.19769222612,,2,3.28444485628547,0.0017237447830052977,0.00035802000618967894,-0.13812760849735117,3.3619982721968995,0.0020663296921233478,0.0003156011421103244,0.033164846061673865,2,True,0.023336817727089485
151600.0,0.002,0,stay+deck,cov,16.0,5.845943950663557,0.0004617417787089486,0.0233792165249093,0.0234,True,3.283269380161662,3.3609375564655175,3.3225345900600525,3.321000437028616,0.002,0.002,0.4916701315917526,0.5083710170181857,3,2,3.28369140625,0.023251700900100918,-0.0232449825595763,3.2831809496391395,-0.023548636125432232,3.2831809496391395,-0.023548636125432232,0.022942813450352876,148261.1522078514,148215.06078600872,,2,3.2831809496391395,0.001512858073777223,-2.6933678685247804e-05,-0.2435709631113885,3.3610090762252125,0.001559945920370994,2.1279704991069877e-05,-0.22002703981450306,2,True,0.02342742344306993
151600.0,0.002,0,stay+deck,data,4.0,5.845943950663557,0.0004617417787089486,0.0233792165249093,0.0234,True,3.283269380161662,3.3609375564655175,3.3225345900600525,3.321000437028616,0.002,0.002,0.4916701315917526,0.5083710170181857,3,2,3.28369140625,0.023251700900100918,-0.0232449825595763,3.2850177883411176,-0.022455741514557648,3.2850177883411176,-0.022455741514557648,0.022942813450352876,148261.1522078514,148380.95070861655,,2,3.2850177883411176,0.001498963117684171,0.0005325204779175212,-0.2505184411579145,3.362441382270127,0.0020228373609343553,0.00044744235182729564,0.011418680467177632,2,True,0.023294191642816913
151600.0,0.002,0,stay+deck,data,16.0,5.845943950663557,0.0004617417787089486,0.0233792165249093,0.0234,True,3.283269380161662,3.3609375564655175,3.3225345900600525,3.321000437028616,0.002,0.002,0.4916701315917526,0.5083710170181857,3,2,3.28369140625,0.023251700900100918,-0.0232449825595763,3.2836230293026034,-0.023285660456990653,3.2836230293026034,-0.023285660456990653,0.022942813450352876,148261.1522078514,148254.97773028808,,2,3.2836230293026034,0.0016201561717928822,0.00010771249629358135,-0.1899219141035589,3.3616584879340707,0.0011279132945960831,0.0002145030832739985,-0.43604335270195843,2,True,0.023485975252984327
151600.0,0.002,1,stay,cov,4.0,5.845943950663557,0.0004617417787089486,0.0233792165249093,0.0234,True,3.283269380161662,3.3609375564655175,3.3225345900600525,3.321000437028616,0.002,0.002,0.4916701315917526,0.5083710170181857,3,2,3.28369140625,0.023251700900100918,-0.0232449825595763,3.3186184869619426,-0.002355909403449763,3.3186184869619426,-0.002355909403449763,0.022942813450352876,148261.1522078514,151431.89410257663,,1,3.3186184869619426,0.0111896575769618,0.010766435131356835,4.5948287884809,3.3186184869619426,0.0111896575769618,-0.012591447711417507,4.5948287884809,0,False,0.0
151600.0,0.002,1,stay,cov,16.0,5.845943950663557,0.0004617417787089486,0.0233792165249093,0.0234,True,3.283269380161662,3.3609375564655175,3.3225345900600525,3.321000437028616,0.002,0.002,0.4916701315917526,0.5083710170181857,3,2,3.28369140625,0.023251700900100918,-0.0232449825595763,3.2819951624198462,-0.0242538390809679,3.2819951624198462,-0.0242538390809679,0.022942813450352876,148261.1522078514,148108.018384525,,2,3.2819951624198462,0.0012350121190353813,-0.00038809418121913173,-0.38249394048230934,3.3592513925405028,0.003248470268414825,-0.0005016945113339089,0.6242351342074124,2,True,0.02326558108671747
151600.0,0.002,1,stay,data,4.0,5.845943950663557,0.0004617417787089486,0.0233792165249093,0.0234,True,3.283269380161662,3.3609375564655175,3.3225345900600525,3.321000437028616,0.002,0.002,0.4916701315917526,0.5083710170181857,3,2,3.28369140625,0.023251700900100918,-0.0232449825595763,,,,,0.022942813450352876,148261.1522078514,,,0,,,,,,,,,0,False,0.0
151600.0,0.002,1,stay,data,16.0,5.845943950663557,0.0004617417787089486,0.0233792165249093,0.0234,True,3.283269380161662,3.3609375564655175,3.3225345900600525,3.321000437028616,0.002,0.002,0.4916701315917526,0.5083710170181857,3,2,3.28369140625,0.023251700900100918,-0.0232449825595763,3.281993157634809,-0.024255031136780847,3.281993157634809,-0.024255031136780847,0.022942813450352876,148261.1522078514,148107.83744297345,,2,3.281993157634809,0.0012411633672815628,-0.0003887047875401373,-0.37941831635921863,3.358084221681708,0.0030834214333319457,-0.0008489698888694103,0.5417107166659728,2,True,0.022918728111186885
151600.0,0.002,1,stay2,cov,4.0,5.845943950663557,0.0004617417787089486,0.0233792165249093,0.0234,True,3.283269380161662,3.3609375564655175,3.3225345900600525,3.321000437028616,0.002,0.002,0.4916701315917526,0.5083710170181857,3,2,3.28369140625,0.023251700900100918,-0.0232449825595763,3.2805164990863585,-0.02513286234667811,3.2805164990863585,-0.02513286234667811,0.022942813450352876,148261.1522078514,147974.591885695,,1,3.2805164990863585,0.0025294247405484166,-0.0008384572682147463,0.2647123702742083,3.2805164990863585,0.0025294247405484166,-0.02392816171917598,0.2647123702742083,1,False,0.0
151600.0,0.002,1,stay2,cov,16.0,5.845943950663557,0.0004617417787089486,0.0233792165249093,0.0234,True,3.283269380161662,3.3609375564655175,3.3225345900600525,3.321000437028616,0.002,0.002,0.4916701315917526,0.5083710170181857,3,2,3.28369140625,0.023251700900100918,-0.0232449825595763,3.281505397468762,-0.024545034277891897,3.281505397468762,-0.024545034277891897,0.022942813450352876,148261.1522078514,148063.8180122285,,2,3.281505397468762,0.0012591274340552322,-0.0005372640769466946,-0.37043628297238396,3.358465435212772,0.0026620301465960215,-0.0007355451302538995,0.3310150732980107,2,True,0.023180836085971098
151600.0,0.002,1,stay2,data,4.0,5.845943950663557,0.0004617417787089486,0.0233792165249093,0.0234,True,3.283269380161662,3.3609375564655175,3.3225345900600525,3.321000437028616,0.002,0.002,0.4916701315917526,0.5083710170181857,3,2,3.28369140625,0.023251700900100918,-0.0232449825595763,3.2798335131345757,-0.025538744316740747,3.2798335131345757,-0.025538744316740747,0.022942813450352876,148261.1522078514,147912.98326585954,,2,3.2798335131345757,0.0020460656372448937,-0.0010464773459791558,0.023032818622446827,3.362441160167406,0.0036481514692490924,0.00044737626826657126,0.8240757346245462,2,True,0.024873300517024452
151600.0,0.002,1,stay2,data,16.0,5.845943950663557,0.0004617417787089486,0.0233792165249093,0.0234,True,3.283269380161662,3.3609375564655175,3.3225345900600525,3.321000437028616,0.002,0.002,0.4916701315917526,0.5083710170181857,3,2,3.28369140625,0.023251700900100918,-0.0232449825595763,3.281690869879378,-0.024434764706538714,3.281690869879378,-0.024434764706538714,0.022942813450352876,148261.1522078514,148080.55577493293,,2,3.281690869879378,0.0010788844250388713,-0.00048077391755352024,-0.46055778748056436,3.3596126694984547,0.0027331854419559744,-0.00039420160142936036,0.3665927209779872,2,True,0.02346581485308123
151600.0,0.002,1,stay+deck,cov,4.0,5.845943950663557,0.0004617417787089486,0.0233792165249093,0.0234,True,3.283269380161662,3.3609375564655175,3.3225345900600525,3.321000437028616,0.002,0.002,0.4916701315917526,0.5083710170181857,3,2,3.28369140625,0.023251700900100918,-0.0232449825595763,3.2806599178103824,-0.02504762134439309,3.2806599178103824,-0.02504762134439309,0.022942813450352876,148261.1522078514,147987.53057450484,,2,3.2806599178103824,0.001475487842018722,-0.0007947755877256355,-0.262256078990639,3.36002440440012,0.0022729515233861335,-0.00027169563553499347,0.13647576169306674,2,True,0.023902502434664612
151600.0,0.002,1,stay+deck,cov,16.0,5.845943950663557,0.0004617417787089486,0.0233792165249093,0.0234,True,3.283269380161662,3.3609375564655175,3.3225345900600525,3.321000437028616,0.002,0.002,0.4916701315917526,0.5083710170181857,3,2,3.28369140625,0.023251700900100918,-0.0232449825595763,3.2811274281267515,-0.024769730442372406,3.2811274281267515,-0.024769730442372406,0.022942813450352876,148261.1522078514,148029.711494578,,2,3.2811274281267515,0.0013095278559520109,-0.0006523838853590944,-0.3452360720239946,3.3592087405915434,0.0018329118479692742,-0.0005143850026753233,-0.0835440760153629,2,True,0.02351727698143421
151600.0,0.002,1,stay+deck,data,4.0,5.845943950663557,0.0004617417787089486,0.0233792165249093,0.0234,True,3.283269380161662,3.3609375564655175,3.3225345900600525,3.321000437028616,0.002,0.002,0.4916701315917526,0.5083710170181857,3,2,3.28369140625,0.023251700900100918,-0.0232449825595763,3.2806121884236226,-0.025075989746979777,3.2806121884236226,-0.025075989746979777,0.022942813450352876,148261.1522078514,147983.22454896243,,2,3.2806121884236226,0.0013729663627219276,-0.0008093127399459743,-0.31351681863903624,3.3598078337154558,0.0021579436806354923,-0.00033613321612847565,0.07897184031774611,2,True,0.023852601199260255
151600.0,0.002,1,stay+deck,data,16.0,5.845943950663557,0.0004617417787089486,0.0233792165249093,0.0234,True,3.283269380161662,3.3609375564655175,3.3225345900600525,3.321000437028616,0.002,0.002,0.4916701315917526,0.5083710170181857,3,2,3.28369140625,0.023251700900100918,-0.0232449825595763,3.2811590669293906,-0.024750922720048307,3.2811590669293906,-0.024750922720048307,0.022942813450352876,148261.1522078514,148032.56630927805,,2,3.2811590669293906,0.0011459368597217013,-0.0006427475141157563,-0.42703157013914933,3.3591605575082895,0.002016253219377906,-0.0005287212057271318,0.00812660968895298,2,True,0.023493293995017355
151600.0,0.002,2,stay,cov,4.0,5.845943950663557,0.0004617417787089486,0.0233792165249093,0.0234,True,3.283269380161662,3.3609375564655175,3.3225345900600525,3.321000437028616,0.002,0.002,0.4916701315917526,0.5083710170181857,4,2,3.28369140625,0.023251700900100918,-0.0232449825595763,,,,,0.022942813450352876,148261.1522078514,,,0,,,,,,,,,0,False,0.0
151600.0,0.002,2,stay,cov,16.0,5.845943950663557,0.0004617417787089486,0.0233792165249093,0.0234,True,3.283269380161662,3.3609375564655175,3.3225345900600525,3.321000437028616,0.002,0.002,0.4916701315917526,0.5083710170181857,4,2,3.28369140625,0.023251700900100918,-0.0232449825595763,3.284476392621216,-0.022777928303442385,3.284476392621216,-0.022777928303442385,0.022942813450352876,148261.1522078514,148332.04613818356,,2,3.284476392621216,0.001588085134238024,0.0003676251686344434,-0.205957432880988,3.356629508611653,0.0015959790261624543,-0.0012817994328924406,-0.20201048691877285,2,True,0.021729247225839986
151600.0,0.002,2,stay,data,4.0,5.845943950663557,0.0004617417787089486,0.0233792165249093,0.0234,True,3.283269380161662,3.3609375564655175,3.3225345900600525,3.321000437028616,0.002,0.002,0.4916701315917526,0.5083710170181857,4,2,3.28369140625,0.023251700900100918,-0.0232449825595763,3.2957992273971954,-0.01602860498646097,3.2957992273971954,-0.01602860498646097,0.022942813450352876,148261.1522078514,149356.52252553933,,1,3.2957992273971954,0.004134384975987509,0.003816271461379929,1.0671924879937547,3.2957992273971954,0.004134384975987509,-0.019380999490161272,1.0671924879937547,1,False,0.0
151600.0,0.002,2,stay,data,16.0,5.845943950663557,0.0004617417787089486,0.0233792165249093,0.0234,True,3.283269380161662,3.3609375564655175,3.3225345900600525,3.321000437028616,0.002,0.002,0.4916701315917526,0.5083710170181857,4,2,3.28369140625,0.023251700900100918,-0.0232449825595763,3.2848940510154265,-0.02252938278044847,3.2848940510154265,-0.02252938278044847,0.022942813450352876,148261.1522078514,148369.77273795241,,2,3.2848940510154265,0.0017000597713247665,0.0004948332487066942,-0.14997011433761676,3.3562423556902474,0.001841806359667226,-0.0013969913740997087,-0.07909682016638703,2,True,0.021486775848416316
151600.0,0.002,2,stay2,cov,4.0,5.845943950663557,0.0004617417787089486,0.0233792165249093,0.0234,True,3.283269380161662,3.3609375564655175,3.3225345900600525,3.321000437028616,0.002,0.002,0.4916701315917526,0.5083710170181857,4,2,3.28369140625,0.023251700900100918,-0.0232449825595763,3.361544150108573,0.02361965706422109,3.361544150108573,0.02361965706422109,0.022942813450352876,148261.1522078514,155374.71225552607,,1,3.361544150108573,0.0031828656856814565,0.023840495824030427,0.5914328428407282,3.361544150108573,0.0031828656856814565,0.00018048346119628654,0.5914328428407282,1,False,0.0
151600.0,0.002,2,stay2,cov,16.0,5.845943950663557,0.0004617417787089486,0.0233792165249093,0.0234,True,3.283269380161662,3.3609375564655175,3.3225345900600525,3.321000437028616,0.002,0.002,0.4916701315917526,0.5083710170181857,4,2,3.28369140625,0.023251700900100918,-0.0232449825595763,3.2849497630331608,-0.022496226568216593,3.2849497630331608,-0.022496226568216593,0.022942813450352876,148261.1522078514,148374.80550270976,,2,3.2849497630331608,0.0013477270706232342,0.0005118017064491109,-0.3261364646883829,3.358669490340847,0.00204119704959364,-0.000674831378615598,0.020598524796820075,2,True,0.022192640636426328
151600.0,0.002,2,stay2,data,4.0,5.845943950663557,0.0004617417787089486,0.0233792165249093,0.0234,True,3.283269380161662,3.3609375564655175,3.3225345900600525,3.321000437028616,0.002,0.002,0.4916701315917526,0.5083710170181857,4,2,3.28369140625,0.023251700900100918,-0.0232449825595763,,,,,0.022942813450352876,148261.1522078514,,,0,,,,,,,,,0,False,0.0
151600.0,0.002,2,stay2,data,16.0,5.845943950663557,0.0004617417787089486,0.0233792165249093,0.0234,True,3.283269380161662,3.3609375564655175,3.3225345900600525,3.321000437028616,0.002,0.002,0.4916701315917526,0.5083710170181857,4,2,3.28369140625,0.023251700900100918,-0.0232449825595763,3.2847940428454225,-0.02258889980478629,3.2847940428454225,-0.02258889980478629,0.022942813450352876,148261.1522078514,148360.73867880067,,2,3.2847940428454225,0.0014461171591796814,0.00046437331428636605,-0.27694142041015934,3.359161331743034,0.002098604960372458,-0.0005284908429989488,0.04930248018622908,2,True,0.022386450451503274
151600.0,0.002,2,stay+deck,cov,4.0,5.845943950663557,0.0004617417787089486,0.0233792165249093,0.0234,True,3.283269380161662,3.3609375564655175,3.3225345900600525,3.321000437028616,0.002,0.002,0.4916701315917526,0.5083710170181857,4,2,3.28369140625,0.023251700900100918,-0.0232449825595763,3.2830220064652194,-0.02364317646579528,3.2830220064652194,-0.02364317646579528,0.022942813450352876,148261.1522078514,148200.71055535506,,2,3.2830220064652194,0.001646905227444902,-7.534371012541934e-05,-0.17654738627754898,3.3609714424036397,0.001988547565940282,1.0082287323952089e-05,-0.0057262170298590966,2,True,0.023464633593728544
151600.0,0.002,2,stay+deck,cov,16.0,5.845943950663557,0.0004617417787089486,0.0233792165249093,0.0234,True,3.283269380161662,3.3609375564655175,3.3225345900600525,3.321000437028616,0.002,0.002,0.4916701315917526,0.5083710170181857,4,2,3.28369140625,0.023251700900100918,-0.0232449825595763,3.2835816395989665,-0.023310283053378233,3.2835816395989665,-0.023310283053378233,0.022942813450352876,148261.1522078514,148251.24027878226,,2,3.2835816395989665,0.001400861983605565,9.510624963987673e-05,-0.2995690081972175,3.3602020684684826,0.0015713654053846897,-0.00021883417489267467,-0.21431729730765517,2,True,0.02306529900318006
151600.0,0.002,2,stay+deck,data,4.0,5.845943950663557,0.0004617417787089486,0.0233792165249093,0.0234,True,3.283269380161662,3.3609375564655175,3.3225345900600525,3.321000437028616,0.002,0.002,0.4916701315917526,0.5083710170181857,4,2,3.28369140625,0.023251700900100918,-0.0232449825595763,3.2828843478144543,-0.02372505294723104,3.2828843478144543,-0.02372505294723104,0.022942813450352876,148261.1522078514,148188.2825654706,,2,3.2828843478144543,0.0016221367583313462,-0.00011727101940953155,-0.1889316208343269,3.360844524467974,0.002024632954041049,-2.7680370724066113e-05,0.01231647702052449,2,True,0.02346880137712089
151600.0,0.002,2,stay+deck,data,16.0,5.845943950663557,0.0004617417787089486,0.0233792165249093,0.0234,True,3.283269380161662,3.3609375564655175,3.3225345900600525,3.321000437028616,0.002,0.002,0.4916701315917526,0.5083710170181857,4,2,3.28369140625,0.023251700900100918,-0.0232449825595763,3.2833472261074363,-0.023449728999619168,3.2833472261074363,-0.023449728999619168,0.022942813450352876,148261.1522078514,148230.0738488267,,2,3.2833472261074363,0.0014675880684458984,2.3709886933063976e-05,-0.2662059657770508,3.3600835781091325,0.0017037332406742384,-0.00025408932538546904,-0.14813337966288082,2,True,0.023101422822976277
156000.0,0.002,0,stay,cov,4.0,7.872513216263517,0.014641268071064636,0.02787932385684996,0.0234,True,3.299379199422622,3.3926640195048803,3.3703465848700964,3.321000437028616,0.0019999999999999996,0.0019999999999999996,0.2372544057567631,0.7627832418662773,3,2,3.3935546875,0.013048558954690644,0.013819354884088808,3.4053161436155204,0.02085896742459692,3.4053161436155204,0.02085896742459692,0.012961752247892793,158347.9344844818,159447.4480220666,,1,3.4053161436155204,0.0054090260227592285,0.03210814452956389,1.7045130113796148,3.4053161436155204,0.0054090260227592285,0.0037292593778521354,1.7045130113796148,1,False,0.0
156000.0,0.002,0,stay,cov,16.0,7.872513216263517,0.014641268071064636,0.02787932385684996,0.0234,True,3.299379199422622,3.3926640195048803,3.3703465848700964,3.321000437028616,0.0019999999999999996,0.0019999999999999996,0.2372544057567631,0.7627832418662773,3,2,3.3935546875,0.013048558954690644,0.013819354884088808,3.3934349736430325,0.013747827476591645,3.3934349736430325,0.013747827476591645,0.012961752247892793,158347.9344844818,158336.76265472572,,2,3.296350671159882,0.001750861237297196,-0.0009179085154171515,-0.1245693813514018,3.3934349736430325,0.0018451703136111673,0.00022724152280328484,-0.07741484319441615,2,True,0.02902463775011161
156000.0,0.002,0,stay,data,4.0,7.872513216263517,0.014641268071064636,0.02787932385684996,0.0234,True,3.299379199422622,3.3926640195048803,3.3703465848700964,3.321000437028616,0.0019999999999999996,0.0019999999999999996,0.2372544057567631,0.7627832418662773,3,2,3.3935546875,0.013048558954690644,0.013819354884088808,,,,,0.012961752247892793,158347.9344844818,,,0,,,,,,,,,0,False,0.0
156000.0,0.002,0,stay,data,16.0,7.872513216263517,0.014641268071064636,0.02787932385684996,0.0234,True,3.299379199422622,3.3926640195048803,3.3703465848700964,3.321000437028616,0.0019999999999999996,0.0019999999999999996,0.2372544057567631,0.7627832418662773,3,2,3.3935546875,0.013048558954690644,0.013819354884088808,3.393426672896652,0.013742867986644924,3.393426672896652,0.013742867986644924,0.012961752247892793,158347.9344844818,158335.98803448858,,2,3.296466379489687,0.001581546117432072,-0.0008828387878073732,-0.20922694128396385,3.393426672896652,0.0019129034819776694,0.00022479484776185665,-0.04354825901116509,2,True,0.02898709819355889
156000.0,0.002,0,stay2,cov,4.0,7.872513216263517,0.014641268071064636,0.02787932385684996,0.0234,True,3.299379199422622,3.3926640195048803,3.3703465848700964,3.321000437028616,0.0019999999999999996,0.0019999999999999996,0.2372544057567631,0.7627832418662773,3,2,3.3935546875,0.013048558954690644,0.013819354884088808,3.3930265999931293,0.013503848739127688,3.3930265999931293,0.013503848739127688,0.012961752247892793,158347.9344844818,158298.65573858784,,1,3.3930265999931293,0.0028699961954303074,0.028383339686112816,0.434998097715154,3.3930265999931293,0.0028699961954303074,0.00010687191132528131,0.434998097715154,1,False,0.0
156000.0,0.002,0,stay2,cov,16.0,7.872513216263517,0.014641268071064636,0.02787932385684996,0.0234,True,3.299379199422622,3.3926640195048803,3.3703465848700964,3.321000437028616,0.0019999999999999996,0.0019999999999999996,0.2372544057567631,0.7627832418662773,3,2,3.3935546875,0.013048558954690644,0.013819354884088808,3.393942576602759,0.014051130700708292,3.393942576602759,0.014051130700708292,0.012961752247892793,158347.9344844818,158384.1354325584,,2,3.2995218738359045,0.0017011628353494482,4.324280558821036e-05,-0.14941858232527572,3.393942576602759,0.002025654524231742,0.0003768593325268908,0.012827262115871305,2,True,0.028212804733927132
156000.0,0.002,0,stay2,data,4.0,7.872513216263517,0.014641268071064636,0.02787932385684996,0.0234,True,3.299379199422622,3.3926640195048803,3.3703465848700964,3.321000437028616,0.0019999999999999996,0.0019999999999999996,0.2372544057567631,0.7627832418662773,3,2,3.3935546875,0.013048558954690644,0.013819354884088808,3.3950224090295977,0.014696503723175436,3.3950224090295977,0.014696503723175436,0.012961752247892793,158347.9344844818,158484.93591993058,,1,3.3950224090295977,0.0025756264131139937,0.028988244098681615,0.2878132065569971,3.3950224090295977,0.0025756264131139937,0.0006951438489513712,0.2878132065569971,1,False,0.0
156000.0,0.002,0,stay2,data,16.0,7.872513216263517,0.014641268071064636,0.02787932385684996,0.0234,True,3.299379199422622,3.3926640195048803,3.3703465848700964,3.321000437028616,0.0019999999999999996,0.0019999999999999996,0.2372544057567631,0.7627832418662773,3,2,3.3935546875,0.013048558954690644,0.013819354884088808,3.3938254875535767,0.013981163556654463,3.3938254875535767,0.013981163556654463,0.012961752247892793,158347.9344844818,158373.20729956374,,2,3.298786173009192,0.0009958981273292032,-0.00017973878647647735,-0.5020509363353983,3.3938254875535767,0.002006622859687805,0.00034234691145925415,0.003311429843902642,2,True,0.028401263771038215
156000.0,0.002,0,stay+deck,cov,4.0,7.872513216263517,0.014641268071064636,0.02787932385684996,0.0234,True,3.299379199422622,3.3926640195048803,3.3703465848700964,3.321000437028616,0.0019999999999999996,0.0019999999999999996,0.2372544057567631,0.7627832418662773,3,2,3.3935546875,0.013048558954690644,0.013819354884088808,3.3939443437610772,0.014052186693446433,3.3939443437610772,0.014052186693446433,0.012961752247892793,158347.9344844818,158384.30036753239,,2,3.2992387001502568,0.001885152560537909,-4.258354795648964e-05,-0.057423719731045306,3.3939443437610772,0.002108970655667403,0.00037738020883771456,0.05448532783370177,2,True,0.02829913450431404
156000.0,0.002,0,stay+deck,cov,16.0,7.872513216263517,0.014641268071064636,0.02787932385684996,0.0234,True,3.299379199422622,3.3926640195048803,3.3703465848700964,3.321000437028616,0.0019999999999999996,0.0019999999999999996,0.2372544057567631,0.7627832418662773,3,2,3.3935546875,0.013048558954690644,0.013819354884088808,3.394057473092433,0.01411979001640562,3.394057473092433,0.01411979001640562,0.012961752247892793,158347.9344844818,158394.85929650062,,2,3.2992205147418936,0.0016166702078473335,-4.8095314644708704e-05,-0.1916648960763331,3.394057473092433,0.0019136862194812556,0.0004107254887431986,-0.04315689025937201,2,True,0.02833797087851858
156000.0,0.002,0,stay+deck,data,4.0,7.872513216263517,0.014641268071064636,0.02787932385684996,0.0234,True,3.299379199422622,3.3926640195048803,3.3703465848700964,3.321000437028616,0.0019999999999999996,0.0019999999999999996,0.2372544057567631,0.7627832418662773,3,2,3.3935546875,0.013048558954690644,0.013819354884088808,3.394321685080447,0.014277685418583097,3.394321685080447,0.014277685418583097,0.012961752247892793,158347.9344844818,158419.52089985128,,2,3.299623421355168,0.0015844171408963487,7.402057107857355e-05,-0.2077914295518255,3.394321685080447,0.002059302712985869,0.0004886029285649156,0.029651356492934683,2,True,0.028293707886619928
156000.0,0.002,0,stay+deck,data,16.0,7.872513216263517,0.014641268071064636,0.02787932385684996,0.0234,True,3.299379199422622,3.3926640195048803,3.3703465848700964,3.321000437028616,0.0019999999999999996,0.0019999999999999996,0.2372544057567631,0.7627832418662773,3,2,3.3935546875,0.013048558954690644,0.013819354884088808,3.3933689298112606,0.013708368261972081,3.3933689298112606,0.013708368261972081,0.012961752247892793,158347.9344844818,158330.59953986577,,2,3.2988550406704844,0.0014941638026584746,-0.00015886587156436956,-0.25291809867076254,3.3933689298112606,0.0020439723328938134,0.0002077748643330696,0.021986166446906923,2,True,0.028245883448510027
156000.0,0.002,1,stay,cov,4.0,7.872513216263517,0.014641268071064636,0.02787932385684996,0.0234,True,3.299379199422622,3.3926640195048803,3.3703465848700964,3.321000437028616,0.0019999999999999996,0.0019999999999999996,0.2372544057567631,0.7627832418662773,3,2,3.3935546875,0.013048558954690644,0.013819354884088808,3.3909527616612953,0.012265308020715349,3.3909527616612953,0.012265308020715349,0.012961752247892793,158347.9344844818,158105.20868750254,,1,3.3909527616612953,0.003558819205751724,0.02775478558351168,0.7794096028758625,3.3909527616612953,0.003558819205751724,-0.0005043994435484018,0.7794096028758625,1,False,0.0
156000.0,0.002,1,stay,cov,16.0,7.872513216263517,0.014641268071064636,0.02787932385684996,0.0234,True,3.299379199422622,3.3926640195048803,3.3703465848700964,3.321000437028616,0.0019999999999999996,0.0019999999999999996,0.2372544057567631,0.7627832418662773,3,2,3.3935546875,0.013048558954690644,0.013819354884088808,3.393800495742753,0.013966229888317194,3.393800495742753,0.013966229888317194,0.012961752247892793,158347.9344844818,158370.87481742667,,2,3.297253614411849,0.0025724170617081638,-0.0006442378648519875,0.28620853085408215,3.393800495742753,0.0013779068729730917,0.00033498048475746103,-0.311046563513454,2,True,0.028858496655820194
156000.0,0.002,1,stay,data,4.0,7.872513216263517,0.014641268071064636,0.02787932385684996,0.0234,True,3.299379199422622,3.3926640195048803,3.3703465848700964,3.321000437028616,0.0019999999999999996,0.0019999999999999996,0.2372544057567631,0.7627832418662773,3,2,3.3935546875,0.013048558954690644,0.013819354884088808,3.391813324895865,0.012779162919960951,3.391813324895865,0.012779162919960951,0.012961752247892793,158347.9344844818,158185.4674254407,,1,3.391813324895865,0.0033304989338839774,0.028015611388172178,0.665249466941989,3.391813324895865,0.0033304989338839774,-0.0002507453152226914,0.665249466941989,1,False,0.0
156000.0,0.002,1,stay,data,16.0,7.872513216263517,0.014641268071064636,0.02787932385684996,0.0234,True,3.299379199422622,3.3926640195048803,3.3703465848700964,3.321000437028616,0.0019999999999999996,0.0019999999999999996,0.2372544057567631,0.7627832418662773,3,2,3.3935546875,0.013048558954690644,0.013819354884088808,3.3937398895647437,0.013930015579789679,3.3937398895647437,0.013930015579789679,0.012961752247892793,158347.9344844818,158365.21852281512,,2,3.2965207026464673,0.0030274078507490695,-0.0008663741277919524,0.513703925374535,3.3937398895647437,0.0014623104520173414,0.0003171165944161005,-0.26884477399132917,2,True,0.029062899891062168
156000.0,0.002,1,stay2,cov,4.0,7.872513216263517,0.014641268071064636,0.02787932385684996,0.0234,True,3.299379199422622,3.3926640195048803,3.3703465848700964,3.321000437028616,0.0019999999999999996,0.0019999999999999996,0.2372544057567631,0.7627832418662773,3,2,3.3935546875,0.013048558954690644,0.013819354884088808,3.3930371810069326,0.01351016988906184,3.3930371810069326,0.01351016988906184,0.012961752247892793,158347.9344844818,158299.64303581274,,1,3.3930371810069326,0.0026005470394281135,0.02838654665723187,0.30027351971405697,3.3930371810069326,0.0026005470394281135,0.00010999070344337057,0.30027351971405697,1,False,0.0
156000.0,0.002,1,stay2,cov,16.0,7.872513216263517,0.014641268071064636,0.02787932385684996,0.0234,True,3.299379199422622,3.3926640195048803,3.3703465848700964,3.321000437028616,0.0019999999999999996,0.0019999999999999996,0.2372544057567631,0.7627832418662773,3,2,3.3935546875,0.013048558954690644,0.013819354884088808,3.393731473151165,0.01392498652980545,3.393731473151165,0.01392498652980545,0.012961752247892793,158347.9344844818,158364.4330380307,,3,3.2963971668345424,0.0030805172571521863,-0.0009038162659816283,0.5402586285760934,3.393731473151165,0.0013980332353035363,0.00031463582604937486,-0.3009833823482317,2,True,0.05000591270085635
156000.0,0.002,1,stay2,data,4.0,7.872513216263517,0.014641268071064636,0.02787932385684996,0.0234,True,3.299379199422622,3.3926640195048803,3.3703465848700964,3.321000437028616,0.0019999999999999996,0.0019999999999999996,0.2372544057567631,0.7627832418662773,3,2,3.3935546875,0.013048558954690644,0.013819354884088808,3.3939410822741927,0.01405023774203018,3.3939410822741927,0.01405023774203018,0.012961752247892793,158347.9344844818,158383.99596179213,,1,3.3939410822741927,0.00241744421940259,0.0286605076700849,0.20872210970129534,3.3939410822741927,0.00241744421940259,0.00037641887377305326,0.20872210970129534,1,False,0.0
156000.0,0.002,1,stay2,data,16.0,7.872513216263517,0.014641268071064636,0.02787932385684996,0.0234,True,3.299379199422622,3.3926640195048803,3.3703465848700964,3.321000437028616,0.0019999999999999996,0.0019999999999999996,0.2372544057567631,0.7627832418662773,3,2,3.3935546875,0.013048558954690644,0.013819354884088808,3.3942052950826413,0.014208128220086325,3.3942052950826413,0.014208128220086325,0.012961752247892793,158347.9344844818,158408.6567960468,,2,3.2964901082905858,0.003064651188177672,-0.0008756468891304947,0.5323255940888363,3.3942052950826413,0.0015433246802756587,0.0004542965554207755,-0.2283376598621705,2,True,0.029209276734609928
156000.0,0.002,1,stay+deck,cov,4.0,7.872513216263517,0.014641268071064636,0.02787932385684996,0.0234,True,3.299379199422622,3.3926640195048803,3.3703465848700964,3.321000437028616,0.0019999999999999996,0.0019999999999999996,0.2372544057567631,0.7627832418662773,3,2,3.3935546875,0.013048558954690644,0.013819354884088808,3.3941959668483213,0.014202553567260967,3.3941959668483213,0.014202553567260967,0.012961752247892793,158347.9344844818,158407.7860938294,,2,3.296956873106399,0.0020937950416180413,-0.0007341763919245703,0.046897520809020876,3.3941959668483213,0.0021446602298941814,0.00045154702458999926,0.07233011494709093,2,True,0.029064974621796365
156000.0,0.002,1,stay+deck,cov,16.0,7.872513216263517,0.014641268071064636,0.02787932385684996,0.0234,True,3.299379199422622,3.3926640195048803,3.3703465848700964,3.321000437028616,0.0019999999999999996,0.0019999999999999996,0.2372544057567631,0.7627832418662773,3,2,3.3935546875,0.013048558954690644,0.013819354884088808,3.394012827221145,0.014093110465932757,3.394012827221145,0.014093110465932757,0.012961752247892793,158347.9344844818,158390.69223094796,,3,3.2978205482488203,0.0019427175859721452,-0.00047240740745243073,-0.028641207013927205,3.394012827221145,0.0014029177747822503,0.00039756595657872097,-0.29854111260887467,2,True,0.04663662301922897
156000.0,0.002,1,stay+deck,data,4.0,7.872513216263517,0.014641268071064636,0.02787932385684996,0.0234,True,3.299379199422622,3.3926640195048803,3.3703465848700964,3.321000437028616,0.0019999999999999996,0.0019999999999999996,0.2372544057567631,0.7627832418662773,3,2,3.3935546875,0.013048558954690644,0.013819354884088808,3.3940526378173335,0.014116900528107879,3.3940526378173335,0.014116900528107879,0.012961752247892793,158347.9344844818,158394.4079887785,,2,3.297106381461565,0.0021202207653844237,-0.0006888623052042319,0.06011038269221207,3.3940526378173335,0.0020758165722600625,0.00040930027390564754,0.03790828613003148,2,True,0.028977418135316242
156000.0,0.002,1,stay+deck,data,16.0,7.872513216263517,0.014641268071064636,0.02787932385684996,0.0234,True,3.299379199422622,3.3926640195048803,3.3703465848700964,3.321000437028616,0.0019999999999999996,0.0019999999999999996,0.2372544057567631,0.7627832418662773,3,2,3.3935546875,0.013048558954690644,0.013819354884088808,3.3941217992704047,0.014158230772813418,3.3941217992704047,0.014158230772813418,0.012961752247892793,158347.9344844818,158400.86333888533,,2,3.297939397888931,0.0019701525419981445,-0.0004363855885200775,-0.014923729000927572,3.3941217992704047,0.001543994024960964,0.00042968586253853687,-0.22800298751951786,2,True,0.028745224691699284
156000.0,0.002,2,stay,cov,4.0,7.872513216263517,0.014641268071064636,0.02787932385684996,0.0234,True,3.299379199422622,3.3926640195048803,3.3703465848700964,3.321000437028616,0.0019999999999999996,0.0019999999999999996,0.2372544057567631,0.7627832418662773,3,2,3.3935546875,0.013048558954690644,0.013819354884088808,3.397059639040154,0.01591463434904372,3.397059639040154,0.01591463434904372,0.012961752247892793,158347.9344844818,158675.1951289398,,1,3.397059639040154,0.0038866784502295504,0.029605702683288368,0.9433392251147756,3.397059639040154,0.0038866784502295504,0.0012956247686192596,0.9433392251147756,1,False,0.0
156000.0,0.002,2,stay,cov,16.0,7.872513216263517,0.014641268071064636,0.02787932385684996,0.0234,True,3.299379199422622,3.3926640195048803,3.3703465848700964,3.321000437028616,0.0019999999999999996,0.0019999999999999996,0.2372544057567631,0.7627832418662773,3,2,3.3935546875,0.013048558954690644,0.013819354884088808,3.394016574532094,0.014095349776452437,3.394016574532094,0.014095349776452437,0.012961752247892793,158347.9344844818,158391.04198773034,,2,3.2981137507910825,0.003987419213883868,-0.0003835414346313978,0.9937096069419343,3.394016574532094,0.0021489001272282987,0.0003986704900449158,0.07445006361414955,2,True,0.028661373607179477
156000.0,0.002,2,stay,data,4.0,7.872513216263517,0.014641268071064636,0.02787932385684996,0.0234,True,3.299379199422622,3.3926640195048803,3.3703465848700964,3.321000437028616,0.0019999999999999996,0.0019999999999999996,0.2372544057567631,0.7627832418662773,3,2,3.3935546875,0.013048558954690644,0.013819354884088808,3.3974087560920783,0.01612345691018846,3.3974087560920783,0.01612345691018846,0.012961752247892793,158347.9344844818,158707.81101960293,,1,3.3974087560920783,0.003872867883020857,0.029711515635005216,0.9364339415104288,3.3974087560920783,0.003872867883020857,0.0013985282833548674,0.9364339415104288,1,False,0.0
156000.0,0.002,2,stay,data,16.0,7.872513216263517,0.014641268071064636,0.02787932385684996,0.0234,True,3.299379199422622,3.3926640195048803,3.3703465848700964,3.321000437028616,0.0019999999999999996,0.0019999999999999996,0.2372544057567631,0.7627832418662773,3,2,3.3935546875,0.013048558954690644,0.013819354884088808,3.394258681978733,0.014240033096233562,3.394258681978733,0.014240033096233562,0.012961752247892793,158347.9344844818,158413.64000258505,,1,3.394258681978733,0.0021130371929005795,0.02875676811344216,0.05651859645028997,3.394258681978733,0.0021130371929005795,0.0004700325362855293,0.05651859645028997,1,False,0.0
156000.0,0.002,2,stay2,cov,4.0,7.872513216263517,0.014641268071064636,0.02787932385684996,0.0234,True,3.299379199422622,3.3926640195048803,3.3703465848700964,3.321000437028616,0.0019999999999999996,0.0019999999999999996,0.2372544057567631,0.7627832418662773,3,2,3.3935546875,0.013048558954690644,0.013819354884088808,3.3961113541673864,0.015347530959955114,3.3961113541673864,0.015347530959955114,0.012961752247892793,158347.9344844818,158586.61953618878,,1,3.3961113541673864,0.0027070662936599056,0.029318289562379526,0.35353314682995307,3.3961113541673864,0.0027070662936599056,0.0010161143699131245,0.35353314682995307,1,False,0.0
156000.0,0.002,2,stay2,cov,16.0,7.872513216263517,0.014641268071064636,0.02787932385684996,0.0234,True,3.299379199422622,3.3926640195048803,3.3703465848700964,3.321000437028616,0.0019999999999999996,0.0019999999999999996,0.2372544057567631,0.7627832418662773,3,2,3.3935546875,0.013048558954690644,0.013819354884088808,3.3950340212322123,0.014703444991965409,3.3950340212322123,0.014703444991965409,0.012961752247892793,158347.9344844818,158486.02007320727,,2,3.2979324870741396,0.0028563126295710816,-0.0004384801688559019,0.4281563147855411,3.3950340212322123,0.0022222194896301143,0.0006985665877041113,0.11110974481505738,2,True,0.02901599284489598
156000.0,0.002,2,stay2,data,4.0,7.872513216263517,0.014641268071064636,0.02787932385684996,0.0234,True,3.299379199422622,3.3926640195048803,3.3703465848700964,3.321000437028616,0.0019999999999999996,0.0019999999999999996,0.2372544057567631,0.7627832418662773,3,2,3.3935546875,0.013048558954690644,0.013819354884088808,3.3961997325677435,0.015400377259052522,3.3961997325677435,0.015400377259052522,0.012961752247892793,158347.9344844818,158594.87357303168,,1,3.3961997325677435,0.0027584150958478776,0.029345075934910637,0.37920754792393907,3.3961997325677435,0.0027584150958478776,0.001042164223317127,0.37920754792393907,1,False,0.0
156000.0,0.002,2,stay2,data,16.0,7.872513216263517,0.014641268071064636,0.02787932385684996,0.0234,True,3.299379199422622,3.3926640195048803,3.3703465848700964,3.321000437028616,0.0019999999999999996,0.0019999999999999996,0.2372544057567631,0.7627832418662773,3,2,3.3935546875,0.013048558954690644,0.013819354884088808,3.3956383271459574,0.015064705504690856,3.3956383271459574,0.015064705504690856,0.012961752247892793,158347.9344844818,158542.4451707607,,2,3.3013189992271466,0.002161546070001175,0.0005879287245503577,0.08077303500058765,3.3956383271459574,0.00214132185704914,0.0008766879431554072,0.07066092852457014,2,True,0.02816781512027095
156000.0,0.002,2,stay+deck,cov,4.0,7.872513216263517,0.014641268071064636,0.02787932385684996,0.0234,True,3.299379199422622,3.3926640195048803,3.3703465848700964,3.321000437028616,0.0019999999999999996,0.0019999999999999996,0.2372544057567631,0.7627832418662773,3,2,3.3935546875,0.013048558954690644,0.013819354884088808,3.3955922575476234,0.015037162344004873,3.3955922575476234,0.015037162344004873,0.012961752247892793,158347.9344844818,158538.14321836378,,2,3.3000654424644065,0.002866510320457225,0.00020799156456600376,0.4332551602286128,3.3955922575476234,0.0024576842319624474,0.0008631087622907194,0.22884211598122395,2,True,0.028533960176323023
156000.0,0.002,2,stay+deck,cov,16.0,7.872513216263517,0.014641268071064636,0.02787932385684996,0.0234,True,3.299379199422622,3.3926640195048803,3.3703465848700964,3.321000437028616,0.0019999999999999996,0.0019999999999999996,0.2372544057567631,0.7627832418662773,3,2,3.3935546875,0.013048558954690644,0.013819354884088808,3.393796461348372,0.013963819176648018,3.393796461348372,0.013963819176648018,0.012961752247892793,158347.9344844818,158370.49828958506,,2,3.3004238989913777,0.0031356695413875166,0.00031663519274730657,0.5678347706937587,3.393796461348372,0.002091701252412472,0.0003337913324105025,0.045850626206236235,2,True,0.02789647108427587
156000.0,0.002,2,stay+deck,data,4.0,7.872513216263517,0.014641268071064636,0.02787932385684996,0.0234,True,3.299379199422622,3.3926640195048803,3.3703465848700964,3.321000437028616,0.0019999999999999996,0.0019999999999999996,0.2372544057567631,0.7627832418662773,3,2,3.3935546875,0.013048558954690644,0.013819354884088808,3.395520982551934,0.014994550625878622,3.395520982551934,0.014994550625878622,0.012961752247892793,158347.9344844818,158531.48771556868,,2,3.300097909166649,0.002728647779366183,0.00021783181034567748,0.36432388968309176,3.395520982551934,0.00238668812556336,0.0008421001993208185,0.19334406278168031,2,True,0.028503137627294756
156000.0,0.002,2,stay+deck,data,16.0,7.872513216263517,0.014641268071064636,0.02787932385684996,0.0234,True,3.299379199422622,3.3926640195048803,3.3703465848700964,3.321000437028616,0.0019999999999999996,0.0019999999999999996,0.2372544057567631,0.7627832418662773,3,2,3.3935546875,0.013048558954690644,0.013819354884088808,3.3950323343628557,0.014702436653485584,3.3950323343628557,0.014702436653485584,0.012961752247892793,158347.9344844818,158485.86258132788,,2,3.300688665728182,0.0026546450132862815,0.00039688263349332473,0.32732250664314105,3.3950323343628557,0.0020938315585908958,0.0006980693768553667,0.04691577929544808,2,True,0.02818028667365052
161000.0,0.002,0,stay,cov,4.0,12.265241206181155,0.03004427081132042,0.03878556511060405,0.0234,True,3.307387901671545,3.4382036926674338,3.4238680561291908,3.321000437028616,0.002,0.002,0.1084355605375269,0.8915983303190185,2,2,3.4423828125,0.008061999566267936,0.010844352558180725,3.442672338712664,0.011014396542513794,3.442672338712664,0.011014396542513794,0.008037459829289391,162937.4921321869,162964.9014363882,,1,3.442672338712664,0.002123659452539883,0.04090371043951236,0.06182972626994154,3.442672338712664,0.002123659452539883,0.0012997036954967222,0.06182972626994154,1,False,0.0
161000.0,0.002,0,stay,cov,16.0,12.265241206181155,0.03004427081132042,0.03878556511060405,0.0234,True,3.307387901671545,3.4382036926674338,3.4238680561291908,3.321000437028616,0.002,0.002,0.1084355605375269,0.8915983303190185,2,2,3.4423828125,0.008061999566267936,0.010844352558180725,3.438787374206168,0.008733878110226412,3.438787374206168,0.008733878110226412,0.008037459829289391,162937.4921321869,162597.3058187466,,1,3.438787374206168,0.002093092019994491,0.03972907818529967,0.04654600999724539,3.438787374206168,0.002093092019994491,0.00016976351342386074,0.04654600999724539,1,False,0.0
161000.0,0.002,0,stay,data,4.0,12.265241206181155,0.03004427081132042,0.03878556511060405,0.0234,True,3.307387901671545,3.4382036926674338,3.4238680561291908,3.321000437028616,0.002,0.002,0.1084355605375269,0.8915983303190185,2,2,3.4423828125,0.008061999566267936,0.010844352558180725,3.442387943561303,0.01084736599886349,3.442387943561303,0.01084736599886349,0.008037459829289391,162937.4921321869,162937.97786717297,,1,3.442387943561303,0.002316001261821449,0.04081772259659336,0.15800063091072442,3.442387943561303,0.002316001261821449,0.0012169874934381702,0.15800063091072442,1,False,0.0
161000.0,0.002,0,stay,data,16.0,12.265241206181155,0.03004427081132042,0.03878556511060405,0.0234,True,3.307387901671545,3.4382036926674338,3.4238680561291908,3.321000437028616,0.002,0.002,0.1084355605375269,0.8915983303190185,2,2,3.4423828125,0.008061999566267936,0.010844352558180725,3.43916683007325,0.008956509558615489,3.43916683007325,0.008956509558615489,0.008037459829289391,162937.4921321869,162633.1916697962,,2,3.305995645365999,0.0017814743867682564,-0.0004209534372554527,-0.1092628066158718,3.43916683007325,0.001982556723286606,0.0002801280819604038,-0.008721638356697092,2,True,0.039486427552237295
161000.0,0.002,0,stay2,cov,4.0,12.265241206181155,0.03004427081132042,0.03878556511060405,0.0234,True,3.307387901671545,3.4382036926674338,3.4238680561291908,3.321000437028616,0.002,0.002,0.1084355605375269,0.8915983303190185,2,2,3.4423828125,0.008061999566267936,0.010844352558180725,3.4391094006915774,0.008922813452813871,3.4391094006915774,0.008922813452813871,0.008037459829289391,162937.4921321869,162627.76021147124,,1,3.4391094006915774,0.0020006029715429617,0.039826443990274296,0.0003014857714808434,3.4391094006915774,0.0020006029715429617,0.0002634247720910985,0.0003014857714808434,1,False,0.0
161000.0,0.002,0,stay2,cov,16.0,12.265241206181155,0.03004427081132042,0.03878556511060405,0.0234,True,3.307387901671545,3.4382036926674338,3.4238680561291908,3.321000437028616,0.002,0.002,0.1084355605375269,0.8915983303190185,2,2,3.4423828125,0.008061999566267936,0.010844352558180725,3.4390789230003307,0.008904931205891975,3.4390789230003307,0.008904931205891975,0.008037459829289391,162937.4921321869,162624.87778109533,,2,3.3063157423662664,0.0021746710852588746,-0.0003241710186871699,0.08733554262943727,3.4390789230003307,0.0018311697329957816,0.0002545603492787578,-0.08441513350210922,2,True,0.03936409571873404
161000.0,0.002,0,stay2,data,4.0,12.265241206181155,0.03004427081132042,0.03878556511060405,0.0234,True,3.307387901671545,3.4382036926674338,3.4238680561291908,3.321000437028616,0.002,0.002,0.1084355605375269,0.8915983303190185,2,2,3.4423828125,0.008061999566267936,0.010844352558180725,3.4394983745945638,0.009151050936525351,3.4394983745945638,0.009151050936525351,0.008037459829289391,162937.4921321869,162664.54969653138,,1,3.4394983745945638,0.001922609011749705,0.039944051575036194,-0.03869549412514753,3.4394983745945638,0.001922609011749705,0.00037655765709609864,-0.03869549412514753,1,False,0.0
161000.0,0.002,0,stay2,data,16.0,12.265241206181155,0.03004427081132042,0.03878556511060405,0.0234,True,3.307387901671545,3.4382036926674338,3.4238680561291908,3.321000437028616,0.002,0.002,0.1084355605375269,0.8915983303190185,2,2,3.4423828125,0.008061999566267936,0.010844352558180725,3.438387207330055,0.00849912186965418,3.438387207330055,0.00849912186965418,0.008037459829289391,162937.4921321869,162559.46557855088,,1,3.438387207330055,0.0020204977603507602,0.03960808636697965,0.01024888017538009,3.438387207330055,0.0020204977603507602,5.337515721148467e-05,0.01024888017538009,1,False,0.0
161000.0,0.002,0,stay+deck,cov,4.0,12.265241206181155,0.03004427081132042,0.03878556511060405,0.0234,True,3.307387901671545,3.4382036926674338,3.4238680561291908,3.321000437028616,0.002,0.002,0.1084355605375269,0.8915983303190185,2,2,3.4423828125,0.008061999566267936,0.010844352558180725,3.438968293686032,0.008840022741732012,3.438968293686032,0.008840022741732012,0.008037459829289391,162937.4921321869,162614.415218445,,2,3.3072536627243188,0.0017565674650985173,-4.058760303206047e-05,-0.12171626745074136,3.438968293686032,0.0016088329203898732,0.00022238386289586459,-0.19558353980506343,2,True,0.0390484131155976
161000.0,0.002,0,stay+deck,cov,16.0,12.265241206181155,0.03004427081132042,0.03878556511060405,0.0234,True,3.307387901671545,3.4382036926674338,3.4238680561291908,3.321000437028616,0.002,0.002,0.1084355605375269,0.8915983303190185,2,2,3.4423828125,0.008061999566267936,0.010844352558180725,3.4389085591330186,0.008804976135136089,3.4389085591330186,0.008804976135136089,0.008037459829289391,162937.4921321869,162608.7660735771,,2,3.306377555719341,0.0017875325467559056,-0.0003054815407932956,-0.1062337266220472,3.4389085591330186,0.0018224840957246757,0.0002050100949772478,-0.08875795213766219,2,True,0.039295887871044995
161000.0,0.002,0,stay+deck,data,4.0,12.265241206181155,0.03004427081132042,0.03878556511060405,0.0234,True,3.307387901671545,3.4382036926674338,3.4238680561291908,3.321000437028616,0.002,0.002,0.1084355605375269,0.8915983303190185,2,2,3.4423828125,0.008061999566267936,0.010844352558180725,3.439158343465385,0.008951530092304205,3.439158343465385,0.008951530092304205,0.008037459829289391,162937.4921321869,162632.3890321291,,2,3.307259994875789,0.001730324515498239,-3.8673055462034495e-05,-0.1348377422508805,3.439158343465385,0.0015985902830313945,0.00027765975587402367,-0.20070485848430275,2,True,0.03910174020487067
161000.0,0.002,0,stay+deck,data,16.0,12.265241206181155,0.03004427081132042,0.03878556511060405,0.0234,True,3.307387901671545,3.4382036926674338,3.4238680561291908,3.321000437028616,0.002,0.002,0.1084355605375269,0.8915983303190185,2,2,3.4423828125,0.008061999566267936,0.010844352558180725,3.437562401076449,0.008015338884464374,3.437562401076449,0.008015338884464374,0.008037459829289391,162937.4921321869,162481.48484279914,,2,3.305989501633806,0.00176597469357174,-0.0004228110156151316,-0.11701265321413003,3.437562401076449,0.00145365129610961,-0.00018651937124965822,-0.273174351945195,2,True,0.03902183933359027
161000.0,0.002,1,stay,cov,4.0,12.265241206181155,0.03004427081132042,0.03878556511060405,0.0234,True,3.307387901671545,3.4382036926674338,3.4238680561291908,3.321000437028616,0.002,0.002,0.1084355605375269,0.8915983303190185,3,2,3.4423828125,0.008061999566267936,0.010844352558180725,3.4405387775307044,0.009761653062815068,3.4405387775307044,0.009761653062815068,0.008037459829289391,162937.4921321869,162762.97234577153,,1,3.4405387775307044,0.0029832649698677558,0.040258620947323846,0.49163248493387784,3.4405387775307044,0.0029832649698677558,0.0006791583838533426,0.49163248493387784,1,False,0.0
161000.0,0.002,1,stay,cov,16.0,12.265241206181155,0.03004427081132042,0.03878556511060405,0.0234,True,3.307387901671545,3.4382036926674338,3.4238680561291908,3.321000437028616,0.002,0.002,0.1084355605375269,0.8915983303190185,3,2,3.4423828125,0.008061999566267936,0.010844352558180725,3.438885555402331,0.00879147987609219,3.438885555402331,0.00879147987609219,0.008037459829289391,162937.4921321869,162606.5906183785,,2,3.305850230058241,0.0029048523898621064,-0.00046492025097112026,0.4524261949310532,3.438885555402331,0.0016060304756043552,0.00019831947023721846,-0.1969847621978224,2,True,0.03944863952443346
161000.0,0.002,1,stay,data,4.0,12.265241206181155,0.03004427081132042,0.03878556511060405,0.0234,True,3.307387901671545,3.4382036926674338,3.4238680561291908,3.321000437028616,0.002,0.002,0.1084355605375269,0.8915983303190185,3,2,3.4423828125,0.008061999566267936,0.010844352558180725,3.440394272584548,0.00967683350491133,3.440394272584548,0.00967683350491133,0.008037459829289391,162937.4921321869,162749.3003239477,,1,3.440394272584548,0.0029920297683177412,0.040214929384540084,0.4960148841588706,3.440394272584548,0.0029920297683177412,0.000637129185157429,0.4960148841588706,1,False,0.0
161000.0,0.002,1,stay,data,16.0,12.265241206181155,0.03004427081132042,0.03878556511060405,0.0234,True,3.307387901671545,3.4382036926674338,3.4238680561291908,3.321000437028616,0.002,0.002,0.1084355605375269,0.8915983303190185,3,2,3.4423828125,0.008061999566267936,0.010844352558180725,3.439294421195359,0.009031374366024414,3.439294421195359,0.009031374366024414,0.008037459829289391,162937.4921321869,162645.25909040088,,2,3.3060452577513253,0.0034751871222999295,-0.00040595296352779645,0.7375935611499648,3.439294421195359,0.0016146537432633952,0.00031723790252779414,-0.1926731283683024,2,True,0.039508510997578426
161000.0,0.002,1,stay2,cov,4.0,12.265241206181155,0.03004427081132042,0.03878556511060405,0.0234,True,3.307387901671545,3.4382036926674338,3.4238680561291908,3.321000437028616,0.002,0.002,0.1084355605375269,0.8915983303190185,3,2,3.4423828125,0.008061999566267936,0.010844352558180725,3.4388775975503703,0.008786811035656372,3.4388775975503703,0.008786811035656372,0.008037459829289391,162937.4921321869,162605.83805033984,,1,3.4388775975503703,0.002138650357966179,0.039756357520800895,0.06932517898308949,3.4388775975503703,0.002138650357966179,0.0001960049325680511,0.06932517898308949,1,False,0.0
161000.0,0.002,1,stay2,cov,16.0,12.265241206181155,0.03004427081132042,0.03878556511060405,0.0234,True,3.307387901671545,3.4382036926674338,3.4238680561291908,3.321000437028616,0.002,0.002,0.1084355605375269,0.8915983303190185,3,2,3.4423828125,0.008061999566267936,0.010844352558180725,3.439232852210255,0.008995248071511863,3.439232852210255,0.008995248071511863,0.008037459829289391,162937.4921321869,162639.4359111814,,2,3.305032323012217,0.0030235801605618864,-0.0007122172328613677,0.5117900802809432,3.439232852210255,0.0015194801791771485,0.0002993305908594027,-0.24025991041142575,2,True,0.039796931381367535
161000.0,0.002,1,stay2,data,4.0,12.265241206181155,0.03004427081132042,0.03878556511060405,0.0234,True,3.307387901671545,3.4382036926674338,3.4238680561291908,3.321000437028616,0.002,0.002,0.1084355605375269,0.8915983303190185,3,2,3.4423828125,0.008061999566267936,0.010844352558180725,3.43912963642917,0.008934686501902878,3.43912963642917,0.008934686501902878,0.008037459829289391,162937.4921321869,162629.67402227473,,1,3.43912963642917,0.0020763089027837148,0.03983256233447652,0.038154451391857365,3.43912963642917,0.0020763089027837148,0.0002693103272825623,0.038154451391857365,1,False,0.0
161000.0,0.002,1,stay2,data,16.0,12.265241206181155,0.03004427081132042,0.03878556511060405,0.0234,True,3.307387901671545,3.4382036926674338,3.4238680561291908,3.321000437028616,0.002,0.002,0.1084355605375269,0.8915983303190185,3,2,3.4423828125,0.008061999566267936,0.010844352558180725,3.437791456600721,0.008149677783656495,3.437791456600721,0.008149677783656495,0.008037459829289391,162937.4921321869,162503.13886230747,,2,3.3055388034520248,0.003352804617343943,-0.0005590811463588934,0.6764023086719714,3.437791456600721,0.001881426633780644,-0.00011989867487835761,-0.059286683109678065,2,True,0.039224729636083935
161000.0,0.002,1,stay+deck,cov,4.0,12.265241206181155,0.03004427081132042,0.03878556511060405,0.0234,True,3.307387901671545,3.4382036926674338,3.4238680561291908,3.321000437028616,0.002,0.002,0.1084355605375269,0.8915983303190185,3,2,3.4423828125,0.008061999566267936,0.010844352558180725,3.439405285286392,0.009096426749104936,3.439405285286392,0.009096426749104936,0.008037459829289391,162937.4921321869,162655.74485126958,,2,3.303892177998883,0.002372846743374799,-0.0010569439619994654,0.1864233716873994,3.439405285286392,0.0021124002024411137,0.00034948267361848366,0.056200101220556846,2,True,0.04019194111644255
161000.0,0.002,1,stay+deck,cov,16.0,12.265241206181155,0.03004427081132042,0.03878556511060405,0.0234,True,3.307387901671545,3.4382036926674338,3.4238680561291908,3.321000437028616,0.002,0.002,0.1084355605375269,0.8915983303190185,3,2,3.4423828125,0.008061999566267936,0.010844352558180725,3.4386841616806647,0.008673326295100203,3.4386841616806647,0.008673326295100203,0.008037459829289391,162937.4921321869,162587.54550216,,2,3.3043411889506604,0.0025171384506670795,-0.0009211839709955444,0.25856922533353977,3.4386841616806647,0.002213555086644616,0.0001397441967314615,0.10677754332230789,2,True,0.03984649789798766
161000.0,0.002,1,stay+deck,data,4.0,12.265241206181155,0.03004427081132042,0.03878556511060405,0.0234,True,3.307387901671545,3.4382036926674338,3.4238680561291908,3.321000437028616,0.002,0.002,0.1084355605375269,0.8915983303190185,3,2,3.4423828125,0.008061999566267936,0.010844352558180725,3.439314134469054,0.009042941487777068,3.439314134469054,0.009042941487777068,0.008037459829289391,162937.4921321869,162647.12358893102,,2,3.3041365822592956,0.0022298004886162513,-0.0009830475012035937,0.11490024430812562,3.439314134469054,0.001983085537780065,0.00032297149932930183,-0.008457231109967444,2,True,0.04009150741605513
161000.0,0.002,1,stay+deck,data,16.0,12.265241206181155,0.03004427081132042,0.03878556511060405,0.0234,True,3.307387901671545,3.4382036926674338,3.4238680561291908,3.321000437028616,0.002,0.002,0.1084355605375269,0.8915983303190185,3,2,3.4423828125,0.008061999566267936,0.010844352558180725,3.4389020209886088,0.008801140205083158,3.4389020209886088,0.008801140205083158,0.008037459829289391,162937.4921321869,162608.14776194363,,2,3.304730602608162,0.0022891121117200137,-0.0008034434249576962,0.14455605586000683,3.4389020209886088,0.0018089101489731235,0.00020310847861175523,-0.09554492551343827,2,True,0.039792030755342406
161000.0,0.002,2,stay,cov,4.0,12.265241206181155,0.03004427081132042,0.03878556511060405,0.0234,True,3.307387901671545,3.4382036926674338,3.4238680561291908,3.321000437028616,0.002,0.002,0.1084355605375269,0.8915983303190185,3,2,3.4423828125,0.008061999566267936,0.010844352558180725,3.441211098980963,0.010156330056086071,3.441211098980963,0.010156330056086071,0.008037459829289391,162937.4921321869,162826.5901315593,,1,3.441211098980963,0.0038991167294106528,0.04046189962833942,0.9495583647053263,3.441211098980963,0.0038991167294106528,0.0008747027757381171,0.9495583647053263,1,False,0.0
161000.0,0.002,2,stay,cov,16.0,12.265241206181155,0.03004427081132042,0.03878556511060405,0.0234,True,3.307387901671545,3.4382036926674338,3.4238680561291908,3.321000437028616,0.002,0.002,0.1084355605375269,0.8915983303190185,3,2,3.4423828125,0.008061999566267936,0.010844352558180725,3.434928109649147,0.006470995304043603,3.434928109649147,0.006470995304043603,0.008037459829289391,162937.4921321869,162232.5528787956,,2,3.315547812926177,0.005587644214109126,0.0024671769678144577,1.7938221070545632,3.434928109649147,0.0031641614127890997,-0.0009527018498853479,0.5820807063945499,2,True,0.035369445974536826
161000.0,0.002,2,stay,data,4.0,12.265241206181155,0.03004427081132042,0.03878556511060405,0.0234,True,3.307387901671545,3.4382036926674338,3.4238680561291908,3.321000437028616,0.002,0.002,0.1084355605375269,0.8915983303190185,3,2,3.4423828125,0.008061999566267936,0.010844352558180725,3.4412473483720856,0.010177611949996557,3.4412473483720856,0.010177611949996557,0.008037459829289391,162937.4921321869,162830.02054932126,,1,3.4412473483720856,0.0036373097096208153,0.040472859755243264,0.8186548548104076,3.4412473483720856,0.0036373097096208153,0.0008852458948674099,0.8186548548104076,1,False,0.0
161000.0,0.002,2,stay,data,16.0,12.265241206181155,0.03004427081132042,0.03878556511060405,0.0234,True,3.307387901671545,3.4382036926674338,3.4238680561291908,3.321000437028616,0.002,0.002,0.1084355605375269,0.8915983303190185,3,2,3.4423828125,0.008061999566267936,0.010844352558180725,3.436713292473227,0.007517422810622287,3.436713292473227,0.007517422810622287,0.008037459829289391,162937.4921321869,162401.2260016048,,2,3.320232808947586,0.005740170622481727,0.0038837014761859295,1.8700853112408633,3.436713292473227,0.002691148409063553,-0.0004334822271831046,0.34557420453177645,2,True,0.03447725696706331
161000.0,0.002,2,stay2,cov,4.0,12.265241206181155,0.03004427081132042,0.03878556511060405,0.0234,True,3.307387901671545,3.4382036926674338,3.4238680561291908,3.321000437028616,0.002,0.002,0.1084355605375269,0.8915983303190185,3,2,3.4423828125,0.008061999566267936,0.010844352558180725,3.440059385588942,0.009480279762582144,3.440059385588942,0.009480279762582144,0.008037459829289391,162937.4921321869,162717.61792520533,,1,3.440059385588942,0.0028771007007860738,0.04011367516049304,0.43855035039303686,3.440059385588942,0.0028771007007860738,0.000539727452874796,0.43855035039303686,1,False,0.0
161000.0,0.002,2,stay2,cov,16.0,12.265241206181155,0.03004427081132042,0.03878556511060405,0.0234,True,3.307387901671545,3.4382036926674338,3.4238680561291908,3.321000437028616,0.002,0.002,0.1084355605375269,0.8915983303190185,3,2,3.4423828125,0.008061999566267936,0.010844352558180725,3.4367930158750237,0.007564167267390287,3.4367930158750237,0.007564167267390287,0.008037459829289391,162937.4921321869,162408.76071705096,,1,3.4367930158750237,0.002455215807485554,0.039126077149305015,0.2276079037427769,3.4367930158750237,0.002455215807485554,-0.00041029471157236533,0.2276079037427769,1,False,0.0
161000.0,0.002,2,stay2,data,4.0,12.265241206181155,0.03004427081132042,0.03878556511060405,0.0234,True,3.307387901671545,3.4382036926674338,3.4238680561291908,3.321000437028616,0.002,0.002,0.1084355605375269,0.8915983303190185,3,2,3.4423828125,0.008061999566267936,0.010844352558180725,3.4402744225746806,0.009606488270548219,3.4402744225746806,0.009606488270548219,0.008037459829289391,162937.4921321869,162737.96141104633,,1,3.4402744225746806,0.002545006476154325,0.04017869232573999,0.2725032380771625,3.4402744225746806,0.002545006476154325,0.0006022708636091204,0.2725032380771625,1,False,0.0
161000.0,0.002,2,stay2,data,16.0,12.265241206181155,0.03004427081132042,0.03878556511060405,0.0234,True,3.307387901671545,3.4382036926674338,3.4238680561291908,3.321000437028616,0.002,0.002,0.1084355605375269,0.8915983303190185,3,2,3.4423828125,0.008061999566267936,0.010844352558180725,3.44265419502779,0.011003740008012963,3.44265419502779,0.011003740008012963,0.008037459829289391,162937.4921321869,162963.18371495858,,2,3.31033809409431,0.0029083508416095517,0.0008920007300244534,0.4541754208047758,3.44265419502779,0.0032101345201960645,0.0012944266128989787,0.6050672600980322,2,True,0.03918739879108656
161000.0,0.002,2,stay+deck,cov,4.0,12.265241206181155,0.03004427081132042,0.03878556511060405,0.0234,True,3.307387901671545,3.4382036926674338,3.4238680561291908,3.321000437028616,0.002,0.002,0.1084355605375269,0.8915983303190185,3,2,3.4423828125,0.008061999566267936,0.010844352558180725,3.4388794507010125,0.008787898270882222,3.4388794507010125,0.008787898270882222,0.008037459829289391,162937.4921321869,162606.01330123833,,2,3.3081653291143227,0.0028125130065339344,0.0002350578359390374,0.40625650326696716,3.4388794507010125,0.0027838792273394094,0.00019654392060015192,0.3919396136697047,2,True,0.038747073971626265
161000.0,0.002,2,stay+deck,cov,16.0,12.265241206181155,0.03004427081132042,0.03878556511060405,0.0234,True,3.307387901671545,3.4382036926674338,3.4238680561291908,3.321000437028616,0.002,0.002,0.1084355605375269,0.8915983303190185,3,2,3.4423828125,0.008061999566267936,0.010844352558180725,3.30956524305662,-0.06565373546287467,3.30956524305662,-0.06565373546287467,0.008037459829289391,162937.4921321869,150606.80384816581,,1,3.30956524305662,0.00327601666534624,0.0006583265857550451,0.63800833267312,3.30956524305662,0.00327601666534624,-0.03741443530095607,0.63800833267312,1,False,0.0
161000.0,0.002,2,stay+deck,data,4.0,12.265241206181155,0.03004427081132042,0.03878556511060405,0.0234,True,3.307387901671545,3.4382036926674338,3.4238680561291908,3.321000437028616,0.002,0.002,0.1084355605375269,0.8915983303190185,3,2,3.4423828125,0.008061999566267936,0.010844352558180725,3.4390077688348244,0.008863183373159833,3.4390077688348244,0.008863183373159833,0.008037459829289391,162937.4921321869,162618.1484689613,,2,3.308413512513604,0.002731583486634487,0.0003100969322469394,0.36579174331724357,3.4390077688348244,0.0024693706412447173,0.00023386519219483005,0.2346853206223586,2,True,0.038709382703645906
161000.0,0.002,2,stay+deck,data,16.0,12.265241206181155,0.03004427081132042,0.03878556511060405,0.0234,True,3.307387901671545,3.4382036926674338,3.4238680561291908,3.321000437028616,0.002,0.002,0.1084355605375269,0.8915983303190185,3,2,3.4423828125,0.008061999566267936,0.010844352558180725,3.444296004328922,0.011968269727733016,3.444296004328922,0.011968269727733016,0.008037459829289391,162937.4921321869,163118.65577474746,,2,3.310694210538104,0.00250233549671394,0.000999673750057636,0.25116774835697,3.444296004328922,0.0027153930253280994,0.0017719461108372647,0.35769651266404967,2,True,0.03955647293071557
143000.0,0.005,0,stay,cov,4.0,4.678962211849181,-0.029116878236242406,0.03662616741848772,0.0234,True,3.2143680165328425,3.3342942161841527,3.227039131571072,3.321000437028616,0.004999999999999999,0.004999999999999999,0.8920454116169482,0.10800325065756017,1,1,3.21044921875,-0.00839307534982052,-0.010255388010311561,3.2061804845174215,-0.012885641652852886,3.2061804845174215,-0.012885641652852886,-0.008237540487975037,141721.03255987167,141344.40786538005,,1,3.2061804845174215,0.006556186852956732,-0.0025471669619997104,0.31123737059134654,3.2061804845174215,0.006556186852956732,-0.03842304348695047,0.31123737059134654,1,False,0.0
143000.0,0.005,0,stay,cov,16.0,4.678962211849181,-0.029116878236242406,0.03662616741848772,0.0234,True,3.2143680165328425,3.3342942161841527,3.227039131571072,3.321000437028616,0.004999999999999999,0.004999999999999999,0.8920454116169482,0.10800325065756017,1,1,3.21044921875,-0.00839307534982052,-0.010255388010311561,3.212356258230161,-0.009079202054103619,3.212356258230161,-0.009079202054103619,-0.008237540487975037,141721.03255987167,141889.45003461913,,3,3.212356258230161,0.006271858747646767,-0.0006258643354880973,0.25437174952935365,3.3461196583876247,0.0033557523474295995,0.003546610297937463,-0.32884953051408,2,True,0.053700268612272194
143000.0,0.005,0,stay,data,4.0,4.678962211849181,-0.029116878236242406,0.03662616741848772,0.0234,True,3.2143680165328425,3.3342942161841527,3.227039131571072,3.321000437028616,0.004999999999999999,0.004999999999999999,0.8920454116169482,0.10800325065756017,1,1,3.21044921875,-0.00839307534982052,-0.010255388010311561,3.207480215604296,-0.012085160660695204,3.207480215604296,-0.012085160660695204,-0.008237540487975037,141721.03255987167,141459.02833552848,,1,3.207480215604296,0.006584582992082069,-0.002142816532867305,0.31691659841641395,3.207480215604296,0.006584582992082069,-0.03803323652853455,0.31691659841641395,1,False,0.0
143000.0,0.005,0,stay,data,16.0,4.678962211849181,-0.029116878236242406,0.03662616741848772,0.0234,True,3.2143680165328425,3.3342942161841527,3.227039131571072,3.321000437028616,0.004999999999999999,0.004999999999999999,0.8920454116169482,0.10800325065756017,1,1,3.21044921875,-0.00839307534982052,-0.010255388010311561,3.2116120240531862,-0.009538299138237005,3.2116120240531862,-0.009538299138237005,-0.008237540487975037,141721.03255987167,141823.7121543413,,1,3.2116120240531862,0.006339546733558227,-0.0008573979287626913,0.26790934671164557,3.2116120240531862,0.006339546733558227,-0.03679405120744471,0.26790934671164557,1,False,0.0
143000.0,0.005,0,stay2,cov,4.0,4.678962211849181,-0.029116878236242406,0.03662616741848772,0.0234,True,3.2143680165328425,3.3342942161841527,3.227039131571072,3.321000437028616,0.004999999999999999,0.004999999999999999,0.8920454116169482,0.10800325065756017,1,1,3.21044921875,-0.00839307534982052,-0.010255388010311561,3.2055937044991536,-0.013246922610714362,3.2055937044991536,-0.013246922610714362,-0.008237540487975037,141721.03255987167,141292.67622696335,,1,3.2055937044991536,0.00644879330436322,-0.002729716071264703,0.2897586608726442,3.2055937044991536,0.00644879330436322,-0.038599026762637365,0.2897586608726442,1,False,0.0
143000.0,0.005,0,stay2,cov,16.0,4.678962211849181,-0.029116878236242406,0.03662616741848772,0.0234,True,3.2143680165328425,3.3342942161841527,3.227039131571072,3.321000437028616,0.004999999999999999,0.004999999999999999,0.8920454116169482,0.10800325065756017,1,1,3.21044921875,-0.00839307534982052,-0.010255388010311561,3.2066405390622608,-0.01260233943059319,3.2066405390622608,-0.01260233943059319,-0.008237540487975037,141721.03255987167,141384.9737679157,,3,3.2066405390622608,0.0067834948250368645,-0.0024040425461042798,0.3566989650073731,3.343795615121123,0.004020788328426131,0.0028495982420663406,-0.19584233431477371,2,True,0.08086204101191138
143000.0,0.005,0,stay2,data,4.0,4.678962211849181,-0.029116878236242406,0.03662616741848772,0.0234,True,3.2143680165328425,3.3342942161841527,3.227039131571072,3.321000437028616,0.004999999999999999,0.004999999999999999,0.8920454116169482,0.10800325065756017,1,1,3.21044921875,-0.00839307534982052,-0.010255388010311561,3.2072605476675844,-0.012220472973550889,3.2072605476675844,-0.012220472973550889,-0.008237540487975037,141721.03255987167,141439.65303359338,,1,3.2072605476675844,0.00615428081732523,-0.0022111559188933735,0.23085616346504617,3.2072605476675844,0.00615428081732523,-0.03809911791825878,0.23085616346504617,1,False,0.0
143000.0,0.005,0,stay2,data,16.0,4.678962211849181,-0.029116878236242406,0.03662616741848772,0.0234,True,3.2143680165328425,3.3342942161841527,3.227039131571072,3.321000437028616,0.004999999999999999,0.004999999999999999,0.8920454116169482,0.10800325065756017,1,1,3.21044921875,-0.00839307534982052,-0.010255388010311561,3.210437390110829,-0.010262681264009865,3.210437390110829,-0.010262681264009865,-0.008237540487975037,141721.03255987167,141719.98824254744,,1,3.210437390110829,0.006551754695763996,-0.0012228302427713632,0.3103509391527994,3.210437390110829,0.006551754695763996,-0.03714633983772082,0.3103509391527994,1,False,0.0
143000.0,0.005,0,stay+deck,cov,4.0,4.678962211849181,-0.029116878236242406,0.03662616741848772,0.0234,True,3.2143680165328425,3.3342942161841527,3.227039131571072,3.321000437028616,0.004999999999999999,0.004999999999999999,0.8920454116169482,0.10800325065756017,1,1,3.21044921875,-0.00839307534982052,-0.010255388010311561,3.208319163024107,-0.011568295744197377,3.208319163024107,-0.011568295744197377,-0.008237540487975037,141721.03255987167,141533.03796263097,,2,3.208319163024107,0.006875339440574277,-0.0018818173518476194,0.3750678881148556,3.3332969783647544,0.005029702283064116,-0.00029908513008776243,0.005940456612823359,2,True,0.038210073058219246
143000.0,0.005,0,stay+deck,cov,16.0,4.678962211849181,-0.029116878236242406,0.03662616741848772,0.0234,True,3.2143680165328425,3.3342942161841527,3.227039131571072,3.321000437028616,0.004999999999999999,0.004999999999999999,0.8920454116169482,0.10800325065756017,1,1,3.21044921875,-0.00839307534982052,-0.010255388010311561,3.209632756811856,-0.010758735669783248,3.209632756811856,-0.010758735669783248,-0.008237540487975037,141721.03255987167,141648.95846199553,,2,3.209632756811856,0.005640076146876177,-0.0014731541928712658,0.12801522937523557,3.3319645887075247,0.0035833875557431992,-0.0006986868361287258,-0.28332248885136,2,True,0.03740121118260483
143000.0,0.005,0,stay+deck,data,4.0,4.678962211849181,-0.029116878236242406,0.03662616741848772,0.0234,True,3.2143680165328425,3.3342942161841527,3.227039131571072,3.321000437028616,0.004999999999999999,0.004999999999999999,0.8920454116169482,0.10800325065756017,1,1,3.21044921875,-0.00839307534982052,-0.010255388010311561,3.209166015836092,-0.011046423325421939,3.209166015836092,-0.011046423325421939,-0.008237540487975037,141721.03255987167,141607.76461146286,,2,3.209166015836092,0.006578612988837574,-0.0016183587784579405,0.31572259776751493,3.3330448717420653,0.004764404253166036,-0.0003746953211336978,-0.047119149366792706,2,True,0.037870639768334186
143000.0,0.005,0,stay+deck,data,16.0,4.678962211849181,-0.029116878236242406,0.03662616741848772,0.0234,True,3.2143680165328425,3.3342942161841527,3.227039131571072,3.321000437028616,0.004999999999999999,0.004999999999999999,0.8920454116169482,0.10800325065756017,1,1,3.21044921875,-0.00839307534982052,-0.010255388010311561,3.209843536279154,-0.010628802678004479,3.209843536279154,-0.010628802678004479,-0.008237540487975037,141721.03255987167,141667.56350165466,,2,3.209843536279154,0.006441902915220333,-0.0014075800376363399,0.2883805830440668,3.3348257489060034,0.0043075060263072,0.00015941386314102495,-0.1384987947385598,2,True,0.038193591511114296
143000.0,0.005,1,stay,cov,4.0,4.678962211849181,-0.029116878236242406,0.03662616741848772,0.0234,True,3.2143680165328425,3.3342942161841527,3.227039131571072,3.321000437028616,0.004999999999999999,0.004999999999999999,0.8920454116169482,0.10800325065756017,1,1,3.21044921875,-0.00839307534982052,-0.010255388010311561,3.2139951214457168,-0.008067858496621505,3.2139951214457168,-0.008067858496621505,-0.008237540487975037,141721.03255987167,142034.26380930693,,1,3.2139951214457168,0.004188802077401061,-0.0001160088344607198,-0.1622395845197876,3.2139951214457168,0.004188802077401061,-0.03607932801926194,-0.1622395845197876,1,False,0.0
143000.0,0.005,1,stay,cov,16.0,4.678962211849181,-0.029116878236242406,0.03662616741848772,0.0234,True,3.2143680165328425,3.3342942161841527,3.227039131571072,3.321000437028616,0.004999999999999999,0.004999999999999999,0.8920454116169482,0.10800325065756017,1,1,3.21044921875,-0.00839307534982052,-0.010255388010311561,3.20932251085005,-0.010949968310871805,3.20932251085005,-0.010949968310871805,-0.008237540487975037,141721.03255987167,141621.57595642196,,1,3.20932251085005,0.002905374869450048,-0.0015696726873965095,-0.41892502610999033,3.20932251085005,0.002905374869450048,-0.03748070722958674,-0.41892502610999033,1,False,0.0
143000.0,0.005,1,stay,data,4.0,4.678962211849181,-0.029116878236242406,0.03662616741848772,0.0234,True,3.2143680165328425,3.3342942161841527,3.227039131571072,3.321000437028616,0.004999999999999999,0.004999999999999999,0.8920454116169482,0.10800325065756017,1,1,3.21044921875,-0.00839307534982052,-0.010255388010311561,3.213612135809005,-0.00830424536958918,3.213612135809005,-0.00830424536958918,-0.008237540487975037,141721.03255987167,142000.41569201005,,1,3.213612135809005,0.0042895640267001395,-0.0002351568706351877,-0.14208719465997197,3.213612135809005,0.0042895640267001395,-0.036194190599430465,-0.14208719465997197,1,False,0.0
143000.0,0.005,1,stay,data,16.0,4.678962211849181,-0.029116878236242406,0.03662616741848772,0.0234,True,3.2143680165328425,3.3342942161841527,3.227039131571072,3.321000437028616,0.004999999999999999,0.004999999999999999,0.8920454116169482,0.10800325065756017,1,1,3.21044921875,-0.00839307534982052,-0.010255388010311561,3.2103013471173685,-0.01034656016172708,3.2103013471173685,-0.01034656016172708,-0.008237540487975037,141721.03255987167,141707.97766542438,,1,3.2103013471173685,0.0026669369754287707,-0.0012651536459289915,-0.4666126049142458,3.2103013471173685,0.0026669369754287707,-0.03718714097422532,-0.4666126049142458,1,False,0.0
143000.0,0.005,1,stay2,cov,4.0,4.678962211849181,-0.029116878236242406,0.03662616741848772,0.0234,True,3.2143680165328425,3.3342942161841527,3.227039131571072,3.321000437028616,0.004999999999999999,0.004999999999999999,0.8920454116169482,0.10800325065756017,1,1,3.21044921875,-0.00839307534982052,-0.010255388010311561,3.2141073248225274,-0.007998598852847594,3.2141073248225274,-0.007998598852847594,-0.008237540487975037,141721.03255987167,142044.18106282008,,1,3.2141073248225274,0.004076252342827156,-8.110201102497547e-05,-0.18474953143456863,3.2141073248225274,0.004076252342827156,-0.036045676706709495,-0.18474953143456863,1,False,0.0
143000.0,0.005,1,stay2,cov,16.0,4.678962211849181,-0.029116878236242406,0.03662616741848772,0.0234,True,3.2143680165328425,3.3342942161841527,3.227039131571072,3.321000437028616,0.004999999999999999,0.004999999999999999,0.8920454116169482,0.10800325065756017,1,1,3.21044921875,-0.00839307534982052,-0.010255388010311561,3.2125085625799183,-0.008985236682016118,3.2125085625799183,-0.008985236682016118,-0.008237540487975037,141721.03255987167,141902.9048889278,,2,3.2125085625799183,0.0029835262856163463,-0.0005784819732402275,-0.4032947428767306,3.2125085625799183,0.0029835262856163463,-0.03652516715924631,-0.4032947428767306,1,False,0.06801298800290088
143000.0,0.005,1,stay2,data,4.0,4.678962211849181,-0.029116878236242406,0.03662616741848772,0.0234,True,3.2143680165328425,3.3342942161841527,3.227039131571072,3.321000437028616,0.004999999999999999,0.004999999999999999,0.8920454116169482,0.10800325065756017,1,1,3.21044921875,-0.00839307534982052,-0.010255388010311561,3.213751099546591,-0.008218477254217427,3.213751099546591,-0.008218477254217427,-0.008237540487975037,141721.03255987167,142012.6967852577,,1,3.213751099546591,0.003997668718352049,-0.0001919248147935342,-0.20046625632959006,3.213751099546591,0.003997668718352049,-0.036152513492199834,-0.20046625632959006,1,False,0.0
143000.0,0.005,1,stay2,data,16.0,4.678962211849181,-0.029116878236242406,0.03662616741848772,0.0234,True,3.2143680165328425,3.3342942161841527,3.227039131571072,3.321000437028616,0.004999999999999999,0.004999999999999999,0.8920454116169482,0.10800325065756017,1,1,3.21044921875,-0.00839307534982052,-0.010255388010311561,3.2123952900543093,-0.009055121486323148,3.2123952900543093,-0.009055121486323148,-0.008237540487975037,141721.03255987167,141892.89811899277,,1,3.2123952900543093,0.0030814700565872603,-0.0006137214122299108,-0.38370598868254785,3.2123952900543093,0.0030814700565872603,-0.036559139124005505,-0.38370598868254785,1,False,0.0
143000.0,0.005,1,stay+deck,cov,4.0,4.678962211849181,-0.029116878236242406,0.03662616741848772,0.0234,True,3.2143680165328425,3.3342942161841527,3.227039131571072,3.321000437028616,0.004999999999999999,0.004999999999999999,0.8920454116169482,0.10800325065756017,1,1,3.21044921875,-0.00839307534982052,-0.010255388010311561,3.215152856137875,-0.007353108757139348,3.215152856137875,-0.007353108757139348,-0.008237540487975037,141721.03255987167,142136.6084645586,,2,3.215152856137875,0.0038885335347159733,0.00024416606965840457,-0.2222932930568052,3.3355460450886936,0.005554779959625262,0.00037544044507671566,0.11095599192505261,2,True,0.03675735696790332
143000.0,0.005,1,stay+deck,cov,16.0,4.678962211849181,-0.029116878236242406,0.03662616741848772,0.0234,True,3.2143680165328425,3.3342942161841527,3.227039131571072,3.321000437028616,0.004999999999999999,0.004999999999999999,0.8920454116169482,0.10800325065756017,1,1,3.21044921875,-0.00839307534982052,-0.010255388010311561,3.213734581978755,-0.008228672055230146,3.213734581978755,-0.008228672055230146,-0.008237540487975037,141721.03255987167,142011.23699683475,,2,3.213734581978755,0.0022217191060606065,-0.00019706348209958126,-0.5556561787878787,3.337781807924056,0.006741034380451823,0.0010459760038497214,0.34820687609036477,2,True,0.0378682486810176
143000.0,0.005,1,stay+deck,data,4.0,4.678962211849181,-0.029116878236242406,0.03662616741848772,0.0234,True,3.2143680165328425,3.3342942161841527,3.227039131571072,3.321000437028616,0.004999999999999999,0.004999999999999999,0.8920454116169482,0.10800325065756017,1,1,3.21044921875,-0.00839307534982052,-0.010255388010311561,3.214618737920791,-0.0076828888779708615,3.214618737920791,-0.0076828888779708615,-0.008237540487975037,141721.03255987167,142089.38741513257,,2,3.214618737920791,0.003830690409168826,7.8000212377296e-05,-0.23386191816623472,3.335344354592857,0.005946010520878736,0.00031495073338371285,0.18920210417574734,2,True,0.03686299142969239
143000.0,0.005,1,stay+deck,data,16.0,4.678962211849181,-0.029116878236242406,0.03662616741848772,0.0234,True,3.2143680165328425,3.3342942161841527,3.227039131571072,3.321000437028616,0.004999999999999999,0.004999999999999999,0.8920454116169482,0.10800325065756017,1,1,3.21044921875,-0.00839307534982052,-0.010255388010311561,3.2128930174938835,-0.008748024368870455,3.2128930174938835,-0.008748024368870455,-0.008237540487975037,141721.03255987167,141936.8712005881,,2,3.2128930174938835,0.0031154458416408582,-0.00045887684029101585,-0.37691083167182826,3.3344024146230837,0.005461835864786007,3.2450177433617985e-05,0.0923671729572015,2,True,0.037117432194414386
143000.0,0.005,2,stay,cov,4.0,4.678962211849181,-0.029116878236242406,0.03662616741848772,0.0234,True,3.2143680165328425,3.3342942161841527,3.227039131571072,3.321000437028616,0.004999999999999999,0.004999999999999999,0.8920454116169482,0.10800325065756017,2,1,3.22265625,-0.00839307534982052,-0.0027145039362527212,3.2107133758392274,-0.01009250811781437,3.2107133758392274,-0.01009250811781437,-0.008237540487975037,142800.80795288086,141744.35524965276,,1,3.2107133758392274,0.007144100098018946,-0.001136970214616916,0.4288200196037894,3.2107133758392274,0.007144100098018946,-0.037063567979419086,0.4288200196037894,1,False,0.0
143000.0,0.005,2,stay,cov,16.0,4.678962211849181,-0.029116878236242406,0.03662616741848772,0.0234,True,3.2143680165328425,3.3342942161841527,3.227039131571072,3.321000437028616,0.004999999999999999,0.004999999999999999,0.8920454116169482,0.10800325065756017,2,1,3.22265625,-0.00839307534982052,-0.0027145039362527212,3.2272462124743075,0.0001283452347744518,3.2272462124743075,0.0001283452347744518,-0.008237540487975037,142800.80795288086,143207.87409403425,,1,3.2272462124743075,0.004522538939452772,0.004006447262798483,-0.09549221210944545,3.2272462124743075,0.004522538939452772,-0.03210514632759477,-0.09549221210944545,1,False,0.0
143000.0,0.005,2,stay,data,4.0,4.678962211849181,-0.029116878236242406,0.03662616741848772,0.0234,True,3.2143680165328425,3.3342942161841527,3.227039131571072,3.321000437028616,0.004999999999999999,0.004999999999999999,0.8920454116169482,0.10800325065756017,2,1,3.22265625,-0.00839307534982052,-0.0027145039362527212,3.2114293678391066,-0.009650958350179595,3.2114293678391066,-0.009650958350179595,-0.008237540487975037,142800.80795288086,141807.5805385179,,1,3.2114293678391066,0.006993485813273908,-0.0009142228514660559,0.39869716265478183,3.2114293678391066,0.006993485813273908,-0.03684883228021059,0.39869716265478183,1,False,0.0
143000.0,0.005,2,stay,data,16.0,4.678962211849181,-0.029116878236242406,0.03662616741848772,0.0234,True,3.2143680165328425,3.3342942161841527,3.227039131571072,3.321000437028616,0.004999999999999999,0.004999999999999999,0.8920454116169482,0.10800325065756017,2,1,3.22265625,-0.00839307534982052,-0.0027145039362527212,3.2246398352695005,-0.0014864426913314688,3.2246398352695005,-0.0014864426913314688,-0.008237540487975037,142800.80795288086,142976.65342409504,,1,3.2246398352695005,0.007180818634112619,0.003195595116621891,0.4361637268225239,3.2246398352695005,0.007180818634112619,-0.03288683415590821,0.4361637268225239,1,False,0.0
143000.0,0.005,2,stay2,cov,4.0,4.678962211849181,-0.029116878236242406,0.03662616741848772,0.0234,True,3.2143680165328425,3.3342942161841527,3.227039131571072,3.321000437028616,0.004999999999999999,0.004999999999999999,0.8920454116169482,0.10800325065756017,2,1,3.22265625,-0.00839307534982052,-0.0027145039362527212,3.2107971853443287,-0.01004082817626717,3.2107971853443287,-0.01004082817626717,-0.008237540487975037,142800.80795288086,141751.75527445713,,1,3.2107971853443287,0.0068811269011052854,-0.0011108968139763667,0.3762253802210573,3.2107971853443287,0.0068811269011052854,-0.037038432373600494,0.3762253802210573,1,False,0.0
143000.0,0.005,2,stay2,cov,16.0,4.678962211849181,-0.029116878236242406,0.03662616741848772,0.0234,True,3.2143680165328425,3.3342942161841527,3.227039131571072,3.321000437028616,0.004999999999999999,0.004999999999999999,0.8920454116169482,0.10800325065756017,2,1,3.22265625,-0.00839307534982052,-0.0027145039362527212,3.2124966148804743,-0.008992608070629404,3.2124966148804743,-0.008992608070629404,-0.008237540487975037,142800.80795288086,141901.84938350445,,1,3.2124966148804743,0.008289236511027955,-0.0005821989401160061,0.6578473022055912,3.2124966148804743,0.008289236511027955,-0.036528750436146715,0.6578473022055912,1,False,0.0
143000.0,0.005,2,stay2,data,4.0,4.678962211849181,-0.029116878236242406,0.03662616741848772,0.0234,True,3.2143680165328425,3.3342942161841527,3.227039131571072,3.321000437028616,0.004999999999999999,0.004999999999999999,0.8920454116169482,0.10800325065756017,2,1,3.22265625,-0.00839307534982052,-0.0027145039362527212,3.21081356369015,-0.010030728544255019,3.21081356369015,-0.010030728544255019,-0.008237540487975037,142800.80795288086,141753.2014356788,,1,3.21081356369015,0.00690968761238125,-0.0011058014590770164,0.38193752247625024,3.21081356369015,0.00690968761238125,-0.037033520285836355,0.38193752247625024,1,False,0.0
143000.0,0.005,2,stay2,data,16.0,4.678962211849181,-0.029116878236242406,0.03662616741848772,0.0234,True,3.2143680165328425,3.3342942161841527,3.227039131571072,3.321000437028616,0.004999999999999999,0.004999999999999999,0.8920454116169482,0.10800325065756017,2,1,3.22265625,-0.00839307534982052,-0.0027145039362527212,3.2176430813892445,-0.005814848059684796,3.2176430813892445,-0.005814848059684796,-0.008237540487975037,142800.80795288086,142356.871239166,,1,3.2176430813892445,0.0069870477796749215,0.0010188829777912523,0.3974095559349845,3.2176430813892445,0.0069870477796749215,-0.03498525541888339,0.3974095559349845,1,False,0.0
143000.0,0.005,2,stay+deck,cov,4.0,4.678962211849181,-0.029116878236242406,0.03662616741848772,0.0234,True,3.2143680165328425,3.3342942161841527,3.227039131571072,3.321000437028616,0.004999999999999999,0.004999999999999999,0.8920454116169482,0.10800325065756017,2,1,3.22265625,-0.00839307534982052,-0.0027145039362527212,3.213936929308171,-0.008103777735372186,3.213936929308171,-0.008103777735372186,-0.008237540487975037,142800.80795288086,142029.120551599,,2,3.213936929308171,0.0066968318971430685,-0.00013411259148114697,0.3393663794286139,3.3335662963115493,0.006269244138631987,-0.00021831302980706766,0.2538488277263976,2,True,0.036541980318629076
143000.0,0.005,2,stay+deck,cov,16.0,4.678962211849181,-0.029116878236242406,0.03662616741848772,0.0234,True,3.2143680165328425,3.3342942161841527,3.227039131571072,3.321000437028616,0.004999999999999999,0.004999999999999999,0.8920454116169482,0.10800325065756017,2,1,3.22265625,-0.00839307534982052,-0.0027145039362527212,3.217066190871711,-0.0061713105744826136,3.217066190871711,-0.0061713105744826136,-0.008237540487975037,142800.80795288086,142305.82955118502,,2,3.217066190871711,0.008678373816074383,0.0008394105233098631,0.7356747632148769,3.333868887559039,0.0055781526681515405,-0.0001275618159456972,0.11563053363030826,2,True,0.035659854750173386
143000.0,0.005,2,stay+deck,data,4.0,4.678962211849181,-0.029116878236242406,0.03662616741848772,0.0234,True,3.2143680165328425,3.3342942161841527,3.227039131571072,3.321000437028616,0.004999999999999999,0.004999999999999999,0.8920454116169482,0.10800325065756017,2,1,3.22265625,-0.00839307534982052,-0.0027145039362527212,3.212989267008699,-0.008688633066222251,3.212989267008699,-0.008688633066222251,-0.008237540487975037,142800.80795288086,141945.37541130508,,2,3.212989267008699,0.006559380802150126,-0.00042893331350113986,0.31187616043002536,3.333828453567662,0.006267693283358652,-0.0001396885176568466,0.2535386566717306,2,True,0.036915396675600363
143000.0,0.005,2,stay+deck,data,16.0,4.678962211849181,-0.029116878236242406,0.03662616741848772,0.0234,True,3.2143680165328425,3.3342942161841527,3.227039131571072,3.321000437028616,0.004999999999999999,0.004999999999999999,0.8920454116169482,0.10800325065756017,2,1,3.22265625,-0.00839307534982052,-0.0027145039362527212,3.2158218914438534,-0.006939949605051843,3.2158218914438534,-0.006939949605051843,-0.008237540487975037,142800.80795288086,142195.76851548094,,2,3.2158218914438534,0.004576513520645203,0.00045230505764523886,-0.08469729587095924,3.335919167331397,0.004997366758769099,0.00048734485977778544,-0.0005266482461799977,2,True,0.036661179008803425
147000.0,0.005,0,stay,cov,4.0,3.131121264374992,-0.015036997071102938,0.027464172230485424,0.0234,True,3.251453429339181,3.3419952341831007,3.27180235460519,3.321000437028616,0.005,0.005000000000000001,0.7725174835975883,0.22752755999503582,1,1,3.2470703125,-0.01324292535313045,-0.015061157635355427,3.250127040190369,-0.013205880942963377,3.250127040190369,-0.013205880942963377,-0.012777950006257434,144972.65219688416,145245.72943892833,,1,3.250127040190369,0.009099360753200829,-0.00040793730485064167,0.8198721506401657,3.250127040190369,0.009099360753200829,-0.027489026032434694,0.8198721506401654,1,False,0.0
147000.0,0.005,0,stay,cov,16.0,3.131121264374992,-0.015036997071102938,0.027464172230485424,0.0234,True,3.251453429339181,3.3419952341831007,3.27180235460519,3.321000437028616,0.005,0.005000000000000001,0.7725174835975883,0.22752755999503582,1,1,3.2470703125,-0.01324292535313045,-0.015061157635355427,3.249754100181019,-0.013432329872041682,3.249754100181019,-0.013432329872041682,-0.012777950006257434,144972.65219688416,145212.39853509597,,2,3.249754100181019,0.007710976050592778,-0.0005226367823165542,0.5421952101185555,3.343986176620695,0.004476116569912111,0.0005957346728775334,-0.10477668601757797,2,True,0.028582283342644302
147000.0,0.005,0,stay,data,4.0,3.131121264374992,-0.015036997071102938,0.027464172230485424,0.0234,True,3.251453429339181,3.3419952341831007,3.27180235460519,3.321000437028616,0.005,0.005000000000000001,0.7725174835975883,0.22752755999503582,1,1,3.2470703125,-0.01324292535313045,-0.015061157635355427,,,,,-0.012777950006257434,144972.65219688416,,,0,,,,,,,,,0,False,0.0
147000.0,0.005,0,stay,data,16.0,3.131121264374992,-0.015036997071102938,0.027464172230485424,0.0234,True,3.251453429339181,3.3419952341831007,3.27180235460519,3.321000437028616,0.005,0.005000000000000001,0.7725174835975883,0.22752755999503582,1,1,3.2470703125,-0.01324292535313045,-0.015061157635355427,3.2514071435146294,-0.012428405367504225,3.2514071435146294,-0.012428405367504225,-0.012777950006257434,144972.65219688416,145360.165677347,,2,3.2514071435146294,0.008425495149523182,-1.4235425958648262e-05,0.6850990299046363,3.342889090743655,0.0044183159452247985,0.000267461949499926,-0.11633681095504046,2,True,0.027745780286230988
147000.0,0.005,0,stay2,cov,4.0,3.131121264374992,-0.015036997071102938,0.027464172230485424,0.0234,True,3.251453429339181,3.3419952341831007,3.27180235460519,3.321000437028616,0.005,0.005000000000000001,0.7725174835975883,0.22752755999503582,1,1,3.2470703125,-0.01324292535313045,-0.015061157635355427,3.245690278030196,-0.01589819568849382,3.245690278030196,-0.01589819568849382,-0.012777950006257434,144972.65219688416,144849.4489873713,,1,3.245690278030196,0.008053304100542707,-0.0017724846547029127,0.6106608201085413,3.245690278030196,0.008053304100542707,-0.028816604873598828,0.6106608201085411,1,False,0.0
147000.0,0.005,0,stay2,cov,16.0,3.131121264374992,-0.015036997071102938,0.027464172230485424,0.0234,True,3.251453429339181,3.3419952341831007,3.27180235460519,3.321000437028616,0.005,0.005000000000000001,0.7725174835975883,0.22752755999503582,1,1,3.2470703125,-0.01324292535313045,-0.015061157635355427,3.2475485320718493,-0.014771018111905176,3.2475485320718493,-0.014771018111905176,-0.012777950006257434,144972.65219688416,145015.3576872278,,4,3.2475485320718493,0.006638310146098442,-0.0012009697669651312,0.3276620292196884,3.350403273544795,0.003867336170415722,0.0025158741328215307,-0.2265327659168557,2,True,0.14166670527852418
147000.0,0.005,0,stay2,data,4.0,3.131121264374992,-0.015036997071102938,0.027464172230485424,0.0234,True,3.251453429339181,3.3419952341831007,3.27180235460519,3.321000437028616,0.005,0.005000000000000001,0.7725174835975883,0.22752755999503582,1,1,3.2470703125,-0.01324292535313045,-0.015061157635355427,3.2446756286274114,-0.016513388234251303,3.2446756286274114,-0.016513388234251303,-0.012777950006257434,144972.65219688416,144758.89910636947,,1,3.2446756286274114,0.007760069840936811,-0.0020845449147788883,0.5520139681873621,3.2446756286274114,0.007760069840936811,-0.02912021075322616,0.5520139681873619,1,False,0.0
147000.0,0.005,0,stay2,data,16.0,3.131121264374992,-0.015036997071102938,0.027464172230485424,0.0234,True,3.251453429339181,3.3419952341831007,3.27180235460519,3.321000437028616,0.005,0.005000000000000001,0.7725174835975883,0.22752755999503582,1,1,3.2470703125,-0.01324292535313045,-0.015061157635355427,3.249431168263228,-0.013628392928126898,3.249431168263228,-0.013628392928126898,-0.012777950006257434,144972.65219688416,145183.54011260727,,1,3.249431168263228,0.005311349845871105,-0.000621956032863618,0.06226996917422095,3.249431168263228,0.005311349845871105,-0.027697246534972512,0.062269969174220764,1,False,0.0
147000.0,0.005,0,stay+deck,cov,4.0,3.131121264374992,-0.015036997071102938,0.027464172230485424,0.0234,True,3.251453429339181,3.3419952341831007,3.27180235460519,3.321000437028616,0.005,0.005000000000000001,0.7725174835975883,0.22752755999503582,1,1,3.2470703125,-0.01324292535313045,-0.015061157635355427,3.2508219926248385,-0.01278383695258134,3.2508219926248385,-0.01278383695258134,-0.012777950006257434,144972.65219688416,145307.8498813332,,2,3.2508219926248385,0.007481900175278183,-0.00019420137119129053,0.4963800350556366,3.3423287083710487,0.00561221276925751,9.978296334388637e-05,0.12244255385150182,2,True,0.027758114411790467
147000.0,0.005,0,stay+deck,cov,16.0,3.131121264374992,-0.015036997071102938,0.027464172230485424,0.0234,True,3.251453429339181,3.3419952341831007,3.27180235460519,3.321000437028616,0.005,0.005000000000000001,0.7725174835975883,0.22752755999503582,1,1,3.2470703125,-0.01324292535313045,-0.015061157635355427,3.2482976939605583,-0.014316409885692827,3.2482976939605583,-0.014316409885692827,-0.012777950006257434,144972.65219688416,145082.27124310535,,2,3.2482976939605583,0.008642503103941058,-0.0009705614572692266,0.7285006207882117,3.3465838298776758,0.005358371569065738,0.0013730108432355825,0.07167431381314737,2,True,0.029806793514590604
147000.0,0.005,0,stay+deck,data,4.0,3.131121264374992,-0.015036997071102938,0.027464172230485424,0.0234,True,3.251453429339181,3.3419952341831007,3.27180235460519,3.321000437028616,0.005,0.005000000000000001,0.7725174835975883,0.22752755999503582,1,1,3.2470703125,-0.01324292535313045,-0.015061157635355427,3.2518450974329154,-0.012162342115955238,3.2518450974329154,-0.012162342115955238,-0.012777950006257434,144972.65219688416,145399.32739335418,,2,3.2518450974329154,0.007050638774511893,0.00012045938908440377,0.4101277549023785,3.3423285573858923,0.005462846703865317,9.973778519556552e-05,0.09256934077306321,2,True,0.027443456811864376
147000.0,0.005,0,stay+deck,data,16.0,3.131121264374992,-0.015036997071102938,0.027464172230485424,0.0234,True,3.251453429339181,3.3419952341831007,3.27180235460519,3.321000437028616,0.005,0.005000000000000001,0.7725174835975883,0.22752755999503582,1,1,3.2470703125,-0.01324292535313045,-0.015061157635355427,3.2470280105865124,-0.01508682047742027,3.2470280105865124,-0.01508682047742027,-0.012777950006257434,144972.65219688416,144968.8748960843,,2,3.2470280105865124,0.005323152768885613,-0.0013610586308067944,0.06463055377712267,3.346993618835642,0.0049917738845045604,0.0014956288989930921,-0.0016452230990881068,2,True,0.030320072898483943
147000.0,0.005,1,stay,cov,4.0,3.131121264374992,-0.015036997071102938,0.027464172230485424,0.0234,True,3.251453429339181,3.3419952341831007,3.27180235460519,3.321000437028616,0.005,0.005000000000000001,0.7725174835975883,0.22752755999503582,3,1,3.25927734375,-0.01324292535313045,-0.007641682213053946,3.249271122571302,-0.01372555494233163,3.249271122571302,-0.01372555494233163,-0.012777950006257434,146064.72104787827,145169.23888466682,,1,3.249271122571302,0.005066987981767752,-0.000671178848261263,0.013397596353550457,3.249271122571302,0.005066987981767752,-0.027745135798933573,0.01339759635355028,1,False,0.0
147000.0,0.005,1,stay,cov,16.0,3.131121264374992,-0.015036997071102938,0.027464172230485424,0.0234,True,3.251453429339181,3.3419952341831007,3.27180235460519,3.321000437028616,0.005,0.005000000000000001,0.7725174835975883,0.22752755999503582,3,1,3.25927734375,-0.01324292535313045,-0.007641682213053946,3.253662610280314,-0.011057794191418058,3.253662610280314,-0.011057794191418058,-0.012777950006257434,146064.72104787827,145561.90524612146,,2,3.253662610280314,0.0045405172876517436,0.0006794441283393392,-0.0918965424696513,3.3356603506343165,0.0038626127500938877,-0.0018955393724050785,-0.2274774499812226,2,True,0.0248880623518932
147000.0,0.005,1,stay,data,4.0,3.131121264374992,-0.015036997071102938,0.027464172230485424,0.0234,True,3.251453429339181,3.3419952341831007,3.27180235460519,3.321000437028616,0.005,0.005000000000000001,0.7725174835975883,0.22752755999503582,3,1,3.25927734375,-0.01324292535313045,-0.007641682213053946,3.248835664740988,-0.013989892472102694,3.248835664740988,-0.013989892472102694,-0.012777950006257434,146064.72104787827,145130.331176779,,1,3.248835664740988,0.005358309270563044,-0.0008051059795510152,0.07166185411260871,3.248835664740988,0.005358309270563044,-0.027875434557549268,0.07166185411260852,1,False,0.0
147000.0,0.005,1,stay,data,16.0,3.131121264374992,-0.015036997071102938,0.027464172230485424,0.0234,True,3.251453429339181,3.3419952341831007,3.27180235460519,3.321000437028616,0.005,0.005000000000000001,0.7725174835975883,0.22752755999503582,3,1,3.25927734375,-0.01324292535313045,-0.007641682213053946,3.2540960187876316,-0.010794309888484177,3.2540960187876316,-0.010794309888484177,-0.012777950006257434,146064.72104787827,145600.68736798083,,2,3.2540960187876316,0.004366310004232808,0.0008127409805736705,-0.12673799915343847,3.3386888400172845,0.004377788322151701,-0.0009893473611204706,-0.12444233556966001,2,True,0.025662242297100294
147000.0,0.005,1,stay2,cov,4.0,3.131121264374992,-0.015036997071102938,0.027464172230485424,0.0234,True,3.251453429339181,3.3419952341831007,3.27180235460519,3.321000437028616,0.005,0.005000000000000001,0.7725174835975883,0.22752755999503582,3,1,3.25927734375,-0.01324292535313045,-0.007641682213053946,,,,,-0.012777950006257434,146064.72104787827,,,0,,,,,,,,,0,False,0.0
147000.0,0.005,1,stay2,cov,16.0,3.131121264374992,-0.015036997071102938,0.027464172230485424,0.0234,True,3.251453429339181,3.3419952341831007,3.27180235460519,3.321000437028616,0.005,0.005000000000000001,0.7725174835975883,0.22752755999503582,3,1,3.25927734375,-0.01324292535313045,-0.007641682213053946,3.25280433510132,-0.011579466350474799,3.25280433510132,-0.011579466350474799,-0.012777950006257434,146064.72104787827,145485.12058374166,,1,3.25280433510132,0.005784089642665099,0.0004154775061359521,0.15681792853301982,3.25280433510132,0.005784089642665099,-0.026687919291297928,0.1568179285330196,1,False,0.0
147000.0,0.005,1,stay2,data,4.0,3.131121264374992,-0.015036997071102938,0.027464172230485424,0.0234,True,3.251453429339181,3.3419952341831007,3.27180235460519,3.321000437028616,0.005,0.005000000000000001,0.7725174835975883,0.22752755999503582,3,1,3.25927734375,-0.01324292535313045,-0.007641682213053946,3.24596749555829,-0.01573008234636486,3.24596749555829,-0.01573008234636486,-0.012777950006257434,146064.72104787827,144874.19350553816,,1,3.24596749555829,0.004939021883847025,-0.0016872250826012807,-0.012195623230594997,3.24596749555829,0.004939021883847025,-0.02873365516581398,-0.012195623230595169,1,False,0.0
147000.0,0.005,1,stay2,data,16.0,3.131121264374992,-0.015036997071102938,0.027464172230485424,0.0234,True,3.251453429339181,3.3419952341831007,3.27180235460519,3.321000437028616,0.005,0.005000000000000001,0.7725174835975883,0.22752755999503582,3,1,3.25927734375,-0.01324292535313045,-0.007641682213053946,3.2536593278868002,-0.011059789540188603,3.2536593278868002,-0.011059789540188603,-0.012777950006257434,146064.72104787827,145561.6115517408,,2,3.2536593278868002,0.0048410148733252735,0.0006784346125688648,-0.03179702533494533,3.3434969177786624,0.003083566977548773,0.0004493374437527438,-0.3832866044902455,2,True,0.027235246990212875
147000.0,0.005,1,stay+deck,cov,4.0,3.131121264374992,-0.015036997071102938,0.027464172230485424,0.0234,True,3.251453429339181,3.3419952341831007,3.27180235460519,3.321000437028616,0.005,0.005000000000000001,0.7725174835975883,0.22752755999503582,3,1,3.25927734375,-0.01324292535313045,-0.007641682213053946,3.2513036001945657,-0.012491304173455897,3.2513036001945657,-0.012491304173455897,-0.012777950006257434,146064.72104787827,145350.90763377448,,2,3.2513036001945657,0.004245818338165045,-4.608066757566766e-05,-0.15083633236699107,3.3418807703800733,0.00522699141576479,-3.425013951447655e-05,0.04539828315295781,2,True,0.027476001001808237
147000.0,0.005,1,stay+deck,cov,16.0,3.131121264374992,-0.015036997071102938,0.027464172230485424,0.0234,True,3.251453429339181,3.3419952341831007,3.27180235460519,3.321000437028616,0.005,0.005000000000000001,0.7725174835975883,0.22752755999503582,3,1,3.25927734375,-0.01324292535313045,-0.007641682213053946,3.2529326211706557,-0.011501500956636823,3.2529326211706557,-0.011501500956636823,-0.012777950006257434,146064.72104787827,145496.59627079763,,2,3.2529326211706557,0.004085988485405707,0.0004549324982260513,-0.18280230291885854,3.3425343938337964,0.00532523150405698,0.00016132867132212086,0.06504630081139577,2,True,0.027170713600507677
147000.0,0.005,1,stay+deck,data,4.0,3.131121264374992,-0.015036997071102938,0.027464172230485424,0.0234,True,3.251453429339181,3.3419952341831007,3.27180235460519,3.321000437028616,0.005,0.005000000000000001,0.7725174835975883,0.22752755999503582,3,1,3.25927734375,-0.01324292535313045,-0.007641682213053946,3.251170294737701,-0.012572279446992796,3.251170294737701,-0.012572279446992796,-0.012777950006257434,146064.72104787827,145338.98892404142,,2,3.251170294737701,0.004153040603213084,-8.70793962247575e-05,-0.16939187935738326,3.34166551437492,0.005141227778552568,-9.865956863384234e-05,0.02824555571051337,2,True,0.027452593165489213
147000.0,0.005,1,stay+deck,data,16.0,3.131121264374992,-0.015036997071102938,0.027464172230485424,0.0234,True,3.251453429339181,3.3419952341831007,3.27180235460519,3.321000437028616,0.005,0.005000000000000001,0.7725174835975883,0.22752755999503582,3,1,3.25927734375,-0.01324292535313045,-0.007641682213053946,3.254133926710712,-0.010771262657294889,3.254133926710712,-0.010771262657294889,-0.012777950006257434,146064.72104787827,145604.07967833307,,2,3.254133926710712,0.004197644920867862,0.0008243997430023436,-0.16047101582642753,3.34240234013378,0.004813697791904315,0.00012181523974521706,-0.037260441619137157,2,True,0.026762049006452883
147000.0,0.005,2,stay,cov,4.0,3.131121264374992,-0.015036997071102938,0.027464172230485424,0.0234,True,3.251453429339181,3.3419952341831007,3.27180235460519,3.321000437028616,0.005,0.005000000000000001,0.7725174835975883,0.22752755999503582,4,2,3.2470703125,-0.01324292535313045,-0.015061157635355427,3.248566543879436,-0.014153240161241865,3.248566543879436,-0.014153240161241865,-0.012777950006257434,144972.65219688416,145106.28811267577,,1,3.248566543879436,0.007595823972235462,-0.0008878753832656089,0.5191647944470924,3.248566543879436,0.007595823972235462,-0.027955961560939192,0.5191647944470921,1,False,0.0
147000.0,0.005,2,stay,cov,16.0,3.131121264374992,-0.015036997071102938,0.027464172230485424,0.0234,True,3.251453429339181,3.3419952341831007,3.27180235460519,3.321000437028616,0.005,0.005000000000000001,0.7725174835975883,0.22752755999503582,4,2,3.2470703125,-0.01324292535313045,-0.015061157635355427,3.248430720277116,-0.014235675572196849,3.248430720277116,-0.014235675572196849,-0.012777950006257434,144972.65219688416,145094.1544860514,,1,3.248430720277116,0.005592714957538477,-0.0009296485795520155,0.11854299150769534,3.248430720277116,0.005592714957538477,-0.02799660303191756,0.11854299150769515,1,False,0.0
147000.0,0.005,2,stay,data,4.0,3.131121264374992,-0.015036997071102938,0.027464172230485424,0.0234,True,3.251453429339181,3.3419952341831007,3.27180235460519,3.321000437028616,0.005,0.005000000000000001,0.7725174835975883,0.22752755999503582,4,2,3.2470703125,-0.01324292535313045,-0.015061157635355427,3.2493284657631953,-0.013690743058877963,3.2493284657631953,-0.013690743058877963,-0.012777950006257434,144972.65219688416,145174.36282826125,,1,3.2493284657631953,0.007458994365866599,-0.0006535426762724185,0.49179887317331983,3.2493284657631953,0.007458994365866599,-0.02772797742859629,0.49179887317331955,1,False,0.0
147000.0,0.005,2,stay,data,16.0,3.131121264374992,-0.015036997071102938,0.027464172230485424,0.0234,True,3.251453429339181,3.3419952341831007,3.27180235460519,3.321000437028616,0.005,0.005000000000000001,0.7725174835975883,0.22752755999503582,4,2,3.2470703125,-0.01324292535313045,-0.015061157635355427,3.2494784505004954,-0.013599687475845501,3.2494784505004954,-0.013599687475845501,-0.012777950006257434,144972.65219688416,145187.76525367264,,1,3.2494784505004954,0.00589459748917813,-0.0006074141554248711,0.17891949783562597,3.2494784505004954,0.00589459748917813,-0.027683098628122252,0.17891949783562577,1,False,0.0
147000.0,0.005,2,stay2,cov,4.0,3.131121264374992,-0.015036997071102938,0.027464172230485424,0.0234,True,3.251453429339181,3.3419952341831007,3.27180235460519,3.321000437028616,0.005,0.005000000000000001,0.7725174835975883,0.22752755999503582,4,2,3.2470703125,-0.01324292535313045,-0.015061157635355427,3.2484809873950513,-0.014205167355025972,3.2484809873950513,-0.014205167355025972,-0.012777950006257434,144972.65219688416,145098.644975173,,2,3.2484809873950513,0.007205610542545914,-0.0009141886878366277,0.44112210850918276,3.388205808187081,0.016980178143900335,0.013827241143650425,2.396035628780066,1,False,0.04210679970163449
147000.0,0.005,2,stay2,cov,16.0,3.131121264374992,-0.015036997071102938,0.027464172230485424,0.0234,True,3.251453429339181,3.3419952341831007,3.27180235460519,3.321000437028616,0.005,0.005000000000000001,0.7725174835975883,0.22752755999503582,4,2,3.2470703125,-0.01324292535313045,-0.015061157635355427,3.248935548080201,-0.013929263061357111,3.248935548080201,-0.013929263061357111,-0.012777950006257434,144972.65219688416,145139.25518921396,,3,3.248935548080201,0.005352902831294963,-0.0007743863824896917,0.07058056625899259,3.34282702669485,0.0034697770706863724,0.0002488909927942138,-0.30604458586272565,2,True,0.06127718156726547
147000.0,0.005,2,stay2,data,4.0,3.131121264374992,-0.015036997071102938,0.027464172230485424,0.0234,True,3.251453429339181,3.3419952341831007,3.27180235460519,3.321000437028616,0.005,0.005000000000000001,0.7725174835975883,0.22752755999503582,4,2,3.2470703125,-0.01324292535313045,-0.015061157635355427,3.2472386035824985,-0.014959059002751629,3.2472386035824985,-0.014959059002751629,-0.012777950006257434,144972.65219688416,144987.6800432007,,2,3.2472386035824985,0.006856216562176392,-0.0012962897511156783,0.3712433124352784,3.378597070937884,0.017227566387628644,0.010952091247888958,2.4455132775257282,1,False,0.03965038488972007
147000.0,0.005,2,stay2,data,16.0,3.131121264374992,-0.015036997071102938,0.027464172230485424,0.0234,True,3.251453429339181,3.3419952341831007,3.27180235460519,3.321000437028616,0.005,0.005000000000000001,0.7725174835975883,0.22752755999503582,4,2,3.2470703125,-0.01324292535313045,-0.015061157635355427,3.249585994496162,-0.01353439503708953,3.249585994496162,-0.01353439503708953,-0.012777950006257434,144972.65219688416,145197.37561485215,,1,3.249585994496162,0.005022071565869348,-0.0005743384869572931,0.00441431317386963,3.249585994496162,0.005022071565869348,-0.027650919050315977,0.004414313173869456,1,False,0.0
147000.0,0.005,2,stay+deck,cov,4.0,3.131121264374992,-0.015036997071102938,0.027464172230485424,0.0234,True,3.251453429339181,3.3419952341831007,3.27180235460519,3.321000437028616,0.005,0.005000000000000001,0.7725174835975883,0.22752755999503582,4,2,3.2470703125,-0.01324292535313045,-0.015061157635355427,3.250734419656858,-0.012837024906372507,3.250734419656858,-0.012837024906372507,-0.012777950006257434,144972.65219688416,145300.0211731999,,2,3.250734419656858,0.0057005702210149774,-0.00022113485490357022,0.14011404420299547,3.341859632584174,0.005421914985231606,-4.057504257932881e-05,0.08438299704632105,2,True,0.027644721396531104
147000.0,0.005,2,stay+deck,cov,16.0,3.131121264374992,-0.015036997071102938,0.027464172230485424,0.0234,True,3.251453429339181,3.3419952341831007,3.27180235460519,3.321000437028616,0.005,0.005000000000000001,0.7725174835975883,0.22752755999503582,4,2,3.2470703125,-0.01324292535313045,-0.015061157635355427,3.2499343469645017,-0.01332288738791898,3.2499343469645017,-0.01332288738791898,-0.012777950006257434,144972.65219688416,145228.50731921926,,2,3.2499343469645017,0.005946748816292411,-0.0004672010249237558,0.1893497632584822,3.3451023425512743,0.004515600609921981,0.0009297165766105592,-0.09687987801560402,2,True,0.028860490113136898
147000.0,0.005,2,stay+deck,data,4.0,3.131121264374992,-0.015036997071102938,0.027464172230485424,0.0234,True,3.251453429339181,3.3419952341831007,3.27180235460519,3.321000437028616,0.005,0.005000000000000001,0.7725174835975883,0.22752755999503582,4,2,3.2470703125,-0.01324292535313045,-0.015061157635355427,3.250720986724581,-0.012845183349530997,3.250720986724581,-0.012845183349530997,-0.012777950006257434,144972.65219688416,145298.82033605996,,2,3.250720986724581,0.0057698938822404195,-0.0002252662172524721,0.1539787764480839,3.3420704076651875,0.005349774368987434,2.2493593443175077e-05,0.06995487379748663,2,True,0.027711910016853136
147000.0,0.005,2,stay+deck,data,16.0,3.131121264374992,-0.015036997071102938,0.027464172230485424,0.0234,True,3.251453429339181,3.3419952341831007,3.27180235460519,3.321000437028616,0.005,0.005000000000000001,0.7725174835975883,0.22752755999503582,4,2,3.2470703125,-0.01324292535313045,-0.015061157635355427,3.251118982787751,-0.012603447572532511,3.251118982787751,-0.012603447572532511,-0.012777950006257434,144972.65219688416,145334.40130333934,,2,3.251118982787751,0.005467762564396643,-0.00010286063100637435,0.09355251287932863,3.3435159408950996,0.005574448024501207,0.0004550295872491274,0.11488960490024112,2,True,0.028021856911450784
151600.0,0.005,0,stay,cov,4.0,2.3383775802654228,0.0004617417787089486,0.0233792165249093,0.0234,True,3.283269380161662,3.3609375564655175,3.3225345900600525,3.321000437028616,0.005,0.005,0.4916701315917526,0.5083710170181857,2,2,3.28369140625,0.024402737662162617,-0.0232449825595763,,,,,0.022942813450352876,148261.1522078514,,,0,,,,,,,,,0,False,0.0
151600.0,0.005,0,stay,cov,16.0,2.3383775802654228,0.0004617417787089486,0.0233792165249093,0.0234,True,3.283269380161662,3.3609375564655175,3.3225345900600525,3.321000437028616,0.005,0.005,0.4916701315917526,0.5083710170181857,2,2,3.28369140625,0.024402737662162617,-0.0232449825595763,3.2875930170671306,-0.020922485409300418,3.2875930170671306,-0.020922485409300418,0.022942813450352876,148261.1522078514,148613.68288069268,,2,3.2875930170671306,0.005471821302023963,0.0013168693776980846,0.0943642604047926,3.3587329422160623,0.0040287318725229235,-0.00065595215990077,-0.1942536254954153,2,True,0.021407293468526843
151600.0,0.005,0,stay,data,4.0,2.3383775802654228,0.0004617417787089486,0.0233792165249093,0.0234,True,3.283269380161662,3.3609375564655175,3.3225345900600525,3.321000437028616,0.005,0.005,0.4916701315917526,0.5083710170181857,2,2,3.28369140625,0.024402737662162617,-0.0232449825595763,,,,,0.022942813450352876,148261.1522078514,,,0,,,,,,,,,0,False,0.0
151600.0,0.005,0,stay,data,16.0,2.3383775802654228,0.0004617417787089486,0.0233792165249093,0.0234,True,3.283269380161662,3.3609375564655175,3.3225345900600525,3.321000437028616,0.005,0.005,0.4916701315917526,0.5083710170181857,2,2,3.28369140625,0.024402737662162617,-0.0232449825595763,3.2875136766102493,-0.020969741574880407,3.2875136766102493,-0.020969741574880407,0.022942813450352876,148261.1522078514,148606.50989111728,,2,3.2875136766102493,0.004601213905292143,0.0012927043008509977,-0.07975721894157138,3.359491969313693,0.004270481671671847,-0.0004301142545905089,-0.1459036656656306,2,True,0.02165735867776256
151600.0,0.005,0,stay2,cov,4.0,2.3383775802654228,0.0004617417787089486,0.0233792165249093,0.0234,True,3.283269380161662,3.3609375564655175,3.3225345900600525,3.321000437028616,0.005,0.005,0.4916701315917526,0.5083710170181857,2,2,3.28369140625,0.024402737662162617,-0.0232449825595763,,,,,0.022942813450352876,148261.1522078514,,,0,,,,,,,,,0,False,0.0
151600.0,0.005,0,stay2,cov,16.0,2.3383775802654228,0.0004617417787089486,0.0233792165249093,0.0234,True,3.283269380161662,3.3609375564655175,3.3225345900600525,3.321000437028616,0.005,0.005,0.4916701315917526,0.5083710170181857,2,2,3.28369140625,0.024402737662162617,-0.0232449825595763,3.288627571391081,-0.02030618756205005,3.288627571391081,-0.02030618756205005,0.022942813450352876,148261.1522078514,148707.230420562,,2,3.288627571391081,0.0043435450864816256,0.0016319682027294805,-0.1312909827036749,3.357675422729846,0.004608873835237446,-0.0009706023039302994,-0.07822523295251074,2,True,0.02077782231711142
151600.0,0.005,0,stay2,data,4.0,2.3383775802654228,0.0004617417787089486,0.0233792165249093,0.0234,True,3.283269380161662,3.3609375564655175,3.3225345900600525,3.321000437028616,0.005,0.005,0.4916701315917526,0.5083710170181857,2,2,3.28369140625,0.024402737662162617,-0.0232449825595763,,,,,0.022942813450352876,148261.1522078514,,,0,,,,,,,,,0,False,0.0
151600.0,0.005,0,stay2,data,16.0,2.3383775802654228,0.0004617417787089486,0.0233792165249093,0.0234,True,3.283269380161662,3.3609375564655175,3.3225345900600525,3.321000437028616,0.005,0.005,0.4916701315917526,0.5083710170181857,2,2,3.28369140625,0.024402737662162617,-0.0232449825595763,3.3595668965388086,0.02241582912841089,3.3595668965388086,0.02241582912841089,0.022942813450352876,148261.1522078514,155191.98381939178,,1,3.3595668965388086,0.004597498039353083,0.023238274884831385,-0.0805003921293835,3.3595668965388086,0.004597498039353083,-0.0004078207058837366,-0.0805003921293835,1,False,0.0
151600.0,0.005,0,stay+deck,cov,4.0,2.3383775802654228,0.0004617417787089486,0.0233792165249093,0.0234,True,3.283269380161662,3.3609375564655175,3.3225345900600525,3.321000437028616,0.005,0.005,0.4916701315917526,0.5083710170181857,2,2,3.28369140625,0.024402737662162617,-0.0232449825595763,3.2876758785005586,-0.020873130888677704,3.2876758785005586,-0.020873130888677704,0.022942813450352876,148261.1522078514,148621.17437852328,,2,3.2876758785005586,0.0051202382183274595,0.0013421068540771873,0.02404764366549187,3.3614382952359145,0.004907125550132035,0.00014898782318455787,-0.018574889973593106,2,True,0.022187140965848406
151600.0,0.005,0,stay+deck,cov,16.0,2.3383775802654228,0.0004617417787089486,0.0233792165249093,0.0234,True,3.283269380161662,3.3609375564655175,3.3225345900600525,3.321000437028616,0.005,0.005,0.4916701315917526,0.5083710170181857,2,2,3.28369140625,0.024402737662162617,-0.0232449825595763,3.2871780432565227,-0.02116963636934266,3.2871780432565227,-0.02116963636934266,0.022942813450352876,148261.1522078514,148576.16796093198,,2,3.2871780432565227,0.004892782308073643,0.0011904789532281282,-0.021443538385271417,3.359265393596279,0.0037091010490733893,-0.0004975286928559198,-0.25817979018532217,2,True,0.02169200746975457
151600.0,0.005,0,stay+deck,data,4.0,2.3383775802654228,0.0004617417787089486,0.0233792165249093,0.0234,True,3.283269380161662,3.3609375564655175,3.3225345900600525,3.321000437028616,0.005,0.005,0.4916701315917526,0.5083710170181857,2,2,3.28369140625,0.024402737662162617,-0.0232449825595763,3.288061793857201,-0.020643252831397785,3.288061793857201,-0.020643252831397785,0.022942813450352876,148261.1522078514,148656.06745307223,,2,3.288061793857201,0.005231605188629876,0.001459646815608934,0.04632103772597516,3.361684901965246,0.004957353540979643,0.00022236220910761906,-0.00852929180407136,2,True,0.02214313160358327
151600.0,0.005,0,stay+deck,data,16.0,2.3383775802654228,0.0004617417787089486,0.0233792165249093,0.0234,True,3.283269380161662,3.3609375564655175,3.3225345900600525,3.321000437028616,0.005,0.005,0.4916701315917526,0.5083710170181857,2,2,3.28369140625,0.024402737662162617,-0.0232449825595763,3.2892289033277553,-0.019947876974568457,3.2892289033277553,-0.019947876974568457,0.022942813450352876,148261.1522078514,148761.61820419223,,2,3.2892289033277553,0.0051828926947054595,0.0018151185528980105,0.036578538941091886,3.3608029682330387,0.004545455860770401,-4.004484767052406e-05,-0.0909088278459199,2,True,0.021525931390306143
151600.0,0.005,1,stay,cov,4.0,2.3383775802654228,0.0004617417787089486,0.0233792165249093,0.0234,True,3.283269380161662,3.3609375564655175,3.3225345900600525,3.321000437028616,0.005,0.005,0.4916701315917526,0.5083710170181857,3,2,3.271484375,0.024402737662162617,-0.03049360328573425,,,,,0.022942813450352876,147160.88771820068,,,0,,,,,,,,,0,False,0.0
151600.0,0.005,1,stay,cov,16.0,2.3383775802654228,0.0004617417787089486,0.0233792165249093,0.0234,True,3.283269380161662,3.3609375564655175,3.3225345900600525,3.321000437028616,0.005,0.005,0.4916701315917526,0.5083710170181857,3,2,3.271484375,0.024402737662162617,-0.03049360328573425,3.2814581602173107,-0.02457311741308099,3.2814581602173107,-0.02457311741308099,0.022942813450352876,147160.88771820068,148059.5552872807,,2,3.2814581602173107,0.006365311387124159,-0.0005516513373209731,0.27306227742483186,3.355715406139364,0.004224765102753067,-0.0015537778487159355,-0.1550469794493867,2,True,0.022376165149110304
151600.0,0.005,1,stay,data,4.0,2.3383775802654228,0.0004617417787089486,0.0233792165249093,0.0234,True,3.283269380161662,3.3609375564655175,3.3225345900600525,3.321000437028616,0.005,0.005,0.4916701315917526,0.5083710170181857,3,2,3.271484375,0.024402737662162617,-0.03049360328573425,,,,,0.022942813450352876,147160.88771820068,,,0,,,,,,,,,0,False,0.0
151600.0,0.005,1,stay,data,16.0,2.3383775802654228,0.0004617417787089486,0.0233792165249093,0.0234,True,3.283269380161662,3.3609375564655175,3.3225345900600525,3.321000437028616,0.005,0.005,0.4916701315917526,0.5083710170181857,3,2,3.271484375,0.024402737662162617,-0.03049360328573425,3.2825889690342094,-0.023900726470481692,3.2825889690342094,-0.023900726470481692,0.022942813450352876,147160.88771820068,148161.61716984474,,2,3.2825889690342094,0.006138771554503365,-0.0002072358520332676,0.22775431090067305,3.3565481842268787,0.004709453688879231,-0.0013059963670538405,-0.05810926222415379,2,True,0.022279767230397162
151600.0,0.005,1,stay2,cov,4.0,2.3383775802654228,0.0004617417787089486,0.0233792165249093,0.0234,True,3.283269380161662,3.3609375564655175,3.3225345900600525,3.321000437028616,0.005,0.005,0.4916701315917526,0.5083710170181857,3,2,3.271484375,0.024402737662162617,-0.03049360328573425,3.2637390503476666,-0.03507883242989707,3.2637390503476666,-0.03507883242989707,0.022942813450352876,147160.88771820068,146464.89809550898,,1,3.2637390503476666,0.009370031783132966,-0.005948439665658392,0.8740063566265931,3.2637390503476666,0.009370031783132966,-0.028920057122414466,0.8740063566265931,1,False,0.0
151600.0,0.005,1,stay2,cov,16.0,2.3383775802654228,0.0004617417787089486,0.0233792165249093,0.0234,True,3.283269380161662,3.3609375564655175,3.3225345900600525,3.321000437028616,0.005,0.005,0.4916701315917526,0.5083710170181857,3,2,3.271484375,0.024402737662162617,-0.03049360328573425,3.281797936325395,-0.02437110727467917,3.281797936325395,-0.02437110727467917,0.022942813450352876,147160.88771820068,148090.2183044573,,4,3.281797936325395,0.0058909033039351525,-0.0004481642125247729,0.1781806607870305,3.3563714383122165,0.004140450772744608,-0.0013585846438940938,-0.17190984545107837,2,True,0.15973872832448177
151600.0,0.005,1,stay2,data,4.0,2.3383775802654228,0.0004617417787089486,0.0233792165249093,0.0234,True,3.283269380161662,3.3609375564655175,3.3225345900600525,3.321000437028616,0.005,0.005,0.4916701315917526,0.5083710170181857,3,2,3.271484375,0.024402737662162617,-0.03049360328573425,,,,,0.022942813450352876,147160.88771820068,,,0,,,,,,,,,0,False,0.0
151600.0,0.005,1,stay2,data,16.0,2.3383775802654228,0.0004617417787089486,0.0233792165249093,0.0234,True,3.283269380161662,3.3609375564655175,3.3225345900600525,3.321000437028616,0.005,0.005,0.4916701315917526,0.5083710170181857,3,2,3.271484375,0.024402737662162617,-0.03049360328573425,3.283626777773242,-0.023283430489006496,3.283626777773242,-0.023283430489006496,0.022942813450352876,147160.88771820068,148255.31621600542,,2,3.283626777773242,0.005736100217100679,0.00010885418471592799,0.1472200434201357,3.3579979167674034,0.004146505133096407,-0.0008746487099883793,-0.1706989733807186,2,True,0.022395465692391096
151600.0,0.005,1,stay+deck,cov,4.0,2.3383775802654228,0.0004617417787089486,0.0233792165249093,0.0234,True,3.283269380161662,3.3609375564655175,3.3225345900600525,3.321000437028616,0.005,0.005,0.4916701315917526,0.5083710170181857,3,2,3.271484375,0.024402737662162617,-0.03049360328573425,3.279836455267019,-0.025536996060099293,3.279836455267019,-0.025536996060099293,0.022942813450352876,147160.88771820068,147913.24863285472,,2,3.279836455267019,0.005640443931301405,-0.0010455812475775965,0.128088786260281,3.3587177637052,0.005207894886807277,-0.0006604683136844704,0.04157897736145541,2,True,0.023764604712498125
151600.0,0.005,1,stay+deck,cov,16.0,2.3383775802654228,0.0004617417787089486,0.0233792165249093,0.0234,True,3.283269380161662,3.3609375564655175,3.3225345900600525,3.321000437028616,0.005,0.005,0.4916701315917526,0.5083710170181857,3,2,3.271484375,0.024402737662162617,-0.03049360328573425,3.281493242277468,-0.02455226072935912,3.281493242277468,-0.02455226072935912,0.022942813450352876,147160.88771820068,148062.72111279948,,2,3.281493242277468,0.005797838747756202,-0.0005409662377768061,0.1595677495512404,3.356812224133545,0.004108753153635286,-0.0012274349828476634,-0.17824936927294288,2,True,0.022692231394647815
151600.0,0.005,1,stay+deck,data,4.0,2.3383775802654228,0.0004617417787089486,0.0233792165249093,0.0234,True,3.283269380161662,3.3609375564655175,3.3225345900600525,3.321000437028616,0.005,0.005,0.4916701315917526,0.5083710170181857,3,2,3.271484375,0.024402737662162617,-0.03049360328573425,3.27966579614328,-0.025638401528379373,3.27966579614328,-0.025638401528379373,0.022942813450352876,147160.88771820068,147897.85634789182,,2,3.27966579614328,0.005515552264717468,-0.0010975596581126975,0.10311045294349365,3.3585603400474366,0.005029030530016407,-0.0007073075230177228,0.005806106003281367,2,True,0.023769766888185502
151600.0,0.005,1,stay+deck,data,16.0,2.3383775802654228,0.0004617417787089486,0.0233792165249093,0.0234,True,3.283269380161662,3.3609375564655175,3.3225345900600525,3.321000437028616,0.005,0.005,0.4916701315917526,0.5083710170181857,3,2,3.271484375,0.024402737662162617,-0.03049360328573425,3.2813302034243663,-0.024649187291831076,3.2813302034243663,-0.024649187291831076,0.022942813450352876,147160.88771820068,148048.00867869367,,2,3.2813302034243663,0.005359442283369932,-0.0005906237084939156,0.07188845667398645,3.358259020829101,0.004386687189833559,-0.000796960845423548,-0.12266256203328825,2,True,0.023172764099238168
151600.0,0.005,2,stay,cov,4.0,2.3383775802654228,0.0004617417787089486,0.0233792165249093,0.0234,True,3.283269380161662,3.3609375564655175,3.3225345900600525,3.321000437028616,0.005,0.005,0.4916701315917526,0.5083710170181857,2,2,3.28369140625,0.024402737662162617,-0.0232449825595763,3.2861342265379094,-0.021791176952439928,3.2861342265379094,-0.021791176952439928,0.022942813450352876,148261.1522078514,148481.82462882868,,1,3.2861342265379094,0.016603872086636183,0.0008725590393397601,2.3207744173272364,3.2861342265379094,0.016603872086636183,-0.022256685425085358,2.3207744173272364,1,False,0.0
151600.0,0.005,2,stay,cov,16.0,2.3383775802654228,0.0004617417787089486,0.0233792165249093,0.0234,True,3.283269380161662,3.3609375564655175,3.3225345900600525,3.321000437028616,0.005,0.005,0.4916701315917526,0.5083710170181857,2,2,3.28369140625,0.024402737662162617,-0.0232449825595763,3.289382154592718,-0.01985654996090591,3.289382154592718,-0.01985654996090591,0.022942813450352876,148261.1522078514,148775.48068560418,,2,3.289382154592718,0.0042232320936511384,0.0018617949742384787,-0.15535358126977233,3.3577560826444515,0.006249271466466436,-0.0009466030735815844,0.2498542932932871,2,True,0.02057244053349267
151600.0,0.005,2,stay,data,4.0,2.3383775802654228,0.0004617417787089486,0.0233792165249093,0.0234,True,3.283269380161662,3.3609375564655175,3.3225345900600525,3.321000437028616,0.005,0.005,0.4916701315917526,0.5083710170181857,2,2,3.28369140625,0.024402737662162617,-0.0232449825595763,,,,,0.022942813450352876,148261.1522078514,,,0,,,,,,,,,0,False,0.0
151600.0,0.005,2,stay,data,16.0,2.3383775802654228,0.0004617417787089486,0.0233792165249093,0.0234,True,3.283269380161662,3.3609375564655175,3.3225345900600525,3.321000437028616,0.005,0.005,0.4916701315917526,0.5083710170181857,2,2,3.28369140625,0.024402737662162617,-0.0232449825595763,3.3582074098354124,0.021588532315350184,3.291695976068781,-0.01847715742201328,0.022942813450352876,148261.1522078514,155066.4088527602,,2,3.291695976068781,0.0034706473724897668,0.002566525901905844,-0.3058705255020467,3.3582074098354124,0.007346435679008914,-0.0008123169753192881,0.46928713580178283,2,True,0.020003729349697203
151600.0,0.005,2,stay2,cov,4.0,2.3383775802654228,0.0004617417787089486,0.0233792165249093,0.0234,True,3.283269380161662,3.3609375564655175,3.3225345900600525,3.321000437028616,0.005,0.005,0.4916701315917526,0.5083710170181857,2,2,3.28369140625,0.024402737662162617,-0.0232449825595763,3.2834259236129784,-0.02340291519279747,3.2834259236129784,-0.02340291519279747,0.022942813450352876,148261.1522078514,148237.17969298892,,2,3.2834259236129784,0.010067210818425442,4.767913722288902e-05,1.0134421636850883,3.3761970109919472,0.011768520952132655,0.0045402374397211735,1.353704190426531,2,True,0.027860762775895036
151600.0,0.005,2,stay2,cov,16.0,2.3383775802654228,0.0004617417787089486,0.0233792165249093,0.0234,True,3.283269380161662,3.3609375564655175,3.3225345900600525,3.321000437028616,0.005,0.005,0.4916701315917526,0.5083710170181857,2,2,3.28369140625,0.024402737662162617,-0.0232449825595763,3.354979693184223,0.019625691264169687,3.290454416349354,-0.019217438064516146,0.022942813450352876,148261.1522078514,154768.47019807942,,2,3.290454416349354,0.004800867078590118,0.002188378520235338,-0.03982658428197637,3.354979693184223,0.005246085674246254,-0.0017726789567491825,0.0492171348492507,2,True,0.019419431679354296
151600.0,0.005,2,stay2,data,4.0,2.3383775802654228,0.0004617417787089486,0.0233792165249093,0.0234,True,3.283269380161662,3.3609375564655175,3.3225345900600525,3.321000437028616,0.005,0.005,0.4916701315917526,0.5083710170181857,2,2,3.28369140625,0.024402737662162617,-0.0232449825595763,3.2839186567666774,-0.02310978364125038,3.2839186567666774,-0.02310978364125038,0.022942813450352876,148261.1522078514,148281.67398357857,,1,3.2839186567666774,0.008537274036012309,0.0001977530716603855,0.7074548072024617,3.2839186567666774,0.008537274036012309,-0.022915897247384735,0.7074548072024617,1,False,0.0
151600.0,0.005,2,stay2,data,16.0,2.3383775802654228,0.0004617417787089486,0.0233792165249093,0.0234,True,3.283269380161662,3.3609375564655175,3.3225345900600525,3.321000437028616,0.005,0.005,0.4916701315917526,0.5083710170181857,2,2,3.28369140625,0.024402737662162617,-0.0232449825595763,3.2876651375917305,-0.02087952853591668,3.2876651375917305,-0.02087952853591668,0.022942813450352876,148261.1522078514,148620.20328287073,,1,3.2876651375917305,0.0035189879556492246,0.0013388354475660335,-0.2962024088701551,3.2876651375917305,0.0035189879556492246,-0.021801184235878186,-0.2962024088701551,1,False,0.0
151600.0,0.005,2,stay+deck,cov,4.0,2.3383775802654228,0.0004617417787089486,0.0233792165249093,0.0234,True,3.283269380161662,3.3609375564655175,3.3225345900600525,3.321000437028616,0.005,0.005,0.4916701315917526,0.5083710170181857,2,2,3.28369140625,0.024402737662162617,-0.0232449825595763,3.2855621109977298,-0.02213175935916245,3.2855621109977298,-0.02213175935916245,0.022942813450352876,148261.1522078514,148430.12779682805,,2,3.2855621109977298,0.004885646142467697,0.0006983072573700782,-0.022870771506460635,3.3611425202482197,0.0055031969867858615,6.098410912392272e-05,0.10063939735717227,2,True,0.022742219925100567
151600.0,0.005,2,stay+deck,cov,16.0,2.3383775802654228,0.0004617417787089486,0.0233792165249093,0.0234,True,3.283269380161662,3.3609375564655175,3.3225345900600525,3.321000437028616,0.005,0.005,0.4916701315917526,0.5083710170181857,2,2,3.28369140625,0.024402737662162617,-0.0232449825595763,3.2858798074413773,-0.021942640863298446,3.2858798074413773,-0.021942640863298446,0.022942813450352876,148261.1522078514,148458.833998076,,2,3.2858798074413773,0.0038569060842682116,0.0007950694802833558,-0.2286187831463577,3.360535630884919,0.004305979448623985,-0.0001195873394985543,-0.13880411027520304,2,True,0.022464988575057108
151600.0,0.005,2,stay+deck,data,4.0,2.3383775802654228,0.0004617417787089486,0.0233792165249093,0.0234,True,3.283269380161662,3.3609375564655175,3.3225345900600525,3.321000437028616,0.005,0.005,0.4916701315917526,0.5083710170181857,2,2,3.28369140625,0.024402737662162617,-0.0232449825595763,3.286055969322736,-0.021837767250677875,3.286055969322736,-0.021837767250677875,0.022942813450352876,148261.1522078514,148474.7527109218,,2,3.286055969322736,0.004687488904572386,0.0008487238902513988,-0.06250221908552285,3.3620379946649877,0.005503622282345318,0.00032742000735872174,0.10072445646906354,2,True,0.02285828863245349
151600.0,0.005,2,stay+deck,data,16.0,2.3383775802654228,0.0004617417787089486,0.0233792165249093,0.0234,True,3.283269380161662,3.3609375564655175,3.3225345900600525,3.321000437028616,0.005,0.005,0.4916701315917526,0.5083710170181857,2,2,3.28369140625,0.024402737662162617,-0.0232449825595763,3.28679868649827,-0.02139554715501235,3.28679868649827,-0.02139554715501235,0.022942813450352876,148261.1522078514,148541.87707654282,,2,3.28679868649827,0.003771222122280711,0.0010749365732622882,-0.24575557554385782,3.358390464906308,0.0032729469764385113,-0.000757851497213776,-0.34541060471229773,2,True,0.021546949763771892
156000.0,0.005,0,stay,cov,4.0,3.149005286505407,0.014641268071064636,0.02787932385684996,0.0234,True,3.299379199422622,3.3926640195048803,3.3703465848700964,3.321000437028616,0.004999999999999999,0.004999999999999999,0.2372544057567631,0.7627832418662773,2,2,3.3935546875,0.013442193673033922,0.013819354884088808,3.3951527815678784,0.014774436109386002,3.3951527815678784,0.014774436109386002,0.012961752247892793,158347.9344844818,158497.10814008638,,1,3.3951527815678784,0.00822843792424132,0.02902775836194164,0.6456875848482644,3.3951527815678784,0.00822843792424132,0.0007335716265123389,0.6456875848482644,1,False,0.0
156000.0,0.005,0,stay,cov,16.0,3.149005286505407,0.014641268071064636,0.02787932385684996,0.0234,True,3.299379199422622,3.3926640195048803,3.3703465848700964,3.321000437028616,0.004999999999999999,0.004999999999999999,0.2372544057567631,0.7627832418662773,2,2,3.3935546875,0.013442193673033922,0.013819354884088808,3.395449487520255,0.01495180825794784,3.395449487520255,0.01495180825794784,0.012961752247892793,158347.9344844818,158524.8118066465,,2,3.299614702979386,0.003107186378958843,7.137814192592341e-05,-0.3785627242082313,3.395449487520255,0.004630891254064947,0.0008210267799465805,-0.07382174918701048,2,True,0.028628488634017756
156000.0,0.005,0,stay,data,4.0,3.149005286505407,0.014641268071064636,0.02787932385684996,0.0234,True,3.299379199422622,3.3926640195048803,3.3703465848700964,3.321000437028616,0.004999999999999999,0.004999999999999999,0.2372544057567631,0.7627832418662773,2,2,3.3935546875,0.013442193673033922,0.013819354884088808,3.3973452547058085,0.016085472287352465,3.3973452547058085,0.016085472287352465,0.012961752247892793,158347.9344844818,158701.87822049102,,1,3.3973452547058085,0.008674434101935387,0.029692269170009358,0.7348868203870778,3.3973452547058085,0.008674434101935387,0.0013798110198991636,0.7348868203870778,1,False,0.0
156000.0,0.005,0,stay,data,16.0,3.149005286505407,0.014641268071064636,0.02787932385684996,0.0234,True,3.299379199422622,3.3926640195048803,3.3703465848700964,3.321000437028616,0.004999999999999999,0.004999999999999999,0.2372544057567631,0.7627832418662773,2,2,3.3935546875,0.013442193673033922,0.013819354884088808,3.3943754625511664,0.014309824812358762,3.3943754625511664,0.014309824812358762,0.012961752247892793,158347.9344844818,158424.54073557985,,2,3.2978227196410286,0.0018276784884365925,-0.0004717492860068445,-0.6344643023126815,3.3943754625511664,0.004318159234931964,0.0005044540327149418,-0.1363681530136071,2,True,0.02885531488504412
156000.0,0.005,0,stay2,cov,4.0,3.149005286505407,0.014641268071064636,0.02787932385684996,0.0234,True,3.299379199422622,3.3926640195048803,3.3703465848700964,3.321000437028616,0.004999999999999999,0.004999999999999999,0.2372544057567631,0.7627832418662773,2,2,3.3935546875,0.013442193673033922,0.013819354884088808,3.3963474446912407,0.015488705519728363,3.3963474446912407,0.015488705519728363,0.012961752247892793,158347.9344844818,158608.6695195849,,1,3.3963474446912407,0.006412986233392094,0.029389845606587972,0.28259724667841896,3.3963474446912407,0.006412986233392094,0.001085702906383874,0.28259724667841896,1,False,0.0
156000.0,0.005,0,stay2,cov,16.0,3.149005286505407,0.014641268071064636,0.02787932385684996,0.0234,True,3.299379199422622,3.3926640195048803,3.3703465848700964,3.321000437028616,0.004999999999999999,0.004999999999999999,0.2372544057567631,0.7627832418662773,2,2,3.3935546875,0.013442193673033922,0.013819354884088808,3.3960732424153646,0.015324742274809067,3.3960732424153646,0.015324742274809067,0.012961752247892793,158347.9344844818,158583.0601829321,,2,3.2963595068116462,0.0020404844875429704,-0.0009152305414013103,-0.5919031024914059,3.3960732424153646,0.005029262537847867,0.0010048807930535442,0.005852507569573639,2,True,0.029798950348880367
156000.0,0.005,0,stay2,data,4.0,3.149005286505407,0.014641268071064636,0.02787932385684996,0.0234,True,3.299379199422622,3.3926640195048803,3.3703465848700964,3.321000437028616,0.004999999999999999,0.004999999999999999,0.2372544057567631,0.7627832418662773,2,2,3.3935546875,0.013442193673033922,0.013819354884088808,3.3947713287260823,0.01454642466353162,3.3947713287260823,0.01454642466353162,0.012961752247892793,158347.9344844818,158461.49514718394,,1,3.3947713287260823,0.006335954139549759,0.028912144842324745,0.2671908279099521,3.3947713287260823,0.006335954139549759,0.0006211370206677865,0.2671908279099521,1,False,0.0
156000.0,0.005,0,stay2,data,16.0,3.149005286505407,0.014641268071064636,0.02787932385684996,0.0234,True,3.299379199422622,3.3926640195048803,3.3703465848700964,3.321000437028616,0.004999999999999999,0.004999999999999999,0.2372544057567631,0.7627832418662773,2,2,3.3935546875,0.013442193673033922,0.013819354884088808,3.394281680354114,0.014253777453524519,3.394281680354114,0.014253777453524519,0.012961752247892793,158347.9344844818,158415.78672682875,,2,3.302218596297692,0.002663822688470821,0.0008605851899553825,-0.46723546230583574,3.394281680354114,0.005003797767265605,0.0004768113906751121,0.0007595534531211827,2,True,0.02749588001285131
156000.0,0.005,0,stay+deck,cov,4.0,3.149005286505407,0.014641268071064636,0.02787932385684996,0.0234,True,3.299379199422622,3.3926640195048803,3.3703465848700964,3.321000437028616,0.004999999999999999,0.004999999999999999,0.2372544057567631,0.7627832418662773,2,2,3.3935546875,0.013442193673033922,0.013819354884088808,3.393194642363463,0.013604240410972412,3.393194642363463,0.013604240410972412,0.012961752247892793,158347.9344844818,158314.3358632565,,2,3.3020971262742336,0.0048542879461167705,0.0008237691660561983,-0.029142410776645745,3.393194642363463,0.005268065796888684,0.00015640300823548402,0.05361315937773698,2,True,0.027212411120289486
156000.0,0.005,0,stay+deck,cov,16.0,3.149005286505407,0.014641268071064636,0.02787932385684996,0.0234,True,3.299379199422622,3.3926640195048803,3.3703465848700964,3.321000437028616,0.004999999999999999,0.004999999999999999,0.2372544057567631,0.7627832418662773,2,2,3.3935546875,0.013442193673033922,0.013819354884088808,3.395732976023575,0.01512129343591706,3.395732976023575,0.01512129343591706,0.012961752247892793,158347.9344844818,158551.28361124147,,2,3.2997241506999417,0.0034770557536442765,0.00010455035825529543,-0.3045888492711446,3.395732976023575,0.00453367090449038,0.0009045860424288768,-0.09326581910192382,2,True,0.028678796236461336
156000.0,0.005,0,stay+deck,data,4.0,3.149005286505407,0.014641268071064636,0.02787932385684996,0.0234,True,3.299379199422622,3.3926640195048803,3.3703465848700964,3.321000437028616,0.004999999999999999,0.004999999999999999,0.2372544057567631,0.7627832418662773,2,2,3.3935546875,0.013442193673033922,0.013819354884088808,3.3933866097080454,0.013718931396355494,3.3933866097080454,0.013718931396355494,0.012961752247892793,158347.9344844818,158332.2493905056,,2,3.30239738072554,0.004925969879328259,0.0009147724830920152,-0.014806024134348015,3.3933866097080454,0.005279588873149786,0.00021298607790540142,0.055917774629957354,2,True,0.027178065813504054
156000.0,0.005,0,stay+deck,data,16.0,3.149005286505407,0.014641268071064636,0.02787932385684996,0.0234,True,3.299379199422622,3.3926640195048803,3.3703465848700964,3.321000437028616,0.004999999999999999,0.004999999999999999,0.2372544057567631,0.7627832418662773,2,2,3.3935546875,0.013442193673033922,0.013819354884088808,3.396923208660019,0.015833035053614664,3.396923208660019,0.015833035053614664,0.012961752247892793,158347.9344844818,158662.45017607984,,2,3.299462559159584,0.0032459130648019837,2.5265279291522363e-05,-0.3508173870396032,3.396923208660019,0.004839772335901464,0.0012554114202444596,-0.0320455328197071,2,True,0.029108433378732618
156000.0,0.005,1,stay,cov,4.0,3.149005286505407,0.014641268071064636,0.02787932385684996,0.0234,True,3.299379199422622,3.3926640195048803,3.3703465848700964,3.321000437028616,0.004999999999999999,0.004999999999999999,0.2372544057567631,0.7627832418662773,3,2,3.3935546875,0.013442193673033922,0.013819354884088808,3.4055690524190867,0.02101060903241847,3.4055690524190867,0.02101060903241847,0.012961752247892793,158347.9344844818,159471.13284842623,,1,3.4055690524190867,0.010376177348210568,0.03218479798110125,1.075235469642114,3.4055690524190867,0.010376177348210568,0.003803805163144258,1.075235469642114,1,False,0.0
156000.0,0.005,1,stay,cov,16.0,3.149005286505407,0.014641268071064636,0.02787932385684996,0.0234,True,3.299379199422622,3.3926640195048803,3.3703465848700964,3.321000437028616,0.004999999999999999,0.004999999999999999,0.2372544057567631,0.7627832418662773,3,2,3.3935546875,0.013442193673033922,0.013819354884088808,3.3913411197428562,0.012497186169622365,3.3913411197428562,0.012497186169622365,0.012961752247892793,158347.9344844818,158141.42561880755,,2,3.293304998380508,0.006637820528702075,-0.0018410133164375106,0.3275641057404152,3.3913411197428562,0.006807108659234937,-0.00038992949328861196,0.36142173184698756,2,True,0.029331731143269757
156000.0,0.005,1,stay,data,4.0,3.149005286505407,0.014641268071064636,0.02787932385684996,0.0234,True,3.299379199422622,3.3926640195048803,3.3703465848700964,3.321000437028616,0.004999999999999999,0.004999999999999999,0.2372544057567631,0.7627832418662773,3,2,3.3935546875,0.013442193673033922,0.013819354884088808,3.404114545510839,0.020138654990165872,3.404114545510839,0.020138654990165872,0.012961752247892793,158347.9344844818,159334.94278567893,,1,3.404114545510839,0.009725643449714015,0.031743955380013684,0.9451286899428033,3.404114545510839,0.009725643449714015,0.0033750839871346354,0.9451286899428033,1,False,0.0
156000.0,0.005,1,stay,data,16.0,3.149005286505407,0.014641268071064636,0.02787932385684996,0.0234,True,3.299379199422622,3.3926640195048803,3.3703465848700964,3.321000437028616,0.004999999999999999,0.004999999999999999,0.2372544057567631,0.7627832418662773,3,2,3.3935546875,0.013442193673033922,0.013819354884088808,3.3913578507064877,0.012507176373961704,3.3913578507064877,0.012507176373961704,0.012961752247892793,158347.9344844818,158142.98598379226,,2,3.2937943381991186,0.0061053472045461635,-0.001692700622129388,0.2210694409092329,3.3913578507064877,0.006909164995538301,-0.00038499798119804576,0.3818329991076604,2,True,0.02918812010571167
156000.0,0.005,1,stay2,cov,4.0,3.149005286505407,0.014641268071064636,0.02787932385684996,0.0234,True,3.299379199422622,3.3926640195048803,3.3703465848700964,3.321000437028616,0.004999999999999999,0.004999999999999999,0.2372544057567631,0.7627832418662773,3,2,3.3935546875,0.013442193673033922,0.013819354884088808,3.395173953626399,0.014787092347333441,3.395173953626399,0.014787092347333441,0.012961752247892793,158347.9344844818,158499.08491151783,,1,3.395173953626399,0.007881609482362972,0.029034175344422555,0.5763218964725947,3.395173953626399,0.007881609482362972,0.0007398121673966911,0.5763218964725947,1,False,0.0
156000.0,0.005,1,stay2,cov,16.0,3.149005286505407,0.014641268071064636,0.02787932385684996,0.0234,True,3.299379199422622,3.3926640195048803,3.3703465848700964,3.321000437028616,0.004999999999999999,0.004999999999999999,0.2372544057567631,0.7627832418662773,3,2,3.3935546875,0.013442193673033922,0.013819354884088808,3.3927904769595028,0.013362792800204248,3.3927904769595028,0.013362792800204248,0.012961752247892793,158347.9344844818,158276.6242825225,,2,3.293278464051183,0.005366968230524578,-0.0018490555352068813,0.07339364610491583,3.3927904769595028,0.00667569248298909,3.7273792481499545e-05,0.33513849659781825,2,True,0.0297669718294221
156000.0,0.005,1,stay2,data,4.0,3.149005286505407,0.014641268071064636,0.02787932385684996,0.0234,True,3.299379199422622,3.3926640195048803,3.3703465848700964,3.321000437028616,0.004999999999999999,0.004999999999999999,0.2372544057567631,0.7627832418662773,3,2,3.3935546875,0.013442193673033922,0.013819354884088808,3.3983968954143386,0.01671462366914178,3.3983968954143386,0.01671462366914178,0.012961752247892793,158347.9344844818,158800.14505797494,,1,3.3983968954143386,0.007536501866325169,0.030011008134210312,0.507300373265034,3.3983968954143386,0.007536501866325169,0.0016897859253080458,0.507300373265034,1,False,0.0
156000.0,0.005,1,stay2,data,16.0,3.149005286505407,0.014641268071064636,0.02787932385684996,0.0234,True,3.299379199422622,3.3926640195048803,3.3703465848700964,3.321000437028616,0.004999999999999999,0.004999999999999999,0.2372544057567631,0.7627832418662773,3,2,3.3935546875,0.013442193673033922,0.013819354884088808,3.392660957382157,0.013285424146715963,3.392660957382157,0.013285424146715963,0.012961752247892793,158347.9344844818,158264.5401114967,,2,3.2950925678323144,0.005042502992376937,-0.0012992236815512943,0.00850059847538748,3.392660957382157,0.006551523906773176,-9.025717565254254e-07,0.31030478135463535,2,True,0.02917822529852086
156000.0,0.005,1,stay+deck,cov,4.0,3.149005286505407,0.014641268071064636,0.02787932385684996,0.0234,True,3.299379199422622,3.3926640195048803,3.3703465848700964,3.321000437028616,0.004999999999999999,0.004999999999999999,0.2372544057567631,0.7627832418662773,3,2,3.3935546875,0.013442193673033922,0.013819354884088808,3.3912099214882887,0.012418848255864479,3.3912099214882887,0.012418848255864479,0.012961752247892793,158347.9344844818,158129.19005950834,,2,3.298096950135545,0.0057720198336126734,-0.00038863350029647237,0.15440396672253487,3.3912099214882887,0.006957141301511519,-0.00042860065371394627,0.391428260302304,2,True,0.027839348123713876
156000.0,0.005,1,stay+deck,cov,16.0,3.149005286505407,0.014641268071064636,0.02787932385684996,0.0234,True,3.299379199422622,3.3926640195048803,3.3703465848700964,3.321000437028616,0.004999999999999999,0.004999999999999999,0.2372544057567631,0.7627832418662773,3,2,3.3935546875,0.013442193673033922,0.013819354884088808,3.391704597209441,0.012714232831101846,3.391704597209441,0.012714232831101846,0.012961752247892793,158347.9344844818,158175.32602756025,,2,3.298714590457747,0.005900727691724504,-0.0002014345501697024,0.18014553834490094,3.391704597209441,0.0068837289880221,-0.00028279319435216423,0.3767457976044203,2,True,0.027797961276658806
156000.0,0.005,1,stay+deck,data,4.0,3.149005286505407,0.014641268071064636,0.02787932385684996,0.0234,True,3.299379199422622,3.3926640195048803,3.3703465848700964,3.321000437028616,0.004999999999999999,0.004999999999999999,0.2372544057567631,0.7627832418662773,3,2,3.3935546875,0.013442193673033922,0.013819354884088808,3.391342610177478,0.012498076119137336,3.391342610177478,0.012498076119137336,0.012961752247892793,158347.9344844818,158141.5646195741,,2,3.2980832888597784,0.0056085647309892725,-0.0003927740597596043,0.12171294619785467,3.391342610177478,0.006753612697740495,-0.0003894901822889451,0.3507225395480991,2,True,0.027882608380824327
156000.0,0.005,1,stay+deck,data,16.0,3.149005286505407,0.014641268071064636,0.02787932385684996,0.0234,True,3.299379199422622,3.3926640195048803,3.3703465848700964,3.321000437028616,0.004999999999999999,0.004999999999999999,0.2372544057567631,0.7627832418662773,3,2,3.3935546875,0.013442193673033922,0.013819354884088808,3.3903529697284887,0.011907240591267687,3.3903529697284887,0.011907240591267687,0.012961752247892793,158347.9344844818,158049.28231601827,,2,3.2982183239869123,0.005573517431399247,-0.0003518466249386855,0.1147034862798496,3.3903529697284887,0.00658571757298993,-0.0006811902867790892,0.31714351459798623,2,True,0.02754987326759792
156000.0,0.005,2,stay,cov,4.0,3.149005286505407,0.014641268071064636,0.02787932385684996,0.0234,True,3.299379199422622,3.3926640195048803,3.3703465848700964,3.321000437028616,0.004999999999999999,0.004999999999999999,0.2372544057567631,0.7627832418662773,2,2,3.40576171875,0.013442193673033922,0.021126137409196444,3.402570852086662,0.01921364248103008,3.402570852086662,0.01921364248103008,0.012961752247892793,159489.17716741562,159190.4655477091,,1,3.402570852086662,0.009774823425511593,0.03127608147681178,0.9549646851023189,3.402570852086662,0.009774823425511593,0.002920074762730999,0.9549646851023189,1,False,0.0
156000.0,0.005,2,stay,cov,16.0,3.149005286505407,0.014641268071064636,0.02787932385684996,0.0234,True,3.299379199422622,3.3926640195048803,3.3703465848700964,3.321000437028616,0.004999999999999999,0.004999999999999999,0.2372544057567631,0.7627832418662773,2,2,3.40576171875,0.013442193673033922,0.021126137409196444,3.3979442317582444,0.016443790613554166,3.3979442317582444,0.016443790613554166,0.012961752247892793,159489.17716741562,158757.843779413,,2,3.2941978203541993,0.0032209601988844897,-0.001570410296982376,-0.35580796022310196,3.3979442317582444,0.006299387760122352,0.001556361674190996,0.25987755202447066,2,True,0.031005442083016317
156000.0,0.005,2,stay,data,4.0,3.149005286505407,0.014641268071064636,0.02787932385684996,0.0234,True,3.299379199422622,3.3926640195048803,3.3703465848700964,3.321000437028616,0.004999999999999999,0.004999999999999999,0.2372544057567631,0.7627832418662773,2,2,3.40576171875,0.013442193673033922,0.021126137409196444,3.3993744583542913,0.017299632140658883,3.3993744583542913,0.017299632140658883,0.012961752247892793,159489.17716741562,158891.51723653355,,1,3.3993744583542913,0.009838826049445472,0.03030729506604395,0.9677652098890948,3.3993744583542913,0.009838826049445472,0.0019779261402932367,0.9677652098890948,1,False,0.0
156000.0,0.005,2,stay,data,16.0,3.149005286505407,0.014641268071064636,0.02787932385684996,0.0234,True,3.299379199422622,3.3926640195048803,3.3703465848700964,3.321000437028616,0.004999999999999999,0.004999999999999999,0.2372544057567631,0.7627832418662773,2,2,3.40576171875,0.013442193673033922,0.021126137409196444,3.398168078762997,0.01657771593837265,3.398168078762997,0.01657771593837265,0.012961752247892793,159489.17716741562,158778.76150845224,,2,3.294476402692645,0.003010517356458553,-0.0014859755225574058,-0.3978965287082893,3.398168078762997,0.0061827043939266,0.001622341389089293,0.23654087878532026,2,True,0.03098675758369263
156000.0,0.005,2,stay2,cov,4.0,3.149005286505407,0.014641268071064636,0.02787932385684996,0.0234,True,3.299379199422622,3.3926640195048803,3.3703465848700964,3.321000437028616,0.004999999999999999,0.004999999999999999,0.2372544057567631,0.7627832418662773,2,2,3.40576171875,0.013442193673033922,0.021126137409196444,3.3996389383383008,0.017457935299274974,3.3996389383383008,0.017457935299274974,0.012961752247892793,159489.17716741562,158916.24252715707,,1,3.3996389383383008,0.0076652492548540205,0.030387455595653808,0.5330498509708044,3.3996389383383008,0.0076652492548540205,0.0020558825729045825,0.5330498509708044,1,False,0.0
156000.0,0.005,2,stay2,cov,16.0,3.149005286505407,0.014641268071064636,0.02787932385684996,0.0234,True,3.299379199422622,3.3926640195048803,3.3703465848700964,3.321000437028616,0.004999999999999999,0.004999999999999999,0.2372544057567631,0.7627832418662773,2,2,3.40576171875,0.013442193673033922,0.021126137409196444,3.3991261931766448,0.017151045478949856,3.3991261931766448,0.017151045478949856,0.012961752247892793,159489.17716741562,158868.3095606688,,2,3.2951501182747025,0.002394936017721768,-0.0012817808721894122,-0.5210127964556464,3.3991261931766448,0.0058737044996991835,0.0019047490805492646,0.17474089993983688,2,True,0.031064171858003222
156000.0,0.005,2,stay2,data,4.0,3.149005286505407,0.014641268071064636,0.02787932385684996,0.0234,True,3.299379199422622,3.3926640195048803,3.3703465848700964,3.321000437028616,0.004999999999999999,0.004999999999999999,0.2372544057567631,0.7627832418662773,2,2,3.40576171875,0.013442193673033922,0.021126137409196444,3.3994782670505717,0.01736176484318208,3.3994782670505717,0.01736176484318208,0.012961752247892793,159489.17716741562,158901.22171205093,,1,3.3994782670505717,0.007414351135197549,0.0303387581656169,0.48287022703951,3.3994782670505717,0.007414351135197549,0.0020085241292728527,0.48287022703951,1,False,0.0
156000.0,0.005,2,stay2,data,16.0,3.149005286505407,0.014641268071064636,0.02787932385684996,0.0234,True,3.299379199422622,3.3926640195048803,3.3703465848700964,3.321000437028616,0.004999999999999999,0.004999999999999999,0.2372544057567631,0.7627832418662773,2,2,3.40576171875,0.013442193673033922,0.021126137409196444,3.401897564733888,0.018810326405353628,3.401897564733888,0.018810326405353628,0.012961752247892793,159489.17716741562,159127.47181295743,,2,3.2932484764920216,0.002417256879568247,-0.0018581443841536355,-0.5165486240863506,3.401897564733888,0.005176557927661389,0.0027216208784373807,0.0353115855322779,2,True,0.032456077155853164
156000.0,0.005,2,stay+deck,cov,4.0,3.149005286505407,0.014641268071064636,0.02787932385684996,0.0234,True,3.299379199422622,3.3926640195048803,3.3703465848700964,3.321000437028616,0.004999999999999999,0.004999999999999999,0.2372544057567631,0.7627832418662773,2,2,3.40576171875,0.013442193673033922,0.021126137409196444,3.3958590765118317,0.015196687860873137,3.3958590765118317,0.015196687860873137,0.012961752247892793,159489.17716741562,158563.0594285071,,2,3.298809396510925,0.005561396673494026,-0.00017270003756975966,0.11227933469880534,3.3958590765118317,0.006426736198223818,0.0009417546177819641,0.28534723964476383,2,True,0.028993125019404365
156000.0,0.005,2,stay+deck,cov,16.0,3.149005286505407,0.014641268071064636,0.02787932385684996,0.0234,True,3.299379199422622,3.3926640195048803,3.3703465848700964,3.321000437028616,0.004999999999999999,0.004999999999999999,0.2372544057567631,0.7627832418662773,2,2,3.40576171875,0.013442193673033922,0.021126137409196444,3.3959381841757206,0.015243987099138101,3.3959381841757206,0.015243987099138101,0.012961752247892793,159489.17716741562,158570.44707271198,,2,3.2982036792290366,0.005569965623502973,-0.00035628526535876135,0.11399312470059474,3.3959381841757206,0.006437075043576945,0.0009650718880551344,0.2874150087153891,2,True,0.02920001008074679
156000.0,0.005,2,stay+deck,data,4.0,3.149005286505407,0.014641268071064636,0.02787932385684996,0.0234,True,3.299379199422622,3.3926640195048803,3.3703465848700964,3.321000437028616,0.004999999999999999,0.004999999999999999,0.2372544057567631,0.7627832418662773,2,2,3.40576171875,0.013442193673033922,0.021126137409196444,3.3959994828524698,0.015280638929226598,3.3959994828524698,0.015280638929226598,0.012961752247892793,159489.17716741562,158576.17170359584,,2,3.29999754096906,0.00554964513237266,0.0001874114823013479,0.10992902647453223,3.3959994828524698,0.0064588463228482116,0.0009831398949066191,0.29176926456964253,2,True,0.02867442788336833
156000.0,0.005,2,stay+deck,data,16.0,3.149005286505407,0.014641268071064636,0.02787932385684996,0.0234,True,3.299379199422622,3.3926640195048803,3.3703465848700964,3.321000437028616,0.004999999999999999,0.004999999999999999,0.2372544057567631,0.7627832418662773,2,2,3.40576171875,0.013442193673033922,0.021126137409196444,3.394496316574274,0.014382053478044554,3.394496316574274,0.014382053478044554,0.012961752247892793,159489.17716741562,158435.82209449934,,2,3.2997441442064837,0.005674297212809994,0.0001106101365752334,0.1348594425619989,3.394496316574274,0.005737878597569027,0.0005400761934750052,0.14757571951380563,2,True,0.028308565526712303
161000.0,0.005,0,stay,cov,4.0,4.906096482472462,0.03004427081132042,0.03878556511060405,0.0234,True,3.307387901671545,3.4382036926674338,3.4238680561291908,3.321000437028616,0.005000000000000001,0.005000000000000001,0.1084355605375269,0.8915983303190185,2,2,3.4423828125,0.008183127387058231,0.010844352558180725,3.4445263797253465,0.012103647400079076,3.4445263797253465,0.012103647400079076,0.008037459829289391,162937.4921321869,163140.4772335773,,1,3.4445263797253465,0.00593145121474847,0.04146428605622347,0.18629024294969374,3.4445263797253465,0.00593145121474847,0.0018389506914313865,0.18629024294969374,1,False,0.0
161000.0,0.005,0,stay,cov,16.0,4.906096482472462,0.03004427081132042,0.03878556511060405,0.0234,True,3.307387901671545,3.4382036926674338,3.4238680561291908,3.321000437028616,0.005000000000000001,0.005000000000000001,0.1084355605375269,0.8915983303190185,2,2,3.4423828125,0.008183127387058231,0.010844352558180725,3.441020987796862,0.010044720099132931,3.441020987796862,0.010044720099132931,0.008037459829289391,162937.4921321869,162808.59977880426,,1,3.441020987796862,0.004791591123266258,0.04040441886413729,-0.04168177534674861,3.441020987796862,0.004791591123266258,0.0008194090232165912,-0.04168177534674861,1,False,0.0
161000.0,0.005,0,stay,data,4.0,4.906096482472462,0.03004427081132042,0.03878556511060405,0.0234,True,3.307387901671545,3.4382036926674338,3.4238680561291908,3.321000437028616,0.005000000000000001,0.005000000000000001,0.1084355605375269,0.8915983303190185,2,2,3.4423828125,0.008183127387058231,0.010844352558180725,3.4444209545372573,0.01204169427633972,3.4444209545372573,0.01204169427633972,0.008037459829289391,162937.4921321869,163130.4910407611,,1,3.4444209545372573,0.005769933770495252,0.04143241039143195,0.15398675409905024,3.4444209545372573,0.005769933770495252,0.0018082878228194888,0.15398675409905024,1,False,0.0
161000.0,0.005,0,stay,data,16.0,4.906096482472462,0.03004427081132042,0.03878556511060405,0.0234,True,3.307387901671545,3.4382036926674338,3.4238680561291908,3.321000437028616,0.005000000000000001,0.005000000000000001,0.1084355605375269,0.8915983303190185,2,2,3.4423828125,0.008183127387058231,0.010844352558180725,3.4423501873987723,0.010825192142360773,3.4423501873987723,0.010825192142360773,0.008037459829289391,162937.4921321869,162934.40367441,,1,3.4423501873987723,0.004882807432789363,0.04080630689222086,-0.02343851344212763,3.4423501873987723,0.004882807432789363,0.0012060061305214887,-0.02343851344212763,1,False,0.0
161000.0,0.005,0,stay2,cov,4.0,4.906096482472462,0.03004427081132042,0.03878556511060405,0.0234,True,3.307387901671545,3.4382036926674338,3.4238680561291908,3.321000437028616,0.005000000000000001,0.005000000000000001,0.1084355605375269,0.8915983303190185,2,2,3.4423828125,0.008183127387058231,0.010844352558180725,3.4442580410036125,0.011945961848934816,3.4442580410036125,0.011945961848934816,0.008037459829289391,162937.4921321869,163115.0599789981,,1,3.4442580410036125,0.005450327397496729,0.041383152929504854,0.09006547949934553,3.4442580410036125,0.005450327397496729,0.0017609044947193627,0.09006547949934553,1,False,0.0
161000.0,0.005,0,stay2,cov,16.0,4.906096482472462,0.03004427081132042,0.03878556511060405,0.0234,True,3.307387901671545,3.4382036926674338,3.4238680561291908,3.321000437028616,0.005000000000000001,0.005000000000000001,0.1084355605375269,0.8915983303190185,2,2,3.4423828125,0.008183127387058231,0.010844352558180725,3.4418705440891157,0.010543523086786522,3.4418705440891157,0.010543523086786522,0.008037459829289391,162937.4921321869,162889.0015811892,,3,3.3018591431662325,0.002147375417167987,-0.001671638969991423,-0.5705249165664027,3.4418705440891157,0.00483020795994975,0.0010665020893038393,-0.03395840801005012,2,True,0.12392882432154587
161000.0,0.005,0,stay2,data,4.0,4.906096482472462,0.03004427081132042,0.03878556511060405,0.0234,True,3.307387901671545,3.4382036926674338,3.4238680561291908,3.321000437028616,0.005000000000000001,0.005000000000000001,0.1084355605375269,0.8915983303190185,2,2,3.4423828125,0.008183127387058231,0.010844352558180725,3.44280164425919,0.011090344649862027,3.44280164425919,0.011090344649862027,0.008037459829289391,162937.4921321869,162977.14347356453,,1,3.44280164425919,0.005399791811014928,0.0409428064120352,0.07995836220298541,3.44280164425919,0.005399791811014928,0.00133731215563592,0.07995836220298541,1,False,0.0
161000.0,0.005,0,stay2,data,16.0,4.906096482472462,0.03004427081132042,0.03878556511060405,0.0234,True,3.307387901671545,3.4382036926674338,3.4238680561291908,3.321000437028616,0.005000000000000001,0.005000000000000001,0.1084355605375269,0.8915983303190185,2,2,3.4423828125,0.008183127387058231,0.010844352558180725,3.4388773199505263,0.008786648169115008,3.4388773199505263,0.008786648169115008,0.008037459829289391,162937.4921321869,162605.81179796407,,1,3.4388773199505263,0.0052647370890321465,0.03975627358754231,0.052947417806429094,3.4388773199505263,0.0052647370890321465,0.0001959241927780867,0.052947417806429094,1,False,0.0
161000.0,0.005,0,stay+deck,cov,4.0,4.906096482472462,0.03004427081132042,0.03878556511060405,0.0234,True,3.307387901671545,3.4382036926674338,3.4238680561291908,3.321000437028616,0.005000000000000001,0.005000000000000001,0.1084355605375269,0.8915983303190185,2,2,3.4423828125,0.008183127387058231,0.010844352558180725,3.440977274678211,0.010019057992214586,3.440977274678211,0.010019057992214586,0.008037459829289391,162937.4921321869,162804.46331671346,,2,3.3086670738958386,0.004744859184231913,0.0003867620800231068,-0.05102816315361753,3.440977274678211,0.005259444080185192,0.0008066950822874194,0.05188881603703822,2,True,0.039205088134851046
161000.0,0.005,0,stay+deck,cov,16.0,4.906096482472462,0.03004427081132042,0.03878556511060405,0.0234,True,3.307387901671545,3.4382036926674338,3.4238680561291908,3.321000437028616,0.005000000000000001,0.005000000000000001,0.1084355605375269,0.8915983303190185,2,2,3.4423828125,0.008183127387058231,0.010844352558180725,3.440279141330196,0.009609257869055421,3.440279141330196,0.009609257869055421,0.008037459829289391,162937.4921321869,162738.4078412349,,2,3.3036366711014153,0.0031117047016235174,-0.0011341973429344746,-0.3776590596752966,3.440279141330196,0.005036937027946168,0.0006036433115316458,0.007387405589233396,2,True,0.040523183868012194
161000.0,0.005,0,stay+deck,data,4.0,4.906096482472462,0.03004427081132042,0.03878556511060405,0.0234,True,3.307387901671545,3.4382036926674338,3.4238680561291908,3.321000437028616,0.005000000000000001,0.005000000000000001,0.1084355605375269,0.8915983303190185,2,2,3.4423828125,0.008183127387058231,0.010844352558180725,3.4411033644399747,0.010093080797696441,3.4411033644399747,0.010093080797696441,0.008037459829289391,162937.4921321869,162816.39501545156,,2,3.3091410235886056,0.004546712184089852,0.000530062384328963,-0.09065756318202971,3.4411033644399747,0.005057496317549902,0.00084336823287258,0.011499263509980212,2,True,0.03909853725752553
161000.0,0.005,0,stay+deck,data,16.0,4.906096482472462,0.03004427081132042,0.03878556511060405,0.0234,True,3.307387901671545,3.4382036926674338,3.4238680561291908,3.321000437028616,0.005000000000000001,0.005000000000000001,0.1084355605375269,0.8915983303190185,2,2,3.4423828125,0.008183127387058231,0.010844352558180725,3.4400250575916234,0.009460132864199888,3.4400250575916234,0.009460132864199888,0.008037459829289391,162937.4921321869,162714.37045680094,,2,3.3024398351075535,0.003249774327189493,-0.001496064783175461,-0.35004513456210157,3.4400250575916234,0.005192803866709212,0.0005297431702705639,0.038560773341842276,2,True,0.040811550278311085
161000.0,0.005,1,stay,cov,4.0,4.906096482472462,0.03004427081132042,0.03878556511060405,0.0234,True,3.307387901671545,3.4382036926674338,3.4238680561291908,3.321000437028616,0.005000000000000001,0.005000000000000001,0.1084355605375269,0.8915983303190185,3,2,3.4423828125,0.008183127387058231,0.010844352558180725,3.4458000281608654,0.012852256879132495,3.4458000281608654,0.012852256879132495,0.008037459829289391,162937.4921321869,163261.14521850954,,1,3.4458000281608654,0.005692547670405276,0.04184937799989153,0.1385095340810549,3.4458000281608654,0.005692547670405276,0.002209390766938021,0.1385095340810549,1,False,0.0
161000.0,0.005,1,stay,cov,16.0,4.906096482472462,0.03004427081132042,0.03878556511060405,0.0234,True,3.307387901671545,3.4382036926674338,3.4238680561291908,3.321000437028616,0.005000000000000001,0.005000000000000001,0.1084355605375269,0.8915983303190185,3,2,3.4423828125,0.008183127387058231,0.010844352558180725,3.4405889195031873,0.009791085551878131,3.4405889195031873,0.009791085551878131,0.008037459829289391,162937.4921321869,162767.7165538615,,3,3.3101899680304676,0.006987227971971183,0.0008472143099715082,0.39744559439423627,3.4405889195031873,0.004873322764134451,0.0006937421540324984,-0.025335447173109937,2,True,0.07068887200239378
161000.0,0.005,1,stay,data,4.0,4.906096482472462,0.03004427081132042,0.03878556511060405,0.0234,True,3.307387901671545,3.4382036926674338,3.4238680561291908,3.321000437028616,0.005000000000000001,0.005000000000000001,0.1084355605375269,0.8915983303190185,3,2,3.4423828125,0.008183127387058231,0.010844352558180725,3.445175347154214,0.012485054945747365,3.445175347154214,0.012485054945747365,0.008037459829289391,162937.4921321869,163201.95612378843,,1,3.445175347154214,0.005629592558009392,0.041660503569306735,0.12591851160187822,3.445175347154214,0.005629592558009392,0.0020277025766823097,0.12591851160187822,1,False,0.0
161000.0,0.005,1,stay,data,16.0,4.906096482472462,0.03004427081132042,0.03878556511060405,0.0234,True,3.307387901671545,3.4382036926674338,3.4238680561291908,3.321000437028616,0.005000000000000001,0.005000000000000001,0.1084355605375269,0.8915983303190185,3,2,3.4423828125,0.008183127387058231,0.010844352558180725,3.440380116371035,0.0096685244738548,3.440380116371035,0.0096685244738548,0.008037459829289391,162937.4921321869,162747.96099541616,,2,3.3101173932437318,0.007956847215553994,0.0008252710759471121,0.5913694431107985,3.440380116371035,0.004766278862324183,0.0006330118568142575,-0.04674422753516357,2,True,0.03859351786791098
161000.0,0.005,1,stay2,cov,4.0,4.906096482472462,0.03004427081132042,0.03878556511060405,0.0234,True,3.307387901671545,3.4382036926674338,3.4238680561291908,3.321000437028616,0.005000000000000001,0.005000000000000001,0.1084355605375269,0.8915983303190185,3,2,3.4423828125,0.008183127387058231,0.010844352558180725,3.4434852941746263,0.011491936452287188,3.4434852941746263,0.011491936452287188,0.008037459829289391,162937.4921321869,163041.87585395755,,1,3.4434852941746263,0.005711694910227145,0.0411495102930921,0.14233898204542883,3.4434852941746263,0.005711694910227145,0.0015361514265302323,0.14233898204542883,1,False,0.0
161000.0,0.005,1,stay2,cov,16.0,4.906096482472462,0.03004427081132042,0.03878556511060405,0.0234,True,3.307387901671545,3.4382036926674338,3.4238680561291908,3.321000437028616,0.005000000000000001,0.005000000000000001,0.1084355605375269,0.8915983303190185,3,2,3.4423828125,0.008183127387058231,0.010844352558180725,3.439676728797286,0.009255712127247628,3.439676728797286,0.009255712127247628,0.008037459829289391,162937.4921321869,162681.41998115697,,2,3.3035895695734125,0.009061887588996623,-0.0011484386503961717,0.8123775177993243,3.439676728797286,0.0049458202645332626,0.0004284318968634069,-0.01083594709334768,2,True,0.0403623861797523
161000.0,0.005,1,stay2,data,4.0,4.906096482472462,0.03004427081132042,0.03878556511060405,0.0234,True,3.307387901671545,3.4382036926674338,3.4238680561291908,3.321000437028616,0.005000000000000001,0.005000000000000001,0.1084355605375269,0.8915983303190185,3,2,3.4423828125,0.008183127387058231,0.010844352558180725,3.443274595238634,0.011368158514296844,3.443274595238634,0.011368158514296844,0.008037459829289391,162937.4921321869,163021.92415046698,,1,3.443274595238634,0.005530324845589499,0.04108580475196529,0.10606496911789962,3.443274595238634,0.005530324845589499,0.0014748697356165759,0.10606496911789962,1,False,0.0
161000.0,0.005,1,stay2,data,16.0,4.906096482472462,0.03004427081132042,0.03878556511060405,0.0234,True,3.307387901671545,3.4382036926674338,3.4238680561291908,3.321000437028616,0.005000000000000001,0.005000000000000001,0.1084355605375269,0.8915983303190185,3,2,3.4423828125,0.008183127387058231,0.010844352558180725,3.440180176574482,0.009551172875161162,3.440180176574482,0.009551172875161162,0.008037459829289391,162937.4921321869,162729.04515032048,,2,3.3056490124487192,0.008182172246923483,-0.0005257590807376367,0.6364344493846963,3.440180176574482,0.004818656878559961,0.0005748594567748801,-0.03626862428800798,2,True,0.03988573097720041
161000.0,0.005,1,stay+deck,cov,4.0,4.906096482472462,0.03004427081132042,0.03878556511060405,0.0234,True,3.307387901671545,3.4382036926674338,3.4238680561291908,3.321000437028616,0.005000000000000001,0.005000000000000001,0.1084355605375269,0.8915983303190185,3,2,3.4423828125,0.008183127387058231,0.010844352558180725,3.44230990623487,0.010801535643285787,3.44230990623487,0.010801535643285787,0.008037459829289391,162937.4921321869,162930.5904952374,,2,3.307305771345897,0.004895593515320339,-2.483238376921503e-05,-0.02088129693593246,3.44230990623487,0.005616279649811595,0.0011942903720898092,0.12325592996231882,2,True,0.04000350281791514
161000.0,0.005,1,stay+deck,cov,16.0,4.906096482472462,0.03004427081132042,0.03878556511060405,0.0234,True,3.307387901671545,3.4382036926674338,3.4238680561291908,3.321000437028616,0.005000000000000001,0.005000000000000001,0.1084355605375269,0.8915983303190185,3,2,3.4423828125,0.008183127387058231,0.010844352558180725,3.440150296989893,0.009533636096783482,3.440150296989893,0.009533636096783482,0.008037459829289391,162937.4921321869,162726.2184058452,,2,3.309011658500618,0.004216617081520985,0.0004909484092423744,-0.15667658369580315,3.440150296989893,0.004891415943514257,0.0005661689930154175,-0.021716811297148825,2,True,0.03886071762808792
161000.0,0.005,1,stay+deck,data,4.0,4.906096482472462,0.03004427081132042,0.03878556511060405,0.0234,True,3.307387901671545,3.4382036926674338,3.4238680561291908,3.321000437028616,0.005000000000000001,0.005000000000000001,0.1084355605375269,0.8915983303190185,3,2,3.4423828125,0.008183127387058231,0.010844352558180725,3.4420182277520897,0.01063024568078319,3.4420182277520897,0.01063024568078319,0.008037459829289391,162937.4921321869,162902.98035244248,,2,3.307019842675856,0.004812253359025546,-0.00011128389128553279,-0.037549328194890964,3.4420182277520897,0.005465759822062262,0.0011094558163587164,0.09315196441245213,2,True,0.04000522257171783
161000.0,0.005,1,stay+deck,data,16.0,4.906096482472462,0.03004427081132042,0.03878556511060405,0.0234,True,3.307387901671545,3.4382036926674338,3.4238680561291908,3.321000437028616,0.005000000000000001,0.005000000000000001,0.1084355605375269,0.8915983303190185,3,2,3.4423828125,0.008183127387058231,0.010844352558180725,3.4411503954874654,0.010120691744106791,3.4411503954874654,0.010120691744106791,0.008037459829289391,162937.4921321869,162820.84560999865,,2,3.309093273347621,0.004364317463287691,0.0005156249362870603,-0.12713650734246204,3.4411503954874654,0.004844502641709084,0.0008570471919147713,-0.031099471658183393,2,True,0.039126623754201194
161000.0,0.005,2,stay,cov,4.0,4.906096482472462,0.03004427081132042,0.03878556511060405,0.0234,True,3.307387901671545,3.4382036926674338,3.4238680561291908,3.321000437028616,0.005000000000000001,0.005000000000000001,0.1084355605375269,0.8915983303190185,3,2,3.4423828125,0.008183127387058231,0.010844352558180725,3.4500071560807846,0.015327037955177092,3.4500071560807846,0.015327037955177092,0.008037459829289391,162937.4921321869,163660.05393386856,,1,3.4500071560807846,0.00474685905493177,0.04312141745973018,-0.05062818901364618,3.4500071560807846,0.00474685905493177,0.003433032033129319,-0.05062818901364618,1,False,0.0
161000.0,0.005,2,stay,cov,16.0,4.906096482472462,0.03004427081132042,0.03878556511060405,0.0234,True,3.307387901671545,3.4382036926674338,3.4238680561291908,3.321000437028616,0.005000000000000001,0.005000000000000001,0.1084355605375269,0.8915983303190185,3,2,3.4423828125,0.008183127387058231,0.010844352558180725,3.4433063333625396,0.011386803019680425,3.4433063333625396,0.011386803019680425,0.008037459829289391,162937.4921321869,163024.92944890042,,2,3.3066350398045037,0.0054176043142693895,-0.0002276303504226584,0.08352086285387769,3.4433063333625396,0.005638187907881147,0.0014841007547016674,0.12763758157622923,2,True,0.04049554981361572
161000.0,0.005,2,stay,data,4.0,4.906096482472462,0.03004427081132042,0.03878556511060405,0.0234,True,3.307387901671545,3.4382036926674338,3.4238680561291908,3.321000437028616,0.005000000000000001,0.005000000000000001,0.1084355605375269,0.8915983303190185,3,2,3.4423828125,0.008183127387058231,0.010844352558180725,3.4479398980126224,0.014110626470453358,3.4479398980126224,0.014110626470453358,0.008037459829289391,162937.4921321869,163463.98117922526,,1,3.4479398980126224,0.004688737682288427,0.04249637493988622,-0.06225246354231473,3.4479398980126224,0.004688737682288427,0.002831770952358857,-0.06225246354231473,1,False,0.0
161000.0,0.005,2,stay,data,16.0,4.906096482472462,0.03004427081132042,0.03878556511060405,0.0234,True,3.307387901671545,3.4382036926674338,3.4238680561291908,3.321000437028616,0.005000000000000001,0.005000000000000001,0.1084355605375269,0.8915983303190185,3,2,3.4423828125,0.008183127387058231,0.010844352558180725,3.445941416466708,0.012935377432563788,3.445941416466708,0.012935377432563788,0.008037459829289391,162937.4921321869,163274.543378658,,2,3.305046586906538,0.0046543747545833986,-0.0007079044958178568,-0.06912504908332047,3.445941416466708,0.005365426732705756,0.0022505134921983936,0.07308534654115095,2,True,0.0417405065717106
161000.0,0.005,2,stay2,cov,4.0,4.906096482472462,0.03004427081132042,0.03878556511060405,0.0234,True,3.307387901671545,3.4382036926674338,3.4238680561291908,3.321000437028616,0.005000000000000001,0.005000000000000001,0.1084355605375269,0.8915983303190185,3,2,3.4423828125,0.008183127387058231,0.010844352558180725,3.4455987902184155,0.012733957296597653,3.4455987902184155,0.012733957296597653,0.008037459829289391,162937.4921321869,163242.0765683759,,1,3.4455987902184155,0.005301270900016998,0.04178853302239489,0.06025418000339936,3.4455987902184155,0.005301270900016998,0.0021508608017474667,0.06025418000339936,1,False,0.0
161000.0,0.005,2,stay2,cov,16.0,4.906096482472462,0.03004427081132042,0.03878556511060405,0.0234,True,3.307387901671545,3.4382036926674338,3.4238680561291908,3.321000437028616,0.005000000000000001,0.005000000000000001,0.1084355605375269,0.8915983303190185,3,2,3.4423828125,0.008183127387058231,0.010844352558180725,3.445090962406063,0.01243545674454527,3.445090962406063,0.01243545674454527,0.008037459829289391,162937.4921321869,163193.96141471408,,1,3.445090962406063,0.00553497610439684,0.04163498955321305,0.10699522087936773,3.445090962406063,0.00553497610439684,0.002003159310577606,0.10699522087936773,1,False,0.0
161000.0,0.005,2,stay2,data,4.0,4.906096482472462,0.03004427081132042,0.03878556511060405,0.0234,True,3.307387901671545,3.4382036926674338,3.4238680561291908,3.321000437028616,0.005000000000000001,0.005000000000000001,0.1084355605375269,0.8915983303190185,3,2,3.4423828125,0.008183127387058231,0.010844352558180725,3.445648202761038,0.012763004276060474,3.445648202761038,0.012763004276060474,0.008037459829289391,162937.4921321869,163246.7586363676,,1,3.445648202761038,0.005173801808539887,0.04180347307300023,0.03476036170797728,3.445648202761038,0.005173801808539887,0.002165232417579261,0.03476036170797728,1,False,0.0
161000.0,0.005,2,stay2,data,16.0,4.906096482472462,0.03004427081132042,0.03878556511060405,0.0234,True,3.307387901671545,3.4382036926674338,3.4238680561291908,3.321000437028616,0.005000000000000001,0.005000000000000001,0.1084355605375269,0.8915983303190185,3,2,3.4423828125,0.008183127387058231,0.010844352558180725,3.4475636516010257,0.013889314801810215,3.4475636516010257,0.013889314801810215,0.008037459829289391,162937.4921321869,163428.30806280824,,2,3.304991282621593,0.0032520455524462305,-0.0007246259347869551,-0.349590889510754,3.4475636516010257,0.005280824168751721,0.0027223398525089483,0.056164833750343965,2,True,0.0422276813349157
161000.0,0.005,2,stay+deck,cov,4.0,4.906096482472462,0.03004427081132042,0.03878556511060405,0.0234,True,3.307387901671545,3.4382036926674338,3.4238680561291908,3.321000437028616,0.005000000000000001,0.005000000000000001,0.1084355605375269,0.8915983303190185,3,2,3.4423828125,0.008183127387058231,0.010844352558180725,3.444721352522779,0.012218228182774071,3.444721352522779,0.012218228182774071,0.008037459829289391,162937.4921321869,163158.9464522375,,2,3.3084132391499175,0.005376212281792749,0.00031001427980504844,0.07524245635854956,3.444721352522779,0.0050818033098854005,0.0018956584420071383,0.016360661977079905,2,True,0.040368842504914154
161000.0,0.005,2,stay+deck,cov,16.0,4.906096482472462,0.03004427081132042,0.03878556511060405,0.0234,True,3.307387901671545,3.4382036926674338,3.4238680561291908,3.321000437028616,0.005000000000000001,0.005000000000000001,0.1084355605375269,0.8915983303190185,3,2,3.4423828125,0.008183127387058231,0.010844352558180725,3.445435342725991,0.01263787826370466,3.445435342725991,0.01263787826370466,0.008037459829289391,162937.4921321869,163226.58963744878,,2,3.3071049298859903,0.004720690007432908,-8.555748341812987e-05,-0.05586199851341857,3.445435342725991,0.00489199879043913,0.0021033221719760067,-0.021600241912174235,2,True,0.040971369960150564
161000.0,0.005,2,stay+deck,data,4.0,4.906096482472462,0.03004427081132042,0.03878556511060405,0.0234,True,3.307387901671545,3.4382036926674338,3.4238680561291908,3.321000437028616,0.005000000000000001,0.005000000000000001,0.1084355605375269,0.8915983303190185,3,2,3.4423828125,0.008183127387058231,0.010844352558180725,3.4446324078776684,0.012165956768318997,3.4446324078776684,0.012165956768318997,0.008037459829289391,162937.4921321869,163150.5208492652,,2,3.308801300803185,0.005295908234782824,0.00042734604275650325,0.05918164695656451,3.4446324078776684,0.004870746260864043,0.0018697889319196077,-0.025850747827191666,2,True,0.04022579118527111
161000.0,0.005,2,stay+deck,data,16.0,4.906096482472462,0.03004427081132042,0.03878556511060405,0.0234,True,3.307387901671545,3.4382036926674338,3.4238680561291908,3.321000437028616,0.005000000000000001,0.005000000000000001,0.1084355605375269,0.8915983303190185,3,2,3.4423828125,0.008183127387058231,0.010844352558180725,3.443257580977097,0.011358163586870473,3.443257580977097,0.011358163586870473,0.008037459829289391,162937.4921321869,163020.31307314846,,2,3.3077551166674803,0.004599458087031716,0.00011102870508473345,-0.080108382593657,3.443257580977097,0.005128692078745335,0.001469921145289225,0.025738415749066743,2,True,0.04014285571019395
143000.0,0.01,0,stay,cov,4.0,2.3394811059245906,-0.029116878236242406,0.03662616741848772,0.0234,True,3.2143680165328425,3.3342942161841527,3.227039131571072,3.321000437028616,0.009999999999999998,0.009999999999999998,0.8920454116169482,0.10800325065756017,2,1,3.21044921875,-0.008754102786724186,-0.010255388010311561,3.204885415358045,-0.013682928755569979,3.204885415358045,-0.013682928755569979,-0.008237540487975037,141721.03255987167,141230.24472665222,,1,3.204885415358045,0.009716910423697968,-0.002950067050824522,-0.02830895763020307,3.204885415358045,0.009716910423697968,-0.03881145227016181,-0.02830895763020307,1,False,0.0
143000.0,0.01,0,stay,cov,16.0,2.3394811059245906,-0.029116878236242406,0.03662616741848772,0.0234,True,3.2143680165328425,3.3342942161841527,3.227039131571072,3.321000437028616,0.009999999999999998,0.009999999999999998,0.8920454116169482,0.10800325065756017,2,1,3.21044921875,-0.008754102786724186,-0.010255388010311561,3.201050009960205,-0.016042240709131184,3.201050009960205,-0.016042240709131184,-0.008237540487975037,141721.03255987167,140892.41603616063,,1,3.201050009960205,0.00819147282490479,-0.004143273733479612,-0.18085271750952084,3.201050009960205,0.00819147282490479,-0.039961742301324425,-0.18085271750952084,1,False,0.0
143000.0,0.01,0,stay,data,4.0,2.3394811059245906,-0.029116878236242406,0.03662616741848772,0.0234,True,3.2143680165328425,3.3342942161841527,3.227039131571072,3.321000437028616,0.009999999999999998,0.009999999999999998,0.8920454116169482,0.10800325065756017,2,1,3.21044921875,-0.008754102786724186,-0.010255388010311561,3.204699615855021,-0.01379728660981372,3.204699615855021,-0.01379728660981372,-0.008237540487975037,141721.03255987167,141213.86988309314,,1,3.204699615855021,0.00965582175365001,-0.0030078698606049335,-0.03441782463499879,3.204699615855021,0.00965582175365001,-0.03886717605785939,-0.03441782463499879,1,False,0.0
143000.0,0.01,0,stay,data,16.0,2.3394811059245906,-0.029116878236242406,0.03662616741848772,0.0234,True,3.2143680165328425,3.3342942161841527,3.227039131571072,3.321000437028616,0.009999999999999998,0.009999999999999998,0.8920454116169482,0.10800325065756017,2,1,3.21044921875,-0.008754102786724186,-0.010255388010311561,3.203182076264318,-0.014731069799656438,3.203182076264318,-0.014731069799656438,-0.008237540487975037,141721.03255987167,141080.16193838857,,1,3.203182076264318,0.008510405175701327,-0.0034799812003450184,-0.14895948242986715,3.203182076264318,0.008510405175701327,-0.03932230673689097,-0.14895948242986715,1,False,0.0
143000.0,0.01,0,stay2,cov,4.0,2.3394811059245906,-0.029116878236242406,0.03662616741848772,0.0234,True,3.2143680165328425,3.3342942161841527,3.227039131571072,3.321000437028616,0.009999999999999998,0.009999999999999998,0.8920454116169482,0.10800325065756017,2,1,3.21044921875,-0.008754102786724186,-0.010255388010311561,3.203875253603576,-0.01430459389095673,3.203875253603576,-0.01430459389095673,-0.008237540487975037,141721.03255987167,141141.22880898396,,1,3.203875253603576,0.007924408578293352,-0.003264331549871675,-0.20755914217066473,3.203875253603576,0.007924408578293352,-0.039114413463437955,-0.20755914217066473,1,False,0.0
143000.0,0.01,0,stay2,cov,16.0,2.3394811059245906,-0.029116878236242406,0.03662616741848772,0.0234,True,3.2143680165328425,3.3342942161841527,3.227039131571072,3.321000437028616,0.009999999999999998,0.009999999999999998,0.8920454116169482,0.10800325065756017,2,1,3.21044921875,-0.008754102786724186,-0.010255388010311561,3.202236949264747,-0.01531240852196769,3.202236949264747,-0.01531240852196769,-0.008237540487975037,141721.03255987167,140996.92033950042,,1,3.202236949264747,0.008014356758993752,-0.003774013182591566,-0.1985643241006247,3.202236949264747,0.008014356758993752,-0.039605763126247244,-0.1985643241006247,1,False,0.0
143000.0,0.01,0,stay2,data,4.0,2.3394811059245906,-0.029116878236242406,0.03662616741848772,0.0234,True,3.2143680165328425,3.3342942161841527,3.227039131571072,3.321000437028616,0.009999999999999998,0.009999999999999998,0.8920454116169482,0.10800325065756017,2,1,3.21044921875,-0.008754102786724186,-0.010255388010311561,3.2034653977668452,-0.014556767988290087,3.2034653977668452,-0.014556767988290087,-0.008237540487975037,141721.03255987167,141105.1201269805,,1,3.2034653977668452,0.008116062676176044,-0.0033918389897860347,-0.18839373238239546,3.2034653977668452,0.008116062676176044,-0.039237334780561475,-0.18839373238239546,1,False,0.0
143000.0,0.01,0,stay2,data,16.0,2.3394811059245906,-0.029116878236242406,0.03662616741848772,0.0234,True,3.2143680165328425,3.3342942161841527,3.227039131571072,3.321000437028616,0.009999999999999998,0.009999999999999998,0.8920454116169482,0.10800325065756017,2,1,3.21044921875,-0.008754102786724186,-0.010255388010311561,3.2042848744313357,-0.014052532155095054,3.2042848744313357,-0.014052532155095054,-0.008237540487975037,141721.03255987167,141177.3214020048,,1,3.2042848744313357,0.007424903613220019,-0.0031368972219873456,-0.257509638677998,3.2042848744313357,0.007424903613220019,-0.03899156262868813,-0.257509638677998,1,False,0.0
143000.0,0.01,0,stay+deck,cov,4.0,2.3394811059245906,-0.029116878236242406,0.03662616741848772,0.0234,True,3.2143680165328425,3.3342942161841527,3.227039131571072,3.321000437028616,0.009999999999999998,0.009999999999999998,0.8920454116169482,0.10800325065756017,2,1,3.21044921875,-0.008754102786724186,-0.010255388010311561,3.2054374289454373,-0.013343130451719976,3.2054374289454373,-0.013343130451719976,-0.008237540487975037,141721.03255987167,141278.9002746596,,2,3.2054374289454373,0.009723928663343701,-0.0027783338875547307,-0.027607133665629762,3.3326361490436947,0.008799162520505152,-0.0004972767947141604,-0.12008374794948465,2,True,0.03891015253376178
143000.0,0.01,0,stay+deck,cov,16.0,2.3394811059245906,-0.029116878236242406,0.03662616741848772,0.0234,True,3.2143680165328425,3.3342942161841527,3.227039131571072,3.321000437028616,0.009999999999999998,0.009999999999999998,0.8920454116169482,0.10800325065756017,2,1,3.21044921875,-0.008754102786724186,-0.010255388010311561,3.2028945322305447,-0.014907953585689526,3.2028945322305447,-0.014907953585689526,-0.008237540487975037,141721.03255987167,141054.83403814438,,2,3.2028945322305447,0.009117413924521024,-0.003569437053655632,-0.08825860754789751,3.3355462129546423,0.008037124207390698,0.00037549079034855225,-0.19628757926093007,2,True,0.040575937258980406
143000.0,0.01,0,stay+deck,data,4.0,2.3394811059245906,-0.029116878236242406,0.03662616741848772,0.0234,True,3.2143680165328425,3.3342942161841527,3.227039131571072,3.321000437028616,0.009999999999999998,0.009999999999999998,0.8920454116169482,0.10800325065756017,2,1,3.21044921875,-0.008754102786724186,-0.010255388010311561,3.2050306123063246,-0.013593556778552784,3.2050306123063246,-0.013593556778552784,-0.008237540487975037,141721.03255987167,141243.041855034,,2,3.2050306123063246,0.01007743936180015,-0.0029048958235310266,0.007743936180015094,3.3331460012555114,0.008936386943409126,-0.0003443652102049053,-0.10636130565908725,2,True,0.039189944390135636
143000.0,0.01,0,stay+deck,data,16.0,2.3394811059245906,-0.029116878236242406,0.03662616741848772,0.0234,True,3.2143680165328425,3.3342942161841527,3.227039131571072,3.321000437028616,0.009999999999999998,0.009999999999999998,0.8920454116169482,0.10800325065756017,2,1,3.21044921875,-0.008754102786724186,-0.010255388010311561,3.2043920613049255,-0.013986568984958647,3.2043920613049255,-0.013986568984958647,-0.008237540487975037,141721.03255987167,141186.7666351179,,2,3.2043920613049255,0.008838656502039525,-0.0031035510484818583,-0.11613434979604738,3.3360693713339296,0.006440229772047778,0.0005323930747204476,-0.35597702279522214,2,True,0.040265449581858244
143000.0,0.01,1,stay,cov,4.0,2.3394811059245906,-0.029116878236242406,0.03662616741848772,0.0234,True,3.2143680165328425,3.3342942161841527,3.227039131571072,3.321000437028616,0.009999999999999998,0.009999999999999998,0.8920454116169482,0.10800325065756017,2,1,3.22265625,-0.008754102786724186,-0.0027145039362527212,3.213359148639252,-0.00846037897643348,3.213359148639252,-0.00846037897643348,-0.008237540487975037,142800.80795288086,141978.05899947422,,1,3.213359148639252,0.008575400960336247,-0.0003138619748583291,-0.1424599039663752,3.213359148639252,0.008575400960336247,-0.036270064878468226,-0.1424599039663752,1,False,0.0
143000.0,0.01,1,stay,cov,16.0,2.3394811059245906,-0.029116878236242406,0.03662616741848772,0.0234,True,3.2143680165328425,3.3342942161841527,3.227039131571072,3.321000437028616,0.009999999999999998,0.009999999999999998,0.8920454116169482,0.10800325065756017,2,1,3.22265625,-0.008754102786724186,-0.0027145039362527212,3.214815501903292,-0.007561407446910473,3.214815501903292,-0.007561407446910473,-0.008237540487975037,142800.80795288086,142106.78228006858,,1,3.214815501903292,0.007968007409788976,0.00013921410620932925,-0.20319925902110225,3.214815501903292,0.007968007409788976,-0.03583328480760015,-0.20319925902110225,1,False,0.0
143000.0,0.01,1,stay,data,4.0,2.3394811059245906,-0.029116878236242406,0.03662616741848772,0.0234,True,3.2143680165328425,3.3342942161841527,3.227039131571072,3.321000437028616,0.009999999999999998,0.009999999999999998,0.8920454116169482,0.10800325065756017,2,1,3.22265625,-0.008754102786724186,-0.0027145039362527212,3.213203939381598,-0.008556161865744927,3.213203939381598,-0.008556161865744927,-0.008237540487975037,142800.80795288086,141964.3438957895,,1,3.213203939381598,0.008526331141805765,-0.00036214806308964377,-0.1473668858194234,3.213203939381598,0.008526331141805765,-0.03631661423722033,-0.1473668858194234,1,False,0.0
143000.0,0.01,1,stay,data,16.0,2.3394811059245906,-0.029116878236242406,0.03662616741848772,0.0234,True,3.2143680165328425,3.3342942161841527,3.227039131571072,3.321000437028616,0.009999999999999998,0.009999999999999998,0.8920454116169482,0.10800325065756017,2,1,3.22265625,-0.008754102786724186,-0.0027145039362527212,3.215381157544549,-0.007212132114505332,3.215381157544549,-0.007212132114505332,-0.008237540487975037,142800.80795288086,142156.7948390222,,1,3.215381157544549,0.007909510158701161,0.00031519135534426463,-0.20904898412988374,3.215381157544549,0.007909510158701161,-0.03566363701871843,-0.20904898412988374,1,False,0.0
143000.0,0.01,1,stay2,cov,4.0,2.3394811059245906,-0.029116878236242406,0.03662616741848772,0.0234,True,3.2143680165328425,3.3342942161841527,3.227039131571072,3.321000437028616,0.009999999999999998,0.009999999999999998,0.8920454116169482,0.10800325065756017,2,1,3.22265625,-0.008754102786724186,-0.0027145039362527212,3.21340019697462,-0.008435046413856395,3.21340019697462,-0.008435046413856395,-0.008237540487975037,142800.80795288086,141981.68635635226,,1,3.21340019697462,0.008071746685016784,-0.00030109170861719516,-0.19282533149832148,3.21340019697462,0.008071746685016784,-0.03625775392667253,-0.19282533149832148,1,False,0.0
143000.0,0.01,1,stay2,cov,16.0,2.3394811059245906,-0.029116878236242406,0.03662616741848772,0.0234,True,3.2143680165328425,3.3342942161841527,3.227039131571072,3.321000437028616,0.009999999999999998,0.009999999999999998,0.8920454116169482,0.10800325065756017,2,1,3.22265625,-0.008754102786724186,-0.0027145039362527212,3.2133106192094183,-0.008490328002910053,3.2133106192094183,-0.008490328002910053,-0.008237540487975037,142800.80795288086,141973.7706134552,,1,3.2133106192094183,0.007758373246924678,-0.00032895963311780404,-0.22416267530753212,3.2133106192094183,0.007758373246924678,-0.03628461951182908,-0.22416267530753212,1,False,0.0
143000.0,0.01,1,stay2,data,4.0,2.3394811059245906,-0.029116878236242406,0.03662616741848772,0.0234,True,3.2143680165328425,3.3342942161841527,3.227039131571072,3.321000437028616,0.009999999999999998,0.009999999999999998,0.8920454116169482,0.10800325065756017,2,1,3.22265625,-0.008754102786724186,-0.0027145039362527212,3.2138290129177007,-0.008170387669092838,3.2138290129177007,-0.008170387669092838,-0.008237540487975037,142800.80795288086,142019.582708734,,1,3.2138290129177007,0.008480522031288362,-0.0001676857199827422,-0.15194779687116372,3.2138290129177007,0.008480522031288362,-0.036129146216831234,-0.15194779687116372,1,False,0.0
143000.0,0.01,1,stay2,data,16.0,2.3394811059245906,-0.029116878236242406,0.03662616741848772,0.0234,True,3.2143680165328425,3.3342942161841527,3.227039131571072,3.321000437028616,0.009999999999999998,0.009999999999999998,0.8920454116169482,0.10800325065756017,2,1,3.22265625,-0.008754102786724186,-0.0027145039362527212,3.215215391209585,-0.007314494202255828,3.215215391209585,-0.007314494202255828,-0.008237540487975037,142800.80795288086,142142.13766322628,,1,3.215215391209585,0.008098674089040893,0.0002636209271570453,-0.1901325910959106,3.215215391209585,0.008098674089040893,-0.03571335258795623,-0.1901325910959106,1,False,0.0
143000.0,0.01,1,stay+deck,cov,4.0,2.3394811059245906,-0.029116878236242406,0.03662616741848772,0.0234,True,3.2143680165328425,3.3342942161841527,3.227039131571072,3.321000437028616,0.009999999999999998,0.009999999999999998,0.8920454116169482,0.10800325065756017,2,1,3.22265625,-0.008754102786724186,-0.0027145039362527212,3.2167572177615966,-0.0063621997743057435,3.2167572177615966,-0.0063621997743057435,-0.008237540487975037,142800.80795288086,142278.49622279327,,2,3.2167572177615966,0.008234797926959225,0.0007432880169493397,-0.1765202073040774,3.33782805823668,0.011480150698096886,0.0010598470990875798,0.14801506980968873,2,True,0.036942334374204626
143000.0,0.01,1,stay+deck,cov,16.0,2.3394811059245906,-0.029116878236242406,0.03662616741848772,0.0234,True,3.2143680165328425,3.3342942161841527,3.227039131571072,3.321000437028616,0.009999999999999998,0.009999999999999998,0.8920454116169482,0.10800325065756017,2,1,3.22265625,-0.008754102786724186,-0.0027145039362527212,3.2177660550849394,-0.005738853951251399,3.2177660550849394,-0.005738853951251399,-0.008237540487975037,142800.80795288086,142367.75279728227,,2,3.2177660550849394,0.00782454959347156,0.0010571404813074679,-0.21754504065284386,3.347342015558583,0.008464396750251707,0.003913211770904451,-0.15356032497482916,2,True,0.039474128705681
143000.0,0.01,1,stay+deck,data,4.0,2.3394811059245906,-0.029116878236242406,0.03662616741848772,0.0234,True,3.2143680165328425,3.3342942161841527,3.227039131571072,3.321000437028616,0.009999999999999998,0.009999999999999998,0.8920454116169482,0.10800325065756017,2,1,3.22265625,-0.008754102786724186,-0.0027145039362527212,3.216496222615523,-0.006523433031625392,3.216496222615523,-0.006523433031625392,-0.008237540487975037,142800.80795288086,142255.40931387403,,2,3.216496222615523,0.008001158826942547,0.0006620916061055703,-0.19988411730574518,3.3376407289883487,0.011268279688996019,0.0010036645200512321,0.12682796889960207,2,True,0.03696734055677007
143000.0,0.01,1,stay+deck,data,16.0,2.3394811059245906,-0.029116878236242406,0.03662616741848772,0.0234,True,3.2143680165328425,3.3342942161841527,3.227039131571072,3.321000437028616,0.009999999999999998,0.009999999999999998,0.8920454116169482,0.10800325065756017,2,1,3.22265625,-0.008754102786724186,-0.0027145039362527212,3.2159617971767807,-0.006853540704875982,3.2159617971767807,-0.006853540704875982,-0.008237540487975037,142800.80795288086,142208.141362382,,2,3.2159617971767807,0.007774546622333317,0.0004958301712002583,-0.22254533776666818,3.3407555076805817,0.011231385854454306,0.0019378288409783776,0.12313858544543076,2,True,0.03806591155343882
143000.0,0.01,2,stay,cov,4.0,2.3394811059245906,-0.029116878236242406,0.03662616741848772,0.0234,True,3.2143680165328425,3.3342942161841527,3.227039131571072,3.321000437028616,0.009999999999999998,0.009999999999999998,0.8920454116169482,0.10800325065756017,3,1,3.22265625,-0.008754102786724186,-0.0027145039362527212,3.2032660279472958,-0.014679423613558673,3.2032660279472958,-0.014679423613558673,-0.008237540487975037,142800.80795288086,141087.5571297671,,1,3.2032660279472958,0.010098775780759212,-0.003453863567719876,0.00987757807592131,3.2032660279472958,0.010098775780759212,-0.039297128490001325,0.00987757807592131,1,False,0.0
143000.0,0.01,2,stay,cov,16.0,2.3394811059245906,-0.029116878236242406,0.03662616741848772,0.0234,True,3.2143680165328425,3.3342942161841527,3.227039131571072,3.321000437028616,0.009999999999999998,0.009999999999999998,0.8920454116169482,0.10800325065756017,3,1,3.22265625,-0.008754102786724186,-0.0027145039362527212,3.213679235103928,-0.008262832294338218,3.213679235103928,-0.008262832294338218,-0.008237540487975037,142800.80795288086,142006.3456093998,,2,3.213679235103928,0.009875651396126563,-0.00021428206893921823,-0.012434860387343547,3.2848937431100556,0.008249139142314068,-0.014815871027312107,-0.1750860857685931,1,False,0.021916968000473158
143000.0,0.01,2,stay,data,4.0,2.3394811059245906,-0.029116878236242406,0.03662616741848772,0.0234,True,3.2143680165328425,3.3342942161841527,3.227039131571072,3.321000437028616,0.009999999999999998,0.009999999999999998,0.8920454116169482,0.10800325065756017,3,1,3.22265625,-0.008754102786724186,-0.0027145039362527212,3.2057566535039492,-0.013146601401310853,3.2057566535039492,-0.013146601401310853,-0.008237540487975037,142800.80795288086,141307.04117041655,,1,3.2057566535039492,0.010541530359208634,-0.002679022123354098,0.054153035920863526,3.2057566535039492,0.010541530359208634,-0.03855015614887907,0.054153035920863526,1,False,0.0
143000.0,0.01,2,stay,data,16.0,2.3394811059245906,-0.029116878236242406,0.03662616741848772,0.0234,True,3.2143680165328425,3.3342942161841527,3.227039131571072,3.321000437028616,0.009999999999999998,0.009999999999999998,0.8920454116169482,0.10800325065756017,3,1,3.22265625,-0.008754102786724186,-0.0027145039362527212,3.213596521737518,-0.008313882108644366,3.213596521737518,-0.008313882108644366,-0.008237540487975037,142800.80795288086,141999.03581219778,,2,3.213596521737518,0.008673556463827881,-0.00024001445738522983,-0.13264435361721175,3.2973471427293313,0.00942834332266983,-0.011080927794399778,-0.057165667733016796,1,False,0.025726108320942215
143000.0,0.01,2,stay2,cov,4.0,2.3394811059245906,-0.029116878236242406,0.03662616741848772,0.0234,True,3.2143680165328425,3.3342942161841527,3.227039131571072,3.321000437028616,0.009999999999999998,0.009999999999999998,0.8920454116169482,0.10800325065756017,3,1,3.22265625,-0.008754102786724186,-0.0027145039362527212,3.205848758802894,-0.013089893582925893,3.205848758802894,-0.013089893582925893,-0.008237540487975037,142800.80795288086,141315.16113437328,,1,3.205848758802894,0.008257474157359302,-0.002650367875156343,-0.1742525842640697,3.205848758802894,0.008257474157359302,-0.038522532522116446,-0.1742525842640697,1,False,0.0
143000.0,0.01,2,stay2,cov,16.0,2.3394811059245906,-0.029116878236242406,0.03662616741848772,0.0234,True,3.2143680165328425,3.3342942161841527,3.227039131571072,3.321000437028616,0.009999999999999998,0.009999999999999998,0.8920454116169482,0.10800325065756017,3,1,3.22265625,-0.008754102786724186,-0.0027145039362527212,3.2133948048286296,-0.008438374140361193,3.2133948048286296,-0.008438374140361193,-0.008237540487975037,142800.80795288086,141981.20986086986,,2,3.2133948048286296,0.01012103840169237,-0.0003027692221946285,0.012103840169237075,3.3304963128380254,0.012756877274976286,-0.0011390426578712955,0.2756877274976288,2,True,0.03578956492514212
143000.0,0.01,2,stay2,data,4.0,2.3394811059245906,-0.029116878236242406,0.03662616741848772,0.0234,True,3.2143680165328425,3.3342942161841527,3.227039131571072,3.321000437028616,0.009999999999999998,0.009999999999999998,0.8920454116169482,0.10800325065756017,3,1,3.22265625,-0.008754102786724186,-0.0027145039362527212,3.20560088951032,-0.013242499193102164,3.20560088951032,-0.013242499193102164,-0.008237540487975037,142800.80795288086,141293.30961390364,,1,3.20560088951032,0.008562819183962893,-0.002727480791692009,-0.14371808160371058,3.20560088951032,0.008562819183962893,-0.03859687188046421,-0.14371808160371058,1,False,0.0
143000.0,0.01,2,stay2,data,16.0,2.3394811059245906,-0.029116878236242406,0.03662616741848772,0.0234,True,3.2143680165328425,3.3342942161841527,3.227039131571072,3.321000437028616,0.009999999999999998,0.009999999999999998,0.8920454116169482,0.10800325065756017,3,1,3.22265625,-0.008754102786724186,-0.0027145039362527212,3.209012073659202,-0.01114130032100602,3.209012073659202,-0.01114130032100602,-0.008237540487975037,142800.80795288086,141594.1792222448,,1,3.209012073659202,0.008782556934997238,-0.0016662506738783045,-0.12174430650027607,3.209012073659202,0.008782556934997238,-0.0375738115481383,-0.12174430650027607,1,False,0.0
143000.0,0.01,2,stay+deck,cov,4.0,2.3394811059245906,-0.029116878236242406,0.03662616741848772,0.0234,True,3.2143680165328425,3.3342942161841527,3.227039131571072,3.321000437028616,0.009999999999999998,0.009999999999999998,0.8920454116169482,0.10800325065756017,3,1,3.22265625,-0.008754102786724186,-0.0027145039362527212,3.207109161538945,-0.01231371927343261,3.207109161538945,-0.01231371927343261,-0.008237540487975037,142800.80795288086,141426.30114287173,,2,3.207109161538945,0.008480264744960055,-0.00225825261966344,-0.15197352550399437,3.3349074208222333,0.008930586755580687,0.00018390837710249936,-0.10694132444193113,2,True,0.03906998940597698
143000.0,0.01,2,stay+deck,cov,16.0,2.3394811059245906,-0.029116878236242406,0.03662616741848772,0.0234,True,3.2143680165328425,3.3342942161841527,3.227039131571072,3.321000437028616,0.009999999999999998,0.009999999999999998,0.8920454116169482,0.10800325065756017,3,1,3.22265625,-0.008754102786724186,-0.0027145039362527212,3.212116207301838,-0.009227294326919488,3.212116207301838,-0.009227294326919488,-0.008237540487975037,142800.80795288086,141868.2447766532,,2,3.212116207301838,0.00911080700278958,-0.0007005449343145073,-0.0889192997210419,3.346232967545104,0.009217688966512835,0.003580593249090795,-0.07823110334871636,2,True,0.04089954855030915
143000.0,0.01,2,stay+deck,data,4.0,2.3394811059245906,-0.029116878236242406,0.03662616741848772,0.0234,True,3.2143680165328425,3.3342942161841527,3.227039131571072,3.321000437028616,0.009999999999999998,0.009999999999999998,0.8920454116169482,0.10800325065756017,3,1,3.22265625,-0.008754102786724186,-0.0027145039362527212,3.2070209395315623,-0.012368057597128779,3.2070209395315623,-0.012368057597128779,-0.008237540487975037,142800.80795288086,141418.5204656662,,2,3.2070209395315623,0.008524455868213722,-0.0022856987636422263,-0.14755441317862772,3.334729464827044,0.008544988579601079,0.0001305369636484082,-0.14550114203989198,2,True,0.039044144885256545
143000.0,0.01,2,stay+deck,data,16.0,2.3394811059245906,-0.029116878236242406,0.03662616741848772,0.0234,True,3.2143680165328425,3.3342942161841527,3.227039131571072,3.321000437028616,0.009999999999999998,0.009999999999999998,0.8920454116169482,0.10800325065756017,3,1,3.22265625,-0.008754102786724186,-0.0027145039362527212,3.211674560553308,-0.00949972622789752,3.211674560553308,-0.00949972622789752,-0.008237540487975037,142800.80795288086,141829.23538994766,,2,3.211674560553308,0.008505782115522427,-0.0008379426268805675,-0.14942178844775722,3.342677998551987,0.008591433676871336,0.002514409894346075,-0.1408566323128663,2,True,0.0399744862112091
147000.0,0.01,0,stay,cov,4.0,1.565560632187496,-0.015036997071102938,0.027464172230485424,0.0234,True,3.251453429339181,3.3419952341831007,3.27180235460519,3.321000437028616,0.01,0.010000000000000002,0.7725174835975883,0.22752755999503582,3,1,3.2470703125,-0.014046735372247115,-0.015061157635355427,3.240323576404251,-0.019149901155227633,3.240323576404251,-0.019149901155227633,-0.012777950006257434,144972.65219688416,144370.832097267,,1,3.240323576404251,0.016179118005177087,-0.003423039319739465,0.6179118005177087,3.240323576404251,0.016179118005177087,-0.03042244247954523,0.6179118005177084,1,False,0.0
147000.0,0.01,0,stay,cov,16.0,1.565560632187496,-0.015036997071102938,0.027464172230485424,0.0234,True,3.251453429339181,3.3419952341831007,3.27180235460519,3.321000437028616,0.01,0.010000000000000002,0.7725174835975883,0.22752755999503582,3,1,3.2470703125,-0.014046735372247115,-0.015061157635355427,3.2372521492353314,-0.021008469770372407,3.2372521492353314,-0.021008469770372407,-0.012777950006257434,144972.65219688416,144097.2703187706,,1,3.2372521492353314,0.015129808536726245,-0.00436767138526588,0.5129808536726245,3.2372521492353314,0.015129808536726245,-0.03134148244031597,0.5129808536726241,1,False,0.0
147000.0,0.01,0,stay,data,4.0,1.565560632187496,-0.015036997071102938,0.027464172230485424,0.0234,True,3.251453429339181,3.3419952341831007,3.27180235460519,3.321000437028616,0.01,0.010000000000000002,0.7725174835975883,0.22752755999503582,3,1,3.2470703125,-0.014046735372247115,-0.015061157635355427,3.242519265608424,-0.017820174915661013,3.242519265608424,-0.017820174915661013,-0.012777950006257434,144972.65219688416,144566.55383282466,,1,3.242519265608424,0.016045277276606894,-0.0027477446394096783,0.6045277276606893,3.242519265608424,0.016045277276606894,-0.029765442977656507,0.6045277276606891,1,False,0.0
147000.0,0.01,0,stay,data,16.0,1.565560632187496,-0.015036997071102938,0.027464172230485424,0.0234,True,3.251453429339181,3.3419952341831007,3.27180235460519,3.321000437028616,0.01,0.010000000000000002,0.7725174835975883,0.22752755999503582,3,1,3.2470703125,-0.014046735372247115,-0.015061157635355427,3.239230932868646,-0.01981127882425393,3.239230932868646,-0.01981127882425393,-0.012777950006257434,144972.65219688416,144273.48425122982,,1,3.239230932868646,0.013705257561208646,-0.0037590870471175524,0.3705257561208645,3.239230932868646,0.013705257561208646,-0.03074938595463735,0.3705257561208643,1,False,0.0
147000.0,0.01,0,stay2,cov,4.0,1.565560632187496,-0.015036997071102938,0.027464172230485424,0.0234,True,3.251453429339181,3.3419952341831007,3.27180235460519,3.321000437028616,0.01,0.010000000000000002,0.7725174835975883,0.22752755999503582,3,1,3.2470703125,-0.014046735372247115,-0.015061157635355427,3.2348372252409763,-0.022468540354246613,3.2348372252409763,-0.022468540354246613,-0.012777950006257434,144972.65219688416,143882.36326481515,,2,3.2348372252409763,0.012046305549430385,-0.005110392770282295,0.20463055494303847,3.3237427694754085,0.024083103615112195,-0.005461547198212506,1.4083103615112191,2,True,0.02711121746050359
147000.0,0.01,0,stay2,cov,16.0,1.565560632187496,-0.015036997071102938,0.027464172230485424,0.0234,True,3.251453429339181,3.3419952341831007,3.27180235460519,3.321000437028616,0.01,0.010000000000000002,0.7725174835975883,0.22752755999503582,3,1,3.2470703125,-0.014046735372247115,-0.015061157635355427,3.2650873659615947,-0.0041005519620395114,3.2650873659615947,-0.0041005519620395114,-0.012777950006257434,144972.65219688416,146585.93822622785,,1,3.2650873659615947,0.0181711345137736,0.004193182193350619,0.8171134513773598,3.2650873659615947,0.0181711345137736,-0.023012560710699227,0.8171134513773595,1,False,0.0
147000.0,0.01,0,stay2,data,4.0,1.565560632187496,-0.015036997071102938,0.027464172230485424,0.0234,True,3.251453429339181,3.3419952341831007,3.27180235460519,3.321000437028616,0.01,0.010000000000000002,0.7725174835975883,0.22752755999503582,3,1,3.2470703125,-0.014046735372247115,-0.015061157635355427,,,,,-0.012777950006257434,144972.65219688416,,,0,,,,,,,,,0,False,0.0
147000.0,0.01,0,stay2,data,16.0,1.565560632187496,-0.015036997071102938,0.027464172230485424,0.0234,True,3.251453429339181,3.3419952341831007,3.27180235460519,3.321000437028616,0.01,0.010000000000000002,0.7725174835975883,0.22752755999503582,3,1,3.2470703125,-0.014046735372247115,-0.015061157635355427,3.2475706984160926,-0.014757568582768554,3.2475706984160926,-0.014757568582768554,-0.012777950006257434,144972.65219688416,145017.33731664834,,1,3.2475706984160926,0.011110545586802578,-0.0011941524021389217,0.11105455868025779,3.2475706984160926,0.011110545586802578,-0.028253940879747776,0.1110545586802576,1,False,0.0
147000.0,0.01,0,stay+deck,cov,4.0,1.565560632187496,-0.015036997071102938,0.027464172230485424,0.0234,True,3.251453429339181,3.3419952341831007,3.27180235460519,3.321000437028616,0.01,0.010000000000000002,0.7725174835975883,0.22752755999503582,3,1,3.2470703125,-0.014046735372247115,-0.015061157635355427,3.2493486160067935,-0.013678510110670894,3.2493486160067935,-0.013678510110670894,-0.012777950006257434,144972.65219688416,145176.16338974738,,2,3.2493486160067935,0.011916840467309139,-0.0006473453728091998,0.19168404673091388,3.3379344684242516,0.009464861525613436,-0.0012150722769782058,-0.053513847438656566,2,True,0.026896021100665787
147000.0,0.01,0,stay+deck,cov,16.0,1.565560632187496,-0.015036997071102938,0.027464172230485424,0.0234,True,3.251453429339181,3.3419952341831007,3.27180235460519,3.321000437028616,0.01,0.010000000000000002,0.7725174835975883,0.22752755999503582,3,1,3.2470703125,-0.014046735372247115,-0.015061157635355427,3.2442224468596748,-0.016788094939687248,3.2442224468596748,-0.016788094939687248,-0.012777950006257434,144972.65219688416,144718.4651647374,,2,3.2442224468596748,0.013374859675787009,-0.0022239231275029067,0.33748596757870086,3.335283033997432,0.0077877344715219544,-0.0020084409807093737,-0.2212265528478047,2,True,0.027680070303975138
147000.0,0.01,0,stay+deck,data,4.0,1.565560632187496,-0.015036997071102938,0.027464172230485424,0.0234,True,3.251453429339181,3.3419952341831007,3.27180235460519,3.321000437028616,0.01,0.010000000000000002,0.7725174835975883,0.22752755999503582,3,1,3.2470703125,-0.014046735372247115,-0.015061157635355427,3.245938722472628,-0.01574753190935263,3.245938722472628,-0.01574753190935263,-0.012777950006257434,144972.65219688416,144871.6251131495,,2,3.245938722472628,0.012597804748635262,-0.0016960743822412496,0.2597804748635262,3.3379035712741945,0.009556399657471638,-0.0012243173978991097,-0.04436003425283638,2,True,0.027936528458135254
147000.0,0.01,0,stay+deck,data,16.0,1.565560632187496,-0.015036997071102938,0.027464172230485424,0.0234,True,3.251453429339181,3.3419952341831007,3.27180235460519,3.321000437028616,0.01,0.010000000000000002,0.7725174835975883,0.22752755999503582,3,1,3.2470703125,-0.014046735372247115,-0.015061157635355427,3.2430143786315258,-0.01752020621271222,3.2430143786315258,-0.01752020621271222,-0.012777950006257434,144972.65219688416,144610.7060751488,,2,3.2430143786315258,0.010990741470174648,-0.0025954702692359295,0.09907414701746473,3.342842297366425,0.007695534992892134,0.0002534603205474714,-0.2304465007107867,2,True,0.03031584914342895
147000.0,0.01,1,stay,cov,4.0,1.565560632187496,-0.015036997071102938,0.027464172230485424,0.0234,True,3.251453429339181,3.3419952341831007,3.27180235460519,3.321000437028616,0.01,0.010000000000000002,0.7725174835975883,0.22752755999503582,2,1,3.2470703125,-0.014046735372247115,-0.015061157635355427,3.249462857765799,-0.013609154005142066,3.249462857765799,-0.013609154005142066,-0.012777950006257434,144972.65219688416,145186.37187999274,,1,3.249462857765799,0.006504638503117671,-0.0006122097753023121,-0.34953614968823293,3.249462857765799,0.006504638503117671,-0.0276877643243916,-0.34953614968823304,1,False,0.0
147000.0,0.01,1,stay,cov,16.0,1.565560632187496,-0.015036997071102938,0.027464172230485424,0.0234,True,3.251453429339181,3.3419952341831007,3.27180235460519,3.321000437028616,0.01,0.010000000000000002,0.7725174835975883,0.22752755999503582,2,1,3.2470703125,-0.014046735372247115,-0.015061157635355427,3.249008858658741,-0.013884762189780409,3.249008858658741,-0.013884762189780409,-0.012777950006257434,144972.65219688416,145145.8052500909,,1,3.249008858658741,0.008311859436568791,-0.0007518393646304618,-0.1688140563431209,3.249008858658741,0.008311859436568791,-0.027823611049250623,-0.16881405634312105,1,False,0.0
147000.0,0.01,1,stay,data,4.0,1.565560632187496,-0.015036997071102938,0.027464172230485424,0.0234,True,3.251453429339181,3.3419952341831007,3.27180235460519,3.321000437028616,0.01,0.010000000000000002,0.7725174835975883,0.22752755999503582,2,1,3.2470703125,-0.014046735372247115,-0.015061157635355427,3.246030494317552,-0.01569187593461885,3.246030494317552,-0.01569187593461885,-0.012777950006257434,144972.65219688416,144879.81708804244,,1,3.246030494317552,0.0073444690730181394,-0.0016678495139113754,-0.26555309269818606,3.246030494317552,0.0073444690730181394,-0.02871480452275566,-0.2655530926981862,1,False,0.0
147000.0,0.01,1,stay,data,16.0,1.565560632187496,-0.015036997071102938,0.027464172230485424,0.0234,True,3.251453429339181,3.3419952341831007,3.27180235460519,3.321000437028616,0.01,0.010000000000000002,0.7725174835975883,0.22752755999503582,2,1,3.2470703125,-0.014046735372247115,-0.015061157635355427,3.2489341026064507,-0.013930140480455155,3.2489341026064507,-0.013930140480455155,-0.012777950006257434,144972.65219688416,145139.12604233876,,1,3.2489341026064507,0.007382714825424576,-0.0007748309448313906,-0.2617285174575424,3.2489341026064507,0.007382714825424576,-0.027845979738327618,-0.2617285174575425,1,False,0.0
147000.0,0.01,1,stay2,cov,4.0,1.565560632187496,-0.015036997071102938,0.027464172230485424,0.0234,True,3.251453429339181,3.3419952341831007,3.27180235460519,3.321000437028616,0.01,0.010000000000000002,0.7725174835975883,0.22752755999503582,2,1,3.2470703125,-0.014046735372247115,-0.015061157635355427,3.244377791081941,-0.016693933735899003,3.244377791081941,-0.016693933735899003,-0.012777950006257434,144972.65219688416,144732.32470490385,,2,3.244377791081941,0.0060231646496660745,-0.0021761462715084714,-0.39768353503339254,3.320765221387607,0.02078718950007598,-0.006352496430379556,1.0787189500075978,2,True,0.02327060664499744
147000.0,0.01,1,stay2,cov,16.0,1.565560632187496,-0.015036997071102938,0.027464172230485424,0.0234,True,3.251453429339181,3.3419952341831007,3.27180235460519,3.321000437028616,0.01,0.010000000000000002,0.7725174835975883,0.22752755999503582,2,1,3.2470703125,-0.014046735372247115,-0.015061157635355427,3.2490026144270208,-0.013888552592576153,3.2490026144270208,-0.013888552592576153,-0.012777950006257434,144972.65219688416,145145.24734261222,,2,3.2490026144270208,0.008414944700416371,-0.0007537598078586463,-0.1585055299583629,3.350817014517063,0.009796767800194566,0.002639674719978597,-0.020323219980543542,2,True,0.030853691711066205
147000.0,0.01,1,stay2,data,4.0,1.565560632187496,-0.015036997071102938,0.027464172230485424,0.0234,True,3.251453429339181,3.3419952341831007,3.27180235460519,3.321000437028616,0.01,0.010000000000000002,0.7725174835975883,0.22752755999503582,2,1,3.2470703125,-0.014046735372247115,-0.015061157635355427,3.24616903507394,-0.015607853494080337,3.24616903507394,-0.015607853494080337,-0.012777950006257434,144972.65219688416,144892.184308752,,1,3.24616903507394,0.005947550518456269,-0.0016252406439402566,-0.4052449481543732,3.24616903507394,0.005947550518456269,-0.02867335001828156,-0.40524494815437323,1,False,0.0
147000.0,0.01,1,stay2,data,16.0,1.565560632187496,-0.015036997071102938,0.027464172230485424,0.0234,True,3.251453429339181,3.3419952341831007,3.27180235460519,3.321000437028616,0.01,0.010000000000000002,0.7725174835975883,0.22752755999503582,2,1,3.2470703125,-0.014046735372247115,-0.015061157635355427,3.247607777016703,-0.014735070769752667,3.247607777016703,-0.014735070769752667,-0.012777950006257434,144972.65219688416,145020.64875841636,,1,3.247607777016703,0.00808904774377989,-0.0011827487017888776,-0.19109522562201098,3.247607777016703,0.00808904774377989,-0.028242846130051232,-0.19109522562201112,1,False,0.0
147000.0,0.01,1,stay+deck,cov,4.0,1.565560632187496,-0.015036997071102938,0.027464172230485424,0.0234,True,3.251453429339181,3.3419952341831007,3.27180235460519,3.321000437028616,0.01,0.010000000000000002,0.7725174835975883,0.22752755999503582,2,1,3.2470703125,-0.014046735372247115,-0.015061157635355427,3.2480979598602815,-0.014437623266226218,3.2480979598602815,-0.014437623266226218,-0.012777950006257434,144972.65219688416,145064.42990666718,,2,3.2480979598602815,0.0074218370138478314,-0.0010319906318268467,-0.2578162986152169,3.342066153389251,0.011275856940441559,2.122061857687142e-05,0.12758569404415565,2,True,0.02851770970014128
147000.0,0.01,1,stay+deck,cov,16.0,1.565560632187496,-0.015036997071102938,0.027464172230485424,0.0234,True,3.251453429339181,3.3419952341831007,3.27180235460519,3.321000437028616,0.01,0.010000000000000002,0.7725174835975883,0.22752755999503582,2,1,3.2470703125,-0.014046735372247115,-0.015061157635355427,3.2488886102786463,-0.013957754644245757,3.2488886102786463,-0.013957754644245757,-0.012777950006257434,144972.65219688416,145135.06152747682,,2,3.2488886102786463,0.008826180124060458,-0.0007888223270833643,-0.11738198759395427,3.3470536221313685,0.011421070515016,0.0015135832321149867,0.14210705150159983,2,True,0.029765273373795094
147000.0,0.01,1,stay+deck,data,4.0,1.565560632187496,-0.015036997071102938,0.027464172230485424,0.0234,True,3.251453429339181,3.3419952341831007,3.27180235460519,3.321000437028616,0.01,0.010000000000000002,0.7725174835975883,0.22752755999503582,2,1,3.2470703125,-0.014046735372247115,-0.015061157635355427,3.2494143311450685,-0.013638614786298908,3.2494143311450685,-0.013638614786298908,-0.012777950006257434,144972.65219688416,145182.0355624506,,2,3.2494143311450685,0.007676155768650654,-0.0006271343688064821,-0.23238442313493463,3.341760757688771,0.010721652775038358,-7.016063097017863e-05,0.0721652775038356,2,True,0.028021233027217683
147000.0,0.01,1,stay+deck,data,16.0,1.565560632187496,-0.015036997071102938,0.027464172230485424,0.0234,True,3.251453429339181,3.3419952341831007,3.27180235460519,3.321000437028616,0.01,0.010000000000000002,0.7725174835975883,0.22752755999503582,2,1,3.2470703125,-0.014046735372247115,-0.015061157635355427,3.250929964222718,-0.012718257799394506,3.250929964222718,-0.012718257799394506,-0.012777950006257434,144972.65219688416,145317.50244386544,,2,3.250929964222718,0.00737274720925495,-0.00016099419162504789,-0.262725279074505,3.344891947023428,0.010759253753326235,0.0008667615114165473,0.07592537533262325,2,True,0.02849136440160742
147000.0,0.01,2,stay,cov,4.0,1.565560632187496,-0.015036997071102938,0.027464172230485424,0.0234,True,3.251453429339181,3.3419952341831007,3.27180235460519,3.321000437028616,0.01,0.010000000000000002,0.7725174835975883,0.22752755999503582,1,1,3.2470703125,-0.014046735372247115,-0.015061157635355427,3.249511713322328,-0.01357949308078743,3.249511713322328,-0.01357949308078743,-0.012777950006257434,144972.65219688416,145190.73765651142,,1,3.249511713322328,0.01529062995040724,-0.000597184016025572,0.5290629950407241,3.249511713322328,0.01529062995040724,-0.027673145645098145,0.5290629950407237,1,False,0.0
147000.0,0.01,2,stay,cov,16.0,1.565560632187496,-0.015036997071102938,0.027464172230485424,0.0234,True,3.251453429339181,3.3419952341831007,3.27180235460519,3.321000437028616,0.01,0.010000000000000002,0.7725174835975883,0.22752755999503582,1,1,3.2470703125,-0.014046735372247115,-0.015061157635355427,3.2469246061356634,-0.015149550324202288,3.2469246061356634,-0.015149550324202288,-0.012777950006257434,144972.65219688416,144959.64172152695,,2,3.2469246061356634,0.0076931493453693345,-0.0013928611625348944,-0.23068506546306655,3.3272217750264854,0.0178628122208282,-0.004420550635592532,0.7862812220828198,2,True,0.024428165798348857
147000.0,0.01,2,stay,data,4.0,1.565560632187496,-0.015036997071102938,0.027464172230485424,0.0234,True,3.251453429339181,3.3419952341831007,3.27180235460519,3.321000437028616,0.01,0.010000000000000002,0.7725174835975883,0.22752755999503582,1,1,3.2470703125,-0.014046735372247115,-0.015061157635355427,3.2486940893486747,-0.014075825859090396,3.2486940893486747,-0.014075825859090396,-0.012777950006257434,144972.65219688416,145117.68268482396,,1,3.2486940893486747,0.015516978170283463,-0.0008486481662654329,0.5516978170283463,3.2486940893486747,0.015516978170283463,-0.027917797093218212,0.5516978170283461,1,False,0.0
147000.0,0.01,2,stay,data,16.0,1.565560632187496,-0.015036997071102938,0.027464172230485424,0.0234,True,3.251453429339181,3.3419952341831007,3.27180235460519,3.321000437028616,0.01,0.010000000000000002,0.7725174835975883,0.22752755999503582,1,1,3.2470703125,-0.014046735372247115,-0.015061157635355427,3.245151870425881,-0.0162246618037869,3.245151870425881,-0.0162246618037869,-0.012777950006257434,144972.65219688416,144801.39660426817,,2,3.245151870425881,0.008402981716281965,-0.0019380744796890636,-0.15970182837180355,3.3321074069690324,0.01409251793578151,-0.002958659878665345,0.4092517935781507,2,True,0.02644126766965229
147000.0,0.01,2,stay2,cov,4.0,1.565560632187496,-0.015036997071102938,0.027464172230485424,0.0234,True,3.251453429339181,3.3419952341831007,3.27180235460519,3.321000437028616,0.01,0.010000000000000002,0.7725174835975883,0.22752755999503582,1,1,3.2470703125,-0.014046735372247115,-0.015061157635355427,3.239532985994526,-0.01962846822673603,3.239532985994526,-0.01962846822673603,-0.012777950006257434,144972.65219688416,144300.3920510159,,1,3.239532985994526,0.010723218364008082,-0.0036661891685397397,0.07232183640080818,3.239532985994526,0.010723218364008082,-0.03065900487844949,0.07232183640080798,1,False,0.0
147000.0,0.01,2,stay2,cov,16.0,1.565560632187496,-0.015036997071102938,0.027464172230485424,0.0234,True,3.251453429339181,3.3419952341831007,3.27180235460519,3.321000437028616,0.01,0.010000000000000002,0.7725174835975883,0.22752755999503582,1,1,3.2470703125,-0.014046735372247115,-0.015061157635355427,3.2460033844243323,-0.015708317170617603,3.2460033844243323,-0.015708317170617603,-0.012777950006257434,144972.65219688416,144877.39711079551,,2,3.2460033844243323,0.007481251284627477,-0.0016761872907883287,-0.2518748715372523,3.3436264346276836,0.012369166386913672,0.0004880917925610363,0.23691663869136698,2,True,0.029629297209109486
147000.0,0.01,2,stay2,data,4.0,1.565560632187496,-0.015036997071102938,0.027464172230485424,0.0234,True,3.251453429339181,3.3419952341831007,3.27180235460519,3.321000437028616,0.01,0.010000000000000002,0.7725174835975883,0.22752755999503582,1,1,3.2470703125,-0.014046735372247115,-0.015061157635355427,,,,,-0.012777950006257434,144972.65219688416,,,0,,,,,,,,,0,False,0.0
147000.0,0.01,2,stay2,data,16.0,1.565560632187496,-0.015036997071102938,0.027464172230485424,0.0234,True,3.251453429339181,3.3419952341831007,3.27180235460519,3.321000437028616,0.01,0.010000000000000002,0.7725174835975883,0.22752755999503582,1,1,3.2470703125,-0.014046735372247115,-0.015061157635355427,3.251779963966838,-0.012201913893997607,3.251779963966838,-0.012201913893997607,-0.012777950006257434,144972.65219688416,145393.50284327235,,2,3.251779963966838,0.007837558643251807,0.0001004272811385297,-0.2162441356748193,3.334229996287884,0.013342088504875064,-0.0023235335035164924,0.33420885048750615,2,True,0.025037931256896285
147000.0,0.01,2,stay+deck,cov,4.0,1.565560632187496,-0.015036997071102938,0.027464172230485424,0.0234,True,3.251453429339181,3.3419952341831007,3.27180235460519,3.321000437028616,0.01,0.010000000000000002,0.7725174835975883,0.22752755999503582,1,1,3.2470703125,-0.014046735372247115,-0.015061157635355427,3.254875345679387,-0.01032044132105081,3.254875345679387,-0.01032044132105081,-0.012777950006257434,144972.65219688416,145670.43584378326,,2,3.254875345679387,0.011587501011092176,0.0010524266807357412,0.15875010110921756,3.3425787293861693,0.008898753819126118,0.00017459486390056982,-0.11012461808738835,2,True,0.0265870387906901
147000.0,0.01,2,stay+deck,cov,16.0,1.565560632187496,-0.015036997071102938,0.027464172230485424,0.0234,True,3.251453429339181,3.3419952341831007,3.27180235460519,3.321000437028616,0.01,0.010000000000000002,0.7725174835975883,0.22752755999503582,1,1,3.2470703125,-0.014046735372247115,-0.015061157635355427,3.248827061779951,-0.01399511440154555,3.248827061779951,-0.01399511440154555,-0.012777950006257434,144972.65219688416,145129.56256361405,,2,3.248827061779951,0.010111371140636007,-0.0008077518612234088,0.011137114063600705,3.3453961377495687,0.007983482184716298,0.0010176266954788874,-0.20165178152837038,2,True,0.029288992212610512
147000.0,0.01,2,stay+deck,data,4.0,1.565560632187496,-0.015036997071102938,0.027464172230485424,0.0234,True,3.251453429339181,3.3419952341831007,3.27180235460519,3.321000437028616,0.01,0.010000000000000002,0.7725174835975883,0.22752755999503582,1,1,3.2470703125,-0.014046735372247115,-0.015061157635355427,3.2447160601644356,-0.016488877850068695,3.2447160601644356,-0.016488877850068695,-0.012777950006257434,144972.65219688416,144762.506777474,,2,3.2447160601644356,0.01168800995301612,-0.0020721100028532474,0.168800995301612,3.3429918919376487,0.008141498453263373,0.00029822237457246214,-0.1858501546736628,2,True,0.029836122817756078
147000.0,0.01,2,stay+deck,data,16.0,1.565560632187496,-0.015036997071102938,0.027464172230485424,0.0234,True,3.251453429339181,3.3419952341831007,3.27180235460519,3.321000437028616,0.01,0.010000000000000002,0.7725174835975883,0.22752755999503582,1,1,3.2470703125,-0.014046735372247115,-0.015061157635355427,3.2482720602779582,-0.014331966711438993,3.2482720602779582,-0.014331966711438993,-0.012777950006257434,144972.65219688416,145079.98144175817,,2,3.2482720602779582,0.009164102887571125,-0.0009784452185338996,-0.08358971124288755,3.34170714572031,0.0079997045563613,-8.62025354925837e-05,-0.2000295443638701,2,True,0.028356716317801487
151600.0,0.01,0,stay,cov,4.0,1.1691887901327114,0.0004617417787089486,0.0233792165249093,0.0234,True,3.283269380161662,3.3609375564655175,3.3225345900600525,3.321000437028616,0.01,0.01,0.4916701315917526,0.5083710170181857,2,1,3.2958984375,0.025656098748857166,-0.015969365108181477,3.3322431659487743,0.00585261645542956,3.3322431659487743,0.00585261645542956,0.022942813450352876,149365.51451683044,152677.86210891927,,1,3.3322431659487743,0.019885727116704333,0.014916164382680366,0.9885727116704333,3.3322431659487743,0.019885727116704333,-0.008537614887114776,0.9885727116704333,1,False,0.0
151600.0,0.01,0,stay,cov,16.0,1.1691887901327114,0.0004617417787089486,0.0233792165249093,0.0234,True,3.283269380161662,3.3609375564655175,3.3225345900600525,3.321000437028616,0.01,0.01,0.4916701315917526,0.5083710170181857,2,1,3.2958984375,0.025656098748857166,-0.015969365108181477,3.3276451276508023,0.0030786544574403774,3.3276451276508023,0.0030786544574403774,0.022942813450352876,149365.51451683044,152256.8038141992,,2,3.3276451276508023,0.012081895129080075,0.013515719348911735,0.2081895129080075,3.3276451276508023,0.012081895129080075,-0.009905696923963883,0.2081895129080075,1,False,0.05016481038313664
151600.0,0.01,0,stay,data,4.0,1.1691887901327114,0.0004617417787089486,0.0233792165249093,0.0234,True,3.283269380161662,3.3609375564655175,3.3225345900600525,3.321000437028616,0.01,0.01,0.4916701315917526,0.5083710170181857,2,1,3.2958984375,0.025656098748857166,-0.015969365108181477,,,,,0.022942813450352876,149365.51451683044,,,0,,,,,,,,,0,False,0.0
151600.0,0.01,0,stay,data,16.0,1.1691887901327114,0.0004617417787089486,0.0233792165249093,0.0234,True,3.283269380161662,3.3609375564655175,3.3225345900600525,3.321000437028616,0.01,0.01,0.4916701315917526,0.5083710170181857,2,1,3.2958984375,0.025656098748857166,-0.015969365108181477,3.3337490743732885,0.00676195237138999,3.3337490743732885,0.00676195237138999,0.022942813450352876,149365.51451683044,152815.88974966542,,1,3.3337490743732885,0.010112956303678521,0.015374825628575456,0.01129563036785207,3.3337490743732885,0.010112956303678521,-0.008089552880840012,0.01129563036785207,1,False,0.0
151600.0,0.01,0,stay2,cov,4.0,1.1691887901327114,0.0004617417787089486,0.0233792165249093,0.0234,True,3.283269380161662,3.3609375564655175,3.3225345900600525,3.321000437028616,0.01,0.01,0.4916701315917526,0.5083710170181857,2,1,3.2958984375,0.025656098748857166,-0.015969365108181477,3.3450975208451204,0.013627874286465502,3.3450975208451204,0.013627874286465502,0.022942813450352876,149365.51451683044,153858.06457950734,,1,3.3450975208451204,0.017052925180222576,0.01883127258976665,0.7052925180222576,3.3450975208451204,0.017052925180222576,-0.004712981230468055,0.7052925180222576,1,False,0.0
151600.0,0.01,0,stay2,cov,16.0,1.1691887901327114,0.0004617417787089486,0.0233792165249093,0.0234,True,3.283269380161662,3.3609375564655175,3.3225345900600525,3.321000437028616,0.01,0.01,0.4916701315917526,0.5083710170181857,2,1,3.2958984375,0.025656098748857166,-0.015969365108181477,3.3233050072855654,0.00046380648592148077,3.3233050072855654,0.00046380648592148077,0.022942813450352876,149365.51451683044,151859.89735742804,,2,3.3233050072855654,0.005639982579055335,0.012193829530348265,-0.4360017420944665,3.3233050072855654,0.005639982579055335,-0.011197039084394001,-0.4360017420944665,0,False,0.054402919257158684
151600.0,0.01,0,stay2,data,4.0,1.1691887901327114,0.0004617417787089486,0.0233792165249093,0.0234,True,3.283269380161662,3.3609375564655175,3.3225345900600525,3.321000437028616,0.01,0.01,0.4916701315917526,0.5083710170181857,2,1,3.2958984375,0.025656098748857166,-0.015969365108181477,,,,,0.022942813450352876,149365.51451683044,,,0,,,,,,,,,0,False,0.0
151600.0,0.01,0,stay2,data,16.0,1.1691887901327114,0.0004617417787089486,0.0233792165249093,0.0234,True,3.283269380161662,3.3609375564655175,3.3225345900600525,3.321000437028616,0.01,0.01,0.4916701315917526,0.5083710170181857,2,1,3.2958984375,0.025656098748857166,-0.015969365108181477,3.302988766309733,-0.011731002995040596,3.302988766309733,-0.011731002995040596,0.022942813450352876,149365.51451683044,150008.853367564,,2,3.302988766309733,0.010752979210404405,0.006006021396605651,0.07529792104044047,3.3641666334804263,0.006520834642634378,0.0009607667386431999,-0.3479165357365622,2,True,0.018352014765583173
151600.0,0.01,0,stay+deck,cov,4.0,1.1691887901327114,0.0004617417787089486,0.0233792165249093,0.0234,True,3.283269380161662,3.3609375564655175,3.3225345900600525,3.321000437028616,0.01,0.01,0.4916701315917526,0.5083710170181857,2,1,3.2958984375,0.025656098748857166,-0.015969365108181477,3.35715766189069,0.02094995183596926,3.290942642942932,-0.01892636601591513,0.022942813450352876,149365.51451683044,154969.4790433813,,2,3.290942642942932,0.011089583020988414,0.0023370798715554378,0.1089583020988414,3.35715766189069,0.01109024621398916,-0.0011246548057865066,0.10902462139891593,2,True,0.01991998192314136
151600.0,0.01,0,stay+deck,cov,16.0,1.1691887901327114,0.0004617417787089486,0.0233792165249093,0.0234,True,3.283269380161662,3.3609375564655175,3.3225345900600525,3.321000437028616,0.01,0.01,0.4916701315917526,0.5083710170181857,2,1,3.2958984375,0.025656098748857166,-0.015969365108181477,3.3518409567879854,0.017718771085787344,3.3089934803430796,-0.008134462236482176,0.022942813450352876,149365.51451683044,154479.0197445192,,2,3.3089934803430796,0.00647231004878255,0.007834903933514917,-0.352768995121745,3.3518409567879854,0.004900307163356531,-0.002706566106839063,-0.5099692836643469,2,True,0.012865498114185516
151600.0,0.01,0,stay+deck,data,4.0,1.1691887901327114,0.0004617417787089486,0.0233792165249093,0.0234,True,3.283269380161662,3.3609375564655175,3.3225345900600525,3.321000437028616,0.01,0.01,0.4916701315917526,0.5083710170181857,2,1,3.2958984375,0.025656098748857166,-0.015969365108181477,3.358844665921535,0.021976283992773737,3.29166010507765,-0.01849854943731355,0.022942813450352876,149365.51451683044,155125.2654846063,,2,3.29166010507765,0.010625134774961489,0.002555600514135968,0.06251347749614884,3.358844665921535,0.010897639101252618,-0.0006227103327034961,0.08976391012526178,2,True,0.02020434934107755
151600.0,0.01,0,stay+deck,data,16.0,1.1691887901327114,0.0004617417787089486,0.0233792165249093,0.0234,True,3.283269380161662,3.3609375564655175,3.3225345900600525,3.321000437028616,0.01,0.01,0.4916701315917526,0.5083710170181857,2,1,3.2958984375,0.025656098748857166,-0.015969365108181477,3.2948085608390363,-0.01662004941914963,3.2948085608390363,-0.01662004941914963,0.022942813450352876,149365.51451683044,149266.7474729503,,1,3.2948085608390363,0.006331171227882956,0.003514539728935124,-0.36688287721170443,3.2948085608390363,0.006331171227882956,-0.019675758479733508,-0.36688287721170443,1,False,0.0
151600.0,0.01,1,stay,cov,4.0,1.1691887901327114,0.0004617417787089486,0.0233792165249093,0.0234,True,3.283269380161662,3.3609375564655175,3.3225345900600525,3.321000437028616,0.01,0.01,0.4916701315917526,0.5083710170181857,2,1,3.271484375,0.025656098748857166,-0.03049360328573425,,,,,0.022942813450352876,147160.88771820068,,,0,,,,,,,,,0,False,0.0
151600.0,0.01,1,stay,cov,16.0,1.1691887901327114,0.0004617417787089486,0.0233792165249093,0.0234,True,3.283269380161662,3.3609375564655175,3.3225345900600525,3.321000437028616,0.01,0.01,0.4916701315917526,0.5083710170181857,2,1,3.271484375,0.025656098748857166,-0.03049360328573425,3.2730275018588544,-0.02957877440067125,3.2730275018588544,-0.02957877440067125,0.022942813450352876,147160.88771820068,147299.7491339607,,2,3.2730275018588544,0.00997116020542151,-0.0031194145581509513,-0.00288397945784908,3.362924665050989,0.006257841618704949,0.0005912363892773952,-0.3742158381295051,2,True,0.027093975643889216
151600.0,0.01,1,stay,data,4.0,1.1691887901327114,0.0004617417787089486,0.0233792165249093,0.0234,True,3.283269380161662,3.3609375564655175,3.3225345900600525,3.321000437028616,0.01,0.01,0.4916701315917526,0.5083710170181857,2,1,3.271484375,0.025656098748857166,-0.03049360328573425,,,,,0.022942813450352876,147160.88771820068,,,0,,,,,,,,,0,False,0.0
151600.0,0.01,1,stay,data,16.0,1.1691887901327114,0.0004617417787089486,0.0233792165249093,0.0234,True,3.283269380161662,3.3609375564655175,3.3225345900600525,3.321000437028616,0.01,0.01,0.4916701315917526,0.5083710170181857,2,1,3.271484375,0.025656098748857166,-0.03049360328573425,3.2668580973696133,-0.03323366493853741,3.2668580973696133,-0.03323366493853741,0.022942813450352876,147160.88771820068,146744.9751398044,,1,3.2668580973696133,0.010268295771246825,-0.004998457601806818,0.026829577124682508,3.2668580973696133,0.010268295771246825,-0.027992028270481032,0.026829577124682508,1,False,0.0
151600.0,0.01,1,stay2,cov,4.0,1.1691887901327114,0.0004617417787089486,0.0233792165249093,0.0234,True,3.283269380161662,3.3609375564655175,3.3225345900600525,3.321000437028616,0.01,0.01,0.4916701315917526,0.5083710170181857,2,1,3.271484375,0.025656098748857166,-0.03049360328573425,3.2610528667544827,-0.03666651375444563,3.2610528667544827,-0.03666651375444563,0.022942813450352876,147160.88771820068,146223.9047468049,,2,3.2610528667544827,0.0065974191338509965,-0.0067665825842427,-0.34025808661490037,3.35625023170371,0.016297210154138226,-0.001394647976363087,0.6297210154138225,2,True,0.028772254658067008
151600.0,0.01,1,stay2,cov,16.0,1.1691887901327114,0.0004617417787089486,0.0233792165249093,0.0234,True,3.283269380161662,3.3609375564655175,3.3225345900600525,3.321000437028616,0.01,0.01,0.4916701315917526,0.5083710170181857,2,1,3.271484375,0.025656098748857166,-0.03049360328573425,3.271821049793185,-0.030294045455803276,3.271821049793185,-0.030294045455803276,0.022942813450352876,147160.88771820068,147191.17850070947,,3,3.271821049793185,0.011623158835229873,-0.0034868690451202045,0.16231588352298726,3.3586929729564554,0.0053261595363993134,-0.0006678444545166073,-0.4673840463600687,2,True,0.042769900529804776
151600.0,0.01,1,stay2,data,4.0,1.1691887901327114,0.0004617417787089486,0.0233792165249093,0.0234,True,3.283269380161662,3.3609375564655175,3.3225345900600525,3.321000437028616,0.01,0.01,0.4916701315917526,0.5083710170181857,2,1,3.271484375,0.025656098748857166,-0.03049360328573425,3.354321411366474,0.019225608243382375,3.354321411366474,0.019225608243382375,0.022942813450352876,147160.88771820068,154707.74179783414,,1,3.354321411366474,0.014594630797703144,0.02164063406862872,0.45946307977031436,3.354321411366474,0.014594630797703144,-0.001968541511970666,0.45946307977031436,1,False,0.0
151600.0,0.01,1,stay2,data,16.0,1.1691887901327114,0.0004617417787089486,0.0233792165249093,0.0234,True,3.283269380161662,3.3609375564655175,3.3225345900600525,3.321000437028616,0.01,0.01,0.4916701315917526,0.5083710170181857,2,1,3.271484375,0.025656098748857166,-0.03049360328573425,3.3719082305212056,0.02994129393127931,3.3719082305212056,0.02994129393127931,0.022942813450352876,147160.88771820068,156334.27033202891,,1,3.3719082305212056,0.009902390435643761,0.026997130023848136,-0.009760956435623906,3.3719082305212056,0.009902390435643761,0.003264170747410503,-0.009760956435623906,1,False,0.0
151600.0,0.01,1,stay+deck,cov,4.0,1.1691887901327114,0.0004617417787089486,0.0233792165249093,0.0234,True,3.283269380161662,3.3609375564655175,3.3225345900600525,3.321000437028616,0.01,0.01,0.4916701315917526,0.5083710170181857,2,1,3.271484375,0.025656098748857166,-0.03049360328573425,3.2741161703516406,-0.028933107529546476,3.2741161703516406,-0.028933107529546476,0.022942813450352876,147160.88771820068,147397.75458317378,,2,3.2741161703516406,0.010086538244433858,-0.0027878339393433006,0.008653824443385742,3.358529125337567,0.010578789673499145,-0.0007165950237062516,0.057878967349914504,2,True,0.025453782381756267
151600.0,0.01,1,stay+deck,cov,16.0,1.1691887901327114,0.0004617417787089486,0.0233792165249093,0.0234,True,3.283269380161662,3.3609375564655175,3.3225345900600525,3.321000437028616,0.01,0.01,0.4916701315917526,0.5083710170181857,2,1,3.271484375,0.025656098748857166,-0.03049360328573425,3.2714540252033375,-0.030511591563925133,3.2714540252033375,-0.030511591563925133,0.022942813450352876,147160.88771820068,147158.1572865129,,1,3.2714540252033375,0.009485091351010357,-0.0035986553615477796,-0.051490864898964296,3.2714540252033375,0.009485091351010357,-0.026624574172774605,-0.051490864898964296,1,False,0.0
151600.0,0.01,1,stay+deck,data,4.0,1.1691887901327114,0.0004617417787089486,0.0233792165249093,0.0234,True,3.283269380161662,3.3609375564655175,3.3225345900600525,3.321000437028616,0.01,0.01,0.4916701315917526,0.5083710170181857,2,1,3.271484375,0.025656098748857166,-0.03049360328573425,3.277077152361156,-0.027175923844921734,3.277077152361156,-0.027175923844921734,0.022942813450352876,147160.88771820068,147664.47660975315,,2,3.277077152361156,0.009288879213642309,-0.0018859944413702344,-0.07111207863576915,3.361634703853329,0.010321359722335348,0.0002074264624376431,0.0321359722335348,2,True,0.025474083925790175
151600.0,0.01,1,stay+deck,data,16.0,1.1691887901327114,0.0004617417787089486,0.0233792165249093,0.0234,True,3.283269380161662,3.3609375564655175,3.3225345900600525,3.321000437028616,0.01,0.01,0.4916701315917526,0.5083710170181857,2,1,3.271484375,0.025656098748857166,-0.03049360328573425,3.278167810720269,-0.02652827643083766,3.278167810720269,-0.02652827643083766,0.022942813450352876,147160.88771820068,147762.78268458467,,2,3.278167810720269,0.0076746023646006726,-0.0015538077600997086,-0.23253976353993275,3.361340799004111,0.007211967617027331,0.0001199791819451858,-0.27880323829726694,2,True,0.025053959011974172
151600.0,0.01,2,stay,cov,4.0,1.1691887901327114,0.0004617417787089486,0.0233792165249093,0.0234,True,3.283269380161662,3.3609375564655175,3.3225345900600525,3.321000437028616,0.01,0.01,0.4916701315917526,0.5083710170181857,1,1,3.369140625,0.025656098748857166,0.028251270830166986,3.340358552313385,0.010757914294863946,3.340358552313385,0.010757914294863946,0.022942813450352876,156077.74257659912,153422.43479768114,,1,3.340358552313385,0.017415978187084968,0.01738790380608736,0.7415978187084967,3.340358552313385,0.017415978187084968,-0.006122995088838889,0.7415978187084967,1,False,0.0
151600.0,0.01,2,stay,cov,16.0,1.1691887901327114,0.0004617417787089486,0.0233792165249093,0.0234,True,3.283269380161662,3.3609375564655175,3.3225345900600525,3.321000437028616,0.01,0.01,0.4916701315917526,0.5083710170181857,1,1,3.369140625,0.025656098748857166,0.028251270830166986,3.374289834137251,0.031396717980251454,3.2916060758989043,-0.018530769824841253,0.022942813450352876,156077.74257659912,156555.18841547746,,2,3.2916060758989043,0.021472101845892516,0.0025391446061705423,1.1472101845892515,3.374289834137251,0.006073085771591699,0.003972783619870388,-0.3926914228408301,2,True,0.024807995610569965
151600.0,0.01,2,stay,data,4.0,1.1691887901327114,0.0004617417787089486,0.0233792165249093,0.0234,True,3.283269380161662,3.3609375564655175,3.3225345900600525,3.321000437028616,0.01,0.01,0.4916701315917526,0.5083710170181857,1,1,3.369140625,0.025656098748857166,0.028251270830166986,3.339272065156455,0.010100501697491993,3.339272065156455,0.010100501697491993,0.022942813450352876,156077.74257659912,153322.64647059602,,1,3.339272065156455,0.017417114158776215,0.017056987566471244,0.7417114158776215,3.339272065156455,0.017417114158776215,-0.00644626415845898,0.7417114158776215,1,False,0.0
151600.0,0.01,2,stay,data,16.0,1.1691887901327114,0.0004617417787089486,0.0233792165249093,0.0234,True,3.283269380161662,3.3609375564655175,3.3225345900600525,3.321000437028616,0.01,0.01,0.4916701315917526,0.5083710170181857,1,1,3.369140625,0.025656098748857166,0.028251270830166986,3.3662659328668347,0.026497325170665498,3.296766724296589,-0.015450821609215293,0.022942813450352876,156077.74257659912,155811.51204822253,,2,3.296766724296589,0.01657339485976597,0.004110946307507149,0.6573394859765969,3.3662659328668347,0.00779109922364729,0.001585383932845434,-0.22089007763527102,2,True,0.02086113400495715
151600.0,0.01,2,stay2,cov,4.0,1.1691887901327114,0.0004617417787089486,0.0233792165249093,0.0234,True,3.283269380161662,3.3609375564655175,3.3225345900600525,3.321000437028616,0.01,0.01,0.4916701315917526,0.5083710170181857,1,1,3.369140625,0.025656098748857166,0.028251270830166986,,,,,0.022942813450352876,156077.74257659912,,,0,,,,,,,,,0,False,0.0
151600.0,0.01,2,stay2,cov,16.0,1.1691887901327114,0.0004617417787089486,0.0233792165249093,0.0234,True,3.283269380161662,3.3609375564655175,3.3225345900600525,3.321000437028616,0.01,0.01,0.4916701315917526,0.5083710170181857,1,1,3.369140625,0.025656098748857166,0.028251270830166986,3.3623360286071033,0.024101981755074275,3.274020362897468,-0.028989937575124136,0.022942813450352876,156077.74257659912,155447.92407745408,,2,3.274020362897468,0.01831270131581733,-0.0028170144430058105,0.8312701315817331,3.3623360286071033,0.009732085882517632,0.0004160958417378398,-0.026791411748236862,2,True,0.02661570913300904
151600.0,0.01,2,stay2,data,4.0,1.1691887901327114,0.0004617417787089486,0.0233792165249093,0.0234,True,3.283269380161662,3.3609375564655175,3.3225345900600525,3.321000437028616,0.01,0.01,0.4916701315917526,0.5083710170181857,1,1,3.369140625,0.025656098748857166,0.028251270830166986,3.35467331449114,0.019439474147286306,3.35467331449114,0.019439474147286306,0.022942813450352876,156077.74257659912,154740.20439568584,,1,3.35467331449114,0.014028052144632333,0.021747814772957223,0.40280521446323325,3.35467331449114,0.014028052144632333,-0.0018638376551587572,0.40280521446323325,1,False,0.0
151600.0,0.01,2,stay2,data,16.0,1.1691887901327114,0.0004617417787089486,0.0233792165249093,0.0234,True,3.283269380161662,3.3609375564655175,3.3225345900600525,3.321000437028616,0.01,0.01,0.4916701315917526,0.5083710170181857,1,1,3.369140625,0.025656098748857166,0.028251270830166986,3.3536497191651224,0.018817455735946176,3.2820857011687203,-0.024200003501820944,0.022942813450352876,156077.74257659912,154645.78853427418,,2,3.2820857011687203,0.008158692293484645,-0.0003605183906302874,-0.18413077065153552,3.3536497191651224,0.011110230040744556,-0.0021683941394196006,0.11102300407445555,2,True,0.021569280106349308
151600.0,0.01,2,stay+deck,cov,4.0,1.1691887901327114,0.0004617417787089486,0.0233792165249093,0.0234,True,3.283269380161662,3.3609375564655175,3.3225345900600525,3.321000437028616,0.01,0.01,0.4916701315917526,0.5083710170181857,1,1,3.369140625,0.025656098748857166,0.028251270830166986,3.3541531016807564,0.019123327503439036,3.292945411823636,-0.01773189875494563,0.022942813450352876,156077.74257659912,154692.21665582628,,2,3.292945411823636,0.013456646165384233,0.002947072122817331,0.3456646165384233,3.3541531016807564,0.010317911370541881,-0.0020186197067867755,0.031791137054188075,2,True,0.018416363089179266
151600.0,0.01,2,stay+deck,cov,16.0,1.1691887901327114,0.0004617417787089486,0.0233792165249093,0.0234,True,3.283269380161662,3.3609375564655175,3.3225345900600525,3.321000437028616,0.01,0.01,0.4916701315917526,0.5083710170181857,1,1,3.369140625,0.025656098748857166,0.028251270830166986,3.359410975456643,0.022320928512901794,3.2889348300746577,-0.020123112107741647,0.022942813450352876,156077.74257659912,155177.57890275514,,2,3.2889348300746577,0.012373012443552382,0.0017255513505007691,0.23730124435523814,3.359410975456643,0.009015993991334716,-0.00045421284484674894,-0.09840060086652845,2,True,0.021201106995171783
151600.0,0.01,2,stay+deck,data,4.0,1.1691887901327114,0.0004617417787089486,0.0233792165249093,0.0234,True,3.283269380161662,3.3609375564655175,3.3225345900600525,3.321000437028616,0.01,0.01,0.4916701315917526,0.5083710170181857,1,1,3.369140625,0.025656098748857166,0.028251270830166986,3.353036378549019,0.018444831856438526,3.293717170872221,-0.01727142156239958,0.022942813450352876,156077.74257659912,154589.22814325543,,2,3.293717170872221,0.013625490429213459,0.0031821302186433673,0.3625490429213458,3.353036378549019,0.01042553772359188,-0.002350885068155661,0.042553772359187926,2,True,0.01784907691724586
151600.0,0.01,2,stay+deck,data,16.0,1.1691887901327114,0.0004617417787089486,0.0233792165249093,0.0234,True,3.283269380161662,3.3609375564655175,3.3225345900600525,3.321000437028616,0.01,0.01,0.4916701315917526,0.5083710170181857,1,1,3.369140625,0.025656098748857166,0.028251270830166986,3.355560861333249,0.019978972269933504,3.29096841912593,-0.018910997511931482,0.022942813450352876,156077.74257659912,154822.0945440336,,2,3.29096841912593,0.012878527566627152,0.0023449306385846564,0.2878527566627152,3.355560861333249,0.00866743098998209,-0.0015997604959739294,-0.13325690100179105,2,True,0.01943644253466873
156000.0,0.01,0,stay,cov,4.0,1.5745026432527034,0.014641268071064636,0.02787932385684996,0.0234,True,3.299379199422622,3.3926640195048803,3.3703465848700964,3.321000437028616,0.009999999999999998,0.009999999999999998,0.2372544057567631,0.7627832418662773,1,1,3.38134765625,0.01426218253608278,0.006538808561943332,3.3916480908978577,0.012680489167608444,3.3916480908978577,0.012680489167608444,0.012961752247892793,157210.7896208763,158170.05562175237,,1,3.3916480908978577,0.01631137732493799,0.027965531058504075,0.6311377324937995,3.3916480908978577,0.01631137732493799,-0.00029944863422428166,0.6311377324937995,1,False,0.0
156000.0,0.01,0,stay,cov,16.0,1.5745026432527034,0.014641268071064636,0.02787932385684996,0.0234,True,3.299379199422622,3.3926640195048803,3.3703465848700964,3.321000437028616,0.009999999999999998,0.009999999999999998,0.2372544057567631,0.7627832418662773,1,1,3.38134765625,0.01426218253608278,0.006538808561943332,3.3835192098700237,0.007832053195649502,3.3835192098700237,0.007832053195649502,0.012961752247892793,157210.7896208763,157412.7808489427,,2,3.314491664118192,0.0010120755854258442,0.004580396426762476,-0.8987924414574155,3.3835192098700237,0.014122807327065529,-0.0026954657408696514,0.4122807327065531,2,True,0.020611356729772115
156000.0,0.01,0,stay,data,4.0,1.5745026432527034,0.014641268071064636,0.02787932385684996,0.0234,True,3.299379199422622,3.3926640195048803,3.3703465848700964,3.321000437028616,0.009999999999999998,0.009999999999999998,0.2372544057567631,0.7627832418662773,1,1,3.38134765625,0.01426218253608278,0.006538808561943332,3.388138351998898,0.01058569335640236,3.388138351998898,0.01058569335640236,0.012961752247892793,157210.7896208763,157842.87051892988,,1,3.388138351998898,0.017222962691732176,0.026901773700885482,0.7222962691732179,3.388138351998898,0.017222962691732176,-0.0013339568787134495,0.7222962691732179,1,False,0.0
156000.0,0.01,0,stay,data,16.0,1.5745026432527034,0.014641268071064636,0.02787932385684996,0.0234,True,3.299379199422622,3.3926640195048803,3.3703465848700964,3.321000437028616,0.009999999999999998,0.009999999999999998,0.2372544057567631,0.7627832418662773,1,1,3.38134765625,0.01426218253608278,0.006538808561943332,3.385693620396536,0.00912783114250959,3.385693620396536,0.00912783114250959,0.012961752247892793,157210.7896208763,157615.1677539148,,1,3.385693620396536,0.01454417769641784,0.02616080655082594,0.45441776964178426,3.385693620396536,0.01454417769641784,-0.0020545503675784907,0.45441776964178426,1,False,0.0
156000.0,0.01,0,stay2,cov,4.0,1.5745026432527034,0.014641268071064636,0.02787932385684996,0.0234,True,3.299379199422622,3.3926640195048803,3.3703465848700964,3.321000437028616,0.009999999999999998,0.009999999999999998,0.2372544057567631,0.7627832418662773,1,1,3.38134765625,0.01426218253608278,0.006538808561943332,3.391469366161058,0.012573764483721828,3.391469366161058,0.012573764483721828,0.012961752247892793,157210.7896208763,158153.38634712226,,1,3.391469366161058,0.014641520546323216,0.02791136185696739,0.4641520546323218,3.391469366161058,0.014641520546323216,-0.0003521283973166366,0.4641520546323218,1,False,0.0
156000.0,0.01,0,stay2,cov,16.0,1.5745026432527034,0.014641268071064636,0.02787932385684996,0.0234,True,3.299379199422622,3.3926640195048803,3.3703465848700964,3.321000437028616,0.009999999999999998,0.009999999999999998,0.2372544057567631,0.7627832418662773,1,1,3.38134765625,0.01426218253608278,0.006538808561943332,3.384355782255553,0.008330486125136316,3.384355782255553,0.008330486125136316,0.012961752247892793,157210.7896208763,157490.6308371907,,1,3.384355782255553,0.013939439571248527,0.025755324773763962,0.3939439571248529,3.384355782255553,0.013939439571248527,-0.0024488830021369952,0.3939439571248529,1,False,0.0
156000.0,0.01,0,stay2,data,4.0,1.5745026432527034,0.014641268071064636,0.02787932385684996,0.0234,True,3.299379199422622,3.3926640195048803,3.3703465848700964,3.321000437028616,0.009999999999999998,0.009999999999999998,0.2372544057567631,0.7627832418662773,1,1,3.38134765625,0.01426218253608278,0.006538808561943332,3.3934518072196362,0.013757885158067529,3.3934518072196362,0.013757885158067529,0.012961752247892793,157210.7896208763,158338.33355893046,,1,3.3934518072196362,0.014479988992407026,0.028512214604940387,0.4479988992407028,3.3934518072196362,0.014479988992407026,0.00023220328043887153,0.4479988992407028,1,False,0.0
156000.0,0.01,0,stay2,data,16.0,1.5745026432527034,0.014641268071064636,0.02787932385684996,0.0234,True,3.299379199422622,3.3926640195048803,3.3703465848700964,3.321000437028616,0.009999999999999998,0.009999999999999998,0.2372544057567631,0.7627832418662773,1,1,3.38134765625,0.01426218253608278,0.006538808561943332,3.3874407119803305,0.010169563692268513,3.3874407119803305,0.010169563692268513,0.012961752247892793,157210.7896208763,157777.87543624986,,1,3.3874407119803305,0.013565449476655193,0.026690327857167448,0.35654494766551953,3.3874407119803305,0.013565449476655193,-0.0015395887993978502,0.35654494766551953,1,False,0.0
156000.0,0.01,0,stay+deck,cov,4.0,1.5745026432527034,0.014641268071064636,0.02787932385684996,0.0234,True,3.299379199422622,3.3926640195048803,3.3703465848700964,3.321000437028616,0.009999999999999998,0.009999999999999998,0.2372544057567631,0.7627832418662773,1,1,3.38134765625,0.01426218253608278,0.006538808561943332,3.392894995713973,0.013425229339726119,3.392894995713973,0.013425229339726119,0.012961752247892793,157210.7896208763,158286.37621418768,,2,3.305212577716536,0.009188984463784154,0.0017680229950333586,-0.08110155362158444,3.392894995713973,0.011285748299585802,6.80810736827858e-05,0.1285748299585804,2,True,0.02618125105820886
156000.0,0.01,0,stay+deck,cov,16.0,1.5745026432527034,0.014641268071064636,0.02787932385684996,0.0234,True,3.299379199422622,3.3926640195048803,3.3703465848700964,3.321000437028616,0.009999999999999998,0.009999999999999998,0.2372544057567631,0.7627832418662773,1,1,3.38134765625,0.01426218253608278,0.006538808561943332,3.3894231925172034,0.011352301745328974,3.3894231925172034,0.011352301745328974,0.012961752247892793,157210.7896208763,157962.60669713578,,2,3.309589020265735,0.006164448194673161,0.0030944672394430587,-0.38355518053268384,3.3894231925172034,0.01446596749754752,-0.0009552454852720357,0.4465967497547522,2,True,0.023834610153159592
156000.0,0.01,0,stay+deck,data,4.0,1.5745026432527034,0.014641268071064636,0.02787932385684996,0.0234,True,3.299379199422622,3.3926640195048803,3.3703465848700964,3.321000437028616,0.009999999999999998,0.009999999999999998,0.2372544057567631,0.7627832418662773,1,1,3.38134765625,0.01426218253608278,0.006538808561943332,3.39249849952222,0.013188383951865612,3.39249849952222,0.013188383951865612,0.012961752247892793,157210.7896208763,158249.38345233205,,2,3.306085034783841,0.009297983329817388,0.0020324536695850363,-0.07020166701826107,3.39249849952222,0.011291696436338972,-4.878761401331204e-05,0.1291696436338974,2,True,0.02580051866064569
156000.0,0.01,0,stay+deck,data,16.0,1.5745026432527034,0.014641268071064636,0.02787932385684996,0.0234,True,3.299379199422622,3.3926640195048803,3.3703465848700964,3.321000437028616,0.009999999999999998,0.009999999999999998,0.2372544057567631,0.7627832418662773,1,1,3.38134765625,0.01426218253608278,0.006538808561943332,3.386469140233613,0.009590181472545423,3.386469140233613,0.009590181472545423,0.012961752247892793,157210.7896208763,157687.38201912557,,2,3.3066414576267134,0.009383143897627781,0.002201098377950066,-0.06168561023722174,3.386469140233613,0.010693600489298117,-0.0018259630884909235,0.06936004892981186,2,True,0.023853686993434507
156000.0,0.01,1,stay,cov,4.0,1.5745026432527034,0.014641268071064636,0.02787932385684996,0.0234,True,3.299379199422622,3.3926640195048803,3.3703465848700964,3.321000437028616,0.009999999999999998,0.009999999999999998,0.2372544057567631,0.7627832418662773,1,1,3.40576171875,0.01426218253608278,0.021126137409196444,3.408794725615825,0.022945678467895858,3.408794725615825,0.022945678467895858,0.012961752247892793,159489.17716741562,159773.3703690612,,1,3.408794725615825,0.01579190669323583,0.03316245862626228,0.5791906693235833,3.408794725615825,0.01579190669323583,0.004754584013685768,0.5791906693235833,1,False,0.0
156000.0,0.01,1,stay,cov,16.0,1.5745026432527034,0.014641268071064636,0.02787932385684996,0.0234,True,3.299379199422622,3.3926640195048803,3.3703465848700964,3.321000437028616,0.009999999999999998,0.009999999999999998,0.2372544057567631,0.7627832418662773,1,1,3.40576171875,0.01426218253608278,0.021126137409196444,3.403150449333146,0.019560899751779992,3.403150449333146,0.019560899751779992,0.012961752247892793,159489.17716741562,159244.7034859504,,2,3.2472329680045107,0.013004167960757523,-0.01580486154099436,0.30041679607575245,3.403150449333146,0.014133208246535063,0.0030909131490703917,0.4133208246535065,1,False,0.04688977207604478
156000.0,0.01,1,stay,data,4.0,1.5745026432527034,0.014641268071064636,0.02787932385684996,0.0234,True,3.299379199422622,3.3926640195048803,3.3703465848700964,3.321000437028616,0.009999999999999998,0.009999999999999998,0.2372544057567631,0.7627832418662773,1,1,3.40576171875,0.01426218253608278,0.021126137409196444,3.4043234268449907,0.02026385316320889,3.4043234268449907,0.02026385316320889,0.012961752247892793,159489.17716741562,159354.49742527728,,1,3.4043234268449907,0.015037138770312108,0.03180726466382932,0.503713877031211,3.4043234268449907,0.015037138770312108,0.0034366525164528225,0.503713877031211,1,False,0.0
156000.0,0.01,1,stay,data,16.0,1.5745026432527034,0.014641268071064636,0.02787932385684996,0.0234,True,3.299379199422622,3.3926640195048803,3.3703465848700964,3.321000437028616,0.009999999999999998,0.009999999999999998,0.2372544057567631,0.7627832418662773,1,1,3.40576171875,0.01426218253608278,0.021126137409196444,3.4005720517368023,0.018016543988311762,3.4005720517368023,0.018016543988311762,0.012961752247892793,159489.17716741562,159003.49133698488,,1,3.4005720517368023,0.015519067658384894,0.03067027043508325,0.5519067658384896,3.4005720517368023,0.015519067658384894,0.0023309211246553474,0.5519067658384896,1,False,0.0
156000.0,0.01,1,stay2,cov,4.0,1.5745026432527034,0.014641268071064636,0.02787932385684996,0.0234,True,3.299379199422622,3.3926640195048803,3.3703465848700964,3.321000437028616,0.009999999999999998,0.009999999999999998,0.2372544057567631,0.7627832418662773,1,1,3.40576171875,0.01426218253608278,0.021126137409196444,3.4034310996253985,0.019729068551493256,3.4034310996253985,0.019729068551493256,0.012961752247892793,159489.17716741562,159270.96968608853,,1,3.4034310996253985,0.012149603916211341,0.03153681159806824,0.2149603916211343,3.4034310996253985,0.012149603916211341,0.0031736358385672154,0.2149603916211343,1,False,0.0
156000.0,0.01,1,stay2,cov,16.0,1.5745026432527034,0.014641268071064636,0.02787932385684996,0.0234,True,3.299379199422622,3.3926640195048803,3.3703465848700964,3.321000437028616,0.009999999999999998,0.009999999999999998,0.2372544057567631,0.7627832418662773,1,1,3.40576171875,0.01426218253608278,0.021126137409196444,3.4011312643366196,0.018351390289626623,3.4011312643366196,0.018351390289626623,0.012961752247892793,159489.17716741562,159055.79081216018,,2,3.2576399629896455,0.011411839255005841,-0.01265063331922584,0.14118392550058428,3.4011312643366196,0.013081175619230386,0.002495751062604491,0.3081175619230388,1,False,0.04309843256308746
156000.0,0.01,1,stay2,data,4.0,1.5745026432527034,0.014641268071064636,0.02787932385684996,0.0234,True,3.299379199422622,3.3926640195048803,3.3703465848700964,3.321000437028616,0.009999999999999998,0.009999999999999998,0.2372544057567631,0.7627832418662773,1,1,3.40576171875,0.01426218253608278,0.021126137409196444,3.3982913816190714,0.016651490517501255,3.3982913816190714,0.016651490517501255,0.012961752247892793,159489.17716741562,158790.2843228138,,1,3.3982913816190714,0.012363616625195986,0.029979028240754685,0.2363616625195988,3.3982913816190714,0.012363616625195986,0.0016586853522301845,0.2363616625195988,1,False,0.0
156000.0,0.01,1,stay2,data,16.0,1.5745026432527034,0.014641268071064636,0.02787932385684996,0.0234,True,3.299379199422622,3.3926640195048803,3.3703465848700964,3.321000437028616,0.009999999999999998,0.009999999999999998,0.2372544057567631,0.7627832418662773,1,1,3.40576171875,0.01426218253608278,0.021126137409196444,3.3986346245375274,0.016856873757879587,3.3986346245375274,0.016856873757879587,0.012961752247892793,159489.17716741562,158822.36302769842,,2,3.28123434645931,0.004764515946707509,-0.005499474860751742,-0.5235484053292491,3.3986346245375274,0.012852496651600846,0.0017598574448637755,0.28524966516008476,2,True,0.03515047333651446
156000.0,0.01,1,stay+deck,cov,4.0,1.5745026432527034,0.014641268071064636,0.02787932385684996,0.0234,True,3.299379199422622,3.3926640195048803,3.3703465848700964,3.321000437028616,0.009999999999999998,0.009999999999999998,0.2372544057567631,0.7627832418662773,1,1,3.40576171875,0.01426218253608278,0.021126137409196444,3.392491838016417,0.01318440496489015,3.392491838016417,0.01318440496489015,0.012961752247892793,159489.17716741562,158248.76197636008,,2,3.297116752179666,0.013795644052452663,-0.0006857190720460105,0.3795644052452665,3.392491838016417,0.012596832522872947,-5.075111696104754e-05,0.2596832522872949,2,True,0.028514399475188194
156000.0,0.01,1,stay+deck,cov,16.0,1.5745026432527034,0.014641268071064636,0.02787932385684996,0.0234,True,3.299379199422622,3.3926640195048803,3.3703465848700964,3.321000437028616,0.009999999999999998,0.009999999999999998,0.2372544057567631,0.7627832418662773,1,1,3.40576171875,0.01426218253608278,0.021126137409196444,3.3960271282125025,0.015297168915866965,3.3960271282125025,0.015297168915866965,0.012961752247892793,159489.17716741562,158578.7535138848,,2,3.288980845278557,0.0139709511860597,-0.0031516092924040867,0.39709511860597013,3.3960271282125025,0.013620885281168654,0.0009912884648427547,0.36208852811686554,2,True,0.03202577569344129
156000.0,0.01,1,stay+deck,data,4.0,1.5745026432527034,0.014641268071064636,0.02787932385684996,0.0234,True,3.299379199422622,3.3926640195048803,3.3703465848700964,3.321000437028616,0.009999999999999998,0.009999999999999998,0.2372544057567631,0.7627832418662773,1,1,3.40576171875,0.01426218253608278,0.021126137409196444,3.3946908222817997,0.014498305630574526,3.3946908222817997,0.014498305630574526,0.012961752247892793,159489.17716741562,158453.97945965888,,2,3.30002596311607,0.01211598266590522,0.0001960258746740488,0.21159826659052225,3.3946908222817997,0.011820806630390097,0.0005974074548104694,0.18208066303900994,2,True,0.02828046718039128
156000.0,0.01,1,stay+deck,data,16.0,1.5745026432527034,0.014641268071064636,0.02787932385684996,0.0234,True,3.299379199422622,3.3926640195048803,3.3703465848700964,3.321000437028616,0.009999999999999998,0.009999999999999998,0.2372544057567631,0.7627832418662773,1,1,3.40576171875,0.01426218253608278,0.021126137409196444,3.4262715405580337,0.03346180712104441,3.4262715405580337,0.03346180712104441,0.012961752247892793,159489.17716741562,161415.87920752142,,2,3.2916688721927256,0.009406132779437661,-0.0023369024182627062,-0.05938672205623372,3.4262715405580337,0.009723805444587551,0.009905938477827251,-0.02761945554124474,2,True,0.04007259966457281
156000.0,0.01,2,stay,cov,4.0,1.5745026432527034,0.014641268071064636,0.02787932385684996,0.0234,True,3.299379199422622,3.3926640195048803,3.3703465848700964,3.321000437028616,0.009999999999999998,0.009999999999999998,0.2372544057567631,0.7627832418662773,1,1,3.3935546875,0.01426218253608278,0.013819354884088808,3.377344133118364,0.004156731221969467,3.377344133118364,0.004156731221969467,0.012961752247892793,158347.9344844818,156838.73416074918,,1,3.377344133118364,0.021609454711327747,0.02363018282632845,1.160945471132775,3.377344133118364,0.021609454711327747,-0.004515591965028193,1.160945471132775,1,False,0.0
156000.0,0.01,2,stay,cov,16.0,1.5745026432527034,0.014641268071064636,0.02787932385684996,0.0234,True,3.299379199422622,3.3926640195048803,3.3703465848700964,3.321000437028616,0.009999999999999998,0.009999999999999998,0.2372544057567631,0.7627832418662773,1,1,3.3935546875,0.01426218253608278,0.013819354884088808,3.3928265479893134,0.013384340392999183,3.3928265479893134,0.013384340392999183,0.012961752247892793,158347.9344844818,158279.98979018987,,1,3.3928265479893134,0.007955273501954204,0.028322706460368136,-0.20447264980457944,3.3928265479893134,0.007955273501954204,4.790585908262705e-05,-0.20447264980457944,1,False,0.0
156000.0,0.01,2,stay,data,4.0,1.5745026432527034,0.014641268071064636,0.02787932385684996,0.0234,True,3.299379199422622,3.3926640195048803,3.3703465848700964,3.321000437028616,0.009999999999999998,0.009999999999999998,0.2372544057567631,0.7627832418662773,1,1,3.3935546875,0.01426218253608278,0.013819354884088808,,,,,0.012961752247892793,158347.9344844818,,,0,,,,,,,,,0,False,0.0
156000.0,0.01,2,stay,data,16.0,1.5745026432527034,0.014641268071064636,0.02787932385684996,0.0234,True,3.299379199422622,3.3926640195048803,3.3703465848700964,3.321000437028616,0.009999999999999998,0.009999999999999998,0.2372544057567631,0.7627832418662773,1,1,3.3935546875,0.01426218253608278,0.013819354884088808,3.392733093352329,0.013328514278697634,3.392733093352329,0.013328514278697634,0.012961752247892793,158347.9344844818,158271.27033751088,,1,3.392733093352329,0.01521011883024254,0.028294381544880842,0.5210118830242542,3.392733093352329,0.01521011883024254,2.035976655861135e-05,0.5210118830242542,1,False,0.0
156000.0,0.01,2,stay2,cov,4.0,1.5745026432527034,0.014641268071064636,0.02787932385684996,0.0234,True,3.299379199422622,3.3926640195048803,3.3703465848700964,3.321000437028616,0.009999999999999998,0.009999999999999998,0.2372544057567631,0.7627832418662773,1,1,3.3935546875,0.01426218253608278,0.013819354884088808,3.3928008850920346,0.013369010237148649,3.3928008850920346,0.013369010237148649,0.012961752247892793,158347.9344844818,158277.59538086777,,1,3.3928008850920346,0.012314389585919393,0.02831492836160238,0.2314389585919395,3.3928008850920346,0.012314389585919393,4.034162721903866e-05,0.2314389585919395,1,False,0.0
156000.0,0.01,2,stay2,cov,16.0,1.5745026432527034,0.014641268071064636,0.02787932385684996,0.0234,True,3.299379199422622,3.3926640195048803,3.3703465848700964,3.321000437028616,0.009999999999999998,0.009999999999999998,0.2372544057567631,0.7627832418662773,1,1,3.3935546875,0.01426218253608278,0.013819354884088808,3.3887396374020327,0.010944417990454314,3.3887396374020327,0.010944417990454314,0.012961752247892793,158347.9344844818,157898.89953887032,,2,3.3127470130545196,0.021224712297564573,0.0040516148111247275,1.1224712297564576,3.3887396374020327,0.010194137213954985,-0.0011567258296977904,0.01941372139549862,2,True,0.022679333202084626
156000.0,0.01,2,stay2,data,4.0,1.5745026432527034,0.014641268071064636,0.02787932385684996,0.0234,True,3.299379199422622,3.3926640195048803,3.3703465848700964,3.321000437028616,0.009999999999999998,0.009999999999999998,0.2372544057567631,0.7627832418662773,1,1,3.3935546875,0.01426218253608278,0.013819354884088808,3.393678901443847,0.01389357369988864,3.393678901443847,0.01389357369988864,0.012961752247892793,158347.9344844818,158359.52668394535,,1,3.393678901443847,0.011683297106075189,0.028581043984797844,0.16832971060751908,3.393678901443847,0.011683297106075189,0.0002991401250262696,0.16832971060751908,1,False,0.0
156000.0,0.01,2,stay2,data,16.0,1.5745026432527034,0.014641268071064636,0.02787932385684996,0.0234,True,3.299379199422622,3.3926640195048803,3.3703465848700964,3.321000437028616,0.009999999999999998,0.009999999999999998,0.2372544057567631,0.7627832418662773,1,1,3.3935546875,0.01426218253608278,0.013819354884088808,3.3897748350476586,0.011562162190823067,3.3897748350476586,0.011562162190823067,0.012961752247892793,158347.9344844818,157995.38469443275,,1,3.3897748350476586,0.01312654378479288,0.027397770962748227,0.3126543784792881,3.3897748350476586,0.01312654378479288,-0.0008515975765980155,0.3126543784792881,1,False,0.0
156000.0,0.01,2,stay+deck,cov,4.0,1.5745026432527034,0.014641268071064636,0.02787932385684996,0.0234,True,3.299379199422622,3.3926640195048803,3.3703465848700964,3.321000437028616,0.009999999999999998,0.009999999999999998,0.2372544057567631,0.7627832418662773,1,1,3.3935546875,0.01426218253608278,0.013819354884088808,3.3938147622000034,0.013974754688931945,3.3938147622000034,0.013974754688931945,0.012961752247892793,158347.9344844818,158372.20630174165,,2,3.315637977972241,0.011367218806229236,0.004927829620937273,0.1367218806229238,3.3938147622000034,0.011754425219847316,0.0003391855746715235,0.17544252198473181,2,True,0.023303475635109806
156000.0,0.01,2,stay+deck,cov,16.0,1.5745026432527034,0.014641268071064636,0.02787932385684996,0.0234,True,3.299379199422622,3.3926640195048803,3.3703465848700964,3.321000437028616,0.009999999999999998,0.009999999999999998,0.2372544057567631,0.7627832418662773,1,1,3.3935546875,0.01426218253608278,0.013819354884088808,3.383322786516472,0.007715041295735636,3.383322786516472,0.007715041295735636,0.012961752247892793,158347.9344844818,157394.5048192218,,1,3.383322786516472,0.01132612909669192,0.02544223686338929,0.13261290966919226,3.383322786516472,0.01132612909669192,-0.0027533622353124758,0.13261290966919226,1,False,0.0
156000.0,0.01,2,stay+deck,data,4.0,1.5745026432527034,0.014641268071064636,0.02787932385684996,0.0234,True,3.299379199422622,3.3926640195048803,3.3703465848700964,3.321000437028616,0.009999999999999998,0.009999999999999998,0.2372544057567631,0.7627832418662773,1,1,3.3935546875,0.01426218253608278,0.013819354884088808,3.392497882099282,0.013188015158369426,3.392497882099282,0.013188015158369426,0.012961752247892793,158347.9344844818,158249.32585066158,,2,3.310073706759732,0.011645759871544719,0.0032413695700638403,0.16457598715447205,3.392497882099282,0.011153067535788425,-4.8969601659042884e-05,0.11530675357884267,2,True,0.02459479149064373
156000.0,0.01,2,stay+deck,data,16.0,1.5745026432527034,0.014641268071064636,0.02787932385684996,0.0234,True,3.299379199422622,3.3926640195048803,3.3703465848700964,3.321000437028616,0.009999999999999998,0.009999999999999998,0.2372544057567631,0.7627832418662773,1,1,3.3935546875,0.01426218253608278,0.013819354884088808,3.3874236822221495,0.010159406820687833,3.3874236822221495,0.010159406820687833,0.012961752247892793,158347.9344844818,157776.28903959267,,1,3.3874236822221495,0.009610940752719677,0.02668516635339609,-0.03890592472803219,3.3874236822221495,0.009610940752719677,-0.0015446083822634265,-0.03890592472803219,1,False,0.0
161000.0,0.01,0,stay,cov,4.0,2.453048241236231,0.03004427081132042,0.03878556511060405,0.0234,True,3.307387901671545,3.4382036926674338,3.4238680561291908,3.321000437028616,0.010000000000000002,0.010000000000000002,0.1084355605375269,0.8915983303190185,1,1,3.4423828125,0.008525138657114267,0.010844352558180725,3.448993009912755,0.014730205173620892,3.448993009912755,0.014730205173620892,0.008037459829289391,162937.4921321869,163563.85075837187,,1,3.448993009912755,0.010314294218598578,0.042814786910734946,0.031429421859857636,3.448993009912755,0.010314294218598578,0.0031380680755858513,0.031429421859857636,1,False,0.0
161000.0,0.01,0,stay,cov,16.0,2.453048241236231,0.03004427081132042,0.03878556511060405,0.0234,True,3.307387901671545,3.4382036926674338,3.4238680561291908,3.321000437028616,0.010000000000000002,0.010000000000000002,0.1084355605375269,0.8915983303190185,1,1,3.4423828125,0.008525138657114267,0.010844352558180725,3.442765023094143,0.011068834778958037,3.442765023094143,0.011068834778958037,0.008037459829289391,162937.4921321869,162973.67630830573,,1,3.442765023094143,0.009394530124883067,0.040931733878018677,-0.06054698751169345,3.442765023094143,0.009394530124883067,0.0013266609062276308,-0.06054698751169345,1,False,0.0
161000.0,0.01,0,stay,data,4.0,2.453048241236231,0.03004427081132042,0.03878556511060405,0.0234,True,3.307387901671545,3.4382036926674338,3.4238680561291908,3.321000437028616,0.010000000000000002,0.010000000000000002,0.1084355605375269,0.8915983303190185,1,1,3.4423828125,0.008525138657114267,0.010844352558180725,3.448311167905344,0.014329034578269617,3.448311167905344,0.014329034578269617,0.008037459829289391,162937.4921321869,163499.1862721349,,1,3.448311167905344,0.010382672869610874,0.04260862965682892,0.038267286961087166,3.448311167905344,0.010382672869610874,0.0029397546339288714,0.038267286961087166,1,False,0.0
161000.0,0.01,0,stay,data,16.0,2.453048241236231,0.03004427081132042,0.03878556511060405,0.0234,True,3.307387901671545,3.4382036926674338,3.4238680561291908,3.321000437028616,0.010000000000000002,0.010000000000000002,0.1084355605375269,0.8915983303190185,1,1,3.4423828125,0.008525138657114267,0.010844352558180725,3.440699401287217,0.009855938002702125,3.440699401287217,0.009855938002702125,0.008037459829289391,162937.4921321869,162778.17008775045,,1,3.440699401287217,0.009867136853873323,0.04030718608733408,-0.013286314612667887,3.440699401287217,0.009867136853873323,0.0007258757313029371,-0.013286314612667887,1,False,0.0
161000.0,0.01,0,stay2,cov,4.0,2.453048241236231,0.03004427081132042,0.03878556511060405,0.0234,True,3.307387901671545,3.4382036926674338,3.4238680561291908,3.321000437028616,0.010000000000000002,0.010000000000000002,0.1084355605375269,0.8915983303190185,1,1,3.4423828125,0.008525138657114267,0.010844352558180725,3.446457337135653,0.013238710168288259,3.446457337135653,0.013238710168288259,0.008037459829289391,162937.4921321869,163323.4374295724,,1,3.446457337135653,0.011016948564052862,0.04204811760780242,0.101694856405286,3.446457337135653,0.011016948564052862,0.0024005687870737296,0.101694856405286,1,False,0.0
161000.0,0.01,0,stay2,cov,16.0,2.453048241236231,0.03004427081132042,0.03878556511060405,0.0234,True,3.307387901671545,3.4382036926674338,3.4238680561291908,3.321000437028616,0.010000000000000002,0.010000000000000002,0.1084355605375269,0.8915983303190185,1,1,3.4423828125,0.008525138657114267,0.010844352558180725,3.446945167877894,0.01352556935492566,3.446945167877894,0.01352556935492566,0.008037459829289391,162937.4921321869,163369.6761174055,,2,3.446945167877894,0.009744883360163024,0.04219561489470814,-0.025511663983697818,3.446945167877894,0.009744883360163024,0.0025424541393818927,-0.025511663983697818,1,False,0.08445805576039737
161000.0,0.01,0,stay2,data,4.0,2.453048241236231,0.03004427081132042,0.03878556511060405,0.0234,True,3.307387901671545,3.4382036926674338,3.4238680561291908,3.321000437028616,0.010000000000000002,0.010000000000000002,0.1084355605375269,0.8915983303190185,1,1,3.4423828125,0.008525138657114267,0.010844352558180725,3.4459265764904616,0.01292665302157947,3.4459265764904616,0.01292665302157947,0.008037459829289391,162937.4921321869,163273.137095245,,1,3.4459265764904616,0.010925830057196365,0.041887640318482064,0.09258300571963628,3.4459265764904616,0.010925830057196365,0.0022461972917713607,0.09258300571963628,1,False,0.0
161000.0,0.01,0,stay2,data,16.0,2.453048241236231,0.03004427081132042,0.03878556511060405,0.0234,True,3.307387901671545,3.4382036926674338,3.4238680561291908,3.321000437028616,0.010000000000000002,0.010000000000000002,0.1084355605375269,0.8915983303190185,1,1,3.4423828125,0.008525138657114267,0.010844352558180725,3.4439589680119007,0.011770230203431042,3.4439589680119007,0.011770230203431042,0.008037459829289391,162937.4921321869,163086.73388355694,,1,3.4439589680119007,0.010956120616324666,0.04129272719154993,0.09561206163246642,3.4439589680119007,0.010956120616324666,0.001673919249386266,0.09561206163246642,1,False,0.0
161000.0,0.01,0,stay+deck,cov,4.0,2.453048241236231,0.03004427081132042,0.03878556511060405,0.0234,True,3.307387901671545,3.4382036926674338,3.4238680561291908,3.321000437028616,0.010000000000000002,0.010000000000000002,0.1084355605375269,0.8915983303190185,1,1,3.4423828125,0.008525138657114267,0.010844352558180725,3.4433320502072133,0.011401910461150244,3.4433320502072133,0.011401910461150244,0.008037459829289391,162937.4921321869,163027.3646097829,,2,3.3119450384395175,0.008956727644572351,0.001377865827491684,-0.10432723554276503,3.4433320502072133,0.01016390469595242,0.001491580487426238,0.016390469595241836,2,True,0.038899074025701086
161000.0,0.01,0,stay+deck,cov,16.0,2.453048241236231,0.03004427081132042,0.03878556511060405,0.0234,True,3.307387901671545,3.4382036926674338,3.4238680561291908,3.321000437028616,0.010000000000000002,0.010000000000000002,0.1084355605375269,0.8915983303190185,1,1,3.4423828125,0.008525138657114267,0.010844352558180725,3.4431359246231548,0.01128669871952237,3.4431359246231548,0.01128669871952237,0.008037459829289391,162937.4921321869,163008.79368717002,,2,3.309410191094501,0.004786310510235481,0.0006114460967623285,-0.521368948976452,3.4431359246231548,0.009061447363139713,0.0014345374493779563,-0.09385526368602888,2,True,0.039607499522997816
161000.0,0.01,0,stay+deck,data,4.0,2.453048241236231,0.03004427081132042,0.03878556511060405,0.0234,True,3.307387901671545,3.4382036926674338,3.4238680561291908,3.321000437028616,0.010000000000000002,0.010000000000000002,0.1084355605375269,0.8915983303190185,1,1,3.4423828125,0.008525138657114267,0.010844352558180725,3.4423054120537313,0.01079889629798858,3.4423054120537313,0.01079889629798858,0.008037459829289391,162937.4921321869,162930.1650604981,,2,3.31182081518766,0.009029900171972933,0.001340306504076769,-0.0970099828027069,3.4423054120537313,0.010289634877523,0.0011929832415238171,0.028963487752299732,2,True,0.03863848334364503
161000.0,0.01,0,stay+deck,data,16.0,2.453048241236231,0.03004427081132042,0.03878556511060405,0.0234,True,3.307387901671545,3.4382036926674338,3.4238680561291908,3.321000437028616,0.010000000000000002,0.010000000000000002,0.1084355605375269,0.8915983303190185,1,1,3.4423828125,0.008525138657114267,0.010844352558180725,3.4397457486210725,0.00929621555578275,3.4397457486210725,0.00929621555578275,0.008037459829289391,162937.4921321869,162687.94870840522,,2,3.305845977348781,0.0043651621725395,-0.0004662060721648019,-0.5634837827460502,3.4397457486210725,0.00909893999070717,0.0004485062816166092,-0.09010600092928324,2,True,0.03969993344150688
161000.0,0.01,1,stay,cov,4.0,2.453048241236231,0.03004427081132042,0.03878556511060405,0.0234,True,3.307387901671545,3.4382036926674338,3.4238680561291908,3.321000437028616,0.010000000000000002,0.010000000000000002,0.1084355605375269,0.8915983303190185,2,1,3.45458984375,0.008525138657114267,0.018026172627535697,3.446287157925868,0.01313864921353125,3.446287157925868,0.01313864921353125,0.008037459829289391,164095.12609243393,163307.3086546654,,1,3.446287157925868,0.009427880904472783,0.0419966633439409,-0.05721190955272191,3.446287157925868,0.009427880904472783,0.002351072240331036,-0.05721190955272191,1,False,0.0
161000.0,0.01,1,stay,cov,16.0,2.453048241236231,0.03004427081132042,0.03878556511060405,0.0234,True,3.307387901671545,3.4382036926674338,3.4238680561291908,3.321000437028616,0.010000000000000002,0.010000000000000002,0.1084355605375269,0.8915983303190185,2,1,3.45458984375,0.008525138657114267,0.018026172627535697,3.44464833171905,0.012175314868396292,3.44464833171905,0.012175314868396292,0.008037459829289391,164095.12609243393,163152.02927670395,,2,3.27716393913852,0.014716141402158451,-0.00913831804178446,0.4716141402158448,3.44464833171905,0.008278575490615864,0.0018744203740344114,-0.1721424509384138,2,True,0.04983310626113697
161000.0,0.01,1,stay,data,4.0,2.453048241236231,0.03004427081132042,0.03878556511060405,0.0234,True,3.307387901671545,3.4382036926674338,3.4238680561291908,3.321000437028616,0.010000000000000002,0.010000000000000002,0.1084355605375269,0.8915983303190185,2,1,3.45458984375,0.008525138657114267,0.018026172627535697,3.445477023870508,0.012662379179759098,3.445477023870508,0.012662379179759098,0.008037459829289391,164095.12609243393,163230.53892776914,,1,3.445477023870508,0.009306116721484833,0.0417517165522597,-0.06938832785151684,3.445477023870508,0.009306116721484833,0.0021154451141408596,-0.06938832785151684,1,False,0.0
161000.0,0.01,1,stay,data,16.0,2.453048241236231,0.03004427081132042,0.03878556511060405,0.0234,True,3.307387901671545,3.4382036926674338,3.4238680561291908,3.321000437028616,0.010000000000000002,0.010000000000000002,0.1084355605375269,0.8915983303190185,2,1,3.45458984375,0.008525138657114267,0.018026172627535697,3.444970143489579,0.012364446015753705,3.444970143489579,0.012364446015753705,0.008037459829289391,164095.12609243393,163182.5152311009,,2,3.2904554507170247,0.014567984945206594,-0.005119584233213922,0.4567984945206592,3.444970143489579,0.008436697443320994,0.0019680191829750666,-0.1563302556679007,2,True,0.0458811965513978
161000.0,0.01,1,stay2,cov,4.0,2.453048241236231,0.03004427081132042,0.03878556511060405,0.0234,True,3.307387901671545,3.4382036926674338,3.4238680561291908,3.321000437028616,0.010000000000000002,0.010000000000000002,0.1084355605375269,0.8915983303190185,2,1,3.45458984375,0.008525138657114267,0.018026172627535697,3.443092336821087,0.011261094452707399,3.443092336821087,0.011261094452707399,0.008037459829289391,164095.12609243393,163004.66654829629,,1,3.443092336821087,0.009751638751932162,0.041030698298484304,-0.024836124806783957,3.443092336821087,0.009751638751932162,0.0014218599567207702,-0.024836124806783957,1,False,0.0
161000.0,0.01,1,stay2,cov,16.0,2.453048241236231,0.03004427081132042,0.03878556511060405,0.0234,True,3.307387901671545,3.4382036926674338,3.4238680561291908,3.321000437028616,0.010000000000000002,0.010000000000000002,0.1084355605375269,0.8915983303190185,2,1,3.45458984375,0.008525138657114267,0.018026172627535697,3.444091381972048,0.011848033150378967,3.444091381972048,0.011848033150378967,0.008037459829289391,164095.12609243393,163099.2749013943,,3,3.2778399115261436,0.012224051358993218,-0.008933935487418256,0.22240513589932162,3.444091381972048,0.008681341282881342,0.0017124317902312686,-0.13186587171186598,2,True,0.14605993618659033
161000.0,0.01,1,stay2,data,4.0,2.453048241236231,0.03004427081132042,0.03878556511060405,0.0234,True,3.307387901671545,3.4382036926674338,3.4238680561291908,3.321000437028616,0.010000000000000002,0.010000000000000002,0.1084355605375269,0.8915983303190185,2,1,3.45458984375,0.008525138657114267,0.018026172627535697,3.441855180463874,0.010534501493946413,3.441855180463874,0.010534501493946413,0.008037459829289391,164095.12609243393,162887.5473951826,,1,3.441855180463874,0.009300809208670359,0.040656639859016755,-0.06991907913296429,3.441855180463874,0.009300809208670359,0.0010620335858016882,-0.06991907913296429,1,False,0.0
161000.0,0.01,1,stay2,data,16.0,2.453048241236231,0.03004427081132042,0.03878556511060405,0.0234,True,3.307387901671545,3.4382036926674338,3.4238680561291908,3.321000437028616,0.010000000000000002,0.010000000000000002,0.1084355605375269,0.8915983303190185,2,1,3.45458984375,0.008525138657114267,0.018026172627535697,3.4452172563715036,0.01250968806887287,3.4452172563715036,0.01250968806887287,0.008037459829289391,164095.12609243393,163205.92672449985,,1,3.4452172563715036,0.009427704226547592,0.04167317496393457,-0.057229577345241006,3.4452172563715036,0.009427704226547592,0.002039891853710542,-0.057229577345241006,1,False,0.0
161000.0,0.01,1,stay+deck,cov,4.0,2.453048241236231,0.03004427081132042,0.03878556511060405,0.0234,True,3.307387901671545,3.4382036926674338,3.4238680561291908,3.321000437028616,0.010000000000000002,0.010000000000000002,0.1084355605375269,0.8915983303190185,2,1,3.45458984375,0.008525138657114267,0.018026172627535697,3.441451522995675,0.01029748636264105,3.441451522995675,0.01029748636264105,0.008037459829289391,164095.12609243393,162849.3430455272,,2,3.302609438216109,0.011119664855855457,-0.0014447847054833614,0.1119664855855455,3.441451522995675,0.009489296596808486,0.0009446299924486256,-0.05107034031915161,2,True,0.04117462329540348
161000.0,0.01,1,stay+deck,cov,16.0,2.453048241236231,0.03004427081132042,0.03878556511060405,0.0234,True,3.307387901671545,3.4382036926674338,3.4238680561291908,3.321000437028616,0.010000000000000002,0.010000000000000002,0.1084355605375269,0.8915983303190185,2,1,3.45458984375,0.008525138657114267,0.018026172627535697,3.4439498527185206,0.011764874407753423,3.4439498527185206,0.011764874407753423,0.008037459829289391,164095.12609243393,163085.8705855489,,2,3.3059629721750965,0.012381255347406216,-0.0004308322878390498,0.23812553474062131,3.4439498527185206,0.008372507977808565,0.0016712680704001166,-0.1627492022191437,2,True,0.040885529672184735
161000.0,0.01,1,stay+deck,data,4.0,2.453048241236231,0.03004427081132042,0.03878556511060405,0.0234,True,3.307387901671545,3.4382036926674338,3.4238680561291908,3.321000437028616,0.010000000000000002,0.010000000000000002,0.1084355605375269,0.8915983303190185,2,1,3.45458984375,0.008525138657114267,0.018026172627535697,3.441171588388647,0.010133133777416425,3.441171588388647,0.010133133777416425,0.008037459829289391,164095.12609243393,162822.85113508208,,2,3.3020140150991812,0.01034990183843406,-0.0016248129134316684,0.03499018384340579,3.441171588388647,0.009184477869217382,0.0008632111377062085,-0.08155221307826198,2,True,0.04127354086694222
161000.0,0.01,1,stay+deck,data,16.0,2.453048241236231,0.03004427081132042,0.03878556511060405,0.0234,True,3.307387901671545,3.4382036926674338,3.4238680561291908,3.321000437028616,0.010000000000000002,0.010000000000000002,0.1084355605375269,0.8915983303190185,2,1,3.45458984375,0.008525138657114267,0.018026172627535697,3.44456519702758,0.012126458869761603,3.44456519702758,0.012126458869761603,0.008037459829289391,164095.12609243393,163144.1542028877,,2,3.303588768563463,0.010781727112529192,-0.0011486808384833555,0.07817271125291901,3.44456519702758,0.008394558335576719,0.001850240686354088,-0.16054416644232825,2,True,0.04178222049554831
161000.0,0.01,2,stay,cov,4.0,2.453048241236231,0.03004427081132042,0.03878556511060405,0.0234,True,3.307387901671545,3.4382036926674338,3.4238680561291908,3.321000437028616,0.010000000000000002,0.010000000000000002,0.1084355605375269,0.8915983303190185,1,1,3.466796875,0.008525138657114267,0.025233415068816933,3.448966778159163,0.014714769913877657,3.448966778159163,0.014714769913877657,0.008037459829289391,165256.85787200928,163561.36275662694,,1,3.448966778159163,0.01019792817415802,0.04280685565066754,0.019792817415801783,3.448966778159163,0.01019792817415802,0.003130438581833664,0.019792817415801783,1,False,0.0
161000.0,0.01,2,stay,cov,16.0,2.453048241236231,0.03004427081132042,0.03878556511060405,0.0234,True,3.307387901671545,3.4382036926674338,3.4238680561291908,3.321000437028616,0.010000000000000002,0.010000000000000002,0.1084355605375269,0.8915983303190185,1,1,3.466796875,0.008525138657114267,0.025233415068816933,3.465115474173066,0.024239177249532284,3.421327748588135,-0.0014833312034644441,0.008037459829289391,165256.85787200928,165096.59717861246,,2,3.421327748588135,0.00886554391881813,0.034450100896542886,-0.11344560811818724,3.421327748588135,0.00886554391881813,-0.0049083607568946,-0.11344560811818724,1,False,0.012717080260010932
161000.0,0.01,2,stay,data,4.0,2.453048241236231,0.03004427081132042,0.03878556511060405,0.0234,True,3.307387901671545,3.4382036926674338,3.4238680561291908,3.321000437028616,0.010000000000000002,0.010000000000000002,0.1084355605375269,0.8915983303190185,1,1,3.466796875,0.008525138657114267,0.025233415068816933,3.4498727626177077,0.015247936287920094,3.4498727626177077,0.015247936287920094,0.008037459829289391,165256.85787200928,163647.3035759586,,1,3.4498727626177077,0.00973580657840813,0.04308078313830422,-0.026419342159187186,3.4498727626177077,0.00973580657840813,0.003393943754746196,-0.026419342159187186,1,False,0.0
161000.0,0.01,2,stay,data,16.0,2.453048241236231,0.03004427081132042,0.03878556511060405,0.0234,True,3.307387901671545,3.4382036926674338,3.4238680561291908,3.321000437028616,0.010000000000000002,0.010000000000000002,0.1084355605375269,0.8915983303190185,1,1,3.466796875,0.008525138657114267,0.025233415068816933,3.471230948017611,0.027857662842157183,3.471230948017611,0.027857662842157183,0.008037459829289391,165256.85787200928,165679.85904903457,,1,3.471230948017611,0.002939385273673294,0.049538503259100704,-0.7060614726326706,3.471230948017611,0.002939385273673294,0.00960596238687472,-0.7060614726326706,1,False,0.0
161000.0,0.01,2,stay2,cov,4.0,2.453048241236231,0.03004427081132042,0.03878556511060405,0.0234,True,3.307387901671545,3.4382036926674338,3.4238680561291908,3.321000437028616,0.010000000000000002,0.010000000000000002,0.1084355605375269,0.8915983303190185,1,1,3.466796875,0.008525138657114267,0.025233415068816933,3.446654322754503,0.013354538764913215,3.446654322754503,0.013354538764913215,0.008037459829289391,165256.85787200928,163342.10778273165,,1,3.446654322754503,0.00976079474506259,0.042107676880771404,-0.023920525493741244,3.446654322754503,0.00976079474506259,0.0024578619658548644,-0.023920525493741244,1,False,0.0
161000.0,0.01,2,stay2,cov,16.0,2.453048241236231,0.03004427081132042,0.03878556511060405,0.0234,True,3.307387901671545,3.4382036926674338,3.4238680561291908,3.321000437028616,0.010000000000000002,0.010000000000000002,0.1084355605375269,0.8915983303190185,1,1,3.466796875,0.008525138657114267,0.025233415068816933,3.4369631223426205,0.007663909918281142,3.4369631223426205,0.007663909918281142,0.008037459829289391,165256.85787200928,162424.8381847181,,1,3.4369631223426205,0.009482416028195379,0.039177509419318086,-0.05175839718046231,3.4369631223426205,0.009482416028195379,-0.0003608193218624642,-0.05175839718046231,1,False,0.0
161000.0,0.01,2,stay2,data,4.0,2.453048241236231,0.03004427081132042,0.03878556511060405,0.0234,True,3.307387901671545,3.4382036926674338,3.4238680561291908,3.321000437028616,0.010000000000000002,0.010000000000000002,0.1084355605375269,0.8915983303190185,1,1,3.466796875,0.008525138657114267,0.025233415068816933,3.4470376145843664,0.013579935382072694,3.4470376145843664,0.013579935382072694,0.008037459829289391,165256.85787200928,163378.43934994284,,1,3.4470376145843664,0.00983870319882622,0.04222356647136642,-0.01612968011737818,3.4470376145843664,0.00983870319882622,0.0025693422224438113,-0.01612968011737818,1,False,0.0
161000.0,0.01,2,stay2,data,16.0,2.453048241236231,0.03004427081132042,0.03878556511060405,0.0234,True,3.307387901671545,3.4382036926674338,3.4238680561291908,3.321000437028616,0.010000000000000002,0.010000000000000002,0.1084355605375269,0.8915983303190185,1,1,3.466796875,0.008525138657114267,0.025233415068816933,3.4345279054382143,0.006236480663363464,3.4345279054382143,0.006236480663363464,0.008037459829289391,165256.85787200928,162194.75158196487,,1,3.4345279054382143,0.006199369185125928,0.03844121329173794,-0.3800630814874073,3.4345279054382143,0.006199369185125928,-0.0010691010649132619,-0.3800630814874073,1,False,0.0
161000.0,0.01,2,stay+deck,cov,4.0,2.453048241236231,0.03004427081132042,0.03878556511060405,0.0234,True,3.307387901671545,3.4382036926674338,3.4238680561291908,3.321000437028616,0.010000000000000002,0.010000000000000002,0.1084355605375269,0.8915983303190185,1,1,3.466796875,0.008525138657114267,0.025233415068816933,3.450679940080662,0.015723073302316593,3.450679940080662,0.015723073302316593,0.008037459829289391,165256.85787200928,163723.89067203234,,2,3.3178179678149036,0.010625120613127616,0.0031535660326045827,0.06251206131276144,3.450679940080662,0.011707211533681582,0.0036287109573629457,0.17072115336815796,2,True,0.03925892393666032
161000.0,0.01,2,stay+deck,cov,16.0,2.453048241236231,0.03004427081132042,0.03878556511060405,0.0234,True,3.307387901671545,3.4382036926674338,3.4238680561291908,3.321000437028616,0.010000000000000002,0.010000000000000002,0.1084355605375269,0.8915983303190185,1,1,3.466796875,0.008525138657114267,0.025233415068816933,3.4437927789846317,0.011672586151919795,3.4437927789846317,0.011672586151919795,0.008037459829289391,165256.85787200928,163070.99468806703,,1,3.4437927789846317,0.008198819576051702,0.04124247937296625,-0.18011804239482992,3.4437927789846317,0.008198819576051702,0.001625583245436446,-0.18011804239482992,1,False,0.0
161000.0,0.01,2,stay+deck,data,4.0,2.453048241236231,0.03004427081132042,0.03878556511060405,0.0234,True,3.307387901671545,3.4382036926674338,3.4238680561291908,3.321000437028616,0.010000000000000002,0.010000000000000002,0.1084355605375269,0.8915983303190185,1,1,3.466796875,0.008525138657114267,0.025233415068816933,3.4484093428485476,0.014386792192405018,3.4484093428485476,0.014386792192405018,0.008037459829289391,165256.85787200928,163508.49619287087,,2,3.31851577804065,0.009790252424966218,0.0033645513317264513,-0.020974757503378415,3.4484093428485476,0.010638298017179703,0.0029683087720716425,0.06382980171797009,2,True,0.03839072030128489
161000.0,0.01,2,stay+deck,data,16.0,2.453048241236231,0.03004427081132042,0.03878556511060405,0.0234,True,3.307387901671545,3.4382036926674338,3.4238680561291908,3.321000437028616,0.010000000000000002,0.010000000000000002,0.1084355605375269,0.8915983303190185,1,1,3.466796875,0.008525138657114267,0.025233415068816933,3.4368625708945313,0.007604950552359213,3.4368625708945313,0.007604950552359213,0.008037459829289391,165256.85787200928,162415.3345542168,,2,3.312079994150812,0.01082357877660388,0.0014186701465818093,0.08235787766038784,3.4368625708945313,0.007990223180177062,-0.00039006466538403175,-0.20097768198229396,2,True,0.03697840825909616
143000.0,0.02,0,stay,cov,4.0,1.1697405529622953,-0.029116878236242406,0.03662616741848772,0.0234,True,3.2143680165328425,3.3342942161841527,3.227039131571072,3.321000437028616,0.019999999999999997,0.019999999999999997,0.8920454116169482,0.10800325065756017,1,1,3.1982421875,-0.00926321379107492,-0.017767653928491334,3.2315705460626263,0.002810375590192704,3.2315705460626263,0.002810375590192704,-0.008237540487975037,140645.3549861908,143591.91266996812,,1,3.2315705460626263,0.030339816470792133,0.005351761043322954,0.5169908235396069,3.2315705460626263,0.030339816470792133,-0.030808220109347716,0.5169908235396069,1,False,0.0
143000.0,0.02,0,stay,cov,16.0,1.1697405529622953,-0.029116878236242406,0.03662616741848772,0.0234,True,3.2143680165328425,3.3342942161841527,3.227039131571072,3.321000437028616,0.019999999999999997,0.019999999999999997,0.8920454116169482,0.10800325065756017,1,1,3.1982421875,-0.00926321379107492,-0.017767653928491334,3.1875794676693765,-0.02430612670389265,3.1875794676693765,-0.02430612670389265,-0.008237540487975037,140645.3549861908,139709.11436222654,,1,3.1875794676693765,0.006236524348495857,-0.008334001808654548,-0.6881737825752071,3.1875794676693765,0.006236524348495857,-0.04400174039910614,-0.6881737825752071,1,False,0.0
143000.0,0.02,0,stay,data,4.0,1.1697405529622953,-0.029116878236242406,0.03662616741848772,0.0234,True,3.2143680165328425,3.3342942161841527,3.227039131571072,3.321000437028616,0.019999999999999997,0.019999999999999997,0.8920454116169482,0.10800325065756017,1,1,3.1982421875,-0.00926321379107492,-0.017767653928491334,3.215140637878742,-0.0073606532780018386,3.215140637878742,-0.0073606532780018386,-0.008237540487975037,140645.3549861908,142135.52816841574,,1,3.215140637878742,0.020438462250765815,0.00024036493081243344,0.021923112538290924,3.215140637878742,0.020438462250765815,-0.035735772124444606,0.021923112538290924,1,False,0.0
143000.0,0.02,0,stay,data,16.0,1.1697405529622953,-0.029116878236242406,0.03662616741848772,0.0234,True,3.2143680165328425,3.3342942161841527,3.227039131571072,3.321000437028616,0.019999999999999997,0.019999999999999997,0.8920454116169482,0.10800325065756017,1,1,3.1982421875,-0.00926321379107492,-0.017767653928491334,3.192834965150483,-0.021086138671922217,3.192834965150483,-0.021086138671922217,-0.008237540487975037,140645.3549861908,140170.18282695295,,1,3.192834965150483,0.005842443188055192,-0.006699000012321548,-0.7078778405972403,3.192834965150483,0.005842443188055192,-0.04242554551636389,-0.7078778405972403,1,False,0.0
143000.0,0.02,0,stay2,cov,4.0,1.1697405529622953,-0.029116878236242406,0.03662616741848772,0.0234,True,3.2143680165328425,3.3342942161841527,3.227039131571072,3.321000437028616,0.019999999999999997,0.019999999999999997,0.8920454116169482,0.10800325065756017,1,1,3.1982421875,-0.00926321379107492,-0.017767653928491334,3.177923321507306,-0.030208519124239275,3.2362694332532893,0.005728782344225136,-0.008237540487975037,140645.3549861908,138863.95376397538,,2,3.2362694332532893,0.037959232816812995,0.006813599627609096,0.89796164084065,3.2362694332532893,0.037959232816812995,-0.02939896019225481,0.89796164084065,1,False,0.018192815207394273
143000.0,0.02,0,stay2,cov,16.0,1.1697405529622953,-0.029116878236242406,0.03662616741848772,0.0234,True,3.2143680165328425,3.3342942161841527,3.227039131571072,3.321000437028616,0.019999999999999997,0.019999999999999997,0.8920454116169482,0.10800325065756017,1,1,3.1982421875,-0.00926321379107492,-0.017767653928491334,3.190796671266834,-0.02233560960130032,3.190796671266834,-0.02233560960130032,-0.008237540487975037,140645.3549861908,139991.27171380323,,2,3.190796671266834,0.007045933295913026,-0.007333119650510262,-0.6477033352043486,3.271467882758005,0.030304638014028263,-0.018842468406416707,0.5152319007014133,1,False,0.02496685513777896
143000.0,0.02,0,stay2,data,4.0,1.1697405529622953,-0.029116878236242406,0.03662616741848772,0.0234,True,3.2143680165328425,3.3342942161841527,3.227039131571072,3.321000437028616,0.019999999999999997,0.019999999999999997,0.8920454116169482,0.10800325065756017,1,1,3.1982421875,-0.00926321379107492,-0.017767653928491334,3.223661332839509,-0.0020923396297263253,3.223661332839509,-0.0020923396297263253,-0.008237540487975037,140645.3549861908,142889.89534661325,,1,3.223661332839509,0.024760235409579074,0.002891179932996847,0.2380117704789539,3.223661332839509,0.024760235409579074,-0.03318030028893325,0.2380117704789539,1,False,0.0
143000.0,0.02,0,stay2,data,16.0,1.1697405529622953,-0.029116878236242406,0.03662616741848772,0.0234,True,3.2143680165328425,3.3342942161841527,3.227039131571072,3.321000437028616,0.019999999999999997,0.019999999999999997,0.8920454116169482,0.10800325065756017,1,1,3.1982421875,-0.00926321379107492,-0.017767653928491334,3.199048975752819,-0.017272035758254534,3.199048975752819,-0.017272035758254534,-0.008237540487975037,140645.3549861908,140716.32230239594,,1,3.199048975752819,0.010554890800541632,-0.004765801769191148,-0.4722554599729183,3.199048975752819,0.010554890800541632,-0.04056187956505882,-0.4722554599729183,1,False,0.0
143000.0,0.02,0,stay+deck,cov,4.0,1.1697405529622953,-0.029116878236242406,0.03662616741848772,0.0234,True,3.2143680165328425,3.3342942161841527,3.227039131571072,3.321000437028616,0.019999999999999997,0.019999999999999997,0.8920454116169482,0.10800325065756017,1,1,3.1982421875,-0.00926321379107492,-0.017767653928491334,3.199775283285268,-0.016825750781672588,3.199775283285268,-0.016825750781672588,-0.008237540487975037,140645.3549861908,140780.2256234456,,2,3.199775283285268,0.010353753256714603,-0.004539845211412648,-0.4823123371642698,3.322215378832942,0.014973730614935949,-0.0036226069350994952,-0.25131346925320247,2,True,0.03754684785393662
143000.0,0.02,0,stay+deck,cov,16.0,1.1697405529622953,-0.029116878236242406,0.03662616741848772,0.0234,True,3.2143680165328425,3.3342942161841527,3.227039131571072,3.321000437028616,0.019999999999999997,0.019999999999999997,0.8920454116169482,0.10800325065756017,1,1,3.1982421875,-0.00926321379107492,-0.017767653928491334,3.1892204403937123,-0.023301289540686,3.2173936301874844,-0.005968992606728896,-0.008237540487975037,140645.3549861908,139852.99648959463,,3,3.2173936301874844,0.024041778332807788,0.0009412779243321933,0.20208891664038958,3.330197063807319,0.014512349193485695,-0.0012287914956474637,-0.27438254032571513,2,True,0.043436178888908966
143000.0,0.02,0,stay+deck,data,4.0,1.1697405529622953,-0.029116878236242406,0.03662616741848772,0.0234,True,3.2143680165328425,3.3342942161841527,3.227039131571072,3.321000437028616,0.019999999999999997,0.019999999999999997,0.8920454116169482,0.10800325065756017,1,1,3.1982421875,-0.00926321379107492,-0.017767653928491334,3.202667746728746,-0.01504745033313204,3.202667746728746,-0.01504745033313204,-0.008237540487975037,140645.3549861908,141034.85956912802,,2,3.202667746728746,0.01507187143803912,-0.003639990736566961,-0.24640642809804392,3.3320160513578436,0.014566695573589165,-0.000683252490212527,-0.27166522132054166,2,True,0.039588236745891826
143000.0,0.02,0,stay+deck,data,16.0,1.1697405529622953,-0.029116878236242406,0.03662616741848772,0.0234,True,3.2143680165328425,3.3342942161841527,3.227039131571072,3.321000437028616,0.019999999999999997,0.019999999999999997,0.8920454116169482,0.10800325065756017,1,1,3.1982421875,-0.00926321379107492,-0.017767653928491334,3.1928901435986696,-0.02105230327791774,3.1928901435986696,-0.02105230327791774,-0.008237540487975037,140645.3549861908,140175.0276999811,,2,3.1928901435986696,0.011564081028325013,-0.00668183382353956,-0.42179594858374925,3.334097839812097,0.014621277717324497,-5.889593398879615e-05,-0.26893611413377505,2,True,0.043268869675362094
143000.0,0.02,1,stay,cov,4.0,1.1697405529622953,-0.029116878236242406,0.03662616741848772,0.0234,True,3.2143680165328425,3.3342942161841527,3.227039131571072,3.321000437028616,0.019999999999999997,0.019999999999999997,0.8920454116169482,0.10800325065756017,2,1,3.22265625,-0.00926321379107492,-0.0027145039362527212,3.217348561095063,-0.0059968410870283595,3.217348561095063,-0.0059968410870283595,-0.008237540487975037,142800.80795288086,142330.8117492315,,1,3.217348561095063,0.017816840427929963,0.0009272567879254778,-0.10915797860350172,3.217348561095063,0.017816840427929963,-0.03507358604452277,-0.10915797860350172,1,False,0.0
143000.0,0.02,1,stay,cov,16.0,1.1697405529622953,-0.029116878236242406,0.03662616741848772,0.0234,True,3.2143680165328425,3.3342942161841527,3.227039131571072,3.321000437028616,0.019999999999999997,0.019999999999999997,0.8920454116169482,0.10800325065756017,2,1,3.22265625,-0.00926321379107492,-0.0027145039362527212,3.216531037009638,-0.006501926728161189,3.216531037009638,-0.006501926728161189,-0.008237540487975037,142800.80795288086,142258.4887906366,,1,3.216531037009638,0.017252388190691213,0.0006729224736153309,-0.1373805904654392,3.216531037009638,0.017252388190691213,-0.03531877259148591,-0.1373805904654392,1,False,0.0
143000.0,0.02,1,stay,data,4.0,1.1697405529622953,-0.029116878236242406,0.03662616741848772,0.0234,True,3.2143680165328425,3.3342942161841527,3.227039131571072,3.321000437028616,0.019999999999999997,0.019999999999999997,0.8920454116169482,0.10800325065756017,2,1,3.22265625,-0.00926321379107492,-0.0027145039362527212,3.2152353880472835,-0.007302146268907905,3.2152353880472835,-0.007302146268907905,-0.008237540487975037,142800.80795288086,142143.90575758403,,1,3.2152353880472835,0.018349816783120716,0.0002698420062605416,-0.08250916084396408,3.2152353880472835,0.018349816783120716,-0.035707355265463946,-0.08250916084396408,1,False,0.0
143000.0,0.02,1,stay,data,16.0,1.1697405529622953,-0.029116878236242406,0.03662616741848772,0.0234,True,3.2143680165328425,3.3342942161841527,3.227039131571072,3.321000437028616,0.019999999999999997,0.019999999999999997,0.8920454116169482,0.10800325065756017,2,1,3.22265625,-0.00926321379107492,-0.0027145039362527212,3.220028470120517,-0.004340230113167753,3.220028470120517,-0.004340230113167753,-0.008237540487975037,142800.80795288086,142568.02104031682,,1,3.220028470120517,0.01751193763092477,0.0017609849147826949,-0.12440311845376141,3.220028470120517,0.01751193763092477,-0.03426984502717469,-0.12440311845376141,1,False,0.0
143000.0,0.02,1,stay2,cov,4.0,1.1697405529622953,-0.029116878236242406,0.03662616741848772,0.0234,True,3.2143680165328425,3.3342942161841527,3.227039131571072,3.321000437028616,0.019999999999999997,0.019999999999999997,0.8920454116169482,0.10800325065756017,2,1,3.22265625,-0.00926321379107492,-0.0027145039362527212,3.219245865025107,-0.004824147398929335,3.219245865025107,-0.004824147398929335,-0.008237540487975037,142800.80795288086,142498.7291678672,,1,3.219245865025107,0.01840085154785481,0.0015175140080960392,-0.07995742260725938,3.219245865025107,0.01840085154785481,-0.034504558896038214,-0.07995742260725938,1,False,0.0
143000.0,0.02,1,stay2,cov,16.0,1.1697405529622953,-0.029116878236242406,0.03662616741848772,0.0234,True,3.2143680165328425,3.3342942161841527,3.227039131571072,3.321000437028616,0.019999999999999997,0.019999999999999997,0.8920454116169482,0.10800325065756017,2,1,3.22265625,-0.00926321379107492,-0.0027145039362527212,3.213504375157681,-0.008370752455184038,3.213504375157681,-0.008370752455184038,-0.008237540487975037,142800.80795288086,141990.8925759164,,1,3.213504375157681,0.017554240855677805,-0.00026868154819847506,-0.1222879572161096,3.213504375157681,0.017554240855677805,-0.03622650947843069,-0.1222879572161096,1,False,0.0
143000.0,0.02,1,stay2,data,4.0,1.1697405529622953,-0.029116878236242406,0.03662616741848772,0.0234,True,3.2143680165328425,3.3342942161841527,3.227039131571072,3.321000437028616,0.019999999999999997,0.019999999999999997,0.8920454116169482,0.10800325065756017,2,1,3.22265625,-0.00926321379107492,-0.0027145039362527212,3.2176456133991906,-0.005813283381676859,3.2176456133991906,-0.005813283381676859,-0.008237540487975037,142800.80795288086,142357.095284622,,1,3.2176456133991906,0.018261437493835093,0.001019670694049357,-0.08692812530824522,3.2176456133991906,0.018261437493835093,-0.03498449603480329,-0.08692812530824522,1,False,0.0
143000.0,0.02,1,stay2,data,16.0,1.1697405529622953,-0.029116878236242406,0.03662616741848772,0.0234,True,3.2143680165328425,3.3342942161841527,3.227039131571072,3.321000437028616,0.019999999999999997,0.019999999999999997,0.8920454116169482,0.10800325065756017,2,1,3.22265625,-0.00926321379107492,-0.0027145039362527212,3.223724117391881,-0.0020534684274394754,3.223724117391881,-0.0020534684274394754,-0.008237540487975037,142800.80795288086,142895.46129449335,,1,3.223724117391881,0.016565629574667708,0.0029107124047140914,-0.1717185212666145,3.223724117391881,0.016565629574667708,-0.03316147035123099,-0.1717185212666145,1,False,0.0
143000.0,0.02,1,stay+deck,cov,4.0,1.1697405529622953,-0.029116878236242406,0.03662616741848772,0.0234,True,3.2143680165328425,3.3342942161841527,3.227039131571072,3.321000437028616,0.019999999999999997,0.019999999999999997,0.8920454116169482,0.10800325065756017,2,1,3.22265625,-0.00926321379107492,-0.0027145039362527212,3.2247916663880045,-0.0013924111050839239,3.2247916663880045,-0.0013924111050839239,-0.008237540487975037,142800.80795288086,142990.11775957592,,2,3.2247916663880045,0.01597445279250365,0.0032428302551384203,-0.2012773603748174,3.344912271295356,0.0254745093618744,0.0031844985543461528,0.2737254680937203,2,True,0.03656804204474055
143000.0,0.02,1,stay+deck,cov,16.0,1.1697405529622953,-0.029116878236242406,0.03662616741848772,0.0234,True,3.2143680165328425,3.3342942161841527,3.227039131571072,3.321000437028616,0.019999999999999997,0.019999999999999997,0.8920454116169482,0.10800325065756017,2,1,3.22265625,-0.00926321379107492,-0.0027145039362527212,3.214599329876012,-0.007694870937655196,3.214599329876012,-0.007694870937655196,-0.008237540487975037,142800.80795288086,142087.67171004045,,1,3.214599329876012,0.013654509810827756,7.196230860304796e-05,-0.3172745094586121,3.214599329876012,0.013654509810827756,-0.03589811772673209,-0.3172745094586121,1,False,0.0
143000.0,0.02,1,stay+deck,data,4.0,1.1697405529622953,-0.029116878236242406,0.03662616741848772,0.0234,True,3.2143680165328425,3.3342942161841527,3.227039131571072,3.321000437028616,0.019999999999999997,0.019999999999999997,0.8920454116169482,0.10800325065756017,2,1,3.22265625,-0.00926321379107492,-0.0027145039362527212,3.223965839152037,-0.0019038064668199794,3.223965839152037,-0.0019038064668199794,-0.008237540487975037,142800.80795288086,142916.89131526535,,2,3.223965839152037,0.016545464666653676,0.002985912804578931,-0.17272676666731607,3.3416747092709285,0.025403904289051964,0.00221350984893655,0.2701952144525984,2,True,0.03585602021638684
143000.0,0.02,1,stay+deck,data,16.0,1.1697405529622953,-0.029116878236242406,0.03662616741848772,0.0234,True,3.2143680165328425,3.3342942161841527,3.227039131571072,3.321000437028616,0.019999999999999997,0.019999999999999997,0.8920454116169482,0.10800325065756017,2,1,3.22265625,-0.00926321379107492,-0.0027145039362527212,3.2191905172201163,-0.0048583667955421905,3.2191905172201163,-0.0048583667955421905,-0.008237540487975037,142800.80795288086,142493.8293096989,,2,3.2191905172201163,0.014251127344893961,0.0015002951318796112,-0.2874436327553018,3.3406830950414403,0.02239548064713803,0.0019161113096369943,0.11977403235690165,2,True,0.03704113371764757
143000.0,0.02,2,stay,cov,4.0,1.1697405529622953,-0.029116878236242406,0.03662616741848772,0.0234,True,3.2143680165328425,3.3342942161841527,3.227039131571072,3.321000437028616,0.019999999999999997,0.019999999999999997,0.8920454116169482,0.10800325065756017,1,1,3.18603515625,-0.00926321379107492,-0.025251301690792594,3.2174280296050846,-0.005947736724199348,3.2174280296050846,-0.005947736724199348,-0.008237540487975037,139573.77523183823,142337.8429782163,,1,3.2174280296050846,0.03613699934308651,0.0009519796913430845,0.8068499671543256,3.2174280296050846,0.03613699934308651,-0.03504975236192942,0.8068499671543256,1,False,0.0
143000.0,0.02,2,stay,cov,16.0,1.1697405529622953,-0.029116878236242406,0.03662616741848772,0.0234,True,3.2143680165328425,3.3342942161841527,3.227039131571072,3.321000437028616,0.019999999999999997,0.019999999999999997,0.8920454116169482,0.10800325065756017,1,1,3.18603515625,-0.00926321379107492,-0.025251301690792594,3.192002276991824,-0.02159667159769496,3.192002276991824,-0.02159667159769496,-0.008237540487975037,139573.77523183823,140097.0798744136,,1,3.192002276991824,0.022792481245675008,-0.006958051917509761,0.13962406228375057,3.192002276991824,0.022792481245675008,-0.04267527997429419,0.13962406228375057,1,False,0.0
143000.0,0.02,2,stay,data,4.0,1.1697405529622953,-0.029116878236242406,0.03662616741848772,0.0234,True,3.2143680165328425,3.3342942161841527,3.227039131571072,3.321000437028616,0.019999999999999997,0.019999999999999997,0.8920454116169482,0.10800325065756017,1,1,3.18603515625,-0.00926321379107492,-0.025251301690792594,,,,,-0.008237540487975037,139573.77523183823,,,0,,,,,,,,,0,False,0.0
143000.0,0.02,2,stay,data,16.0,1.1697405529622953,-0.029116878236242406,0.03662616741848772,0.0234,True,3.2143680165328425,3.3342942161841527,3.227039131571072,3.321000437028616,0.019999999999999997,0.019999999999999997,0.8920454116169482,0.10800325065756017,1,1,3.18603515625,-0.00926321379107492,-0.025251301690792594,3.1944648509285063,-0.020086447150304942,3.1944648509285063,-0.020086447150304942,-0.008237540487975037,139573.77523183823,140313.32815249317,,1,3.1944648509285063,0.02481797290636443,-0.006191937420346992,0.2408986453182216,3.1944648509285063,0.02481797290636443,-0.041936720693973584,0.2408986453182216,1,False,0.0
143000.0,0.02,2,stay2,cov,4.0,1.1697405529622953,-0.029116878236242406,0.03662616741848772,0.0234,True,3.2143680165328425,3.3342942161841527,3.227039131571072,3.321000437028616,0.019999999999999997,0.019999999999999997,0.8920454116169482,0.10800325065756017,1,1,3.18603515625,-0.00926321379107492,-0.025251301690792594,3.187345277714642,-0.024449488971425293,3.187345277714642,-0.024449488971425293,-0.008237540487975037,139573.77523183823,139688.58639133515,,1,3.187345277714642,0.013433350560591967,-0.008406859040163174,-0.32833247197040155,3.187345277714642,0.013433350560591967,-0.04407197713874289,-0.32833247197040155,1,False,0.0
143000.0,0.02,2,stay2,cov,16.0,1.1697405529622953,-0.029116878236242406,0.03662616741848772,0.0234,True,3.2143680165328425,3.3342942161841527,3.227039131571072,3.321000437028616,0.019999999999999997,0.019999999999999997,0.8920454116169482,0.10800325065756017,1,1,3.18603515625,-0.00926321379107492,-0.025251301690792594,3.198607625189508,-0.017543177353584127,3.198607625189508,-0.017543177353584127,-0.008237540487975037,139573.77523183823,140677.4976739064,,2,3.198607625189508,0.026115021758278394,-0.004903107317603989,0.30575108791391986,3.198607625189508,0.026115021758278394,-0.04069424657729442,0.30575108791391986,1,False,0.02322517806803916
143000.0,0.02,2,stay2,data,4.0,1.1697405529622953,-0.029116878236242406,0.03662616741848772,0.0234,True,3.2143680165328425,3.3342942161841527,3.227039131571072,3.321000437028616,0.019999999999999997,0.019999999999999997,0.8920454116169482,0.10800325065756017,1,1,3.18603515625,-0.00926321379107492,-0.025251301690792594,3.1941121440939244,-0.02030282337801148,3.1941121440939244,-0.02030282337801148,-0.008237540487975037,139573.77523183823,140282.34534941392,,1,3.1941121440939244,0.014068319274635387,-0.0063016656259437896,-0.29658403626823054,3.1941121440939244,0.014068319274635387,-0.042042502251242855,-0.29658403626823054,1,False,0.0
143000.0,0.02,2,stay2,data,16.0,1.1697405529622953,-0.029116878236242406,0.03662616741848772,0.0234,True,3.2143680165328425,3.3342942161841527,3.227039131571072,3.321000437028616,0.019999999999999997,0.019999999999999997,0.8920454116169482,0.10800325065756017,1,1,3.18603515625,-0.00926321379107492,-0.025251301690792594,,,,,-0.008237540487975037,139573.77523183823,,,0,,,,,,,,,0,False,0.0
143000.0,0.02,2,stay+deck,cov,4.0,1.1697405529622953,-0.029116878236242406,0.03662616741848772,0.0234,True,3.2143680165328425,3.3342942161841527,3.227039131571072,3.321000437028616,0.019999999999999997,0.019999999999999997,0.8920454116169482,0.10800325065756017,1,1,3.18603515625,-0.00926321379107492,-0.025251301690792594,3.218559909468623,-0.005248205520231086,3.218559909468623,-0.005248205520231086,-0.008237540487975037,139573.77523183823,142438.00849903174,,2,3.218559909468623,0.021491593365165953,0.0013041110769581518,0.0745796682582978,3.337200560658412,0.02009330223155722,0.000871652075618355,0.0046651115778612385,2,True,0.036194321537647595
143000.0,0.02,2,stay+deck,cov,16.0,1.1697405529622953,-0.029116878236242406,0.03662616741848772,0.0234,True,3.2143680165328425,3.3342942161841527,3.227039131571072,3.321000437028616,0.019999999999999997,0.019999999999999997,0.8920454116169482,0.10800325065756017,1,1,3.18603515625,-0.00926321379107492,-0.025251301690792594,,,,,-0.008237540487975037,139573.77523183823,,,0,,,,,,,,,0,False,0.0
143000.0,0.02,2,stay+deck,data,4.0,1.1697405529622953,-0.029116878236242406,0.03662616741848772,0.0234,True,3.2143680165328425,3.3342942161841527,3.227039131571072,3.321000437028616,0.019999999999999997,0.019999999999999997,0.8920454116169482,0.10800325065756017,1,1,3.18603515625,-0.00926321379107492,-0.025251301690792594,3.2170685848820004,-0.006169831439859497,3.2170685848820004,-0.006169831439859497,-0.008237540487975037,139573.77523183823,142306.0413477268,,2,3.2170685848820004,0.02128004701247436,0.0008401553074407561,0.06400235062371824,3.3335178826552836,0.019356706820545112,-0.0002328329411066587,-0.03216465897274424,2,True,0.035553854101574106
143000.0,0.02,2,stay+deck,data,16.0,1.1697405529622953,-0.029116878236242406,0.03662616741848772,0.0234,True,3.2143680165328425,3.3342942161841527,3.227039131571072,3.321000437028616,0.019999999999999997,0.019999999999999997,0.8920454116169482,0.10800325065756017,1,1,3.18603515625,-0.00926321379107492,-0.025251301690792594,3.191201097217772,-0.022087760584845184,3.191201097217772,-0.022087760584845184,-0.008237540487975037,139573.77523183823,140026.7610896538,,2,3.191201097217772,0.01838746438157308,-0.007207301465144424,-0.08062678092134579,3.3367461547080834,0.015078251388568168,0.0007353695759748618,-0.2460874305715915,2,True,0.044591370571314945
147000.0,0.02,0,stay,cov,4.0,0.782780316093748,-0.015036997071102938,0.027464172230485424,0.0234,True,3.251453429339181,3.3419952341831007,3.27180235460519,3.321000437028616,0.02,0.020000000000000004,0.7725174835975883,0.22752755999503582,1,1,3.1982421875,-0.013850137962030445,-0.0444606549935177,3.2603395886484496,-0.0069947293907564045,3.2603395886484496,-0.0069947293907564045,-0.012777950006257434,140645.3549861908,146159.94570798968,,1,3.2603395886484496,0.027603058378026745,0.0027329806507715667,0.38015291890133723,3.2603395886484496,0.027603058378026745,-0.024433202267749664,0.380152918901337,1,False,0.0
147000.0,0.02,0,stay,cov,16.0,0.782780316093748,-0.015036997071102938,0.027464172230485424,0.0234,True,3.251453429339181,3.3419952341831007,3.27180235460519,3.321000437028616,0.02,0.020000000000000004,0.7725174835975883,0.22752755999503582,1,1,3.1982421875,-0.013850137962030445,-0.0444606549935177,3.304320793759601,0.019976780974979125,3.304320793759601,0.019976780974979125,-0.012777950006257434,140645.3549861908,150129.86873599107,,1,3.304320793759601,0.027787532778824602,0.01625960991579225,0.3893766389412301,3.304320793759601,0.027787532778824602,-0.011273038344924156,0.38937663894122987,0,False,0.0
147000.0,0.02,0,stay,data,4.0,0.782780316093748,-0.015036997071102938,0.027464172230485424,0.0234,True,3.251453429339181,3.3419952341831007,3.27180235460519,3.321000437028616,0.02,0.020000000000000004,0.7725174835975883,0.22752755999503582,1,1,3.1982421875,-0.013850137962030445,-0.0444606549935177,3.262979290709505,-0.005386124447593232,3.262979290709505,-0.005386124447593232,-0.012777950006257434,140645.3549861908,146396.7154594877,,1,3.262979290709505,0.03023908491879413,0.0035448336015892687,0.5119542459397065,3.262979290709505,0.03023908491879413,-0.023643344151240232,0.5119542459397062,1,False,0.0
147000.0,0.02,0,stay,data,16.0,0.782780316093748,-0.015036997071102938,0.027464172230485424,0.0234,True,3.251453429339181,3.3419952341831007,3.27180235460519,3.321000437028616,0.02,0.020000000000000004,0.7725174835975883,0.22752755999503582,1,1,3.1982421875,-0.013850137962030445,-0.0444606549935177,3.186527287461938,-0.0514479597767733,3.298039222404805,0.01610247980020496,-0.012777950006257434,140645.3549861908,139616.89711391865,,2,3.298039222404805,0.026613345654523272,0.014327682704990232,0.3306672827261636,3.298039222404805,0.026613345654523272,-0.013152625512058862,0.33066728272616336,0,False,0.0343930268193543
147000.0,0.02,0,stay2,cov,4.0,0.782780316093748,-0.015036997071102938,0.027464172230485424,0.0234,True,3.251453429339181,3.3419952341831007,3.27180235460519,3.321000437028616,0.02,0.020000000000000004,0.7725174835975883,0.22752755999503582,1,1,3.1982421875,-0.013850137962030445,-0.0444606549935177,3.299034632891801,0.016715930175860594,3.299034632891801,0.016715930175860594,-0.012777950006257434,140645.3549861908,149649.90574901868,,1,3.299034632891801,0.030430653615518506,0.014633825944814624,0.5215326807759253,3.299034632891801,0.030430653615518506,-0.012854776347938392,0.521532680775925,0,False,0.0
147000.0,0.02,0,stay2,cov,16.0,0.782780316093748,-0.015036997071102938,0.027464172230485424,0.0234,True,3.251453429339181,3.3419952341831007,3.27180235460519,3.321000437028616,0.02,0.020000000000000004,0.7725174835975883,0.22752755999503582,1,1,3.1982421875,-0.013850137962030445,-0.0444606549935177,3.187900229786683,-0.050630400295368694,3.2955920212728094,0.014595108650987454,-0.012777950006257434,140645.3549861908,139737.23328226732,,2,3.2955920212728094,0.030335051385830578,0.01357503433244597,0.5167525692915288,3.2955920212728094,0.030335051385830578,-0.013884883029054924,0.5167525692915286,0,False,0.03322030390906323
147000.0,0.02,0,stay2,data,4.0,0.782780316093748,-0.015036997071102938,0.027464172230485424,0.0234,True,3.251453429339181,3.3419952341831007,3.27180235460519,3.321000437028616,0.02,0.020000000000000004,0.7725174835975883,0.22752755999503582,1,1,3.1982421875,-0.013850137962030445,-0.0444606549935177,,,,,-0.012777950006257434,140645.3549861908,,,0,,,,,,,,,0,False,0.0
147000.0,0.02,0,stay2,data,16.0,0.782780316093748,-0.015036997071102938,0.027464172230485424,0.0234,True,3.251453429339181,3.3419952341831007,3.27180235460519,3.321000437028616,0.02,0.020000000000000004,0.7725174835975883,0.22752755999503582,1,1,3.1982421875,-0.013850137962030445,-0.0444606549935177,3.303005621776554,0.0191650087462778,3.2058980133632557,-0.03988051495998213,-0.012777950006257434,140645.3549861908,150010.3843904534,,2,3.2058980133632557,0.004377283813232528,-0.01401078531983884,-0.7811358093383736,3.303005621776554,0.02605244694288023,-0.011666567327130601,0.3026223471440112,0,False,0.029838391795828884
147000.0,0.02,0,stay+deck,cov,4.0,0.782780316093748,-0.015036997071102938,0.027464172230485424,0.0234,True,3.251453429339181,3.3419952341831007,3.27180235460519,3.321000437028616,0.02,0.020000000000000004,0.7725174835975883,0.22752755999503582,1,1,3.1982421875,-0.013850137962030445,-0.0444606549935177,3.3333723336294274,0.037990865910469296,3.220437989937312,-0.03115174567359902,-0.012777950006257434,140645.3549861908,152781.3528258338,,2,3.220437989937312,0.02287882166561441,-0.009538946220789699,0.14394108328072056,3.3333723336294274,0.014908694705792163,-0.0025801654249758537,-0.25456526471039204,2,True,0.03446372052789399
147000.0,0.02,0,stay+deck,cov,16.0,0.782780316093748,-0.015036997071102938,0.027464172230485424,0.0234,True,3.251453429339181,3.3419952341831007,3.27180235460519,3.321000437028616,0.02,0.020000000000000004,0.7725174835975883,0.22752755999503582,1,1,3.1982421875,-0.013850137962030445,-0.0444606549935177,3.340805906431596,0.04262556218291769,3.340805906431596,0.04262556218291769,-0.012777950006257434,140645.3549861908,153463.53143616326,,1,3.340805906431596,0.01474398797027713,0.027480780221593105,-0.26280060148614354,3.340805906431596,0.01474398797027713,-0.0003558735629960952,-0.26280060148614365,1,False,0.0
147000.0,0.02,0,stay+deck,data,4.0,0.782780316093748,-0.015036997071102938,0.027464172230485424,0.0234,True,3.251453429339181,3.3419952341831007,3.27180235460519,3.321000437028616,0.02,0.020000000000000004,0.7725174835975883,0.22752755999503582,1,1,3.1982421875,-0.013850137962030445,-0.0444606549935177,3.3328889088413387,0.03768981695589635,3.2256966378896252,-0.02798510090292028,-0.012777950006257434,140645.3549861908,152737.04158181712,,2,3.2256966378896252,0.02151068006751976,-0.007921623978108252,0.07553400337598805,3.3328889088413387,0.015205408096024059,-0.0027248169741893526,-0.23972959519879722,2,True,0.03268761844698114
147000.0,0.02,0,stay+deck,data,16.0,0.782780316093748,-0.015036997071102938,0.027464172230485424,0.0234,True,3.251453429339181,3.3419952341831007,3.27180235460519,3.321000437028616,0.02,0.020000000000000004,0.7725174835975883,0.22752755999503582,1,1,3.1982421875,-0.013850137962030445,-0.0444606549935177,3.3499499557354833,0.04834086993892828,3.3499499557354833,0.04834086993892828,-0.012777950006257434,140645.3549861908,154304.76470656728,,1,3.3499499557354833,0.018929769174839038,0.030293076169422704,-0.05351154125804811,3.3499499557354833,0.018929769174839038,0.002380231267543066,-0.05351154125804828,1,False,0.0
147000.0,0.02,1,stay,cov,4.0,0.782780316093748,-0.015036997071102938,0.027464172230485424,0.0234,True,3.251453429339181,3.3419952341831007,3.27180235460519,3.321000437028616,0.02,0.020000000000000004,0.7725174835975883,0.22752755999503582,2,1,3.25927734375,-0.013850137962030445,-0.007641682213053946,3.2421402003343727,-0.018049804084640075,3.2421402003343727,-0.018049804084640075,-0.012777950006257434,146064.72104787827,144532.75483108283,,1,3.2421402003343727,0.018798854834211398,-0.0028643279712300645,-0.060057258289430114,3.2421402003343727,0.018798854834211398,-0.029878867817456984,-0.060057258289430274,1,False,0.0
147000.0,0.02,1,stay,cov,16.0,0.782780316093748,-0.015036997071102938,0.027464172230485424,0.0234,True,3.251453429339181,3.3419952341831007,3.27180235460519,3.321000437028616,0.02,0.020000000000000004,0.7725174835975883,0.22752755999503582,2,1,3.25927734375,-0.013850137962030445,-0.007641682213053946,3.236689464750177,-0.021348767927872214,3.236689464750177,-0.021348767927872214,-0.012777950006257434,146064.72104787827,144047.18200434084,,1,3.236689464750177,0.016109281268404805,-0.004540727680668101,-0.19453593657975976,3.236689464750177,0.016109281268404805,-0.031509850270227555,-0.1945359365797599,1,False,0.0
147000.0,0.02,1,stay,data,4.0,0.782780316093748,-0.015036997071102938,0.027464172230485424,0.0234,True,3.251453429339181,3.3419952341831007,3.27180235460519,3.321000437028616,0.02,0.020000000000000004,0.7725174835975883,0.22752755999503582,2,1,3.25927734375,-0.013850137962030445,-0.007641682213053946,3.2446804707356978,-0.016510452870122094,3.2446804707356978,-0.016510452870122094,-0.012777950006257434,146064.72104787827,144759.3311611374,,1,3.2446804707356978,0.020886450040136638,-0.002083055701295885,0.044322502006831875,3.2446804707356978,0.020886450040136638,-0.029118761885724254,0.044322502006831695,1,False,0.0
147000.0,0.02,1,stay,data,16.0,0.782780316093748,-0.015036997071102938,0.027464172230485424,0.0234,True,3.251453429339181,3.3419952341831007,3.27180235460519,3.321000437028616,0.02,0.020000000000000004,0.7725174835975883,0.22752755999503582,2,1,3.25927734375,-0.013850137962030445,-0.007641682213053946,3.2422102228415843,-0.01800738805514257,3.2422102228415843,-0.01800738805514257,-0.012777950006257434,146064.72104787827,144538.99802510405,,1,3.2422102228415843,0.01656288933787381,-0.0028427922153801354,-0.17185553310630955,3.2422102228415843,0.01656288933787381,-0.02985791551133295,-0.1718555331063097,1,False,0.0
147000.0,0.02,1,stay2,cov,4.0,0.782780316093748,-0.015036997071102938,0.027464172230485424,0.0234,True,3.251453429339181,3.3419952341831007,3.27180235460519,3.321000437028616,0.02,0.020000000000000004,0.7725174835975883,0.22752755999503582,2,1,3.25927734375,-0.013850137962030445,-0.007641682213053946,3.255499110673446,-0.009941080177625405,3.255499110673446,-0.009941080177625405,-0.012777950006257434,146064.72104787827,145726.27381943946,,1,3.255499110673446,0.017541258592976984,0.0012442685777871712,-0.12293707035115081,3.255499110673446,0.017541258592976984,-0.02588158194390648,-0.12293707035115096,1,False,0.0
147000.0,0.02,1,stay2,cov,16.0,0.782780316093748,-0.015036997071102938,0.027464172230485424,0.0234,True,3.251453429339181,3.3419952341831007,3.27180235460519,3.321000437028616,0.02,0.020000000000000004,0.7725174835975883,0.22752755999503582,2,1,3.25927734375,-0.013850137962030445,-0.007641682213053946,3.228173383194552,-0.026491868375279615,3.228173383194552,-0.026491868375279615,-0.012777950006257434,146064.72104787827,143290.1716395292,,2,3.228173383194552,0.009459437572116786,-0.00715988915435893,-0.5270281213941608,3.346711622490112,0.008906957083490355,0.001411249261749472,-0.5546521458254823,2,True,0.03605788974045063
147000.0,0.02,1,stay2,data,4.0,0.782780316093748,-0.015036997071102938,0.027464172230485424,0.0234,True,3.251453429339181,3.3419952341831007,3.27180235460519,3.321000437028616,0.02,0.020000000000000004,0.7725174835975883,0.22752755999503582,2,1,3.25927734375,-0.013850137962030445,-0.007641682213053946,3.2565064371731425,-0.009328291263824617,3.2565064371731425,-0.009328291263824617,-0.012777950006257434,146064.72104787827,145816.46991106405,,1,3.2565064371731425,0.018743847314283968,0.0015540766441143952,-0.06280763428580162,3.2565064371731425,0.018743847314283968,-0.02558016724127815,-0.06280763428580179,1,False,0.0
147000.0,0.02,1,stay2,data,16.0,0.782780316093748,-0.015036997071102938,0.027464172230485424,0.0234,True,3.251453429339181,3.3419952341831007,3.27180235460519,3.321000437028616,0.02,0.020000000000000004,0.7725174835975883,0.22752755999503582,2,1,3.25927734375,-0.013850137962030445,-0.007641682213053946,,,,,-0.012777950006257434,146064.72104787827,,,0,,,,,,,,,0,False,0.0
147000.0,0.02,1,stay+deck,cov,4.0,0.782780316093748,-0.015036997071102938,0.027464172230485424,0.0234,True,3.251453429339181,3.3419952341831007,3.27180235460519,3.321000437028616,0.02,0.020000000000000004,0.7725174835975883,0.22752755999503582,2,1,3.25927734375,-0.013850137962030445,-0.007641682213053946,3.247222665331064,-0.014968728628903638,3.247222665331064,-0.014968728628903638,-0.012777950006257434,146064.72104787827,144986.25677579697,,2,3.247222665331064,0.01519834264887299,-0.0013011916363128726,-0.2400828675563505,3.3594519213304683,0.02277055588791197,0.005223432687400168,0.13852779439559834,2,True,0.03397450700114348
147000.0,0.02,1,stay+deck,cov,16.0,0.782780316093748,-0.015036997071102938,0.027464172230485424,0.0234,True,3.251453429339181,3.3419952341831007,3.27180235460519,3.321000437028616,0.02,0.020000000000000004,0.7725174835975883,0.22752755999503582,2,1,3.25927734375,-0.013850137962030445,-0.007641682213053946,3.237823335933695,-0.020662969175373025,3.237823335933695,-0.020662969175373025,-0.012777950006257434,146064.72104787827,144148.12437735603,,2,3.237823335933695,0.015415703706044968,-0.00419200019366593,-0.2292148146977516,3.353345047941853,0.019861143711197113,0.0033961190736188237,-0.0069428144401445496,2,True,0.03505348529428169
147000.0,0.02,1,stay+deck,data,4.0,0.782780316093748,-0.015036997071102938,0.027464172230485424,0.0234,True,3.251453429339181,3.3419952341831007,3.27180235460519,3.321000437028616,0.02,0.020000000000000004,0.7725174835975883,0.22752755999503582,2,1,3.25927734375,-0.013850137962030445,-0.007641682213053946,3.2480767083963236,-0.014450519782937543,3.2480767083963236,-0.014450519782937543,-0.012777950006257434,146064.72104787827,145062.5316748671,,2,3.2480767083963236,0.014691180644411557,-0.0010385266208606022,-0.26544096777942217,3.358742113838141,0.02313479722307724,0.00501104235091281,0.15673986115386174,2,True,0.033500360285160596
147000.0,0.02,1,stay+deck,data,16.0,0.782780316093748,-0.015036997071102938,0.027464172230485424,0.0234,True,3.251453429339181,3.3419952341831007,3.27180235460519,3.321000437028616,0.02,0.020000000000000004,0.7725174835975883,0.22752755999503582,2,1,3.25927734375,-0.013850137962030445,-0.007641682213053946,3.243758809951898,-0.017069099563421508,3.243758809951898,-0.017069099563421508,-0.012777950006257434,146064.72104787827,144677.10423568264,,2,3.243758809951898,0.01346223154224871,-0.0023665168683798445,-0.32688842288756453,3.3571431536629133,0.01938201261340787,0.00453259757071892,-0.030899369329606678,2,True,0.03435419714942203
147000.0,0.02,2,stay,cov,4.0,0.782780316093748,-0.015036997071102938,0.027464172230485424,0.0234,True,3.251453429339181,3.3419952341831007,3.27180235460519,3.321000437028616,0.02,0.020000000000000004,0.7725174835975883,0.22752755999503582,1,1,3.23486328125,-0.013850137962030445,-0.022452792624552353,3.243883616978126,-0.01699345951129927,3.243883616978126,-0.01699345951129927,-0.012777950006257434,143884.68116521835,144688.2376568625,,1,3.243883616978126,0.022816421117498868,-0.002328131872580152,0.1408210558749434,3.243883616978126,0.022816421117498868,-0.029357198418912885,0.1408210558749432,1,False,0.0
147000.0,0.02,2,stay,cov,16.0,0.782780316093748,-0.015036997071102938,0.027464172230485424,0.0234,True,3.251453429339181,3.3419952341831007,3.27180235460519,3.321000437028616,0.02,0.020000000000000004,0.7725174835975883,0.22752755999503582,1,1,3.23486328125,-0.013850137962030445,-0.022452792624552353,3.2529360485847065,-0.011499417915993626,3.2529360485847065,-0.011499417915993626,-0.012777950006257434,143884.68116521835,145496.9028725009,,1,3.2529360485847065,0.03323756993724968,0.0004559866157538827,0.6618784968624841,3.2529360485847065,0.03323756993724968,-0.026648507660174254,0.6618784968624838,1,False,0.0
147000.0,0.02,2,stay,data,4.0,0.782780316093748,-0.015036997071102938,0.027464172230485424,0.0234,True,3.251453429339181,3.3419952341831007,3.27180235460519,3.321000437028616,0.02,0.020000000000000004,0.7725174835975883,0.22752755999503582,1,1,3.23486328125,-0.013850137962030445,-0.022452792624552353,3.2408871354859476,-0.018808691373710662,3.2408871354859476,-0.018808691373710662,-0.012777950006257434,143884.68116521835,144421.05459317676,,1,3.2408871354859476,0.02741981998784708,-0.0032497140380019617,0.37099099939235397,3.2408871354859476,0.02741981998784708,-0.03025381295071398,0.37099099939235375,1,False,0.0
147000.0,0.02,2,stay,data,16.0,0.782780316093748,-0.015036997071102938,0.027464172230485424,0.0234,True,3.251453429339181,3.3419952341831007,3.27180235460519,3.321000437028616,0.02,0.020000000000000004,0.7725174835975883,0.22752755999503582,1,1,3.23486328125,-0.013850137962030445,-0.022452792624552353,3.263440503137603,-0.0051049331437996726,3.263440503137603,-0.0051049331437996726,-0.012777950006257434,143884.68116521835,146438.1038658864,,1,3.263440503137603,0.029032359142436154,0.003686681682184893,0.45161795712180763,3.263440503137603,0.029032359142436154,-0.023505339038791127,0.4516179571218074,1,False,0.0
147000.0,0.02,2,stay2,cov,4.0,0.782780316093748,-0.015036997071102938,0.027464172230485424,0.0234,True,3.251453429339181,3.3419952341831007,3.27180235460519,3.321000437028616,0.02,0.020000000000000004,0.7725174835975883,0.22752755999503582,1,1,3.23486328125,-0.013850137962030445,-0.022452792624552353,3.239861003016525,-0.019429924280852662,3.239861003016525,-0.019429924280852662,-0.012777950006257434,143884.68116521835,144329.6156344246,,1,3.239861003016525,0.024231768636839804,-0.0035653059699556244,0.21158843184199017,3.239861003016525,0.024231768636839804,-0.030560854821667854,0.21158843184198997,1,False,0.0
147000.0,0.02,2,stay2,cov,16.0,0.782780316093748,-0.015036997071102938,0.027464172230485424,0.0234,True,3.251453429339181,3.3419952341831007,3.27180235460519,3.321000437028616,0.02,0.020000000000000004,0.7725174835975883,0.22752755999503582,1,1,3.23486328125,-0.013850137962030445,-0.022452792624552353,3.248180158795965,-0.014387739793192189,3.248180158795965,-0.014387739793192189,-0.012777950006257434,143884.68116521835,145071.77222994197,,1,3.248180158795965,0.03219035193990787,-0.0010067099573624109,0.6095175969953937,3.248180158795965,0.03219035193990787,-0.02807157665204376,0.6095175969953933,1,False,0.0
147000.0,0.02,2,stay2,data,4.0,0.782780316093748,-0.015036997071102938,0.027464172230485424,0.0234,True,3.251453429339181,3.3419952341831007,3.27180235460519,3.321000437028616,0.02,0.020000000000000004,0.7725174835975883,0.22752755999503582,1,1,3.23486328125,-0.013850137962030445,-0.022452792624552353,3.239763203497448,-0.019489123014572285,3.239763203497448,-0.019489123014572285,-0.012777950006257434,143884.68116521835,144320.90220262067,,1,3.239763203497448,0.022414544742930986,-0.00359538467820175,0.12072723714654926,3.239763203497448,0.022414544742930986,-0.030590118633320437,0.12072723714654907,1,False,0.0
147000.0,0.02,2,stay2,data,16.0,0.782780316093748,-0.015036997071102938,0.027464172230485424,0.0234,True,3.251453429339181,3.3419952341831007,3.27180235460519,3.321000437028616,0.02,0.020000000000000004,0.7725174835975883,0.22752755999503582,1,1,3.23486328125,-0.013850137962030445,-0.022452792624552353,3.271672953785936,-7.909906914160825e-05,3.271672953785936,-7.909906914160825e-05,-0.012777950006257434,143884.68116521835,147177.8538523479,,1,3.271672953785936,0.028222608432419374,0.00621861111843288,0.4111304216209687,3.271672953785936,0.028222608432419374,-0.021042004990875995,0.41113042162096847,1,False,0.0
147000.0,0.02,2,stay+deck,cov,4.0,0.782780316093748,-0.015036997071102938,0.027464172230485424,0.0234,True,3.251453429339181,3.3419952341831007,3.27180235460519,3.321000437028616,0.02,0.020000000000000004,0.7725174835975883,0.22752755999503582,1,1,3.23486328125,-0.013850137962030445,-0.022452792624552353,,,,,-0.012777950006257434,143884.68116521835,,,0,,,,,,,,,0,False,0.0
147000.0,0.02,2,stay+deck,cov,16.0,0.782780316093748,-0.015036997071102938,0.027464172230485424,0.0234,True,3.251453429339181,3.3419952341831007,3.27180235460519,3.321000437028616,0.02,0.020000000000000004,0.7725174835975883,0.22752755999503582,1,1,3.23486328125,-0.013850137962030445,-0.022452792624552353,,,,,-0.012777950006257434,143884.68116521835,,,0,,,,,,,,,0,False,0.0
147000.0,0.02,2,stay+deck,data,4.0,0.782780316093748,-0.015036997071102938,0.027464172230485424,0.0234,True,3.251453429339181,3.3419952341831007,3.27180235460519,3.321000437028616,0.02,0.020000000000000004,0.7725174835975883,0.22752755999503582,1,1,3.23486328125,-0.013850137962030445,-0.022452792624552353,3.3358704952291154,0.039547272058253036,3.3358704952291154,0.039547272058253036,-0.012777950006257434,143884.68116521835,153010.43946292697,,1,3.3358704952291154,0.01881804317580005,0.025962870982006146,-0.05909784120999746,3.3358704952291154,0.01881804317580005,-0.001832659392012105,-0.05909784120999762,1,False,0.0
147000.0,0.02,2,stay+deck,data,16.0,0.782780316093748,-0.015036997071102938,0.027464172230485424,0.0234,True,3.251453429339181,3.3419952341831007,3.27180235460519,3.321000437028616,0.02,0.020000000000000004,0.7725174835975883,0.22752755999503582,1,1,3.23486328125,-0.013850137962030445,-0.022452792624552353,3.2381971546422084,-0.020436819938950745,3.2381971546422084,-0.020436819938950745,-0.012777950006257434,143884.68116521835,144181.4111695773,,2,3.2381971546422084,0.018905035505733792,-0.00407703046808412,-0.05474822471331041,3.3642228260883513,0.016051096227699027,0.006650994495114467,-0.1974451886150488,2,True,0.03817559979945359
151600.0,0.02,0,stay,cov,4.0,0.5845943950663557,0.0004617417787089486,0.0233792165249093,0.0234,True,3.283269380161662,3.3609375564655175,3.3225345900600525,3.321000437028616,0.02,0.02,0.4916701315917526,0.5083710170181857,1,1,3.35693359375,0.01881412500545659,0.0208136730273496,3.3177070825072548,-0.0029038075216537562,3.3177070825072548,-0.0029038075216537562,0.022942813450352876,154948.79335165024,151348.7289231335,,1,3.3177070825072548,0.025585795559148417,0.010488844611311545,0.2792897779574208,3.3177070825072548,0.025585795559148417,-0.012862623369809183,0.2792897779574208,0,False,0.0
151600.0,0.02,0,stay,cov,16.0,0.5845943950663557,0.0004617417787089486,0.0233792165249093,0.0234,True,3.283269380161662,3.3609375564655175,3.3225345900600525,3.321000437028616,0.02,0.02,0.4916701315917526,0.5083710170181857,1,1,3.35693359375,0.01881412500545659,0.0208136730273496,3.32074974832728,-0.0010740970679594675,3.32074974832728,-0.0010740970679594675,0.022942813450352876,154948.79335165024,151626.45975146577,,2,3.32074974832728,0.024847638504861894,0.011415562911798753,0.24238192524309465,3.32074974832728,0.024847638504861894,-0.011957320677061485,0.24238192524309465,0,False,0.03889011213269102
151600.0,0.02,0,stay,data,4.0,0.5845943950663557,0.0004617417787089486,0.0233792165249093,0.0234,True,3.283269380161662,3.3609375564655175,3.3225345900600525,3.321000437028616,0.02,0.02,0.4916701315917526,0.5083710170181857,1,1,3.35693359375,0.01881412500545659,0.0208136730273496,3.3149645650016653,-0.004551586220633119,3.3149645650016653,-0.004551586220633119,0.022942813450352876,154948.79335165024,151098.61342422935,,1,3.3149645650016653,0.025424886831012926,0.009653543821750843,0.27124434155064625,3.3149645650016653,0.025424886831012926,-0.013678621126242851,0.27124434155064625,1,False,0.0
151600.0,0.02,0,stay,data,16.0,0.5845943950663557,0.0004617417787089486,0.0233792165249093,0.0234,True,3.283269380161662,3.3609375564655175,3.3225345900600525,3.321000437028616,0.02,0.02,0.4916701315917526,0.5083710170181857,1,1,3.35693359375,0.01881412500545659,0.0208136730273496,3.324323020381235,0.0010768355329211499,3.324323020381235,0.0010768355329211499,0.022942813450352876,154948.79335165024,151952.94872775348,,1,3.324323020381235,0.02463744548245287,0.012503890319700705,0.2318722741226435,3.324323020381235,0.02463744548245287,-0.01089414351476009,0.2318722741226435,0,False,0.0
151600.0,0.02,0,stay2,cov,4.0,0.5845943950663557,0.0004617417787089486,0.0233792165249093,0.0234,True,3.283269380161662,3.3609375564655175,3.3225345900600525,3.321000437028616,0.02,0.02,0.4916701315917526,0.5083710170181857,1,1,3.35693359375,0.01881412500545659,0.0208136730273496,3.333206253072283,0.006434124854059808,3.333206253072283,0.006434124854059808,0.022942813450352876,154948.79335165024,152766.1289759023,,1,3.333206253072283,0.026607405924070918,0.015209496123696703,0.33037029620354585,3.333206253072283,0.026607405924070918,-0.008251061772893496,0.33037029620354585,1,False,0.0
151600.0,0.02,0,stay2,cov,16.0,0.5845943950663557,0.0004617417787089486,0.0233792165249093,0.0234,True,3.283269380161662,3.3609375564655175,3.3225345900600525,3.321000437028616,0.02,0.02,0.4916701315917526,0.5083710170181857,1,1,3.35693359375,0.01881412500545659,0.0208136730273496,3.330220148540116,0.004631673344416942,3.330220148540116,0.004631673344416942,0.022942813450352876,154948.79335165024,152492.5357689601,,4,3.330220148540116,0.02379763786440718,0.014300004946941714,0.18988189322035903,3.330220148540116,0.02379763786440718,-0.009139535444896837,0.18988189322035903,1,False,0.16242065626774355
151600.0,0.02,0,stay2,data,4.0,0.5845943950663557,0.0004617417787089486,0.0233792165249093,0.0234,True,3.283269380161662,3.3609375564655175,3.3225345900600525,3.321000437028616,0.02,0.02,0.4916701315917526,0.5083710170181857,1,1,3.35693359375,0.01881412500545659,0.0208136730273496,,,,,0.022942813450352876,154948.79335165024,,,0,,,,,,,,,0,False,0.0
151600.0,0.02,0,stay2,data,16.0,0.5845943950663557,0.0004617417787089486,0.0233792165249093,0.0234,True,3.283269380161662,3.3609375564655175,3.3225345900600525,3.321000437028616,0.02,0.02,0.4916701315917526,0.5083710170181857,1,1,3.35693359375,0.01881412500545659,0.0208136730273496,3.3327579318952587,0.006163409300759204,3.3327579318952587,0.006163409300759204,0.022942813450352876,154948.79335165024,152725.03719839797,,1,3.3327579318952587,0.021745749211063772,0.015072948943092834,0.08728746055318859,3.3327579318952587,0.021745749211063772,-0.008384453473718656,0.08728746055318859,1,False,0.0
151600.0,0.02,0,stay+deck,cov,4.0,0.5845943950663557,0.0004617417787089486,0.0233792165249093,0.0234,True,3.283269380161662,3.3609375564655175,3.3225345900600525,3.321000437028616,0.02,0.02,0.4916701315917526,0.5083710170181857,1,1,3.35693359375,0.01881412500545659,0.0208136730273496,3.340306523455962,0.010726427752905998,3.340306523455962,0.010726427752905998,0.022942813450352876,154948.79335165024,153417.65547133377,,1,3.340306523455962,0.01868464468448828,0.017372057144909567,-0.06576776577558607,3.340306523455962,0.01868464468448828,-0.0061384755482490165,-0.06576776577558607,1,False,0.0
151600.0,0.02,0,stay+deck,cov,16.0,0.5845943950663557,0.0004617417787089486,0.0233792165249093,0.0234,True,3.283269380161662,3.3609375564655175,3.3225345900600525,3.321000437028616,0.02,0.02,0.4916701315917526,0.5083710170181857,1,1,3.35693359375,0.01881412500545659,0.0208136730273496,,,,,0.022942813450352876,154948.79335165024,,,0,,,,,,,,,0,False,0.0
151600.0,0.02,0,stay+deck,data,4.0,0.5845943950663557,0.0004617417787089486,0.0233792165249093,0.0234,True,3.283269380161662,3.3609375564655175,3.3225345900600525,3.321000437028616,0.02,0.02,0.4916701315917526,0.5083710170181857,1,1,3.35693359375,0.01881412500545659,0.0208136730273496,3.3504920190558827,0.016899780554143984,3.3504920190558827,0.016899780554143984,0.022942813450352876,154948.79335165024,154354.705584161,,1,3.3504920190558827,0.018371247907588994,0.020474298971749568,-0.08143760462055033,3.3504920190558827,0.018371247907588994,-0.00310792367729073,-0.08143760462055033,1,False,0.0
151600.0,0.02,0,stay+deck,data,16.0,0.5845943950663557,0.0004617417787089486,0.0233792165249093,0.0234,True,3.283269380161662,3.3609375564655175,3.3225345900600525,3.321000437028616,0.02,0.02,0.4916701315917526,0.5083710170181857,1,1,3.35693359375,0.01881412500545659,0.0208136730273496,3.364911080414232,0.025671203544045618,3.2855356014293493,-0.02214753916154455,0.022942813450352876,154948.79335165024,155686.115462549,,2,3.2855356014293493,0.015332459612750211,0.0006902331198836327,-0.23337701936248945,3.364911080414232,0.018198080825822506,0.0011822665199686482,-0.09009595870887471,2,True,0.02387072110557206
151600.0,0.02,1,stay,cov,4.0,0.5845943950663557,0.0004617417787089486,0.0233792165249093,0.0234,True,3.283269380161662,3.3609375564655175,3.3225345900600525,3.321000437028616,0.02,0.02,0.4916701315917526,0.5083710170181857,2,1,3.271484375,0.01881412500545659,-0.03049360328573425,3.3305865080242922,0.004852725749521447,3.3305865080242922,0.004852725749521447,0.022942813450352876,147160.88771820068,152526.08920220993,,1,3.3305865080242922,0.029892670875239977,0.014411588689168267,0.49463354376199886,3.3305865080242922,0.029892670875239977,-0.009030530300343788,0.49463354376199886,1,False,0.0
151600.0,0.02,1,stay,cov,16.0,0.5845943950663557,0.0004617417787089486,0.0233792165249093,0.0234,True,3.283269380161662,3.3609375564655175,3.3225345900600525,3.321000437028616,0.02,0.02,0.4916701315917526,0.5083710170181857,2,1,3.271484375,0.01881412500545659,-0.03049360328573425,3.3028247901482053,-0.01182912535973446,3.3028247901482053,-0.01182912535973446,0.022942813450352876,147160.88771820068,149993.95942324112,,2,3.3028247901482053,0.015253714696145193,0.0059560784456804145,-0.23731426519274035,3.3546082458498665,0.01627100156340846,-0.0018831979200194177,-0.18644992182957706,2,True,0.015556583272158416
151600.0,0.02,1,stay,data,4.0,0.5845943950663557,0.0004617417787089486,0.0233792165249093,0.0234,True,3.283269380161662,3.3609375564655175,3.3225345900600525,3.321000437028616,0.02,0.02,0.4916701315917526,0.5083710170181857,2,1,3.271484375,0.01881412500545659,-0.03049360328573425,3.331150541681391,0.005193097481406506,3.331150541681391,0.005193097481406506,0.022942813450352876,147160.88771820068,152577.7540559831,,1,3.331150541681391,0.026639599708993402,0.014583378935959075,0.33197998544967006,3.331150541681391,0.026639599708993402,-0.008862709968182714,0.33197998544967006,1,False,0.0
151600.0,0.02,1,stay,data,16.0,0.5845943950663557,0.0004617417787089486,0.0233792165249093,0.0234,True,3.283269380161662,3.3609375564655175,3.3225345900600525,3.321000437028616,0.02,0.02,0.4916701315917526,0.5083710170181857,2,1,3.271484375,0.01881412500545659,-0.03049360328573425,3.3061165818272142,-0.009858404015066435,3.3061165818272142,-0.009858404015066435,0.022942813450352876,147160.88771820068,150293.09422370186,,1,3.3061165818272142,0.01597518531556364,0.006958674120253686,-0.20124073422181799,3.3061165818272142,0.01597518531556364,-0.01631121486706673,-0.20124073422181799,1,False,0.0
151600.0,0.02,1,stay2,cov,4.0,0.5845943950663557,0.0004617417787089486,0.0233792165249093,0.0234,True,3.283269380161662,3.3609375564655175,3.3225345900600525,3.321000437028616,0.02,0.02,0.4916701315917526,0.5083710170181857,2,1,3.271484375,0.01881412500545659,-0.03049360328573425,,,,,0.022942813450352876,147160.88771820068,,,0,,,,,,,,,0,False,0.0
151600.0,0.02,1,stay2,cov,16.0,0.5845943950663557,0.0004617417787089486,0.0233792165249093,0.0234,True,3.283269380161662,3.3609375564655175,3.3225345900600525,3.321000437028616,0.02,0.02,0.4916701315917526,0.5083710170181857,2,1,3.271484375,0.01881412500545659,-0.03049360328573425,3.3161687847451042,-0.003828226232020393,3.3161687847451042,-0.003828226232020393,0.022942813450352876,147160.88771820068,151208.41187262005,,1,3.3161687847451042,0.01388793860933599,0.010020318400381272,-0.3056030695332005,3.3161687847451042,0.01388793860933599,-0.01332032237084872,-0.3056030695332005,0,False,0.0
151600.0,0.02,1,stay2,data,4.0,0.5845943950663557,0.0004617417787089486,0.0233792165249093,0.0234,True,3.283269380161662,3.3609375564655175,3.3225345900600525,3.321000437028616,0.02,0.02,0.4916701315917526,0.5083710170181857,2,1,3.271484375,0.01881412500545659,-0.03049360328573425,3.361238839170081,0.023433725794634874,3.361238839170081,0.023433725794634874,0.022942813450352876,147160.88771820068,155346.48984174972,,1,3.361238839170081,0.02788140726251145,0.023747505909667444,0.3940703631255725,3.361238839170081,0.02788140726251145,8.964245824325376e-05,0.3940703631255725,1,False,0.0
151600.0,0.02,1,stay2,data,16.0,0.5845943950663557,0.0004617417787089486,0.0233792165249093,0.0234,True,3.283269380161662,3.3609375564655175,3.3225345900600525,3.321000437028616,0.02,0.02,0.4916701315917526,0.5083710170181857,2,1,3.271484375,0.01881412500545659,-0.03049360328573425,,,,,0.022942813450352876,147160.88771820068,,,0,,,,,,,,,0,False,0.0
151600.0,0.02,1,stay+deck,cov,4.0,0.5845943950663557,0.0004617417787089486,0.0233792165249093,0.0234,True,3.283269380161662,3.3609375564655175,3.3225345900600525,3.321000437028616,0.02,0.02,0.4916701315917526,0.5083710170181857,2,1,3.271484375,0.01881412500545659,-0.03049360328573425,3.270335981306808,-0.03117413816782799,3.270335981306808,-0.03117413816782799,0.022942813450352876,147160.88771820068,147057.589671162,,2,3.270335981306808,0.015387015861437753,-0.00393918297810126,-0.23064920692811236,3.3740770730714926,0.019426670854180043,0.003909479538142062,-0.028666457290997885,2,True,0.031226563103666456
151600.0,0.02,1,stay+deck,cov,16.0,0.5845943950663557,0.0004617417787089486,0.0233792165249093,0.0234,True,3.283269380161662,3.3609375564655175,3.3225345900600525,3.321000437028616,0.02,0.02,0.4916701315917526,0.5083710170181857,2,1,3.271484375,0.01881412500545659,-0.03049360328573425,3.375143926116713,0.031918913283187855,3.28886809308571,-0.020162877790522726,0.022942813450352876,147160.88771820068,156634.45217753493,,2,3.28886809308571,0.014005128356430111,0.0017052249680994992,-0.29974358217849445,3.375143926116713,0.02264194754307626,0.004226906752214558,0.13209737715381298,2,True,0.0258930604513912
151600.0,0.02,1,stay+deck,data,4.0,0.5845943950663557,0.0004617417787089486,0.0233792165249093,0.0234,True,3.283269380161662,3.3609375564655175,3.3225345900600525,3.321000437028616,0.02,0.02,0.4916701315917526,0.5083710170181857,2,1,3.271484375,0.01881412500545659,-0.03049360328573425,3.2748670925622143,-0.02848762589084486,3.2748670925622143,-0.02848762589084486,0.022942813450352876,147160.88771820068,147465.37401676975,,2,3.2748670925622143,0.014840594568597586,-0.0025591222122121147,-0.2579702715701207,3.3816907660981386,0.01990782482324897,0.006174827494993951,-0.004608758837551519,2,True,0.032095769556616686
151600.0,0.02,1,stay+deck,data,16.0,0.5845943950663557,0.0004617417787089486,0.0233792165249093,0.0234,True,3.283269380161662,3.3609375564655175,3.3225345900600525,3.321000437028616,0.02,0.02,0.4916701315917526,0.5083710170181857,2,1,3.271484375,0.01881412500545659,-0.03049360328573425,3.28228973655127,-0.024078675826496032,3.28228973655127,-0.024078675826496032,0.022942813450352876,147160.88771820068,148134.60632670982,,1,3.28228973655127,0.011619279542404935,-0.0002983744240758813,-0.4190360228797533,3.28228973655127,0.011619279542404935,-0.023400559692919782,-0.4190360228797533,1,False,0.0
151600.0,0.02,2,stay,cov,4.0,0.5845943950663557,0.0004617417787089486,0.0233792165249093,0.0234,True,3.283269380161662,3.3609375564655175,3.3225345900600525,3.321000437028616,0.02,0.02,0.4916701315917526,0.5083710170181857,2,1,3.3203125,0.01881412500545659,-0.0013371400296803282,3.3196853055766686,-0.0017143916398510983,3.3196853055766686,-0.0017143916398510983,0.022942813450352876,151586.53259277344,151529.26976084782,,1,3.3196853055766686,0.030341404994695426,0.011091360835343234,0.5170702497347712,3.3196853055766686,0.030341404994695426,-0.012274030741657461,0.5170702497347712,0,False,0.0
151600.0,0.02,2,stay,cov,16.0,0.5845943950663557,0.0004617417787089486,0.0233792165249093,0.0234,True,3.283269380161662,3.3609375564655175,3.3225345900600525,3.321000437028616,0.02,0.02,0.4916701315917526,0.5083710170181857,2,1,3.3203125,0.01881412500545659,-0.0013371400296803282,3.3016450248128644,-0.01253494634896768,3.3016450248128644,-0.01253494634896768,0.022942813450352876,151586.53259277344,149886.82321073368,,1,3.3016450248128644,0.026105339843107644,0.0055967520552022655,0.3052669921553822,3.3016450248128644,0.026105339843107644,-0.017641664165581016,0.3052669921553822,1,False,0.0
151600.0,0.02,2,stay,data,4.0,0.5845943950663557,0.0004617417787089486,0.0233792165249093,0.0234,True,3.283269380161662,3.3609375564655175,3.3225345900600525,3.321000437028616,0.02,0.02,0.4916701315917526,0.5083710170181857,2,1,3.3203125,0.01881412500545659,-0.0013371400296803282,3.319536274770521,-0.00180402180403616,3.319536274770521,-0.00180402180403616,0.022942813450352876,151586.53259277344,151515.6648433635,,1,3.319536274770521,0.029350904232722266,0.01104596985796919,0.46754521163611323,3.319536274770521,0.029350904232722266,-0.01231837277528469,0.46754521163611323,0,False,0.0
151600.0,0.02,2,stay,data,16.0,0.5845943950663557,0.0004617417787089486,0.0233792165249093,0.0234,True,3.283269380161662,3.3609375564655175,3.3225345900600525,3.321000437028616,0.02,0.02,0.4916701315917526,0.5083710170181857,2,1,3.3203125,0.01881412500545659,-0.0013371400296803282,3.310724278567582,-0.007096582836330523,3.310724278567582,-0.007096582836330523,0.022942813450352876,151586.53259277344,150712.3096695815,,1,3.310724278567582,0.02684625515337604,0.008362060868903832,0.342312757668802,3.310724278567582,0.02684625515337604,-0.014940259095661896,0.342312757668802,1,False,0.0
151600.0,0.02,2,stay2,cov,4.0,0.5845943950663557,0.0004617417787089486,0.0233792165249093,0.0234,True,3.283269380161662,3.3609375564655175,3.3225345900600525,3.321000437028616,0.02,0.02,0.4916701315917526,0.5083710170181857,2,1,3.3203125,0.01881412500545659,-0.0013371400296803282,3.3355990922530956,0.007879639613582512,3.3355990922530956,0.007879639613582512,0.022942813450352876,151586.53259277344,152985.5429332955,,1,3.3355990922530956,0.028756347650579085,0.015938293826154786,0.43781738252895425,3.3355990922530956,0.028756347650579085,-0.007539105915156828,0.43781738252895425,1,False,0.0
151600.0,0.02,2,stay2,cov,16.0,0.5845943950663557,0.0004617417787089486,0.0233792165249093,0.0234,True,3.283269380161662,3.3609375564655175,3.3225345900600525,3.321000437028616,0.02,0.02,0.4916701315917526,0.5083710170181857,2,1,3.3203125,0.01881412500545659,-0.0013371400296803282,3.3139045153742845,-0.0051881275658482995,3.3139045153742845,-0.0051881275658482995,0.022942813450352876,151586.53259277344,151001.99313399848,,1,3.3139045153742845,0.02844052753161051,0.009330679778432986,0.42202637658052544,3.3139045153742845,0.02844052753161051,-0.013994024078416559,0.42202637658052544,1,False,0.0
151600.0,0.02,2,stay2,data,4.0,0.5845943950663557,0.0004617417787089486,0.0233792165249093,0.0234,True,3.283269380161662,3.3609375564655175,3.3225345900600525,3.321000437028616,0.02,0.02,0.4916701315917526,0.5083710170181857,2,1,3.3203125,0.01881412500545659,-0.0013371400296803282,3.3385231063825427,0.0096474455948925,3.3385231063825427,0.0096474455948925,0.022942813450352876,151586.53259277344,153253.87731293944,,1,3.3385231063825427,0.027795362921186558,0.016828873852001804,0.38976814605932786,3.3385231063825427,0.027795362921186558,-0.0066691063747541515,0.38976814605932786,1,False,0.0
151600.0,0.02,2,stay2,data,16.0,0.5845943950663557,0.0004617417787089486,0.0233792165249093,0.0234,True,3.283269380161662,3.3609375564655175,3.3225345900600525,3.321000437028616,0.02,0.02,0.4916701315917526,0.5083710170181857,2,1,3.3203125,0.01881412500545659,-0.0013371400296803282,3.3426889573232734,0.012168719105421166,3.3426889573232734,0.012168719105421166,0.022942813450352876,151586.53259277344,153636.5801494006,,1,3.3426889573232734,0.026229029407044843,0.01809768565462204,0.31145147035224213,3.3426889573232734,0.026229029407044843,-0.00542961564612791,0.31145147035224213,1,False,0.0
151600.0,0.02,2,stay+deck,cov,4.0,0.5845943950663557,0.0004617417787089486,0.0233792165249093,0.0234,True,3.283269380161662,3.3609375564655175,3.3225345900600525,3.321000437028616,0.02,0.02,0.4916701315917526,0.5083710170181857,2,1,3.3203125,0.01881412500545659,-0.0013371400296803282,3.2829779984454275,-0.023669351887309675,3.2829779984454275,-0.023669351887309675,0.022942813450352876,151586.53259277344,148196.73740130526,,2,3.2829779984454275,0.027333893637650215,-8.874742900934099e-05,0.36669468188251075,3.342733117276392,0.016532239710789015,-0.005416476469223617,-0.17338801446054927,2,True,0.018037345059966375
151600.0,0.02,2,stay+deck,cov,16.0,0.5845943950663557,0.0004617417787089486,0.0233792165249093,0.0234,True,3.283269380161662,3.3609375564655175,3.3225345900600525,3.321000437028616,0.02,0.02,0.4916701315917526,0.5083710170181857,2,1,3.3203125,0.01881412500545659,-0.0013371400296803282,3.374039590403795,0.031243742979611744,3.374039590403795,0.031243742979611744,0.022942813450352876,151586.53259277344,156531.96841716787,,1,3.374039590403795,0.010627682073272856,0.02764628781012897,-0.4686158963363572,3.374039590403795,0.010627682073272856,0.0038983270941980955,-0.4686158963363572,1,False,0.0
151600.0,0.02,2,stay+deck,data,4.0,0.5845943950663557,0.0004617417787089486,0.0233792165249093,0.0234,True,3.283269380161662,3.3609375564655175,3.3225345900600525,3.321000437028616,0.02,0.02,0.4916701315917526,0.5083710170181857,2,1,3.3203125,0.01881412500545659,-0.0013371400296803282,,,,,0.022942813450352876,151586.53259277344,,,0,,,,,,,,,0,False,0.0
151600.0,0.02,2,stay+deck,data,16.0,0.5845943950663557,0.0004617417787089486,0.0233792165249093,0.0234,True,3.283269380161662,3.3609375564655175,3.3225345900600525,3.321000437028616,0.02,0.02,0.4916701315917526,0.5083710170181857,2,1,3.3203125,0.01881412500545659,-0.0013371400296803282,3.279749829713144,-0.025588469530715252,3.279749829713144,-0.025588469530715252,0.022942813450352876,151586.53259277344,147905.4355006717,,2,3.279749829713144,0.016652529048009495,-0.0010719651789109091,-0.16737354759952527,3.374872022522665,0.015898496490700867,0.004146005637724914,-0.20507517546495668,2,True,0.028588308974329388
156000.0,0.02,0,stay,cov,4.0,0.7872513216263517,0.014641268071064636,0.02787932385684996,0.0234,True,3.299379199422622,3.3926640195048803,3.3703465848700964,3.321000437028616,0.019999999999999997,0.019999999999999997,0.2372544057567631,0.7627832418662773,3,1,3.35693359375,0.014009023895063161,-0.00794357547345892,3.3787428233362853,0.004988624551102383,3.3787428233362853,0.004988624551102383,0.012961752247892793,154948.79335165024,156968.66716088873,,1,3.3787428233362853,0.028365885554922064,0.024054108096320533,0.4182942777461034,3.3787428233362853,0.028365885554922064,-0.004103322960529004,0.4182942777461034,1,False,0.0
156000.0,0.02,0,stay,cov,16.0,0.7872513216263517,0.014641268071064636,0.02787932385684996,0.0234,True,3.299379199422622,3.3926640195048803,3.3703465848700964,3.321000437028616,0.019999999999999997,0.019999999999999997,0.2372544057567631,0.7627832418662773,3,1,3.35693359375,0.014009023895063161,-0.00794357547345892,3.35706712990326,-0.007864647469713049,3.35706712990326,-0.007864647469713049,0.012961752247892793,154948.79335165024,154961.12107680753,,1,3.35706712990326,0.025769415064581008,0.017484480259417613,0.2884707532290506,3.35706712990326,0.025769415064581008,-0.010492312058302573,0.2884707532290506,0,False,0.0
156000.0,0.02,0,stay,data,4.0,0.7872513216263517,0.014641268071064636,0.02787932385684996,0.0234,True,3.299379199422622,3.3926640195048803,3.3703465848700964,3.321000437028616,0.019999999999999997,0.019999999999999997,0.2372544057567631,0.7627832418662773,3,1,3.35693359375,0.014009023895063161,-0.00794357547345892,3.378846340204706,0.0050502065502784355,3.378846340204706,0.0050502065502784355,0.012961752247892793,154948.79335165024,156978.28562232762,,1,3.378846340204706,0.027105037224788978,0.024085482746569527,0.3552518612394491,3.378846340204706,0.027105037224788978,-0.004072810988867336,0.3552518612394491,1,False,0.0
156000.0,0.02,0,stay,data,16.0,0.7872513216263517,0.014641268071064636,0.02787932385684996,0.0234,True,3.299379199422622,3.3926640195048803,3.3703465848700964,3.321000437028616,0.019999999999999997,0.019999999999999997,0.2372544057567631,0.7627832418662773,3,1,3.35693359375,0.014009023895063161,-0.00794357547345892,3.355831846684246,-0.008594655313739263,3.355831846684246,-0.008594655313739263,0.012961752247892793,154948.79335165024,154847.1015192777,,1,3.355831846684246,0.025512946549377406,0.017110081578832467,0.2756473274688705,3.355831846684246,0.025512946549377406,-0.010856416258397863,0.2756473274688705,0,False,0.0
156000.0,0.02,0,stay2,cov,4.0,0.7872513216263517,0.014641268071064636,0.02787932385684996,0.0234,True,3.299379199422622,3.3926640195048803,3.3703465848700964,3.321000437028616,0.019999999999999997,0.019999999999999997,0.2372544057567631,0.7627832418662773,3,1,3.35693359375,0.014009023895063161,-0.00794357547345892,3.389501477625197,0.011399020454677888,3.389501477625197,0.011399020454677888,0.012961752247892793,154948.79335165024,157969.90366882164,,1,3.389501477625197,0.027572082058746828,0.027314919794107273,0.3786041029373416,3.389501477625197,0.027572082058746828,-0.0009321706663263968,0.3786041029373416,1,False,0.0
156000.0,0.02,0,stay2,cov,16.0,0.7872513216263517,0.014641268071064636,0.02787932385684996,0.0234,True,3.299379199422622,3.3926640195048803,3.3703465848700964,3.321000437028616,0.019999999999999997,0.019999999999999997,0.2372544057567631,0.7627832418662773,3,1,3.35693359375,0.014009023895063161,-0.00794357547345892,3.363715006714933,-0.003931378425864884,3.363715006714933,-0.003931378425864884,0.012961752247892793,154948.79335165024,155575.45638798957,,3,3.363715006714933,0.023650184524728782,0.019499367427535923,0.1825092262364393,3.363715006714933,0.023650184524728782,-0.008532826305085166,0.1825092262364393,1,False,0.059855252817657204
156000.0,0.02,0,stay2,data,4.0,0.7872513216263517,0.014641268071064636,0.02787932385684996,0.0234,True,3.299379199422622,3.3926640195048803,3.3703465848700964,3.321000437028616,0.019999999999999997,0.019999999999999997,0.2372544057567631,0.7627832418662773,3,1,3.35693359375,0.014009023895063161,-0.00794357547345892,3.386549945924708,0.009638362396256817,3.386549945924708,0.009638362396256817,0.012961752247892793,154948.79335165024,157694.90737333635,,1,3.386549945924708,0.027040323010121728,0.026420347960410377,0.3520161505060866,3.386549945924708,0.027040323010121728,-0.0018021453185525368,0.3520161505060866,1,False,0.0
156000.0,0.02,0,stay2,data,16.0,0.7872513216263517,0.014641268071064636,0.02787932385684996,0.0234,True,3.299379199422622,3.3926640195048803,3.3703465848700964,3.321000437028616,0.019999999999999997,0.019999999999999997,0.2372544057567631,0.7627832418662773,3,1,3.35693359375,0.014009023895063161,-0.00794357547345892,3.3970406462745597,0.01590327453989948,3.3970406462745597,0.01590327453989948,0.012961752247892793,154948.79335165024,158673.42084607034,,1,3.3970406462745597,0.02371887673665499,0.02959994621686044,0.1859438368327497,3.3970406462745597,0.02371887673665499,0.0012900265822131552,0.1859438368327497,1,False,0.0
156000.0,0.02,0,stay+deck,cov,4.0,0.7872513216263517,0.014641268071064636,0.02787932385684996,0.0234,True,3.299379199422622,3.3926640195048803,3.3703465848700964,3.321000437028616,0.019999999999999997,0.019999999999999997,0.2372544057567631,0.7627832418662773,3,1,3.35693359375,0.014009023895063161,-0.00794357547345892,,,,,0.012961752247892793,154948.79335165024,,,0,,,,,,,,,0,False,0.0
156000.0,0.02,0,stay+deck,cov,16.0,0.7872513216263517,0.014641268071064636,0.02787932385684996,0.0234,True,3.299379199422622,3.3926640195048803,3.3703465848700964,3.321000437028616,0.019999999999999997,0.019999999999999997,0.2372544057567631,0.7627832418662773,3,1,3.35693359375,0.014009023895063161,-0.00794357547345892,3.3260709060171263,-0.026101088807893857,3.3260709060171263,-0.026101088807893857,0.012961752247892793,154948.79335165024,152112.78048798683,,1,3.3260709060171263,0.010247871260819346,0.008089917824291066,-0.48760643695903266,3.3260709060171263,0.010247871260819346,-0.019628561244173087,-0.48760643695903266,1,False,0.0
156000.0,0.02,0,stay+deck,data,4.0,0.7872513216263517,0.014641268071064636,0.02787932385684996,0.0234,True,3.299379199422622,3.3926640195048803,3.3703465848700964,3.321000437028616,0.019999999999999997,0.019999999999999997,0.2372544057567631,0.7627832418662773,3,1,3.35693359375,0.014009023895063161,-0.00794357547345892,,,,,0.012961752247892793,154948.79335165024,,,0,,,,,,,,,0,False,0.0
156000.0,0.02,0,stay+deck,data,16.0,0.7872513216263517,0.014641268071064636,0.02787932385684996,0.0234,True,3.299379199422622,3.3926640195048803,3.3703465848700964,3.321000437028616,0.019999999999999997,0.019999999999999997,0.2372544057567631,0.7627832418662773,3,1,3.35693359375,0.014009023895063161,-0.00794357547345892,,,,,0.012961752247892793,154948.79335165024,,,0,,,,,,,,,0,False,0.0
156000.0,0.02,1,stay,cov,4.0,0.7872513216263517,0.014641268071064636,0.02787932385684996,0.0234,True,3.299379199422622,3.3926640195048803,3.3703465848700964,3.321000437028616,0.019999999999999997,0.019999999999999997,0.2372544057567631,0.7627832418662773,2,1,3.40576171875,0.014009023895063161,0.021126137409196444,3.411183313979421,0.02437976435526279,3.411183313979421,0.02437976435526279,0.012961752247892793,159489.17716741562,159997.35952160985,,1,3.411183313979421,0.023855192636945376,0.033886409472534774,0.19275963184726896,3.411183313979421,0.023855192636945376,0.005458629079705741,0.19275963184726896,1,False,0.0
156000.0,0.02,1,stay,cov,16.0,0.7872513216263517,0.014641268071064636,0.02787932385684996,0.0234,True,3.299379199422622,3.3926640195048803,3.3703465848700964,3.321000437028616,0.019999999999999997,0.019999999999999997,0.2372544057567631,0.7627832418662773,2,1,3.40576171875,0.014009023895063161,0.021126137409196444,3.4070765760282162,0.021914738855336457,3.4070765760282162,0.021914738855336457,0.012961752247892793,159489.17716741562,159612.3484301521,,2,3.2833860098706076,0.012876142689760613,-0.004847332963368744,-0.3561928655119692,3.4070765760282162,0.02120185121913522,0.004248153203640629,0.060092560956761215,2,True,0.0369751910483157
156000.0,0.02,1,stay,data,4.0,0.7872513216263517,0.014641268071064636,0.02787932385684996,0.0234,True,3.299379199422622,3.3926640195048803,3.3703465848700964,3.321000437028616,0.019999999999999997,0.019999999999999997,0.2372544057567631,0.7627832418662773,2,1,3.40576171875,0.014009023895063161,0.021126137409196444,3.4107986169975804,0.024148728057098,3.4107986169975804,0.024148728057098,0.012961752247892793,159489.17716741562,159961.27407854833,,1,3.4107986169975804,0.02480068223255165,0.033769812695205285,0.24003411162758265,3.4107986169975804,0.02480068223255165,0.005345238251840396,0.24003411162758265,1,False,0.0
156000.0,0.02,1,stay,data,16.0,0.7872513216263517,0.014641268071064636,0.02787932385684996,0.0234,True,3.299379199422622,3.3926640195048803,3.3703465848700964,3.321000437028616,0.019999999999999997,0.019999999999999997,0.2372544057567631,0.7627832418662773,2,1,3.40576171875,0.014009023895063161,0.021126137409196444,3.4014464744348087,0.018540156609623715,3.4014464744348087,0.018540156609623715,0.012961752247892793,159489.17716741562,159085.27412861862,,2,3.275073779711693,0.01062578317701355,-0.007366664527430643,-0.46871084114932243,3.4014464744348087,0.021570359680221717,0.00258866037999547,0.07851798401108599,2,True,0.03785585601859926
156000.0,0.02,1,stay2,cov,4.0,0.7872513216263517,0.014641268071064636,0.02787932385684996,0.0234,True,3.299379199422622,3.3926640195048803,3.3703465848700964,3.321000437028616,0.019999999999999997,0.019999999999999997,0.2372544057567631,0.7627832418662773,2,1,3.40576171875,0.014009023895063161,0.021126137409196444,3.404926779741077,0.020625530726328334,3.404926779741077,0.020625530726328334,0.012961752247892793,159489.17716741562,159410.98766172168,,1,3.404926779741077,0.022172885431096925,0.03199013327626164,0.10864427155484643,3.404926779741077,0.022172885431096925,0.003614492966499667,0.10864427155484643,1,False,0.0
156000.0,0.02,1,stay2,cov,16.0,0.7872513216263517,0.014641268071064636,0.02787932385684996,0.0234,True,3.299379199422622,3.3926640195048803,3.3703465848700964,3.321000437028616,0.019999999999999997,0.019999999999999997,0.2372544057567631,0.7627832418662773,2,1,3.40576171875,0.014009023895063161,0.021126137409196444,3.3995873064420543,0.01742703032108217,3.3995873064420543,0.01742703032108217,0.012961752247892793,159489.17716741562,158911.4154941767,,1,3.3995873064420543,0.022995164258948167,0.030371806622581696,0.14975821294740851,3.3995873064420543,0.022995164258948167,0.0020406638845966263,0.14975821294740851,1,False,0.0
156000.0,0.02,1,stay2,data,4.0,0.7872513216263517,0.014641268071064636,0.02787932385684996,0.0234,True,3.299379199422622,3.3926640195048803,3.3703465848700964,3.321000437028616,0.019999999999999997,0.019999999999999997,0.2372544057567631,0.7627832418662773,2,1,3.40576171875,0.014009023895063161,0.021126137409196444,3.4029605270426715,0.01944710405511252,3.4029605270426715,0.01944710405511252,0.012961752247892793,159489.17716741562,159226.92979339487,,1,3.4029605270426715,0.02238787757379586,0.031394187014992324,0.11939387868979309,3.4029605270426715,0.02238787757379586,0.0030349328665011353,0.11939387868979309,1,False,0.0
156000.0,0.02,1,stay2,data,16.0,0.7872513216263517,0.014641268071064636,0.02787932385684996,0.0234,True,3.299379199422622,3.3926640195048803,3.3703465848700964,3.321000437028616,0.019999999999999997,0.019999999999999997,0.2372544057567631,0.7627832418662773,2,1,3.40576171875,0.014009023895063161,0.021126137409196444,3.4029537949498807,0.019443070505115623,3.4029537949498807,0.019443070505115623,0.012961752247892793,159489.17716741562,159226.29979525218,,1,3.4029537949498807,0.023667742744652095,0.031392146603028775,0.18338713723260497,3.4029537949498807,0.023667742744652095,0.003032948557783243,0.18338713723260497,1,False,0.0
156000.0,0.02,1,stay+deck,cov,4.0,0.7872513216263517,0.014641268071064636,0.02787932385684996,0.0234,True,3.299379199422622,3.3926640195048803,3.3703465848700964,3.321000437028616,0.019999999999999997,0.019999999999999997,0.2372544057567631,0.7627832418662773,2,1,3.40576171875,0.014009023895063161,0.021126137409196444,3.391964868061235,0.012869665063880431,3.391964868061235,0.012869665063880431,0.012961752247892793,159489.17716741562,158199.602909723,,2,3.2772675287188497,0.018572974131369647,-0.006701767019578029,-0.07135129343151751,3.391964868061235,0.01803593927859643,-0.00020607741869683226,-0.09820303607017829,2,True,0.03439596418855081
156000.0,0.02,1,stay+deck,cov,16.0,0.7872513216263517,0.014641268071064636,0.02787932385684996,0.0234,True,3.299379199422622,3.3926640195048803,3.3703465848700964,3.321000437028616,0.019999999999999997,0.019999999999999997,0.2372544057567631,0.7627832418662773,2,1,3.40576171875,0.014009023895063161,0.021126137409196444,3.4015943323407285,0.018628708635352265,3.4015943323407285,0.018628708635352265,0.012961752247892793,159489.17716741562,159099.10502492278,,2,3.2845556399923583,0.019568362867655016,-0.004492832904098372,-0.021581856617249044,3.4015943323407285,0.017582170727205464,0.002632242032958953,-0.12089146363972668,2,True,0.03500929319045181
156000.0,0.02,1,stay+deck,data,4.0,0.7872513216263517,0.014641268071064636,0.02787932385684996,0.0234,True,3.299379199422622,3.3926640195048803,3.3703465848700964,3.321000437028616,0.019999999999999997,0.019999999999999997,0.2372544057567631,0.7627832418662773,2,1,3.40576171875,0.014009023895063161,0.021126137409196444,3.402864593466829,0.019389625969922886,3.402864593466829,0.019389625969922886,0.012961752247892793,159489.17716741562,159217.9523202148,,2,3.2834541440037737,0.01817825209361864,-0.004826682371530737,-0.09108739531906788,3.402864593466829,0.018275939645949476,0.0030066560977757826,-0.08620301770252606,2,True,0.035717845394916896
156000.0,0.02,1,stay+deck,data,16.0,0.7872513216263517,0.014641268071064636,0.02787932385684996,0.0234,True,3.299379199422622,3.3926640195048803,3.3703465848700964,3.321000437028616,0.019999999999999997,0.019999999999999997,0.2372544057567631,0.7627832418662773,2,1,3.40576171875,0.014009023895063161,0.021126137409196444,3.4114541291389537,0.024542422621274484,3.4114541291389537,0.024542422621274484,0.012961752247892793,159489.17716741562,160022.76503426424,,2,3.2759464326162764,0.015438686576439016,-0.0071021744970830546,-0.22806567117804907,3.4114541291389537,0.018823156135741568,0.005538452828233683,-0.05884219321292146,2,True,0.0405262688458162
156000.0,0.02,2,stay,cov,4.0,0.7872513216263517,0.014641268071064636,0.02787932385684996,0.0234,True,3.299379199422622,3.3926640195048803,3.3703465848700964,3.321000437028616,0.019999999999999997,0.019999999999999997,0.2372544057567631,0.7627832418662773,1,1,3.38134765625,0.014009023895063161,0.006538808561943332,3.3929302052161816,0.013446262930827624,3.3929302052161816,0.013446262930827624,0.012961752247892793,157210.7896208763,158289.6614401894,,1,3.3929302052161816,0.02864373686713202,0.028354123651482866,0.4321868433566011,3.3929302052161816,0.02864373686713202,7.845920190475336e-05,0.4321868433566011,1,False,0.0
156000.0,0.02,2,stay,cov,16.0,0.7872513216263517,0.014641268071064636,0.02787932385684996,0.0234,True,3.299379199422622,3.3926640195048803,3.3703465848700964,3.321000437028616,0.019999999999999997,0.019999999999999997,0.2372544057567631,0.7627832418662773,1,1,3.38134765625,0.014009023895063161,0.006538808561943332,3.404683561218682,0.02047972661148112,3.404683561218682,0.02047972661148112,0.012961752247892793,157210.7896208763,159388.21459045002,,1,3.404683561218682,0.02667198254626415,0.03191641682607683,0.3335991273132076,3.404683561218682,0.02667198254626415,0.0035428034266581842,0.3335991273132076,1,False,0.0
156000.0,0.02,2,stay,data,4.0,0.7872513216263517,0.014641268071064636,0.02787932385684996,0.0234,True,3.299379199422622,3.3926640195048803,3.3703465848700964,3.321000437028616,0.019999999999999997,0.019999999999999997,0.2372544057567631,0.7627832418662773,1,1,3.38134765625,0.014009023895063161,0.006538808561943332,3.389767105629508,0.011557549036024461,3.389767105629508,0.011557549036024461,0.012961752247892793,157210.7896208763,157994.66416810793,,1,3.389767105629508,0.028557419782452853,0.02739542827411389,0.4278709891226429,3.389767105629508,0.028557419782452853,-0.0008538758505757574,0.4278709891226429,1,False,0.0
156000.0,0.02,2,stay,data,16.0,0.7872513216263517,0.014641268071064636,0.02787932385684996,0.0234,True,3.299379199422622,3.3926640195048803,3.3703465848700964,3.321000437028616,0.019999999999999997,0.019999999999999997,0.2372544057567631,0.7627832418662773,1,1,3.38134765625,0.014009023895063161,0.006538808561943332,3.3948875232681996,0.01461587663145858,3.3948875232681996,0.01461587663145858,0.012961752247892793,157210.7896208763,158472.34281507874,,1,3.3948875232681996,0.02365775748391915,0.02894736193472129,0.18288787419595764,3.3948875232681996,0.02365775748391915,0.0006553857825402535,0.18288787419595764,1,False,0.0
156000.0,0.02,2,stay2,cov,4.0,0.7872513216263517,0.014641268071064636,0.02787932385684996,0.0234,True,3.299379199422622,3.3926640195048803,3.3703465848700964,3.321000437028616,0.019999999999999997,0.019999999999999997,0.2372544057567631,0.7627832418662773,1,1,3.38134765625,0.014009023895063161,0.006538808561943332,3.3893060208119397,0.011282378446411334,3.3893060208119397,0.011282378446411334,0.012961752247892793,157210.7896208763,157951.68541229088,,1,3.3893060208119397,0.02208497778723736,0.027255679312355018,0.10424888936186821,3.3893060208119397,0.02208497778723736,-0.0009897822695188907,0.10424888936186821,1,False,0.0
156000.0,0.02,2,stay2,cov,16.0,0.7872513216263517,0.014641268071064636,0.02787932385684996,0.0234,True,3.299379199422622,3.3926640195048803,3.3703465848700964,3.321000437028616,0.019999999999999997,0.019999999999999997,0.2372544057567631,0.7627832418662773,1,1,3.38134765625,0.014009023895063161,0.006538808561943332,3.3862517405283783,0.009460561178550764,3.3862517405283783,0.009460561178550764,0.012961752247892793,157210.7896208763,157667.13669068273,,1,3.3862517405283783,0.028449871340325967,0.0263299656859565,0.4224935670162986,3.3862517405283783,0.028449871340325967,-0.0018900424385193855,0.4224935670162986,1,False,0.0
156000.0,0.02,2,stay2,data,4.0,0.7872513216263517,0.014641268071064636,0.02787932385684996,0.0234,True,3.299379199422622,3.3926640195048803,3.3703465848700964,3.321000437028616,0.019999999999999997,0.019999999999999997,0.2372544057567631,0.7627832418662773,1,1,3.38134765625,0.014009023895063161,0.006538808561943332,3.398084430225055,0.016527668859436018,3.398084430225055,0.016527668859436018,0.012961752247892793,157210.7896208763,158770.9446803966,,1,3.398084430225055,0.021242364485295182,0.029916303897322867,0.06211822426475927,3.398084430225055,0.021242364485295182,0.0015976856797525697,0.06211822426475927,1,False,0.0
156000.0,0.02,2,stay2,data,16.0,0.7872513216263517,0.014641268071064636,0.02787932385684996,0.0234,True,3.299379199422622,3.3926640195048803,3.3703465848700964,3.321000437028616,0.019999999999999997,0.019999999999999997,0.2372544057567631,0.7627832418662773,1,1,3.38134765625,0.014009023895063161,0.006538808561943332,3.3827420391437797,0.007369122403334982,3.3827420391437797,0.007369122403334982,0.012961752247892793,157210.7896208763,157340.47592162096,,1,3.3827420391437797,0.018525115314891108,0.025266219698465035,-0.07374423425544446,3.3827420391437797,0.018525115314891108,-0.002924539625514874,-0.07374423425544446,1,False,0.0
156000.0,0.02,2,stay+deck,cov,4.0,0.7872513216263517,0.014641268071064636,0.02787932385684996,0.0234,True,3.299379199422622,3.3926640195048803,3.3703465848700964,3.321000437028616,0.019999999999999997,0.019999999999999997,0.2372544057567631,0.7627832418662773,1,1,3.38134765625,0.014009023895063161,0.006538808561943332,3.399249259937942,0.017224699555824063,3.399249259937942,0.017224699555824063,0.012961752247892793,157210.7896208763,158879.8135538439,,2,3.3244236511186194,0.016906404861589053,0.007590655751354684,-0.1546797569205472,3.399249259937942,0.02802798237463408,0.001941023453900037,0.40139911873170425,2,True,0.022257361358634122
156000.0,0.02,2,stay+deck,cov,16.0,0.7872513216263517,0.014641268071064636,0.02787932385684996,0.0234,True,3.299379199422622,3.3926640195048803,3.3703465848700964,3.321000437028616,0.019999999999999997,0.019999999999999997,0.2372544057567631,0.7627832418662773,1,1,3.38134765625,0.014009023895063161,0.006538808561943332,3.3823090973306154,0.007111281693023441,3.3823090973306154,0.007111281693023441,0.012961752247892793,157210.7896208763,157300.2039109248,,1,3.3823090973306154,0.011979016121830251,0.02513500052449434,-0.40104919390848737,3.3823090973306154,0.011979016121830251,-0.0030521507920422087,-0.40104919390848737,1,False,0.0
156000.0,0.02,2,stay+deck,data,4.0,0.7872513216263517,0.014641268071064636,0.02787932385684996,0.0234,True,3.299379199422622,3.3926640195048803,3.3703465848700964,3.321000437028616,0.019999999999999997,0.019999999999999997,0.2372544057567631,0.7627832418662773,1,1,3.38134765625,0.014009023895063161,0.006538808561943332,3.398759355490117,0.01693151305744478,3.398759355490117,0.01693151305744478,0.012961752247892793,157210.7896208763,158834.02090230942,,2,3.3238571603060882,0.01613064180592205,0.00741895956904552,-0.19346790970389743,3.398759355490117,0.02609934702877886,0.001796622344621749,0.30496735143894316,2,True,0.022283643580748726
156000.0,0.02,2,stay+deck,data,16.0,0.7872513216263517,0.014641268071064636,0.02787932385684996,0.0234,True,3.299379199422622,3.3926640195048803,3.3703465848700964,3.321000437028616,0.019999999999999997,0.019999999999999997,0.2372544057567631,0.7627832418662773,1,1,3.38134765625,0.014009023895063161,0.006538808561943332,,,,,0.012961752247892793,157210.7896208763,,,0,,,,,,,,,0,False,0.0
161000.0,0.02,0,stay,cov,4.0,1.2265241206181154,0.03004427081132042,0.03878556511060405,0.0234,True,3.307387901671545,3.4382036926674338,3.4238680561291908,3.321000437028616,0.020000000000000004,0.020000000000000004,0.1084355605375269,0.8915983303190185,2,1,3.45458984375,0.009034668808459025,0.018026172627535697,3.4348589880995686,0.006430488992057892,3.4348589880995686,0.006430488992057892,0.008037459829289391,164095.12609243393,162226.0236867654,,1,3.4348589880995686,0.026168900388173016,0.03854131726236291,0.30844501940865054,3.4348589880995686,0.026168900388173016,-0.0009728058215394098,0.30844501940865054,1,False,0.0
161000.0,0.02,0,stay,cov,16.0,1.2265241206181154,0.03004427081132042,0.03878556511060405,0.0234,True,3.307387901671545,3.4382036926674338,3.4238680561291908,3.321000437028616,0.020000000000000004,0.020000000000000004,0.1084355605375269,0.8915983303190185,2,1,3.45458984375,0.009034668808459025,0.018026172627535697,3.451067986195518,0.015951532366110355,3.451067986195518,0.015951532366110355,0.008037459829289391,164095.12609243393,163760.7158734743,,1,3.451067986195518,0.021943045829392015,0.04344216305905861,0.09715229146960053,3.451067986195518,0.021943045829392015,0.0037415739956068884,0.09715229146960053,1,False,0.0
161000.0,0.02,0,stay,data,4.0,1.2265241206181154,0.03004427081132042,0.03878556511060405,0.0234,True,3.307387901671545,3.4382036926674338,3.4238680561291908,3.321000437028616,0.020000000000000004,0.020000000000000004,0.1084355605375269,0.8915983303190185,2,1,3.45458984375,0.009034668808459025,0.018026172627535697,3.4398868764478294,0.009379037202447815,3.4398868764478294,0.009379037202447815,0.008037459829289391,164095.12609243393,162701.29868792256,,1,3.4398868764478294,0.024581418777819407,0.04006151643395683,0.2290709388909701,3.4398868764478294,0.024581418777819407,0.0004895532466518348,0.2290709388909701,1,False,0.0
161000.0,0.02,0,stay,data,16.0,1.2265241206181154,0.03004427081132042,0.03878556511060405,0.0234,True,3.307387901671545,3.4382036926674338,3.4238680561291908,3.321000437028616,0.020000000000000004,0.020000000000000004,0.1084355605375269,0.8915983303190185,2,1,3.45458984375,0.009034668808459025,0.018026172627535697,3.447358079474336,0.013768405551303653,3.447358079474336,0.013768405551303653,0.008037459829289391,164095.12609243393,163408.81876160848,,1,3.447358079474336,0.013805532840240956,0.04232046012263954,-0.30972335798795236,3.447358079474336,0.013805532840240956,0.002662549291778579,-0.30972335798795236,1,False,0.0
161000.0,0.02,0,stay2,cov,4.0,1.2265241206181154,0.03004427081132042,0.03878556511060405,0.0234,True,3.307387901671545,3.4382036926674338,3.4238680561291908,3.321000437028616,0.020000000000000004,0.020000000000000004,0.1084355605375269,0.8915983303190185,2,1,3.45458984375,0.009034668808459025,0.018026172627535697,3.443379500414883,0.011429785531376302,3.443379500414883,0.011429785531376302,0.008037459829289391,164095.12609243393,163031.85777831494,,1,3.443379500414883,0.023114390123440846,0.04111752318940528,0.15571950617204208,3.443379500414883,0.023114390123440846,0.00150538135901826,0.15571950617204208,1,False,0.0
161000.0,0.02,0,stay2,cov,16.0,1.2265241206181154,0.03004427081132042,0.03878556511060405,0.0234,True,3.307387901671545,3.4382036926674338,3.4238680561291908,3.321000437028616,0.020000000000000004,0.020000000000000004,0.1084355605375269,0.8915983303190185,2,1,3.45458984375,0.009034668808459025,0.018026172627535697,3.44532128699114,0.01257083579494278,3.44532128699114,0.01257083579494278,0.008037459829289391,164095.12609243393,163215.78309567142,,3,3.4164831726794263,0.025074332296991124,0.03298532686557418,0.25371661484955593,3.44532128699114,0.0035305148599736316,0.002070149112714233,-0.8234742570013184,1,False,0.04585669730501946
161000.0,0.02,0,stay2,data,4.0,1.2265241206181154,0.03004427081132042,0.03878556511060405,0.0234,True,3.307387901671545,3.4382036926674338,3.4238680561291908,3.321000437028616,0.020000000000000004,0.020000000000000004,0.1084355605375269,0.8915983303190185,2,1,3.45458984375,0.009034668808459025,0.018026172627535697,3.4471251594833423,0.013631420100117753,3.4471251594833423,0.013631420100117753,0.008037459829289391,164095.12609243393,163386.73814571704,,1,3.4471251594833423,0.0244137560172697,0.04225003596982822,0.22068780086348483,3.4471251594833423,0.0244137560172697,0.0025948046169966977,0.22068780086348483,1,False,0.0
161000.0,0.02,0,stay2,data,16.0,1.2265241206181154,0.03004427081132042,0.03878556511060405,0.0234,True,3.307387901671545,3.4382036926674338,3.4238680561291908,3.321000437028616,0.020000000000000004,0.020000000000000004,0.1084355605375269,0.8915983303190185,2,1,3.45458984375,0.009034668808459025,0.018026172627535697,3.4465361272850483,0.013285038402808258,3.4465361272850483,0.013285038402808258,0.008037459829289391,164095.12609243393,163330.905054364,,1,3.4465361272850483,0.017051846153257277,0.04207194007790207,-0.1474076923371363,3.4465361272850483,0.017051846153257277,0.0024234848666426986,-0.1474076923371363,1,False,0.0
161000.0,0.02,0,stay+deck,cov,4.0,1.2265241206181154,0.03004427081132042,0.03878556511060405,0.0234,True,3.307387901671545,3.4382036926674338,3.4238680561291908,3.321000437028616,0.020000000000000004,0.020000000000000004,0.1084355605375269,0.8915983303190185,2,1,3.45458984375,0.009034668808459025,0.018026172627535697,3.445585460765224,0.012726121698438675,3.445585460765224,0.012726121698438675,0.008037459829289391,164095.12609243393,163240.81355225464,,2,3.321561843026431,0.019886364537790323,0.004285539457806737,-0.005681773110484053,3.445585460765224,0.023659860421570183,0.002146983936272666,0.1829930210785089,2,True,0.03665462333568604
161000.0,0.02,0,stay+deck,cov,16.0,1.2265241206181154,0.03004427081132042,0.03878556511060405,0.0234,True,3.307387901671545,3.4382036926674338,3.4238680561291908,3.321000437028616,0.020000000000000004,0.020000000000000004,0.1084355605375269,0.8915983303190185,2,1,3.45458984375,0.009034668808459025,0.018026172627535697,3.4607483521891695,0.021659085018565394,3.4607483521891695,0.021659085018565394,0.008037459829289391,164095.12609243393,164680.71341122573,,2,3.326930406496494,0.014273536083075222,0.0059087429131226546,-0.28632319584623905,3.4607483521891695,0.011461164828155568,0.006557104097647324,-0.4269417585922217,2,True,0.03942966379233518
161000.0,0.02,0,stay+deck,data,4.0,1.2265241206181154,0.03004427081132042,0.03878556511060405,0.0234,True,3.307387901671545,3.4382036926674338,3.4238680561291908,3.321000437028616,0.020000000000000004,0.020000000000000004,0.1084355605375269,0.8915983303190185,2,1,3.45458984375,0.009034668808459025,0.018026172627535697,3.445351446362197,0.012588563391690455,3.445351446362197,0.012588563391690455,0.008037459829289391,164095.12609243393,163218.64059806365,,2,3.3242727416519844,0.018188942956818548,0.005105188892994981,-0.0905528521590728,3.445351446362197,0.021405776018339463,0.002078920952242331,0.07028880091697295,2,True,0.03577117469078595
161000.0,0.02,0,stay+deck,data,16.0,1.2265241206181154,0.03004427081132042,0.03878556511060405,0.0234,True,3.307387901671545,3.4382036926674338,3.4238680561291908,3.321000437028616,0.020000000000000004,0.020000000000000004,0.1084355605375269,0.8915983303190185,2,1,3.45458984375,0.009034668808459025,0.018026172627535697,3.447019260396183,0.01356914154143296,3.447019260396183,0.01356914154143296,0.008037459829289391,164095.12609243393,163376.6994962059,,2,3.3170616630813754,0.013560605398246064,0.0029248947197700846,-0.3219697300876969,3.447019260396183,0.016529373901008684,0.0025640039150530464,-0.17353130494956595,2,True,0.03842579613846297
161000.0,0.02,1,stay,cov,4.0,1.2265241206181154,0.03004427081132042,0.03878556511060405,0.0234,True,3.307387901671545,3.4382036926674338,3.4238680561291908,3.321000437028616,0.020000000000000004,0.020000000000000004,0.1084355605375269,0.8915983303190185,3,1,3.466796875,0.009034668808459025,0.025233415068816933,3.4530911034931178,0.017143042699478084,3.4530911034931178,0.017143042699478084,0.008037459829289391,165256.85787200928,163952.77482407063,,1,3.4530911034931178,0.019558113445331038,0.04405385946654002,-0.022094327733448296,3.4530911034931178,0.019558113445331038,0.004329996753081849,-0.022094327733448296,1,False,0.0
161000.0,0.02,1,stay,cov,16.0,1.2265241206181154,0.03004427081132042,0.03878556511060405,0.0234,True,3.307387901671545,3.4382036926674338,3.4238680561291908,3.321000437028616,0.020000000000000004,0.020000000000000004,0.1084355605375269,0.8915983303190185,3,1,3.466796875,0.009034668808459025,0.025233415068816933,3.4553373108195515,0.01846675943901155,3.4553373108195515,0.01846675943901155,0.008037459829289391,165256.85787200928,164166.14405869824,,1,3.4553373108195515,0.020716413011802062,0.04473300790428406,0.03582065059010291,3.4553373108195515,0.020716413011802062,0.0049833051452589025,0.03582065059010291,1,False,0.0
161000.0,0.02,1,stay,data,4.0,1.2265241206181154,0.03004427081132042,0.03878556511060405,0.0234,True,3.307387901671545,3.4382036926674338,3.4238680561291908,3.321000437028616,0.020000000000000004,0.020000000000000004,0.1084355605375269,0.8915983303190185,3,1,3.466796875,0.009034668808459025,0.025233415068816933,3.455169047855236,0.018367570243852605,3.455169047855236,0.018367570243852605,0.008037459829289391,165256.85787200928,164150.1558022818,,1,3.455169047855236,0.019317704683664304,0.044682133023768666,-0.034114765816785,3.455169047855236,0.019317704683664304,0.004934365937650449,-0.034114765816785,1,False,0.0
161000.0,0.02,1,stay,data,16.0,1.2265241206181154,0.03004427081132042,0.03878556511060405,0.0234,True,3.307387901671545,3.4382036926674338,3.4238680561291908,3.321000437028616,0.020000000000000004,0.020000000000000004,0.1084355605375269,0.8915983303190185,3,1,3.466796875,0.009034668808459025,0.025233415068816933,3.452381040810933,0.016724773364308998,3.452381040810933,0.016724773364308998,0.008037459829289391,165256.85787200928,163885.35420057326,,1,3.452381040810933,0.02195945211127449,0.04383916959547117,0.09797260556372431,3.452381040810933,0.02195945211127449,0.00412347534084008,0.09797260556372431,1,False,0.0
161000.0,0.02,1,stay2,cov,4.0,1.2265241206181154,0.03004427081132042,0.03878556511060405,0.0234,True,3.307387901671545,3.4382036926674338,3.4238680561291908,3.321000437028616,0.020000000000000004,0.020000000000000004,0.1084355605375269,0.8915983303190185,3,1,3.466796875,0.009034668808459025,0.025233415068816933,3.45136358672469,0.01612558206523329,3.45136358672469,0.01612558206523329,0.008037459829289391,165256.85787200928,163788.77085682534,,2,3.2519371707645837,0.021234270258445865,-0.016765717404643263,0.06171351292229304,3.45136358672469,0.0196664764453711,0.0038275492767697004,-0.0166761777314452,1,False,0.05950096025075311
161000.0,0.02,1,stay2,cov,16.0,1.2265241206181154,0.03004427081132042,0.03878556511060405,0.0234,True,3.307387901671545,3.4382036926674338,3.4238680561291908,3.321000437028616,0.020000000000000004,0.020000000000000004,0.1084355605375269,0.8915983303190185,3,1,3.466796875,0.009034668808459025,0.025233415068816933,3.4487170129756453,0.014567809238243967,3.4487170129756453,0.014567809238243967,0.008037459829289391,165256.85787200928,163537.67423933028,,1,3.4487170129756453,0.020664127613427393,0.04273133829650676,0.033206380671369454,3.4487170129756453,0.020664127613427393,0.0030577944903709413,0.033206380671369454,1,False,0.0
161000.0,0.02,1,stay2,data,4.0,1.2265241206181154,0.03004427081132042,0.03878556511060405,0.0234,True,3.307387901671545,3.4382036926674338,3.4238680561291908,3.321000437028616,0.020000000000000004,0.020000000000000004,0.1084355605375269,0.8915983303190185,3,1,3.466796875,0.009034668808459025,0.025233415068816933,3.4521449388366205,0.016585714253988693,3.4521449388366205,0.016585714253988693,0.008037459829289391,165256.85787200928,163862.93933261032,,1,3.4521449388366205,0.01996020232439647,0.04376778335916265,-0.001989883780176629,3.4521449388366205,0.01996020232439647,0.004054805187638802,-0.001989883780176629,1,False,0.0
161000.0,0.02,1,stay2,data,16.0,1.2265241206181154,0.03004427081132042,0.03878556511060405,0.0234,True,3.307387901671545,3.4382036926674338,3.4238680561291908,3.321000437028616,0.020000000000000004,0.020000000000000004,0.1084355605375269,0.8915983303190185,3,1,3.466796875,0.009034668808459025,0.025233415068816933,3.4612361710279114,0.021947126576789433,3.4612361710279114,0.021947126576789433,0.008037459829289391,165256.85787200928,164727.1426849394,,2,3.380909304951399,0.007497568473083397,0.022229446761505303,-0.6251215763458302,3.4612361710279114,0.019388949082731696,0.006698985987827997,-0.03055254586341541,1,False,0.023480022854970084
161000.0,0.02,1,stay+deck,cov,4.0,1.2265241206181154,0.03004427081132042,0.03878556511060405,0.0234,True,3.307387901671545,3.4382036926674338,3.4238680561291908,3.321000437028616,0.020000000000000004,0.020000000000000004,0.1084355605375269,0.8915983303190185,3,1,3.466796875,0.009034668808459025,0.025233415068816933,3.4413268709068014,0.010224300144283882,3.4413268709068014,0.010224300144283882,0.008037459829289391,165256.85787200928,162837.54619584646,,2,3.2953877373855387,0.01834662463067835,-0.003628290555196532,-0.08266876846608275,3.4413268709068014,0.016046727305720876,0.0009083749883779185,-0.19766363471395637,2,True,0.0433265002325091
161000.0,0.02,1,stay+deck,cov,16.0,1.2265241206181154,0.03004427081132042,0.03878556511060405,0.0234,True,3.307387901671545,3.4382036926674338,3.4238680561291908,3.321000437028616,0.020000000000000004,0.020000000000000004,0.1084355605375269,0.8915983303190185,3,1,3.466796875,0.009034668808459025,0.025233415068816933,3.4543142521341457,0.017863752022080126,3.4543142521341457,0.017863752022080126,0.008037459829289391,165256.85787200928,164068.94559683488,,2,3.2977632743413334,0.02224645132879058,-0.0029100388634024903,0.1123225664395287,3.4543142521341457,0.01936559511446964,0.004685748986038983,-0.031720244276518116,2,True,0.04637120269397451
161000.0,0.02,1,stay+deck,data,4.0,1.2265241206181154,0.03004427081132042,0.03878556511060405,0.0234,True,3.307387901671545,3.4382036926674338,3.4238680561291908,3.321000437028616,0.020000000000000004,0.020000000000000004,0.1084355605375269,0.8915983303190185,3,1,3.466796875,0.009034668808459025,0.025233415068816933,3.4369940148071003,0.007682024375920804,3.4369940148071003,0.007682024375920804,0.008037459829289391,165256.85787200928,162427.75804502267,,2,3.2952920302841298,0.019430805255273072,-0.003657227923371752,-0.028459737236346566,3.4369940148071003,0.017512624388035292,-0.00035183426244154287,-0.12436878059823556,2,True,0.04209624593307081
161000.0,0.02,1,stay+deck,data,16.0,1.2265241206181154,0.03004427081132042,0.03878556511060405,0.0234,True,3.307387901671545,3.4382036926674338,3.4238680561291908,3.321000437028616,0.020000000000000004,0.020000000000000004,0.1084355605375269,0.8915983303190185,3,1,3.466796875,0.009034668808459025,0.025233415068816933,3.449389526499862,0.014963537329019339,3.449389526499862,0.014963537329019339,0.008037459829289391,165256.85787200928,163601.46145099547,,2,3.2975998952317727,0.01729394062407566,-0.002959437093793972,-0.13530296879621717,3.449389526499862,0.018343732875517264,0.0032533947468801655,-0.08281335622413696,2,True,0.044994773751737126
161000.0,0.02,2,stay,cov,4.0,1.2265241206181154,0.03004427081132042,0.03878556511060405,0.0234,True,3.307387901671545,3.4382036926674338,3.4238680561291908,3.321000437028616,0.020000000000000004,0.020000000000000004,0.1084355605375269,0.8915983303190185,1,1,3.466796875,0.009034668808459025,0.025233415068816933,3.44612844370923,0.013045333829767802,3.44612844370923,0.013045333829767802,0.008037459829289391,165256.85787200928,163292.26719494976,,1,3.44612844370923,0.023259840027507722,0.041948675559817517,0.1629920013753859,3.44612844370923,0.023259840027507722,0.0023049102816965904,0.1629920013753859,1,False,0.0
161000.0,0.02,2,stay,cov,16.0,1.2265241206181154,0.03004427081132042,0.03878556511060405,0.0234,True,3.307387901671545,3.4382036926674338,3.4238680561291908,3.321000437028616,0.020000000000000004,0.020000000000000004,0.1084355605375269,0.8915983303190185,1,1,3.466796875,0.009034668808459025,0.025233415068816933,3.464084279499664,0.02362965480545709,3.4210917368872127,-0.0016210867805128704,0.008037459829289391,165256.85787200928,164998.34856280472,,2,3.4210917368872127,0.024868299586482772,0.034378741954701544,0.24341497932413836,3.4210917368872127,0.024868299586482772,-0.004977004654120779,0.24341497932413836,1,False,0.012488436754595118
161000.0,0.02,2,stay,data,4.0,1.2265241206181154,0.03004427081132042,0.03878556511060405,0.0234,True,3.307387901671545,3.4382036926674338,3.4238680561291908,3.321000437028616,0.020000000000000004,0.020000000000000004,0.1084355605375269,0.8915983303190185,1,1,3.466796875,0.009034668808459025,0.025233415068816933,3.4453317873372518,0.012577007852382582,3.4453317873372518,0.012577007852382582,0.008037459829289391,165256.85787200928,163216.7779665019,,1,3.4453317873372518,0.023274678348217632,0.04170780379162373,0.16373391741088136,3.4453317873372518,0.023274678348217632,0.002073203133665381,0.16373391741088136,1,False,0.0
161000.0,0.02,2,stay,data,16.0,1.2265241206181154,0.03004427081132042,0.03878556511060405,0.0234,True,3.307387901671545,3.4382036926674338,3.4238680561291908,3.321000437028616,0.020000000000000004,0.020000000000000004,0.1084355605375269,0.8915983303190185,1,1,3.466796875,0.009034668808459025,0.025233415068816933,3.4613198826748044,0.021996559731475296,3.4225485225581282,-0.0007706367653002033,0.008037459829289391,165256.85787200928,164735.11079024893,,2,3.4225485225581282,0.025192767974942885,0.03481920606542146,0.259638398747144,3.4225485225581282,0.025192767974942885,-0.004553299195941437,0.259638398747144,1,False,0.011264410600064112
161000.0,0.02,2,stay2,cov,4.0,1.2265241206181154,0.03004427081132042,0.03878556511060405,0.0234,True,3.307387901671545,3.4382036926674338,3.4238680561291908,3.321000437028616,0.020000000000000004,0.020000000000000004,0.1084355605375269,0.8915983303190185,1,1,3.466796875,0.009034668808459025,0.025233415068816933,3.4411090045610417,0.010096391975147556,3.4411090045610417,0.010096391975147556,0.008037459829289391,165256.85787200928,162816.9287424774,,1,3.4411090045610417,0.022082577458911713,0.04043103103265106,0.10412887294558545,3.4411090045610417,0.022082577458911713,0.0008450086595520995,0.10412887294558545,1,False,0.0
161000.0,0.02,2,stay2,cov,16.0,1.2265241206181154,0.03004427081132042,0.03878556511060405,0.0234,True,3.307387901671545,3.4382036926674338,3.4238680561291908,3.321000437028616,0.020000000000000004,0.020000000000000004,0.1084355605375269,0.8915983303190185,1,1,3.466796875,0.009034668808459025,0.025233415068816933,3.462214129654292,0.02252470241970972,3.462214129654292,0.02252470241970972,0.008037459829289391,165256.85787200928,164820.24184419512,,2,3.462214129654292,0.009035770924940345,0.04681223750758068,-0.5482114537529829,3.462214129654292,0.009035770924940345,0.006983424815133777,-0.5482114537529829,1,False,0.10043037204804212
161000.0,0.02,2,stay2,data,4.0,1.2265241206181154,0.03004427081132042,0.03878556511060405,0.0234,True,3.307387901671545,3.4382036926674338,3.4238680561291908,3.321000437028616,0.020000000000000004,0.020000000000000004,0.1084355605375269,0.8915983303190185,1,1,3.466796875,0.009034668808459025,0.025233415068816933,3.4440980124025367,0.011851929094918834,3.4440980124025367,0.011851929094918834,0.008037459829289391,165256.85787200928,163099.90288673266,,1,3.4440980124025367,0.02230248135098845,0.04133476773676861,0.11512406754942224,3.4440980124025367,0.02230248135098845,0.0017143602479613306,0.11512406754942224,1,False,0.0
161000.0,0.02,2,stay2,data,16.0,1.2265241206181154,0.03004427081132042,0.03878556511060405,0.0234,True,3.307387901671545,3.4382036926674338,3.4238680561291908,3.321000437028616,0.020000000000000004,0.020000000000000004,0.1084355605375269,0.8915983303190185,1,1,3.466796875,0.009034668808459025,0.025233415068816933,3.452253951551788,0.016649919274715153,3.452253951551788,0.016649919274715153,0.008037459829289391,165256.85787200928,163873.28850756784,,1,3.452253951551788,0.022339708772293528,0.04380074372498856,0.11698543861467615,3.452253951551788,0.022339708772293528,0.004086511486890288,0.11698543861467615,1,False,0.0
161000.0,0.02,2,stay+deck,cov,4.0,1.2265241206181154,0.03004427081132042,0.03878556511060405,0.0234,True,3.307387901671545,3.4382036926674338,3.4238680561291908,3.321000437028616,0.020000000000000004,0.020000000000000004,0.1084355605375269,0.8915983303190185,1,1,3.466796875,0.009034668808459025,0.025233415068816933,3.4508582279839093,0.01582803569722091,3.4508582279839093,0.01582803569722091,0.008037459829289391,165256.85787200928,163740.80950760838,,2,3.3223272246859463,0.018547223076836383,0.004516955210137641,-0.07263884615818104,3.4508582279839093,0.02088212845059131,0.003680565913957782,0.04410642252956533,2,True,0.037952896519996684
161000.0,0.02,2,stay+deck,cov,16.0,1.2265241206181154,0.03004427081132042,0.03878556511060405,0.0234,True,3.307387901671545,3.4382036926674338,3.4238680561291908,3.321000437028616,0.020000000000000004,0.020000000000000004,0.1084355605375269,0.8915983303190185,1,1,3.466796875,0.009034668808459025,0.025233415068816933,3.433847183265733,0.005837648787861305,3.433847183265733,0.005837648787861305,0.008037459829289391,165256.85787200928,162130.46407280263,,2,3.329816954384916,0.020152819807621715,0.006781500501358088,0.0076409903810855506,3.433847183265733,0.024230830075025352,-0.0012670888030839652,0.21154150375126737,2,True,0.030761500501398815
161000.0,0.02,2,stay+deck,data,4.0,1.2265241206181154,0.03004427081132042,0.03878556511060405,0.0234,True,3.307387901671545,3.4382036926674338,3.4238680561291908,3.321000437028616,0.020000000000000004,0.020000000000000004,0.1084355605375269,0.8915983303190185,1,1,3.466796875,0.009034668808459025,0.025233415068816933,3.451690656395617,0.016318178179051124,3.451690656395617,0.016318178179051124,0.008037459829289391,165256.85787200928,163819.81532742106,,2,3.321228083569089,0.018534651740892076,0.004184626148795375,-0.07326741295539638,3.451690656395617,0.020875337205984633,0.003922677343679974,0.04376686029923144,2,True,0.03852477132398252
161000.0,0.02,2,stay+deck,data,16.0,1.2265241206181154,0.03004427081132042,0.03878556511060405,0.0234,True,3.307387901671545,3.4382036926674338,3.4238680561291908,3.321000437028616,0.020000000000000004,0.020000000000000004,0.1084355605375269,0.8915983303190185,1,1,3.466796875,0.009034668808459025,0.025233415068816933,3.4420336510997793,0.010639302772034176,3.4420336510997793,0.010639302772034176,0.008037459829289391,165256.85787200928,162904.44026042006,,2,3.3152317319560987,0.017074626143236196,0.0023716088096559737,-0.14626869283819036,3.4420336510997793,0.018433422977929548,0.0011139416901080124,-0.07832885110352279,2,True,0.037530542891401515
143000.0,0.025,0,stay,cov,4.0,0.9357924423698362,-0.029116878236242406,0.03662616741848772,0.0234,True,3.2143680165328425,3.3342942161841527,3.227039131571072,3.321000437028616,0.025,0.025,0.8920454116169482,0.10800325065756017,1,1,3.1982421875,-0.0091618494752959,-0.017767653928491334,3.2218505575784038,-0.0032131019016053974,3.2218505575784038,-0.0032131019016053974,-0.008237540487975037,140645.3549861908,142729.41396131372,,1,3.2218505575784038,0.030696651813310126,0.0023278420538890955,0.22786607253240498,3.2218505575784038,0.030696651813310126,-0.0337233763175321,0.22786607253240498,1,False,0.0
143000.0,0.025,0,stay,cov,16.0,0.9357924423698362,-0.029116878236242406,0.03662616741848772,0.0234,True,3.2143680165328425,3.3342942161841527,3.227039131571072,3.321000437028616,0.025,0.025,0.8920454116169482,0.10800325065756017,1,1,3.1982421875,-0.0091618494752959,-0.017767653928491334,3.1925838140197653,-0.021240137018993632,3.1925838140197653,-0.021240137018993632,-0.008237540487975037,140645.3549861908,140148.13188118863,,1,3.1925838140197653,0.007813028647588233,-0.006777133919026053,-0.6874788540964707,3.1925838140197653,0.007813028647588233,-0.04250086914242504,-0.6874788540964707,1,False,0.0
143000.0,0.025,0,stay,data,4.0,0.9357924423698362,-0.029116878236242406,0.03662616741848772,0.0234,True,3.2143680165328425,3.3342942161841527,3.227039131571072,3.321000437028616,0.025,0.025,0.8920454116169482,0.10800325065756017,1,1,3.1982421875,-0.0091618494752959,-0.017767653928491334,,,,,-0.008237540487975037,140645.3549861908,,,0,,,,,,,,,0,False,0.0
143000.0,0.025,0,stay,data,16.0,0.9357924423698362,-0.029116878236242406,0.03662616741848772,0.0234,True,3.2143680165328425,3.3342942161841527,3.227039131571072,3.321000437028616,0.025,0.025,0.8920454116169482,0.10800325065756017,1,1,3.1982421875,-0.0091618494752959,-0.017767653928491334,3.1931169596370177,-0.0209132136663166,3.1931169596370177,-0.0209132136663166,-0.008237540487975037,140645.3549861908,140194.94387142133,,2,3.1931169596370177,0.008549326425142209,-0.0066112706406117015,-0.6580269429943116,3.2648494469055063,0.03272381263263206,-0.02082742696837374,0.30895250530528245,1,False,0.022215193685683116
143000.0,0.025,0,stay2,cov,4.0,0.9357924423698362,-0.029116878236242406,0.03662616741848772,0.0234,True,3.2143680165328425,3.3342942161841527,3.227039131571072,3.321000437028616,0.025,0.025,0.8920454116169482,0.10800325065756017,1,1,3.1982421875,-0.0091618494752959,-0.017767653928491334,3.234450670682712,0.0045986737985777015,3.234450670682712,0.0045986737985777015,-0.008237540487975037,140645.3549861908,143847.97818984784,,1,3.234450670682712,0.035583295773659,0.006247776871402343,0.4233318309463599,3.234450670682712,0.035583295773659,-0.02994443172315615,0.4233318309463599,1,False,0.0
143000.0,0.025,0,stay2,cov,16.0,0.9357924423698362,-0.029116878236242406,0.03662616741848772,0.0234,True,3.2143680165328425,3.3342942161841527,3.227039131571072,3.321000437028616,0.025,0.025,0.8920454116169482,0.10800325065756017,1,1,3.1982421875,-0.0091618494752959,-0.017767653928491334,3.2011301956688194,-0.015992944173221613,3.2011301956688194,-0.015992944173221613,-0.008237540487975037,140645.3549861908,140899.47478231206,,2,3.2011301956688194,0.007071613641827899,-0.004118327707323953,-0.717135454326884,3.2718096697187535,0.02745515960479308,-0.018739961867224774,0.09820638419172315,1,False,0.021838446059996613
143000.0,0.025,0,stay2,data,4.0,0.9357924423698362,-0.029116878236242406,0.03662616741848772,0.0234,True,3.2143680165328425,3.3342942161841527,3.227039131571072,3.321000437028616,0.025,0.025,0.8920454116169482,0.10800325065756017,1,1,3.1982421875,-0.0091618494752959,-0.017767653928491334,3.2238560600913972,-0.0019717775326061338,3.2238560600913972,-0.0019717775326061338,-0.008237540487975037,140645.3549861908,142907.15857258538,,1,3.2238560600913972,0.02799029243173225,0.002951760193529091,0.11961169726928997,3.2238560600913972,0.02799029243173225,-0.0331218989484208,0.11961169726928997,1,False,0.0
143000.0,0.025,0,stay2,data,16.0,0.9357924423698362,-0.029116878236242406,0.03662616741848772,0.0234,True,3.2143680165328425,3.3342942161841527,3.227039131571072,3.321000437028616,0.025,0.025,0.8920454116169482,0.10800325065756017,1,1,3.1982421875,-0.0091618494752959,-0.017767653928491334,,,,,-0.008237540487975037,140645.3549861908,,,0,,,,,,,,,0,False,0.0
143000.0,0.025,0,stay+deck,cov,4.0,0.9357924423698362,-0.029116878236242406,0.03662616741848772,0.0234,True,3.2143680165328425,3.3342942161841527,3.227039131571072,3.321000437028616,0.025,0.025,0.8920454116169482,0.10800325065756017,1,1,3.1982421875,-0.0091618494752959,-0.017767653928491334,,,,,-0.008237540487975037,140645.3549861908,,,0,,,,,,,,,0,False,0.0
143000.0,0.025,0,stay+deck,cov,16.0,0.9357924423698362,-0.029116878236242406,0.03662616741848772,0.0234,True,3.2143680165328425,3.3342942161841527,3.227039131571072,3.321000437028616,0.025,0.025,0.8920454116169482,0.10800325065756017,1,1,3.1982421875,-0.0091618494752959,-0.017767653928491334,3.3301715782370422,0.06493905985307613,3.3301715782370422,0.06493905985307613,-0.008237540487975037,140645.3549861908,152488.08768184466,,1,3.3301715782370422,0.018000107010919447,0.03602685227969337,-0.27999571956322217,3.3301715782370422,0.018000107010919447,-0.0012364349633873872,-0.27999571956322217,1,False,0.0
143000.0,0.025,0,stay+deck,data,4.0,0.9357924423698362,-0.029116878236242406,0.03662616741848772,0.0234,True,3.2143680165328425,3.3342942161841527,3.227039131571072,3.321000437028616,0.025,0.025,0.8920454116169482,0.10800325065756017,1,1,3.1982421875,-0.0091618494752959,-0.017767653928491334,,,,,-0.008237540487975037,140645.3549861908,,,0,,,,,,,,,0,False,0.0
143000.0,0.025,0,stay+deck,data,16.0,0.9357924423698362,-0.029116878236242406,0.03662616741848772,0.0234,True,3.2143680165328425,3.3342942161841527,3.227039131571072,3.321000437028616,0.025,0.025,0.8920454116169482,0.10800325065756017,1,1,3.1982421875,-0.0091618494752959,-0.017767653928491334,3.189893390155092,-0.022889064345956167,3.189893390155092,-0.022889064345956167,-0.008237540487975037,140645.3549861908,139912.02280763324,,2,3.189893390155092,0.014818824799844636,-0.007614133245436552,-0.4072470080062146,3.3367165267206493,0.015321541632415713,0.0007264837412184982,-0.3871383347033715,2,True,0.04499215930951211
143000.0,0.025,1,stay,cov,4.0,0.9357924423698362,-0.029116878236242406,0.03662616741848772,0.0234,True,3.2143680165328425,3.3342942161841527,3.227039131571072,3.321000437028616,0.025,0.025,0.8920454116169482,0.10800325065756017,2,1,3.22265625,-0.0091618494752959,-0.0027145039362527212,3.2136101135265975,-0.008305493490496252,3.2136101135265975,-0.008305493490496252,-0.008237540487975037,142800.80795288086,142000.23697420594,,1,3.2136101135265975,0.021328531591298005,-0.00023578600905272692,-0.14685873634807986,3.2136101135265975,0.021328531591298005,-0.036194797109317174,-0.14685873634807986,1,False,0.0
143000.0,0.025,1,stay,cov,16.0,0.9357924423698362,-0.029116878236242406,0.03662616741848772,0.0234,True,3.2143680165328425,3.3342942161841527,3.227039131571072,3.321000437028616,0.025,0.025,0.8920454116169482,0.10800325065756017,2,1,3.22265625,-0.0091618494752959,-0.0027145039362527212,3.2057148173727743,-0.013172358726833644,3.2057148173727743,-0.013172358726833644,-0.008237540487975037,142800.80795288086,141303.3529919462,,1,3.2057148173727743,0.019753584265755884,-0.0026920374753485617,-0.2098566293697647,3.2057148173727743,0.019753584265755884,-0.03856270337130829,-0.2098566293697647,1,False,0.0
143000.0,0.025,1,stay,data,4.0,0.9357924423698362,-0.029116878236242406,0.03662616741848772,0.0234,True,3.2143680165328425,3.3342942161841527,3.227039131571072,3.321000437028616,0.025,0.025,0.8920454116169482,0.10800325065756017,2,1,3.22265625,-0.0091618494752959,-0.0027145039362527212,3.2139482244221327,-0.008096805849612032,3.2139482244221327,-0.008096805849612032,-0.008237540487975037,142800.80795288086,142030.11885240997,,1,3.2139482244221327,0.02251938144589573,-0.0001305986460015447,-0.09922474216417079,3.2139482244221327,0.02251938144589573,-0.036093393071876805,-0.09922474216417079,1,False,0.0
143000.0,0.025,1,stay,data,16.0,0.9357924423698362,-0.029116878236242406,0.03662616741848772,0.0234,True,3.2143680165328425,3.3342942161841527,3.227039131571072,3.321000437028616,0.025,0.025,0.8920454116169482,0.10800325065756017,2,1,3.22265625,-0.0091618494752959,-0.0027145039362527212,3.2121647127836237,-0.009197371206345228,3.2121647127836237,-0.009197371206345228,-0.008237540487975037,142800.80795288086,141872.52945321912,,1,3.2121647127836237,0.022252473887909716,-0.0006854547263680849,-0.1099010444836114,3.2121647127836237,0.022252473887909716,-0.03662829237076053,-0.1099010444836114,1,False,0.0
143000.0,0.025,1,stay2,cov,4.0,0.9357924423698362,-0.029116878236242406,0.03662616741848772,0.0234,True,3.2143680165328425,3.3342942161841527,3.227039131571072,3.321000437028616,0.025,0.025,0.8920454116169482,0.10800325065756017,2,1,3.22265625,-0.0091618494752959,-0.0027145039362527212,3.2207592296433503,-0.003888264905281602,3.2207592296433503,-0.003888264905281602,-0.008237540487975037,142800.80795288086,142632.7377108264,,1,3.2207592296433503,0.02196766223301002,0.001988326500772479,-0.12129351067959926,3.2207592296433503,0.02196766223301002,-0.03405068034779924,-0.12129351067959926,1,False,0.0
143000.0,0.025,1,stay2,cov,16.0,0.9357924423698362,-0.029116878236242406,0.03662616741848772,0.0234,True,3.2143680165328425,3.3342942161841527,3.227039131571072,3.321000437028616,0.025,0.025,0.8920454116169482,0.10800325065756017,2,1,3.22265625,-0.0091618494752959,-0.0027145039362527212,3.2030341231465016,-0.014822085695750498,3.2030341231465016,-0.014822085695750498,-0.008237540487975037,142800.80795288086,141067.12941806208,,2,3.2030341231465016,0.02183514864222238,-0.003526009880650248,-0.1265940543111048,3.339701109243557,0.007726163283949806,0.0016216004673973341,-0.6909534686420078,2,True,0.04177671302377649
143000.0,0.025,1,stay2,data,4.0,0.9357924423698362,-0.029116878236242406,0.03662616741848772,0.0234,True,3.2143680165328425,3.3342942161841527,3.227039131571072,3.321000437028616,0.025,0.025,0.8920454116169482,0.10800325065756017,2,1,3.22265625,-0.0091618494752959,-0.0027145039362527212,3.219430688536469,-0.004709873942867593,3.219430688536469,-0.004709873942867593,-0.008237540487975037,142800.80795288086,142515.09192649307,,1,3.219430688536469,0.01891296854356722,0.0015750131838007347,-0.2434812582573112,3.219430688536469,0.01891296854356722,-0.03444912782146025,-0.2434812582573112,1,False,0.0
143000.0,0.025,1,stay2,data,16.0,0.9357924423698362,-0.029116878236242406,0.03662616741848772,0.0234,True,3.2143680165328425,3.3342942161841527,3.227039131571072,3.321000437028616,0.025,0.025,0.8920454116169482,0.10800325065756017,2,1,3.22265625,-0.0091618494752959,-0.0027145039362527212,3.2223917076671023,-0.002878228133181393,3.2223917076671023,-0.002878228133181393,-0.008237540487975037,142800.80795288086,142777.36436757343,,1,3.2223917076671023,0.015900700996949367,0.002496195548546559,-0.3639719601220254,3.2223917076671023,0.015900700996949367,-0.03356107807580171,-0.3639719601220254,1,False,0.0
143000.0,0.025,1,stay+deck,cov,4.0,0.9357924423698362,-0.029116878236242406,0.03662616741848772,0.0234,True,3.2143680165328425,3.3342942161841527,3.227039131571072,3.321000437028616,0.025,0.025,0.8920454116169482,0.10800325065756017,2,1,3.22265625,-0.0091618494752959,-0.0027145039362527212,3.222849866432008,-0.0025946669788560195,3.222849866432008,-0.0025946669788560195,-0.008237540487975037,142800.80795288086,142817.96734646117,,2,3.222849866432008,0.01708174838353385,0.0026387301813419434,-0.316730064658646,3.3670186339413375,0.029363380255746446,0.009814496152842637,0.1745352102298578,2,True,0.04375467203971117
143000.0,0.025,1,stay+deck,cov,16.0,0.9357924423698362,-0.029116878236242406,0.03662616741848772,0.0234,True,3.2143680165328425,3.3342942161841527,3.227039131571072,3.321000437028616,0.025,0.025,0.8920454116169482,0.10800325065756017,2,1,3.22265625,-0.0091618494752959,-0.0027145039362527212,3.2151392783475803,-0.007361492758442001,3.2151392783475803,-0.007361492758442001,-0.008237540487975037,142800.80795288086,142135.40796363424,,2,3.2151392783475803,0.018334547520321414,0.00023994197639188228,-0.26661809918714346,3.356248059669203,0.025988835692727447,0.006584255036190133,0.03955342770909781,2,True,0.042946420310755434
143000.0,0.025,1,stay+deck,data,4.0,0.9357924423698362,-0.029116878236242406,0.03662616741848772,0.0234,True,3.2143680165328425,3.3342942161841527,3.227039131571072,3.321000437028616,0.025,0.025,0.8920454116169482,0.10800325065756017,2,1,3.22265625,-0.0091618494752959,-0.0027145039362527212,3.2215296124892228,-0.0034116821399223785,3.2215296124892228,-0.0034116821399223785,-0.008237540487975037,142800.80795288086,142700.97935699322,,2,3.2215296124892228,0.01713487498518154,0.002227995027185788,-0.3146050005927385,3.3645946855476274,0.030100004272212717,0.0090875211960603,0.20400017088850864,2,True,0.04344438901678445
143000.0,0.025,1,stay+deck,data,16.0,0.9357924423698362,-0.029116878236242406,0.03662616741848772,0.0234,True,3.2143680165328425,3.3342942161841527,3.227039131571072,3.321000437028616,0.025,0.025,0.8920454116169482,0.10800325065756017,2,1,3.22265625,-0.0091618494752959,-0.0027145039362527212,3.2232792785826265,-0.002328860925189913,3.2232792785826265,-0.002328860925189913,-0.008237540487975037,142800.80795288086,142856.0279814269,,2,3.2232792785826265,0.01454304937037052,0.002772321652016704,-0.41827802518517926,3.375569741001991,0.028290680618459903,0.012379088989055969,0.13162722473839608,1,False,0.04615667428285872
143000.0,0.025,2,stay,cov,4.0,0.9357924423698362,-0.029116878236242406,0.03662616741848772,0.0234,True,3.2143680165328425,3.3342942161841527,3.227039131571072,3.321000437028616,0.025,0.025,0.8920454116169482,0.10800325065756017,1,1,3.23486328125,-0.0091618494752959,0.00485499829368452,3.1805205375755565,-0.0286227116565122,3.1805205375755565,-0.0286227116565122,-0.008237540487975037,143884.68116521835,139091.02473667372,,1,3.1805205375755565,0.02332287457189028,-0.010530057163085943,-0.06708501712438891,3.1805205375755565,0.02332287457189028,-0.0461188091507349,-0.06708501712438891,0,False,0.0
143000.0,0.025,2,stay,cov,16.0,0.9357924423698362,-0.029116878236242406,0.03662616741848772,0.0234,True,3.2143680165328425,3.3342942161841527,3.227039131571072,3.321000437028616,0.025,0.025,0.8920454116169482,0.10800325065756017,1,1,3.23486328125,-0.0091618494752959,0.00485499829368452,3.17749250766487,-0.03047144005250524,3.17749250766487,-0.03047144005250524,-0.008237540487975037,143884.68116521835,138826.3062486628,,1,3.17749250766487,0.028205127224497327,-0.011472086792273383,0.12820508897989302,3.17749250766487,0.028205127224497327,-0.04702695633702362,0.12820508897989302,0,False,0.0
143000.0,0.025,2,stay,data,4.0,0.9357924423698362,-0.029116878236242406,0.03662616741848772,0.0234,True,3.2143680165328425,3.3342942161841527,3.227039131571072,3.321000437028616,0.025,0.025,0.8920454116169482,0.10800325065756017,1,1,3.23486328125,-0.0091618494752959,0.00485499829368452,3.1846747296076057,-0.02608355301203491,3.1846747296076057,-0.02608355301203491,-0.008237540487975037,143884.68116521835,139454.60558426756,,1,3.1846747296076057,0.024385408605072295,-0.009237674955858149,-0.02458365579710825,3.1846747296076057,0.024385408605072295,-0.04487291068985963,-0.02458365579710825,1,False,0.0
143000.0,0.025,2,stay,data,16.0,0.9357924423698362,-0.029116878236242406,0.03662616741848772,0.0234,True,3.2143680165328425,3.3342942161841527,3.227039131571072,3.321000437028616,0.025,0.025,0.8920454116169482,0.10800325065756017,1,1,3.23486328125,-0.0091618494752959,0.00485499829368452,3.2043074764543413,-0.01403862297609415,3.2043074764543413,-0.01403862297609415,-0.008237540487975037,143884.68116521835,141179.31305034136,,1,3.2043074764543413,0.032938076829148934,-0.003129865661540818,0.3175230731659573,3.2043074764543413,0.032938076829148934,-0.03898478397583382,0.3175230731659573,1,False,0.0
143000.0,0.025,2,stay2,cov,4.0,0.9357924423698362,-0.029116878236242406,0.03662616741848772,0.0234,True,3.2143680165328425,3.3342942161841527,3.227039131571072,3.321000437028616,0.025,0.025,0.8920454116169482,0.10800325065756017,1,1,3.23486328125,-0.0091618494752959,0.00485499829368452,3.1852946208044854,-0.025704373949825943,3.1852946208044854,-0.025704373949825943,-0.008237540487975037,143884.68116521835,139508.90004323237,,1,3.1852946208044854,0.018229791433784857,-0.009044824854783407,-0.27080834264860576,3.1852946208044854,0.018229791433784857,-0.04468699692320073,-0.27080834264860576,1,False,0.0
143000.0,0.025,2,stay2,cov,16.0,0.9357924423698362,-0.029116878236242406,0.03662616741848772,0.0234,True,3.2143680165328425,3.3342942161841527,3.227039131571072,3.321000437028616,0.025,0.025,0.8920454116169482,0.10800325065756017,1,1,3.23486328125,-0.0091618494752959,0.00485499829368452,3.136948921525987,-0.05505521863568874,3.197816078551227,-0.01802936651091902,-0.008237540487975037,143884.68116521835,135306.16737361698,,2,3.197816078551227,0.034390281128408626,-0.005149359966401525,0.375611245136345,3.197816078551227,0.034390281128408626,-0.040931642135982445,0.375611245136345,1,False,0.01921686345886486
143000.0,0.025,2,stay2,data,4.0,0.9357924423698362,-0.029116878236242406,0.03662616741848772,0.0234,True,3.2143680165328425,3.3342942161841527,3.227039131571072,3.321000437028616,0.025,0.025,0.8920454116169482,0.10800325065756017,1,1,3.23486328125,-0.0091618494752959,0.00485499829368452,3.1884962909403165,-0.023744780702831925,3.1884962909403165,-0.023744780702831925,-0.008237540487975037,143884.68116521835,139789.49321342714,,1,3.1884962909403165,0.021288019289009544,-0.008048775205408,-0.1484792284396183,3.1884962909403165,0.021288019289009544,-0.04372677268135349,-0.1484792284396183,1,False,0.0
143000.0,0.025,2,stay2,data,16.0,0.9357924423698362,-0.029116878236242406,0.03662616741848772,0.0234,True,3.2143680165328425,3.3342942161841527,3.227039131571072,3.321000437028616,0.025,0.025,0.8920454116169482,0.10800325065756017,1,1,3.23486328125,-0.0091618494752959,0.00485499829368452,,,,,-0.008237540487975037,143884.68116521835,,,0,,,,,,,,,0,False,0.0
143000.0,0.025,2,stay+deck,cov,4.0,0.9357924423698362,-0.029116878236242406,0.03662616741848772,0.0234,True,3.2143680165328425,3.3342942161841527,3.227039131571072,3.321000437028616,0.025,0.025,0.8920454116169482,0.10800325065756017,1,1,3.23486328125,-0.0091618494752959,0.00485499829368452,3.1917880890979453,-0.021727971702852122,3.1917880890979453,-0.021727971702852122,-0.008237540487975037,143884.68116521835,140078.2790784783,,1,3.1917880890979453,0.022464382299547378,-0.007024686444974313,-0.10142470801810494,3.1917880890979453,0.022464382299547378,-0.042739517824943125,-0.10142470801810494,1,False,0.0
143000.0,0.025,2,stay+deck,cov,16.0,0.9357924423698362,-0.029116878236242406,0.03662616741848772,0.0234,True,3.2143680165328425,3.3342942161841527,3.227039131571072,3.321000437028616,0.025,0.025,0.8920454116169482,0.10800325065756017,1,1,3.23486328125,-0.0091618494752959,0.00485499829368452,3.152274523955353,-0.04579958583888155,3.152274523955353,-0.04579958583888155,-0.008237540487975037,143884.68116521835,136631.4767726968,,1,3.152274523955353,0.006560216179930024,-0.019317480841682267,-0.7375913528027991,3.152274523955353,0.006560216179930024,-0.05459017124082928,-0.7375913528027991,0,False,0.0
143000.0,0.025,2,stay+deck,data,4.0,0.9357924423698362,-0.029116878236242406,0.03662616741848772,0.0234,True,3.2143680165328425,3.3342942161841527,3.227039131571072,3.321000437028616,0.025,0.025,0.8920454116169482,0.10800325065756017,1,1,3.23486328125,-0.0091618494752959,0.00485499829368452,3.329640381623017,0.06459934948524637,3.329640381623017,0.06459934948524637,-0.008237540487975037,143884.68116521835,152439.44472535173,,1,3.329640381623017,0.02323488845888123,0.03586159534231316,-0.07060446164475084,3.329640381623017,0.02323488845888123,-0.0013957480232387866,-0.07060446164475084,1,False,0.0
143000.0,0.025,2,stay+deck,data,16.0,0.9357924423698362,-0.029116878236242406,0.03662616741848772,0.0234,True,3.2143680165328425,3.3342942161841527,3.227039131571072,3.321000437028616,0.025,0.025,0.8920454116169482,0.10800325065756017,1,1,3.23486328125,-0.0091618494752959,0.00485499829368452,3.195770695139034,-0.019285138610624863,3.195770695139034,-0.019285138610624863,-0.008237540487975037,143884.68116521835,140428.06711875458,,2,3.195770695139034,0.024477390201102102,-0.0057856851792186925,-0.02090439195591598,3.347146366567477,0.02214177894475796,0.003854533988315182,-0.11432884220968165,2,True,0.04627161555031597
147000.0,0.025,0,stay,cov,4.0,0.6262242528749984,-0.015036997071102938,0.027464172230485424,0.0234,True,3.251453429339181,3.3419952341831007,3.27180235460519,3.321000437028616,0.025000000000000005,0.025000000000000005,0.7725174835975883,0.22752755999503582,2,1,3.2958984375,-0.012600839512084223,0.014783786652476039,3.2675183019316387,-0.0026170577986882604,3.2675183019316387,-0.0026170577986882604,-0.012777950006257434,149365.51451683044,146804.2929850505,,1,3.2675183019316387,0.03060988674382492,0.004940828137810025,0.2243954697529966,3.2675183019316387,0.03060988674382492,-0.02228517009530289,0.2243954697529966,1,False,0.0
147000.0,0.025,0,stay,cov,16.0,0.6262242528749984,-0.015036997071102938,0.027464172230485424,0.0234,True,3.251453429339181,3.3419952341831007,3.27180235460519,3.321000437028616,0.025000000000000005,0.025000000000000005,0.7725174835975883,0.22752755999503582,2,1,3.2958984375,-0.012600839512084223,0.014783786652476039,3.1995965026786686,-0.043651225713025044,3.3005011224103837,0.01762003383763555,-0.012777950006257434,149365.51451683044,140764.49447436156,,2,3.3005011224103837,0.023721805220569884,0.01508485178616607,-0.05112779117720483,3.3005011224103837,0.023721805220569884,-0.012415969762105182,-0.05112779117720483,0,False,0.031047108997946087
147000.0,0.025,0,stay,data,4.0,0.6262242528749984,-0.015036997071102938,0.027464172230485424,0.0234,True,3.251453429339181,3.3419952341831007,3.27180235460519,3.321000437028616,0.025000000000000005,0.025000000000000005,0.7725174835975883,0.22752755999503582,2,1,3.2958984375,-0.012600839512084223,0.014783786652476039,3.265760231350597,-0.003690042078686062,3.265760231350597,-0.003690042078686062,-0.012777950006257434,149365.51451683044,146646.3609692277,,1,3.265760231350597,0.03031969113855478,0.0044001251509002874,0.21278764554219104,3.265760231350597,0.03031969113855478,-0.02281122428085631,0.21278764554219104,1,False,0.0
147000.0,0.025,0,stay,data,16.0,0.6262242528749984,-0.015036997071102938,0.027464172230485424,0.0234,True,3.251453429339181,3.3419952341831007,3.27180235460519,3.321000437028616,0.025000000000000005,0.025000000000000005,0.7725174835975883,0.22752755999503582,2,1,3.2958984375,-0.012600839512084223,0.014783786652476039,3.294183381543265,0.013727954265422948,3.294183381543265,0.013727954265422948,-0.012777950006257434,149365.51451683044,149210.1070794925,,1,3.294183381543265,0.02753443651461672,0.013141800469449872,0.10137746058466858,3.294183381543265,0.02753443651461672,-0.01430637965931234,0.10137746058466858,0,False,0.0
147000.0,0.025,0,stay2,cov,4.0,0.6262242528749984,-0.015036997071102938,0.027464172230485424,0.0234,True,3.251453429339181,3.3419952341831007,3.27180235460519,3.321000437028616,0.025000000000000005,0.025000000000000005,0.7725174835975883,0.22752755999503582,2,1,3.2958984375,-0.012600839512084223,0.014783786652476039,3.273267307448516,0.000895702522084596,3.273267307448516,0.000895702522084596,-0.012777950006257434,149365.51451683044,147321.33440765482,,1,3.273267307448516,0.03322742727759094,0.006708962186725442,0.32909709110363733,3.273267307448516,0.03322742727759094,-0.020564938582679965,0.32909709110363733,1,False,0.0
147000.0,0.025,0,stay2,cov,16.0,0.6262242528749984,-0.015036997071102938,0.027464172230485424,0.0234,True,3.251453429339181,3.3419952341831007,3.27180235460519,3.321000437028616,0.025000000000000005,0.025000000000000005,0.7725174835975883,0.22752755999503582,2,1,3.2958984375,-0.012600839512084223,0.014783786652476039,3.302642742246412,0.018941083118388713,3.302642742246412,0.018941083118388713,-0.012777950006257434,149365.51451683044,149977.42489005235,,3,3.302642742246412,0.026273033018662545,0.015743517174605447,0.050921320746501596,3.302642742246412,0.026273033018662545,-0.01177514902899252,0.050921320746501596,0,False,0.10923124099713406
147000.0,0.025,0,stay2,data,4.0,0.6262242528749984,-0.015036997071102938,0.027464172230485424,0.0234,True,3.251453429339181,3.3419952341831007,3.27180235460519,3.321000437028616,0.025000000000000005,0.025000000000000005,0.7725174835975883,0.22752755999503582,2,1,3.2958984375,-0.012600839512084223,0.014783786652476039,3.278619342350705,0.0041714558510959066,3.278619342350705,0.0041714558510959066,-0.012777950006257434,149365.51451683044,147803.49089049734,,1,3.278619342350705,0.03151804434665539,0.008355006030963025,0.26072177386621526,3.278619342350705,0.03151804434665539,-0.01896348958974112,0.26072177386621526,1,False,0.0
147000.0,0.025,0,stay2,data,16.0,0.6262242528749984,-0.015036997071102938,0.027464172230485424,0.0234,True,3.251453429339181,3.3419952341831007,3.27180235460519,3.321000437028616,0.025000000000000005,0.025000000000000005,0.7725174835975883,0.22752755999503582,2,1,3.2958984375,-0.012600839512084223,0.014783786652476039,3.30872831661377,0.022699621461382824,3.30872831661377,0.022699621461382824,-0.012777950006257434,149365.51451683044,150530.64225597464,,1,3.30872831661377,0.029195576078289924,0.0176151645777162,0.16782304313159674,3.30872831661377,0.029195576078289924,-0.009954208560522414,0.16782304313159674,1,False,0.0
147000.0,0.025,0,stay+deck,cov,4.0,0.6262242528749984,-0.015036997071102938,0.027464172230485424,0.0234,True,3.251453429339181,3.3419952341831007,3.27180235460519,3.321000437028616,0.025000000000000005,0.025000000000000005,0.7725174835975883,0.22752755999503582,2,1,3.2958984375,-0.012600839512084223,0.014783786652476039,,,,,-0.012777950006257434,149365.51451683044,,,0,,,,,,,,,0,False,0.0
147000.0,0.025,0,stay+deck,cov,16.0,0.6262242528749984,-0.015036997071102938,0.027464172230485424,0.0234,True,3.251453429339181,3.3419952341831007,3.27180235460519,3.321000437028616,0.025000000000000005,0.025000000000000005,0.7725174835975883,0.22752755999503582,2,1,3.2958984375,-0.012600839512084223,0.014783786652476039,3.3344055732186955,0.03863445406566224,3.3344055732186955,0.03863445406566224,-0.012777950006257434,149365.51451683044,152876.08224228857,,1,3.3344055732186955,0.016065713165638762,0.025512327235261586,-0.35737147337444963,3.3344055732186955,0.016065713165638762,-0.0022709969442133125,-0.35737147337444963,1,False,0.0
147000.0,0.025,0,stay+deck,data,4.0,0.6262242528749984,-0.015036997071102938,0.027464172230485424,0.0234,True,3.251453429339181,3.3419952341831007,3.27180235460519,3.321000437028616,0.025000000000000005,0.025000000000000005,0.7725174835975883,0.22752755999503582,2,1,3.2958984375,-0.012600839512084223,0.014783786652476039,,,,,-0.012777950006257434,149365.51451683044,,,0,,,,,,,,,0,False,0.0
147000.0,0.025,0,stay+deck,data,16.0,0.6262242528749984,-0.015036997071102938,0.027464172230485424,0.0234,True,3.251453429339181,3.3419952341831007,3.27180235460519,3.321000437028616,0.025000000000000005,0.025000000000000005,0.7725174835975883,0.22752755999503582,2,1,3.2958984375,-0.012600839512084223,0.014783786652476039,3.346201442260276,0.04599604610667307,3.346201442260276,0.04599604610667307,-0.012777950006257434,149365.51451683044,153959.63126754033,,1,3.346201442260276,0.015754513313932093,0.02914020298311693,-0.3698194674427164,3.346201442260276,0.015754513313932093,0.0012585918837204938,-0.3698194674427164,1,False,0.0
147000.0,0.025,1,stay,cov,4.0,0.6262242528749984,-0.015036997071102938,0.027464172230485424,0.0234,True,3.251453429339181,3.3419952341831007,3.27180235460519,3.321000437028616,0.025000000000000005,0.025000000000000005,0.7725174835975883,0.22752755999503582,2,1,3.22265625,-0.012600839512084223,-0.02981658718064517,3.2484751253364417,-0.01420872519137728,3.2484751253364417,-0.01420872519137728,-0.012777950006257434,142800.80795288086,145098.12129903215,,1,3.2484751253364417,0.025219175697778866,-0.0009159915919030815,0.008767027911154439,3.2484751253364417,0.025219175697778866,-0.02798331604129849,0.008767027911154439,1,False,0.0
147000.0,0.025,1,stay,cov,16.0,0.6262242528749984,-0.015036997071102938,0.027464172230485424,0.0234,True,3.251453429339181,3.3419952341831007,3.27180235460519,3.321000437028616,0.025000000000000005,0.025000000000000005,0.7725174835975883,0.22752755999503582,2,1,3.22265625,-0.012600839512084223,-0.02981658718064517,3.244965010317634,-0.01633795269492966,3.244965010317634,-0.01633795269492966,-0.012777950006257434,142800.80795288086,144784.72137505366,,2,3.244965010317634,0.02291528870741667,-0.001995544196635022,-0.08338845170333341,3.343357502832267,0.008757509795636225,0.0004076213620033235,-0.6496996081745511,2,True,0.029868754092789943
147000.0,0.025,1,stay,data,4.0,0.6262242528749984,-0.015036997071102938,0.027464172230485424,0.0234,True,3.251453429339181,3.3419952341831007,3.27180235460519,3.321000437028616,0.025000000000000005,0.025000000000000005,0.7725174835975883,0.22752755999503582,2,1,3.22265625,-0.012600839512084223,-0.02981658718064517,3.250974016996137,-0.01269150065971536,3.250974016996137,-0.01269150065971536,-0.012777950006257434,142800.80795288086,145321.44081378,,1,3.250974016996137,0.025755065326830917,-0.0001474455511857172,0.030202613073236483,3.250974016996137,0.025755065326830917,-0.02723559155799104,0.030202613073236483,1,False,0.0
147000.0,0.025,1,stay,data,16.0,0.6262242528749984,-0.015036997071102938,0.027464172230485424,0.0234,True,3.251453429339181,3.3419952341831007,3.27180235460519,3.321000437028616,0.025000000000000005,0.025000000000000005,0.7725174835975883,0.22752755999503582,2,1,3.22265625,-0.012600839512084223,-0.02981658718064517,3.2467875050982618,-0.015232718973941517,3.2467875050982618,-0.015232718973941517,-0.012777950006257434,142800.80795288086,144947.4001698552,,1,3.2467875050982618,0.020802802410962794,-0.0014350272400694799,-0.16788790356148842,3.2467875050982618,0.020802802410962794,-0.02848828990269672,-0.16788790356148842,1,False,0.0
147000.0,0.025,1,stay2,cov,4.0,0.6262242528749984,-0.015036997071102938,0.027464172230485424,0.0234,True,3.251453429339181,3.3419952341831007,3.27180235460519,3.321000437028616,0.025000000000000005,0.025000000000000005,0.7725174835975883,0.22752755999503582,2,1,3.22265625,-0.012600839512084223,-0.02981658718064517,3.2578922600022047,-0.008484941116739142,3.2578922600022047,-0.008484941116739142,-0.012777950006257434,142800.80795288086,145940.60219450624,,1,3.2578922600022047,0.019606677473604513,0.0019802930606121214,-0.21573290105581963,3.2578922600022047,0.019606677473604513,-0.025165497939871762,-0.21573290105581963,1,False,0.0
147000.0,0.025,1,stay2,cov,16.0,0.6262242528749984,-0.015036997071102938,0.027464172230485424,0.0234,True,3.251453429339181,3.3419952341831007,3.27180235460519,3.321000437028616,0.025000000000000005,0.025000000000000005,0.7725174835975883,0.22752755999503582,2,1,3.22265625,-0.012600839512084223,-0.02981658718064517,3.2639746178802294,-0.004779245203610505,3.2639746178802294,-0.004779245203610505,-0.012777950006257434,142800.80795288086,146486.04170978785,,2,3.2639746178802294,0.027303861647164585,0.0038509512170971914,0.09215446588658317,3.330805196048682,0.009430296800999481,-0.0033483106199443755,-0.6227881279600208,2,True,0.02026772085014847
147000.0,0.025,1,stay2,data,4.0,0.6262242528749984,-0.015036997071102938,0.027464172230485424,0.0234,True,3.251453429339181,3.3419952341831007,3.27180235460519,3.321000437028616,0.025000000000000005,0.025000000000000005,0.7725174835975883,0.22752755999503582,2,1,3.22265625,-0.012600839512084223,-0.02981658718064517,,,,,-0.012777950006257434,142800.80795288086,,,0,,,,,,,,,0,False,0.0
147000.0,0.025,1,stay2,data,16.0,0.6262242528749984,-0.015036997071102938,0.027464172230485424,0.0234,True,3.251453429339181,3.3419952341831007,3.27180235460519,3.321000437028616,0.025000000000000005,0.025000000000000005,0.7725174835975883,0.22752755999503582,2,1,3.22265625,-0.012600839512084223,-0.02981658718064517,3.241190524117666,-0.018624978575594198,3.241190524117666,-0.018624978575594198,-0.012777950006257434,142800.80795288086,144448.09518741458,,1,3.241190524117666,0.018253364086159452,-0.003156405418237973,-0.26986543655362205,3.241190524117666,0.018253364086159452,-0.03016303226119792,-0.26986543655362205,1,False,0.0
147000.0,0.025,1,stay+deck,cov,4.0,0.6262242528749984,-0.015036997071102938,0.027464172230485424,0.0234,True,3.251453429339181,3.3419952341831007,3.27180235460519,3.321000437028616,0.025000000000000005,0.025000000000000005,0.7725174835975883,0.22752755999503582,2,1,3.22265625,-0.012600839512084223,-0.02981658718064517,3.2360021713758687,-0.021764346315132688,3.2360021713758687,-0.021764346315132688,-0.012777950006257434,142800.80795288086,143986.0132308034,,2,3.2360021713758687,0.01803237428021114,-0.004752108033868544,-0.27870502879155457,3.36411813507416,0.02547851113800635,0.006619668593413379,0.01914044552025387,2,True,0.03882231163971016
147000.0,0.025,1,stay+deck,cov,16.0,0.6262242528749984,-0.015036997071102938,0.027464172230485424,0.0234,True,3.251453429339181,3.3419952341831007,3.27180235460519,3.321000437028616,0.025000000000000005,0.025000000000000005,0.7725174835975883,0.22752755999503582,2,1,3.22265625,-0.012600839512084223,-0.02981658718064517,3.2339196960967502,-0.02302299570448796,3.2339196960967502,-0.02302299570448796,-0.012777950006257434,142800.80795288086,143800.75326103432,,2,3.2339196960967502,0.02173653267521918,-0.0053925832319222525,-0.13053869299123302,3.3615806383111573,0.02324653993632063,0.005860392596533396,-0.07013840254717503,2,True,0.03871152626538907
147000.0,0.025,1,stay+deck,data,4.0,0.6262242528749984,-0.015036997071102938,0.027464172230485424,0.0234,True,3.251453429339181,3.3419952341831007,3.27180235460519,3.321000437028616,0.025000000000000005,0.025000000000000005,0.7725174835975883,0.22752755999503582,2,1,3.22265625,-0.012600839512084223,-0.02981658718064517,3.242066328477099,-0.01809455085920808,3.242066328477099,-0.01809455085920808,-0.012777950006257434,142800.80795288086,144526.16857586845,,2,3.242066328477099,0.01769366809040964,-0.0028870476130391405,-0.2922532763836145,3.371572632991243,0.02649680410138368,0.00885022171953276,0.05987216405534705,2,True,0.03916340316387369
147000.0,0.025,1,stay+deck,data,16.0,0.6262242528749984,-0.015036997071102938,0.027464172230485424,0.0234,True,3.251453429339181,3.3419952341831007,3.27180235460519,3.321000437028616,0.025000000000000005,0.025000000000000005,0.7725174835975883,0.22752755999503582,2,1,3.22265625,-0.012600839512084223,-0.02981658718064517,3.2380316561110107,-0.020536944864664508,3.2380316561110107,-0.020536944864664508,-0.012777950006257434,142800.80795288086,144166.67383218397,,2,3.2380316561110107,0.016597276085351324,-0.004127930330190176,-0.33610895658594714,3.367934129681353,0.022424363417090733,0.007761499846840093,-0.10302546331637087,2,True,0.03932883632238222
147000.0,0.025,2,stay,cov,4.0,0.6262242528749984,-0.015036997071102938,0.027464172230485424,0.0234,True,3.251453429339181,3.3419952341831007,3.27180235460519,3.321000437028616,0.025000000000000005,0.025000000000000005,0.7725174835975883,0.22752755999503582,1,1,3.23486328125,-0.012600839512084223,-0.022452792624552353,3.281465653242492,0.005915741789727091,3.281465653242492,0.005915741789727091,-0.012777950006257434,143884.68116521835,148060.2314593899,,1,3.281465653242492,0.049128785762006334,0.009230402512457568,0.965151430480253,3.281465653242492,0.049128785762006334,-0.018111809472823592,0.965151430480253,1,False,0.0
147000.0,0.025,2,stay,cov,16.0,0.6262242528749984,-0.015036997071102938,0.027464172230485424,0.0234,True,3.251453429339181,3.3419952341831007,3.27180235460519,3.321000437028616,0.025000000000000005,0.025000000000000005,0.7725174835975883,0.22752755999503582,1,1,3.23486328125,-0.012600839512084223,-0.022452792624552353,3.2591663984090466,-0.007709240537462025,3.2591663984090466,-0.007709240537462025,-0.012777950006257434,143884.68116521835,146054.7771721307,,1,3.2591663984090466,0.03953730397852477,0.0023721604007206766,0.5814921591409905,3.2591663984090466,0.03953730397852477,-0.02478424712484676,0.5814921591409905,1,False,0.0
147000.0,0.025,2,stay,data,4.0,0.6262242528749984,-0.015036997071102938,0.027464172230485424,0.0234,True,3.251453429339181,3.3419952341831007,3.27180235460519,3.321000437028616,0.025000000000000005,0.025000000000000005,0.7725174835975883,0.22752755999503582,1,1,3.23486328125,-0.012600839512084223,-0.022452792624552353,,,,,-0.012777950006257434,143884.68116521835,,,0,,,,,,,,,0,False,0.0
147000.0,0.025,2,stay,data,16.0,0.6262242528749984,-0.015036997071102938,0.027464172230485424,0.0234,True,3.251453429339181,3.3419952341831007,3.27180235460519,3.321000437028616,0.025000000000000005,0.025000000000000005,0.7725174835975883,0.22752755999503582,1,1,3.23486328125,-0.012600839512084223,-0.022452792624552353,3.265056303045216,-0.004119501160424366,3.265056303045216,-0.004119501160424366,-0.012777950006257434,143884.68116521835,146583.14910326028,,1,3.265056303045216,0.032972530414477765,0.004183628645359319,0.3189012165791103,3.265056303045216,0.032972530414477765,-0.023021855432624902,0.3189012165791103,1,False,0.0
147000.0,0.025,2,stay2,cov,4.0,0.6262242528749984,-0.015036997071102938,0.027464172230485424,0.0234,True,3.251453429339181,3.3419952341831007,3.27180235460519,3.321000437028616,0.025000000000000005,0.025000000000000005,0.7725174835975883,0.22752755999503582,1,1,3.23486328125,-0.012600839512084223,-0.022452792624552353,,,,,-0.012777950006257434,143884.68116521835,,,0,,,,,,,,,0,False,0.0
147000.0,0.025,2,stay2,cov,16.0,0.6262242528749984,-0.015036997071102938,0.027464172230485424,0.0234,True,3.251453429339181,3.3419952341831007,3.27180235460519,3.321000437028616,0.025000000000000005,0.025000000000000005,0.7725174835975883,0.22752755999503582,1,1,3.23486328125,-0.012600839512084223,-0.022452792624552353,3.259781465780473,-0.007334676502004145,3.259781465780473,-0.007334676502004145,-0.012777950006257434,143884.68116521835,146109.90906388097,,1,3.259781465780473,0.03549355707992531,0.0025613273024749712,0.4197422831970122,3.259781465780473,0.03549355707992531,-0.0246002051593959,0.4197422831970122,1,False,0.0
147000.0,0.025,2,stay2,data,4.0,0.6262242528749984,-0.015036997071102938,0.027464172230485424,0.0234,True,3.251453429339181,3.3419952341831007,3.27180235460519,3.321000437028616,0.025000000000000005,0.025000000000000005,0.7725174835975883,0.22752755999503582,1,1,3.23486328125,-0.012600839512084223,-0.022452792624552353,,,,,-0.012777950006257434,143884.68116521835,,,0,,,,,,,,,0,False,0.0
147000.0,0.025,2,stay2,data,16.0,0.6262242528749984,-0.015036997071102938,0.027464172230485424,0.0234,True,3.251453429339181,3.3419952341831007,3.27180235460519,3.321000437028616,0.025000000000000005,0.025000000000000005,0.7725174835975883,0.22752755999503582,1,1,3.23486328125,-0.012600839512084223,-0.022452792624552353,,,,,-0.012777950006257434,143884.68116521835,,,0,,,,,,,,,0,False,0.0
147000.0,0.025,2,stay+deck,cov,4.0,0.6262242528749984,-0.015036997071102938,0.027464172230485424,0.0234,True,3.251453429339181,3.3419952341831007,3.27180235460519,3.321000437028616,0.025000000000000005,0.025000000000000005,0.7725174835975883,0.22752755999503582,1,1,3.23486328125,-0.012600839512084223,-0.022452792624552353,,,,,-0.012777950006257434,143884.68116521835,,,0,,,,,,,,,0,False,0.0
147000.0,0.025,2,stay+deck,cov,16.0,0.6262242528749984,-0.015036997071102938,0.027464172230485424,0.0234,True,3.251453429339181,3.3419952341831007,3.27180235460519,3.321000437028616,0.025000000000000005,0.025000000000000005,0.7725174835975883,0.22752755999503582,1,1,3.23486328125,-0.012600839512084223,-0.022452792624552353,,,,,-0.012777950006257434,143884.68116521835,,,0,,,,,,,,,0,False,0.0
147000.0,0.025,2,stay+deck,data,4.0,0.6262242528749984,-0.015036997071102938,0.027464172230485424,0.0234,True,3.251453429339181,3.3419952341831007,3.27180235460519,3.321000437028616,0.025000000000000005,0.025000000000000005,0.7725174835975883,0.22752755999503582,1,1,3.23486328125,-0.012600839512084223,-0.022452792624552353,,,,,-0.012777950006257434,143884.68116521835,,,0,,,,,,,,,0,False,0.0
147000.0,0.025,2,stay+deck,data,16.0,0.6262242528749984,-0.015036997071102938,0.027464172230485424,0.0234,True,3.251453429339181,3.3419952341831007,3.27180235460519,3.321000437028616,0.025000000000000005,0.025000000000000005,0.7725174835975883,0.22752755999503582,1,1,3.23486328125,-0.012600839512084223,-0.022452792624552353,,,,,-0.012777950006257434,143884.68116521835,,,0,,,,,,,,,0,False,0.0
151600.0,0.025,0,stay,cov,4.0,0.4676755160530845,0.0004617417787089486,0.0233792165249093,0.0234,False,3.283269380161662,3.3609375564655175,3.3225345900600525,3.321000437028616,0.025,0.025,0.4916701315917526,0.5083710170181857,1,1,3.30810546875,0.005815399058867885,-0.008666750931549339,3.3203221268942578,-0.0013313489870061535,3.3203221268942578,-0.0013313489870061535,0.022942813450352876,150473.9746451378,151587.4116122246,,1,3.3203221268942578,0.034899022242916626,0.0112853203445559,0.395960889716665,3.3203221268942578,0.034899022242916626,-0.012084553458342851,0.395960889716665,0,False,0.0
151600.0,0.025,0,stay,cov,16.0,0.4676755160530845,0.0004617417787089486,0.0233792165249093,0.0234,False,3.283269380161662,3.3609375564655175,3.3225345900600525,3.321000437028616,0.025,0.025,0.4916701315917526,0.5083710170181857,1,1,3.30810546875,0.005815399058867885,-0.008666750931549339,3.3336143065623247,0.006680556706016638,3.3336143065623247,0.006680556706016638,0.022942813450352876,150473.9746451378,152803.53474260887,,2,3.3336143065623247,0.027134220473904486,0.015333778795264099,0.08536881895617937,3.3336143065623247,0.027134220473904486,-0.008129651159579086,0.08536881895617937,1,False,0.04481162563809584
151600.0,0.025,0,stay,data,4.0,0.4676755160530845,0.0004617417787089486,0.0233792165249093,0.0234,False,3.283269380161662,3.3609375564655175,3.3225345900600525,3.321000437028616,0.025,0.025,0.4916701315917526,0.5083710170181857,1,1,3.30810546875,0.005815399058867885,-0.008666750931549339,3.3234279784667944,0.0005378475335995336,3.3234279784667944,0.0005378475335995336,0.022942813450352876,150473.9746451378,151871.1360107684,,1,3.3234279784667944,0.03235940634925788,0.012231283411522917,0.29437625397031514,3.3234279784667944,0.03235940634925788,-0.011160450727971732,0.29437625397031514,0,False,0.0
151600.0,0.025,0,stay,data,16.0,0.4676755160530845,0.0004617417787089486,0.0233792165249093,0.0234,False,3.283269380161662,3.3609375564655175,3.3225345900600525,3.321000437028616,0.025,0.025,0.4916701315917526,0.5083710170181857,1,1,3.30810546875,0.005815399058867885,-0.008666750931549339,3.338955522229119,0.009909007857667573,3.338955522229119,0.009909007857667573,0.022942813450352876,150473.9746451378,153293.57971708453,,2,3.338955522229119,0.027526129196346234,0.01696057667516613,0.10104516785384932,3.338955522229119,0.027526129196346234,-0.006540447082722848,0.10104516785384932,1,False,0.04685489003319091
151600.0,0.025,0,stay2,cov,4.0,0.4676755160530845,0.0004617417787089486,0.0233792165249093,0.0234,False,3.283269380161662,3.3609375564655175,3.3225345900600525,3.321000437028616,0.025,0.025,0.4916701315917526,0.5083710170181857,1,1,3.30810546875,0.005815399058867885,-0.008666750931549339,3.3291313036962897,0.003974834372507674,3.3291313036962897,0.003974834372507674,0.022942813450352876,150473.9746451378,152392.83451219517,,1,3.3291313036962897,0.03223574047044318,0.013968370616111206,0.2894296188177273,3.3291313036962897,0.03223574047044318,-0.009463506011303694,0.2894296188177273,1,False,0.0
151600.0,0.025,0,stay2,cov,16.0,0.4676755160530845,0.0004617417787089486,0.0233792165249093,0.0234,False,3.283269380161662,3.3609375564655175,3.3225345900600525,3.321000437028616,0.025,0.025,0.4916701315917526,0.5083710170181857,1,1,3.30810546875,0.005815399058867885,-0.008666750931549339,3.3296159305045006,0.0042671559959368555,3.3296159305045006,0.0042671559959368555,0.022942813450352876,150473.9746451378,152437.20586420357,,2,3.3296159305045006,0.025135531549174955,0.01411597556474535,0.005421261966998131,3.3296159305045006,0.025135531549174955,-0.00931931207729902,0.005421261966998131,1,False,0.0409977479580868
151600.0,0.025,0,stay2,data,4.0,0.4676755160530845,0.0004617417787089486,0.0233792165249093,0.0234,False,3.283269380161662,3.3609375564655175,3.3225345900600525,3.321000437028616,0.025,0.025,0.4916701315917526,0.5083710170181857,1,1,3.30810546875,0.005815399058867885,-0.008666750931549339,3.331892633922678,0.005641008242461387,3.331892633922678,0.005641008242461387,0.022942813450352876,150473.9746451378,152645.7422048378,,1,3.331892633922678,0.0308302573337649,0.014809401279958992,0.23321029335059598,3.331892633922678,0.0308302573337649,-0.008641910792708683,0.23321029335059598,1,False,0.0
151600.0,0.025,0,stay2,data,16.0,0.4676755160530845,0.0004617417787089486,0.0233792165249093,0.0234,False,3.283269380161662,3.3609375564655175,3.3225345900600525,3.321000437028616,0.025,0.025,0.4916701315917526,0.5083710170181857,1,1,3.30810546875,0.005815399058867885,-0.008666750931549339,3.3488706836318443,0.01591584344401764,3.3488706836318443,0.01591584344401764,0.022942813450352876,150473.9746451378,154205.35426572122,,1,3.3488706836318443,0.02060497256066264,0.01998048160975212,-0.17580109757349444,3.3488706836318443,0.02060497256066264,-0.0035903293741533253,-0.17580109757349444,1,False,0.0
151600.0,0.025,0,stay+deck,cov,4.0,0.4676755160530845,0.0004617417787089486,0.0233792165249093,0.0234,False,3.283269380161662,3.3609375564655175,3.3225345900600525,3.321000437028616,0.025,0.025,0.4916701315917526,0.5083710170181857,1,1,3.30810546875,0.005815399058867885,-0.008666750931549339,3.3519733972630075,0.017799198422361773,3.2563053511598836,-0.03946935803541207,0.022942813450352876,150473.9746451378,154491.22776943498,,2,3.2563053511598836,0.028760349619597572,-0.008212554584982193,0.15041398478390283,3.3519733972630075,0.015141549738465862,-0.0026671602943843646,-0.3943380104613656,2,True,0.028953998384512958
151600.0,0.025,0,stay+deck,cov,16.0,0.4676755160530845,0.0004617417787089486,0.0233792165249093,0.0234,False,3.283269380161662,3.3609375564655175,3.3225345900600525,3.321000437028616,0.025,0.025,0.4916701315917526,0.5083710170181857,1,1,3.30810546875,0.005815399058867885,-0.008666750931549339,3.3218868260524372,-0.00038988359384295457,3.3218868260524372,-0.00038988359384295457,0.022942813450352876,150473.9746451378,151730.3161701351,,2,3.3218868260524372,0.016357175466062242,0.011761887746437018,-0.34571298135751033,3.3218868260524372,0.016357175466062242,-0.011618999090880884,-0.34571298135751033,0,False,0.040604099264657294
151600.0,0.025,0,stay+deck,data,4.0,0.4676755160530845,0.0004617417787089486,0.0233792165249093,0.0234,False,3.283269380161662,3.3609375564655175,3.3225345900600525,3.321000437028616,0.025,0.025,0.4916701315917526,0.5083710170181857,1,1,3.30810546875,0.005815399058867885,-0.008666750931549339,3.3559441736679805,0.020212013998611722,3.265919086808073,-0.033789350741012636,0.022942813450352876,150473.9746451378,154857.46783067088,,2,3.265919086808073,0.028992521564396523,-0.00528445623695204,0.15970086257586086,3.3559441736679805,0.0164330837991402,-0.0014857112676583755,-0.3426766480343921,2,True,0.02719025848728731
151600.0,0.025,0,stay+deck,data,16.0,0.4676755160530845,0.0004617417787089486,0.0233792165249093,0.0234,False,3.283269380161662,3.3609375564655175,3.3225345900600525,3.321000437028616,0.025,0.025,0.4916701315917526,0.5083710170181857,1,1,3.30810546875,0.005815399058867885,-0.008666750931549339,,,,,0.022942813450352876,150473.9746451378,,,0,,,,,,,,,0,False,0.0
151600.0,0.025,1,stay,cov,4.0,0.4676755160530845,0.0004617417787089486,0.0233792165249093,0.0234,False,3.283269380161662,3.3609375564655175,3.3225345900600525,3.321000437028616,0.025,0.025,0.4916701315917526,0.5083710170181857,2,1,3.25927734375,0.005815399058867885,-0.037715227286654884,3.3077233630753216,-0.008895747368979467,3.3077233630753216,-0.008895747368979467,0.022942813450352876,146064.72104787827,150439.21539122183,,1,3.3077233630753216,0.030128351166391863,0.007448058651969509,0.20513404665567447,3.3077233630753216,0.030128351166391863,-0.015833139561854254,0.20513404665567447,1,False,0.0
151600.0,0.025,1,stay,cov,16.0,0.4676755160530845,0.0004617417787089486,0.0233792165249093,0.0234,False,3.283269380161662,3.3609375564655175,3.3225345900600525,3.321000437028616,0.025,0.025,0.4916701315917526,0.5083710170181857,2,1,3.25927734375,0.005815399058867885,-0.037715227286654884,3.312998522283014,-0.005731999289678158,3.312998522283014,-0.005731999289678158,0.022942813450352876,146064.72104787827,150919.43911892973,,1,3.312998522283014,0.02284760158743879,0.009054737421480882,-0.08609593650244843,3.312998522283014,0.02284760158743879,-0.014263589661248528,-0.08609593650244843,1,False,0.0
151600.0,0.025,1,stay,data,4.0,0.4676755160530845,0.0004617417787089486,0.0233792165249093,0.0234,False,3.283269380161662,3.3609375564655175,3.3225345900600525,3.321000437028616,0.025,0.025,0.4916701315917526,0.5083710170181857,2,1,3.25927734375,0.005815399058867885,-0.037715227286654884,3.307175948528613,-0.00922376753945875,3.307175948528613,-0.00922376753945875,0.022942813450352876,146064.72104787827,150389.4253747343,,1,3.307175948528613,0.030364906048667803,0.007281330161759048,0.21459624194671206,3.307175948528613,0.030364906048667803,-0.015996015109974903,0.21459624194671206,1,False,0.0
151600.0,0.025,1,stay,data,16.0,0.4676755160530845,0.0004617417787089486,0.0233792165249093,0.0234,False,3.283269380161662,3.3609375564655175,3.3225345900600525,3.321000437028616,0.025,0.025,0.4916701315917526,0.5083710170181857,2,1,3.25927734375,0.005815399058867885,-0.037715227286654884,3.3036292175276003,-0.01134771410669877,3.3036292175276003,-0.01134771410669877,0.022942813450352876,146064.72104787827,150067.03259490282,,1,3.3036292175276003,0.017454930958253383,0.006201086480737046,-0.3018027616698647,3.3036292175276003,0.017454930958253383,-0.017051295352890967,-0.3018027616698647,1,False,0.0
151600.0,0.025,1,stay2,cov,4.0,0.4676755160530845,0.0004617417787089486,0.0233792165249093,0.0234,False,3.283269380161662,3.3609375564655175,3.3225345900600525,3.321000437028616,0.025,0.025,0.4916701315917526,0.5083710170181857,2,1,3.25927734375,0.005815399058867885,-0.037715227286654884,3.3859654188983885,0.03854666318329025,3.3859654188983885,0.03854666318329025,0.022942813450352876,146064.72104787827,157640.47499716643,,1,3.3859654188983885,0.01525983262393293,0.031278590589380775,-0.3896066950426828,3.3859654188983885,0.01525983262393293,0.007446690696387477,-0.3896066950426828,1,False,0.0
151600.0,0.025,1,stay2,cov,16.0,0.4676755160530845,0.0004617417787089486,0.0233792165249093,0.0234,False,3.283269380161662,3.3609375564655175,3.3225345900600525,3.321000437028616,0.025,0.025,0.4916701315917526,0.5083710170181857,2,1,3.25927734375,0.005815399058867885,-0.037715227286654884,3.3305214465636945,0.004813467470351052,3.3305214465636945,0.004813467470351052,0.022942813450352876,146064.72104787827,152520.13020778497,,1,3.3305214465636945,0.010288110578883371,0.014391772629910132,-0.5884755768446651,3.3305214465636945,0.010288110578883371,-0.009049888428694773,-0.5884755768446651,1,False,0.0
151600.0,0.025,1,stay2,data,4.0,0.4676755160530845,0.0004617417787089486,0.0233792165249093,0.0234,False,3.283269380161662,3.3609375564655175,3.3225345900600525,3.321000437028616,0.025,0.025,0.4916701315917526,0.5083710170181857,2,1,3.25927734375,0.005815399058867885,-0.037715227286654884,,,,,0.022942813450352876,146064.72104787827,,,0,,,,,,,,,0,False,0.0
151600.0,0.025,1,stay2,data,16.0,0.4676755160530845,0.0004617417787089486,0.0233792165249093,0.0234,False,3.283269380161662,3.3609375564655175,3.3225345900600525,3.321000437028616,0.025,0.025,0.4916701315917526,0.5083710170181857,2,1,3.25927734375,0.005815399058867885,-0.037715227286654884,3.2553370673340982,-0.04004051331959879,3.2553370673340982,-0.04004051331959879,0.022942813450352876,146064.72104787827,145711.7670519413,,2,3.2553370673340982,0.013056390766084836,-0.008507469108790692,-0.47774436935660664,3.3681204890401206,0.027535270682512353,0.0021371812043294693,0.10141082730049406,2,True,0.034055754338603104
151600.0,0.025,1,stay+deck,cov,4.0,0.4676755160530845,0.0004617417787089486,0.0233792165249093,0.0234,False,3.283269380161662,3.3609375564655175,3.3225345900600525,3.321000437028616,0.025,0.025,0.4916701315917526,0.5083710170181857,2,1,3.25927734375,0.005815399058867885,-0.037715227286654884,3.25994662103948,-0.03731998539633796,3.25994662103948,-0.03731998539633796,0.022942813450352876,146064.72104787827,146124.71461536744,,2,3.25994662103948,0.020269292176459296,-0.007103516776023257,-0.1892283129416282,3.3829271863285673,0.022431633217820598,0.006542707055282169,-0.10273467128717614,2,True,0.03702631386815789
151600.0,0.025,1,stay+deck,cov,16.0,0.4676755160530845,0.0004617417787089486,0.0233792165249093,0.0234,False,3.283269380161662,3.3609375564655175,3.3225345900600525,3.321000437028616,0.025,0.025,0.4916701315917526,0.5083710170181857,2,1,3.25927734375,0.005815399058867885,-0.037715227286654884,3.2600112612799474,-0.037281807786814,3.2600112612799474,-0.037281807786814,0.022942813450352876,146064.72104787827,146130.509575491,,1,3.2600112612799474,0.02292207524003398,-0.007083829009659051,-0.0831169903986409,3.2600112612799474,0.02292207524003398,-0.03002920866274819,-0.0831169903986409,1,False,0.0
151600.0,0.025,1,stay+deck,data,4.0,0.4676755160530845,0.0004617417787089486,0.0233792165249093,0.0234,False,3.283269380161662,3.3609375564655175,3.3225345900600525,3.321000437028616,0.025,0.025,0.4916701315917526,0.5083710170181857,2,1,3.25927734375,0.005815399058867885,-0.037715227286654884,3.2649370189302935,-0.03437034601428157,3.2649370189302935,-0.03437034601428157,0.022942813450352876,146064.72104787827,146572.43889174468,,2,3.2649370189302935,0.0200763806427825,-0.005583569030959542,-0.1969447742887001,3.385927717723219,0.021763889475872315,0.00743547323859901,-0.12944442096510744,2,True,0.03638344894495751
151600.0,0.025,1,stay+deck,data,16.0,0.4676755160530845,0.0004617417787089486,0.0233792165249093,0.0234,False,3.283269380161662,3.3609375564655175,3.3225345900600525,3.321000437028616,0.025,0.025,0.4916701315917526,0.5083710170181857,2,1,3.25927734375,0.005815399058867885,-0.037715227286654884,3.2606188022827345,-0.036922946893635844,3.2606188022827345,-0.036922946893635844,0.022942813450352876,146064.72104787827,146184.98088974578,,2,3.2606188022827345,0.018643222455962796,-0.006898787536529265,-0.2542711017614882,3.3900707434136477,0.021872523920774656,0.008668172632986275,-0.12509904316901382,2,True,0.03892887804834634
151600.0,0.025,2,stay,cov,4.0,0.4676755160530845,0.0004617417787089486,0.0233792165249093,0.0234,False,3.283269380161662,3.3609375564655175,3.3225345900600525,3.321000437028616,0.025,0.025,0.4916701315917526,0.5083710170181857,1,1,3.3203125,0.005815399058867885,-0.0013371400296803282,3.3556889070067957,0.020056817012900963,3.3556889070067957,0.020056817012900963,0.022942813450352876,151586.53259277344,154833.91055836636,,1,3.3556889070067957,0.03675285255181338,0.022057138315457976,0.47011410207253523,3.3556889070067957,0.03675285255181338,-0.0015616622952797435,0.47011410207253523,1,False,0.0
151600.0,0.025,2,stay,cov,16.0,0.4676755160530845,0.0004617417787089486,0.0233792165249093,0.0234,False,3.283269380161662,3.3609375564655175,3.3225345900600525,3.321000437028616,0.025,0.025,0.4916701315917526,0.5083710170181857,1,1,3.3203125,0.005815399058867885,-0.0013371400296803282,3.336943480406123,0.008692239969463111,3.336943480406123,0.008692239969463111,0.022942813450352876,151586.53259277344,153108.8871320928,,2,3.336943480406123,0.03367414522769289,0.016347760122508853,0.34696580910771546,3.336943480406123,0.03367414522769289,-0.00713910200837752,0.34696580910771546,1,False,0.05517105146382256
151600.0,0.025,2,stay,data,4.0,0.4676755160530845,0.0004617417787089486,0.0233792165249093,0.0234,False,3.283269380161662,3.3609375564655175,3.3225345900600525,3.321000437028616,0.025,0.025,0.4916701315917526,0.5083710170181857,1,1,3.3203125,0.005815399058867885,-0.0013371400296803282,3.3558267133246362,0.020140599010695537,3.3558267133246362,0.020140599010695537,0.022942813450352876,151586.53259277344,154846.62778561944,,1,3.3558267133246362,0.03628825531345562,0.02209911060036192,0.4515302125382248,3.3558267133246362,0.03628825531345562,-0.001520659951283364,0.4515302125382248,1,False,0.0
151600.0,0.025,2,stay,data,16.0,0.4676755160530845,0.0004617417787089486,0.0233792165249093,0.0234,False,3.283269380161662,3.3609375564655175,3.3225345900600525,3.321000437028616,0.025,0.025,0.4916701315917526,0.5083710170181857,1,1,3.3203125,0.005815399058867885,-0.0013371400296803282,3.338741440728705,0.009779508735453524,3.338741440728705,0.009779508735453524,0.022942813450352876,151586.53259277344,153273.92311053883,,1,3.338741440728705,0.033696070376757925,0.01689537291768352,0.34784281507031695,3.338741440728705,0.033696070376757925,-0.0066041440413296204,0.34784281507031695,1,False,0.0
151600.0,0.025,2,stay2,cov,4.0,0.4676755160530845,0.0004617417787089486,0.0233792165249093,0.0234,False,3.283269380161662,3.3609375564655175,3.3225345900600525,3.321000437028616,0.025,0.025,0.4916701315917526,0.5083710170181857,1,1,3.3203125,0.005815399058867885,-0.0013371400296803282,3.3300972965713296,0.00455755289773907,3.3300972965713296,0.00455755289773907,0.022942813450352876,151586.53259277344,152481.28506368556,,1,3.3300972965713296,0.03311865697619168,0.014262587374832443,0.3247462790476671,3.3300972965713296,0.03311865697619168,-0.009176088331322838,0.3247462790476671,1,False,0.0
151600.0,0.025,2,stay2,cov,16.0,0.4676755160530845,0.0004617417787089486,0.0233792165249093,0.0234,False,3.283269380161662,3.3609375564655175,3.3225345900600525,3.321000437028616,0.025,0.025,0.4916701315917526,0.5083710170181857,1,1,3.3203125,0.005815399058867885,-0.0013371400296803282,3.3309187489672567,0.005053212881753089,3.3309187489672567,0.005053212881753089,0.022942813450352876,151586.53259277344,152556.52104304693,,3,3.3309187489672567,0.0344551180956751,0.014512780795113625,0.37820472382700393,3.3309187489672567,0.0344551180956751,-0.008931676650913342,0.37820472382700393,1,False,0.13478816468876034
151600.0,0.025,2,stay2,data,4.0,0.4676755160530845,0.0004617417787089486,0.0233792165249093,0.0234,False,3.283269380161662,3.3609375564655175,3.3225345900600525,3.321000437028616,0.025,0.025,0.4916701315917526,0.5083710170181857,1,1,3.3203125,0.005815399058867885,-0.0013371400296803282,3.3121913587118157,-0.006216417946433794,3.3121913587118157,-0.006216417946433794,0.022942813450352876,151586.53259277344,150845.9094549718,,1,3.3121913587118157,0.030864547880316996,0.008808896012282035,0.23458191521267976,3.3121913587118157,0.030864547880316996,-0.014503749901549812,0.23458191521267976,1,False,0.0
151600.0,0.025,2,stay2,data,16.0,0.4676755160530845,0.0004617417787089486,0.0233792165249093,0.0234,False,3.283269380161662,3.3609375564655175,3.3225345900600525,3.321000437028616,0.025,0.025,0.4916701315917526,0.5083710170181857,1,1,3.3203125,0.005815399058867885,-0.0013371400296803282,3.3592689150891726,0.022234467989244333,3.3592689150891726,0.022234467989244333,0.022942813450352876,151586.53259277344,155164.4551034103,,1,3.3592689150891726,0.03008279718466483,0.0231475173455821,0.20331188738659314,3.3592689150891726,0.03008279718466483,-0.0004964809218591163,0.20331188738659314,1,False,0.0
151600.0,0.025,2,stay+deck,cov,4.0,0.4676755160530845,0.0004617417787089486,0.0233792165249093,0.0234,False,3.283269380161662,3.3609375564655175,3.3225345900600525,3.321000437028616,0.025,0.025,0.4916701315917526,0.5083710170181857,1,1,3.3203125,0.005815399058867885,-0.0013371400296803282,,,,,0.022942813450352876,151586.53259277344,,,0,,,,,,,,,0,False,0.0
151600.0,0.025,2,stay+deck,cov,16.0,0.4676755160530845,0.0004617417787089486,0.0233792165249093,0.0234,False,3.283269380161662,3.3609375564655175,3.3225345900600525,3.321000437028616,0.025,0.025,0.4916701315917526,0.5083710170181857,1,1,3.3203125,0.005815399058867885,-0.0013371400296803282,3.3842851079774467,0.0375161456916302,3.3842851079774467,0.0375161456916302,0.022942813450352876,151586.53259277344,157484.05326607137,,1,3.3842851079774467,0.015531101125899227,0.030766810797233764,-0.37875595496403097,3.3842851079774467,0.015531101125899227,0.0069467376646183115,-0.37875595496403097,1,False,0.0
151600.0,0.025,2,stay+deck,data,4.0,0.4676755160530845,0.0004617417787089486,0.0233792165249093,0.0234,False,3.283269380161662,3.3609375564655175,3.3225345900600525,3.321000437028616,0.025,0.025,0.4916701315917526,0.5083710170181857,1,1,3.3203125,0.005815399058867885,-0.0013371400296803282,3.385683985773533,0.0383740274651343,3.385683985773533,0.0383740274651343,0.022942813450352876,151586.53259277344,157614.27070844613,,1,3.385683985773533,0.029368194865265058,0.03119287324722292,0.17472779461060226,3.385683985773533,0.029368194865265058,0.007362954203183569,0.17472779461060226,1,False,0.0
151600.0,0.025,2,stay+deck,data,16.0,0.4676755160530845,0.0004617417787089486,0.0233792165249093,0.0234,False,3.283269380161662,3.3609375564655175,3.3225345900600525,3.321000437028616,0.025,0.025,0.4916701315917526,0.5083710170181857,1,1,3.3203125,0.005815399058867885,-0.0013371400296803282,3.3899129578784484,0.04096966091329368,3.275480717629757,-0.028123519391059504,0.022942813450352876,151586.53259277344,158008.2606023929,,2,3.275480717629757,0.017434417643895774,-0.0023722276883420155,-0.30262329424416906,3.3899129578784484,0.01820820283092621,0.008621225752079261,-0.2716718867629517,2,True,0.03433622853190785
156000.0,0.025,0,stay,cov,4.0,0.6298010573010813,0.014641268071064636,0.02787932385684996,0.0234,True,3.299379199422622,3.3926640195048803,3.3703465848700964,3.321000437028616,0.024999999999999998,0.025,0.2372544057567631,0.7627832418662773,1,1,3.35693359375,0.012694717338752371,-0.00794357547345892,3.3826443789197422,0.007310957475047175,3.3826443789197422,0.007310957475047175,0.012961752247892793,154948.79335165024,157331.39117076327,,1,3.3826443789197422,0.03231126209471823,0.02523662012286774,0.2924504837887292,3.3826443789197422,0.03231126209471823,-0.002953325330045589,0.292450483788729,1,False,0.0
156000.0,0.025,0,stay,cov,16.0,0.6298010573010813,0.014641268071064636,0.02787932385684996,0.0234,True,3.299379199422622,3.3926640195048803,3.3703465848700964,3.321000437028616,0.024999999999999998,0.025,0.2372544057567631,0.7627832418662773,1,1,3.35693359375,0.012694717338752371,-0.00794357547345892,3.3698062166768934,-0.0003206346059305698,3.3698062166768934,-0.0003206346059305698,0.012961752247892793,154948.79335165024,156139.41664687076,,1,3.3698062166768934,0.0322393288864513,0.021345535931909798,0.28957315545805207,3.3698062166768934,0.0322393288864513,-0.006737420120758882,0.2895731554580519,1,False,0.0
156000.0,0.025,0,stay,data,4.0,0.6298010573010813,0.014641268071064636,0.02787932385684996,0.0234,True,3.299379199422622,3.3926640195048803,3.3703465848700964,3.321000437028616,0.024999999999999998,0.025,0.2372544057567631,0.7627832418662773,1,1,3.35693359375,0.012694717338752371,-0.00794357547345892,3.3847599669401696,0.008571345007689635,3.3847599669401696,0.008571345007689635,0.012961752247892793,154948.79335165024,157528.25046476125,,1,3.3847599669401696,0.03277279562300493,0.025877828026705393,0.3109118249201974,3.3847599669401696,0.03277279562300493,-0.002329748103339812,0.31091182492019726,1,False,0.0
156000.0,0.025,0,stay,data,16.0,0.6298010573010813,0.014641268071064636,0.02787932385684996,0.0234,True,3.299379199422622,3.3926640195048803,3.3703465848700964,3.321000437028616,0.024999999999999998,0.025,0.2372544057567631,0.7627832418662773,1,1,3.35693359375,0.012694717338752371,-0.00794357547345892,3.377161893503175,0.004048366665760472,3.377161893503175,0.004048366665760472,0.012961752247892793,154948.79335165024,156821.80875528682,,1,3.377161893503175,0.027502793204532076,0.02357494830971981,0.10011172818128315,3.377161893503175,0.027502793204532076,-0.0045693077512483984,0.100111728181283,1,False,0.0
156000.0,0.025,0,stay2,cov,4.0,0.6298010573010813,0.014641268071064636,0.02787932385684996,0.0234,True,3.299379199422622,3.3926640195048803,3.3703465848700964,3.321000437028616,0.024999999999999998,0.025,0.2372544057567631,0.7627832418662773,1,1,3.35693359375,0.012694717338752371,-0.00794357547345892,3.394590588073157,0.014438396826557787,3.394590588073157,0.014438396826557787,0.012961752247892793,154948.79335165024,158444.62233372932,,1,3.394590588073157,0.03240473109399505,0.028857364642171597,0.296189243759802,3.394590588073157,0.03240473109399505,0.0005678630590003765,0.2961892437598018,1,False,0.0
156000.0,0.025,0,stay2,cov,16.0,0.6298010573010813,0.014641268071064636,0.02787932385684996,0.0234,True,3.299379199422622,3.3926640195048803,3.3703465848700964,3.321000437028616,0.024999999999999998,0.025,0.2372544057567631,0.7627832418662773,1,1,3.35693359375,0.012694717338752371,-0.00794357547345892,3.3670367534823415,-0.0019631252175842384,3.3670367534823415,-0.0019631252175842384,0.012961752247892793,154948.79335165024,155882.87686538746,,2,3.3670367534823415,0.02844730893091776,0.020506146753776988,0.1378923572367105,3.3670367534823415,0.02844730893091776,-0.007553729421836098,0.13789235723671037,1,False,0.054943003747482635
156000.0,0.025,0,stay2,data,4.0,0.6298010573010813,0.014641268071064636,0.02787932385684996,0.0234,True,3.299379199422622,3.3926640195048803,3.3703465848700964,3.321000437028616,0.024999999999999998,0.025,0.2372544057567631,0.7627832418662773,1,1,3.35693359375,0.012694717338752371,-0.00794357547345892,3.3943489257686457,0.014293965391789731,3.3943489257686457,0.014293965391789731,0.012961752247892793,154948.79335165024,158422.06366066795,,1,3.3943489257686457,0.027904252137332566,0.028784119861894913,0.11617008549330275,3.3943489257686457,0.027904252137332566,0.000496632220013132,0.1161700854933026,1,False,0.0
156000.0,0.025,0,stay2,data,16.0,0.6298010573010813,0.014641268071064636,0.02787932385684996,0.0234,True,3.299379199422622,3.3926640195048803,3.3703465848700964,3.321000437028616,0.024999999999999998,0.025,0.2372544057567631,0.7627832418662773,1,1,3.35693359375,0.012694717338752371,-0.00794357547345892,3.4051954417129027,0.020786599732020017,3.4051954417129027,0.020786599732020017,0.012961752247892793,154948.79335165024,159436.14494860705,,1,3.4051954417129027,0.030497359498870263,0.03207156131335193,0.21989437995481062,3.4051954417129027,0.030497359498870263,0.003693682055157117,0.21989437995481045,1,False,0.0
156000.0,0.025,0,stay+deck,cov,4.0,0.6298010573010813,0.014641268071064636,0.02787932385684996,0.0234,True,3.299379199422622,3.3926640195048803,3.3703465848700964,3.321000437028616,0.024999999999999998,0.025,0.2372544057567631,0.7627832418662773,1,1,3.35693359375,0.012694717338752371,-0.00794357547345892,3.3114604017763614,-0.03463843044325343,3.3967638333722023,0.015737716511247557,0.012961752247892793,154948.79335165024,150779.33739732683,,2,3.3114604017763614,0.02362520753394973,0.003661659246640547,-0.05499169864201071,3.3967638333722023,0.028213467551615877,0.0012084349772779372,0.12853870206463502,2,True,0.025432492595844722
156000.0,0.025,0,stay+deck,cov,16.0,0.6298010573010813,0.014641268071064636,0.02787932385684996,0.0234,True,3.299379199422622,3.3926640195048803,3.3703465848700964,3.321000437028616,0.024999999999999998,0.025,0.2372544057567631,0.7627832418662773,1,1,3.35693359375,0.012694717338752371,-0.00794357547345892,3.3294442837303713,-0.024124585598578774,3.3294442837303713,-0.024124585598578774,0.012961752247892793,154948.79335165024,152421.48952889163,,1,3.3294442837303713,0.015090260390745769,0.009112345835547033,-0.3963895843701692,3.3294442837303713,0.015090260390745769,-0.018634245952752843,-0.3963895843701693,1,False,0.0
156000.0,0.025,0,stay+deck,data,4.0,0.6298010573010813,0.014641268071064636,0.02787932385684996,0.0234,True,3.299379199422622,3.3926640195048803,3.3703465848700964,3.321000437028616,0.024999999999999998,0.025,0.2372544057567631,0.7627832418662773,1,1,3.35693359375,0.012694717338752371,-0.00794357547345892,3.3089406742132277,-0.03610698052181205,3.3089406742132277,-0.03610698052181205,0.012961752247892793,154948.79335165024,150549.96530011197,,1,3.3089406742132277,0.022893672710819685,0.002897961771802062,-0.08425309156721254,3.3089406742132277,0.022893672710819685,-0.02467775907378858,-0.08425309156721267,1,False,0.0
156000.0,0.025,0,stay+deck,data,16.0,0.6298010573010813,0.014641268071064636,0.02787932385684996,0.0234,True,3.299379199422622,3.3926640195048803,3.3703465848700964,3.321000437028616,0.024999999999999998,0.025,0.2372544057567631,0.7627832418662773,1,1,3.35693359375,0.012694717338752371,-0.00794357547345892,3.3059298740322256,-0.037860272139740525,3.4290480159413006,0.03513741504237777,0.012961752247892793,154948.79335165024,150276.11956525748,,3,3.3059298740322256,0.01127565651772959,0.001985426413171881,-0.5489737392908164,3.4290480159413006,0.0218106842036746,0.010724314646909875,-0.12757263185301612,1,False,0.06742336541182863
156000.0,0.025,1,stay,cov,4.0,0.6298010573010813,0.014641268071064636,0.02787932385684996,0.0234,True,3.299379199422622,3.3926640195048803,3.3703465848700964,3.321000437028616,0.024999999999999998,0.025,0.2372544057567631,0.7627832418662773,1,1,3.40576171875,0.012694717338752371,0.021126137409196444,,,,,0.012961752247892793,159489.17716741562,,,0,,,,,,,,,0,False,0.0
156000.0,0.025,1,stay,cov,16.0,0.6298010573010813,0.014641268071064636,0.02787932385684996,0.0234,True,3.299379199422622,3.3926640195048803,3.3703465848700964,3.321000437028616,0.024999999999999998,0.025,0.2372544057567631,0.7627832418662773,1,1,3.40576171875,0.012694717338752371,0.021126137409196444,3.378139266902874,0.004629607481759557,3.378139266902874,0.004629607481759557,0.012961752247892793,159489.17716741562,156912.59246562744,,1,3.378139266902874,0.02835931772705237,0.023871177794305875,0.13437270908209495,3.378139266902874,0.02835931772705237,-0.004281223403939058,0.1343727090820948,1,False,0.0
156000.0,0.025,1,stay,data,4.0,0.6298010573010813,0.014641268071064636,0.02787932385684996,0.0234,True,3.299379199422622,3.3926640195048803,3.3703465848700964,3.321000437028616,0.024999999999999998,0.025,0.2372544057567631,0.7627832418662773,1,1,3.40576171875,0.012694717338752371,0.021126137409196444,,,,,0.012961752247892793,159489.17716741562,,,0,,,,,,,,,0,False,0.0
156000.0,0.025,1,stay,data,16.0,0.6298010573010813,0.014641268071064636,0.02787932385684996,0.0234,True,3.299379199422622,3.3926640195048803,3.3703465848700964,3.321000437028616,0.024999999999999998,0.025,0.2372544057567631,0.7627832418662773,1,1,3.40576171875,0.012694717338752371,0.021126137409196444,3.3829670273883727,0.007503128334070297,3.3829670273883727,0.007503128334070297,0.012961752247892793,159489.17716741562,157361.4062404577,,1,3.3829670273883727,0.027461494747679345,0.02533441078260366,0.0984597899071739,3.3829670273883727,0.027461494747679345,-0.0028582235260427302,0.09845978990717374,1,False,0.0
156000.0,0.025,1,stay2,cov,4.0,0.6298010573010813,0.014641268071064636,0.02787932385684996,0.0234,True,3.299379199422622,3.3926640195048803,3.3703465848700964,3.321000437028616,0.024999999999999998,0.025,0.2372544057567631,0.7627832418662773,1,1,3.40576171875,0.012694717338752371,0.021126137409196444,3.3997530548253865,0.01752624294968408,3.3997530548253865,0.01752624294968408,0.012961752247892793,159489.17716741562,158926.911464675,,1,3.3997530548253865,0.025546310554456074,0.03042204285591952,0.021852422178243045,3.3997530548253865,0.025546310554456074,0.002089518820534655,0.021852422178242903,1,False,0.0
156000.0,0.025,1,stay2,cov,16.0,0.6298010573010813,0.014641268071064636,0.02787932385684996,0.0234,True,3.299379199422622,3.3926640195048803,3.3703465848700964,3.321000437028616,0.024999999999999998,0.025,0.2372544057567631,0.7627832418662773,1,1,3.40576171875,0.012694717338752371,0.021126137409196444,3.3860310535023106,0.0093289893953723,3.3860310535023106,0.0093289893953723,0.012961752247892793,159489.17716741562,157646.58656012706,,2,3.2865134316452553,0.008162830597423208,-0.003899451078438682,-0.6734867761030717,3.3860310535023106,0.02513284068694624,-0.0019550907382622842,0.005313627477849525,2,True,0.029828987151324895
156000.0,0.025,1,stay2,data,4.0,0.6298010573010813,0.014641268071064636,0.02787932385684996,0.0234,True,3.299379199422622,3.3926640195048803,3.3703465848700964,3.321000437028616,0.024999999999999998,0.025,0.2372544057567631,0.7627832418662773,1,1,3.40576171875,0.012694717338752371,0.021126137409196444,3.401990593488283,0.01886604821927773,3.401990593488283,0.01886604821927773,0.012961752247892793,159489.17716741562,159136.17497501295,,1,3.401990593488283,0.025494673458739413,0.0311002124531844,0.01978693834957662,3.401990593488283,0.025494673458739413,0.002749041440526686,0.019786938349576483,1,False,0.0
156000.0,0.025,1,stay2,data,16.0,0.6298010573010813,0.014641268071064636,0.02787932385684996,0.0234,True,3.299379199422622,3.3926640195048803,3.3703465848700964,3.321000437028616,0.024999999999999998,0.025,0.2372544057567631,0.7627832418662773,1,1,3.40576171875,0.012694717338752371,0.021126137409196444,3.391315788097133,0.012482060516778581,3.391315788097133,0.012482060516778581,0.012961752247892793,159489.17716741562,158139.06315070708,,1,3.391315788097133,0.026301012547380133,0.02786481429312504,0.052040501895205406,3.391315788097133,0.026301012547380133,-0.000397396087557197,0.05204050189520526,1,False,0.0
156000.0,0.025,1,stay+deck,cov,4.0,0.6298010573010813,0.014641268071064636,0.02787932385684996,0.0234,True,3.299379199422622,3.3926640195048803,3.3703465848700964,3.321000437028616,0.024999999999999998,0.025,0.2372544057567631,0.7627832418662773,1,1,3.40576171875,0.012694717338752371,0.021126137409196444,3.402303283638808,0.019053352687423253,3.402303283638808,0.019053352687423253,0.012961752247892793,159489.17716741562,159165.42996556693,,2,3.2759637314928476,0.024200390275602193,-0.007096931426939971,-0.031984388975912215,3.402303283638808,0.021915014175944922,0.0028412079942222836,-0.12339943296220318,2,True,0.03783602897569066
156000.0,0.025,1,stay+deck,cov,16.0,0.6298010573010813,0.014641268071064636,0.02787932385684996,0.0234,True,3.299379199422622,3.3926640195048803,3.3703465848700964,3.321000437028616,0.024999999999999998,0.025,0.2372544057567631,0.7627832418662773,1,1,3.40576171875,0.012694717338752371,0.021126137409196444,3.2821871468141657,-0.05163055245613157,3.2821871468141657,-0.05163055245613157,0.012961752247892793,159489.17716741562,148125.34641729156,,1,3.2821871468141657,0.023392916538262892,-0.005210693154477331,-0.06428333846948422,3.2821871468141657,0.023392916538262892,-0.03256345811302512,-0.06428333846948436,1,False,0.0
156000.0,0.025,1,stay+deck,data,4.0,0.6298010573010813,0.014641268071064636,0.02787932385684996,0.0234,True,3.299379199422622,3.3926640195048803,3.3703465848700964,3.321000437028616,0.024999999999999998,0.025,0.2372544057567631,0.7627832418662773,1,1,3.40576171875,0.012694717338752371,0.021126137409196444,3.404908469724455,0.020614553914552358,3.404908469724455,0.020614553914552358,0.012961752247892793,159489.17716741562,159409.2731990183,,2,3.2798080702032557,0.023783769209479087,-0.005931761109117494,-0.04864923162083646,3.404908469724455,0.021969217349373696,0.003609096022824509,-0.12123130602505222,2,True,0.03742878214026777
156000.0,0.025,1,stay+deck,data,16.0,0.6298010573010813,0.014641268071064636,0.02787932385684996,0.0234,True,3.299379199422622,3.3926640195048803,3.3703465848700964,3.321000437028616,0.024999999999999998,0.025,0.2372544057567631,0.7627832418662773,1,1,3.40576171875,0.012694717338752371,0.021126137409196444,3.409267593328728,0.023229504026780257,3.409267593328728,0.023229504026780257,0.012961752247892793,159489.17716741562,159817.70094017003,,2,3.268855846638961,0.02082232878539427,-0.009251241199860413,-0.16710684858422908,3.409267593328728,0.021593212547619055,0.004893963483678827,-0.13627149809523786,2,True,0.04205125824701633
156000.0,0.025,2,stay,cov,4.0,0.6298010573010813,0.014641268071064636,0.02787932385684996,0.0234,True,3.299379199422622,3.3926640195048803,3.3703465848700964,3.321000437028616,0.024999999999999998,0.025,0.2372544057567631,0.7627832418662773,2,2,3.3935546875,0.012694717338752371,0.013819354884088808,3.401546536612141,0.01860008337643637,3.401546536612141,0.01860008337643637,0.012961752247892793,158347.9344844818,159094.6340601482,,1,3.401546536612141,0.034940398577232565,0.03096562444456156,0.3976159430893027,3.401546536612141,0.034940398577232565,0.0026181540689540917,0.39761594308930254,1,False,0.0
156000.0,0.025,2,stay,cov,16.0,0.6298010573010813,0.014641268071064636,0.02787932385684996,0.0234,True,3.299379199422622,3.3926640195048803,3.3703465848700964,3.321000437028616,0.024999999999999998,0.025,0.2372544057567631,0.7627832418662773,2,2,3.3935546875,0.012694717338752371,0.013819354884088808,,,,,0.012961752247892793,158347.9344844818,,,0,,,,,,,,,0,False,0.0
156000.0,0.025,2,stay,data,4.0,0.6298010573010813,0.014641268071064636,0.02787932385684996,0.0234,True,3.299379199422622,3.3926640195048803,3.3703465848700964,3.321000437028616,0.024999999999999998,0.025,0.2372544057567631,0.7627832418662773,2,2,3.3935546875,0.012694717338752371,0.013819354884088808,3.4003484806826716,0.017882689127049822,3.4003484806826716,0.017882689127049822,0.012961752247892793,158347.9344844818,158982.58461361311,,1,3.4003484806826716,0.03441844903497303,0.030602508883404118,0.37673796139892124,3.4003484806826716,0.03441844903497303,0.002265022747201702,0.3767379613989211,1,False,0.0
156000.0,0.025,2,stay,data,16.0,0.6298010573010813,0.014641268071064636,0.02787932385684996,0.0234,True,3.299379199422622,3.3926640195048803,3.3703465848700964,3.321000437028616,0.024999999999999998,0.025,0.2372544057567631,0.7627832418662773,2,2,3.3935546875,0.012694717338752371,0.013819354884088808,3.3939999049925653,0.014085388445601588,3.3939999049925653,0.014085388445601588,0.012961752247892793,158347.9344844818,158389.4861324812,,1,3.3939999049925653,0.028580059952366878,0.028678336090165547,0.1432023980946752,3.3939999049925653,0.028580059952366878,0.000393757082930952,0.14320239809467505,1,False,0.0
156000.0,0.025,2,stay2,cov,4.0,0.6298010573010813,0.014641268071064636,0.02787932385684996,0.0234,True,3.299379199422622,3.3926640195048803,3.3703465848700964,3.321000437028616,0.024999999999999998,0.025,0.2372544057567631,0.7627832418662773,2,2,3.3935546875,0.012694717338752371,0.013819354884088808,3.395445052442963,0.014949156834745292,3.395445052442963,0.014949156834745292,0.012961752247892793,158347.9344844818,158524.39768219166,,1,3.395445052442963,0.03202894097762134,0.029116341958254452,0.2811576391048536,3.395445052442963,0.03202894097762134,0.0008197195248613175,0.2811576391048534,1,False,0.0
156000.0,0.025,2,stay2,cov,16.0,0.6298010573010813,0.014641268071064636,0.02787932385684996,0.0234,True,3.299379199422622,3.3926640195048803,3.3703465848700964,3.321000437028616,0.024999999999999998,0.025,0.2372544057567631,0.7627832418662773,2,2,3.3935546875,0.012694717338752371,0.013819354884088808,3.3809953725632687,0.006329088197676969,3.3809953725632687,0.006329088197676969,0.012961752247892793,158347.9344844818,157178.03350279573,,3,3.3809953725632687,0.029463143305643945,0.024736827205229735,0.1785257322257579,3.3809953725632687,0.029463143305643945,-0.0034393759224394197,0.17852573222575774,1,False,0.08984809450000465
156000.0,0.025,2,stay2,data,4.0,0.6298010573010813,0.014641268071064636,0.02787932385684996,0.0234,True,3.299379199422622,3.3926640195048803,3.3703465848700964,3.321000437028616,0.024999999999999998,0.025,0.2372544057567631,0.7627832418662773,2,2,3.3935546875,0.012694717338752371,0.013819354884088808,3.374633033340122,0.0025452422420702003,3.374633033340122,0.0025452422420702003,0.012961752247892793,158347.9344844818,156587.03650851734,,1,3.374633033340122,0.03478578014312024,0.02280848285964495,0.3914312057248097,3.374633033340122,0.03478578014312024,-0.005314698437892975,0.39143120572480955,1,False,0.0
156000.0,0.025,2,stay2,data,16.0,0.6298010573010813,0.014641268071064636,0.02787932385684996,0.0234,True,3.299379199422622,3.3926640195048803,3.3703465848700964,3.321000437028616,0.024999999999999998,0.025,0.2372544057567631,0.7627832418662773,2,2,3.3935546875,0.012694717338752371,0.013819354884088808,3.478221436265513,0.06503855108811996,3.395898666368374,0.015220358881731899,0.012961752247892793,158347.9344844818,166347.83494583276,,2,3.395898666368374,0.03137442974410987,0.029253826587329702,0.25497718976439504,3.395898666368374,0.03137442974410987,0.0009534238712991977,0.2549771897643949,1,False,0.023951507587304494
156000.0,0.025,2,stay+deck,cov,4.0,0.6298010573010813,0.014641268071064636,0.02787932385684996,0.0234,True,3.299379199422622,3.3926640195048803,3.3703465848700964,3.321000437028616,0.024999999999999998,0.025,0.2372544057567631,0.7627832418662773,2,2,3.3935546875,0.012694717338752371,0.013819354884088808,3.3379995895543884,-0.019102943219858948,3.437104955069123,0.04000747637681035,0.012961752247892793,158347.9344844818,153205.8173231474,,2,3.3379995895543884,0.015593272151201994,0.01170535055155974,-0.3762691139519202,3.437104955069123,0.03244849464344975,0.01309912661812248,0.29793978573799007,0,False,0.02925574501824663
156000.0,0.025,2,stay+deck,cov,16.0,0.6298010573010813,0.014641268071064636,0.02787932385684996,0.0234,True,3.299379199422622,3.3926640195048803,3.3703465848700964,3.321000437028616,0.024999999999999998,0.025,0.2372544057567631,0.7627832418662773,2,2,3.3935546875,0.012694717338752371,0.013819354884088808,3.315194347173783,-0.03246015306811634,3.315194347173783,-0.03246015306811634,0.012961752247892793,158347.9344844818,151119.56144357883,,1,3.315194347173783,0.020663131102773694,0.0047933707510578304,-0.1734747558890522,3.315194347173783,0.020663131102773694,-0.02283446633256748,-0.1734747558890523,1,False,0.0
156000.0,0.025,2,stay+deck,data,4.0,0.6298010573010813,0.014641268071064636,0.02787932385684996,0.0234,True,3.299379199422622,3.3926640195048803,3.3703465848700964,3.321000437028616,0.024999999999999998,0.025,0.2372544057567631,0.7627832418662773,2,2,3.3935546875,0.012694717338752371,0.013819354884088808,3.3370355498584607,-0.019669442479865573,3.3370355498584607,-0.019669442479865573,0.012961752247892793,158347.9344844818,153117.33608901344,,1,3.3370355498584607,0.015606264706178864,0.011413162343518567,-0.37574941175284543,3.3370355498584607,0.015606264706178864,-0.016396692783784073,-0.3757494117528455,0,False,0.0
156000.0,0.025,2,stay+deck,data,16.0,0.6298010573010813,0.014641268071064636,0.02787932385684996,0.0234,True,3.299379199422622,3.3926640195048803,3.3703465848700964,3.321000437028616,0.024999999999999998,0.025,0.2372544057567631,0.7627832418662773,2,2,3.3935546875,0.012694717338752371,0.013819354884088808,,,,,0.012961752247892793,158347.9344844818,,,0,,,,,,,,,0,False,0.0
161000.0,0.025,0,stay,cov,4.0,0.9812192964944924,0.03004427081132042,0.03878556511060405,0.0234,True,3.307387901671545,3.4382036926674338,3.4238680561291908,3.321000437028616,0.025000000000000005,0.025000000000000005,0.1084355605375269,0.8915983303190185,3,1,3.45458984375,0.008962215477517445,0.018026172627535697,3.4465031142925153,0.013265626790707419,3.4465031142925153,0.013265626790707419,0.008037459829289391,164095.12609243393,163327.77610638508,,1,3.4465031142925153,0.02914281955980298,0.042061958487137854,0.16571278239211892,3.4465031142925153,0.02914281955980298,0.0024138830525897953,0.16571278239211892,1,False,0.0
161000.0,0.025,0,stay,cov,16.0,0.9812192964944924,0.03004427081132042,0.03878556511060405,0.0234,True,3.307387901671545,3.4382036926674338,3.4238680561291908,3.321000437028616,0.025000000000000005,0.025000000000000005,0.1084355605375269,0.8915983303190185,3,1,3.45458984375,0.008962215477517445,0.018026172627535697,3.459408500970899,0.02086815424478128,3.459408500970899,0.02086815424478128,0.008037459829289391,164095.12609243393,164553.22367810868,,1,3.459408500970899,0.00414812092001998,0.04596394611666904,-0.8340751631992009,3.459408500970899,0.00414812092001998,0.006167408972507355,-0.8340751631992009,1,False,0.0
161000.0,0.025,0,stay,data,4.0,0.9812192964944924,0.03004427081132042,0.03878556511060405,0.0234,True,3.307387901671545,3.4382036926674338,3.4238680561291908,3.321000437028616,0.025000000000000005,0.025000000000000005,0.1084355605375269,0.8915983303190185,3,1,3.45458984375,0.008962215477517445,0.018026172627535697,3.4449616622959183,0.012359461329097599,3.4449616622959183,0.012359461329097599,0.008037459829289391,164095.12609243393,163181.71175196904,,1,3.4449616622959183,0.02818658348126175,0.041595895224398695,0.1274633392504698,3.4449616622959183,0.02818658348126175,0.0019655524316075455,0.1274633392504698,1,False,0.0
161000.0,0.025,0,stay,data,16.0,0.9812192964944924,0.03004427081132042,0.03878556511060405,0.0234,True,3.307387901671545,3.4382036926674338,3.4238680561291908,3.321000437028616,0.025000000000000005,0.025000000000000005,0.1084355605375269,0.8915983303190185,3,1,3.45458984375,0.008962215477517445,0.018026172627535697,3.4534110135159857,0.01733151691999324,3.4534110135159857,0.01733151691999324,0.008037459829289391,164095.12609243393,163983.1548887607,,1,3.4534110135159857,0.02350181168408863,0.0441505853518546,-0.059927532636454964,3.4534110135159857,0.02350181168408863,0.004423042439569294,-0.059927532636454964,1,False,0.0
161000.0,0.025,0,stay2,cov,4.0,0.9812192964944924,0.03004427081132042,0.03878556511060405,0.0234,True,3.307387901671545,3.4382036926674338,3.4238680561291908,3.321000437028616,0.025000000000000005,0.025000000000000005,0.1084355605375269,0.8915983303190185,3,1,3.45458984375,0.008962215477517445,0.018026172627535697,3.4455429464212757,0.012701130229483493,3.4455429464212757,0.012701130229483493,0.008037459829289391,164095.12609243393,163236.78518995934,,1,3.4455429464212757,0.027109455117147165,0.0417716484600756,0.08437820468588637,3.4455429464212757,0.027109455117147165,0.00213461865842741,0.08437820468588637,1,False,0.0
161000.0,0.025,0,stay2,cov,16.0,0.9812192964944924,0.03004427081132042,0.03878556511060405,0.0234,True,3.307387901671545,3.4382036926674338,3.4238680561291908,3.321000437028616,0.025000000000000005,0.025000000000000005,0.1084355605375269,0.8915983303190185,3,1,3.45458984375,0.008962215477517445,0.018026172627535697,3.4562124676920503,0.018982732832558025,3.4562124676920503,0.018982732832558025,0.008037459829289391,164095.12609243393,164249.31355016213,,2,3.4562124676920503,0.0045881125555570345,0.04499761456625329,-0.8164754977777188,3.4562124676920503,0.0045881125555570345,0.00523784412861383,-0.8164754977777188,1,False,0.03371769728072954
161000.0,0.025,0,stay2,data,4.0,0.9812192964944924,0.03004427081132042,0.03878556511060405,0.0234,True,3.307387901671545,3.4382036926674338,3.4238680561291908,3.321000437028616,0.025000000000000005,0.025000000000000005,0.1084355605375269,0.8915983303190185,3,1,3.45458984375,0.008962215477517445,0.018026172627535697,3.44327791050945,0.011370106056301843,3.44327791050945,0.011370106056301843,0.008037459829289391,164095.12609243393,163022.23807378198,,1,3.44327791050945,0.027010932273829617,0.041086807135391326,0.08043729095318446,3.44327791050945,0.027010932273829617,0.001475833980644631,0.08043729095318446,1,False,0.0
161000.0,0.025,0,stay2,data,16.0,0.9812192964944924,0.03004427081132042,0.03878556511060405,0.0234,True,3.307387901671545,3.4382036926674338,3.4238680561291908,3.321000437028616,0.025000000000000005,0.025000000000000005,0.1084355605375269,0.8915983303190185,3,1,3.45458984375,0.008962215477517445,0.018026172627535697,3.4643320441857846,0.023776087934432866,3.4643320441857846,0.023776087934432866,0.008037459829289391,164095.12609243393,165021.9520451213,,1,3.4643320441857846,0.01973486170723837,0.04745259618169389,-0.2106055317104653,3.4643320441857846,0.01973486170723837,0.007599419305515274,-0.2106055317104653,1,False,0.0
161000.0,0.025,0,stay+deck,cov,4.0,0.9812192964944924,0.03004427081132042,0.03878556511060405,0.0234,True,3.307387901671545,3.4382036926674338,3.4238680561291908,3.321000437028616,0.025000000000000005,0.025000000000000005,0.1084355605375269,0.8915983303190185,3,1,3.45458984375,0.008962215477517445,0.018026172627535697,3.4535401528669554,0.017407604004742616,3.4535401528669554,0.017407604004742616,0.008037459829289391,164095.12609243393,163995.4193276343,,2,3.318201669617206,0.024489410111277962,0.0032695795797631644,-0.020423595548881703,3.4535401528669554,0.02622412544207869,0.004460602561805539,0.04896501768314742,2,True,0.03997154256542569
161000.0,0.025,0,stay+deck,cov,16.0,0.9812192964944924,0.03004427081132042,0.03878556511060405,0.0234,True,3.307387901671545,3.4382036926674338,3.4238680561291908,3.321000437028616,0.025000000000000005,0.025000000000000005,0.1084355605375269,0.8915983303190185,3,1,3.45458984375,0.008962215477517445,0.018026172627535697,3.465865064333208,0.024682361701719113,3.465865064333208,0.024682361701719113,0.008037459829289391,164095.12609243393,165168.0338572747,,2,3.3281917186166616,0.017379811658438757,0.0062901049298156415,-0.30480753366244984,3.465865064333208,0.008287071553570637,0.008045297526951935,-0.6685171378571746,2,True,0.040527581712901405
161000.0,0.025,0,stay+deck,data,4.0,0.9812192964944924,0.03004427081132042,0.03878556511060405,0.0234,True,3.307387901671545,3.4382036926674338,3.4238680561291908,3.321000437028616,0.025000000000000005,0.025000000000000005,0.1084355605375269,0.8915983303190185,3,1,3.45458984375,0.008962215477517445,0.018026172627535697,3.4516629812081576,0.01630188084180939,3.4516629812081576,0.01630188084180939,0.008037459829289391,164095.12609243393,163817.1883678383,,2,3.310719531204072,0.023024330196666665,0.001007329539677942,-0.07902679213333359,3.4516629812081576,0.024361831019701356,0.003914628027835622,-0.025526759211945967,2,True,0.041684554148005225
161000.0,0.025,0,stay+deck,data,16.0,0.9812192964944924,0.03004427081132042,0.03878556511060405,0.0234,True,3.307387901671545,3.4382036926674338,3.4238680561291908,3.321000437028616,0.025000000000000005,0.025000000000000005,0.1084355605375269,0.8915983303190185,3,1,3.45458984375,0.008962215477517445,0.018026172627535697,3.4572569730470186,0.019598721437171784,3.4572569730470186,0.019598721437171784,0.008037459829289391,164095.12609243393,164348.60444313072,,2,3.3177959400971972,0.018060041842944602,0.003146905877109914,-0.2775983262822161,3.4572569730470186,0.02689991183074142,0.005541638042044832,0.07599647322965654,2,True,0.04116898708768882
161000.0,0.025,1,stay,cov,4.0,0.9812192964944924,0.03004427081132042,0.03878556511060405,0.0234,True,3.307387901671545,3.4382036926674338,3.4238680561291908,3.321000437028616,0.025000000000000005,0.025000000000000005,0.1084355605375269,0.8915983303190185,1,1,3.466796875,0.008962215477517445,0.025233415068816933,3.4490875457304773,0.014785832809931732,3.4490875457304773,0.014785832809931732,0.008037459829289391,165256.85787200928,163572.81734905494,,1,3.4490875457304773,0.029430400112177298,0.04284337013729712,0.17721600448709168,3.4490875457304773,0.029430400112177298,0.0031655637757167267,0.17721600448709168,1,False,0.0
161000.0,0.025,1,stay,cov,16.0,0.9812192964944924,0.03004427081132042,0.03878556511060405,0.0234,True,3.307387901671545,3.4382036926674338,3.4238680561291908,3.321000437028616,0.025000000000000005,0.025000000000000005,0.1084355605375269,0.8915983303190185,1,1,3.466796875,0.008962215477517445,0.025233415068816933,3.4493837771783813,0.014960153920587471,3.4493837771783813,0.014960153920587471,0.008037459829289391,165256.85787200928,163600.91608109418,,1,3.4493837771783813,0.025264444330770353,0.0429329367248009,0.010577773230813907,3.4493837771783813,0.025264444330770353,0.0032517225593093895,0.010577773230813907,1,False,0.0
161000.0,0.025,1,stay,data,4.0,0.9812192964944924,0.03004427081132042,0.03878556511060405,0.0234,True,3.307387901671545,3.4382036926674338,3.4238680561291908,3.321000437028616,0.025000000000000005,0.025000000000000005,0.1084355605375269,0.8915983303190185,1,1,3.466796875,0.008962215477517445,0.025233415068816933,3.441159233531202,0.010125880417248823,3.441159233531202,0.010125880417248823,0.008037459829289391,165256.85787200928,162821.68196960943,,1,3.441159233531202,0.030405507956787745,0.04044621793290387,0.21622031827150953,3.441159233531202,0.030405507956787745,0.0008596177329665604,0.21622031827150953,1,False,0.0
161000.0,0.025,1,stay,data,16.0,0.9812192964944924,0.03004427081132042,0.03878556511060405,0.0234,True,3.307387901671545,3.4382036926674338,3.4238680561291908,3.321000437028616,0.025000000000000005,0.025000000000000005,0.1084355605375269,0.8915983303190185,1,1,3.466796875,0.008962215477517445,0.025233415068816933,3.448734780323365,0.014578263111622691,3.448734780323365,0.014578263111622691,0.008037459829289391,165256.85787200928,163539.35929391568,,1,3.448734780323365,0.023747644844772806,0.04273671031462135,-0.050094206209087964,3.448734780323365,0.023747644844772806,0.0030629621154763522,-0.050094206209087964,1,False,0.0
161000.0,0.025,1,stay2,cov,4.0,0.9812192964944924,0.03004427081132042,0.03878556511060405,0.0234,True,3.307387901671545,3.4382036926674338,3.4238680561291908,3.321000437028616,0.025000000000000005,0.025000000000000005,0.1084355605375269,0.8915983303190185,1,1,3.466796875,0.008962215477517445,0.025233415068816933,3.451406085850649,0.016150606791778932,3.451406085850649,0.016150606791778932,0.008037459829289391,165256.85787200928,163792.80457989482,,1,3.451406085850649,0.02259465045393829,0.04354438864165813,-0.09621398184246856,3.451406085850649,0.02259465045393829,0.0038399101284695343,-0.09621398184246856,1,False,0.0
161000.0,0.025,1,stay2,cov,16.0,0.9812192964944924,0.03004427081132042,0.03878556511060405,0.0234,True,3.307387901671545,3.4382036926674338,3.4238680561291908,3.321000437028616,0.025000000000000005,0.025000000000000005,0.1084355605375269,0.8915983303190185,1,1,3.466796875,0.008962215477517445,0.025233415068816933,3.4470681785657766,0.013597909758397142,3.4470681785657766,0.013597909758397142,0.008037459829289391,165256.85787200928,163381.33663061075,,1,3.4470681785657766,0.024485298096131234,0.04223280759527413,-0.02058807615475083,3.4470681785657766,0.024485298096131234,0.0025782317427114434,-0.02058807615475083,1,False,0.0
161000.0,0.025,1,stay2,data,4.0,0.9812192964944924,0.03004427081132042,0.03878556511060405,0.0234,True,3.307387901671545,3.4382036926674338,3.4238680561291908,3.321000437028616,0.025000000000000005,0.025000000000000005,0.1084355605375269,0.8915983303190185,1,1,3.466796875,0.008962215477517445,0.025233415068816933,3.45058736241257,0.015668572732118635,3.45058736241257,0.015668572732118635,0.008037459829289391,165256.85787200928,163715.10575256837,,1,3.45058736241257,0.020980556989918416,0.043296844820848605,-0.16077772040326355,3.45058736241257,0.020980556989918416,0.0036017847841727283,-0.16077772040326355,1,False,0.0
161000.0,0.025,1,stay2,data,16.0,0.9812192964944924,0.03004427081132042,0.03878556511060405,0.0234,True,3.307387901671545,3.4382036926674338,3.4238680561291908,3.321000437028616,0.025000000000000005,0.025000000000000005,0.1084355605375269,0.8915983303190185,1,1,3.466796875,0.008962215477517445,0.025233415068816933,3.453848271812785,0.01758915483591106,3.453848271812785,0.01758915483591106,0.008037459829289391,165256.85787200928,164024.68341468222,,1,3.453848271812785,0.02532171068061734,0.04428279188758581,0.012868427224693444,3.453848271812785,0.02532171068061734,0.004550218818831474,0.012868427224693444,1,False,0.0
161000.0,0.025,1,stay+deck,cov,4.0,0.9812192964944924,0.03004427081132042,0.03878556511060405,0.0234,True,3.307387901671545,3.4382036926674338,3.4238680561291908,3.321000437028616,0.025000000000000005,0.025000000000000005,0.1084355605375269,0.8915983303190185,1,1,3.466796875,0.008962215477517445,0.025233415068816933,3.4412953757455984,0.01020580900247614,3.4412953757455984,0.01020580900247614,0.008037459829289391,165256.85787200928,162834.56561801053,,2,3.285749299419595,0.026764825433361294,-0.006542505111364114,0.07059301733445154,3.4412953757455984,0.022843935566756658,0.000899214634885712,-0.08624257732973385,2,True,0.04624499578551819
161000.0,0.025,1,stay+deck,cov,16.0,0.9812192964944924,0.03004427081132042,0.03878556511060405,0.0234,True,3.307387901671545,3.4382036926674338,3.4238680561291908,3.321000437028616,0.025000000000000005,0.025000000000000005,0.1084355605375269,0.8915983303190185,1,1,3.466796875,0.008962215477517445,0.025233415068816933,3.446316569749583,0.01315594224869554,3.446316569749583,0.01315594224869554,0.008037459829289391,165256.85787200928,163310.09611029483,,2,3.2820973078506257,0.025648372110749253,-0.007646697204200735,0.02593488442996991,3.446316569749583,0.021433978096938602,0.0023596266560504744,-0.14264087612245607,2,True,0.04881366244299127
161000.0,0.025,1,stay+deck,data,4.0,0.9812192964944924,0.03004427081132042,0.03878556511060405,0.0234,True,3.307387901671545,3.4382036926674338,3.4238680561291908,3.321000437028616,0.025000000000000005,0.025000000000000005,0.1084355605375269,0.8915983303190185,1,1,3.466796875,0.008962215477517445,0.025233415068816933,3.4463715374817068,0.013188261582936844,3.4463715374817068,0.013188261582936844,0.008037459829289391,165256.85787200928,163315.30564750533,,2,3.2913763695579945,0.025060214009831175,-0.004841141284171157,0.0024085603932468,3.4463715374817068,0.022149785487468956,0.002375613996254022,-0.11400858050124194,2,True,0.04600800447335555
161000.0,0.025,1,stay+deck,data,16.0,0.9812192964944924,0.03004427081132042,0.03878556511060405,0.0234,True,3.307387901671545,3.4382036926674338,3.4238680561291908,3.321000437028616,0.025000000000000005,0.025000000000000005,0.1084355605375269,0.8915983303190185,1,1,3.466796875,0.008962215477517445,0.025233415068816933,3.446287846714151,0.013139054193191058,3.446287846714151,0.013139054193191058,0.008037459829289391,165256.85787200928,163307.37393313283,,2,3.281324545026145,0.022705891519052123,-0.007880344676905814,-0.09176433923791526,3.446287846714151,0.018397050459725596,0.0023512725740939154,-0.2641179816109763,2,True,0.04904066764920554
161000.0,0.025,2,stay,cov,4.0,0.9812192964944924,0.03004427081132042,0.03878556511060405,0.0234,True,3.307387901671545,3.4382036926674338,3.4238680561291908,3.321000437028616,0.025000000000000005,0.025000000000000005,0.1084355605375269,0.8915983303190185,2,1,3.466796875,0.008962215477517445,0.025233415068816933,3.4560517453709227,0.018887964664447976,3.4560517453709227,0.018887964664447976,0.008037459829289391,165256.85787200928,164234.03791686927,,1,3.4560517453709227,0.02516548310910336,0.04494901962489601,0.006619324364134232,3.4560517453709227,0.02516548310910336,0.005191098113690316,0.006619324364134232,1,False,0.0
161000.0,0.025,2,stay,cov,16.0,0.9812192964944924,0.03004427081132042,0.03878556511060405,0.0234,True,3.307387901671545,3.4382036926674338,3.4238680561291908,3.321000437028616,0.025000000000000005,0.025000000000000005,0.1084355605375269,0.8915983303190185,2,1,3.466796875,0.008962215477517445,0.025233415068816933,3.460551302965598,0.0215427452113095,3.460551302965598,0.0215427452113095,0.008037459829289391,165256.85787200928,164661.96065628235,,1,3.460551302965598,0.023313083956893604,0.04630947619317495,-0.067476641724256,3.460551302965598,0.023313083956893604,0.006499792419461506,-0.067476641724256,1,False,0.0
161000.0,0.025,2,stay,data,4.0,0.9812192964944924,0.03004427081132042,0.03878556511060405,0.0234,True,3.307387901671545,3.4382036926674338,3.4238680561291908,3.321000437028616,0.025000000000000005,0.025000000000000005,0.1084355605375269,0.8915983303190185,2,1,3.466796875,0.008962215477517445,0.025233415068816933,3.454051578801958,0.017708956900143846,3.454051578801958,0.017708956900143846,0.008037459829289391,165256.85787200928,164043.99424908412,,1,3.454051578801958,0.026139800598671936,0.044344262448408264,0.045592023946877246,3.454051578801958,0.026139800598671936,0.004609350565332338,0.045592023946877246,1,False,0.0
161000.0,0.025,2,stay,data,16.0,0.9812192964944924,0.03004427081132042,0.03878556511060405,0.0234,True,3.307387901671545,3.4382036926674338,3.4238680561291908,3.321000437028616,0.025000000000000005,0.025000000000000005,0.1084355605375269,0.8915983303190185,2,1,3.466796875,0.008962215477517445,0.025233415068816933,3.4525022339389566,0.016796157268309075,3.4525022339389566,0.016796157268309075,0.008037459829289391,165256.85787200928,163896.86053611044,,1,3.4525022339389566,0.023282770256859663,0.04387581275062154,-0.06868918972561365,3.4525022339389566,0.023282770256859663,0.004158724307700844,-0.06868918972561365,1,False,0.0
161000.0,0.025,2,stay2,cov,4.0,0.9812192964944924,0.03004427081132042,0.03878556511060405,0.0234,True,3.307387901671545,3.4382036926674338,3.4238680561291908,3.321000437028616,0.025000000000000005,0.025000000000000005,0.1084355605375269,0.8915983303190185,2,1,3.466796875,0.008962215477517445,0.025233415068816933,3.455365536984318,0.018483398930553063,3.455365536984318,0.018483398930553063,0.008037459829289391,165256.85787200928,164168.8261699602,,1,3.455365536984318,0.024198528141469586,0.044741542181364814,-0.03205887434121673,3.455365536984318,0.024198528141469586,0.004991514712605533,-0.03205887434121673,1,False,0.0
161000.0,0.025,2,stay2,cov,16.0,0.9812192964944924,0.03004427081132042,0.03878556511060405,0.0234,True,3.307387901671545,3.4382036926674338,3.4238680561291908,3.321000437028616,0.025000000000000005,0.025000000000000005,0.1084355605375269,0.8915983303190185,2,1,3.466796875,0.008962215477517445,0.025233415068816933,3.447409750612838,0.013798795756821303,3.447409750612838,0.013798795756821303,0.008037459829289391,165256.85787200928,163413.71734353146,,1,3.447409750612838,0.0220946446517741,0.042336083067403905,-0.11621421392903616,3.447409750612838,0.0220946446517741,0.0026775778192076917,-0.11621421392903616,1,False,0.0
161000.0,0.025,2,stay2,data,4.0,0.9812192964944924,0.03004427081132042,0.03878556511060405,0.0234,True,3.307387901671545,3.4382036926674338,3.4238680561291908,3.321000437028616,0.025000000000000005,0.025000000000000005,0.1084355605375269,0.8915983303190185,2,1,3.466796875,0.008962215477517445,0.025233415068816933,3.4557066957031135,0.018684524768549204,3.4557066957031135,0.018684524768549204,0.008037459829289391,165256.85787200928,164201.24554250078,,1,3.4557066957031135,0.024935987999235788,0.04484469268228524,-0.00256048003056869,3.4557066957031135,0.024935987999235788,0.005090740572761278,-0.00256048003056869,1,False,0.0
161000.0,0.025,2,stay2,data,16.0,0.9812192964944924,0.03004427081132042,0.03878556511060405,0.0234,True,3.307387901671545,3.4382036926674338,3.4238680561291908,3.321000437028616,0.025000000000000005,0.025000000000000005,0.1084355605375269,0.8915983303190185,2,1,3.466796875,0.008962215477517445,0.025233415068816933,3.467319037034673,0.02554227555363875,3.467319037034673,0.02554227555363875,0.008037459829289391,165256.85787200928,165306.64293801694,,1,3.467319037034673,0.027184249318458885,0.048355723645931985,0.08736997273835519,3.467319037034673,0.027184249318458885,0.008468184834229774,0.08736997273835519,1,False,0.0
161000.0,0.025,2,stay+deck,cov,4.0,0.9812192964944924,0.03004427081132042,0.03878556511060405,0.0234,True,3.307387901671545,3.4382036926674338,3.4238680561291908,3.321000437028616,0.025000000000000005,0.025000000000000005,0.1084355605375269,0.8915983303190185,2,1,3.466796875,0.008962215477517445,0.025233415068816933,3.4593693697017276,0.02084505917486723,3.4593693697017276,0.02084505917486723,0.008037459829289391,165256.85787200928,164549.50099541977,,2,3.307774225598386,0.024399312514038325,0.00011680635544620531,-0.024027499438467183,3.4593693697017276,0.022862909493471743,0.006156027660441794,-0.08548362026113045,2,True,0.04480328870474296
161000.0,0.025,2,stay+deck,cov,16.0,0.9812192964944924,0.03004427081132042,0.03878556511060405,0.0234,True,3.307387901671545,3.4382036926674338,3.4238680561291908,3.321000437028616,0.025000000000000005,0.025000000000000005,0.1084355605375269,0.8915983303190185,2,1,3.466796875,0.008962215477517445,0.025233415068816933,3.4685228540500845,0.02625451434230297,3.4685228540500845,0.02625451434230297,0.008037459829289391,165256.85787200928,165421.44834968148,,2,3.3270798323112363,0.019803631337448953,0.005953922317288271,-0.20785474650204205,3.4685228540500845,0.02400798196370169,0.008818314472557766,-0.039680721451932625,2,True,0.041627807941957064
161000.0,0.025,2,stay+deck,data,4.0,0.9812192964944924,0.03004427081132042,0.03878556511060405,0.0234,True,3.307387901671545,3.4382036926674338,3.4238680561291908,3.321000437028616,0.025000000000000005,0.025000000000000005,0.1084355605375269,0.8915983303190185,2,1,3.466796875,0.008962215477517445,0.025233415068816933,3.4583481931584457,0.020242458495821625,3.4583481931584457,0.020242458495821625,0.008037459829289391,165256.85787200928,164452.36809543142,,2,3.313812111207879,0.02295112452548354,0.0019423816399301904,-0.08195501898065864,3.4583481931584457,0.024299127356376016,0.0058590189214133975,-0.028034905744959558,2,True,0.0426853693517496
161000.0,0.025,2,stay+deck,data,16.0,0.9812192964944924,0.03004427081132042,0.03878556511060405,0.0234,True,3.307387901671545,3.4382036926674338,3.4238680561291908,3.321000437028616,0.025000000000000005,0.025000000000000005,0.1084355605375269,0.8915983303190185,2,1,3.466796875,0.008962215477517445,0.025233415068816933,3.4609097961251134,0.02175440804950224,3.4609097961251134,0.02175440804950224,0.008037459829289391,165256.85787200928,164696.07848257816,,2,3.3231735257701214,0.01805397509334273,0.0047728372261985124,-0.277840996266291,3.4609097961251134,0.023289363056189654,0.006604059993916113,-0.06842547775241402,2,True,0.04060571305498452
143000.0,0.03,0,stay,cov,4.0,0.7798270353081969,-0.029116878236242406,0.03662616741848772,0.0234,True,3.2143680165328425,3.3342942161841527,3.227039131571072,3.321000437028616,0.03,0.03,0.8920454116169482,0.10800325065756017,2,1,3.1982421875,-0.00880964949691787,-0.017767653928491334,,,,,-0.008237540487975037,140645.3549861908,,,0,,,,,,,,,0,False,0.0
143000.0,0.03,0,stay,cov,16.0,0.7798270353081969,-0.029116878236242406,0.03662616741848772,0.0234,True,3.2143680165328425,3.3342942161841527,3.227039131571072,3.321000437028616,0.03,0.03,0.8920454116169482,0.10800325065756017,2,1,3.1982421875,-0.00880964949691787,-0.017767653928491334,3.199144783702079,-0.017213171663619242,3.199144783702079,-0.017213171663619242,-0.008237540487975037,140645.3549861908,140724.75102246305,,2,3.199144783702079,0.00804149142744397,-0.004735995614834348,-0.7319502857518676,3.2808934237467313,0.02844425147344785,-0.01601562099055989,-0.051858284218404944,1,False,0.02523091297538399
143000.0,0.03,0,stay,data,4.0,0.7798270353081969,-0.029116878236242406,0.03662616741848772,0.0234,True,3.2143680165328425,3.3342942161841527,3.227039131571072,3.321000437028616,0.03,0.03,0.8920454116169482,0.10800325065756017,2,1,3.1982421875,-0.00880964949691787,-0.017767653928491334,,,,,-0.008237540487975037,140645.3549861908,,,0,,,,,,,,,0,False,0.0
143000.0,0.03,0,stay,data,16.0,0.7798270353081969,-0.029116878236242406,0.03662616741848772,0.0234,True,3.2143680165328425,3.3342942161841527,3.227039131571072,3.321000437028616,0.03,0.03,0.8920454116169482,0.10800325065756017,2,1,3.1982421875,-0.00880964949691787,-0.017767653928491334,3.201926934365186,-0.015503058403794734,3.201926934365186,-0.015503058403794734,-0.008237540487975037,140645.3549861908,140969.62127893203,,2,3.201926934365186,0.0065528256089384136,-0.00387045979292567,-0.7815724797020529,3.2707247092497838,0.032414632950597974,-0.019065356208163117,0.08048776501993252,1,False,0.021257987814766538
143000.0,0.03,0,stay2,cov,4.0,0.7798270353081969,-0.029116878236242406,0.03662616741848772,0.0234,True,3.2143680165328425,3.3342942161841527,3.227039131571072,3.321000437028616,0.03,0.03,0.8920454116169482,0.10800325065756017,2,1,3.1982421875,-0.00880964949691787,-0.017767653928491334,3.231617634626172,0.002839600540389675,3.231617634626172,0.002839600540389675,-0.008237540487975037,140645.3549861908,143596.09737586926,,1,3.231617634626172,0.04094292780944156,0.005366410443548299,0.3647642603147187,3.231617634626172,0.04094292780944156,-0.030794097611303847,0.3647642603147187,1,False,0.0
143000.0,0.03,0,stay2,cov,16.0,0.7798270353081969,-0.029116878236242406,0.03662616741848772,0.0234,True,3.2143680165328425,3.3342942161841527,3.227039131571072,3.321000437028616,0.03,0.03,0.8920454116169482,0.10800325065756017,2,1,3.1982421875,-0.00880964949691787,-0.017767653928491334,3.243483694232003,0.01021770213621731,3.243483694232003,0.01021770213621731,-0.008237540487975037,140645.3549861908,144652.5640277971,,2,3.243483694232003,0.021907751538169887,0.00905797890888853,-0.2697416153943371,3.243483694232003,0.021907751538169887,-0.027235305604217358,-0.2697416153943371,1,False,0.08921558687093628
143000.0,0.03,0,stay2,data,4.0,0.7798270353081969,-0.029116878236242406,0.03662616741848772,0.0234,True,3.2143680165328425,3.3342942161841527,3.227039131571072,3.321000437028616,0.03,0.03,0.8920454116169482,0.10800325065756017,2,1,3.1982421875,-0.00880964949691787,-0.017767653928491334,,,,,-0.008237540487975037,140645.3549861908,,,0,,,,,,,,,0,False,0.0
143000.0,0.03,0,stay2,data,16.0,0.7798270353081969,-0.029116878236242406,0.03662616741848772,0.0234,True,3.2143680165328425,3.3342942161841527,3.227039131571072,3.321000437028616,0.03,0.03,0.8920454116169482,0.10800325065756017,2,1,3.1982421875,-0.00880964949691787,-0.017767653928491334,3.206389699072588,-0.012756812081085034,3.206389699072588,-0.012756812081085034,-0.008237540487975037,140645.3549861908,141362.85490688353,,2,3.206389699072588,0.006764203503543986,-0.002482079655851084,-0.7745265498818671,3.2780514999645316,0.0362301055088364,-0.016867952428021363,0.20767018362788012,1,False,0.02210269125505672
143000.0,0.03,0,stay+deck,cov,4.0,0.7798270353081969,-0.029116878236242406,0.03662616741848772,0.0234,True,3.2143680165328425,3.3342942161841527,3.227039131571072,3.321000437028616,0.03,0.03,0.8920454116169482,0.10800325065756017,2,1,3.1982421875,-0.00880964949691787,-0.017767653928491334,,,,,-0.008237540487975037,140645.3549861908,,,0,,,,,,,,,0,False,0.0
143000.0,0.03,0,stay+deck,cov,16.0,0.7798270353081969,-0.029116878236242406,0.03662616741848772,0.0234,True,3.2143680165328425,3.3342942161841527,3.227039131571072,3.321000437028616,0.03,0.03,0.8920454116169482,0.10800325065756017,2,1,3.1982421875,-0.00880964949691787,-0.017767653928491334,3.3202398006229275,0.05859646408249586,3.3202398006229275,0.05859646408249586,-0.008237540487975037,140645.3549861908,151579.89458755794,,1,3.3202398006229275,0.018242261417577822,0.03293704502581594,-0.3919246194140726,3.3202398006229275,0.018242261417577822,-0.004215109600408759,-0.3919246194140726,1,False,0.0
143000.0,0.03,0,stay+deck,data,4.0,0.7798270353081969,-0.029116878236242406,0.03662616741848772,0.0234,True,3.2143680165328425,3.3342942161841527,3.227039131571072,3.321000437028616,0.03,0.03,0.8920454116169482,0.10800325065756017,2,1,3.1982421875,-0.00880964949691787,-0.017767653928491334,,,,,-0.008237540487975037,140645.3549861908,,,0,,,,,,,,,0,False,0.0
143000.0,0.03,0,stay+deck,data,16.0,0.7798270353081969,-0.029116878236242406,0.03662616741848772,0.0234,True,3.2143680165328425,3.3342942161841527,3.227039131571072,3.321000437028616,0.03,0.03,0.8920454116169482,0.10800325065756017,2,1,3.1982421875,-0.00880964949691787,-0.017767653928491334,,,,,-0.008237540487975037,140645.3549861908,,,0,,,,,,,,,0,False,0.0
143000.0,0.03,1,stay,cov,4.0,0.7798270353081969,-0.029116878236242406,0.03662616741848772,0.0234,True,3.2143680165328425,3.3342942161841527,3.227039131571072,3.321000437028616,0.03,0.03,0.8920454116169482,0.10800325065756017,1,1,3.21044921875,-0.00880964949691787,-0.010255388010311561,3.2135864750513017,-0.008320082727552247,3.2135864750513017,-0.008320082727552247,-0.008237540487975037,141721.03255987167,141998.14794869893,,1,3.2135864750513017,0.0279940396904517,-0.00024314001306666316,-0.06686534365160993,3.2135864750513017,0.0279940396904517,-0.03620188660825254,-0.06686534365160993,1,False,0.0
143000.0,0.03,1,stay,cov,16.0,0.7798270353081969,-0.029116878236242406,0.03662616741848772,0.0234,True,3.2143680165328425,3.3342942161841527,3.227039131571072,3.321000437028616,0.03,0.03,0.8920454116169482,0.10800325065756017,1,1,3.21044921875,-0.00880964949691787,-0.010255388010311561,3.2181892027929653,-0.005477338986538127,3.2181892027929653,-0.005477338986538127,-0.008237540487975037,141721.03255987167,142405.1989933818,,1,3.2181892027929653,0.024081407241850955,0.0011887830641882852,-0.1972864252716348,3.2181892027929653,0.024081407241850955,-0.03482146621243904,-0.1972864252716348,1,False,0.0
143000.0,0.03,1,stay,data,4.0,0.7798270353081969,-0.029116878236242406,0.03662616741848772,0.0234,True,3.2143680165328425,3.3342942161841527,3.227039131571072,3.321000437028616,0.03,0.03,0.8920454116169482,0.10800325065756017,1,1,3.21044921875,-0.00880964949691787,-0.010255388010311561,3.2159643011818764,-0.006851994141253703,3.2159643011818764,-0.006851994141253703,-0.008237540487975037,141721.03255987167,142208.36281404822,,1,3.2159643011818764,0.027388189897658413,0.0004966091750613087,-0.08706033674471952,3.2159643011818764,0.027388189897658413,-0.03548874434293202,-0.08706033674471952,1,False,0.0
143000.0,0.03,1,stay,data,16.0,0.7798270353081969,-0.029116878236242406,0.03662616741848772,0.0234,True,3.2143680165328425,3.3342942161841527,3.227039131571072,3.321000437028616,0.03,0.03,0.8920454116169482,0.10800325065756017,1,1,3.21044921875,-0.00880964949691787,-0.010255388010311561,3.2204505714288785,-0.004079178485080992,3.2204505714288785,-0.004079178485080992,-0.008237540487975037,141721.03255987167,142605.40089147812,,1,3.2204505714288785,0.027466737906212145,0.0018923019594367539,-0.08444206979292847,3.2204505714288785,0.027466737906212145,-0.03414325112723845,-0.08444206979292847,1,False,0.0
143000.0,0.03,1,stay2,cov,4.0,0.7798270353081969,-0.029116878236242406,0.03662616741848772,0.0234,True,3.2143680165328425,3.3342942161841527,3.227039131571072,3.321000437028616,0.03,0.03,0.8920454116169482,0.10800325065756017,1,1,3.21044921875,-0.00880964949691787,-0.010255388010311561,3.2231484078631074,-0.002409873631771031,3.2231484078631074,-0.002409873631771031,-0.008237540487975037,141721.03255987167,142844.42781276917,,1,3.2231484078631074,0.02740371490359719,0.0027316073595505044,-0.08654283654676033,3.2231484078631074,0.02740371490359719,-0.03333413343716357,-0.08654283654676033,1,False,0.0
143000.0,0.03,1,stay2,cov,16.0,0.7798270353081969,-0.029116878236242406,0.03662616741848772,0.0234,True,3.2143680165328425,3.3342942161841527,3.227039131571072,3.321000437028616,0.03,0.03,0.8920454116169482,0.10800325065756017,1,1,3.21044921875,-0.00880964949691787,-0.010255388010311561,3.2235824917233975,-0.002141150707258954,3.2235824917233975,-0.002141150707258954,-0.008237540487975037,141721.03255987167,142882.90611300236,,2,3.2235824917233975,0.02387479935585016,0.002866652213797876,-0.20417335480499463,3.3076906026175052,0.008579643289945801,-0.007978784066960126,-0.7140118903351399,2,True,0.02575550269578658
143000.0,0.03,1,stay2,data,4.0,0.7798270353081969,-0.029116878236242406,0.03662616741848772,0.0234,True,3.2143680165328425,3.3342942161841527,3.227039131571072,3.321000437028616,0.03,0.03,0.8920454116169482,0.10800325065756017,1,1,3.21044921875,-0.00880964949691787,-0.010255388010311561,3.222392664609905,-0.002877635909310894,3.222392664609905,-0.002877635909310894,-0.008237540487975037,141721.03255987167,142777.4491678112,,1,3.222392664609905,0.02710225474148526,0.002496493256462347,-0.09659150861715793,3.222392664609905,0.02710225474148526,-0.033560791075692924,-0.09659150861715793,1,False,0.0
143000.0,0.03,1,stay2,data,16.0,0.7798270353081969,-0.029116878236242406,0.03662616741848772,0.0234,True,3.2143680165328425,3.3342942161841527,3.227039131571072,3.321000437028616,0.03,0.03,0.8920454116169482,0.10800325065756017,1,1,3.21044921875,-0.00880964949691787,-0.010255388010311561,3.2225174177420515,-0.0028004283440477007,3.2225174177420515,-0.0028004283440477007,-0.008237540487975037,141721.03255987167,142788.50448019986,,1,3.2225174177420515,0.020700409222833345,0.0025353043482554396,-0.30998635923888845,3.2225174177420515,0.020700409222833345,-0.03352337592152299,-0.30998635923888845,1,False,0.0
143000.0,0.03,1,stay+deck,cov,4.0,0.7798270353081969,-0.029116878236242406,0.03662616741848772,0.0234,True,3.2143680165328425,3.3342942161841527,3.227039131571072,3.321000437028616,0.03,0.03,0.8920454116169482,0.10800325065756017,1,1,3.21044921875,-0.00880964949691787,-0.010255388010311561,3.224798722103019,-0.0013880412734820213,3.224798722103019,-0.0013880412734820213,-0.008237540487975037,141721.03255987167,142990.74347356238,,2,3.224798722103019,0.01928995555079095,0.0032450253102715536,-0.3570014816403017,3.374978537788804,0.03711026501460233,0.012201779137298701,0.2370088338200777,1,False,0.045510570969859304
143000.0,0.03,1,stay+deck,cov,16.0,0.7798270353081969,-0.029116878236242406,0.03662616741848772,0.0234,True,3.2143680165328425,3.3342942161841527,3.227039131571072,3.321000437028616,0.03,0.03,0.8920454116169482,0.10800325065756017,1,1,3.21044921875,-0.00880964949691787,-0.010255388010311561,3.215456000084166,-0.007165914495850578,3.215456000084166,-0.007165914495850578,-0.008237540487975037,141721.03255987167,142163.4127165624,,2,3.215456000084166,0.017528206133906994,0.00033847510481923703,-0.41572646220310017,3.3654493275341153,0.02936588513011011,0.009343839904331326,-0.021137162329662916,2,True,0.0455844051791682
143000.0,0.03,1,stay+deck,data,4.0,0.7798270353081969,-0.029116878236242406,0.03662616741848772,0.0234,True,3.2143680165328425,3.3342942161841527,3.227039131571072,3.321000437028616,0.03,0.03,0.8920454116169482,0.10800325065756017,1,1,3.21044921875,-0.00880964949691787,-0.010255388010311561,3.225865869907353,-0.0007270121825235787,3.225865869907353,-0.0007270121825235787,-0.008237540487975037,141721.03255987167,143085.39589620545,,2,3.225865869907353,0.020595017171440112,0.0035770183486682917,-0.3134994276186629,3.372347197559481,0.039759370854787264,0.011412604559797153,0.3253123618262422,1,False,0.04440030237106752
143000.0,0.03,1,stay+deck,data,16.0,0.7798270353081969,-0.029116878236242406,0.03662616741848772,0.0234,True,3.2143680165328425,3.3342942161841527,3.227039131571072,3.321000437028616,0.03,0.03,0.8920454116169482,0.10800325065756017,1,1,3.21044921875,-0.00880964949691787,-0.010255388010311561,3.2181056958707486,-0.005528950898554985,3.2181056958707486,-0.005528950898554985,-0.008237540487975037,141721.03255987167,142397.80870969163,,2,3.2181056958707486,0.014669625753678856,0.0011628037980348168,-0.5110124748773714,3.3657851172071487,0.025886538926377493,0.009444547775701377,-0.1371153691207502,2,True,0.04486083549352229
143000.0,0.03,2,stay,cov,4.0,0.7798270353081969,-0.029116878236242406,0.03662616741848772,0.0234,True,3.2143680165328425,3.3342942161841527,3.227039131571072,3.321000437028616,0.03,0.03,0.8920454116169482,0.10800325065756017,2,2,3.16162109375,-0.00880964949691787,-0.040132742747758576,,,,,-0.008237540487975037,137442.909181118,,,0,,,,,,,,,0,False,0.0
143000.0,0.03,2,stay,cov,16.0,0.7798270353081969,-0.029116878236242406,0.03662616741848772,0.0234,True,3.2143680165328425,3.3342942161841527,3.227039131571072,3.321000437028616,0.03,0.03,0.8920454116169482,0.10800325065756017,2,2,3.16162109375,-0.00880964949691787,-0.040132742747758576,,,,,-0.008237540487975037,137442.909181118,,,0,,,,,,,,,0,False,0.0
143000.0,0.03,2,stay,data,4.0,0.7798270353081969,-0.029116878236242406,0.03662616741848772,0.0234,True,3.2143680165328425,3.3342942161841527,3.227039131571072,3.321000437028616,0.03,0.03,0.8920454116169482,0.10800325065756017,2,2,3.16162109375,-0.00880964949691787,-0.040132742747758576,,,,,-0.008237540487975037,137442.909181118,,,0,,,,,,,,,0,False,0.0
143000.0,0.03,2,stay,data,16.0,0.7798270353081969,-0.029116878236242406,0.03662616741848772,0.0234,True,3.2143680165328425,3.3342942161841527,3.227039131571072,3.321000437028616,0.03,0.03,0.8920454116169482,0.10800325065756017,2,2,3.16162109375,-0.00880964949691787,-0.040132742747758576,3.2068272777543454,-0.012487333888627439,3.2068272777543454,-0.012487333888627439,-0.008237540487975037,137442.909181118,141401.4413535535,,1,3.2068272777543454,0.038226230254172,-0.002345947551653067,0.2742076751390668,3.2068272777543454,0.038226230254172,-0.0382290614340817,0.2742076751390668,1,False,0.0
143000.0,0.03,2,stay2,cov,4.0,0.7798270353081969,-0.029116878236242406,0.03662616741848772,0.0234,True,3.2143680165328425,3.3342942161841527,3.227039131571072,3.321000437028616,0.03,0.03,0.8920454116169482,0.10800325065756017,2,2,3.16162109375,-0.00880964949691787,-0.040132742747758576,3.2089059474052535,-0.011206704957545943,3.2089059474052535,-0.011206704957545943,-0.008237540487975037,137442.909181118,141584.8139652761,,1,3.2089059474052535,0.040049421348119334,-0.001699266885277402,0.33498071160397785,3.2089059474052535,0.040049421348119334,-0.03760564024922689,0.33498071160397785,1,False,0.0
143000.0,0.03,2,stay2,cov,16.0,0.7798270353081969,-0.029116878236242406,0.03662616741848772,0.0234,True,3.2143680165328425,3.3342942161841527,3.227039131571072,3.321000437028616,0.03,0.03,0.8920454116169482,0.10800325065756017,2,2,3.16162109375,-0.00880964949691787,-0.040132742747758576,3.157248904952527,-0.042785697629769026,3.2167854573998262,-0.006344753574124562,-0.008237540487975037,137442.909181118,137063.03390757905,,2,3.2167854573998262,0.044390983312321323,0.0007520734572238736,0.47969944374404416,3.2167854573998262,0.044390983312321323,-0.03524246847022586,0.47969944374404416,1,False,0.018680963754744158
143000.0,0.03,2,stay2,data,4.0,0.7798270353081969,-0.029116878236242406,0.03662616741848772,0.0234,True,3.2143680165328425,3.3342942161841527,3.227039131571072,3.321000437028616,0.03,0.03,0.8920454116169482,0.10800325065756017,2,2,3.16162109375,-0.00880964949691787,-0.040132742747758576,,,,,-0.008237540487975037,137442.909181118,,,0,,,,,,,,,0,False,0.0
143000.0,0.03,2,stay2,data,16.0,0.7798270353081969,-0.029116878236242406,0.03662616741848772,0.0234,True,3.2143680165328425,3.3342942161841527,3.227039131571072,3.321000437028616,0.03,0.03,0.8920454116169482,0.10800325065756017,2,2,3.16162109375,-0.00880964949691787,-0.040132742747758576,3.270415495208447,0.02706374750365792,3.270415495208447,0.02706374750365792,-0.008237540487975037,137442.909181118,147064.74078036827,,1,3.270415495208447,0.042184396984376,0.017436546900457185,0.4061465661458668,3.270415495208447,0.042184396984376,-0.019158093687608062,0.4061465661458668,0,False,0.0
143000.0,0.03,2,stay+deck,cov,4.0,0.7798270353081969,-0.029116878236242406,0.03662616741848772,0.0234,True,3.2143680165328425,3.3342942161841527,3.227039131571072,3.321000437028616,0.03,0.03,0.8920454116169482,0.10800325065756017,2,2,3.16162109375,-0.00880964949691787,-0.040132742747758576,3.318459009881544,0.05746122485050065,3.318459009881544,0.05746122485050065,-0.008237540487975037,137442.909181118,151417.34025362995,,1,3.318459009881544,0.028241226547071972,0.03238303542510306,-0.058625781764267554,3.318459009881544,0.028241226547071972,-0.0047491928653887695,-0.058625781764267554,1,False,0.0
143000.0,0.03,2,stay+deck,cov,16.0,0.7798270353081969,-0.029116878236242406,0.03662616741848772,0.0234,True,3.2143680165328425,3.3342942161841527,3.227039131571072,3.321000437028616,0.03,0.03,0.8920454116169482,0.10800325065756017,2,2,3.16162109375,-0.00880964949691787,-0.040132742747758576,3.147206197099138,-0.04886550643121579,3.147206197099138,-0.04886550643121579,-0.008237540487975037,137442.909181118,136192.46914706426,,2,3.147206197099138,0.0038043768216865803,-0.020894253267909297,-0.873187439277114,3.4274293267850453,0.00533244166185008,0.027932481227610058,-0.8222519446049973,0,False,0.08524370017711831
143000.0,0.03,2,stay+deck,data,4.0,0.7798270353081969,-0.029116878236242406,0.03662616741848772,0.0234,True,3.2143680165328425,3.3342942161841527,3.227039131571072,3.321000437028616,0.03,0.03,0.8920454116169482,0.10800325065756017,2,2,3.16162109375,-0.00880964949691787,-0.040132742747758576,,,,,-0.008237540487975037,137442.909181118,,,0,,,,,,,,,0,False,0.0
143000.0,0.03,2,stay+deck,data,16.0,0.7798270353081969,-0.029116878236242406,0.03662616741848772,0.0234,True,3.2143680165328425,3.3342942161841527,3.227039131571072,3.321000437028616,0.03,0.03,0.8920454116169482,0.10800325065756017,2,2,3.16162109375,-0.00880964949691787,-0.040132742747758576,3.163229552608967,-0.039155839017024685,3.163229552608967,-0.039155839017024685,-0.008237540487975037,137442.909181118,137582.79153435744,,1,3.163229552608967,0.02180734260641301,-0.015909336971015486,-0.27308857978623297,3.163229552608967,0.02180734260641301,-0.05130460975665079,-0.27308857978623297,0,False,0.0
147000.0,0.03,0,stay,cov,4.0,0.5218535440624987,-0.015036997071102938,0.027464172230485424,0.0234,True,3.251453429339181,3.3419952341831007,3.27180235460519,3.321000437028616,0.03,0.03,0.7725174835975883,0.22752755999503582,1,1,3.30810546875,-0.01089924683434229,0.022314623807194955,,,,,-0.012777950006257434,150473.9746451378,,,0,,,,,,,,,0,False,0.0
147000.0,0.03,0,stay,cov,16.0,0.5218535440624987,-0.015036997071102938,0.027464172230485424,0.0234,True,3.251453429339181,3.3419952341831007,3.27180235460519,3.321000437028616,0.03,0.03,0.7725174835975883,0.22752755999503582,1,1,3.30810546875,-0.01089924683434229,0.022314623807194955,3.303078105247877,0.019209739780190693,3.2013562930400643,-0.042598945417920975,-0.012777950006257434,150473.9746451378,150016.9683288087,,2,3.2013562930400643,0.0072646505506946315,-0.01540761305300262,-0.7578449816435122,3.303078105247877,0.02834810136386877,-0.011644878645297235,-0.055063287871041,0,False,0.03127768103390731
147000.0,0.03,0,stay,data,4.0,0.5218535440624987,-0.015036997071102938,0.027464172230485424,0.0234,True,3.251453429339181,3.3419952341831007,3.27180235460519,3.321000437028616,0.03,0.03,0.7725174835975883,0.22752755999503582,1,1,3.30810546875,-0.01089924683434229,0.022314623807194955,,,,,-0.012777950006257434,150473.9746451378,,,0,,,,,,,,,0,False,0.0
147000.0,0.03,0,stay,data,16.0,0.5218535440624987,-0.015036997071102938,0.027464172230485424,0.0234,True,3.251453429339181,3.3419952341831007,3.27180235460519,3.321000437028616,0.03,0.03,0.7725174835975883,0.22752755999503582,1,1,3.30810546875,-0.01089924683434229,0.022314623807194955,3.306808844573965,0.02151338086581389,3.201461037831669,-0.04253629421303495,-0.012777950006257434,150473.9746451378,150356.04010009827,,2,3.201461037831669,0.006921254881262323,-0.015375398293086467,-0.7692915039579226,3.306808844573965,0.029983492286367326,-0.010528557685910744,-0.000550257121089091,0,False,0.03237352127240204
147000.0,0.03,0,stay2,cov,4.0,0.5218535440624987,-0.015036997071102938,0.027464172230485424,0.0234,True,3.251453429339181,3.3419952341831007,3.27180235460519,3.321000437028616,0.03,0.03,0.7725174835975883,0.22752755999503582,1,1,3.30810546875,-0.01089924683434229,0.022314623807194955,3.280670650454328,0.0054283931283320985,3.280670650454328,0.0054283931283320985,-0.012777950006257434,150473.9746451378,147988.49885534582,,1,3.280670650454328,0.03806864560181655,0.00898589561563709,0.26895485339388514,3.280670650454328,0.03806864560181655,-0.01834969215441226,0.26895485339388514,1,False,0.0
147000.0,0.03,0,stay2,cov,16.0,0.5218535440624987,-0.015036997071102938,0.027464172230485424,0.0234,True,3.251453429339181,3.3419952341831007,3.27180235460519,3.321000437028616,0.03,0.03,0.7725174835975883,0.22752755999503582,1,1,3.30810546875,-0.01089924683434229,0.022314623807194955,3.3044809126735557,0.02007563428953163,3.207292671665095,-0.039044973801008354,-0.012777950006257434,150473.9746451378,150144.41890557803,,3,3.207292671665095,0.003981688402237226,-0.013581851511574946,-0.8672770532587591,3.3044809126735557,0.029707065836795804,-0.011225127171288391,-0.009764472106806496,0,False,0.10112434153906599
147000.0,0.03,0,stay2,data,4.0,0.5218535440624987,-0.015036997071102938,0.027464172230485424,0.0234,True,3.251453429339181,3.3419952341831007,3.27180235460519,3.321000437028616,0.03,0.03,0.7725174835975883,0.22752755999503582,1,1,3.30810546875,-0.01089924683434229,0.022314623807194955,,,,,-0.012777950006257434,150473.9746451378,,,0,,,,,,,,,0,False,0.0
147000.0,0.03,0,stay2,data,16.0,0.5218535440624987,-0.015036997071102938,0.027464172230485424,0.0234,True,3.251453429339181,3.3419952341831007,3.27180235460519,3.321000437028616,0.03,0.03,0.7725174835975883,0.22752755999503582,1,1,3.30810546875,-0.01089924683434229,0.022314623807194955,3.2030208828299123,-0.04160305854848778,3.2030208828299123,-0.04160305854848778,-0.012777950006257434,150473.9746451378,141065.963167862,,2,3.2030208828299123,0.0042764548113552875,-0.014895660528993606,-0.857451506288157,3.3164020218778973,0.03253945976936557,-0.007658063675084582,0.0846486589788524,1,False,0.03478256916455296
147000.0,0.03,0,stay+deck,cov,4.0,0.5218535440624987,-0.015036997071102938,0.027464172230485424,0.0234,True,3.251453429339181,3.3419952341831007,3.27180235460519,3.321000437028616,0.03,0.03,0.7725174835975883,0.22752755999503582,1,1,3.30810546875,-0.01089924683434229,0.022314623807194955,3.2326877039637085,-0.023767231078177242,3.2326877039637085,-0.023767231078177242,-0.012777950006257434,150473.9746451378,143691.2096311746,,2,3.2326877039637085,0.02979084224242646,-0.005771488284636506,-0.006971925252451337,3.348974768701885,0.025011488722470773,0.0020884334146844563,-0.16628370925097422,2,True,0.03533668437758091
147000.0,0.03,0,stay+deck,cov,16.0,0.5218535440624987,-0.015036997071102938,0.027464172230485424,0.0234,True,3.251453429339181,3.3419952341831007,3.27180235460519,3.321000437028616,0.03,0.03,0.7725174835975883,0.22752755999503582,1,1,3.30810546875,-0.01089924683434229,0.022314623807194955,3.1922722471973897,-0.04802460568896971,3.1922722471973897,-0.04802460568896971,-0.012777950006257434,150473.9746451378,140120.77887811675,,2,3.1922722471973897,0.007124066974573953,-0.01820145465033433,-0.7625311008475348,3.321714171254205,0.017312541800150072,-0.006068549326897241,-0.4229152733283309,1,False,0.03974276755940317
147000.0,0.03,0,stay+deck,data,4.0,0.5218535440624987,-0.015036997071102938,0.027464172230485424,0.0234,True,3.251453429339181,3.3419952341831007,3.27180235460519,3.321000437028616,0.03,0.03,0.7725174835975883,0.22752755999503582,1,1,3.30810546875,-0.01089924683434229,0.022314623807194955,3.3533146590834053,0.05044784319336304,3.237755319612969,-0.020704114225634118,-0.012777950006257434,150473.9746451378,154614.88903882526,,2,3.237755319612969,0.028621526141855563,-0.004212918937299945,-0.045949128604814524,3.3533146590834053,0.025692144336020753,0.00338702604495827,-0.14359518879930822,2,True,0.03506542635534041
147000.0,0.03,0,stay+deck,data,16.0,0.5218535440624987,-0.015036997071102938,0.027464172230485424,0.0234,True,3.251453429339181,3.3419952341831007,3.27180235460519,3.321000437028616,0.03,0.03,0.7725174835975883,0.22752755999503582,1,1,3.30810546875,-0.01089924683434229,0.022314623807194955,3.375596259895914,0.06445393752484585,3.375596259895914,0.06445393752484585,-0.012777950006257434,150473.9746451378,156676.43901007014,,1,3.375596259895914,0.033564438478817085,0.03818071925513129,0.11881461596056955,3.375596259895914,0.033564438478817085,0.010054181217594242,0.11881461596056955,0,False,0.0
147000.0,0.03,1,stay,cov,4.0,0.5218535440624987,-0.015036997071102938,0.027464172230485424,0.0234,True,3.251453429339181,3.3419952341831007,3.27180235460519,3.321000437028616,0.03,0.03,0.7725174835975883,0.22752755999503582,2,1,3.25927734375,-0.01089924683434229,-0.007641682213053946,,,,,-0.012777950006257434,146064.72104787827,,,0,,,,,,,,,0,False,0.0
147000.0,0.03,1,stay,cov,16.0,0.5218535440624987,-0.015036997071102938,0.027464172230485424,0.0234,True,3.251453429339181,3.3419952341831007,3.27180235460519,3.321000437028616,0.03,0.03,0.7725174835975883,0.22752755999503582,2,1,3.25927734375,-0.01089924683434229,-0.007641682213053946,3.2378177243099793,-0.020666363842453683,3.2378177243099793,-0.020666363842453683,-0.012777950006257434,146064.72104787827,144147.62471801796,,1,3.2378177243099793,0.02455129792855979,-0.004193726075287144,-0.18162340238134025,3.2378177243099793,0.02455129792855979,-0.031172249681135782,-0.18162340238134025,1,False,0.0
147000.0,0.03,1,stay,data,4.0,0.5218535440624987,-0.015036997071102938,0.027464172230485424,0.0234,True,3.251453429339181,3.3419952341831007,3.27180235460519,3.321000437028616,0.03,0.03,0.7725174835975883,0.22752755999503582,2,1,3.25927734375,-0.01089924683434229,-0.007641682213053946,3.2432925026979404,-0.01735168214179439,3.2432925026979404,-0.01735168214179439,-0.012777950006257434,146064.72104787827,144635.51104827924,,1,3.2432925026979404,0.022742509654554675,-0.002509931886952772,-0.24191634484817745,3.2432925026979404,0.022742509654554675,-0.029534073081730967,-0.24191634484817745,1,False,0.0
147000.0,0.03,1,stay,data,16.0,0.5218535440624987,-0.015036997071102938,0.027464172230485424,0.0234,True,3.251453429339181,3.3419952341831007,3.27180235460519,3.321000437028616,0.03,0.03,0.7725174835975883,0.22752755999503582,2,1,3.25927734375,-0.01089924683434229,-0.007641682213053946,3.254647502358652,-0.01045899285429197,3.254647502358652,-0.01045899285429197,-0.012777950006257434,146064.72104787827,145650.0425133794,,1,3.254647502358652,0.023311534610402286,0.0009823523814456764,-0.22294884631992376,3.254647502358652,0.023311534610402286,-0.026136402269825405,-0.22294884631992376,1,False,0.0
147000.0,0.03,1,stay2,cov,4.0,0.5218535440624987,-0.015036997071102938,0.027464172230485424,0.0234,True,3.251453429339181,3.3419952341831007,3.27180235460519,3.321000437028616,0.03,0.03,0.7725174835975883,0.22752755999503582,2,1,3.25927734375,-0.01089924683434229,-0.007641682213053946,3.2458511069147504,-0.01580066579301631,3.2458511069147504,-0.01580066579301631,-0.012777950006257434,146064.72104787827,144863.80436357102,,1,3.2458511069147504,0.019885962434625714,-0.001723020964679472,-0.33713458551247616,3.2458511069147504,0.019885962434625714,-0.028768481260821207,-0.33713458551247616,1,False,0.0
147000.0,0.03,1,stay2,cov,16.0,0.5218535440624987,-0.015036997071102938,0.027464172230485424,0.0234,True,3.251453429339181,3.3419952341831007,3.27180235460519,3.321000437028616,0.03,0.03,0.7725174835975883,0.22752755999503582,2,1,3.25927734375,-0.01089924683434229,-0.007641682213053946,3.217264615397318,-0.033060183966339696,3.217264615397318,-0.033060183966339696,-0.012777950006257434,146064.72104787827,142323.38457545525,,2,3.217264615397318,0.008455563953864847,-0.01051493268621447,-0.718147868204505,3.298194950336452,0.03896429566982002,-0.013106028218904752,0.2988098556606674,0,False,0.024842556115232173
147000.0,0.03,1,stay2,data,4.0,0.5218535440624987,-0.015036997071102938,0.027464172230485424,0.0234,True,3.251453429339181,3.3419952341831007,3.27180235460519,3.321000437028616,0.03,0.03,0.7725174835975883,0.22752755999503582,2,1,3.25927734375,-0.01089924683434229,-0.007641682213053946,,,,,-0.012777950006257434,146064.72104787827,,,0,,,,,,,,,0,False,0.0
147000.0,0.03,1,stay2,data,16.0,0.5218535440624987,-0.015036997071102938,0.027464172230485424,0.0234,True,3.251453429339181,3.3419952341831007,3.27180235460519,3.321000437028616,0.03,0.03,0.7725174835975883,0.22752755999503582,2,1,3.25927734375,-0.01089924683434229,-0.007641682213053946,,,,,-0.012777950006257434,146064.72104787827,,,0,,,,,,,,,0,False,0.0
147000.0,0.03,1,stay+deck,cov,4.0,0.5218535440624987,-0.015036997071102938,0.027464172230485424,0.0234,True,3.251453429339181,3.3419952341831007,3.27180235460519,3.321000437028616,0.03,0.03,0.7725174835975883,0.22752755999503582,2,1,3.25927734375,-0.01089924683434229,-0.007641682213053946,,,,,-0.012777950006257434,146064.72104787827,,,0,,,,,,,,,0,False,0.0
147000.0,0.03,1,stay+deck,cov,16.0,0.5218535440624987,-0.015036997071102938,0.027464172230485424,0.0234,True,3.251453429339181,3.3419952341831007,3.27180235460519,3.321000437028616,0.03,0.03,0.7725174835975883,0.22752755999503582,2,1,3.25927734375,-0.01089924683434229,-0.007641682213053946,3.247132393699805,-0.015023494903283252,3.247132393699805,-0.015023494903283252,-0.012777950006257434,146064.72104787827,144978.1957554511,,2,3.247132393699805,0.020556262906745885,-0.0013289551067794667,-0.3147912364418038,3.3818848010469376,0.03503212473659095,0.011935853904228326,0.16773749121969847,1,False,0.040655319902901776
147000.0,0.03,1,stay+deck,data,4.0,0.5218535440624987,-0.015036997071102938,0.027464172230485424,0.0234,True,3.251453429339181,3.3419952341831007,3.27180235460519,3.321000437028616,0.03,0.03,0.7725174835975883,0.22752755999503582,2,1,3.25927734375,-0.01089924683434229,-0.007641682213053946,3.2436335415103894,-0.017145016332628216,3.2436335415103894,-0.017145016332628216,-0.012777950006257434,146064.72104787827,144665.93008465442,,2,3.2436335415103894,0.020267839804147522,-0.002405043774648402,-0.32440533986174924,3.3804664421570223,0.03577677479842546,0.011511449082998245,0.19255915994751543,1,False,0.04131365800154357
147000.0,0.03,1,stay+deck,data,16.0,0.5218535440624987,-0.015036997071102938,0.027464172230485424,0.0234,True,3.251453429339181,3.3419952341831007,3.27180235460519,3.321000437028616,0.03,0.03,0.7725174835975883,0.22752755999503582,2,1,3.25927734375,-0.01089924683434229,-0.007641682213053946,3.2412746902202954,-0.01857400990676672,3.2412746902202954,-0.01857400990676672,-0.012777950006257434,146064.72104787827,144455.59724011173,,2,3.2412746902202954,0.018465582141563082,-0.0031305197322030096,-0.3844805952812306,3.379370055218816,0.03705984867725154,0.011183385497810535,0.235328289241718,1,False,0.04171659115032655
147000.0,0.03,2,stay,cov,4.0,0.5218535440624987,-0.015036997071102938,0.027464172230485424,0.0234,True,3.251453429339181,3.3419952341831007,3.27180235460519,3.321000437028616,0.03,0.03,0.7725174835975883,0.22752755999503582,2,2,3.2470703125,-0.01089924683434229,-0.015061157635355427,3.2011727344460934,-0.04270873273124298,3.2011727344460934,-0.04270873273124298,-0.012777950006257434,144972.65219688416,140903.21954171485,,1,3.2011727344460934,0.036840252299221846,-0.01546406737349652,0.22800840997406158,3.2011727344460934,0.036840252299221846,-0.04213725330803149,0.22800840997406158,0,False,0.0
147000.0,0.03,2,stay,cov,16.0,0.5218535440624987,-0.015036997071102938,0.027464172230485424,0.0234,True,3.251453429339181,3.3419952341831007,3.27180235460519,3.321000437028616,0.03,0.03,0.7725174835975883,0.22752755999503582,2,2,3.2470703125,-0.01089924683434229,-0.015061157635355427,3.274732618240871,0.0017920250105445401,3.274732618240871,0.0017920250105445401,-0.012777950006257434,144972.65219688416,147453.2636633473,,2,3.274732618240871,0.03934351392766235,0.007159625505207238,0.31145046425541184,3.274732618240871,0.03934351392766235,-0.020126484698195838,0.31145046425541184,1,False,0.03603186587209032
147000.0,0.03,2,stay,data,4.0,0.5218535440624987,-0.015036997071102938,0.027464172230485424,0.0234,True,3.251453429339181,3.3419952341831007,3.27180235460519,3.321000437028616,0.03,0.03,0.7725174835975883,0.22752755999503582,2,2,3.2470703125,-0.01089924683434229,-0.015061157635355427,3.2021499254572365,-0.04212419745127116,3.2021499254572365,-0.04212419745127116,-0.012777950006257434,144972.65219688416,140989.25699520455,,1,3.2021499254572365,0.03620968123854603,-0.015163527620312438,0.20698937461820108,3.2021499254572365,0.03620968123854603,-0.0418448558201033,0.20698937461820108,0,False,0.0
147000.0,0.03,2,stay,data,16.0,0.5218535440624987,-0.015036997071102938,0.027464172230485424,0.0234,True,3.251453429339181,3.3419952341831007,3.27180235460519,3.321000437028616,0.03,0.03,0.7725174835975883,0.22752755999503582,2,2,3.2470703125,-0.01089924683434229,-0.015061157635355427,3.2896375762327508,0.010932098760710662,3.2896375762327508,0.010932098760710662,-0.012777950006257434,144972.65219688416,148798.5865157342,,1,3.2896375762327508,0.037357684724499705,0.011743716378964236,0.24525615748332355,3.2896375762327508,0.037357684724499705,-0.015666586659016584,0.24525615748332355,0,False,0.0
147000.0,0.03,2,stay2,cov,4.0,0.5218535440624987,-0.015036997071102938,0.027464172230485424,0.0234,True,3.251453429339181,3.3419952341831007,3.27180235460519,3.321000437028616,0.03,0.03,0.7725174835975883,0.22752755999503582,2,2,3.2470703125,-0.01089924683434229,-0.015061157635355427,3.2568459981688216,-0.009121682730148684,3.2568459981688216,-0.009121682730148684,-0.012777950006257434,144972.65219688416,145846.8805170887,,1,3.2568459981688216,0.044428794440157564,0.0016585102468272973,0.48095981467191884,3.2568459981688216,0.044428794440157564,-0.025478562968415653,0.48095981467191884,1,False,0.0
147000.0,0.03,2,stay2,cov,16.0,0.5218535440624987,-0.015036997071102938,0.027464172230485424,0.0234,True,3.251453429339181,3.3419952341831007,3.27180235460519,3.321000437028616,0.03,0.03,0.7725174835975883,0.22752755999503582,2,2,3.2470703125,-0.01089924683434229,-0.015061157635355427,3.2863151536838764,0.008891115574045427,3.2863151536838764,0.008891115574045427,-0.012777950006257434,144972.65219688416,148498.17522831884,,1,3.2863151536838764,0.04455487435942032,0.010721889487982247,0.4851624786473441,3.2863151536838764,0.04455487435942032,-0.016660730072176326,0.4851624786473441,0,False,0.0
147000.0,0.03,2,stay2,data,4.0,0.5218535440624987,-0.015036997071102938,0.027464172230485424,0.0234,True,3.251453429339181,3.3419952341831007,3.27180235460519,3.321000437028616,0.03,0.03,0.7725174835975883,0.22752755999503582,2,2,3.2470703125,-0.01089924683434229,-0.015061157635355427,3.2276883893779464,-0.02678436193194844,3.2276883893779464,-0.02678436193194844,-0.012777950006257434,144972.65219688416,143247.1196602215,,1,3.2276883893779464,0.041453125258219245,-0.007309051314342312,0.38177084194064154,3.2276883893779464,0.041453125258219245,-0.03420317409072992,0.38177084194064154,1,False,0.0
147000.0,0.03,2,stay2,data,16.0,0.5218535440624987,-0.015036997071102938,0.027464172230485424,0.0234,True,3.251453429339181,3.3419952341831007,3.27180235460519,3.321000437028616,0.03,0.03,0.7725174835975883,0.22752755999503582,2,2,3.2470703125,-0.01089924683434229,-0.015061157635355427,3.442441801857172,0.10702924066567476,3.442441801857172,0.10702924066567476,-0.012777950006257434,144972.65219688416,162943.0764386377,,1,3.442441801857172,0.006975498142358709,0.05873938429953375,-0.7674833952547098,3.442441801857172,0.006975498142358709,0.03005586801760468,-0.7674833952547098,0,False,0.0
147000.0,0.03,2,stay+deck,cov,4.0,0.5218535440624987,-0.015036997071102938,0.027464172230485424,0.0234,True,3.251453429339181,3.3419952341831007,3.27180235460519,3.321000437028616,0.03,0.03,0.7725174835975883,0.22752755999503582,2,2,3.2470703125,-0.01089924683434229,-0.015061157635355427,3.322391296845141,0.031163280914340286,3.199222596644889,-0.043874731197589445,-0.012777950006257434,144972.65219688416,151776.40402859464,,2,3.199222596644889,0.022315264632712727,-0.01606384154944125,-0.2561578455762424,3.322391296845141,0.013640646691877112,-0.005865938148996676,-0.5453117769374296,1,False,0.037772460072559945
147000.0,0.03,2,stay+deck,cov,16.0,0.5218535440624987,-0.015036997071102938,0.027464172230485424,0.0234,True,3.251453429339181,3.3419952341831007,3.27180235460519,3.321000437028616,0.03,0.03,0.7725174835975883,0.22752755999503582,2,2,3.2470703125,-0.01089924683434229,-0.015061157635355427,,,,,-0.012777950006257434,144972.65219688416,,,0,,,,,,,,,0,False,0.0
147000.0,0.03,2,stay+deck,data,4.0,0.5218535440624987,-0.015036997071102938,0.027464172230485424,0.0234,True,3.251453429339181,3.3419952341831007,3.27180235460519,3.321000437028616,0.03,0.03,0.7725174835975883,0.22752755999503582,2,2,3.2470703125,-0.01089924683434229,-0.015061157635355427,3.314813637879549,0.026464922303541583,3.314813637879549,0.026464922303541583,-0.012777950006257434,144972.65219688416,151084.85499074345,,1,3.314813637879549,0.015831949251118145,0.019486734138229867,-0.4722683582960618,3.314813637879549,0.015831949251118145,-0.00813334382572681,-0.4722683582960618,1,False,0.0
147000.0,0.03,2,stay+deck,data,16.0,0.5218535440624987,-0.015036997071102938,0.027464172230485424,0.0234,True,3.251453429339181,3.3419952341831007,3.27180235460519,3.321000437028616,0.03,0.03,0.7725174835975883,0.22752755999503582,2,2,3.2470703125,-0.01089924683434229,-0.015061157635355427,,,,,-0.012777950006257434,144972.65219688416,,,0,,,,,,,,,0,False,0.0
151600.0,0.03,0,stay,cov,4.0,0.3897295967109038,0.0004617417787089486,0.0233792165249093,0.0234,False,3.283269380161662,3.3609375564655175,3.3225345900600525,3.321000437028616,0.03,0.03,0.4916701315917526,0.5083710170181857,1,1,3.35693359375,0.001194002030686451,0.0208136730273496,3.3273471633116154,0.0028990269576816274,3.3273471633116154,0.0028990269576816274,0.022942813450352876,154948.79335165024,152229.5382464705,,1,3.3273471633116154,0.037551961619682606,0.01342496702106824,0.2517320539894202,3.3273471633116154,0.037551961619682606,-0.00999435204896427,0.2517320539894202,1,False,0.0
151600.0,0.03,0,stay,cov,16.0,0.3897295967109038,0.0004617417787089486,0.0233792165249093,0.0234,False,3.283269380161662,3.3609375564655175,3.3225345900600525,3.321000437028616,0.03,0.03,0.4916701315917526,0.5083710170181857,1,1,3.35693359375,0.001194002030686451,0.0208136730273496,3.334931446316455,0.007476210194363064,3.334931446316455,0.007476210194363064,0.022942813450352876,154948.79335165024,152924.30658491747,,2,3.334931446316455,0.025844217678595762,0.015734945925225705,-0.13852607738014122,3.334931446316455,0.025844217678595762,-0.007737754633088592,-0.13852607738014122,1,False,0.03811669578425126
151600.0,0.03,0,stay,data,4.0,0.3897295967109038,0.0004617417787089486,0.0233792165249093,0.0234,False,3.283269380161662,3.3609375564655175,3.3225345900600525,3.321000437028616,0.03,0.03,0.4916701315917526,0.5083710170181857,1,1,3.35693359375,0.001194002030686451,0.0208136730273496,3.328892108279793,0.0038305699806295834,3.328892108279793,0.0038305699806295834,0.022942813450352876,154948.79335165024,152370.9366928029,,1,3.328892108279793,0.03546897417934998,0.013895517801187722,0.18229913931166603,3.328892108279793,0.03546897417934998,-0.009534675264667749,0.18229913931166603,1,False,0.0
151600.0,0.03,0,stay,data,16.0,0.3897295967109038,0.0004617417787089486,0.0233792165249093,0.0234,False,3.283269380161662,3.3609375564655175,3.3225345900600525,3.321000437028616,0.03,0.03,0.4916701315917526,0.5083710170181857,1,1,3.35693359375,0.001194002030686451,0.0208136730273496,3.3369209340515784,0.008678609378371505,3.3369209340515784,0.008678609378371505,0.022942813450352876,154948.79335165024,153106.81815153532,,1,3.3369209340515784,0.02940994410305513,0.01634089307873812,-0.01966852989816227,3.3369209340515784,0.02940994410305513,-0.007145810361081458,-0.01966852989816227,1,False,0.0
151600.0,0.03,0,stay2,cov,4.0,0.3897295967109038,0.0004617417787089486,0.0233792165249093,0.0234,False,3.283269380161662,3.3609375564655175,3.3225345900600525,3.321000437028616,0.03,0.03,0.4916701315917526,0.5083710170181857,1,1,3.35693359375,0.001194002030686451,0.0208136730273496,3.3312058615195355,0.005226483892792011,3.3312058615195355,0.005226483892792011,0.022942813450352876,154948.79335165024,152582.82176255403,,1,3.3312058615195355,0.036850048538053744,0.014600227945814559,0.22833495126845818,3.3312058615195355,0.036850048538053744,-0.008846250323451103,0.22833495126845818,1,False,0.0
151600.0,0.03,0,stay2,cov,16.0,0.3897295967109038,0.0004617417787089486,0.0233792165249093,0.0234,False,3.283269380161662,3.3609375564655175,3.3225345900600525,3.321000437028616,0.03,0.03,0.4916701315917526,0.5083710170181857,1,1,3.35693359375,0.001194002030686451,0.0208136730273496,3.3333744228217523,0.0065356823523965435,3.3333744228217523,0.0065356823523965435,0.022942813450352876,154948.79335165024,152781.54433743094,,4,3.3333744228217523,0.02482072614613896,0.015260716334406694,-0.17264246179536796,3.3333744228217523,0.02482072614613896,-0.008201025214152313,-0.17264246179536796,1,False,0.10398244959545795
151600.0,0.03,0,stay2,data,4.0,0.3897295967109038,0.0004617417787089486,0.0233792165249093,0.0234,False,3.283269380161662,3.3609375564655175,3.3225345900600525,3.321000437028616,0.03,0.03,0.4916701315917526,0.5083710170181857,1,1,3.35693359375,0.001194002030686451,0.0208136730273496,3.33293031475462,0.00626749715511199,3.33293031475462,0.00626749715511199,0.022942813450352876,154948.79335165024,152740.83664139203,,1,3.33293031475462,0.034894720709817154,0.015125452359474914,0.16315735699390516,3.33293031475462,0.034894720709817154,-0.008333163363008461,0.16315735699390516,1,False,0.0
151600.0,0.03,0,stay2,data,16.0,0.3897295967109038,0.0004617417787089486,0.0233792165249093,0.0234,False,3.283269380161662,3.3609375564655175,3.3225345900600525,3.321000437028616,0.03,0.03,0.4916701315917526,0.5083710170181857,1,1,3.35693359375,0.001194002030686451,0.0208136730273496,3.350693379709184,0.01702201320297081,3.350693379709184,0.01702201320297081,0.022942813450352876,154948.79335165024,154373.25921637058,,1,3.350693379709184,0.03163385412021717,0.020535628284086165,0.05446180400723912,3.350693379709184,0.03163385412021717,-0.003048011628965477,0.05446180400723912,1,False,0.0
151600.0,0.03,0,stay+deck,cov,4.0,0.3897295967109038,0.0004617417787089486,0.0233792165249093,0.0234,False,3.283269380161662,3.3609375564655175,3.3225345900600525,3.321000437028616,0.03,0.03,0.4916701315917526,0.5083710170181857,1,1,3.35693359375,0.001194002030686451,0.0208136730273496,3.3396330762293105,0.010318918867691096,3.3396330762293105,0.010318918867691096,0.022942813450352876,154948.79335165024,153355.79990286665,,1,3.3396330762293105,0.022614598151387763,0.017166942319205417,-0.24618006162040787,3.3396330762293105,0.022614598151387763,-0.006338850358949117,-0.24618006162040787,1,False,0.0
151600.0,0.03,0,stay+deck,cov,16.0,0.3897295967109038,0.0004617417787089486,0.0233792165249093,0.0234,False,3.283269380161662,3.3609375564655175,3.3225345900600525,3.321000437028616,0.03,0.03,0.4916701315917526,0.5083710170181857,1,1,3.35693359375,0.001194002030686451,0.0208136730273496,3.3227878254322767,0.00015244086455523664,3.3227878254322767,0.00015244086455523664,0.022942813450352876,154948.79335165024,151812.63532656318,,1,3.3227878254322767,0.016442221822429538,0.012036309146424335,-0.45192593925234875,3.3227878254322767,0.016442221822429538,-0.011350919317096878,-0.45192593925234875,0,False,0.0
151600.0,0.03,0,stay+deck,data,4.0,0.3897295967109038,0.0004617417787089486,0.0233792165249093,0.0234,False,3.283269380161662,3.3609375564655175,3.3225345900600525,3.321000437028616,0.03,0.03,0.4916701315917526,0.5083710170181857,1,1,3.35693359375,0.001194002030686451,0.0208136730273496,,,,,0.022942813450352876,154948.79335165024,,,0,,,,,,,,,0,False,0.0
151600.0,0.03,0,stay+deck,data,16.0,0.3897295967109038,0.0004617417787089486,0.0233792165249093,0.0234,False,3.283269380161662,3.3609375564655175,3.3225345900600525,3.321000437028616,0.03,0.03,0.4916701315917526,0.5083710170181857,1,1,3.35693359375,0.001194002030686451,0.0208136730273496,,,,,0.022942813450352876,154948.79335165024,,,0,,,,,,,,,0,False,0.0
151600.0,0.03,1,stay,cov,4.0,0.3897295967109038,0.0004617417787089486,0.0233792165249093,0.0234,False,3.283269380161662,3.3609375564655175,3.3225345900600525,3.321000437028616,0.03,0.03,0.4916701315917526,0.5083710170181857,2,1,3.35693359375,0.001194002030686451,0.0208136730273496,3.3173944432402336,-0.0030917184657105468,3.3173944432402336,-0.0030917184657105468,0.022942813450352876,154948.79335165024,151320.20601556622,,1,3.3173944432402336,0.04482921338651715,0.01039362267524068,0.4943071128839051,3.3173944432402336,0.04482921338651715,-0.012955644814500934,0.4943071128839051,0,False,0.0
151600.0,0.03,1,stay,cov,16.0,0.3897295967109038,0.0004617417787089486,0.0233792165249093,0.0234,False,3.283269380161662,3.3609375564655175,3.3225345900600525,3.321000437028616,0.03,0.03,0.4916701315917526,0.5083710170181857,2,1,3.35693359375,0.001194002030686451,0.0208136730273496,3.366434868914892,0.026600357287714038,3.366434868914892,0.026600357287714038,0.022942813450352876,154948.79335165024,155827.15124138285,,1,3.366434868914892,0.04080070027437285,0.02533008386571532,0.3600233424790952,3.366434868914892,0.04080070027437285,0.001635648493022176,0.3600233424790952,1,False,0.0
151600.0,0.03,1,stay,data,4.0,0.3897295967109038,0.0004617417787089486,0.0233792165249093,0.0234,False,3.283269380161662,3.3609375564655175,3.3225345900600525,3.321000437028616,0.03,0.03,0.4916701315917526,0.5083710170181857,2,1,3.35693359375,0.001194002030686451,0.0208136730273496,3.31484145175397,-0.004625524031434458,3.31484145175397,-0.004625524031434458,0.022942813450352876,154948.79335165024,151087.39044116257,,1,3.31484145175397,0.041960628214576114,0.009616046670758915,0.39868760715253715,3.31484145175397,0.041960628214576114,-0.013715251752556707,0.39868760715253715,1,False,0.0
151600.0,0.03,1,stay,data,16.0,0.3897295967109038,0.0004617417787089486,0.0233792165249093,0.0234,False,3.283269380161662,3.3609375564655175,3.3225345900600525,3.321000437028616,0.03,0.03,0.4916701315917526,0.5083710170181857,2,1,3.35693359375,0.001194002030686451,0.0208136730273496,,,,,0.022942813450352876,154948.79335165024,,,0,,,,,,,,,0,False,0.0
151600.0,0.03,1,stay2,cov,4.0,0.3897295967109038,0.0004617417787089486,0.0233792165249093,0.0234,False,3.283269380161662,3.3609375564655175,3.3225345900600525,3.321000437028616,0.03,0.03,0.4916701315917526,0.5083710170181857,2,1,3.35693359375,0.001194002030686451,0.0208136730273496,3.2871005891900427,-0.021215763167387713,3.2871005891900427,-0.021215763167387713,0.022942813450352876,154948.79335165024,148569.16639748597,,1,3.2871005891900427,0.027121821898468765,0.0011668884227197048,-0.09593927005104112,3.2871005891900427,0.027121821898468765,-0.021969157723098088,-0.09593927005104112,1,False,0.0
151600.0,0.03,1,stay2,cov,16.0,0.3897295967109038,0.0004617417787089486,0.0233792165249093,0.0234,False,3.283269380161662,3.3609375564655175,3.3225345900600525,3.321000437028616,0.03,0.03,0.4916701315917526,0.5083710170181857,2,1,3.35693359375,0.001194002030686451,0.0208136730273496,3.3642662320998973,0.0252781239317712,3.2402226549015554,-0.04893393381660238,0.022942813450352876,154948.79335165024,155626.45010615504,,2,3.2402226549015554,0.013357646595177585,-0.013110933120567467,-0.5547451134940805,3.3642662320998973,0.034322892908603464,0.0009904009159516574,0.14409643028678218,1,False,0.03756341461713315
151600.0,0.03,1,stay2,data,4.0,0.3897295967109038,0.0004617417787089486,0.0233792165249093,0.0234,False,3.283269380161662,3.3609375564655175,3.3225345900600525,3.321000437028616,0.03,0.03,0.4916701315917526,0.5083710170181857,2,1,3.35693359375,0.001194002030686451,0.0208136730273496,,,,,0.022942813450352876,154948.79335165024,,,0,,,,,,,,,0,False,0.0
151600.0,0.03,1,stay2,data,16.0,0.3897295967109038,0.0004617417787089486,0.0233792165249093,0.0234,False,3.283269380161662,3.3609375564655175,3.3225345900600525,3.321000437028616,0.03,0.03,0.4916701315917526,0.5083710170181857,2,1,3.35693359375,0.001194002030686451,0.0208136730273496,3.354061823163225,0.019067860267485637,3.2620294519673965,-0.036089449755076664,0.022942813450352876,154948.79335165024,154683.79731201398,,2,3.2620294519673965,0.022595417732956258,-0.006469139669928528,-0.24681940890145804,3.354061823163225,0.004593488848084459,-0.002045778354038627,-0.8468837050638514,2,True,0.027820768296160307
151600.0,0.03,1,stay+deck,cov,4.0,0.3897295967109038,0.0004617417787089486,0.0233792165249093,0.0234,False,3.283269380161662,3.3609375564655175,3.3225345900600525,3.321000437028616,0.03,0.03,0.4916701315917526,0.5083710170181857,2,1,3.35693359375,0.001194002030686451,0.0208136730273496,3.257394982590537,-0.03882642110138523,3.257394982590537,-0.03882642110138523,0.022942813450352876,154948.79335165024,145896.0534983326,,2,3.257394982590537,0.022279164929416534,-0.00788068067989318,-0.25736116901944883,3.3879959124175176,0.02687803192839636,0.008050835666359616,-0.10406560238678797,2,True,0.03930571786983564
151600.0,0.03,1,stay+deck,cov,16.0,0.3897295967109038,0.0004617417787089486,0.0233792165249093,0.0234,False,3.283269380161662,3.3609375564655175,3.3225345900600525,3.321000437028616,0.03,0.03,0.4916701315917526,0.5083710170181857,2,1,3.35693359375,0.001194002030686451,0.0208136730273496,3.2687869848404008,-0.03209169063923456,3.2687869848404008,-0.03209169063923456,0.022942813450352876,154948.79335165024,146918.31484360248,,2,3.2687869848404008,0.025072634772586193,-0.004410967741108127,-0.16424550758046022,3.39417281414357,0.03273991938606435,0.00988868645123058,0.09133064620214515,2,True,0.03763667591759725
151600.0,0.03,1,stay+deck,data,4.0,0.3897295967109038,0.0004617417787089486,0.0233792165249093,0.0234,False,3.283269380161662,3.3609375564655175,3.3225345900600525,3.321000437028616,0.03,0.03,0.4916701315917526,0.5083710170181857,2,1,3.35693359375,0.001194002030686451,0.0208136730273496,3.258730977321806,-0.03803782396747324,3.258730977321806,-0.03803782396747324,0.022942813450352876,154948.79335165024,146015.75426015508,,2,3.258730977321806,0.02108649362660576,-0.007473770805442605,-0.2971168791131413,3.3937694234482927,0.025262370420705043,0.009768663187334653,-0.15792098597649853,2,True,0.04059780172605611
151600.0,0.03,1,stay+deck,data,16.0,0.3897295967109038,0.0004617417787089486,0.0233792165249093,0.0234,False,3.283269380161662,3.3609375564655175,3.3225345900600525,3.321000437028616,0.03,0.03,0.4916701315917526,0.5083710170181857,2,1,3.35693359375,0.001194002030686451,0.0208136730273496,3.2626500811874655,-0.0357226302820266,3.2626500811874655,-0.0357226302820266,0.022942813450352876,154948.79335165024,146367.1763437479,,2,3.2626500811874655,0.021284917831046725,-0.006280111860081733,-0.29050273896510914,3.3941669702333606,0.030136351698729927,0.009886947677417815,0.004545056624330931,2,True,0.03951344554912298
151600.0,0.03,2,stay,cov,4.0,0.3897295967109038,0.0004617417787089486,0.0233792165249093,0.0234,False,3.283269380161662,3.3609375564655175,3.3225345900600525,3.321000437028616,0.03,0.03,0.4916701315917526,0.5083710170181857,1,1,3.369140625,0.001194002030686451,0.028251270830166986,3.3388966084301352,0.009873369736113746,3.3388966084301352,0.009873369736113746,0.022942813450352876,156077.74257659912,153288.17022456106,,1,3.3388966084301352,0.047371394767867586,0.01694263303662715,0.5790464922622529,3.3388966084301352,0.047371394767867586,-0.006557976060275666,0.5790464922622529,1,False,0.0
151600.0,0.03,2,stay,cov,16.0,0.3897295967109038,0.0004617417787089486,0.0233792165249093,0.0234,False,3.283269380161662,3.3609375564655175,3.3225345900600525,3.321000437028616,0.03,0.03,0.4916701315917526,0.5083710170181857,1,1,3.369140625,0.001194002030686451,0.028251270830166986,3.363010545837884,0.02451291255730159,3.363010545837884,0.02451291255730159,0.022942813450352876,156077.74257659912,155510.29905698128,,1,3.363010545837884,0.04494324257851699,0.024287122512102743,0.4981080859505665,3.363010545837884,0.04494324257851699,0.0006167890172129111,0.4981080859505665,1,False,0.0
151600.0,0.03,2,stay,data,4.0,0.3897295967109038,0.0004617417787089486,0.0233792165249093,0.0234,False,3.283269380161662,3.3609375564655175,3.3225345900600525,3.321000437028616,0.03,0.03,0.4916701315917526,0.5083710170181857,1,1,3.369140625,0.001194002030686451,0.028251270830166986,3.339043243159356,0.009962073147548267,3.339043243159356,0.009962073147548267,0.022942813450352876,156077.74257659912,153301.63447071204,,1,3.339043243159356,0.04440630064634252,0.016987294230163912,0.4802100215447506,3.339043243159356,0.04440630064634252,-0.00651434694585233,0.4802100215447506,1,False,0.0
151600.0,0.03,2,stay,data,16.0,0.3897295967109038,0.0004617417787089486,0.0233792165249093,0.0234,False,3.283269380161662,3.3609375564655175,3.3225345900600525,3.321000437028616,0.03,0.03,0.4916701315917526,0.5083710170181857,1,1,3.369140625,0.001194002030686451,0.028251270830166986,3.3591488561836598,0.022161400806249842,3.3591488561836598,0.022161400806249842,0.022942813450352876,156077.74257659912,155153.36427249986,,1,3.3591488561836598,0.03649574036492703,0.023110950469212396,0.2165246788309011,3.3591488561836598,0.03649574036492703,-0.0005322027713418148,0.2165246788309011,1,False,0.0
151600.0,0.03,2,stay2,cov,4.0,0.3897295967109038,0.0004617417787089486,0.0233792165249093,0.0234,False,3.283269380161662,3.3609375564655175,3.3225345900600525,3.321000437028616,0.03,0.03,0.4916701315917526,0.5083710170181857,1,1,3.369140625,0.001194002030686451,0.028251270830166986,3.366484034394604,0.026630343709299842,3.366484034394604,0.026630343709299842,0.022942813450352876,156077.74257659912,155831.70286521432,,1,3.366484034394604,0.04596297513452662,0.025345058415171713,0.5320991711508875,3.366484034394604,0.04596297513452662,0.0016502769944108193,0.5320991711508875,1,False,0.0
151600.0,0.03,2,stay2,cov,16.0,0.3897295967109038,0.0004617417787089486,0.0233792165249093,0.0234,False,3.283269380161662,3.3609375564655175,3.3225345900600525,3.321000437028616,0.03,0.03,0.4916701315917526,0.5083710170181857,1,1,3.369140625,0.001194002030686451,0.028251270830166986,3.346333312333151,0.014376949058476196,3.346333312333151,0.014376949058476196,0.022942813450352876,156077.74257659912,153971.7662619202,,3,3.346333312333151,0.03753876186982048,0.01920766311547176,0.2512920623273495,3.346333312333151,0.03753876186982048,-0.0043452887436935764,0.2512920623273495,1,False,0.09338039825111089
151600.0,0.03,2,stay2,data,4.0,0.3897295967109038,0.0004617417787089486,0.0233792165249093,0.0234,False,3.283269380161662,3.3609375564655175,3.3225345900600525,3.321000437028616,0.03,0.03,0.4916701315917526,0.5083710170181857,1,1,3.369140625,0.001194002030686451,0.028251270830166986,,,,,0.022942813450352876,156077.74257659912,,,0,,,,,,,,,0,False,0.0
151600.0,0.03,2,stay2,data,16.0,0.3897295967109038,0.0004617417787089486,0.0233792165249093,0.0234,False,3.283269380161662,3.3609375564655175,3.3225345900600525,3.321000437028616,0.03,0.03,0.4916701315917526,0.5083710170181857,1,1,3.369140625,0.001194002030686451,0.028251270830166986,3.3583372275061705,0.021667516601246106,3.3583372275061705,0.021667516601246106,0.022942813450352876,156077.74257659912,155078.3978377402,,2,3.3583372275061705,0.03663025502648908,0.0228637491026741,0.22100850088296944,3.3583372275061705,0.03663025502648908,-0.000773691541619009,0.22100850088296944,1,False,0.02591596267766326
151600.0,0.03,2,stay+deck,cov,4.0,0.3897295967109038,0.0004617417787089486,0.0233792165249093,0.0234,False,3.283269380161662,3.3609375564655175,3.3225345900600525,3.321000437028616,0.03,0.03,0.4916701315917526,0.5083710170181857,1,1,3.369140625,0.001194002030686451,0.028251270830166986,3.3122682942838644,-0.006170250205459582,3.3122682942838644,-0.006170250205459582,0.022942813450352876,156077.74257659912,150852.91723312443,,1,3.3122682942838644,0.027190940606331756,0.008832328622628767,-0.09363531312227477,3.3122682942838644,0.027190940606331756,-0.014480858797280206,-0.09363531312227477,1,False,0.0
151600.0,0.03,2,stay+deck,cov,16.0,0.3897295967109038,0.0004617417787089486,0.0233792165249093,0.0234,False,3.283269380161662,3.3609375564655175,3.3225345900600525,3.321000437028616,0.03,0.03,0.4916701315917526,0.5083710170181857,1,1,3.369140625,0.001194002030686451,0.028251270830166986,,,,,0.022942813450352876,156077.74257659912,,,0,,,,,,,,,0,False,0.0
151600.0,0.03,2,stay+deck,data,4.0,0.3897295967109038,0.0004617417787089486,0.0233792165249093,0.0234,False,3.283269380161662,3.3609375564655175,3.3225345900600525,3.321000437028616,0.03,0.03,0.4916701315917526,0.5083710170181857,1,1,3.369140625,0.001194002030686451,0.028251270830166986,,,,,0.022942813450352876,156077.74257659912,,,0,,,,,,,,,0,False,0.0
151600.0,0.03,2,stay+deck,data,16.0,0.3897295967109038,0.0004617417787089486,0.0233792165249093,0.0234,False,3.283269380161662,3.3609375564655175,3.3225345900600525,3.321000437028616,0.03,0.03,0.4916701315917526,0.5083710170181857,1,1,3.369140625,0.001194002030686451,0.028251270830166986,3.257662955522595,-0.03866827074006929,3.257662955522595,-0.03866827074006929,0.022942813450352876,156077.74257659912,145920.05906203287,,1,3.257662955522595,0.02230314660019582,-0.007799062968694334,-0.2565617799934727,3.257662955522595,0.02230314660019582,-0.030727914222699715,-0.2565617799934727,1,False,0.0
156000.0,0.03,0,stay,cov,4.0,0.5248342144175678,0.014641268071064636,0.02787932385684996,0.0234,True,3.299379199422622,3.3926640195048803,3.3703465848700964,3.321000437028616,0.03,0.03,0.2372544057567631,0.7627832418662773,2,1,3.45458984375,0.010924209215861864,0.050615629539255025,3.384197131118704,0.008235951721161205,3.384197131118704,0.008235951721161205,0.012961752247892793,164095.12609243393,157475.8655562409,,1,3.384197131118704,0.03542695720292369,0.02570723962584372,0.1808985734307896,3.384197131118704,0.03542695720292369,-0.0024956459989846354,0.1808985734307896,1,False,0.0
156000.0,0.03,0,stay,cov,16.0,0.5248342144175678,0.014641268071064636,0.02787932385684996,0.0234,True,3.299379199422622,3.3926640195048803,3.3703465848700964,3.321000437028616,0.03,0.03,0.2372544057567631,0.7627832418662773,2,1,3.45458984375,0.010924209215861864,0.050615629539255025,3.462627503678782,0.05551016999885516,3.462627503678782,0.05551016999885516,0.012961752247892793,164095.12609243393,164859.60190195037,,1,3.462627503678782,0.004829079077931111,0.04947849107029828,-0.8390306974022962,3.462627503678782,0.004829079077931111,0.020621990203472083,-0.8390306974022962,0,False,0.0
156000.0,0.03,0,stay,data,4.0,0.5248342144175678,0.014641268071064636,0.02787932385684996,0.0234,True,3.299379199422622,3.3926640195048803,3.3703465848700964,3.321000437028616,0.03,0.03,0.2372544057567631,0.7627832418662773,2,1,3.45458984375,0.010924209215861864,0.050615629539255025,3.3824057755330665,0.007168856028843651,3.3824057755330665,0.007168856028843651,0.012961752247892793,164095.12609243393,157309.19641744238,,1,3.3824057755330665,0.0348999833034396,0.02516430246180064,0.16333277678132013,3.3824057755330665,0.0348999833034396,-0.0030236545419286202,0.16333277678132013,1,False,0.0
156000.0,0.03,0,stay,data,16.0,0.5248342144175678,0.014641268071064636,0.02787932385684996,0.0234,True,3.299379199422622,3.3926640195048803,3.3703465848700964,3.321000437028616,0.03,0.03,0.2372544057567631,0.7627832418662773,2,1,3.45458984375,0.010924209215861864,0.050615629539255025,,,,,0.012961752247892793,164095.12609243393,,,0,,,,,,,,,0,False,0.0
156000.0,0.03,0,stay2,cov,4.0,0.5248342144175678,0.014641268071064636,0.02787932385684996,0.0234,True,3.299379199422622,3.3926640195048803,3.3703465848700964,3.321000437028616,0.03,0.03,0.2372544057567631,0.7627832418662773,2,1,3.45458984375,0.010924209215861864,0.050615629539255025,,,,,0.012961752247892793,164095.12609243393,,,0,,,,,,,,,0,False,0.0
156000.0,0.03,0,stay2,cov,16.0,0.5248342144175678,0.014641268071064636,0.02787932385684996,0.0234,True,3.299379199422622,3.3926640195048803,3.3703465848700964,3.321000437028616,0.03,0.03,0.2372544057567631,0.7627832418662773,2,1,3.45458984375,0.010924209215861864,0.050615629539255025,3.369443327584599,-0.0005359307867539576,3.369443327584599,-0.0005359307867539576,0.012961752247892793,164095.12609243393,156105.78964481017,,1,3.369443327584599,0.02780803120585867,0.0212355488493829,-0.07306562647137761,3.369443327584599,0.02780803120585867,-0.0068443829942435915,-0.07306562647137761,1,False,0.0
156000.0,0.03,0,stay2,data,4.0,0.5248342144175678,0.014641268071064636,0.02787932385684996,0.0234,True,3.299379199422622,3.3926640195048803,3.3703465848700964,3.321000437028616,0.03,0.03,0.2372544057567631,0.7627832418662773,2,1,3.45458984375,0.010924209215861864,0.050615629539255025,3.384677302179282,0.008522081667429848,3.384677302179282,0.008522081667429848,0.012961752247892793,164095.12609243393,157520.5560484548,,1,3.384677302179282,0.032728725590154537,0.02585277338584991,0.09095751967181792,3.384677302179282,0.032728725590154537,-0.002354113840828798,0.09095751967181792,1,False,0.0
156000.0,0.03,0,stay2,data,16.0,0.5248342144175678,0.014641268071064636,0.02787932385684996,0.0234,True,3.299379199422622,3.3926640195048803,3.3703465848700964,3.321000437028616,0.03,0.03,0.2372544057567631,0.7627832418662773,2,1,3.45458984375,0.010924209215861864,0.050615629539255025,3.3982334964370486,0.01661685631532861,3.3982334964370486,0.01661685631532861,0.012961752247892793,164095.12609243393,158784.87482421804,,1,3.3982334964370486,0.029150432633090057,0.029961483976053953,-0.028318912230331415,3.3982334964370486,0.029150432633090057,0.001641623485304967,-0.028318912230331415,1,False,0.0
156000.0,0.03,0,stay+deck,cov,4.0,0.5248342144175678,0.014641268071064636,0.02787932385684996,0.0234,True,3.299379199422622,3.3926640195048803,3.3703465848700964,3.321000437028616,0.03,0.03,0.2372544057567631,0.7627832418662773,2,1,3.45458984375,0.010924209215861864,0.050615629539255025,,,,,0.012961752247892793,164095.12609243393,,,0,,,,,,,,,0,False,0.0
156000.0,0.03,0,stay+deck,cov,16.0,0.5248342144175678,0.014641268071064636,0.02787932385684996,0.0234,True,3.299379199422622,3.3926640195048803,3.3703465848700964,3.321000437028616,0.03,0.03,0.2372544057567631,0.7627832418662773,2,1,3.45458984375,0.010924209215861864,0.050615629539255025,3.4668975216545226,0.05811502794488632,3.3288038279483025,-0.024499990552153794,0.012961752247892793,164095.12609243393,165266.45335274623,,2,3.3288038279483025,0.017202701065728118,0.008918231808829278,-0.426576631142396,3.3288038279483025,0.017202701065728118,-0.01882302261274236,-0.426576631142396,1,False,0.040641483962296526
156000.0,0.03,0,stay+deck,data,4.0,0.5248342144175678,0.014641268071064636,0.02787932385684996,0.0234,True,3.299379199422622,3.3926640195048803,3.3703465848700964,3.321000437028616,0.03,0.03,0.2372544057567631,0.7627832418662773,2,1,3.45458984375,0.010924209215861864,0.050615629539255025,,,,,0.012961752247892793,164095.12609243393,,,0,,,,,,,,,0,False,0.0
156000.0,0.03,0,stay+deck,data,16.0,0.5248342144175678,0.014641268071064636,0.02787932385684996,0.0234,True,3.299379199422622,3.3926640195048803,3.3703465848700964,3.321000437028616,0.03,0.03,0.2372544057567631,0.7627832418662773,2,1,3.45458984375,0.010924209215861864,0.050615629539255025,3.4247850800530775,0.032565283359043073,3.4247850800530775,0.032565283359043073,0.012961752247892793,164095.12609243393,161275.85161261976,,3,3.298565662973562,0.01996035314539951,-0.00024657258226111223,-0.3346548951533497,3.4247850800530775,0.029841061321374752,0.009467798863526982,-0.005297955954174904,2,True,0.06522900042055704
156000.0,0.03,1,stay,cov,4.0,0.5248342144175678,0.014641268071064636,0.02787932385684996,0.0234,True,3.299379199422622,3.3926640195048803,3.3703465848700964,3.321000437028616,0.03,0.03,0.2372544057567631,0.7627832418662773,2,1,3.35693359375,0.010924209215861864,-0.00794357547345892,,,,,0.012961752247892793,154948.79335165024,,,0,,,,,,,,,0,False,0.0
156000.0,0.03,1,stay,cov,16.0,0.5248342144175678,0.014641268071064636,0.02787932385684996,0.0234,True,3.299379199422622,3.3926640195048803,3.3703465848700964,3.321000437028616,0.03,0.03,0.2372544057567631,0.7627832418662773,2,1,3.35693359375,0.010924209215861864,-0.00794357547345892,3.4011657013359837,0.018372012336230537,3.4011657013359837,0.018372012336230537,0.012961752247892793,154948.79335165024,159059.01175923404,,2,3.2317183964412592,0.014311061617635658,-0.020507131460731506,-0.522964612745478,3.4011657013359837,0.03238608319804849,0.002505901492816895,0.07953610660161639,1,False,0.051093099893456076
156000.0,0.03,1,stay,data,4.0,0.5248342144175678,0.014641268071064636,0.02787932385684996,0.0234,True,3.299379199422622,3.3926640195048803,3.3703465848700964,3.321000437028616,0.03,0.03,0.2372544057567631,0.7627832418662773,2,1,3.35693359375,0.010924209215861864,-0.00794357547345892,,,,,0.012961752247892793,154948.79335165024,,,0,,,,,,,,,0,False,0.0
156000.0,0.03,1,stay,data,16.0,0.5248342144175678,0.014641268071064636,0.02787932385684996,0.0234,True,3.299379199422622,3.3926640195048803,3.3703465848700964,3.321000437028616,0.03,0.03,0.2372544057567631,0.7627832418662773,2,1,3.35693359375,0.010924209215861864,-0.00794357547345892,3.3890503297929184,0.011129800858711736,3.3890503297929184,0.011129800858711736,0.012961752247892793,154948.79335165024,157927.85439570548,,1,3.3890503297929184,0.03336212858523738,0.027178182606591106,0.11207095284124595,3.3890503297929184,0.03336212858523738,-0.00106514812288699,0.11207095284124595,1,False,0.0
156000.0,0.03,1,stay2,cov,4.0,0.5248342144175678,0.014641268071064636,0.02787932385684996,0.0234,True,3.299379199422622,3.3926640195048803,3.3703465848700964,3.321000437028616,0.03,0.03,0.2372544057567631,0.7627832418662773,2,1,3.35693359375,0.010924209215861864,-0.00794357547345892,3.418764363221922,0.0289380083427071,3.418764363221922,0.0289380083427071,0.012961752247892793,154948.79335165024,160709.30935449764,,1,3.418764363221922,0.02687540647690942,0.03618412937203207,-0.10415311743635267,3.418764363221922,0.02687540647690942,0.007693170784665718,-0.10415311743635267,1,False,0.0
156000.0,0.03,1,stay2,cov,16.0,0.5248342144175678,0.014641268071064636,0.02787932385684996,0.0234,True,3.299379199422622,3.3926640195048803,3.3703465848700964,3.321000437028616,0.03,0.03,0.2372544057567631,0.7627832418662773,2,1,3.35693359375,0.010924209215861864,-0.00794357547345892,3.400331613215799,0.01787259071504743,3.400331613215799,0.01787259071504743,0.012961752247892793,154948.79335165024,158981.00734772792,,2,3.2384115510623,0.013692004397446757,-0.018478521162705753,-0.5435998534184414,3.400331613215799,0.03149034210590313,0.002260051000286712,0.049678070196771076,1,False,0.04878033632171892
156000.0,0.03,1,stay2,data,4.0,0.5248342144175678,0.014641268071064636,0.02787932385684996,0.0234,True,3.299379199422622,3.3926640195048803,3.3703465848700964,3.321000437028616,0.03,0.03,0.2372544057567631,0.7627832418662773,2,1,3.35693359375,0.010924209215861864,-0.00794357547345892,3.4085362216752393,0.02279053538447884,3.4085362216752393,0.02279053538447884,0.012961752247892793,154948.79335165024,159749.13864899162,,1,3.4085362216752393,0.0335250794408557,0.03308410935963932,0.11750264802852332,3.4085362216752393,0.0335250794408557,0.004678389041504726,0.11750264802852332,1,False,0.0
156000.0,0.03,1,stay2,data,16.0,0.5248342144175678,0.014641268071064636,0.02787932385684996,0.0234,True,3.299379199422622,3.3926640195048803,3.3703465848700964,3.321000437028616,0.03,0.03,0.2372544057567631,0.7627832418662773,2,1,3.35693359375,0.010924209215861864,-0.00794357547345892,3.398854271982029,0.016988313147969336,3.398854271982029,0.016988313147969336,0.012961752247892793,154948.79335165024,158842.89247984422,,1,3.398854271982029,0.03252646990307134,0.030149633172450938,0.08421566343571145,3.398854271982029,0.03252646990307134,0.0018245993241771273,0.08421566343571145,1,False,0.0
156000.0,0.03,1,stay+deck,cov,4.0,0.5248342144175678,0.014641268071064636,0.02787932385684996,0.0234,True,3.299379199422622,3.3926640195048803,3.3703465848700964,3.321000437028616,0.03,0.03,0.2372544057567631,0.7627832418662773,2,1,3.35693359375,0.010924209215861864,-0.00794357547345892,3.411785254089288,0.02474132198225054,3.411785254089288,0.02474132198225054,0.012961752247892793,154948.79335165024,160053.83102529022,,2,3.271017560948163,0.025250092090729044,-0.008596053002765523,-0.15833026364236516,3.411785254089288,0.02495613596358352,0.0056360531059005785,-0.16812880121388266,2,True,0.04212833957164601
156000.0,0.03,1,stay+deck,cov,16.0,0.5248342144175678,0.014641268071064636,0.02787932385684996,0.0234,True,3.299379199422622,3.3926640195048803,3.3703465848700964,3.321000437028616,0.03,0.03,0.2372544057567631,0.7627832418662773,2,1,3.35693359375,0.010924209215861864,-0.00794357547345892,3.411205060707974,0.02439282550010846,3.411205060707974,0.02439282550010846,0.012961752247892793,154948.79335165024,159999.3995352458,,2,3.273391829529995,0.026664402240026745,-0.007876442300774231,-0.11118659199910846,3.411205060707974,0.026650665451128437,0.005465039006662261,-0.1116444849623854,2,True,0.041233071624479915
156000.0,0.03,1,stay+deck,data,4.0,0.5248342144175678,0.014641268071064636,0.02787932385684996,0.0234,True,3.299379199422622,3.3926640195048803,3.3703465848700964,3.321000437028616,0.03,0.03,0.2372544057567631,0.7627832418662773,2,1,3.35693359375,0.010924209215861864,-0.00794357547345892,3.421541541151258,0.03061036961917951,3.421541541151258,0.03061036961917951,0.012961752247892793,154948.79335165024,160970.51462007622,,2,3.276556607349754,0.024620754269003762,-0.0069172382722368034,-0.17930819103320791,3.421541541151258,0.027927830845795497,0.008511754031745243,-0.06907230514015007,2,True,0.04329137333825147
156000.0,0.03,1,stay+deck,data,16.0,0.5248342144175678,0.014641268071064636,0.02787932385684996,0.0234,True,3.299379199422622,3.3926640195048803,3.3703465848700964,3.321000437028616,0.03,0.03,0.2372544057567631,0.7627832418662773,2,1,3.35693359375,0.010924209215861864,-0.00794357547345892,3.420972234973447,0.030267434114584546,3.420972234973447,0.030267434114584546,0.012961752247892793,154948.79335165024,160916.95169631427,,2,3.271980888750882,0.019663548168529898,-0.008304080560529307,-0.3445483943823367,3.420972234973447,0.02888334226072399,0.008343948975147205,-0.03722192464253362,2,True,0.04452185559000536
156000.0,0.03,2,stay,cov,4.0,0.5248342144175678,0.014641268071064636,0.02787932385684996,0.0234,True,3.299379199422622,3.3926640195048803,3.3703465848700964,3.321000437028616,0.03,0.03,0.2372544057567631,0.7627832418662773,1,1,3.47900390625,0.010924209215861864,0.06551779282206027,3.244907768530623,-0.07305153871380476,3.4298681336642862,0.03563261724120337,0.012961752247892793,166422.68747091293,144779.61336121784,,2,3.244907768530623,0.0419333504971832,-0.016509600018552333,0.39777834990610667,3.4298681336642862,0.03026489951509022,0.010966047314297704,0.008829983836340649,0,False,0.05542069661779698
156000.0,0.03,2,stay,cov,16.0,0.5248342144175678,0.014641268071064636,0.02787932385684996,0.0234,True,3.299379199422622,3.3926640195048803,3.3703465848700964,3.321000437028616,0.03,0.03,0.2372544057567631,0.7627832418662773,1,1,3.47900390625,0.010924209215861864,0.06551779282206027,3.4300607142235826,0.03574891810178782,3.4300607142235826,0.03574891810178782,0.012961752247892793,166422.68747091293,161773.10191982493,,1,3.4300607142235826,0.024621601778224436,0.03960791012558645,-0.1792799407258521,3.4300607142235826,0.024621601778224436,0.011022811131224228,-0.1792799407258521,0,False,0.0
156000.0,0.03,2,stay,data,4.0,0.5248342144175678,0.014641268071064636,0.02787932385684996,0.0234,True,3.299379199422622,3.3926640195048803,3.3703465848700964,3.321000437028616,0.03,0.03,0.2372544057567631,0.7627832418662773,1,1,3.47900390625,0.010924209215861864,0.06551779282206027,3.418213908804804,0.028606696901010586,3.418213908804804,0.028606696901010586,0.012961752247892793,166422.68747091293,160657.561987266,,1,3.418213908804804,0.032670328044296315,0.03601729361783501,0.0890109348098772,3.418213908804804,0.032670328044296315,0.007530922352768799,0.0890109348098772,1,False,0.0
156000.0,0.03,2,stay,data,16.0,0.5248342144175678,0.014641268071064636,0.02787932385684996,0.0234,True,3.299379199422622,3.3926640195048803,3.3703465848700964,3.321000437028616,0.03,0.03,0.2372544057567631,0.7627832418662773,1,1,3.47900390625,0.010924209215861864,0.06551779282206027,3.40263169042112,0.019250090106962547,3.40263169042112,0.019250090106962547,0.012961752247892793,166422.68747091293,159196.1582840487,,1,3.40263169042112,0.03084021699066878,0.031294520804570305,0.0280072330222927,3.40263169042112,0.03084021699066878,0.002938007082025817,0.0280072330222927,1,False,0.0
156000.0,0.03,2,stay2,cov,4.0,0.5248342144175678,0.014641268071064636,0.02787932385684996,0.0234,True,3.299379199422622,3.3926640195048803,3.3703465848700964,3.321000437028616,0.03,0.03,0.2372544057567631,0.7627832418662773,1,1,3.47900390625,0.010924209215861864,0.06551779282206027,3.408183437088755,0.022578828047438382,3.408183437088755,0.022578828047438382,0.012961752247892793,166422.68747091293,159716.07218663415,,1,3.408183437088755,0.038763016700901085,0.032977184824700786,0.2921005566967029,3.408183437088755,0.038763016700901085,0.004574404507682359,0.2921005566967029,1,False,0.0
156000.0,0.03,2,stay2,cov,16.0,0.5248342144175678,0.014641268071064636,0.02787932385684996,0.0234,True,3.299379199422622,3.3926640195048803,3.3703465848700964,3.321000437028616,0.03,0.03,0.2372544057567631,0.7627832418662773,1,1,3.47900390625,0.010924209215861864,0.06551779282206027,3.413638776662367,0.025855048063659014,3.413638776662367,0.025855048063659014,0.012961752247892793,166422.68747091293,160227.78334107794,,2,3.413638776662367,0.03171098784217789,0.03463062907705182,0.05703292807259647,3.413638776662367,0.03171098784217789,0.006182385593415695,0.05703292807259647,1,False,0.0805074680536362
156000.0,0.03,2,stay2,data,4.0,0.5248342144175678,0.014641268071064636,0.02787932385684996,0.0234,True,3.299379199422622,3.3926640195048803,3.3703465848700964,3.321000437028616,0.03,0.03,0.2372544057567631,0.7627832418662773,1,1,3.47900390625,0.010924209215861864,0.06551779282206027,,,,,0.012961752247892793,166422.68747091293,,,0,,,,,,,,,0,False,0.0
156000.0,0.03,2,stay2,data,16.0,0.5248342144175678,0.014641268071064636,0.02787932385684996,0.0234,True,3.299379199422622,3.3926640195048803,3.3703465848700964,3.321000437028616,0.03,0.03,0.2372544057567631,0.7627832418662773,1,1,3.47900390625,0.010924209215861864,0.06551779282206027,3.419726465564814,0.029517213492513017,3.419726465564814,0.029517213492513017,0.012961752247892793,166422.68747091293,160799.7751151607,,1,3.419726465564814,0.02900989361664332,0.03647573039293341,-0.03300354611188924,3.419726465564814,0.02900989361664332,0.00797675393270544,-0.03300354611188924,1,False,0.0
156000.0,0.03,2,stay+deck,cov,4.0,0.5248342144175678,0.014641268071064636,0.02787932385684996,0.0234,True,3.299379199422622,3.3926640195048803,3.3703465848700964,3.321000437028616,0.03,0.03,0.2372544057567631,0.7627832418662773,1,1,3.47900390625,0.010924209215861864,0.06551779282206027,,,,,0.012961752247892793,166422.68747091293,,,0,,,,,,,,,0,False,0.0
156000.0,0.03,2,stay+deck,cov,16.0,0.5248342144175678,0.014641268071064636,0.02787932385684996,0.0234,True,3.299379199422622,3.3926640195048803,3.3703465848700964,3.321000437028616,0.03,0.03,0.2372544057567631,0.7627832418662773,1,1,3.47900390625,0.010924209215861864,0.06551779282206027,3.3096583658551655,-0.03568880863334334,3.3096583658551655,-0.03568880863334334,0.012961752247892793,166422.68747091293,150615.2793567824,,1,3.3096583658551655,0.025304564505243606,0.0031154850083137653,-0.15651451649187978,3.3096583658551655,0.025304564505243606,-0.024466216864536,-0.15651451649187978,1,False,0.0
156000.0,0.03,2,stay+deck,data,4.0,0.5248342144175678,0.014641268071064636,0.02787932385684996,0.0234,True,3.299379199422622,3.3926640195048803,3.3703465848700964,3.321000437028616,0.03,0.03,0.2372544057567631,0.7627832418662773,1,1,3.47900390625,0.010924209215861864,0.06551779282206027,,,,,0.012961752247892793,166422.68747091293,,,0,,,,,,,,,0,False,0.0
156000.0,0.03,2,stay+deck,data,16.0,0.5248342144175678,0.014641268071064636,0.02787932385684996,0.0234,True,3.299379199422622,3.3926640195048803,3.3703465848700964,3.321000437028616,0.03,0.03,0.2372544057567631,0.7627832418662773,1,1,3.47900390625,0.010924209215861864,0.06551779282206027,3.298401587549195,-0.04223726534813799,3.298401587549195,-0.04223726534813799,0.012961752247892793,166422.68747091293,149592.47920027195,,1,3.298401587549195,0.01366970337755314,-0.0002963017629491931,-0.5443432207482286,3.298401587549195,0.01366970337755314,-0.027784193015800478,-0.5443432207482286,1,False,0.0
161000.0,0.03,0,stay,cov,4.0,0.8176827470787437,0.03004427081132042,0.03878556511060405,0.0234,True,3.307387901671545,3.4382036926674338,3.4238680561291908,3.321000437028616,0.030000000000000002,0.030000000000000006,0.1084355605375269,0.8915983303190185,3,1,3.45458984375,0.008651649116780229,0.018026172627535697,3.433103361266237,0.005401937412566449,3.433103361266237,0.005401937412566449,0.008037459829289391,164095.12609243393,162060.23197564107,,1,3.433103361266237,0.0345447916611251,0.03801049750806546,0.1514930553708365,3.433103361266237,0.0345447916611251,-0.0014834290976052855,0.15149305537083635,1,False,0.0
161000.0,0.03,0,stay,cov,16.0,0.8176827470787437,0.03004427081132042,0.03878556511060405,0.0234,True,3.307387901671545,3.4382036926674338,3.4238680561291908,3.321000437028616,0.030000000000000002,0.030000000000000006,0.1084355605375269,0.8915983303190185,3,1,3.45458984375,0.008651649116780229,0.018026172627535697,3.4423221108069337,0.01080870316880711,3.4423221108069337,0.01080870316880711,0.008037459829289391,164095.12609243393,162931.74582506667,,1,3.4423221108069337,0.006699158875021573,0.04079781783902442,-0.7766947041659475,3.4423221108069337,0.006699158875021573,0.0011978400663937455,-0.7766947041659477,1,False,0.0
161000.0,0.03,0,stay,data,4.0,0.8176827470787437,0.03004427081132042,0.03878556511060405,0.0234,True,3.307387901671545,3.4382036926674338,3.4238680561291908,3.321000437028616,0.030000000000000002,0.030000000000000006,0.1084355605375269,0.8915983303190185,3,1,3.45458984375,0.008651649116780229,0.018026172627535697,3.438685844570256,0.008674313583363569,3.438685844570256,0.008674313583363569,0.008037459829289391,164095.12609243393,162587.704642658,,1,3.438685844570256,0.03348064624493809,0.0396983803539807,0.11602154149793636,3.438685844570256,0.03348064624493809,0.0001402336644133286,0.11602154149793623,1,False,0.0
161000.0,0.03,0,stay,data,16.0,0.8176827470787437,0.03004427081132042,0.03878556511060405,0.0234,True,3.307387901671545,3.4382036926674338,3.4238680561291908,3.321000437028616,0.030000000000000002,0.030000000000000006,0.1084355605375269,0.8915983303190185,3,1,3.45458984375,0.008651649116780229,0.018026172627535697,3.4391845030076613,0.008966879086418356,3.4391845030076613,0.008966879086418356,0.008037459829289391,164095.12609243393,162634.86312876074,,1,3.4391845030076613,0.00695594602670376,0.0398491514314081,-0.7681351324432081,3.4391845030076613,0.00695594602670376,0.0002852682469974991,-0.768135132443208,1,False,0.0
161000.0,0.03,0,stay2,cov,4.0,0.8176827470787437,0.03004427081132042,0.03878556511060405,0.0234,True,3.307387901671545,3.4382036926674338,3.4238680561291908,3.321000437028616,0.030000000000000002,0.030000000000000006,0.1084355605375269,0.8915983303190185,3,1,3.45458984375,0.008651649116780229,0.018026172627535697,3.444855642951718,0.01229715118160657,3.444855642951718,0.01229715118160657,0.008037459829289391,164095.12609243393,163171.66801067407,,1,3.444855642951718,0.032768444500140576,0.04156383991448279,0.0922814833380191,3.444855642951718,0.032768444500140576,0.0019347167529575908,0.09228148333801897,1,False,0.0
161000.0,0.03,0,stay2,cov,16.0,0.8176827470787437,0.03004427081132042,0.03878556511060405,0.0234,True,3.307387901671545,3.4382036926674338,3.4238680561291908,3.321000437028616,0.030000000000000002,0.030000000000000006,0.1084355605375269,0.8915983303190185,3,1,3.45458984375,0.008651649116780229,0.018026172627535697,3.4480705271393592,0.014187469396317764,3.4480705271393592,0.014187469396317764,0.008037459829289391,164095.12609243393,163476.36745174762,,4,3.33902158833829,0.025156407821304835,0.009564552936399587,-0.1614530726231722,3.4480705271393592,0.006933826177723386,0.0028697643752079688,-0.7688724607425539,2,True,0.10926020401334686
161000.0,0.03,0,stay2,data,4.0,0.8176827470787437,0.03004427081132042,0.03878556511060405,0.0234,True,3.307387901671545,3.4382036926674338,3.4238680561291908,3.321000437028616,0.030000000000000002,0.030000000000000006,0.1084355605375269,0.8915983303190185,3,1,3.45458984375,0.008651649116780229,0.018026172627535697,3.443202850524239,0.011326012840617183,3.443202850524239,0.011326012840617183,0.008037459829289391,164095.12609243393,163015.13071055087,,1,3.443202850524239,0.03288104534613408,0.041064112493141056,0.09603484487113582,3.443202850524239,0.03288104534613408,0.0014540028176535122,0.0960348448711357,1,False,0.0
161000.0,0.03,0,stay2,data,16.0,0.8176827470787437,0.03004427081132042,0.03878556511060405,0.0234,True,3.307387901671545,3.4382036926674338,3.4238680561291908,3.321000437028616,0.030000000000000002,0.030000000000000006,0.1084355605375269,0.8915983303190185,3,1,3.45458984375,0.008651649116780229,0.018026172627535697,3.4441771650312987,0.011898438607797823,3.4441771650312987,0.011898438607797823,0.008037459829289391,164095.12609243393,163107.39973169172,,1,3.4441771650312987,0.032961812400270504,0.04135869980373966,0.09872708000901673,3.4441771650312987,0.032961812400270504,0.0017373817544912725,0.0987270800090166,1,False,0.0
161000.0,0.03,0,stay+deck,cov,4.0,0.8176827470787437,0.03004427081132042,0.03878556511060405,0.0234,True,3.307387901671545,3.4382036926674338,3.4238680561291908,3.321000437028616,0.030000000000000002,0.030000000000000006,0.1084355605375269,0.8915983303190185,3,1,3.45458984375,0.008651649116780229,0.018026172627535697,3.32863324813296,-0.05485627921678615,3.32863324813296,-0.05485627921678615,0.008037459829289391,164095.12609243393,152347.24038292246,,1,3.32863324813296,0.03331012123018086,0.0064236028833139685,0.11033737433936186,3.32863324813296,0.03331012123018086,-0.031868514587472474,0.11033737433936174,1,False,0.0
161000.0,0.03,0,stay+deck,cov,16.0,0.8176827470787437,0.03004427081132042,0.03878556511060405,0.0234,True,3.307387901671545,3.4382036926674338,3.4238680561291908,3.321000437028616,0.030000000000000002,0.030000000000000006,0.1084355605375269,0.8915983303190185,3,1,3.45458984375,0.008651649116780229,0.018026172627535697,3.460825844149067,0.02170483885164809,3.460825844149067,0.02170483885164809,0.008037459829289391,164095.12609243393,164688.0884485389,,2,3.3281433602843755,0.018530166617761606,0.0062754836232970825,-0.3823277794079465,3.460825844149067,0.009539944131599216,0.0065796425993837485,-0.6820018622800262,2,True,0.03908766702846286
161000.0,0.03,0,stay+deck,data,4.0,0.8176827470787437,0.03004427081132042,0.03878556511060405,0.0234,True,3.307387901671545,3.4382036926674338,3.4238680561291908,3.321000437028616,0.030000000000000002,0.030000000000000006,0.1084355605375269,0.8915983303190185,3,1,3.45458984375,0.008651649116780229,0.018026172627535697,3.440462696476869,0.009716995591268374,3.440462696476869,0.009716995591268374,0.008037459829289391,164095.12609243393,162755.77403042224,,2,3.318633085242982,0.030415604720439166,0.003400019564005192,0.013853490681305437,3.440462696476869,0.03263349312062702,0.0006570302435115065,0.08778310402090052,2,True,0.036049085607982756
161000.0,0.03,0,stay+deck,data,16.0,0.8176827470787437,0.03004427081132042,0.03878556511060405,0.0234,True,3.307387901671545,3.4382036926674338,3.4238680561291908,3.321000437028616,0.030000000000000002,0.030000000000000006,0.1084355605375269,0.8915983303190185,3,1,3.45458984375,0.008651649116780229,0.018026172627535697,3.2992926812115924,-0.07144496981692983,3.2992926812115924,-0.07144496981692983,0.008037459829289391,164095.12609243393,149673.3176990752,,1,3.2992926812115924,0.019819082679769312,-0.002447617485648169,-0.33936391067435634,3.2992926812115924,0.019819082679769312,-0.0404022053004286,-0.3393639106743564,1,False,0.0
161000.0,0.03,1,stay,cov,4.0,0.8176827470787437,0.03004427081132042,0.03878556511060405,0.0234,True,3.307387901671545,3.4382036926674338,3.4238680561291908,3.321000437028616,0.030000000000000002,0.030000000000000006,0.1084355605375269,0.8915983303190185,2,1,3.41796875,0.008651649116780229,-0.0034430204647483142,,,,,0.008037459829289391,160634.51766967773,,,0,,,,,,,,,0,False,0.0
161000.0,0.03,1,stay,cov,16.0,0.8176827470787437,0.03004427081132042,0.03878556511060405,0.0234,True,3.307387901671545,3.4382036926674338,3.4238680561291908,3.321000437028616,0.030000000000000002,0.030000000000000006,0.1084355605375269,0.8915983303190185,2,1,3.41796875,0.008651649116780229,-0.0034430204647483142,3.438244214186124,0.008415242159328207,3.438244214186124,0.008415242159328207,0.008037459829289391,160634.51766967773,162545.94505028494,,1,3.438244214186124,0.033489878146331926,0.03956485190274923,0.11632927154439746,3.438244214186124,0.033489878146331926,1.1785665513853107e-05,0.11632927154439733,1,False,0.0
161000.0,0.03,1,stay,data,4.0,0.8176827470787437,0.03004427081132042,0.03878556511060405,0.0234,True,3.307387901671545,3.4382036926674338,3.4238680561291908,3.321000437028616,0.030000000000000002,0.030000000000000006,0.1084355605375269,0.8915983303190185,2,1,3.41796875,0.008651649116780229,-0.0034430204647483142,,,,,0.008037459829289391,160634.51766967773,,,0,,,,,,,,,0,False,0.0
161000.0,0.03,1,stay,data,16.0,0.8176827470787437,0.03004427081132042,0.03878556511060405,0.0234,True,3.307387901671545,3.4382036926674338,3.4238680561291908,3.321000437028616,0.030000000000000002,0.030000000000000006,0.1084355605375269,0.8915983303190185,2,1,3.41796875,0.008651649116780229,-0.0034430204647483142,3.435641515375191,0.006889109868198684,3.435641515375191,0.006889109868198684,0.008037459829289391,160634.51766967773,162299.94855483115,,1,3.435641515375191,0.03164306567191269,0.03877791705013707,0.05476885573042292,3.435641515375191,0.03164306567191269,-0.0007452081148383174,0.0547688557304228,1,False,0.0
161000.0,0.03,1,stay2,cov,4.0,0.8176827470787437,0.03004427081132042,0.03878556511060405,0.0234,True,3.307387901671545,3.4382036926674338,3.4238680561291908,3.321000437028616,0.030000000000000002,0.030000000000000006,0.1084355605375269,0.8915983303190185,2,1,3.41796875,0.008651649116780229,-0.0034430204647483142,3.4415022902085224,0.010327293765414636,3.4415022902085224,0.010327293765414636,0.008037459829289391,160634.51766967773,162854.14768576942,,1,3.4415022902085224,0.025670797819986546,0.04054994228805049,-0.14430673933378185,3.4415022902085224,0.025670797819986546,0.0009593956135069788,-0.14430673933378196,1,False,0.0
161000.0,0.03,1,stay2,cov,16.0,0.8176827470787437,0.03004427081132042,0.03878556511060405,0.0234,True,3.307387901671545,3.4382036926674338,3.4238680561291908,3.321000437028616,0.030000000000000002,0.030000000000000006,0.1084355605375269,0.8915983303190185,2,1,3.41796875,0.008651649116780229,-0.0034430204647483142,3.4344003535810694,0.006161742619544386,3.4344003535810694,0.006161742619544386,0.008037459829289391,160634.51766967773,162182.7045943194,,2,3.2908133747361052,0.013142464789898837,-0.005011364686634692,-0.5619178403367054,3.4344003535810694,0.02866664736817874,-0.0011061994652834567,-0.04444508772737549,2,True,0.04270109014985712
161000.0,0.03,1,stay2,data,4.0,0.8176827470787437,0.03004427081132042,0.03878556511060405,0.0234,True,3.307387901671545,3.4382036926674338,3.4238680561291908,3.321000437028616,0.030000000000000002,0.030000000000000006,0.1084355605375269,0.8915983303190185,2,1,3.41796875,0.008651649116780229,-0.0034430204647483142,3.446328559446821,0.013162991777598165,3.446328559446821,0.013162991777598165,0.008037459829289391,160634.51766967773,163311.23242030852,,1,3.446328559446821,0.026638097274867115,0.04200918123485185,-0.11206342417109624,3.446328559446821,0.026638097274867115,0.0023631138541079125,-0.11206342417109635,1,False,0.0
161000.0,0.03,1,stay2,data,16.0,0.8176827470787437,0.03004427081132042,0.03878556511060405,0.0234,True,3.307387901671545,3.4382036926674338,3.4238680561291908,3.321000437028616,0.030000000000000002,0.030000000000000006,0.1084355605375269,0.8915983303190185,2,1,3.41796875,0.008651649116780229,-0.0034430204647483142,3.450898693723956,0.01585185961087987,3.450898693723956,0.01585185961087987,0.008037459829289391,160634.51766967773,163744.64967225346,,1,3.450898693723956,0.028451073725273147,0.04339097690351993,-0.05163087582422849,3.450898693723956,0.028451073725273147,0.0036923353562782276,-0.0516308758242286,1,False,0.0
161000.0,0.03,1,stay+deck,cov,4.0,0.8176827470787437,0.03004427081132042,0.03878556511060405,0.0234,True,3.307387901671545,3.4382036926674338,3.4238680561291908,3.321000437028616,0.030000000000000002,0.030000000000000006,0.1084355605375269,0.8915983303190185,2,1,3.41796875,0.008651649116780229,-0.0034430204647483142,3.443563072589801,0.011537630347598249,3.443563072589801,0.011537630347598249,0.008037459829289391,160634.51766967773,163049.2412299315,,2,3.282625968376016,0.03045958931062948,-0.007486854893257019,0.015319643687649227,3.443563072589801,0.02490690898382364,0.0015587732436554134,-0.1697697005392122,2,True,0.04785387482676989
161000.0,0.03,1,stay+deck,cov,16.0,0.8176827470787437,0.03004427081132042,0.03878556511060405,0.0234,True,3.307387901671545,3.4382036926674338,3.4238680561291908,3.321000437028616,0.030000000000000002,0.030000000000000006,0.1084355605375269,0.8915983303190185,2,1,3.41796875,0.008651649116780229,-0.0034430204647483142,3.4470770141672915,0.013603105918287506,3.4470770141672915,0.013603105918287506,0.008037459829289391,160634.51766967773,163382.17419700674,,2,3.2816216332174,0.030681125087580537,-0.007790519050130904,0.022704169586017807,3.4470770141672915,0.02397864241253068,0.0025808015734441955,-0.20071191958231077,2,True,0.049179013542002055
161000.0,0.03,1,stay+deck,data,4.0,0.8176827470787437,0.03004427081132042,0.03878556511060405,0.0234,True,3.307387901671545,3.4382036926674338,3.4238680561291908,3.321000437028616,0.030000000000000002,0.030000000000000006,0.1084355605375269,0.8915983303190185,2,1,3.41796875,0.008651649116780229,-0.0034430204647483142,3.444792701104138,0.01226015963391025,3.444792701104138,0.01226015963391025,0.008037459829289391,160634.51766967773,163165.70536172972,,2,3.284126762398665,0.029857427108331766,-0.0070330847074585754,-0.004752429722274543,3.444792701104138,0.025213932780567695,0.001916410144854531,-0.15953557398107698,2,True,0.047753859910766874
161000.0,0.03,1,stay+deck,data,16.0,0.8176827470787437,0.03004427081132042,0.03878556511060405,0.0234,True,3.307387901671545,3.4382036926674338,3.4238680561291908,3.321000437028616,0.030000000000000002,0.030000000000000006,0.1084355605375269,0.8915983303190185,2,1,3.41796875,0.008651649116780229,-0.0034430204647483142,3.448093888040939,0.014201211814709902,3.448093888040939,0.014201211814709902,0.008037459829289391,160634.51766967773,163478.58258524758,,2,3.2792922754706773,0.02460877132715015,-0.008494808300734284,-0.17970762242832844,3.448093888040939,0.023884902581437953,0.002876558882941661,-0.20383658061873505,2,True,0.05018341699657966
161000.0,0.03,2,stay,cov,4.0,0.8176827470787437,0.03004427081132042,0.03878556511060405,0.0234,True,3.307387901671545,3.4382036926674338,3.4238680561291908,3.321000437028616,0.030000000000000002,0.030000000000000006,0.1084355605375269,0.8915983303190185,1,1,3.47900390625,0.008651649116780229,0.03246607988202577,3.462546749018495,0.022721182383766525,3.462546749018495,0.022721182383766525,0.008037459829289391,166422.68747091293,164851.91235065504,,1,3.462546749018495,0.03122167120105574,0.04691280610554728,0.04072237336852462,3.462546749018495,0.03122167120105574,0.0070801670078410265,0.040722373368524495,1,False,0.0
161000.0,0.03,2,stay,cov,16.0,0.8176827470787437,0.03004427081132042,0.03878556511060405,0.0234,True,3.307387901671545,3.4382036926674338,3.4238680561291908,3.321000437028616,0.030000000000000002,0.030000000000000006,0.1084355605375269,0.8915983303190185,1,1,3.47900390625,0.008651649116780229,0.03246607988202577,3.4457017696010306,0.012794493814343832,3.4457017696010306,0.012794493814343832,0.008037459829289391,166422.68747091293,163251.8344191855,,2,3.4457017696010306,0.02391641194854644,0.04181966918956869,-0.20278626838178535,3.4457017696010306,0.02391641194854644,0.002180812308935559,-0.20278626838178546,1,False,0.08389113938534634
161000.0,0.03,2,stay,data,4.0,0.8176827470787437,0.03004427081132042,0.03878556511060405,0.0234,True,3.307387901671545,3.4382036926674338,3.4238680561291908,3.321000437028616,0.030000000000000002,0.030000000000000006,0.1084355605375269,0.8915983303190185,1,1,3.47900390625,0.008651649116780229,0.03246607988202577,3.4614447126037504,0.02207027615337287,3.4614447126037504,0.02207027615337287,0.008037459829289391,166422.68747091293,164746.99310317135,,1,3.4614447126037504,0.032220451726986565,0.046579601641024836,0.07401505756621876,3.4614447126037504,0.032220451726986565,0.006759640211509915,0.07401505756621864,1,False,0.0
161000.0,0.03,2,stay,data,16.0,0.8176827470787437,0.03004427081132042,0.03878556511060405,0.0234,True,3.307387901671545,3.4382036926674338,3.4238680561291908,3.321000437028616,0.030000000000000002,0.030000000000000006,0.1084355605375269,0.8915983303190185,1,1,3.47900390625,0.008651649116780229,0.03246607988202577,3.4400110332105904,0.00945190209585034,3.4400110332105904,0.00945190209585034,0.008037459829289391,166422.68747091293,162713.04374339568,,2,3.4400110332105904,0.025002265283607238,0.04009905565416691,-0.16659115721309214,3.4400110332105904,0.025002265283607238,0.0005256641853451395,-0.16659115721309226,1,False,0.08278110947696933
161000.0,0.03,2,stay2,cov,4.0,0.8176827470787437,0.03004427081132042,0.03878556511060405,0.0234,True,3.307387901671545,3.4382036926674338,3.4238680561291908,3.321000437028616,0.030000000000000002,0.030000000000000006,0.1084355605375269,0.8915983303190185,1,1,3.47900390625,0.008651649116780229,0.03246607988202577,3.469954713294534,0.02710199632900956,3.469954713294534,0.02710199632900956,0.008037459829289391,166422.68747091293,165558.05354433059,,1,3.469954713294534,0.028928396633441173,0.0491526293425783,-0.03572011221862764,3.469954713294534,0.028928396633441173,0.009234770090793312,-0.03572011221862775,1,False,0.0
161000.0,0.03,2,stay2,cov,16.0,0.8176827470787437,0.03004427081132042,0.03878556511060405,0.0234,True,3.307387901671545,3.4382036926674338,3.4238680561291908,3.321000437028616,0.030000000000000002,0.030000000000000006,0.1084355605375269,0.8915983303190185,1,1,3.47900390625,0.008651649116780229,0.03246607988202577,3.438878190474149,0.00878715890133197,3.438878190474149,0.00878715890133197,0.008037459829289391,166422.68747091293,162605.89412263295,,2,3.438878190474149,0.01679965088635964,0.0397565367933255,-0.44001163712134533,3.438878190474149,0.01679965088635964,0.00019617738418289528,-0.4400116371213454,1,False,0.08457823853647964
161000.0,0.03,2,stay2,data,4.0,0.8176827470787437,0.03004427081132042,0.03878556511060405,0.0234,True,3.307387901671545,3.4382036926674338,3.4238680561291908,3.321000437028616,0.030000000000000002,0.030000000000000006,0.1084355605375269,0.8915983303190185,1,1,3.47900390625,0.008651649116780229,0.03246607988202577,3.4649910295176904,0.024165610406756688,3.4649910295176904,0.024165610406756688,0.008037459829289391,166422.68747091293,165084.7389762734,,1,3.4649910295176904,0.02918268667749784,0.04765184264189073,-0.027243777416738797,3.4649910295176904,0.02918268667749784,0.007791084893366073,-0.027243777416738908,1,False,0.0
161000.0,0.03,2,stay2,data,16.0,0.8176827470787437,0.03004427081132042,0.03878556511060405,0.0234,True,3.307387901671545,3.4382036926674338,3.4238680561291908,3.321000437028616,0.030000000000000002,0.030000000000000006,0.1084355605375269,0.8915983303190185,1,1,3.47900390625,0.008651649116780229,0.03246607988202577,3.4507572983757338,0.01576861533306606,3.4507572983757338,0.01576861533306606,0.008037459829289391,166422.68747091293,163731.23156903413,,1,3.4507572983757338,0.02683956806935174,0.043348225538265533,-0.10534773102160871,3.4507572983757338,0.02683956806935174,0.0036512105827449202,-0.10534773102160881,1,False,0.0
161000.0,0.03,2,stay+deck,cov,4.0,0.8176827470787437,0.03004427081132042,0.03878556511060405,0.0234,True,3.307387901671545,3.4382036926674338,3.4238680561291908,3.321000437028616,0.030000000000000002,0.030000000000000006,0.1084355605375269,0.8915983303190185,1,1,3.47900390625,0.008651649116780229,0.03246607988202577,3.337467956437033,-0.04983250540710682,3.337467956437033,-0.04983250540710682,0.008037459829289391,166422.68747091293,153157.0199533548,,1,3.337467956437033,0.028184689115404917,0.009094807037990812,-0.06051036281983617,3.337467956437033,0.028184689115404917,-0.029298943644682055,-0.06051036281983628,1,False,0.0
161000.0,0.03,2,stay+deck,cov,16.0,0.8176827470787437,0.03004427081132042,0.03878556511060405,0.0234,True,3.307387901671545,3.4382036926674338,3.4238680561291908,3.321000437028616,0.030000000000000002,0.030000000000000006,0.1084355605375269,0.8915983303190185,1,1,3.47900390625,0.008651649116780229,0.03246607988202577,,,,,0.008037459829289391,166422.68747091293,,,0,,,,,,,,,0,False,0.0
161000.0,0.03,2,stay+deck,data,4.0,0.8176827470787437,0.03004427081132042,0.03878556511060405,0.0234,True,3.307387901671545,3.4382036926674338,3.4238680561291908,3.321000437028616,0.030000000000000002,0.030000000000000006,0.1084355605375269,0.8915983303190185,1,1,3.47900390625,0.008651649116780229,0.03246607988202577,3.453865673542012,0.01759940882169908,3.453865673542012,0.01759940882169908,0.008037459829289391,166422.68747091293,164026.33624948745,,2,3.321829882110667,0.03219198153006962,0.004366581988107019,0.07306605100232064,3.453865673542012,0.03317929051183825,0.0045552801039624394,0.1059763503946082,2,True,0.038973354203080485
161000.0,0.03,2,stay+deck,data,16.0,0.8176827470787437,0.03004427081132042,0.03878556511060405,0.0234,True,3.307387901671545,3.4382036926674338,3.4238680561291908,3.321000437028616,0.030000000000000002,0.030000000000000006,0.1084355605375269,0.8915983303190185,1,1,3.47900390625,0.008651649116780229,0.03246607988202577,3.456917031885295,0.019398223449118346,3.456917031885295,0.019398223449118346,0.008037459829289391,166422.68747091293,164316.2862734063,,1,3.456917031885295,0.0205901100897978,0.04521064195045844,-0.31366299700674005,3.456917031885295,0.0205901100897978,0.005442766307816718,-0.31366299700674016,1,False,0.0
143000.0,0.04,0,stay,cov,4.0,0.5848702764811476,-0.029116878236242406,0.03662616741848772,0.0234,True,3.2143680165328425,3.3342942161841527,3.227039131571072,3.321000437028616,0.039999999999999994,0.039999999999999994,0.8920454116169482,0.10800325065756017,1,1,3.18603515625,-0.0076085818365873165,-0.025251301690792594,3.226049372472882,-0.0006133221657792509,3.226049372472882,-0.0006133221657792509,-0.008237540487975037,139573.77523183823,143101.6751124493,,1,3.226049372472882,0.04559290579325604,0.003634106573969559,0.1398226448314012,3.226049372472882,0.04559290579325604,-0.03246409485577691,0.1398226448314012,1,False,0.0
143000.0,0.04,0,stay,cov,16.0,0.5848702764811476,-0.029116878236242406,0.03662616741848772,0.0234,True,3.2143680165328425,3.3342942161841527,3.227039131571072,3.321000437028616,0.039999999999999994,0.039999999999999994,0.8920454116169482,0.10800325065756017,1,1,3.18603515625,-0.0076085818365873165,-0.025251301690792594,3.193475821008698,-0.02069313017088803,3.193475821008698,-0.02069313017088803,-0.008237540487975037,139573.77523183823,140226.45751629872,,1,3.193475821008698,0.006666950246688397,-0.006499627739165839,-0.8333262438327901,3.193475821008698,0.006666950246688397,-0.04223334416379442,-0.8333262438327901,1,False,0.0
143000.0,0.04,0,stay,data,4.0,0.5848702764811476,-0.029116878236242406,0.03662616741848772,0.0234,True,3.2143680165328425,3.3342942161841527,3.227039131571072,3.321000437028616,0.039999999999999994,0.039999999999999994,0.8920454116169482,0.10800325065756017,1,1,3.18603515625,-0.0076085818365873165,-0.025251301690792594,,,,,-0.008237540487975037,139573.77523183823,,,0,,,,,,,,,0,False,0.0
143000.0,0.04,0,stay,data,16.0,0.5848702764811476,-0.029116878236242406,0.03662616741848772,0.0234,True,3.2143680165328425,3.3342942161841527,3.227039131571072,3.321000437028616,0.039999999999999994,0.039999999999999994,0.8920454116169482,0.10800325065756017,1,1,3.18603515625,-0.0076085818365873165,-0.025251301690792594,,,,,-0.008237540487975037,139573.77523183823,,,0,,,,,,,,,0,False,0.0
143000.0,0.04,0,stay2,cov,4.0,0.5848702764811476,-0.029116878236242406,0.03662616741848772,0.0234,True,3.2143680165328425,3.3342942161841527,3.227039131571072,3.321000437028616,0.039999999999999994,0.039999999999999994,0.8920454116169482,0.10800325065756017,1,1,3.18603515625,-0.0076085818365873165,-0.025251301690792594,3.2497416873093967,0.014119700585718098,3.2497416873093967,0.014119700585718098,-0.008237540487975037,139573.77523183823,145211.28922075222,,1,3.2497416873093967,0.05072206470374933,0.011004860238346249,0.26805161759373336,3.2497416873093967,0.05072206470374933,-0.02535844871287931,0.26805161759373336,0,False,0.0
143000.0,0.04,0,stay2,cov,16.0,0.5848702764811476,-0.029116878236242406,0.03662616741848772,0.0234,True,3.2143680165328425,3.3342942161841527,3.227039131571072,3.321000437028616,0.039999999999999994,0.039999999999999994,0.8920454116169482,0.10800325065756017,1,1,3.18603515625,-0.0076085818365873165,-0.025251301690792594,3.255103793586185,0.01746907685146426,3.255103793586185,0.01746907685146426,-0.008237540487975037,139573.77523183823,145690.8847215136,,1,3.255103793586185,0.043570151988334346,0.012673028366329282,0.08925379970835882,3.255103793586185,0.043570151988334346,-0.023750280408246418,0.08925379970835882,0,False,0.0
143000.0,0.04,0,stay2,data,4.0,0.5848702764811476,-0.029116878236242406,0.03662616741848772,0.0234,True,3.2143680165328425,3.3342942161841527,3.227039131571072,3.321000437028616,0.039999999999999994,0.039999999999999994,0.8920454116169482,0.10800325065756017,1,1,3.18603515625,-0.0076085818365873165,-0.025251301690792594,3.2419309754323136,0.00925071188137605,3.2419309754323136,0.00925071188137605,-0.008237540487975037,139573.77523183823,144514.1011801783,,1,3.2419309754323136,0.04838453894145391,0.008574923206584675,0.209613473536348,3.2419309754323136,0.04838453894145391,-0.0277009870045427,0.209613473536348,1,False,0.0
143000.0,0.04,0,stay2,data,16.0,0.5848702764811476,-0.029116878236242406,0.03662616741848772,0.0234,True,3.2143680165328425,3.3342942161841527,3.227039131571072,3.321000437028616,0.039999999999999994,0.039999999999999994,0.8920454116169482,0.10800325065756017,1,1,3.18603515625,-0.0076085818365873165,-0.025251301690792594,3.2691451281686312,0.02626599289111975,3.2691451281686312,0.02626599289111975,-0.008237540487975037,139573.77523183823,146950.5106991446,,1,3.2691451281686312,0.0451553772091266,0.017041331718722633,0.1288844302281652,3.2691451281686312,0.0451553772091266,-0.019539093970561375,0.1288844302281652,0,False,0.0
143000.0,0.04,0,stay+deck,cov,4.0,0.5848702764811476,-0.029116878236242406,0.03662616741848772,0.0234,True,3.2143680165328425,3.3342942161841527,3.227039131571072,3.321000437028616,0.039999999999999994,0.039999999999999994,0.8920454116169482,0.10800325065756017,1,1,3.18603515625,-0.0076085818365873165,-0.025251301690792594,3.224264084436248,-0.0017191325176162398,3.224264084436248,-0.0017191325176162398,-0.008237540487975037,139573.77523183823,142943.33468505085,,2,3.224264084436248,0.03469195378980308,0.003078697850559066,-0.13270115525492282,3.3544719766543696,0.04247558748370601,0.006051583682170924,0.06188968709265036,2,True,0.03958447063660912
143000.0,0.04,0,stay+deck,cov,16.0,0.5848702764811476,-0.029116878236242406,0.03662616741848772,0.0234,True,3.2143680165328425,3.3342942161841527,3.227039131571072,3.321000437028616,0.039999999999999994,0.039999999999999994,0.8920454116169482,0.10800325065756017,1,1,3.18603515625,-0.0076085818365873165,-0.025251301690792594,3.1896063504501773,-0.023064905342147446,3.1896063504501773,-0.023064905342147446,-0.008237540487975037,139573.77523183823,139886.84422394139,,2,3.1896063504501773,0.0073973490843556675,-0.007703432200452981,-0.8150662728911083,3.3118993720534635,0.022112703536396862,-0.006716517103376184,-0.4471824115900784,2,True,0.03761990739468053
143000.0,0.04,0,stay+deck,data,4.0,0.5848702764811476,-0.029116878236242406,0.03662616741848772,0.0234,True,3.2143680165328425,3.3342942161841527,3.227039131571072,3.321000437028616,0.039999999999999994,0.039999999999999994,0.8920454116169482,0.10800325065756017,1,1,3.18603515625,-0.0076085818365873165,-0.025251301690792594,3.348478864595573,0.07668003650789235,3.348478864595573,0.07668003650789235,-0.008237540487975037,139573.77523183823,154169.2722163448,,1,3.348478864595573,0.03980169008332893,0.04172230664719849,-0.004957747916776654,3.348478864595573,0.03980169008332893,0.0042541681962468105,-0.004957747916776654,1,False,0.0
143000.0,0.04,0,stay+deck,data,16.0,0.5848702764811476,-0.029116878236242406,0.03662616741848772,0.0234,True,3.2143680165328425,3.3342942161841527,3.227039131571072,3.321000437028616,0.039999999999999994,0.039999999999999994,0.8920454116169482,0.10800325065756017,1,1,3.18603515625,-0.0076085818365873165,-0.025251301690792594,,,,,-0.008237540487975037,139573.77523183823,,,0,,,,,,,,,0,False,0.0
143000.0,0.04,1,stay,cov,4.0,0.5848702764811476,-0.029116878236242406,0.03662616741848772,0.0234,True,3.2143680165328425,3.3342942161841527,3.227039131571072,3.321000437028616,0.039999999999999994,0.039999999999999994,0.8920454116169482,0.10800325065756017,1,1,3.22265625,-0.0076085818365873165,-0.0027145039362527212,3.215704548814412,-0.007012420130740771,3.215704548814412,-0.007012420130740771,-0.008237540487975037,142800.80795288086,142185.39149740335,,1,3.215704548814412,0.03830824704571917,0.00041579939655164667,-0.04229382385702065,3.215704548814412,0.03830824704571917,-0.0355666475964013,-0.04229382385702065,1,False,0.0
143000.0,0.04,1,stay,cov,16.0,0.5848702764811476,-0.029116878236242406,0.03662616741848772,0.0234,True,3.2143680165328425,3.3342942161841527,3.227039131571072,3.321000437028616,0.039999999999999994,0.039999999999999994,0.8920454116169482,0.10800325065756017,1,1,3.22265625,-0.0076085818365873165,-0.0027145039362527212,3.215963212797745,-0.0068526663665930965,3.215963212797745,-0.0068526663665930965,-0.008237540487975037,142800.80795288086,142208.26655844043,,1,3.215963212797745,0.03496214245675132,0.0004962705753348098,-0.1259464385812169,3.215963212797745,0.03496214245675132,-0.035489070764075654,-0.1259464385812169,1,False,0.0
143000.0,0.04,1,stay,data,4.0,0.5848702764811476,-0.029116878236242406,0.03662616741848772,0.0234,True,3.2143680165328425,3.3342942161841527,3.227039131571072,3.321000437028616,0.039999999999999994,0.039999999999999994,0.8920454116169482,0.10800325065756017,1,1,3.22265625,-0.0076085818365873165,-0.0027145039362527212,3.216240926812013,-0.006681132786550359,3.216240926812013,-0.006681132786550359,-0.008237540487975037,142800.80795288086,142232.82836538317,,1,3.216240926812013,0.037459309011594485,0.000582668278659194,-0.06351727471013772,3.216240926812013,0.037459309011594485,-0.03540578056943122,-0.06351727471013772,1,False,0.0
143000.0,0.04,1,stay,data,16.0,0.5848702764811476,-0.029116878236242406,0.03662616741848772,0.0234,True,3.2143680165328425,3.3342942161841527,3.227039131571072,3.321000437028616,0.039999999999999994,0.039999999999999994,0.8920454116169482,0.10800325065756017,1,1,3.22265625,-0.0076085818365873165,-0.0027145039362527212,3.216951642897662,-0.006242082532184834,3.216951642897662,-0.006242082532184834,-0.008237540487975037,142800.80795288086,142295.69575020205,,1,3.216951642897662,0.03137971761372478,0.0008037742882989425,-0.21550705965688036,3.216951642897662,0.03137971761372478,-0.035192627188364994,-0.21550705965688036,1,False,0.0
143000.0,0.04,1,stay2,cov,4.0,0.5848702764811476,-0.029116878236242406,0.03662616741848772,0.0234,True,3.2143680165328425,3.3342942161841527,3.227039131571072,3.321000437028616,0.039999999999999994,0.039999999999999994,0.8920454116169482,0.10800325065756017,1,1,3.22265625,-0.0076085818365873165,-0.0027145039362527212,3.225471753201007,-0.0009711674801647918,3.225471753201007,-0.0009711674801647918,-0.008237540487975037,142800.80795288086,143050.43542209172,,1,3.225471753201007,0.038407898345866706,0.0034544074017204564,-0.0398025413533322,3.225471753201007,0.038407898345866706,-0.032637330699533965,-0.0398025413533322,1,False,0.0
143000.0,0.04,1,stay2,cov,16.0,0.5848702764811476,-0.029116878236242406,0.03662616741848772,0.0234,True,3.2143680165328425,3.3342942161841527,3.227039131571072,3.321000437028616,0.039999999999999994,0.039999999999999994,0.8920454116169482,0.10800325065756017,1,1,3.22265625,-0.0076085818365873165,-0.0027145039362527212,3.223650085447445,-0.0020993030405570545,3.223650085447445,-0.0020993030405570545,-0.008237540487975037,142800.80795288086,142888.89825932312,,2,3.223650085447445,0.03742996851513782,0.002887680833949531,-0.0642507871215543,3.3332072177145573,0.01205411334865936,-0.00032600556493162614,-0.698647166283516,2,True,0.03341757406075599
143000.0,0.04,1,stay2,data,4.0,0.5848702764811476,-0.029116878236242406,0.03662616741848772,0.0234,True,3.2143680165328425,3.3342942161841527,3.227039131571072,3.321000437028616,0.039999999999999994,0.039999999999999994,0.8920454116169482,0.10800325065756017,1,1,3.22265625,-0.0076085818365873165,-0.0027145039362527212,3.223771251568717,-0.0020242861956807356,3.223771251568717,-0.0020242861956807356,-0.008237540487975037,142800.80795288086,142899.63988356284,,1,3.223771251568717,0.03708135697650058,0.0029253759953775703,-0.07296607558748541,3.223771251568717,0.03708135697650058,-0.03314733417314346,-0.07296607558748541,1,False,0.0
143000.0,0.04,1,stay2,data,16.0,0.5848702764811476,-0.029116878236242406,0.03662616741848772,0.0234,True,3.2143680165328425,3.3342942161841527,3.227039131571072,3.321000437028616,0.039999999999999994,0.039999999999999994,0.8920454116169482,0.10800325065756017,1,1,3.22265625,-0.0076085818365873165,-0.0027145039362527212,,,,,-0.008237540487975037,142800.80795288086,,,0,,,,,,,,,0,False,0.0
143000.0,0.04,1,stay+deck,cov,4.0,0.5848702764811476,-0.029116878236242406,0.03662616741848772,0.0234,True,3.2143680165328425,3.3342942161841527,3.227039131571072,3.321000437028616,0.039999999999999994,0.039999999999999994,0.8920454116169482,0.10800325065756017,1,1,3.22265625,-0.0076085818365873165,-0.0027145039362527212,3.2159075344430565,-0.006887055025393329,3.2159075344430565,-0.006887055025393329,-0.008237540487975037,142800.80795288086,142203.34246370476,,2,3.2159075344430565,0.02229012195463869,0.000478948864067717,-0.4427469511340327,3.3866504209672024,0.038820346952388105,0.01570233500358808,-0.029491326190297238,1,False,0.051720223488303026
143000.0,0.04,1,stay+deck,cov,16.0,0.5848702764811476,-0.029116878236242406,0.03662616741848772,0.0234,True,3.2143680165328425,3.3342942161841527,3.227039131571072,3.321000437028616,0.039999999999999994,0.039999999999999994,0.8920454116169482,0.10800325065756017,1,1,3.22265625,-0.0076085818365873165,-0.0027145039362527212,3.2184250032784725,-0.0053315939709978055,3.2184250032784725,-0.0053315939709978055,-0.008237540487975037,142800.80795288086,142426.06814876047,,2,3.2184250032784725,0.019880903797171876,0.001262141336885866,-0.502977405070703,3.381312094803694,0.033013548328699294,0.014101298677040514,-0.17466129178251752,1,False,0.04936169095964607
143000.0,0.04,1,stay+deck,data,4.0,0.5848702764811476,-0.029116878236242406,0.03662616741848772,0.0234,True,3.2143680165328425,3.3342942161841527,3.227039131571072,3.321000437028616,0.039999999999999994,0.039999999999999994,0.8920454116169482,0.10800325065756017,1,1,3.22265625,-0.0076085818365873165,-0.0027145039362527212,3.2208365779105526,-0.003840420011376522,3.2208365779105526,-0.003840420011376522,-0.008237540487975037,142800.80795288086,142639.5885970902,,2,3.2208365779105526,0.02279514214196205,0.002012389789980329,-0.43012144645094863,3.3876701475622046,0.040212594408309155,0.016008164822100397,0.00531486020772902,1,False,0.05049055000839609
143000.0,0.04,1,stay+deck,data,16.0,0.5848702764811476,-0.029116878236242406,0.03662616741848772,0.0234,True,3.2143680165328425,3.3342942161841527,3.227039131571072,3.321000437028616,0.039999999999999994,0.039999999999999994,0.8920454116169482,0.10800325065756017,1,1,3.22265625,-0.0076085818365873165,-0.0027145039362527212,3.228879269322056,0.0011407747610301389,3.228879269322056,0.0011407747610301389,-0.008237540487975037,142800.80795288086,143352.84336804383,,1,3.228879269322056,0.02327208116135408,0.004514496384538367,-0.4181979709661479,3.228879269322056,0.02327208116135408,-0.03161537045844031,-0.4181979709661479,1,False,0.0
143000.0,0.04,2,stay,cov,4.0,0.5848702764811476,-0.029116878236242406,0.03662616741848772,0.0234,True,3.2143680165328425,3.3342942161841527,3.227039131571072,3.321000437028616,0.039999999999999994,0.039999999999999994,0.8920454116169482,0.10800325065756017,1,1,3.16162109375,-0.0076085818365873165,-0.040132742747758576,3.1818927022387906,-0.027784372713733352,3.1818927022387906,-0.027784372713733352,-0.008237540487975037,137442.909181118,139211.0660677065,,1,3.1818927022387906,0.028434369494798332,-0.010103172420524895,-0.28914076263004157,3.1818927022387906,0.028434369494798332,-0.04570727838162226,-0.28914076263004157,0,False,0.0
143000.0,0.04,2,stay,cov,16.0,0.5848702764811476,-0.029116878236242406,0.03662616741848772,0.0234,True,3.2143680165328425,3.3342942161841527,3.227039131571072,3.321000437028616,0.039999999999999994,0.039999999999999994,0.8920454116169482,0.10800325065756017,1,1,3.16162109375,-0.0076085818365873165,-0.040132742747758576,3.1524707110095544,-0.04568080963943799,3.1524707110095544,-0.04568080963943799,-0.008237540487975037,137442.909181118,136648.48427687993,,1,3.1524707110095544,0.008945200996458689,-0.0192564464320589,-0.7763699750885328,3.1524707110095544,0.008945200996458689,-0.05453133208582939,-0.7763699750885328,0,False,0.0
143000.0,0.04,2,stay,data,4.0,0.5848702764811476,-0.029116878236242406,0.03662616741848772,0.0234,True,3.2143680165328425,3.3342942161841527,3.227039131571072,3.321000437028616,0.039999999999999994,0.039999999999999994,0.8920454116169482,0.10800325065756017,1,1,3.16162109375,-0.0076085818365873165,-0.040132742747758576,3.189523661600213,-0.023115557732117153,3.189523661600213,-0.023115557732117153,-0.008237540487975037,137442.909181118,139879.59133372994,,1,3.189523661600213,0.02762758231521345,-0.007729156961755605,-0.30931044211966363,3.189523661600213,0.02762758231521345,-0.04341865030423693,-0.30931044211966363,1,False,0.0
143000.0,0.04,2,stay,data,16.0,0.5848702764811476,-0.029116878236242406,0.03662616741848772,0.0234,True,3.2143680165328425,3.3342942161841527,3.227039131571072,3.321000437028616,0.039999999999999994,0.039999999999999994,0.8920454116169482,0.10800325065756017,1,1,3.16162109375,-0.0076085818365873165,-0.040132742747758576,,,,,-0.008237540487975037,137442.909181118,,,0,,,,,,,,,0,False,0.0
143000.0,0.04,2,stay2,cov,4.0,0.5848702764811476,-0.029116878236242406,0.03662616741848772,0.0234,True,3.2143680165328425,3.3342942161841527,3.227039131571072,3.321000437028616,0.039999999999999994,0.039999999999999994,0.8920454116169482,0.10800325065756017,1,1,3.16162109375,-0.0076085818365873165,-0.040132742747758576,3.186293194976229,-0.02509340443877983,3.186293194976229,-0.02509340443877983,-0.008237540487975037,137442.909181118,139596.3844598376,,1,3.186293194976229,0.027162852863268385,-0.008734165289168191,-0.32092867841829026,3.186293194976229,0.027162852863268385,-0.04438751100294312,-0.32092867841829026,1,False,0.0
143000.0,0.04,2,stay2,cov,16.0,0.5848702764811476,-0.029116878236242406,0.03662616741848772,0.0234,True,3.2143680165328425,3.3342942161841527,3.227039131571072,3.321000437028616,0.039999999999999994,0.039999999999999994,0.8920454116169482,0.10800325065756017,1,1,3.16162109375,-0.0076085818365873165,-0.040132742747758576,3.161925536973402,-0.03994787609685857,3.249828266514763,0.014173737402100262,-0.008237540487975037,137442.909181118,137469.38014376236,,3,3.249828266514763,0.05001544303022719,0.01103179530145074,0.2503860757556799,3.249828266514763,0.05001544303022719,-0.02533248243643432,0.2503860757556799,0,False,0.08859234886795377
143000.0,0.04,2,stay2,data,4.0,0.5848702764811476,-0.029116878236242406,0.03662616741848772,0.0234,True,3.2143680165328425,3.3342942161841527,3.227039131571072,3.321000437028616,0.039999999999999994,0.039999999999999994,0.8920454116169482,0.10800325065756017,1,1,3.16162109375,-0.0076085818365873165,-0.040132742747758576,,,,,-0.008237540487975037,137442.909181118,,,0,,,,,,,,,0,False,0.0
143000.0,0.04,2,stay2,data,16.0,0.5848702764811476,-0.029116878236242406,0.03662616741848772,0.0234,True,3.2143680165328425,3.3342942161841527,3.227039131571072,3.321000437028616,0.039999999999999994,0.039999999999999994,0.8920454116169482,0.10800325065756017,1,1,3.16162109375,-0.0076085818365873165,-0.040132742747758576,3.1733590740636384,-0.032992217272715285,3.1733590740636384,-0.032992217272715285,-0.008237540487975037,137442.909181118,138465.35742795293,,1,3.1733590740636384,0.005963259529469908,-0.01275801098638301,-0.8509185117632522,3.1733590740636384,0.005963259529469908,-0.04826662906331415,-0.8509185117632522,0,False,0.0
143000.0,0.04,2,stay+deck,cov,4.0,0.5848702764811476,-0.029116878236242406,0.03662616741848772,0.0234,True,3.2143680165328425,3.3342942161841527,3.227039131571072,3.321000437028616,0.039999999999999994,0.039999999999999994,0.8920454116169482,0.10800325065756017,1,1,3.16162109375,-0.0076085818365873165,-0.040132742747758576,,,,,-0.008237540487975037,137442.909181118,,,0,,,,,,,,,0,False,0.0
143000.0,0.04,2,stay+deck,cov,16.0,0.5848702764811476,-0.029116878236242406,0.03662616741848772,0.0234,True,3.2143680165328425,3.3342942161841527,3.227039131571072,3.321000437028616,0.039999999999999994,0.039999999999999994,0.8920454116169482,0.10800325065756017,1,1,3.16162109375,-0.0076085818365873165,-0.040132742747758576,3.1599648838554963,-0.041138129041687344,3.1599648838554963,-0.041138129041687344,-0.008237540487975037,137442.909181118,137298.94842399834,,2,3.1599648838554963,0.004111677945206951,-0.01692498568848622,-0.8972080513698263,3.3698962111790918,0.030221771410940703,0.010677520544567566,-0.2444557147264823,0,False,0.06429886463686972
143000.0,0.04,2,stay+deck,data,4.0,0.5848702764811476,-0.029116878236242406,0.03662616741848772,0.0234,True,3.2143680165328425,3.3342942161841527,3.227039131571072,3.321000437028616,0.039999999999999994,0.039999999999999994,0.8920454116169482,0.10800325065756017,1,1,3.16162109375,-0.0076085818365873165,-0.040132742747758576,,,,,-0.008237540487975037,137442.909181118,,,0,,,,,,,,,0,False,0.0
143000.0,0.04,2,stay+deck,data,16.0,0.5848702764811476,-0.029116878236242406,0.03662616741848772,0.0234,True,3.2143680165328425,3.3342942161841527,3.227039131571072,3.321000437028616,0.039999999999999994,0.039999999999999994,0.8920454116169482,0.10800325065756017,1,1,3.16162109375,-0.0076085818365873165,-0.040132742747758576,,,,,-0.008237540487975037,137442.909181118,,,0,,,,,,,,,0,False,0.0
147000.0,0.04,0,stay,cov,4.0,0.391390158046874,-0.015036997071102938,0.027464172230485424,0.0234,False,3.251453429339181,3.3419952341831007,3.27180235460519,3.321000437028616,0.04,0.04000000000000001,0.7725174835975883,0.22752755999503582,1,1,3.2958984375,-0.007465626030565857,0.014783786652476039,,,,,-0.012777950006257434,149365.51451683044,,,0,,,,,,,,,0,False,0.0
147000.0,0.04,0,stay,cov,16.0,0.391390158046874,-0.015036997071102938,0.027464172230485424,0.0234,False,3.251453429339181,3.3419952341831007,3.27180235460519,3.321000437028616,0.04,0.04000000000000001,0.7725174835975883,0.22752755999503582,1,1,3.2958984375,-0.007465626030565857,0.014783786652476039,3.287496694602669,0.009616706620708237,3.287496694602669,0.009616706620708237,-0.012777950006257434,149365.51451683044,148604.9746090728,,1,3.287496694602669,0.0190760740833178,0.011085278029282337,-0.523098147917055,3.287496694602669,0.0190760740833178,-0.01630718650433771,-0.5230981479170551,0,False,0.0
147000.0,0.04,0,stay,data,4.0,0.391390158046874,-0.015036997071102938,0.027464172230485424,0.0234,False,3.251453429339181,3.3419952341831007,3.27180235460519,3.321000437028616,0.04,0.04000000000000001,0.7725174835975883,0.22752755999503582,1,1,3.2958984375,-0.007465626030565857,0.014783786652476039,3.2745123930593087,0.0016572888729775581,3.2745123930593087,0.0016572888729775581,-0.012777950006257434,149365.51451683044,147433.43191911126,,1,3.2745123930593087,0.049642966720092455,0.0070918942009310605,0.24107416800231135,3.2745123930593087,0.049642966720092455,-0.020192381016452026,0.24107416800231113,1,False,0.0
147000.0,0.04,0,stay,data,16.0,0.391390158046874,-0.015036997071102938,0.027464172230485424,0.0234,False,3.251453429339181,3.3419952341831007,3.27180235460519,3.321000437028616,0.04,0.04000000000000001,0.7725174835975883,0.22752755999503582,1,1,3.2958984375,-0.007465626030565857,0.014783786652476039,3.280875510035966,0.005553963837994891,3.280875510035966,0.005553963837994891,-0.012777950006257434,149365.51451683044,148006.9815448642,,1,3.280875510035966,0.035683265267438126,0.00904890115641754,-0.10791836831404687,3.280875510035966,0.035683265267438126,-0.018288393568602627,-0.10791836831404703,1,False,0.0
147000.0,0.04,0,stay2,cov,4.0,0.391390158046874,-0.015036997071102938,0.027464172230485424,0.0234,False,3.251453429339181,3.3419952341831007,3.27180235460519,3.321000437028616,0.04,0.04000000000000001,0.7725174835975883,0.22752755999503582,1,1,3.2958984375,-0.007465626030565857,0.014783786652476039,3.289396076293957,0.010783674459933446,3.289396076293957,0.010783674459933446,-0.012777950006257434,149365.51451683044,148776.74001764858,,1,3.289396076293957,0.048155769173656694,0.011669441921697,0.20389422934141732,3.289396076293957,0.048155769173656694,-0.01573884886224288,0.20389422934141713,0,False,0.0
147000.0,0.04,0,stay2,cov,16.0,0.391390158046874,-0.015036997071102938,0.027464172230485424,0.0234,False,3.251453429339181,3.3419952341831007,3.27180235460519,3.321000437028616,0.04,0.04000000000000001,0.7725174835975883,0.22752755999503582,1,1,3.2958984375,-0.007465626030565857,0.014783786652476039,3.283588994783871,0.007217960949016833,3.283588994783871,0.007217960949016833,-0.012777950006257434,149365.51451683044,148251.90444165407,,2,3.283588994783871,0.03340388254135072,0.009883446324255413,-0.16490293646623208,3.283588994783871,0.03340388254135072,-0.01747645801580757,-0.16490293646623225,1,False,0.01988756201127979
147000.0,0.04,0,stay2,data,4.0,0.391390158046874,-0.015036997071102938,0.027464172230485424,0.0234,False,3.251453429339181,3.3419952341831007,3.27180235460519,3.321000437028616,0.04,0.04000000000000001,0.7725174835975883,0.22752755999503582,1,1,3.2958984375,-0.007465626030565857,0.014783786652476039,3.2902615028087583,0.011315610441525514,3.2902615028087583,0.011315610441525514,-0.012777950006257434,149365.51451683044,148855.03540689856,,1,3.2902615028087583,0.045305865108024215,0.01193560797131416,0.13264662770060537,3.2902615028087583,0.045305865108024215,-0.015479893820670863,0.13264662770060517,0,False,0.0
147000.0,0.04,0,stay2,data,16.0,0.391390158046874,-0.015036997071102938,0.027464172230485424,0.0234,False,3.251453429339181,3.3419952341831007,3.27180235460519,3.321000437028616,0.04,0.04000000000000001,0.7725174835975883,0.22752755999503582,1,1,3.2958984375,-0.007465626030565857,0.014783786652476039,,,,,-0.012777950006257434,149365.51451683044,,,0,,,,,,,,,0,False,0.0
147000.0,0.04,0,stay+deck,cov,4.0,0.391390158046874,-0.015036997071102938,0.027464172230485424,0.0234,False,3.251453429339181,3.3419952341831007,3.27180235460519,3.321000437028616,0.04,0.04000000000000001,0.7725174835975883,0.22752755999503582,1,1,3.2958984375,-0.007465626030565857,0.014783786652476039,3.325796711030751,0.03327822608145725,3.325796711030751,0.03327822608145725,-0.012777950006257434,149365.51451683044,152087.70174266573,,1,3.325796711030751,0.028038114577420045,0.022864630635869118,-0.2990471355644989,3.325796711030751,0.028038114577420045,-0.004846961775009556,-0.299047135564499,1,False,0.0
147000.0,0.04,0,stay+deck,cov,16.0,0.391390158046874,-0.015036997071102938,0.027464172230485424,0.0234,False,3.251453429339181,3.3419952341831007,3.27180235460519,3.321000437028616,0.04,0.04000000000000001,0.7725174835975883,0.22752755999503582,1,1,3.2958984375,-0.007465626030565857,0.014783786652476039,3.3110268567105305,0.024121033176819573,3.3110268567105305,0.024121033176819573,-0.012777950006257434,149365.51451683044,150739.8591305532,,1,3.3110268567105305,0.017674160597219293,0.018322091540292285,-0.5581459850695177,3.3110268567105305,0.017674160597219293,-0.009266433762626217,-0.5581459850695177,1,False,0.0
147000.0,0.04,0,stay+deck,data,4.0,0.391390158046874,-0.015036997071102938,0.027464172230485424,0.0234,False,3.251453429339181,3.3419952341831007,3.27180235460519,3.321000437028616,0.04,0.04000000000000001,0.7725174835975883,0.22752755999503582,1,1,3.2958984375,-0.007465626030565857,0.014783786652476039,,,,,-0.012777950006257434,149365.51451683044,,,0,,,,,,,,,0,False,0.0
147000.0,0.04,0,stay+deck,data,16.0,0.391390158046874,-0.015036997071102938,0.027464172230485424,0.0234,False,3.251453429339181,3.3419952341831007,3.27180235460519,3.321000437028616,0.04,0.04000000000000001,0.7725174835975883,0.22752755999503582,1,1,3.2958984375,-0.007465626030565857,0.014783786652476039,,,,,-0.012777950006257434,149365.51451683044,,,0,,,,,,,,,0,False,0.0
147000.0,0.04,1,stay,cov,4.0,0.391390158046874,-0.015036997071102938,0.027464172230485424,0.0234,False,3.251453429339181,3.3419952341831007,3.27180235460519,3.321000437028616,0.04,0.04000000000000001,0.7725174835975883,0.22752755999503582,1,1,3.22265625,-0.007465626030565857,-0.02981658718064517,3.250997488746356,-0.01267724404491577,3.250997488746356,-0.01267724404491577,-0.012777950006257434,142800.80795288086,145323.53923773282,,1,3.250997488746356,0.038732519139216534,-0.00014022670252954392,-0.03168702151958667,3.250997488746356,0.038732519139216534,-0.02722856828339779,-0.031687021519586835,1,False,0.0
147000.0,0.04,1,stay,cov,16.0,0.391390158046874,-0.015036997071102938,0.027464172230485424,0.0234,False,3.251453429339181,3.3419952341831007,3.27180235460519,3.321000437028616,0.04,0.04000000000000001,0.7725174835975883,0.22752755999503582,1,1,3.22265625,-0.007465626030565857,-0.02981658718064517,3.2439092738955693,-0.016977909620875753,3.2439092738955693,-0.016977909620875753,-0.012777950006257434,142800.80795288086,144690.5264374031,,1,3.2439092738955693,0.02273652193543138,-0.0023202409653287864,-0.4315869516142155,3.2439092738955693,0.02273652193543138,-0.029349521293230412,-0.43158695161421556,1,False,0.0
147000.0,0.04,1,stay,data,4.0,0.391390158046874,-0.015036997071102938,0.027464172230485424,0.0234,False,3.251453429339181,3.3419952341831007,3.27180235460519,3.321000437028616,0.04,0.04000000000000001,0.7725174835975883,0.22752755999503582,1,1,3.22265625,-0.007465626030565857,-0.02981658718064517,3.2539653035006473,-0.010873780013447076,3.2539653035006473,-0.010873780013447076,-0.012777950006257434,142800.80795288086,145588.99020030833,,1,3.2539653035006473,0.03804390357342238,0.000772538871017133,-0.04890241066444045,3.2539653035006473,0.03804390357342238,-0.026340531483124936,-0.048902410664440614,1,False,0.0
147000.0,0.04,1,stay,data,16.0,0.391390158046874,-0.015036997071102938,0.027464172230485424,0.0234,False,3.251453429339181,3.3419952341831007,3.27180235460519,3.321000437028616,0.04,0.04000000000000001,0.7725174835975883,0.22752755999503582,1,1,3.22265625,-0.007465626030565857,-0.02981658718064517,3.2570073742398504,-0.009023484650531044,3.2570073742398504,-0.009023484650531044,-0.012777950006257434,142800.80795288086,145861.3342429755,,1,3.2570073742398504,0.029343807540750687,0.0017081422266590485,-0.26640481148123285,3.2570073742398504,0.029343807540750687,-0.025430275625160873,-0.26640481148123296,1,False,0.0
147000.0,0.04,1,stay2,cov,4.0,0.391390158046874,-0.015036997071102938,0.027464172230485424,0.0234,False,3.251453429339181,3.3419952341831007,3.27180235460519,3.321000437028616,0.04,0.04000000000000001,0.7725174835975883,0.22752755999503582,1,1,3.22265625,-0.007465626030565857,-0.02981658718064517,3.269439645210534,-0.001443764648084378,3.269439645210534,-0.001443764648084378,-0.012777950006257434,142800.80795288086,146976.98941302276,,1,3.269439645210534,0.03589402576176032,0.005531746421171648,-0.10264935595599207,3.269439645210534,0.03589402576176032,-0.021710261053170456,-0.10264935595599224,1,False,0.0
147000.0,0.04,1,stay2,cov,16.0,0.391390158046874,-0.015036997071102938,0.027464172230485424,0.0234,False,3.251453429339181,3.3419952341831007,3.27180235460519,3.321000437028616,0.04,0.04000000000000001,0.7725174835975883,0.22752755999503582,1,1,3.22265625,-0.007465626030565857,-0.02981658718064517,3.2461092799823312,-0.015644094306471512,3.2461092799823312,-0.015644094306471512,-0.012777950006257434,142800.80795288086,144886.85004182687,,2,3.2461092799823312,0.014033854890779292,-0.0016436186071826053,-0.6491536277305177,3.3152123012199572,0.035936824721595075,-0.008014054804506676,-0.10157938196012331,2,True,0.021063750764968196
147000.0,0.04,1,stay2,data,4.0,0.391390158046874,-0.015036997071102938,0.027464172230485424,0.0234,False,3.251453429339181,3.3419952341831007,3.27180235460519,3.321000437028616,0.04,0.04000000000000001,0.7725174835975883,0.22752755999503582,1,1,3.22265625,-0.007465626030565857,-0.02981658718064517,3.2643816723969983,-0.0045309991774042935,3.2643816723969983,-0.0045309991774042935,-0.012777950006257434,142800.80795288086,146522.58091736957,,1,3.2643816723969983,0.034696677051778146,0.003976142773924027,-0.13258307370554637,3.2643816723969983,0.034696677051778146,-0.023223720067654104,-0.1325830737055465,1,False,0.0
147000.0,0.04,1,stay2,data,16.0,0.391390158046874,-0.015036997071102938,0.027464172230485424,0.0234,False,3.251453429339181,3.3419952341831007,3.27180235460519,3.321000437028616,0.04,0.04000000000000001,0.7725174835975883,0.22752755999503582,1,1,3.22265625,-0.007465626030565857,-0.02981658718064517,3.2549648659112886,-0.010266001410121128,3.2549648659112886,-0.010266001410121128,-0.012777950006257434,142800.80795288086,145678.4488268573,,1,3.2549648659112886,0.03944465495003684,0.0010799590547484782,-0.013883626249078934,3.2549648659112886,0.03944465495003684,-0.026041439970241408,-0.013883626249079104,1,False,0.0
147000.0,0.04,1,stay+deck,cov,4.0,0.391390158046874,-0.015036997071102938,0.027464172230485424,0.0234,False,3.251453429339181,3.3419952341831007,3.27180235460519,3.321000437028616,0.04,0.04000000000000001,0.7725174835975883,0.22752755999503582,1,1,3.22265625,-0.007465626030565857,-0.02981658718064517,3.235051193426023,-0.022339218515066817,3.235051193426023,-0.022339218515066817,-0.012777950006257434,142800.80795288086,143901.39808119813,,2,3.235051193426023,0.021543553219978806,-0.005044585835107982,-0.46141116950052985,3.4003761241452164,0.03580241513001635,0.017468872895142224,-0.10493962174959146,1,False,0.04983098233369153
147000.0,0.04,1,stay+deck,cov,16.0,0.391390158046874,-0.015036997071102938,0.027464172230485424,0.0234,False,3.251453429339181,3.3419952341831007,3.27180235460519,3.321000437028616,0.04,0.04000000000000001,0.7725174835975883,0.22752755999503582,1,1,3.22265625,-0.007465626030565857,-0.02981658718064517,3.2281271550455664,-0.02651974987442829,3.2281271550455664,-0.02651974987442829,-0.012777950006257434,142800.80795288086,143286.06777571051,,1,3.2281271550455664,0.026443145261281074,-0.007174106841922455,-0.33892136846797316,3.2281271550455664,0.026443145261281074,-0.03407188555293308,-0.33892136846797327,1,False,0.0
147000.0,0.04,1,stay+deck,data,4.0,0.391390158046874,-0.015036997071102938,0.027464172230485424,0.0234,False,3.251453429339181,3.3419952341831007,3.27180235460519,3.321000437028616,0.04,0.04000000000000001,0.7725174835975883,0.22752755999503582,1,1,3.22265625,-0.007465626030565857,-0.02981658718064517,3.2366167485400177,-0.021392740641379637,3.2366167485400177,-0.021392740641379637,-0.012777950006257434,142800.80795288086,144040.70968278413,,2,3.2366167485400177,0.023027425231835978,-0.00456309189769896,-0.42431436920410054,3.398184992222059,0.03375971922933712,0.016813237034041677,-0.15600701926657218,1,False,0.04870326197975686
147000.0,0.04,1,stay+deck,data,16.0,0.391390158046874,-0.015036997071102938,0.027464172230485424,0.0234,False,3.251453429339181,3.3419952341831007,3.27180235460519,3.321000437028616,0.04,0.04000000000000001,0.7725174835975883,0.22752755999503582,1,1,3.22265625,-0.007465626030565857,-0.02981658718064517,3.2308140378828774,-0.02489855232563487,3.2308140378828774,-0.02489855232563487,-0.012777950006257434,142800.80795288086,143524.69102648963,,2,3.2308140378828774,0.02098939674387126,-0.006347743218483728,-0.4752650814032185,3.388763510731688,0.03866848377312359,0.0139941182651085,-0.03328790567191045,1,False,0.047721919318512544
147000.0,0.04,2,stay,cov,4.0,0.391390158046874,-0.015036997071102938,0.027464172230485424,0.0234,False,3.251453429339181,3.3419952341831007,3.27180235460519,3.321000437028616,0.04,0.04000000000000001,0.7725174835975883,0.22752755999503582,1,1,3.16162109375,-0.007465626030565857,-0.06621795346454407,,,,,-0.012777950006257434,137442.909181118,,,0,,,,,,,,,0,False,0.0
147000.0,0.04,2,stay,cov,16.0,0.391390158046874,-0.015036997071102938,0.027464172230485424,0.0234,False,3.251453429339181,3.3419952341831007,3.27180235460519,3.321000437028616,0.04,0.04000000000000001,0.7725174835975883,0.22752755999503582,1,1,3.16162109375,-0.007465626030565857,-0.06621795346454407,3.2903398667277095,0.011363783875896427,3.2903398667277095,0.011363783875896427,-0.012777950006257434,137442.909181118,148862.12603044367,,1,3.2903398667277095,0.0530062272250839,0.011959709168103296,0.32515568062709743,3.2903398667277095,0.0530062272250839,-0.015456445576894304,0.3251556806270972,0,False,0.0
147000.0,0.04,2,stay,data,4.0,0.391390158046874,-0.015036997071102938,0.027464172230485424,0.0234,False,3.251453429339181,3.3419952341831007,3.27180235460519,3.321000437028616,0.04,0.04000000000000001,0.7725174835975883,0.22752755999503582,1,1,3.16162109375,-0.007465626030565857,-0.06621795346454407,,,,,-0.012777950006257434,137442.909181118,,,0,,,,,,,,,0,False,0.0
147000.0,0.04,2,stay,data,16.0,0.391390158046874,-0.015036997071102938,0.027464172230485424,0.0234,False,3.251453429339181,3.3419952341831007,3.27180235460519,3.321000437028616,0.04,0.04000000000000001,0.7725174835975883,0.22752755999503582,1,1,3.16162109375,-0.007465626030565857,-0.06621795346454407,3.2836141855425143,0.007233415186390646,3.2836141855425143,0.007233415186390646,-0.012777950006257434,137442.909181118,148254.17914307042,,1,3.2836141855425143,0.04834345192302629,0.009891193862146064,0.20858629807565723,3.2836141855425143,0.04834345192302629,-0.017468920375302933,0.208586298075657,1,False,0.0
147000.0,0.04,2,stay2,cov,4.0,0.391390158046874,-0.015036997071102938,0.027464172230485424,0.0234,False,3.251453429339181,3.3419952341831007,3.27180235460519,3.321000437028616,0.04,0.04000000000000001,0.7725174835975883,0.22752755999503582,1,1,3.16162109375,-0.007465626030565857,-0.06621795346454407,,,,,-0.012777950006257434,137442.909181118,,,0,,,,,,,,,0,False,0.0
147000.0,0.04,2,stay2,cov,16.0,0.391390158046874,-0.015036997071102938,0.027464172230485424,0.0234,False,3.251453429339181,3.3419952341831007,3.27180235460519,3.321000437028616,0.04,0.04000000000000001,0.7725174835975883,0.22752755999503582,1,1,3.16162109375,-0.007465626030565857,-0.06621795346454407,3.1520898166018743,-0.07183957584493483,3.294445215258106,0.013889110263106685,-0.012777950006257434,137442.909181118,136615.465413972,,2,3.294445215258106,0.051377388054912376,0.013222328676459881,0.2844347013728094,3.294445215258106,0.051377388054912376,-0.014228033133810717,0.2844347013728092,0,False,0.04416493448113904
147000.0,0.04,2,stay2,data,4.0,0.391390158046874,-0.015036997071102938,0.027464172230485424,0.0234,False,3.251453429339181,3.3419952341831007,3.27180235460519,3.321000437028616,0.04,0.04000000000000001,0.7725174835975883,0.22752755999503582,1,1,3.16162109375,-0.007465626030565857,-0.06621795346454407,,,,,-0.012777950006257434,137442.909181118,,,0,,,,,,,,,0,False,0.0
147000.0,0.04,2,stay2,data,16.0,0.391390158046874,-0.015036997071102938,0.027464172230485424,0.0234,False,3.251453429339181,3.3419952341831007,3.27180235460519,3.321000437028616,0.04,0.04000000000000001,0.7725174835975883,0.22752755999503582,1,1,3.16162109375,-0.007465626030565857,-0.06621795346454407,3.324995705157657,0.03278056351824321,3.324995705157657,0.03278056351824321,-0.012777950006257434,137442.909181118,152014.4510406069,,1,3.324995705157657,0.039250857302998446,0.022618277461665157,-0.018728567425038874,3.324995705157657,0.039250857302998446,-0.005086640714375206,-0.018728567425039044,1,False,0.0
147000.0,0.04,2,stay+deck,cov,4.0,0.391390158046874,-0.015036997071102938,0.027464172230485424,0.0234,False,3.251453429339181,3.3419952341831007,3.27180235460519,3.321000437028616,0.04,0.04000000000000001,0.7725174835975883,0.22752755999503582,1,1,3.16162109375,-0.007465626030565857,-0.06621795346454407,,,,,-0.012777950006257434,137442.909181118,,,0,,,,,,,,,0,False,0.0
147000.0,0.04,2,stay+deck,cov,16.0,0.391390158046874,-0.015036997071102938,0.027464172230485424,0.0234,False,3.251453429339181,3.3419952341831007,3.27180235460519,3.321000437028616,0.04,0.04000000000000001,0.7725174835975883,0.22752755999503582,1,1,3.16162109375,-0.007465626030565857,-0.06621795346454407,,,,,-0.012777950006257434,137442.909181118,,,0,,,,,,,,,0,False,0.0
147000.0,0.04,2,stay+deck,data,4.0,0.391390158046874,-0.015036997071102938,0.027464172230485424,0.0234,False,3.251453429339181,3.3419952341831007,3.27180235460519,3.321000437028616,0.04,0.04000000000000001,0.7725174835975883,0.22752755999503582,1,1,3.16162109375,-0.007465626030565857,-0.06621795346454407,,,,,-0.012777950006257434,137442.909181118,,,0,,,,,,,,,0,False,0.0
147000.0,0.04,2,stay+deck,data,16.0,0.391390158046874,-0.015036997071102938,0.027464172230485424,0.0234,False,3.251453429339181,3.3419952341831007,3.27180235460519,3.321000437028616,0.04,0.04000000000000001,0.7725174835975883,0.22752755999503582,1,1,3.16162109375,-0.007465626030565857,-0.06621795346454407,3.1648534605689056,-0.06430762395543144,3.1648534605689056,-0.06430762395543144,-0.012777950006257434,137442.909181118,137724.08961953095,,1,3.1648534605689056,0.0075467090467421834,-0.026634233167496302,-0.8113322738314453,3.1648534605689056,0.0075467090467421834,-0.05300479539956457,-0.8113322738314455,0,False,0.0
151600.0,0.04,0,stay,cov,4.0,0.29229719753317784,0.0004617417787089486,0.0233792165249093,0.0234,False,3.283269380161662,3.3609375564655175,3.3225345900600525,3.321000437028616,0.04,0.04,0.4916701315917526,0.5083710170181857,1,1,3.30810546875,0.0003745265785729032,-0.008666750931549339,3.327970811059943,0.003275010769488551,3.327970811059943,0.003275010769488551,0.022942813450352876,150473.9746451378,152286.6086399209,,1,3.327970811059943,0.044028548607953785,0.013614914197530732,0.1007137151988446,3.327970811059943,0.044028548607953785,-0.00980879437707961,0.1007137151988446,1,False,0.0
151600.0,0.04,0,stay,cov,16.0,0.29229719753317784,0.0004617417787089486,0.0233792165249093,0.0234,False,3.283269380161662,3.3609375564655175,3.3225345900600525,3.321000437028616,0.04,0.04,0.4916701315917526,0.5083710170181857,1,1,3.30810546875,0.0003745265785729032,-0.008666750931549339,,,,,0.022942813450352876,150473.9746451378,,,0,,,,,,,,,0,False,0.0
151600.0,0.04,0,stay,data,4.0,0.29229719753317784,0.0004617417787089486,0.0233792165249093,0.0234,False,3.283269380161662,3.3609375564655175,3.3225345900600525,3.321000437028616,0.04,0.04,0.4916701315917526,0.5083710170181857,1,1,3.30810546875,0.0003745265785729032,-0.008666750931549339,3.328950527884495,0.0038658032641083473,3.328950527884495,0.0038658032641083473,0.022942813450352876,150473.9746451378,152376.28473515878,,1,3.328950527884495,0.042861989787390156,0.013913310920770049,0.07154974468475388,3.328950527884495,0.042861989787390156,-0.009517293327716904,0.07154974468475388,1,False,0.0
151600.0,0.04,0,stay,data,16.0,0.29229719753317784,0.0004617417787089486,0.0233792165249093,0.0234,False,3.283269380161662,3.3609375564655175,3.3225345900600525,3.321000437028616,0.04,0.04,0.4916701315917526,0.5083710170181857,1,1,3.30810546875,0.0003745265785729032,-0.008666750931549339,3.330402421975954,0.004741649664292025,3.330402421975954,0.004741649664292025,0.022942813450352876,150473.9746451378,152509.22901917037,,1,3.330402421975954,0.03875160657912913,0.014355520780317873,-0.031209835521771832,3.330402421975954,0.03875160657912913,-0.009085302531379163,-0.031209835521771832,1,False,0.0
151600.0,0.04,0,stay2,cov,4.0,0.29229719753317784,0.0004617417787089486,0.0233792165249093,0.0234,False,3.283269380161662,3.3609375564655175,3.3225345900600525,3.321000437028616,0.04,0.04,0.4916701315917526,0.5083710170181857,1,1,3.30810546875,0.0003745265785729032,-0.008666750931549339,3.3354261233353935,0.007775114264108263,3.3354261233353935,0.007775114264108263,0.022942813450352876,150473.9746451378,152969.67708313736,,1,3.3354261233353935,0.03907997568366936,0.015885611911369706,-0.023000607908266017,3.3354261233353935,0.03907997568366936,-0.007590570399336067,-0.023000607908266017,1,False,0.0
151600.0,0.04,0,stay2,cov,16.0,0.29229719753317784,0.0004617417787089486,0.0233792165249093,0.0234,False,3.283269380161662,3.3609375564655175,3.3225345900600525,3.321000437028616,0.04,0.04,0.4916701315917526,0.5083710170181857,1,1,3.30810546875,0.0003745265785729032,-0.008666750931549339,3.3285271085405648,0.0036104500143943064,3.3285271085405648,0.0036104500143943064,0.022942813450352876,150473.9746451378,152337.52479397942,,4,3.3285271085405648,0.027505931850781644,0.013784348202545125,-0.3123517037304589,3.3285271085405648,0.027505931850781644,-0.009643275836114231,-0.3123517037304589,1,False,0.10151694184339519
151600.0,0.04,0,stay2,data,4.0,0.29229719753317784,0.0004617417787089486,0.0233792165249093,0.0234,False,3.283269380161662,3.3609375564655175,3.3225345900600525,3.321000437028616,0.04,0.04,0.4916701315917526,0.5083710170181857,1,1,3.30810546875,0.0003745265785729032,-0.008666750931549339,3.3363378115788094,0.008326109703106432,3.3363378115788094,0.008326109703106432,0.022942813450352876,150473.9746451378,153053.31240334408,,1,3.3363378115788094,0.04122699389522583,0.016163288866213734,0.030674847380645666,3.3363378115788094,0.04122699389522583,-0.00731931030357437,0.030674847380645666,1,False,0.0
151600.0,0.04,0,stay2,data,16.0,0.29229719753317784,0.0004617417787089486,0.0233792165249093,0.0234,False,3.283269380161662,3.3609375564655175,3.3225345900600525,3.321000437028616,0.04,0.04,0.4916701315917526,0.5083710170181857,1,1,3.30810546875,0.0003745265785729032,-0.008666750931549339,3.2149038061183615,-0.06373897732058109,3.2149038061183615,-0.06373897732058109,0.022942813450352876,150473.9746451378,142114.589135672,,1,3.2149038061183615,0.006576711425765429,-0.02082240782811865,-0.8355822143558643,3.2149038061183615,0.006576711425765429,-0.04345030155833373,-0.8355822143558643,0,False,0.0
151600.0,0.04,0,stay+deck,cov,4.0,0.29229719753317784,0.0004617417787089486,0.0233792165249093,0.0234,False,3.283269380161662,3.3609375564655175,3.3225345900600525,3.321000437028616,0.04,0.04,0.4916701315917526,0.5083710170181857,1,1,3.30810546875,0.0003745265785729032,-0.008666750931549339,3.382185940794496,0.03622946662810289,3.382185940794496,0.03622946662810289,0.022942813450352876,150473.9746451378,157288.7488989843,,1,3.382185940794496,0.03420449904679408,0.030127458085076005,-0.14488752383014797,3.382185940794496,0.03420449904679408,0.006322159805707285,-0.14488752383014797,1,False,0.0
151600.0,0.04,0,stay+deck,cov,16.0,0.29229719753317784,0.0004617417787089486,0.0233792165249093,0.0234,False,3.283269380161662,3.3609375564655175,3.3225345900600525,3.321000437028616,0.04,0.04,0.4916701315917526,0.5083710170181857,1,1,3.30810546875,0.0003745265785729032,-0.008666750931549339,3.3239899690159205,0.0008762573681215802,3.3239899690159205,0.0008762573681215802,0.022942813450352876,150473.9746451378,151922.5030691288,,1,3.3239899690159205,0.01986707240662123,0.012402451379805318,-0.5033231898344693,3.3239899690159205,0.01986707240662123,-0.010993238294034965,-0.5033231898344693,0,False,0.0
151600.0,0.04,0,stay+deck,data,4.0,0.29229719753317784,0.0004617417787089486,0.0233792165249093,0.0234,False,3.283269380161662,3.3609375564655175,3.3225345900600525,3.321000437028616,0.04,0.04,0.4916701315917526,0.5083710170181857,1,1,3.30810546875,0.0003745265785729032,-0.008666750931549339,3.37758053933256,0.03340939482767502,3.2635534746109953,-0.03518855987005509,0.022942813450352876,150473.9746451378,156860.69162057288,,2,3.2635534746109953,0.040143149905974077,-0.006004961295529101,0.003578747649351892,3.37758053933256,0.035066044463483846,0.004951886962322747,-0.12334888841290387,2,True,0.03433963671931822
151600.0,0.04,0,stay+deck,data,16.0,0.29229719753317784,0.0004617417787089486,0.0233792165249093,0.0234,False,3.283269380161662,3.3609375564655175,3.3225345900600525,3.321000437028616,0.04,0.04,0.4916701315917526,0.5083710170181857,1,1,3.30810546875,0.0003745265785729032,-0.008666750931549339,,,,,0.022942813450352876,150473.9746451378,,,0,,,,,,,,,0,False,0.0
151600.0,0.04,1,stay,cov,4.0,0.29229719753317784,0.0004617417787089486,0.0233792165249093,0.0234,False,3.283269380161662,3.3609375564655175,3.3225345900600525,3.321000437028616,0.04,0.04,0.4916701315917526,0.5083710170181857,1,1,3.35693359375,0.0003745265785729032,0.0208136730273496,3.2964768742488055,-0.015623936121343163,3.2964768742488055,-0.015623936121343163,0.022942813450352876,154948.79335165024,149417.94700878614,,1,3.2964768742488055,0.04073159963296337,0.004022665385589927,0.018289990824084217,3.2964768742488055,0.04073159963296337,-0.01917937513974557,0.018289990824084217,1,False,0.0
151600.0,0.04,1,stay,cov,16.0,0.29229719753317784,0.0004617417787089486,0.0233792165249093,0.0234,False,3.283269380161662,3.3609375564655175,3.3225345900600525,3.321000437028616,0.04,0.04,0.4916701315917526,0.5083710170181857,1,1,3.35693359375,0.0003745265785729032,0.0208136730273496,3.239088674103714,-0.049599506557536976,3.239088674103714,-0.049599506557536976,0.022942813450352876,154948.79335165024,144260.81228222064,,2,3.239088674103714,0.017539313689844696,-0.013456314710239408,-0.5615171577538826,3.3833899340257307,0.03303613613629559,0.006680391165560648,-0.17409659659261034,1,False,0.0435792302129536
151600.0,0.04,1,stay,data,4.0,0.29229719753317784,0.0004617417787089486,0.0233792165249093,0.0234,False,3.283269380161662,3.3609375564655175,3.3225345900600525,3.321000437028616,0.04,0.04,0.4916701315917526,0.5083710170181857,1,1,3.35693359375,0.0003745265785729032,0.0208136730273496,3.306608139762977,-0.00956395091307316,3.306608139762977,-0.00956395091307316,0.022942813450352876,154948.79335165024,150337.78911176816,,1,3.306608139762977,0.04066355662602891,0.007108390113322314,0.016588915650722798,3.306608139762977,0.04066355662602891,-0.016164958672923193,0.016588915650722798,1,False,0.0
151600.0,0.04,1,stay,data,16.0,0.29229719753317784,0.0004617417787089486,0.0233792165249093,0.0234,False,3.283269380161662,3.3609375564655175,3.3225345900600525,3.321000437028616,0.04,0.04,0.4916701315917526,0.5083710170181857,1,1,3.35693359375,0.0003745265785729032,0.0208136730273496,,,,,0.022942813450352876,154948.79335165024,,,0,,,,,,,,,0,False,0.0
151600.0,0.04,1,stay2,cov,4.0,0.29229719753317784,0.0004617417787089486,0.0233792165249093,0.0234,False,3.283269380161662,3.3609375564655175,3.3225345900600525,3.321000437028616,0.04,0.04,0.4916701315917526,0.5083710170181857,1,1,3.35693359375,0.0003745265785729032,0.0208136730273496,3.3081538349458253,-0.008637763120241448,3.3081538349458253,-0.008637763120241448,0.022942813450352876,154948.79335165024,150478.3746904181,,1,3.3081538349458253,0.03348562096002935,0.007579169389670391,-0.1628594759992663,3.3081538349458253,0.03348562096002935,-0.0157050586727358,-0.1628594759992663,1,False,0.0
151600.0,0.04,1,stay2,cov,16.0,0.29229719753317784,0.0004617417787089486,0.0233792165249093,0.0234,False,3.283269380161662,3.3609375564655175,3.3225345900600525,3.321000437028616,0.04,0.04,0.4916701315917526,0.5083710170181857,1,1,3.35693359375,0.0003745265785729032,0.0208136730273496,3.369303831405274,0.02835089342059738,3.244659708079524,-0.046327433907444426,0.022942813450352876,154948.79335165024,156092.86423943104,,2,3.244659708079524,0.011300533104669736,-0.011759520042865625,-0.7174866723832566,3.369303831405274,0.03932723873745896,0.0024892681875811657,-0.01681903156352596,1,False,0.03769120364260711
151600.0,0.04,1,stay2,data,4.0,0.29229719753317784,0.0004617417787089486,0.0233792165249093,0.0234,False,3.283269380161662,3.3609375564655175,3.3225345900600525,3.321000437028616,0.04,0.04,0.4916701315917526,0.5083710170181857,1,1,3.35693359375,0.0003745265785729032,0.0208136730273496,,,,,0.022942813450352876,154948.79335165024,,,0,,,,,,,,,0,False,0.0
151600.0,0.04,1,stay2,data,16.0,0.29229719753317784,0.0004617417787089486,0.0233792165249093,0.0234,False,3.283269380161662,3.3609375564655175,3.3225345900600525,3.321000437028616,0.04,0.04,0.4916701315917526,0.5083710170181857,1,1,3.35693359375,0.0003745265785729032,0.0208136730273496,,,,,0.022942813450352876,154948.79335165024,,,0,,,,,,,,,0,False,0.0
151600.0,0.04,1,stay+deck,cov,4.0,0.29229719753317784,0.0004617417787089486,0.0233792165249093,0.0234,False,3.283269380161662,3.3609375564655175,3.3225345900600525,3.321000437028616,0.04,0.04,0.4916701315917526,0.5083710170181857,1,1,3.35693359375,0.0003745265785729032,0.0208136730273496,3.4066197350265908,0.05125553178603992,3.231571062372029,-0.05400596250218492,0.022942813450352876,154948.79335165024,159569.5477622488,,2,3.231571062372029,0.02565313646046223,-0.015745987247347742,-0.3586715884884442,3.4066197350265908,0.03315299392750354,0.013592093811202573,-0.17117515181241158,0,False,0.052739873859353345
151600.0,0.04,1,stay+deck,cov,16.0,0.29229719753317784,0.0004617417787089486,0.0233792165249093,0.0234,False,3.283269380161662,3.3609375564655175,3.3225345900600525,3.321000437028616,0.04,0.04,0.4916701315917526,0.5083710170181857,1,1,3.35693359375,0.0003745265785729032,0.0208136730273496,3.242178022880352,-0.04778571317943359,3.242178022880352,-0.04778571317943359,0.022942813450352876,154948.79335165024,144536.1270656648,,1,3.242178022880352,0.02556724772992277,-0.012515377973429284,-0.3608188067519308,3.242178022880352,0.02556724772992277,-0.03533523952466926,-0.3608188067519308,0,False,0.0
151600.0,0.04,1,stay+deck,data,4.0,0.29229719753317784,0.0004617417787089486,0.0233792165249093,0.0234,False,3.283269380161662,3.3609375564655175,3.3225345900600525,3.321000437028616,0.04,0.04,0.4916701315917526,0.5083710170181857,1,1,3.35693359375,0.0003745265785729032,0.0208136730273496,3.4155102584643124,0.05674978030478717,3.2546275680122996,-0.04045891323884798,0.022942813450352876,154948.79335165024,160403.51697803062,,2,3.2546275680122996,0.02796869227186714,-0.008723564481922613,-0.3007826932033215,3.4155102584643124,0.03184692101230692,0.016237344812852026,-0.20382697469232702,1,False,0.04823968998463603
151600.0,0.04,1,stay+deck,data,16.0,0.29229719753317784,0.0004617417787089486,0.0233792165249093,0.0234,False,3.283269380161662,3.3609375564655175,3.3225345900600525,3.321000437028616,0.04,0.04,0.4916701315917526,0.5083710170181857,1,1,3.35693359375,0.0003745265785729032,0.0208136730273496,3.421257722121644,0.06030927256842222,3.254414034958921,-0.04058481828474003,0.022942813450352876,154948.79335165024,160943.81051618347,,2,3.254414034958921,0.020028261322686848,-0.008788601196445341,-0.49929346693282883,3.421257722121644,0.041173343935673054,0.01794742230187739,0.02933359839182633,1,False,0.04998558743867541
151600.0,0.04,2,stay,cov,4.0,0.29229719753317784,0.0004617417787089486,0.0233792165249093,0.0234,False,3.283269380161662,3.3609375564655175,3.3225345900600525,3.321000437028616,0.04,0.04,0.4916701315917526,0.5083710170181857,2,2,3.369140625,0.0003745265785729032,0.028251270830166986,3.41669184452284,0.0574810659371654,3.41669184452284,0.0574810659371654,0.022942813450352876,156077.74257659912,160514.51845589717,,1,3.41669184452284,0.060515401868185686,0.04063707509574143,0.5128850467046421,3.41669184452284,0.060515401868185686,0.016588909231612,0.5128850467046421,0,False,0.0
151600.0,0.04,2,stay,cov,16.0,0.29229719753317784,0.0004617417787089486,0.0233792165249093,0.0234,False,3.283269380161662,3.3609375564655175,3.3225345900600525,3.321000437028616,0.04,0.04,0.4916701315917526,0.5083710170181857,2,2,3.369140625,0.0003745265785729032,0.028251270830166986,3.3722632211973917,0.030158167450588413,3.3722632211973917,0.030158167450588413,0.022942813450352876,156077.74257659912,156367.18945430836,,1,3.3722632211973917,0.04658852379733147,0.027105251117515047,0.16471309493328676,3.3722632211973917,0.04658852379733147,0.003369793262027967,0.16471309493328676,1,False,0.0
151600.0,0.04,2,stay,data,4.0,0.29229719753317784,0.0004617417787089486,0.0233792165249093,0.0234,False,3.283269380161662,3.3609375564655175,3.3225345900600525,3.321000437028616,0.04,0.04,0.4916701315917526,0.5083710170181857,2,2,3.369140625,0.0003745265785729032,0.028251270830166986,,,,,0.022942813450352876,156077.74257659912,,,0,,,,,,,,,0,False,0.0
151600.0,0.04,2,stay,data,16.0,0.29229719753317784,0.0004617417787089486,0.0233792165249093,0.0234,False,3.283269380161662,3.3609375564655175,3.3225345900600525,3.321000437028616,0.04,0.04,0.4916701315917526,0.5083710170181857,2,2,3.369140625,0.0003745265785729032,0.028251270830166986,3.3581444932461153,0.021550253402719655,3.3581444932461153,0.021550253402719655,0.022942813450352876,156077.74257659912,155060.5985158891,,1,3.3581444932461153,0.04581748177482276,0.022805047169406085,0.145437044370569,3.3581444932461153,0.04581748177482276,-0.0008310369271898906,0.145437044370569,1,False,0.0
151600.0,0.04,2,stay2,cov,4.0,0.29229719753317784,0.0004617417787089486,0.0233792165249093,0.0234,False,3.283269380161662,3.3609375564655175,3.3225345900600525,3.321000437028616,0.04,0.04,0.4916701315917526,0.5083710170181857,2,2,3.369140625,0.0003745265785729032,0.028251270830166986,,,,,0.022942813450352876,156077.74257659912,,,0,,,,,,,,,0,False,0.0
151600.0,0.04,2,stay2,cov,16.0,0.29229719753317784,0.0004617417787089486,0.0233792165249093,0.0234,False,3.283269380161662,3.3609375564655175,3.3225345900600525,3.321000437028616,0.04,0.04,0.4916701315917526,0.5083710170181857,2,2,3.369140625,0.0003745265785729032,0.028251270830166986,3.451512644082044,0.07914527980272967,3.3503925934160628,0.01683942857563836,0.022942813450352876,156077.74257659912,163802.91856855055,,3,3.3503925934160628,0.04547865127707609,0.02044401646114576,0.1369662819269023,3.3503925934160628,0.04547865127707609,-0.003137506386921451,0.1369662819269023,1,False,0.09013733717118468
151600.0,0.04,2,stay2,data,4.0,0.29229719753317784,0.0004617417787089486,0.0233792165249093,0.0234,False,3.283269380161662,3.3609375564655175,3.3225345900600525,3.321000437028616,0.04,0.04,0.4916701315917526,0.5083710170181857,2,2,3.369140625,0.0003745265785729032,0.028251270830166986,,,,,0.022942813450352876,156077.74257659912,,,0,,,,,,,,,0,False,0.0
151600.0,0.04,2,stay2,data,16.0,0.29229719753317784,0.0004617417787089486,0.0233792165249093,0.0234,False,3.283269380161662,3.3609375564655175,3.3225345900600525,3.321000437028616,0.04,0.04,0.4916701315917526,0.5083710170181857,2,2,3.369140625,0.0003745265785729032,0.028251270830166986,3.357630509734619,0.02123756893918305,3.357630509734619,0.02123756893918305,0.022942813450352876,156077.74257659912,155013.13629863542,,1,3.357630509734619,0.04633581531487073,0.022648500918707903,0.15839538287176821,3.357630509734619,0.04633581531487073,-0.0009839655379900792,0.15839538287176821,1,False,0.0
151600.0,0.04,2,stay+deck,cov,4.0,0.29229719753317784,0.0004617417787089486,0.0233792165249093,0.0234,False,3.283269380161662,3.3609375564655175,3.3225345900600525,3.321000437028616,0.04,0.04,0.4916701315917526,0.5083710170181857,2,2,3.369140625,0.0003745265785729032,0.028251270830166986,3.3148869287247957,-0.004598212362279752,3.3148869287247957,-0.004598212362279752,0.022942813450352876,156077.74257659912,151091.5360656695,,2,3.3148869287247957,0.02170304371503317,0.009629897794611365,-0.45742390712417075,3.3148869287247957,0.02170304371503317,-0.013701720715439375,-0.45742390712417075,1,False,0.04300350115375702
151600.0,0.04,2,stay+deck,cov,16.0,0.29229719753317784,0.0004617417787089486,0.0233792165249093,0.0234,False,3.283269380161662,3.3609375564655175,3.3225345900600525,3.321000437028616,0.04,0.04,0.4916701315917526,0.5083710170181857,2,2,3.369140625,0.0003745265785729032,0.028251270830166986,,,,,0.022942813450352876,156077.74257659912,,,0,,,,,,,,,0,False,0.0
151600.0,0.04,2,stay+deck,data,4.0,0.29229719753317784,0.0004617417787089486,0.0233792165249093,0.0234,False,3.283269380161662,3.3609375564655175,3.3225345900600525,3.321000437028616,0.04,0.04,0.4916701315917526,0.5083710170181857,2,2,3.369140625,0.0003745265785729032,0.028251270830166986,3.3151721998945693,-0.004426881238840941,3.3151721998945693,-0.004426881238840941,0.022942813450352876,156077.74257659912,151117.54233061473,,1,3.3151721998945693,0.023529396401085877,0.0097167841072293,-0.4117650899728531,3.3151721998945693,0.023529396401085877,-0.013616842265607769,-0.4117650899728531,1,False,0.0
151600.0,0.04,2,stay+deck,data,16.0,0.29229719753317784,0.0004617417787089486,0.0233792165249093,0.0234,False,3.283269380161662,3.3609375564655175,3.3225345900600525,3.321000437028616,0.04,0.04,0.4916701315917526,0.5083710170181857,2,2,3.369140625,0.0003745265785729032,0.028251270830166986,,,,,0.022942813450352876,156077.74257659912,,,0,,,,,,,,,0,False,0.0
156000.0,0.04,0,stay,cov,4.0,0.39362566081317585,0.014641268071064636,0.02787932385684996,0.0234,False,3.299379199422622,3.3926640195048803,3.3703465848700964,3.321000437028616,0.039999999999999994,0.039999999999999994,0.2372544057567631,0.7627832418662773,1,1,3.45458984375,0.007403708338264314,0.050615629539255025,3.411508740198104,0.02457522493522335,3.411508740198104,0.02457522493522335,0.012961752247892793,164095.12609243393,160027.88841116076,,1,3.411508740198104,0.0398095714905959,0.03398504203309044,-0.004760712735102369,3.411508740198104,0.0398095714905959,0.005554549635591094,-0.004760712735102369,1,False,0.0
156000.0,0.04,0,stay,cov,16.0,0.39362566081317585,0.014641268071064636,0.02787932385684996,0.0234,False,3.299379199422622,3.3926640195048803,3.3703465848700964,3.321000437028616,0.039999999999999994,0.039999999999999994,0.2372544057567631,0.7627832418662773,1,1,3.45458984375,0.007403708338264314,0.050615629539255025,3.3385671553069374,-0.018769347668633807,3.3385671553069374,-0.018769347668633807,0.012961752247892793,164095.12609243393,153257.92144429602,,1,3.3385671553069374,0.04165128210204212,0.011877372534558341,0.041282052551053224,3.3385671553069374,0.04165128210204212,-0.015945246533972352,0.041282052551053224,0,False,0.0
156000.0,0.04,0,stay,data,4.0,0.39362566081317585,0.014641268071064636,0.02787932385684996,0.0234,False,3.299379199422622,3.3926640195048803,3.3703465848700964,3.321000437028616,0.039999999999999994,0.039999999999999994,0.2372544057567631,0.7627832418662773,1,1,3.45458984375,0.007403708338264314,0.050615629539255025,,,,,0.012961752247892793,164095.12609243393,,,0,,,,,,,,,0,False,0.0
156000.0,0.04,0,stay,data,16.0,0.39362566081317585,0.014641268071064636,0.02787932385684996,0.0234,False,3.299379199422622,3.3926640195048803,3.3703465848700964,3.321000437028616,0.039999999999999994,0.039999999999999994,0.2372544057567631,0.7627832418662773,1,1,3.45458984375,0.007403708338264314,0.050615629539255025,3.366789741801767,-0.0021095552930172623,3.366789741801767,-0.0021095552930172623,0.012961752247892793,164095.12609243393,155860.0060256471,,1,3.366789741801767,0.042111614231302746,0.02043128064544429,0.05279035578256882,3.366789741801767,0.042111614231302746,-0.007626537008780903,0.05279035578256882,1,False,0.0
156000.0,0.04,0,stay2,cov,4.0,0.39362566081317585,0.014641268071064636,0.02787932385684996,0.0234,False,3.299379199422622,3.3926640195048803,3.3703465848700964,3.321000437028616,0.039999999999999994,0.039999999999999994,0.2372544057567631,0.7627832418662773,1,1,3.45458984375,0.007403708338264314,0.050615629539255025,3.4205623632048665,0.030020573158412667,3.4205623632048665,0.030020573158412667,0.012961752247892793,164095.12609243393,160878.39460788787,,1,3.4205623632048665,0.042039880491351295,0.036729080368649664,0.05099701228378253,3.4205623632048665,0.042039880491351295,0.00822313778776646,0.05099701228378253,1,False,0.0
156000.0,0.04,0,stay2,cov,16.0,0.39362566081317585,0.014641268071064636,0.02787932385684996,0.0234,False,3.299379199422622,3.3926640195048803,3.3703465848700964,3.321000437028616,0.039999999999999994,0.039999999999999994,0.2372544057567631,0.7627832418662773,1,1,3.45458984375,0.007403708338264314,0.050615629539255025,3.3534192505538742,-0.01001963786444382,3.3534192505538742,-0.01001963786444382,0.012961752247892793,164095.12609243393,154624.53421229796,,3,3.3534192505538742,0.034870961872871656,0.01637885428286297,-0.12822595317820848,3.3534192505538742,0.034870961872871656,-0.01156753770057471,-0.12822595317820848,0,False,0.0634617618134872
156000.0,0.04,0,stay2,data,4.0,0.39362566081317585,0.014641268071064636,0.02787932385684996,0.0234,False,3.299379199422622,3.3926640195048803,3.3703465848700964,3.321000437028616,0.039999999999999994,0.039999999999999994,0.2372544057567631,0.7627832418662773,1,1,3.45458984375,0.007403708338264314,0.050615629539255025,3.407740107590282,0.0223128154441683,3.407740107590282,0.0223128154441683,0.012961752247892793,164095.12609243393,159674.5238120921,,1,3.407740107590282,0.04072098960827154,0.03284281727502637,0.01802474020678874,3.407740107590282,0.04072098960827154,0.004443731533310483,0.01802474020678874,1,False,0.0
156000.0,0.04,0,stay2,data,16.0,0.39362566081317585,0.014641268071064636,0.02787932385684996,0.0234,False,3.299379199422622,3.3926640195048803,3.3703465848700964,3.321000437028616,0.039999999999999994,0.039999999999999994,0.2372544057567631,0.7627832418662773,1,1,3.45458984375,0.007403708338264314,0.050615629539255025,3.422502695180917,0.031189473762958553,3.422502695180917,0.031189473762958553,0.012961752247892793,164095.12609243393,161060.9646046588,,1,3.422502695180917,0.011831858983105337,0.037317170387641735,-0.7042035254223665,3.422502695180917,0.011831858983105337,0.008795057661026898,-0.7042035254223665,1,False,0.0
156000.0,0.04,0,stay+deck,cov,4.0,0.39362566081317585,0.014641268071064636,0.02787932385684996,0.0234,False,3.299379199422622,3.3926640195048803,3.3703465848700964,3.321000437028616,0.039999999999999994,0.039999999999999994,0.2372544057567631,0.7627832418662773,1,1,3.45458984375,0.007403708338264314,0.050615629539255025,,,,,0.012961752247892793,164095.12609243393,,,0,,,,,,,,,0,False,0.0
156000.0,0.04,0,stay+deck,cov,16.0,0.39362566081317585,0.014641268071064636,0.02787932385684996,0.0234,False,3.299379199422622,3.3926640195048803,3.3703465848700964,3.321000437028616,0.039999999999999994,0.039999999999999994,0.2372544057567631,0.7627832418662773,1,1,3.45458984375,0.007403708338264314,0.050615629539255025,3.3203993992182896,-0.029419577937395136,3.3203993992182896,-0.029419577937395136,0.012961752247892793,164095.12609243393,151594.4673420262,,1,3.3203993992182896,0.020136748874080686,0.006370956026923506,-0.49658127814798275,3.3203993992182896,0.020136748874080686,-0.02130025840199078,-0.49658127814798275,1,False,0.0
156000.0,0.04,0,stay+deck,data,4.0,0.39362566081317585,0.014641268071064636,0.02787932385684996,0.0234,False,3.299379199422622,3.3926640195048803,3.3703465848700964,3.321000437028616,0.039999999999999994,0.039999999999999994,0.2372544057567631,0.7627832418662773,1,1,3.45458984375,0.007403708338264314,0.050615629539255025,,,,,0.012961752247892793,164095.12609243393,,,0,,,,,,,,,0,False,0.0
156000.0,0.04,0,stay+deck,data,16.0,0.39362566081317585,0.014641268071064636,0.02787932385684996,0.0234,False,3.299379199422622,3.3926640195048803,3.3703465848700964,3.321000437028616,0.039999999999999994,0.039999999999999994,0.2372544057567631,0.7627832418662773,1,1,3.45458984375,0.007403708338264314,0.050615629539255025,3.4657312732556163,0.057403257614595304,3.4657312732556163,0.057403257614595304,0.012961752247892793,164095.12609243393,165155.28230330243,,1,3.4657312732556163,0.02340264511410172,0.05041920427397528,-0.4149338721474569,3.4657312732556163,0.02340264511410172,0.021536837520798564,-0.4149338721474569,0,False,0.0
156000.0,0.04,1,stay,cov,4.0,0.39362566081317585,0.014641268071064636,0.02787932385684996,0.0234,False,3.299379199422622,3.3926640195048803,3.3703465848700964,3.321000437028616,0.039999999999999994,0.039999999999999994,0.2372544057567631,0.7627832418662773,2,1,3.41796875,0.007403708338264314,0.02845915613726735,,,,,0.012961752247892793,160634.51766967773,,,0,,,,,,,,,0,False,0.0
156000.0,0.04,1,stay,cov,16.0,0.39362566081317585,0.014641268071064636,0.02787932385684996,0.0234,False,3.299379199422622,3.3926640195048803,3.3703465848700964,3.321000437028616,0.039999999999999994,0.039999999999999994,0.2372544057567631,0.7627832418662773,2,1,3.41796875,0.007403708338264314,0.02845915613726735,3.380347138577142,0.005943240772009251,3.380347138577142,0.005943240772009251,0.012961752247892793,160634.51766967773,157117.76818769178,,1,3.380347138577142,0.030720388259437195,0.024540355703487865,-0.23199029351407,3.380347138577142,0.030720388259437195,-0.003630445236229312,-0.23199029351407,1,False,0.0
156000.0,0.04,1,stay,data,4.0,0.39362566081317585,0.014641268071064636,0.02787932385684996,0.0234,False,3.299379199422622,3.3926640195048803,3.3703465848700964,3.321000437028616,0.039999999999999994,0.039999999999999994,0.2372544057567631,0.7627832418662773,2,1,3.41796875,0.007403708338264314,0.02845915613726735,3.386353801407668,0.009521411932111423,3.386353801407668,0.009521411932111423,0.012961752247892793,160634.51766967773,157676.64093923723,,1,3.386353801407668,0.039120800699605995,0.026360899044361473,-0.021979982509849966,3.386353801407668,0.039120800699605995,-0.0018599596249242595,-0.021979982509849966,1,False,0.0
156000.0,0.04,1,stay,data,16.0,0.39362566081317585,0.014641268071064636,0.02787932385684996,0.0234,False,3.299379199422622,3.3926640195048803,3.3703465848700964,3.321000437028616,0.039999999999999994,0.039999999999999994,0.2372544057567631,0.7627832418662773,2,1,3.41796875,0.007403708338264314,0.02845915613726735,3.3722063735648082,0.0011039231558207518,3.3722063735648082,0.0011039231558207518,0.012961752247892793,160634.51766967773,156361.91760627783,,1,3.3722063735648082,0.03565400271290752,0.02207299305121723,-0.10864993217731182,3.3722063735648082,0.03565400271290752,-0.006029965190321911,-0.10864993217731182,1,False,0.0
156000.0,0.04,1,stay2,cov,4.0,0.39362566081317585,0.014641268071064636,0.02787932385684996,0.0234,False,3.299379199422622,3.3926640195048803,3.3703465848700964,3.321000437028616,0.039999999999999994,0.039999999999999994,0.2372544057567631,0.7627832418662773,2,1,3.41796875,0.007403708338264314,0.02845915613726735,3.3850377345111964,0.008736886972569247,3.3850377345111964,0.008736886972569247,0.012961752247892793,160634.51766967773,157554.1063808895,,1,3.3850377345111964,0.035871895810730775,0.025962015855456762,-0.10320260473173049,3.3850377345111964,0.035871895810730775,-0.0022478751063587086,-0.10320260473173049,1,False,0.0
156000.0,0.04,1,stay2,cov,16.0,0.39362566081317585,0.014641268071064636,0.02787932385684996,0.0234,False,3.299379199422622,3.3926640195048803,3.3703465848700964,3.321000437028616,0.039999999999999994,0.039999999999999994,0.2372544057567631,0.7627832418662773,2,1,3.41796875,0.007403708338264314,0.02845915613726735,3.3890488698758734,0.011128929720682024,3.3890488698758734,0.011128929720682024,0.012961752247892793,160634.51766967773,157927.71833309537,,2,3.2865414573325014,0.010990916182527814,-0.003890956847993473,-0.7252270954368045,3.3890488698758734,0.03441891946312343,-0.0010655784387203998,-0.13952701342191418,2,True,0.030711115427671548
156000.0,0.04,1,stay2,data,4.0,0.39362566081317585,0.014641268071064636,0.02787932385684996,0.0234,False,3.299379199422622,3.3926640195048803,3.3703465848700964,3.321000437028616,0.039999999999999994,0.039999999999999994,0.2372544057567631,0.7627832418662773,2,1,3.41796875,0.007403708338264314,0.02845915613726735,3.3891157114923036,0.011168814751063794,3.3891157114923036,0.011168814751063794,0.012961752247892793,160634.51766967773,157933.94795590476,,1,3.3891157114923036,0.03831070311228729,0.02719799897065033,-0.04223242219281755,3.3891157114923036,0.03831070311228729,-0.0010458766303344403,-0.04223242219281755,1,False,0.0
156000.0,0.04,1,stay2,data,16.0,0.39362566081317585,0.014641268071064636,0.02787932385684996,0.0234,False,3.299379199422622,3.3926640195048803,3.3703465848700964,3.321000437028616,0.039999999999999994,0.039999999999999994,0.2372544057567631,0.7627832418662773,2,1,3.41796875,0.007403708338264314,0.02845915613726735,3.405583624240142,0.021019346494787428,3.405583624240142,0.021019346494787428,0.012961752247892793,160634.51766967773,159472.49754827353,,1,3.405583624240142,0.03623498156111187,0.03218921451529583,-0.09412546097220308,3.405583624240142,0.03623498156111187,0.0038081002601451273,-0.09412546097220308,1,False,0.0
156000.0,0.04,1,stay+deck,cov,4.0,0.39362566081317585,0.014641268071064636,0.02787932385684996,0.0234,False,3.299379199422622,3.3926640195048803,3.3703465848700964,3.321000437028616,0.039999999999999994,0.039999999999999994,0.2372544057567631,0.7627832418662773,2,1,3.41796875,0.007403708338264314,0.02845915613726735,3.4274349352462714,0.03416375271289529,3.4274349352462714,0.03416375271289529,0.012961752247892793,160634.51766967773,161525.51573601592,,1,3.4274349352462714,0.02885058293388442,0.038812069811817514,-0.27873542665288936,3.4274349352462714,0.02885058293388442,0.010248853273265043,-0.27873542665288936,0,False,0.0
156000.0,0.04,1,stay+deck,cov,16.0,0.39362566081317585,0.014641268071064636,0.02787932385684996,0.0234,False,3.299379199422622,3.3926640195048803,3.3703465848700964,3.321000437028616,0.039999999999999994,0.039999999999999994,0.2372544057567631,0.7627832418662773,2,1,3.41796875,0.007403708338264314,0.02845915613726735,3.4044901048070346,0.020363761216284804,3.4044901048070346,0.020363761216284804,0.012961752247892793,160634.51766967773,159370.10201377393,,2,3.2294513208819406,0.02411085053044408,-0.021194253316781073,-0.3972287367388979,3.4044901048070346,0.02823587620025462,0.0034857814490808973,-0.2941030949936344,1,False,0.05277067513658824
156000.0,0.04,1,stay+deck,data,4.0,0.39362566081317585,0.014641268071064636,0.02787932385684996,0.0234,False,3.299379199422622,3.3926640195048803,3.3703465848700964,3.321000437028616,0.039999999999999994,0.039999999999999994,0.2372544057567631,0.7627832418662773,2,1,3.41796875,0.007403708338264314,0.02845915613726735,3.4204721732834167,0.0299662567975294,3.4204721732834167,0.0299662567975294,0.012961752247892793,160634.51766967773,160869.91096283498,,2,3.2652374999754827,0.028583005702993065,-0.010347916193783956,-0.28542485742517326,3.4204721732834167,0.02889194268710906,0.008196553981963318,-0.2777014328222734,1,False,0.04643775482170046
156000.0,0.04,1,stay+deck,data,16.0,0.39362566081317585,0.014641268071064636,0.02787932385684996,0.0234,False,3.299379199422622,3.3926640195048803,3.3703465848700964,3.321000437028616,0.039999999999999994,0.039999999999999994,0.2372544057567631,0.7627832418662773,2,1,3.41796875,0.007403708338264314,0.02845915613726735,3.4414123863464443,0.042615815570711923,3.4414123863464443,0.042615815570711923,0.012961752247892793,160634.51766967773,162845.63917735752,,2,3.2566267909190665,0.02627813004304471,-0.012957712927037016,-0.34304674892388215,3.4414123863464443,0.036706025356778006,0.014368757578499708,-0.0823493660805497,0,False,0.05517602705417945
156000.0,0.04,2,stay,cov,4.0,0.39362566081317585,0.014641268071064636,0.02787932385684996,0.0234,False,3.299379199422622,3.3926640195048803,3.3703465848700964,3.321000437028616,0.039999999999999994,0.039999999999999994,0.2372544057567631,0.7627832418662773,2,2,3.466796875,0.007403708338264314,0.058053593079176125,3.422225032361674,0.031022162653242313,3.422225032361674,0.031022162653242313,0.012961752247892793,165256.85787200928,161034.83236668934,,1,3.422225032361674,0.05284393175778074,0.03723301430782777,0.32109829394451866,3.422225032361674,0.05284393175778074,0.008713215540013202,0.32109829394451866,1,False,0.0
156000.0,0.04,2,stay,cov,16.0,0.39362566081317585,0.014641268071064636,0.02787932385684996,0.0234,False,3.299379199422622,3.3926640195048803,3.3703465848700964,3.321000437028616,0.039999999999999994,0.039999999999999994,0.2372544057567631,0.7627832418662773,2,2,3.466796875,0.007403708338264314,0.058053593079176125,3.415533796305387,0.026994333844407636,3.415533796305387,0.026994333844407636,0.012961752247892793,165256.85787200928,160405.72781343397,,1,3.415533796305387,0.03508122000322474,0.03520498550245193,-0.12296949991938129,3.415533796305387,0.03508122000322474,0.006740949492500643,-0.12296949991938129,1,False,0.0
156000.0,0.04,2,stay,data,4.0,0.39362566081317585,0.014641268071064636,0.02787932385684996,0.0234,False,3.299379199422622,3.3926640195048803,3.3703465848700964,3.321000437028616,0.039999999999999994,0.039999999999999994,0.2372544057567631,0.7627832418662773,2,2,3.466796875,0.007403708338264314,0.058053593079176125,3.427027995780927,0.03391819469690738,3.427027995780927,0.03391819469690738,0.012961752247892793,165256.85787200928,161487.16215316075,,1,3.427027995780927,0.049011605967929306,0.038688731619767394,0.22529014919823284,3.427027995780927,0.049011605967929306,0.01012890639287695,0.22529014919823284,0,False,0.0
156000.0,0.04,2,stay,data,16.0,0.39362566081317585,0.014641268071064636,0.02787932385684996,0.0234,False,3.299379199422622,3.3926640195048803,3.3703465848700964,3.321000437028616,0.039999999999999994,0.039999999999999994,0.2372544057567631,0.7627832418662773,2,2,3.466796875,0.007403708338264314,0.058053593079176125,3.414584448171852,0.026423506726377388,3.414584448171852,0.026423506726377388,0.012961752247892793,165256.85787200928,160316.57061333474,,1,3.414584448171852,0.036162365000330654,0.034917250120686506,-0.09594087499173351,3.414584448171852,0.036162365000330654,0.006461125693834808,-0.09594087499173351,1,False,0.0
156000.0,0.04,2,stay2,cov,4.0,0.39362566081317585,0.014641268071064636,0.02787932385684996,0.0234,False,3.299379199422622,3.3926640195048803,3.3703465848700964,3.321000437028616,0.039999999999999994,0.039999999999999994,0.2372544057567631,0.7627832418662773,2,2,3.466796875,0.007403708338264314,0.058053593079176125,3.4458302740540883,0.04529443448622139,3.4458302740540883,0.04529443448622139,0.012961752247892793,165256.85787200928,163264.0113168305,,1,3.4458302740540883,0.038679340609491984,0.044387463755937655,-0.03301648476270025,3.4458302740540883,0.038679340609491984,0.015670945971527996,-0.03301648476270025,0,False,0.0
156000.0,0.04,2,stay2,cov,16.0,0.39362566081317585,0.014641268071064636,0.02787932385684996,0.0234,False,3.299379199422622,3.3926640195048803,3.3703465848700964,3.321000437028616,0.039999999999999994,0.039999999999999994,0.2372544057567631,0.7627832418662773,2,2,3.466796875,0.007403708338264314,0.058053593079176125,3.398483883851021,0.016766673827091738,3.398483883851021,0.016766673827091738,0.012961752247892793,165256.85787200928,158808.2747459329,,3,3.398483883851021,0.03884371806522345,0.030037373226375993,-0.028907048369413577,3.398483883851021,0.03884371806522345,0.001715426081887714,-0.028907048369413577,1,False,0.08404379601652781
156000.0,0.04,2,stay2,data,4.0,0.39362566081317585,0.014641268071064636,0.02787932385684996,0.0234,False,3.299379199422622,3.3926640195048803,3.3703465848700964,3.321000437028616,0.039999999999999994,0.039999999999999994,0.2372544057567631,0.7627832418662773,2,2,3.466796875,0.007403708338264314,0.058053593079176125,,,,,0.012961752247892793,165256.85787200928,,,0,,,,,,,,,0,False,0.0
156000.0,0.04,2,stay2,data,16.0,0.39362566081317585,0.014641268071064636,0.02787932385684996,0.0234,False,3.299379199422622,3.3926640195048803,3.3703465848700964,3.321000437028616,0.039999999999999994,0.039999999999999994,0.2372544057567631,0.7627832418662773,2,2,3.466796875,0.007403708338264314,0.058053593079176125,3.3962215256070087,0.015413408725416522,3.3962215256070087,0.015413408725416522,0.012961752247892793,165256.85787200928,158596.90895120046,,1,3.3962215256070087,0.033278623817230006,0.029351681128781355,-0.16803440456924973,3.3962215256070087,0.033278623817230006,0.001048587800523683,-0.16803440456924973,1,False,0.0
156000.0,0.04,2,stay+deck,cov,4.0,0.39362566081317585,0.014641268071064636,0.02787932385684996,0.0234,False,3.299379199422622,3.3926640195048803,3.3703465848700964,3.321000437028616,0.039999999999999994,0.039999999999999994,0.2372544057567631,0.7627832418662773,2,2,3.466796875,0.007403708338264314,0.058053593079176125,,,,,0.012961752247892793,165256.85787200928,,,0,,,,,,,,,0,False,0.0
156000.0,0.04,2,stay+deck,cov,16.0,0.39362566081317585,0.014641268071064636,0.02787932385684996,0.0234,False,3.299379199422622,3.3926640195048803,3.3703465848700964,3.321000437028616,0.039999999999999994,0.039999999999999994,0.2372544057567631,0.7627832418662773,2,2,3.466796875,0.007403708338264314,0.058053593079176125,3.143481426459628,-0.1300933100043361,3.143481426459628,-0.1300933100043361,0.012961752247892793,165256.85787200928,135870.28782932903,,1,3.143481426459628,0.006972000087870804,-0.04725063823833147,-0.8256999978032298,3.143481426459628,0.006972000087870804,-0.07344747125346575,-0.8256999978032298,0,False,0.0
156000.0,0.04,2,stay+deck,data,4.0,0.39362566081317585,0.014641268071064636,0.02787932385684996,0.0234,False,3.299379199422622,3.3926640195048803,3.3703465848700964,3.321000437028616,0.039999999999999994,0.039999999999999994,0.2372544057567631,0.7627832418662773,2,2,3.466796875,0.007403708338264314,0.058053593079176125,,,,,0.012961752247892793,165256.85787200928,,,0,,,,,,,,,0,False,0.0
156000.0,0.04,2,stay+deck,data,16.0,0.39362566081317585,0.014641268071064636,0.02787932385684996,0.0234,False,3.299379199422622,3.3926640195048803,3.3703465848700964,3.321000437028616,0.039999999999999994,0.039999999999999994,0.2372544057567631,0.7627832418662773,2,2,3.466796875,0.007403708338264314,0.058053593079176125,,,,,0.012961752247892793,165256.85787200928,,,0,,,,,,,,,0,False,0.0
161000.0,0.04,0,stay,cov,4.0,0.6132620603090577,0.03004427081132042,0.03878556511060405,0.0234,True,3.307387901671545,3.4382036926674338,3.4238680561291908,3.321000437028616,0.04000000000000001,0.04000000000000001,0.1084355605375269,0.8915983303190185,1,1,3.45458984375,0.007541620830235823,0.018026172627535697,3.4587987393150117,0.020508305793395687,3.4587987393150117,0.020508305793395687,0.008037459829289391,164095.12609243393,164495.2198874478,,1,3.4587987393150117,0.04345716681171349,0.04577958260261647,0.08642917029283695,3.4587987393150117,0.04345716681171349,0.005990060068721482,0.08642917029283695,1,False,0.0
161000.0,0.04,0,stay,cov,16.0,0.6132620603090577,0.03004427081132042,0.03878556511060405,0.0234,True,3.307387901671545,3.4382036926674338,3.4238680561291908,3.321000437028616,0.04000000000000001,0.04000000000000001,0.1084355605375269,0.8915983303190185,1,1,3.45458984375,0.007541620830235823,0.018026172627535697,3.4567020365633017,0.019271428948700375,3.4567020365633017,0.019271428948700375,0.008037459829289391,164095.12609243393,164295.84833173704,,1,3.4567020365633017,0.003272918930158297,0.045145637382386826,-0.9181770267460426,3.4567020365633017,0.003272918930158297,0.005380235014964017,-0.9181770267460426,1,False,0.0
161000.0,0.04,0,stay,data,4.0,0.6132620603090577,0.03004427081132042,0.03878556511060405,0.0234,True,3.307387901671545,3.4382036926674338,3.4238680561291908,3.321000437028616,0.04000000000000001,0.04000000000000001,0.1084355605375269,0.8915983303190185,1,1,3.45458984375,0.007541620830235823,0.018026172627535697,3.461852641293528,0.022311190794964242,3.461852641293528,0.022311190794964242,0.008037459829289391,164095.12609243393,164785.8260129259,,1,3.461852641293528,0.04320874348613924,0.046702940270150074,0.0802185871534808,3.461852641293528,0.04320874348613924,0.006878286087741027,0.0802185871534808,1,False,0.0
161000.0,0.04,0,stay,data,16.0,0.6132620603090577,0.03004427081132042,0.03878556511060405,0.0234,True,3.307387901671545,3.4382036926674338,3.4238680561291908,3.321000437028616,0.04000000000000001,0.04000000000000001,0.1084355605375269,0.8915983303190185,1,1,3.45458984375,0.007541620830235823,0.018026172627535697,3.435681914662978,0.006912789778864115,3.435681914662978,0.006912789778864115,0.008037459829289391,164095.12609243393,162303.76550770618,,1,3.435681914662978,0.038115447201009595,0.03879013191243571,-0.04711381997476032,3.435681914662978,0.038115447201009595,-0.0007334580001277624,-0.04711381997476032,1,False,0.0
161000.0,0.04,0,stay2,cov,4.0,0.6132620603090577,0.03004427081132042,0.03878556511060405,0.0234,True,3.307387901671545,3.4382036926674338,3.4238680561291908,3.321000437028616,0.04000000000000001,0.04000000000000001,0.1084355605375269,0.8915983303190185,1,1,3.45458984375,0.007541620830235823,0.018026172627535697,3.4492330925835097,0.014871479810105726,3.4492330925835097,0.014871479810105726,0.008037459829289391,164095.12609243393,163586.62274588156,,1,3.4492330925835097,0.04133298615028847,0.04288737672417461,0.03332465375721158,3.4492330925835097,0.04133298615028847,0.0032078960125597267,0.03332465375721158,1,False,0.0
161000.0,0.04,0,stay2,cov,16.0,0.6132620603090577,0.03004427081132042,0.03878556511060405,0.0234,True,3.307387901671545,3.4382036926674338,3.4238680561291908,3.321000437028616,0.04000000000000001,0.04000000000000001,0.1084355605375269,0.8915983303190185,1,1,3.45458984375,0.007541620830235823,0.018026172627535697,3.4444965388339517,0.0120861112044639,3.4444965388339517,0.0120861112044639,0.008037459829289391,164095.12609243393,163137.65058303726,,4,3.2591914140586726,0.0030762210792775486,-0.01457237223021643,-0.9230944730180614,3.4444965388339517,0.033520327330763475,0.0018302714815700174,-0.16199181673091329,1,False,0.13654794191953978
161000.0,0.04,0,stay2,data,4.0,0.6132620603090577,0.03004427081132042,0.03878556511060405,0.0234,True,3.307387901671545,3.4382036926674338,3.4238680561291908,3.321000437028616,0.04000000000000001,0.04000000000000001,0.1084355605375269,0.8915983303190185,1,1,3.45458984375,0.007541620830235823,0.018026172627535697,3.4462263592385147,0.01310290236260947,3.4462263592385147,0.01310290236260947,0.008037459829289391,164095.12609243393,163301.5466377673,,1,3.4462263592385147,0.04108620622468766,0.041978280653684835,0.027155155617191236,3.4462263592385147,0.04108620622468766,0.0023333889694175775,0.027155155617191236,1,False,0.0
161000.0,0.04,0,stay2,data,16.0,0.6132620603090577,0.03004427081132042,0.03878556511060405,0.0234,True,3.307387901671545,3.4382036926674338,3.4238680561291908,3.321000437028616,0.04000000000000001,0.04000000000000001,0.1084355605375269,0.8915983303190185,1,1,3.45458984375,0.007541620830235823,0.018026172627535697,3.4732600919694234,0.029059703727045694,3.4732600919694234,0.029059703727045694,0.008037459829289391,164095.12609243393,165873.61541392741,,1,3.4732600919694234,0.007523521636763793,0.05015202184601547,-0.8119119590809052,3.4732600919694234,0.007523521636763793,0.010196137994020985,-0.8119119590809052,0,False,0.0
161000.0,0.04,0,stay+deck,cov,4.0,0.6132620603090577,0.03004427081132042,0.03878556511060405,0.0234,True,3.307387901671545,3.4382036926674338,3.4238680561291908,3.321000437028616,0.04000000000000001,0.04000000000000001,0.1084355605375269,0.8915983303190185,1,1,3.45458984375,0.007541620830235823,0.018026172627535697,,,,,0.008037459829289391,164095.12609243393,,,0,,,,,,,,,0,False,0.0
161000.0,0.04,0,stay+deck,cov,16.0,0.6132620603090577,0.03004427081132042,0.03878556511060405,0.0234,True,3.307387901671545,3.4382036926674338,3.4238680561291908,3.321000437028616,0.04000000000000001,0.04000000000000001,0.1084355605375269,0.8915983303190185,1,1,3.45458984375,0.007541620830235823,0.018026172627535697,,,,,0.008037459829289391,164095.12609243393,,,0,,,,,,,,,0,False,0.0
161000.0,0.04,0,stay+deck,data,4.0,0.6132620603090577,0.03004427081132042,0.03878556511060405,0.0234,True,3.307387901671545,3.4382036926674338,3.4238680561291908,3.321000437028616,0.04000000000000001,0.04000000000000001,0.1084355605375269,0.8915983303190185,1,1,3.45458984375,0.007541620830235823,0.018026172627535697,,,,,0.008037459829289391,164095.12609243393,,,0,,,,,,,,,0,False,0.0
161000.0,0.04,0,stay+deck,data,16.0,0.6132620603090577,0.03004427081132042,0.03878556511060405,0.0234,True,3.307387901671545,3.4382036926674338,3.4238680561291908,3.321000437028616,0.04000000000000001,0.04000000000000001,0.1084355605375269,0.8915983303190185,1,1,3.45458984375,0.007541620830235823,0.018026172627535697,3.285453081848443,-0.07921868257674602,3.285453081848443,-0.07921868257674602,0.008037459829289391,164095.12609243393,148420.27685412718,,1,3.285453081848443,0.028433661325810575,-0.0066320675031845975,-0.28915846685473573,3.285453081848443,0.028433661325810575,-0.04442744656017846,-0.28915846685473573,1,False,0.0
161000.0,0.04,1,stay,cov,4.0,0.6132620603090577,0.03004427081132042,0.03878556511060405,0.0234,True,3.307387901671545,3.4382036926674338,3.4238680561291908,3.321000437028616,0.04000000000000001,0.04000000000000001,0.1084355605375269,0.8915983303190185,1,1,3.41796875,0.007541620830235823,-0.0034430204647483142,,,,,0.008037459829289391,160634.51766967773,,,0,,,,,,,,,0,False,0.0
161000.0,0.04,1,stay,cov,16.0,0.6132620603090577,0.03004427081132042,0.03878556511060405,0.0234,True,3.307387901671545,3.4382036926674338,3.4238680561291908,3.321000437028616,0.04000000000000001,0.04000000000000001,0.1084355605375269,0.8915983303190185,1,1,3.41796875,0.007541620830235823,-0.0034430204647483142,3.4322291820936126,0.004889986886783104,3.4322291820936126,0.004889986886783104,0.008037459829289391,160634.51766967773,161977.7109282061,,1,3.4322291820936126,0.033343311001367344,0.037746186456984174,-0.16641722496581657,3.4322291820936126,0.033343311001367344,-0.001737683717390807,-0.16641722496581657,1,False,0.0
161000.0,0.04,1,stay,data,4.0,0.6132620603090577,0.03004427081132042,0.03878556511060405,0.0234,True,3.307387901671545,3.4382036926674338,3.4238680561291908,3.321000437028616,0.04000000000000001,0.04000000000000001,0.1084355605375269,0.8915983303190185,1,1,3.41796875,0.007541620830235823,-0.0034430204647483142,,,,,0.008037459829289391,160634.51766967773,,,0,,,,,,,,,0,False,0.0
161000.0,0.04,1,stay,data,16.0,0.6132620603090577,0.03004427081132042,0.03878556511060405,0.0234,True,3.307387901671545,3.4382036926674338,3.4238680561291908,3.321000437028616,0.04000000000000001,0.04000000000000001,0.1084355605375269,0.8915983303190185,1,1,3.41796875,0.007541620830235823,-0.0034430204647483142,3.4489380309489523,0.014697854646724684,3.4489380309489523,0.014697854646724684,0.008037459829289391,160634.51766967773,163558.636193233,,1,3.4489380309489523,0.03865510613889672,0.042798163833721606,-0.033622346527582135,3.4489380309489523,0.03865510613889672,0.0031220774686535986,-0.033622346527582135,1,False,0.0
161000.0,0.04,1,stay2,cov,4.0,0.6132620603090577,0.03004427081132042,0.03878556511060405,0.0234,True,3.307387901671545,3.4382036926674338,3.4238680561291908,3.321000437028616,0.04000000000000001,0.04000000000000001,0.1084355605375269,0.8915983303190185,1,1,3.41796875,0.007541620830235823,-0.0034430204647483142,3.4291911991441584,0.003111849473100614,3.4291911991441584,0.003111849473100614,0.008037459829289391,160634.51766967773,161691.09385395655,,1,3.4291911991441584,0.034440856946913706,0.036827641962121974,-0.13897857632715752,3.4291911991441584,0.034440856946913706,-0.002621279693956494,-0.13897857632715752,1,False,0.0
161000.0,0.04,1,stay2,cov,16.0,0.6132620603090577,0.03004427081132042,0.03878556511060405,0.0234,True,3.307387901671545,3.4382036926674338,3.4238680561291908,3.321000437028616,0.04000000000000001,0.04000000000000001,0.1084355605375269,0.8915983303190185,1,1,3.41796875,0.007541620830235823,-0.0034430204647483142,3.433855218641617,0.005842356215193467,3.433855218641617,0.005842356215193467,0.008037459829289391,160634.51766967773,162131.22286064367,,2,3.281697880407978,0.014515786783214118,-0.0077674654522934036,-0.6371053304196471,3.433855218641617,0.03391877193570583,-0.0012647517176165256,-0.15203070160735435,2,True,0.04531490883607873
161000.0,0.04,1,stay2,data,4.0,0.6132620603090577,0.03004427081132042,0.03878556511060405,0.0234,True,3.307387901671545,3.4382036926674338,3.4238680561291908,3.321000437028616,0.04000000000000001,0.04000000000000001,0.1084355605375269,0.8915983303190185,1,1,3.41796875,0.007541620830235823,-0.0034430204647483142,3.433405307863751,0.005578798411054464,3.433405307863751,0.005578798411054464,0.008037459829289391,160634.51766967773,162088.74011092097,,1,3.433405307863751,0.03184401011798658,0.03810179209052476,-0.2038997470503357,3.433405307863751,0.03184401011798658,-0.0013956080653150843,-0.2038997470503357,1,False,0.0
161000.0,0.04,1,stay2,data,16.0,0.6132620603090577,0.03004427081132042,0.03878556511060405,0.0234,True,3.307387901671545,3.4382036926674338,3.4238680561291908,3.321000437028616,0.04000000000000001,0.04000000000000001,0.1084355605375269,0.8915983303190185,1,1,3.41796875,0.007541620830235823,-0.0034430204647483142,3.4555919053211346,0.018616849323926266,3.4555919053211346,0.018616849323926266,0.008037459829289391,160634.51766967773,164190.33697166306,,1,3.4555919053211346,0.037095748954726525,0.044809985419214916,-0.07260627613183705,3.4555919053211346,0.037095748954726525,0.005057353841712233,-0.07260627613183705,1,False,0.0
161000.0,0.04,1,stay+deck,cov,4.0,0.6132620603090577,0.03004427081132042,0.03878556511060405,0.0234,True,3.307387901671545,3.4382036926674338,3.4238680561291908,3.321000437028616,0.04000000000000001,0.04000000000000001,0.1084355605375269,0.8915983303190185,1,1,3.41796875,0.007541620830235823,-0.0034430204647483142,3.44334417152099,0.011409031204262066,3.44334417152099,0.011409031204262066,0.008037459829289391,160634.51766967773,163028.51239877913,,2,3.2689848967634174,0.03593965365010722,-0.01161127936905092,-0.10150865874731968,3.44334417152099,0.028732349568042444,0.0014951059660948094,-0.281691260798939,1,False,0.05195194484174382
161000.0,0.04,1,stay+deck,cov,16.0,0.6132620603090577,0.03004427081132042,0.03878556511060405,0.0234,True,3.307387901671545,3.4382036926674338,3.4238680561291908,3.321000437028616,0.04000000000000001,0.04000000000000001,0.1084355605375269,0.8915983303190185,1,1,3.41796875,0.007541620830235823,-0.0034430204647483142,3.448782778711466,0.014606504459952374,3.448782778711466,0.014606504459952374,0.008037459829289391,160634.51766967773,163543.91150263074,,2,3.238044593433926,0.030391897486774715,-0.02096618549114635,-0.24020256283063227,3.448782778711466,0.025820918197732856,0.0030769224251006345,-0.3544770450566787,1,False,0.06303084364205058
161000.0,0.04,1,stay+deck,data,4.0,0.6132620603090577,0.03004427081132042,0.03878556511060405,0.0234,True,3.307387901671545,3.4382036926674338,3.4238680561291908,3.321000437028616,0.04000000000000001,0.04000000000000001,0.1084355605375269,0.8915983303190185,1,1,3.41796875,0.007541620830235823,-0.0034430204647483142,3.4530821468746344,0.017137766180505,3.4530821468746344,0.017137766180505,0.008037459829289391,160634.51766967773,163951.9243046346,,2,3.2762028051561156,0.033848721825591975,-0.00942892017584885,-0.15378195436020078,3.4530821468746344,0.02909648400536438,0.00432739172461817,-0.2725878998658906,2,True,0.05257002578413343
161000.0,0.04,1,stay+deck,data,16.0,0.6132620603090577,0.03004427081132042,0.03878556511060405,0.0234,True,3.307387901671545,3.4382036926674338,3.4238680561291908,3.321000437028616,0.04000000000000001,0.04000000000000001,0.1084355605375269,0.8915983303190185,1,1,3.41796875,0.007541620830235823,-0.0034430204647483142,3.475368515205205,0.030309452886643662,3.475368515205205,0.030309452886643662,0.008037459829289391,160634.51766967773,166075.06185159495,,2,3.2725677397126653,0.027258521944978794,-0.01052799459696925,-0.3185369513755303,3.475368515205205,0.029382658592982322,0.01080937194530733,-0.2654335351754421,0,False,0.06010749593099353
161000.0,0.04,2,stay,cov,4.0,0.6132620603090577,0.03004427081132042,0.03878556511060405,0.0234,True,3.307387901671545,3.4382036926674338,3.4238680561291908,3.321000437028616,0.04000000000000001,0.04000000000000001,0.1084355605375269,0.8915983303190185,2,1,3.47900390625,0.007541620830235823,0.03246607988202577,3.4633489563998774,0.023195128054828817,3.4633489563998774,0.023195128054828817,0.008037459829289391,166422.68747091293,164928.30741469664,,1,3.4633489563998774,0.03334213699100243,0.04715535624034612,-0.16644657522493947,3.4633489563998774,0.03334213699100243,0.007313488664464608,-0.16644657522493947,1,False,0.0
161000.0,0.04,2,stay,cov,16.0,0.6132620603090577,0.03004427081132042,0.03878556511060405,0.0234,True,3.307387901671545,3.4382036926674338,3.4238680561291908,3.321000437028616,0.04000000000000001,0.04000000000000001,0.1084355605375269,0.8915983303190185,2,1,3.47900390625,0.007541620830235823,0.03246607988202577,,,,,0.008037459829289391,166422.68747091293,,,0,,,,,,,,,0,False,0.0
161000.0,0.04,2,stay,data,4.0,0.6132620603090577,0.03004427081132042,0.03878556511060405,0.0234,True,3.307387901671545,3.4382036926674338,3.4238680561291908,3.321000437028616,0.04000000000000001,0.04000000000000001,0.1084355605375269,0.8915983303190185,2,1,3.47900390625,0.007541620830235823,0.03246607988202577,,,,,0.008037459829289391,166422.68747091293,,,0,,,,,,,,,0,False,0.0
161000.0,0.04,2,stay,data,16.0,0.6132620603090577,0.03004427081132042,0.03878556511060405,0.0234,True,3.307387901671545,3.4382036926674338,3.4238680561291908,3.321000437028616,0.04000000000000001,0.04000000000000001,0.1084355605375269,0.8915983303190185,2,1,3.47900390625,0.007541620830235823,0.03246607988202577,3.427475536707911,0.002108364568619514,3.427475536707911,0.002108364568619514,0.008037459829289391,166422.68747091293,161529.34262755376,,1,3.427475536707911,0.031931448186217404,0.03630890557943749,-0.20171379534456507,3.427475536707911,0.031931448186217404,-0.003120279343077485,-0.20171379534456507,1,False,0.0
161000.0,0.04,2,stay2,cov,4.0,0.6132620603090577,0.03004427081132042,0.03878556511060405,0.0234,True,3.307387901671545,3.4382036926674338,3.4238680561291908,3.321000437028616,0.04000000000000001,0.04000000000000001,0.1084355605375269,0.8915983303190185,2,1,3.47900390625,0.007541620830235823,0.03246607988202577,3.4679883513624485,0.025938245109405678,3.4679883513624485,0.025938245109405678,0.008037459829289391,166422.68747091293,165370.46907130245,,1,3.4679883513624485,0.031953252159743616,0.048558093113219854,-0.20116869600640977,3.4679883513624485,0.031953252159743616,0.008662854605890787,-0.20116869600640977,1,False,0.0
161000.0,0.04,2,stay2,cov,16.0,0.6132620603090577,0.03004427081132042,0.03878556511060405,0.0234,True,3.307387901671545,3.4382036926674338,3.4238680561291908,3.321000437028616,0.04000000000000001,0.04000000000000001,0.1084355605375269,0.8915983303190185,2,1,3.47900390625,0.007541620830235823,0.03246607988202577,3.4566555869496627,0.019244036106929263,3.4566555869496627,0.019244036106929263,0.008037459829289391,166422.68747091293,164291.43289336684,,1,3.4566555869496627,0.032901726259868605,0.045131593183454034,-0.17745684350328503,3.4566555869496627,0.032901726259868605,0.005366725165696494,-0.17745684350328503,1,False,0.0
161000.0,0.04,2,stay2,data,4.0,0.6132620603090577,0.03004427081132042,0.03878556511060405,0.0234,True,3.307387901671545,3.4382036926674338,3.4238680561291908,3.321000437028616,0.04000000000000001,0.04000000000000001,0.1084355605375269,0.8915983303190185,2,1,3.47900390625,0.007541620830235823,0.03246607988202577,,,,,0.008037459829289391,166422.68747091293,,,0,,,,,,,,,0,False,0.0
161000.0,0.04,2,stay2,data,16.0,0.6132620603090577,0.03004427081132042,0.03878556511060405,0.0234,True,3.307387901671545,3.4382036926674338,3.4238680561291908,3.321000437028616,0.04000000000000001,0.04000000000000001,0.1084355605375269,0.8915983303190185,2,1,3.47900390625,0.007541620830235823,0.03246607988202577,3.452471311786767,0.016777943588729416,3.452471311786767,0.016777943588729416,0.008037459829289391,166422.68747091293,163893.92468227132,,1,3.452471311786767,0.02053651568661036,0.04386646333255846,-0.4865871078347411,3.452471311786767,0.02053651568661036,0.00414973061362291,-0.4865871078347411,1,False,0.0
161000.0,0.04,2,stay+deck,cov,4.0,0.6132620603090577,0.03004427081132042,0.03878556511060405,0.0234,True,3.307387901671545,3.4382036926674338,3.4238680561291908,3.321000437028616,0.04000000000000001,0.04000000000000001,0.1084355605375269,0.8915983303190185,2,1,3.47900390625,0.007541620830235823,0.03246607988202577,3.47179207962159,0.028190000301200113,3.47179207962159,0.028190000301200113,0.008037459829289391,166422.68747091293,165733.42835669406,,2,3.304533822630825,0.03076844349491325,-0.0008629405215147088,-0.23078891262716894,3.47179207962159,0.036784652818938696,0.009769167261901699,-0.08038367952653279,2,True,0.04936547013925917
161000.0,0.04,2,stay+deck,cov,16.0,0.6132620603090577,0.03004427081132042,0.03878556511060405,0.0234,True,3.307387901671545,3.4382036926674338,3.4238680561291908,3.321000437028616,0.04000000000000001,0.04000000000000001,0.1084355605375269,0.8915983303190185,2,1,3.47900390625,0.007541620830235823,0.03246607988202577,3.461546948812295,0.02213065217651189,3.461546948812295,0.02213065217651189,0.008037459829289391,166422.68747091293,164756.725083936,,3,3.347770015204249,0.021687600894572362,0.012209669604310778,-0.45780997763569103,3.461546948812295,0.0042665493917863695,0.006789375566853407,-0.8933362652053408,1,False,0.09356600783748238
161000.0,0.04,2,stay+deck,data,4.0,0.6132620603090577,0.03004427081132042,0.03878556511060405,0.0234,True,3.307387901671545,3.4382036926674338,3.4238680561291908,3.321000437028616,0.04000000000000001,0.04000000000000001,0.1084355605375269,0.8915983303190185,2,1,3.47900390625,0.007541620830235823,0.03246607988202577,,,,,0.008037459829289391,166422.68747091293,,,0,,,,,,,,,0,False,0.0
161000.0,0.04,2,stay+deck,data,16.0,0.6132620603090577,0.03004427081132042,0.03878556511060405,0.0234,True,3.307387901671545,3.4382036926674338,3.4238680561291908,3.321000437028616,0.04000000000000001,0.04000000000000001,0.1084355605375269,0.8915983303190185,2,1,3.47900390625,0.007541620830235823,0.03246607988202577,3.302945710158228,-0.06938760989710979,3.302945710158228,-0.06938760989710979,0.008037459829289391,166422.68747091293,150004.94250847382,,1,3.302945710158228,0.022775864072744068,-0.0013431117381398614,-0.4306033981813984,3.302945710158228,0.022775864072744068,-0.03933972347178466,-0.4306033981813984,1,False,0.0
