config,tau,order,f,zeta,emac,mpc,stab_f,stab_z,stab_mac,stable,selected,f_lo_true,f_hi_true,T,zeta_true,seed
stay,4.0,4,3.3525475126989734,0.04474007039115541,0.9941526069508282,1.0,False,False,False,False,False,3.283269380161662,3.3609375564655175,151600.0,0.03,0
stay,4.0,6,3.3421015362891002,0.04087291293839735,0.997628279514158,1.0,True,True,True,True,True,3.283269380161662,3.3609375564655175,151600.0,0.03,0
stay,4.0,8,3.32602171601838,0.036332835190611645,0.9998911391456411,1.0,True,False,True,False,True,3.283269380161662,3.3609375564655175,151600.0,0.03,0
stay,4.0,10,3.327032732075646,0.03639037535402657,0.999922870930784,1.0,True,True,True,True,True,3.283269380161662,3.3609375564655175,151600.0,0.03,0
stay,4.0,12,3.3284884866535016,0.036331902652814184,0.9999091697424363,1.0,True,True,True,True,True,3.283269380161662,3.3609375564655175,151600.0,0.03,0
stay,4.0,14,3.3276615945475854,0.036366385545345034,0.9999094490530395,1.0,True,True,True,True,True,3.283269380161662,3.3609375564655175,151600.0,0.03,0
stay,4.0,14,4.091565971167587,0.04674722579899656,0.10016573474710047,1.0,False,False,True,False,False,3.283269380161662,3.3609375564655175,151600.0,0.03,0
stay,4.0,16,3.327914186891039,0.03623986052333265,0.9999035911500184,1.0,True,True,True,True,True,3.283269380161662,3.3609375564655175,151600.0,0.03,0
stay,4.0,16,3.8948247296335334,0.01600837451281279,0.6135268064534853,1.0,False,False,True,False,False,3.283269380161662,3.3609375564655175,151600.0,0.03,0
stay,4.0,18,3.3267908949010034,0.03640299078442185,0.999921185229581,1.0,True,True,True,True,True,3.283269380161662,3.3609375564655175,151600.0,0.03,0
stay,4.0,18,3.990179839689454,0.012181785576515659,0.5673254107097366,1.0,False,False,True,False,False,3.283269380161662,3.3609375564655175,151600.0,0.03,0
stay,4.0,20,3.112707772176209,0.13123749633463846,0.9651515628187971,1.0,False,False,True,False,False,3.283269380161662,3.3609375564655175,151600.0,0.03,0
stay,4.0,20,3.3247752640656825,0.0391708105692498,0.9999703276070393,1.0,True,True,True,True,True,3.283269380161662,3.3609375564655175,151600.0,0.03,0
stay,4.0,22,3.1161534996982403,0.13038138102948518,0.9656082292402259,1.0,True,True,True,True,False,3.283269380161662,3.3609375564655175,151600.0,0.03,0
stay,4.0,22,3.3248985717232524,0.039248360055360705,0.9999695079645339,1.0,True,True,True,True,True,3.283269380161662,3.3609375564655175,151600.0,0.03,0
stay,4.0,24,3.0444714668668142,0.11162136278840637,0.9644595622949871,1.0,False,False,True,False,False,3.283269380161662,3.3609375564655175,151600.0,0.03,0
stay,4.0,24,3.325846312288743,0.03920933366915696,0.9999738056681535,1.0,True,True,True,True,True,3.283269380161662,3.3609375564655175,151600.0,0.03,0
stay,4.0,26,3.328052723371476,0.037900060203867485,0.999990650889779,1.0,True,True,True,True,True,3.283269380161662,3.3609375564655175,151600.0,0.03,0
stay,4.0,28,3.329907535587016,0.03750664739263742,0.9999924289940422,1.0,True,True,True,True,True,3.283269380161662,3.3609375564655175,151600.0,0.03,0
stay,4.0,30,3.1068135035442244,0.006239105548448873,0.9909391725986411,1.0,False,False,True,False,False,3.283269380161662,3.3609375564655175,151600.0,0.03,0
stay,4.0,30,3.330948542075528,0.037524084070892624,0.999990606881016,1.0,True,True,True,True,True,3.283269380161662,3.3609375564655175,151600.0,0.03,0
stay,4.0,30,4.6087364556517105,0.01585568579016753,0.9469607555090633,1.0,False,False,True,False,False,3.283269380161662,3.3609375564655175,151600.0,0.03,0
stay,4.0,30,4.862053912863062,0.028943593521207497,0.9280143226257561,1.0,False,False,True,False,False,3.283269380161662,3.3609375564655175,151600.0,0.03,0
stay,4.0,32,3.125631248570552,0.018109417694218012,0.9944764060887802,1.0,True,False,True,False,False,3.283269380161662,3.3609375564655175,151600.0,0.03,0
stay,4.0,32,3.333393942724672,0.03806624464271962,0.9999878058151218,1.0,True,True,True,True,True,3.283269380161662,3.3609375564655175,151600.0,0.03,0
stay,4.0,32,4.364868070355354,0.07075526555809038,0.9551812730874625,1.0,False,False,True,False,False,3.283269380161662,3.3609375564655175,151600.0,0.03,0
stay,4.0,34,2.052271072738329,0.13479254839526705,0.9958576489433993,1.0,False,False,True,False,False,3.283269380161662,3.3609375564655175,151600.0,0.03,0
stay,4.0,34,3.3179953832689812,0.03575184006476835,0.9999990248183984,1.0,True,True,True,True,True,3.283269380161662,3.3609375564655175,151600.0,0.03,0
stay,4.0,36,2.9686518249561,0.09289666325202509,0.9999996911269643,1.0,False,False,True,False,False,3.283269380161662,3.3609375564655175,151600.0,0.03,0
stay,4.0,36,3.3251285249764133,0.03757983916847258,0.999999999774999,1.0,True,True,True,True,True,3.283269380161662,3.3609375564655175,151600.0,0.03,0
stay,4.0,38,3.061053001857199,0.11023745772906117,0.9999999986092427,1.0,False,False,True,False,False,3.283269380161662,3.3609375564655175,151600.0,0.03,0
stay,4.0,38,3.3229775365763317,0.03833609524139183,0.9999999999979519,1.0,True,True,True,True,True,3.283269380161662,3.3609375564655175,151600.0,0.03,0
stay,16.0,6,3.4278681743679615,0.06242066049450982,0.8837733465232959,1.0,False,False,False,False,False,3.283269380161662,3.3609375564655175,151600.0,0.03,0
stay,16.0,8,3.3730419690746265,0.046310942948962805,0.9514309671744517,1.0,False,False,True,False,False,3.283269380161662,3.3609375564655175,151600.0,0.03,0
stay,16.0,10,3.3456413305718327,0.0369370492327192,0.9795353988978187,1.0,True,False,True,False,True,3.283269380161662,3.3609375564655175,151600.0,0.03,0
stay,16.0,12,3.343225110446502,0.0360168958603865,0.9814396437040188,1.0,True,True,True,True,True,3.283269380161662,3.3609375564655175,151600.0,0.03,0
stay,16.0,14,3.3434398721083984,0.036026438769711684,0.9813955374361593,1.0,True,True,True,True,True,3.283269380161662,3.3609375564655175,151600.0,0.03,0
stay,16.0,16,3.341678370994458,0.03545248005346643,0.9825156921329976,1.0,True,True,True,True,True,3.283269380161662,3.3609375564655175,151600.0,0.03,0
stay,16.0,18,3.340757918503127,0.03540879517760125,0.9828171386952794,1.0,True,True,True,True,True,3.283269380161662,3.3609375564655175,151600.0,0.03,0
stay,16.0,20,3.34057461315041,0.035345835906099986,0.9828904486972332,1.0,True,True,True,True,True,3.283269380161662,3.3609375564655175,151600.0,0.03,0
stay,16.0,22,3.2573600378320564,0.008139358308737583,0.9284818119249277,1.0,False,False,True,False,False,3.283269380161662,3.3609375564655175,151600.0,0.03,0
stay,16.0,22,3.3288954573182337,0.03650720086309084,0.9854026686826692,1.0,True,True,True,True,True,3.283269380161662,3.3609375564655175,151600.0,0.03,0
stay,16.0,24,3.2319508774116867,0.006228458244929395,0.9684019236741583,1.0,True,False,True,False,False,3.283269380161662,3.3609375564655175,151600.0,0.03,0
stay,16.0,24,3.322772765121254,0.03166121348331472,0.992105908122878,1.0,True,False,True,False,True,3.283269380161662,3.3609375564655175,151600.0,0.03,0
stay,16.0,26,3.218076239241908,0.005463663804065948,0.9930637457742755,1.0,True,False,True,False,True,3.283269380161662,3.3609375564655175,151600.0,0.03,0
stay,16.0,26,3.3332780978654206,0.0262793640899239,0.9955113125917474,1.0,True,False,True,False,True,3.283269380161662,3.3609375564655175,151600.0,0.03,0
stay,16.0,26,3.461094748354082,0.02141856872665547,0.8100284927755348,1.0,False,False,True,False,False,3.283269380161662,3.3609375564655175,151600.0,0.03,0
stay,16.0,28,3.2163463894418935,0.005137162952704705,0.9949123996894369,1.0,True,True,True,True,True,3.283269380161662,3.3609375564655175,151600.0,0.03,0
stay,16.0,28,3.3306220228922974,0.028410285113656432,0.998036376032782,1.0,True,True,True,True,True,3.283269380161662,3.3609375564655175,151600.0,0.03,0
stay,16.0,28,3.4329080199063804,0.0022725862591283126,0.9839182691381289,1.0,True,False,True,False,False,3.283269380161662,3.3609375564655175,151600.0,0.03,0
stay,16.0,30,3.215682777785609,0.0050831536319059616,0.995368669806164,1.0,True,True,True,True,True,3.283269380161662,3.3609375564655175,151600.0,0.03,0
stay,16.0,30,3.3305356269722477,0.028329218232418553,0.9981439939101758,1.0,True,True,True,True,True,3.283269380161662,3.3609375564655175,151600.0,0.03,0
stay,16.0,30,3.431066340656417,0.0015635878644970115,0.9855204167224783,1.0,True,False,True,False,False,3.283269380161662,3.3609375564655175,151600.0,0.03,0
stay,16.0,32,3.215272749252913,0.004912537095282806,0.9952773407334129,1.0,True,True,True,True,True,3.283269380161662,3.3609375564655175,151600.0,0.03,0
stay,16.0,32,3.33126253340142,0.028344479011590103,0.9980804397711525,1.0,True,True,True,True,True,3.283269380161662,3.3609375564655175,151600.0,0.03,0
stay,16.0,32,3.430628792983504,0.0015993055607958135,0.9854772211133799,1.0,True,True,True,True,False,3.283269380161662,3.3609375564655175,151600.0,0.03,0
stay,16.0,34,3.215237648664206,0.005027912327738558,0.9954819728272468,1.0,True,True,True,True,True,3.283269380161662,3.3609375564655175,151600.0,0.03,0
stay,16.0,34,3.3304237055974344,0.028320633960783072,0.9981524438511964,1.0,True,True,True,True,True,3.283269380161662,3.3609375564655175,151600.0,0.03,0
stay,16.0,34,3.4307240305293054,0.0014918235431403072,0.9856003337922489,1.0,True,True,True,True,False,3.283269380161662,3.3609375564655175,151600.0,0.03,0
stay,16.0,36,3.215020208055052,0.004955831400931421,0.9957111246471039,1.0,True,True,True,True,True,3.283269380161662,3.3609375564655175,151600.0,0.03,0
stay,16.0,36,3.330546480225809,0.028181367467184706,0.998164206762336,1.0,True,True,True,True,True,3.283269380161662,3.3609375564655175,151600.0,0.03,0
stay,16.0,36,3.431316204107402,0.0016274785116827156,0.985163083576728,1.0,True,True,True,True,False,3.283269380161662,3.3609375564655175,151600.0,0.03,0
stay,16.0,38,3.213307120845975,0.004983245399635489,0.9972420880745098,1.0,True,True,True,True,True,3.283269380161662,3.3609375564655175,151600.0,0.03,0
stay,16.0,38,3.3346775169982443,0.025844217678595762,0.9993644418046238,1.0,True,True,True,True,True,3.283269380161662,3.3609375564655175,151600.0,0.03,0
stay,16.0,38,3.430013616781001,0.0037553462993038856,0.9900244844828403,1.0,True,False,True,False,False,3.283269380161662,3.3609375564655175,151600.0,0.03,0
stay,16.0,38,3.5732194939307096,0.02088069608394669,0.836004891113914,1.0,False,False,True,False,False,3.283269380161662,3.3609375564655175,151600.0,0.03,0
stay,16.0,40,3.213766288065834,0.004985081803737066,0.9969521453299935,1.0,True,True,True,True,True,3.283269380161662,3.3609375564655175,151600.0,0.03,0
stay,16.0,40,3.335846909167201,0.027191932138703207,0.9994113128326356,1.0,True,True,True,True,True,3.283269380161662,3.3609375564655175,151600.0,0.03,0
stay,16.0,40,3.4201975162498472,0.0026233272056397326,0.9940056242936783,1.0,True,False,True,False,False,3.283269380161662,3.3609375564655175,151600.0,0.03,0
stay,16.0,40,3.5434520786826047,0.002474249873585498,0.9798853534659439,1.0,True,False,True,False,False,3.283269380161662,3.3609375564655175,151600.0,0.03,0
stay,16.0,42,3.2138580048476353,0.005339741704983241,0.9973515341989873,1.0,True,True,True,True,True,3.283269380161662,3.3609375564655175,151600.0,0.03,0
stay,16.0,42,3.3324050408237404,0.02765507075649976,0.9995061508691284,1.0,True,True,True,True,True,3.283269380161662,3.3609375564655175,151600.0,0.03,0
stay,16.0,42,3.4212647274871975,0.0006127869766378573,0.9958405193491172,1.0,True,False,True,False,False,3.283269380161662,3.3609375564655175,151600.0,0.03,0
stay,16.0,44,3.2125034200461533,0.005749595974041133,0.997814006774182,1.0,True,True,True,True,True,3.283269380161662,3.3609375564655175,151600.0,0.03,0
stay,16.0,44,3.3298177862450236,0.027094751229989302,0.9995684249440661,1.0,True,True,True,True,True,3.283269380161662,3.3609375564655175,151600.0,0.03,0
stay,16.0,44,3.94728645350456,0.02176060740649508,0.3734981580817821,1.0,False,False,True,False,False,3.283269380161662,3.3609375564655175,151600.0,0.03,0
stay,16.0,46,3.2101922028143415,0.005883256579339042,0.9980848977858026,1.0,True,True,True,True,True,3.283269380161662,3.3609375564655175,151600.0,0.03,0
stay,16.0,46,3.329478789231454,0.025800399014962727,0.999537141513193,1.0,True,True,True,True,True,3.283269380161662,3.3609375564655175,151600.0,0.03,0
stay,16.0,46,3.6389095799900164,0.0427167553154009,0.7666518994915231,1.0,False,False,True,False,False,3.283269380161662,3.3609375564655175,151600.0,0.03,0
stay,16.0,48,3.210599328103968,0.0058407770755216975,0.997986053417734,1.0,True,True,True,True,True,3.283269380161662,3.3609375564655175,151600.0,0.03,0
stay,16.0,48,3.3298900412826398,0.026152000655022448,0.9995355213235179,1.0,True,True,True,True,True,3.283269380161662,3.3609375564655175,151600.0,0.03,0
stay,16.0,48,3.6913549532191143,0.040473164981504724,0.656135063594703,1.0,False,True,True,False,False,3.283269380161662,3.3609375564655175,151600.0,0.03,0
stay,16.0,48,4.983527681588855,0.010547905793215538,0.6176530403094619,1.0,False,False,True,False,False,3.283269380161662,3.3609375564655175,151600.0,0.03,0
stay,16.0,50,3.2102069073917074,0.0057920257047964566,0.9978501259901487,1.0,True,True,True,True,True,3.283269380161662,3.3609375564655175,151600.0,0.03,0
stay,16.0,50,3.330267737730284,0.02590782630146242,0.9994228542653617,1.0,True,True,True,True,True,3.283269380161662,3.3609375564655175,151600.0,0.03,0
stay,16.0,50,3.5712991928918782,0.04417593783222198,0.8205902010662891,1.0,False,True,True,False,False,3.283269380161662,3.3609375564655175,151600.0,0.03,0
stay,16.0,50,4.7800662127073945,0.03334231364435708,0.5140581768265056,1.0,False,False,True,False,False,3.283269380161662,3.3609375564655175,151600.0,0.03,0
stay,16.0,52,3.20997200883279,0.006009510220519088,0.9978445016020127,1.0,True,True,True,True,True,3.283269380161662,3.3609375564655175,151600.0,0.03,0
stay,16.0,52,3.3286804913177535,0.025757319709874514,0.9993535593616386,1.0,True,True,True,True,True,3.283269380161662,3.3609375564655175,151600.0,0.03,0
stay,16.0,52,3.57436145651533,0.05975983714190432,0.7990782835716681,1.0,True,False,True,False,False,3.283269380161662,3.3609375564655175,151600.0,0.03,0
stay,16.0,52,4.680874739380965,0.010699322493254101,0.8181132488198722,1.0,False,False,True,False,False,3.283269380161662,3.3609375564655175,151600.0,0.03,0
stay,16.0,54,3.2097573188850625,0.0059161416097648165,0.9979069105967794,1.0,True,True,True,True,True,3.283269380161662,3.3609375564655175,151600.0,0.03,0
stay,16.0,54,3.32948902696172,0.025610447689122105,0.9993739978992535,1.0,True,True,True,True,True,3.283269380161662,3.3609375564655175,151600.0,0.03,0
stay,16.0,54,3.5554784472670775,0.04915030921959801,0.8335889975833128,1.0,True,False,True,False,False,3.283269380161662,3.3609375564655175,151600.0,0.03,0
stay,16.0,54,4.6695264351181045,0.0063407861447823816,0.8937856348422373,1.0,True,False,True,False,False,3.283269380161662,3.3609375564655175,151600.0,0.03,0
stay,16.0,56,3.168043482611692,0.0003825165861692732,0.7722415897969915,1.0,False,False,True,False,False,3.283269380161662,3.3609375564655175,151600.0,0.03,0
stay,16.0,56,3.2082786825272094,0.004263139158230706,0.9980030582477027,1.0,True,False,True,False,True,3.283269380161662,3.3609375564655175,151600.0,0.03,0
stay,16.0,56,3.3338050398265797,0.025005916585910247,0.9998394482297048,1.0,True,True,True,True,True,3.283269380161662,3.3609375564655175,151600.0,0.03,0
stay,16.0,56,3.4336479396739663,0.0005355113748259663,0.9965281409105663,1.0,False,False,True,False,False,3.283269380161662,3.3609375564655175,151600.0,0.03,0
stay,16.0,56,3.5973655973798833,0.0251603240086372,0.8618326194887803,1.0,False,False,True,False,False,3.283269380161662,3.3609375564655175,151600.0,0.03,0
stay,16.0,56,4.6805689083757045,0.0012183099427227678,0.9683457394347096,1.0,True,False,True,False,False,3.283269380161662,3.3609375564655175,151600.0,0.03,0
stay,16.0,58,3.2078669839469733,0.00413888434196744,0.9977362520736637,1.0,True,True,True,True,True,3.283269380161662,3.3609375564655175,151600.0,0.03,0
stay,16.0,58,3.3342039674054704,0.02447848486192996,0.9998641863223725,1.0,True,True,True,True,True,3.283269380161662,3.3609375564655175,151600.0,0.03,0
stay,16.0,58,3.4348218699587054,0.0002864916594927466,0.9957210549817272,1.0,True,False,True,False,False,3.283269380161662,3.3609375564655175,151600.0,0.03,0
stay,16.0,58,3.5759239364632625,0.032563513163165365,0.9004700299320828,1.0,True,False,True,False,False,3.283269380161662,3.3609375564655175,151600.0,0.03,0
stay,16.0,58,3.8635187531086683,0.0005580045065034515,0.8200354400858931,1.0,False,False,True,False,False,3.283269380161662,3.3609375564655175,151600.0,0.03,0
stay,16.0,58,4.687709220102294,0.000950519520905859,0.9701977808269641,1.0,True,False,True,False,False,3.283269380161662,3.3609375564655175,151600.0,0.03,0
stay,16.0,60,3.1070319090853964,0.004750341850004933,0.44847471411640916,1.0,False,False,True,False,False,3.283269380161662,3.3609375564655175,151600.0,0.03,0
stay,16.0,60,3.207006111027975,0.005079466796694625,0.9991191771137766,1.0,True,False,True,False,True,3.283269380161662,3.3609375564655175,151600.0,0.03,0
stay,16.0,60,3.33496421297957,0.024186849744116893,0.9997943136756088,1.0,True,True,True,True,True,3.283269380161662,3.3609375564655175,151600.0,0.03,0
stay,16.0,60,3.5037776424865603,0.017791578166953717,0.9757697017622815,1.0,False,False,True,False,False,3.283269380161662,3.3609375564655175,151600.0,0.03,0
stay,16.0,60,3.866284740726802,0.004788914251766843,0.7351603175328544,1.0,True,False,True,False,False,3.283269380161662,3.3609375564655175,151600.0,0.03,0
stay,16.0,60,3.9539917514449123,0.02519512627122896,0.5168025096825845,1.0,False,False,True,False,False,3.283269380161662,3.3609375564655175,151600.0,0.03,0
stay,16.0,60,4.688392207077853,0.0009291976204840659,0.970380468258316,1.0,True,True,True,True,False,3.283269380161662,3.3609375564655175,151600.0,0.03,0
stay,16.0,62,3.058780134177086,0.0011561080728505252,0.7966116899497843,1.0,False,False,True,False,False,3.283269380161662,3.3609375564655175,151600.0,0.03,0
stay,16.0,62,3.2061693656664856,0.005509158331449402,0.9990523550565286,1.0,True,True,True,True,True,3.283269380161662,3.3609375564655175,151600.0,0.03,0
stay,16.0,62,3.334931446316455,0.024077450304008575,0.9996911979955753,1.0,True,True,True,True,True,3.283269380161662,3.3609375564655175,151600.0,0.03,0
stay,16.0,62,3.4638049291088127,0.00697069460792403,0.9937535283053974,1.0,False,False,True,False,False,3.283269380161662,3.3609375564655175,151600.0,0.03,0
stay,16.0,62,3.529284832964474,0.010562891730942072,0.993260841450281,1.0,True,False,True,False,False,3.283269380161662,3.3609375564655175,151600.0,0.03,0
stay,16.0,62,3.7658438159193457,0.017316314949548068,0.8695721500324771,1.0,False,False,True,False,False,3.283269380161662,3.3609375564655175,151600.0,0.03,0
stay,16.0,62,3.8962345151363493,0.002822505174681089,0.920400531071008,1.0,True,False,True,False,False,3.283269380161662,3.3609375564655175,151600.0,0.03,0
stay,16.0,62,4.686421614252539,0.001144410935094834,0.9740876417889285,1.0,True,False,True,False,False,3.283269380161662,3.3609375564655175,151600.0,0.03,0
stay,16.0,64,3.044260410698347,0.0024792994367706456,0.8463313390402153,1.0,True,False,True,False,False,3.283269380161662,3.3609375564655175,151600.0,0.03,0
stay,16.0,64,3.205745128665597,0.0055807190522818816,0.9990283174551605,1.0,True,True,True,True,True,3.283269380161662,3.3609375564655175,151600.0,0.03,0
stay,16.0,64,3.335090490858407,0.023945997237393248,0.9996715372627135,1.0,True,True,True,True,True,3.283269380161662,3.3609375564655175,151600.0,0.03,0
stay,16.0,64,3.4659954310365824,0.007221624758713405,0.9936494685987817,1.0,True,True,True,True,False,3.283269380161662,3.3609375564655175,151600.0,0.03,0
stay,16.0,64,3.5247570100237575,0.010935494588546304,0.9922243215441301,1.0,True,True,True,True,False,3.283269380161662,3.3609375564655175,151600.0,0.03,0
stay,16.0,64,3.7787894841118654,0.012231770626369402,0.8943279870656113,1.0,True,False,True,False,False,3.283269380161662,3.3609375564655175,151600.0,0.03,0
stay,16.0,64,3.9030663689217864,0.0016580251356385174,0.9403347750877898,1.0,True,False,True,False,False,3.283269380161662,3.3609375564655175,151600.0,0.03,0
stay,16.0,64,4.681231206392225,0.0014253630117742665,0.9612308490318882,1.0,True,False,True,False,False,3.283269380161662,3.3609375564655175,151600.0,0.03,0
stay,16.0,64,4.754460155188881,0.018977195173768613,0.42022023949601134,1.0,False,False,True,False,False,3.283269380161662,3.3609375564655175,151600.0,0.03,0
stay,16.0,66,3.204823772354334,0.00506907296212472,0.9991386376485214,1.0,True,False,True,False,True,3.283269380161662,3.3609375564655175,151600.0,0.03,0
stay,16.0,66,3.338601701899123,0.024975954506614398,0.9997154492018752,1.0,True,True,True,True,True,3.283269380161662,3.3609375564655175,151600.0,0.03,0
stay,16.0,66,3.439000011132401,0.007800873817603578,0.9973603308191658,1.0,True,True,True,True,False,3.283269380161662,3.3609375564655175,151600.0,0.03,0
stay,16.0,66,3.5317491762484488,0.005739807703893528,0.9938033787119177,1.0,True,False,True,False,False,3.283269380161662,3.3609375564655175,151600.0,0.03,0
stay,16.0,66,3.774093740051531,0.003987662540323284,0.9591939281681604,1.0,True,False,True,False,False,3.283269380161662,3.3609375564655175,151600.0,0.03,0
stay,16.0,66,3.904447292035828,0.00015596239932228463,0.9682709554451996,1.0,True,False,True,False,False,3.283269380161662,3.3609375564655175,151600.0,0.03,0
stay,16.0,66,4.4784325440888075,0.0023299718893958275,0.7736388393479632,1.0,False,False,True,False,False,3.283269380161662,3.3609375564655175,151600.0,0.03,0
stay,16.0,66,4.686928193682342,0.0016767371520656823,0.9747797470222791,1.0,True,False,True,False,False,3.283269380161662,3.3609375564655175,151600.0,0.03,0
stay,16.0,68,3.20484677784419,0.005054651463098645,0.9991625691757494,1.0,True,True,True,True,True,3.283269380161662,3.3609375564655175,151600.0,0.03,0
stay,16.0,68,3.3381075000989946,0.025028380267412144,0.999761465385008,1.0,True,True,True,True,True,3.283269380161662,3.3609375564655175,151600.0,0.03,0
stay,16.0,68,3.438212307148017,0.006984886833493779,0.9978983356451481,1.0,True,False,True,False,False,3.283269380161662,3.3609375564655175,151600.0,0.03,0
stay,16.0,68,3.535370119402784,0.005952860518619767,0.994914509132232,1.0,True,True,True,True,False,3.283269380161662,3.3609375564655175,151600.0,0.03,0
stay,16.0,68,3.7730659343684017,0.004920373443370598,0.9617942488512686,1.0,True,False,True,False,False,3.283269380161662,3.3609375564655175,151600.0,0.03,0
stay,16.0,68,3.9008551504622493,0.0005623883649605189,0.9702073512017204,1.0,True,False,True,False,False,3.283269380161662,3.3609375564655175,151600.0,0.03,0
stay,16.0,68,4.379870762112422,0.010616056483116258,0.5961420354944192,1.0,False,False,True,False,False,3.283269380161662,3.3609375564655175,151600.0,0.03,0
stay,16.0,68,4.584737153263297,0.004500732897683669,0.33618545231950453,1.0,False,False,True,False,False,3.283269380161662,3.3609375564655175,151600.0,0.03,0
stay,16.0,68,4.6932508180980825,0.0026172291272385105,0.9587572726501463,1.0,True,False,True,False,False,3.283269380161662,3.3609375564655175,151600.0,0.03,0
stay,16.0,70,3.2039566483311614,0.005349830569118552,0.9989093230936015,1.0,True,True,True,True,True,3.283269380161662,3.3609375564655175,151600.0,0.03,0
stay,16.0,70,3.338441510948167,0.024607287062380377,0.9996478224063595,1.0,True,True,True,True,True,3.283269380161662,3.3609375564655175,151600.0,0.03,0
stay,16.0,70,3.4387285668752887,0.0077472587865672305,0.9970758248778159,1.0,True,True,True,True,False,3.283269380161662,3.3609375564655175,151600.0,0.03,0
stay,16.0,70,3.534685323076454,0.005871583558241063,0.9941340167612702,1.0,True,True,True,True,False,3.283269380161662,3.3609375564655175,151600.0,0.03,0
stay,16.0,70,3.767393003716341,0.005482856706023976,0.9591895153617808,1.0,True,False,True,False,False,3.283269380161662,3.3609375564655175,151600.0,0.03,0
stay,16.0,70,3.9019273277628983,0.00055421073225977,0.9719964797441805,1.0,True,True,True,True,False,3.283269380161662,3.3609375564655175,151600.0,0.03,0
stay,16.0,70,4.294467390244718,0.0871919394271204,0.5049833459334424,1.0,False,False,True,False,False,3.283269380161662,3.3609375564655175,151600.0,0.03,0
stay,16.0,70,4.4469831791460175,0.03919016137558579,0.5095573974718147,1.0,False,False,True,False,False,3.283269380161662,3.3609375564655175,151600.0,0.03,0
stay,16.0,70,4.550962617602061,0.02027817633570969,0.4338772209001266,1.0,True,False,True,False,False,3.283269380161662,3.3609375564655175,151600.0,0.03,0
stay,16.0,70,4.692792180674764,0.002064233334049566,0.9646922101827013,1.0,True,False,True,False,False,3.283269380161662,3.3609375564655175,151600.0,0.03,0
stay,16.0,72,3.2044968553624456,0.0052333572000356965,0.999188749423937,1.0,True,True,True,True,True,3.283269380161662,3.3609375564655175,151600.0,0.03,0
stay,16.0,72,3.338429399771209,0.02461038943227392,0.9996595636160703,1.0,True,True,True,True,True,3.283269380161662,3.3609375564655175,151600.0,0.03,0
stay,16.0,72,3.4406874687568916,0.00860761507819585,0.9960749643414931,1.0,True,True,True,True,False,3.283269380161662,3.3609375564655175,151600.0,0.03,0
stay,16.0,72,3.5306223053187784,0.004936930437931837,0.9904996618419387,1.0,True,False,True,False,False,3.283269380161662,3.3609375564655175,151600.0,0.03,0
stay,16.0,72,3.776995255374467,0.0017679701534409039,0.9663941611184764,1.0,True,False,True,False,False,3.283269380161662,3.3609375564655175,151600.0,0.03,0
stay,16.0,72,3.906510624735012,0.0005194709712946745,0.9690408209383525,1.0,True,True,True,True,False,3.283269380161662,3.3609375564655175,151600.0,0.03,0
stay,16.0,72,4.23822138969377,0.02084301247152186,0.42490965848158735,1.0,False,False,True,False,False,3.283269380161662,3.3609375564655175,151600.0,0.03,0
stay,16.0,72,4.527824274802406,0.0023021921260558947,0.324736653420561,1.0,True,False,True,False,False,3.283269380161662,3.3609375564655175,151600.0,0.03,0
stay,16.0,72,4.69557281845047,0.002651057280513799,0.9761173643881809,1.0,True,False,True,False,False,3.283269380161662,3.3609375564655175,151600.0,0.03,0
stay,16.0,72,4.826188447811402,0.012776723242823737,0.6769716215541476,1.0,False,False,True,False,False,3.283269380161662,3.3609375564655175,151600.0,0.03,0
stay,16.0,74,3.2028858223658947,0.004654745644304612,0.9992405947918476,1.0,True,False,True,False,True,3.283269380161662,3.3609375564655175,151600.0,0.03,0
stay,16.0,74,3.3391241968157837,0.025176187056976804,0.999766732624005,1.0,True,True,True,True,True,3.283269380161662,3.3609375564655175,151600.0,0.03,0
stay,16.0,74,3.4362179506761663,0.006748704978223893,0.9984454337955297,1.0,True,False,True,False,False,3.283269380161662,3.3609375564655175,151600.0,0.03,0
stay,16.0,74,3.534175278144303,0.006022632471488921,0.9947400903268608,1.0,True,False,True,False,False,3.283269380161662,3.3609375564655175,151600.0,0.03,0
stay,16.0,74,3.9507630273977052,0.015432416779656002,0.8521630255912618,1.0,False,False,True,False,False,3.283269380161662,3.3609375564655175,151600.0,0.03,0
stay,16.0,74,4.435247300985146,0.002145376525757031,0.9523898712617244,1.0,False,True,True,False,False,3.283269380161662,3.3609375564655175,151600.0,0.03,0
stay,16.0,74,4.677145492719628,0.0023258174350197025,0.9853432735530109,1.0,True,False,True,False,False,3.283269380161662,3.3609375564655175,151600.0,0.03,0
stay,16.0,74,4.782983248091374,0.006126149755054779,0.8925257170918683,1.0,True,False,True,False,False,3.283269380161662,3.3609375564655175,151600.0,0.03,0
stay,16.0,74,4.847635220635715,0.0005912695955008134,0.8314898100400672,1.0,True,False,True,False,False,3.283269380161662,3.3609375564655175,151600.0,0.03,0
stay,16.0,76,3.2032927742870747,0.004700670013611909,0.9994429353388428,1.0,True,True,True,True,True,3.283269380161662,3.3609375564655175,151600.0,0.03,0
stay,16.0,76,3.338054302693057,0.025009557972631505,0.999817038088069,1.0,True,True,True,True,True,3.283269380161662,3.3609375564655175,151600.0,0.03,0
stay,16.0,76,3.4373332314915404,0.00624012485707061,0.9985937816907392,1.0,True,True,True,True,False,3.283269380161662,3.3609375564655175,151600.0,0.03,0
stay,16.0,76,3.5371369959166934,0.006000340364366378,0.9947057330929484,1.0,True,True,True,True,False,3.283269380161662,3.3609375564655175,151600.0,0.03,0
stay,16.0,76,3.959556051698398,0.013122609169107485,0.8720386381849848,1.0,True,False,True,False,False,3.283269380161662,3.3609375564655175,151600.0,0.03,0
stay,16.0,76,4.437198583551517,0.0018382944326969537,0.9506844097419227,1.0,True,False,True,False,False,3.283269380161662,3.3609375564655175,151600.0,0.03,0
stay,16.0,76,4.6778500626275,0.0023787448926980105,0.9872304685878852,1.0,True,True,True,True,False,3.283269380161662,3.3609375564655175,151600.0,0.03,0
stay,16.0,76,4.792171289405867,0.005147512751799787,0.8853678231085511,1.0,True,False,True,False,False,3.283269380161662,3.3609375564655175,151600.0,0.03,0
stay,16.0,76,4.8466128611018195,0.0004271034127111613,0.8507358940997334,1.0,True,False,True,False,False,3.283269380161662,3.3609375564655175,151600.0,0.03,0
stay,16.0,78,2.070162753876288,0.03639086810444338,0.16869084190013314,1.0,False,False,True,False,False,3.283269380161662,3.3609375564655175,151600.0,0.03,0
stay,16.0,78,3.2032842958432632,0.004743072020765694,0.9992830167344501,1.0,True,True,True,True,True,3.283269380161662,3.3609375564655175,151600.0,0.03,0
stay,16.0,78,3.338585047919921,0.02510181134294343,0.9997775796286146,1.0,True,True,True,True,True,3.283269380161662,3.3609375564655175,151600.0,0.03,0
stay,16.0,78,3.437160478730446,0.0066111138953208436,0.9984379669951124,1.0,True,True,True,True,False,3.283269380161662,3.3609375564655175,151600.0,0.03,0
stay,16.0,78,3.534559380401,0.006115732117494866,0.9946055036351101,1.0,True,True,True,True,False,3.283269380161662,3.3609375564655175,151600.0,0.03,0
stay,16.0,78,3.9332645419375307,0.00966794468298047,0.8466281535985261,1.0,True,False,True,False,False,3.283269380161662,3.3609375564655175,151600.0,0.03,0
stay,16.0,78,4.4382822224937195,0.0019123583994223666,0.951730195898567,1.0,True,True,True,True,False,3.283269380161662,3.3609375564655175,151600.0,0.03,0
stay,16.0,78,4.678063573327063,0.0023933226875493324,0.9864427974064448,1.0,True,True,True,True,False,3.283269380161662,3.3609375564655175,151600.0,0.03,0
stay,16.0,78,4.78503077293763,0.004594922303113377,0.8396234991778436,1.0,True,False,True,False,False,3.283269380161662,3.3609375564655175,151600.0,0.03,0
stay,16.0,78,4.803073634921695,0.06619178147062332,0.42191992328142813,1.0,True,False,True,False,False,3.283269380161662,3.3609375564655175,151600.0,0.03,0
stay,16.0,78,4.840473643150731,0.015205670598248573,0.655100513520111,1.0,True,False,True,False,False,3.283269380161662,3.3609375564655175,151600.0,0.03,0
stay,16.0,80,2.0555518122326784,0.022424510917566077,0.20976592456588508,1.0,True,False,True,False,False,3.283269380161662,3.3609375564655175,151600.0,0.03,0
stay,16.0,80,3.2028009117262437,0.0045642770017942135,0.9993614919313835,1.0,True,True,True,True,True,3.283269380161662,3.3609375564655175,151600.0,0.03,0
stay,16.0,80,3.338988446792713,0.02509844929397333,0.9997846517091435,1.0,True,True,True,True,True,3.283269380161662,3.3609375564655175,151600.0,0.03,0
stay,16.0,80,3.436766799203603,0.006652525029946941,0.9985035810627704,1.0,True,True,True,True,False,3.283269380161662,3.3609375564655175,151600.0,0.03,0
stay,16.0,80,3.534496385287191,0.006092115390914526,0.9944087364678834,1.0,True,True,True,True,False,3.283269380161662,3.3609375564655175,151600.0,0.03,0
stay,16.0,80,3.9389773542814392,0.010638511840732806,0.8408896704619877,1.0,True,True,True,True,False,3.283269380161662,3.3609375564655175,151600.0,0.03,0
stay,16.0,80,4.3979357869322,0.006433023743510929,0.6813621350856085,1.0,True,False,True,False,False,3.283269380161662,3.3609375564655175,151600.0,0.03,0
stay,16.0,80,4.6789735435624165,0.0023193530974692676,0.9859149913319789,1.0,True,True,True,True,False,3.283269380161662,3.3609375564655175,151600.0,0.03,0
stay,16.0,80,4.795296909925808,0.006545522239798801,0.8848524106621929,1.0,True,False,True,False,False,3.283269380161662,3.3609375564655175,151600.0,0.03,0
stay+deck,4.0,4,3.329926214857657,0.01592270888880098,0.9986277600022474,0.8924128134117072,False,False,False,False,True,3.283269380161662,3.3609375564655175,151600.0,0.03,0
stay+deck,4.0,6,3.3270389124274296,0.05266216149334129,0.9983287670148957,0.86425442012475,True,False,False,False,True,3.283269380161662,3.3609375564655175,151600.0,0.03,0
stay+deck,4.0,6,3.3291896360914914,0.023285682976521793,0.9999070114497105,0.986845219700348,True,False,True,False,True,3.283269380161662,3.3609375564655175,151600.0,0.03,0
stay+deck,4.0,8,3.3093103642731045,0.04821538807460099,0.9992712689317573,0.9133324718891918,True,True,True,True,False,3.283269380161662,3.3609375564655175,151600.0,0.03,0
stay+deck,4.0,8,3.3333266743272674,0.024133408449901198,0.9999391875324491,0.9883987983683549,True,True,True,True,True,3.283269380161662,3.3609375564655175,151600.0,0.03,0
stay+deck,4.0,10,3.285988825468444,0.04517815453781039,0.9997373653925365,0.9435710332253161,True,True,True,True,False,3.283269380161662,3.3609375564655175,151600.0,0.03,0
stay+deck,4.0,10,3.3396330762293105,0.0238742058009292,0.999973448529274,0.9855583713135004,True,True,True,True,True,3.283269380161662,3.3609375564655175,151600.0,0.03,0
stay+deck,4.0,12,3.289441259297183,0.044348273413802396,0.9997608821395475,0.9485112641040935,True,True,True,True,False,3.283269380161662,3.3609375564655175,151600.0,0.03,0
stay+deck,4.0,12,3.339851341127427,0.024063840491599733,0.9999726023407511,0.9868898056228889,True,True,True,True,True,3.283269380161662,3.3609375564655175,151600.0,0.03,0
stay+deck,4.0,14,3.289809710742501,0.044491481486928296,0.9997651115138069,0.9473669463922513,True,True,True,True,False,3.283269380161662,3.3609375564655175,151600.0,0.03,0
stay+deck,4.0,14,3.3396838674965346,0.024073905907845798,0.9999727851478938,0.9869019904491203,True,True,True,True,True,3.283269380161662,3.3609375564655175,151600.0,0.03,0
stay+deck,4.0,16,3.289304979161148,0.04444100679946552,0.9997582129597523,0.948711564045855,True,True,True,True,False,3.283269380161662,3.3609375564655175,151600.0,0.03,0
stay+deck,4.0,16,3.339841108079938,0.02405355177631394,0.9999725178232333,0.9866415209902086,True,True,True,True,True,3.283269380161662,3.3609375564655175,151600.0,0.03,0
stay+deck,4.0,18,3.28235482188771,0.028231304719287698,0.9998929955931452,0.9999818455614936,True,False,True,False,False,3.283269380161662,3.3609375564655175,151600.0,0.03,0
stay+deck,4.0,18,3.370145709336662,0.03122926263787946,0.9998875950663707,0.9998809435544022,True,False,True,False,False,3.283269380161662,3.3609375564655175,151600.0,0.03,0
stay+deck,4.0,20,3.2788251890434865,0.029266452358948446,0.9998851651167056,0.9998717390340215,True,True,True,True,False,3.283269380161662,3.3609375564655175,151600.0,0.03,0
stay+deck,4.0,20,3.3710532787771066,0.029931059090249422,0.9998890091295315,0.9998486731091558,True,True,True,True,False,3.283269380161662,3.3609375564655175,151600.0,0.03,0
stay+deck,4.0,22,3.1909282695786483,0.002507993771418091,0.9980000976552225,0.9401766129410192,False,False,False,False,False,3.283269380161662,3.3609375564655175,151600.0,0.03,0
stay+deck,4.0,22,3.317983404600384,0.019409981701526132,0.9999813643179254,0.9683409057434228,False,False,True,False,False,3.283269380161662,3.3609375564655175,151600.0,0.03,0
stay+deck,4.0,22,3.381916909835822,0.04686903717854764,0.9998419667060398,0.9228063934739841,True,False,False,False,False,3.283269380161662,3.3609375564655175,151600.0,0.03,0
stay+deck,4.0,22,3.8698751792353008,0.009775431914534815,0.9518402953496778,0.8382987955708269,False,False,False,False,False,3.283269380161662,3.3609375564655175,151600.0,0.03,0
stay+deck,4.0,24,3.3140247832464724,0.019826937245226883,0.9999781176536392,0.9722742726002268,True,True,True,True,False,3.283269380161662,3.3609375564655175,151600.0,0.03,0
stay+deck,4.0,24,3.378607815811393,0.04413613102193154,0.9998852450273943,0.9431057193292448,True,True,True,True,False,3.283269380161662,3.3609375564655175,151600.0,0.03,0
stay+deck,4.0,24,3.885493476836262,0.0031149086749914226,0.9581330147769208,0.7620365137517929,True,False,True,False,False,3.283269380161662,3.3609375564655175,151600.0,0.03,0
stay+deck,4.0,26,3.311891014528118,0.01976566953950788,0.9999728435774765,0.9728592787700426,True,True,True,True,False,3.283269380161662,3.3609375564655175,151600.0,0.03,0
stay+deck,4.0,26,3.379568431930776,0.04295343486023305,0.9998761225799427,0.951881059422037,True,True,True,True,False,3.283269380161662,3.3609375564655175,151600.0,0.03,0
stay+deck,4.0,26,3.898077636627279,0.003452097682666312,0.9546905086902459,0.7797511990523907,True,True,True,True,False,3.283269380161662,3.3609375564655175,151600.0,0.03,0
stay+deck,4.0,26,4.8625804281614675,0.017531545638122186,0.5918253932144167,0.9882853099170388,False,False,False,False,False,3.283269380161662,3.3609375564655175,151600.0,0.03,0
stay+deck,4.0,28,3.195440142039575,0.00031398811027780546,0.9982626300634059,0.9218877650719308,False,False,False,False,False,3.283269380161662,3.3609375564655175,151600.0,0.03,0
stay+deck,4.0,28,3.3155342270688224,0.019395667079713467,0.9999819055694977,0.9689394259510933,True,True,True,True,False,3.283269380161662,3.3609375564655175,151600.0,0.03,0
stay+deck,4.0,28,3.38285829132154,0.04493038518348875,0.9998819620673781,0.9390664033375639,True,True,True,True,False,3.283269380161662,3.3609375564655175,151600.0,0.03,0
stay+deck,4.0,28,3.8873541395509403,0.0005492683712909607,0.962167079455798,0.7967058734971475,True,False,True,False,False,3.283269380161662,3.3609375564655175,151600.0,0.03,0
stay+deck,4.0,28,4.505962356472975,0.005765777986386385,0.9371989576659016,0.8961804337494914,False,False,False,False,False,3.283269380161662,3.3609375564655175,151600.0,0.03,0
stay+deck,4.0,30,3.3091739138910468,0.024520778595004136,0.9999799344108629,0.9928153938706883,True,False,True,False,False,3.283269380161662,3.3609375564655175,151600.0,0.03,0
stay+deck,4.0,30,3.3571364174737646,0.03884548569902495,0.9999518141632179,0.9768909318103818,True,False,True,False,False,3.283269380161662,3.3609375564655175,151600.0,0.03,0
stay+deck,4.0,30,4.524496395721482,0.007557646690396403,0.9396778015348345,0.31800601183919086,True,False,False,False,False,3.283269380161662,3.3609375564655175,151600.0,0.03,0
stay+deck,4.0,32,3.3108912034926825,0.026300302755360314,0.9999707325155817,0.9969717923634446,True,True,True,True,False,3.283269380161662,3.3609375564655175,151600.0,0.03,0
stay+deck,4.0,32,3.348812675742808,0.0373521079087461,0.9999407521294071,0.9833863571116239,True,True,True,True,True,3.283269380161662,3.3609375564655175,151600.0,0.03,0
stay+deck,4.0,32,4.542821987528404,0.0001231028116354309,0.9700111980968447,0.5965552469601281,True,False,False,False,False,3.283269380161662,3.3609375564655175,151600.0,0.03,0
stay+deck,4.0,34,3.312136410651777,0.024431886025778414,0.9999538157958355,0.9927523731986411,True,True,True,True,False,3.283269380161662,3.3609375564655175,151600.0,0.03,0
stay+deck,4.0,34,3.3553559179545758,0.039703580962426654,0.9998605731776435,0.968639148108281,True,True,True,True,True,3.283269380161662,3.3609375564655175,151600.0,0.03,0
stay+deck,4.0,34,4.549177093888149,0.003810310913565123,0.9501513651179837,0.9511419384016104,True,False,False,False,False,3.283269380161662,3.3609375564655175,151600.0,0.03,0
stay+deck,4.0,36,2.685343661987299,0.15218166945195327,0.8646883502142636,0.9319061284739901,False,False,False,False,False,3.283269380161662,3.3609375564655175,151600.0,0.03,0
stay+deck,4.0,36,3.243207440269706,0.02198034865907585,0.9997319497435153,0.9957209083004789,False,False,False,False,False,3.283269380161662,3.3609375564655175,151600.0,0.03,0
stay+deck,4.0,36,3.352726992715264,0.00029617843547676714,0.9992002437442359,0.6922867640113318,True,False,False,False,True,3.283269380161662,3.3609375564655175,151600.0,0.03,0
stay+deck,4.0,36,3.3959829732999,0.018805107045479132,0.9997197747304905,0.960529621915163,False,False,False,False,False,3.283269380161662,3.3609375564655175,151600.0,0.03,0
stay+deck,4.0,36,3.8686045233944784,0.16471074807652955,0.9686917925735714,0.5614225420799929,False,False,False,False,False,3.283269380161662,3.3609375564655175,151600.0,0.03,0
stay+deck,4.0,38,2.124893518741783,0.024017843698691078,0.8553067613680884,0.2861881625720527,False,False,False,False,False,3.283269380161662,3.3609375564655175,151600.0,0.03,0
stay+deck,4.0,38,3.15022381395799,0.00031873301972869494,0.9888257723854982,0.9891898169074763,False,False,False,False,False,3.283269380161662,3.3609375564655175,151600.0,0.03,0
stay+deck,4.0,38,3.2782801000988333,0.06086084354590003,0.9990051764312448,0.8158136921850789,False,False,False,False,False,3.283269380161662,3.3609375564655175,151600.0,0.03,0
stay+deck,4.0,38,3.334957363501868,0.018839368307011706,0.9999538266573175,0.9574268498897609,True,False,False,False,True,3.283269380161662,3.3609375564655175,151600.0,0.03,0
stay+deck,4.0,38,3.4948493796802897,0.008359822797809157,0.9901934616688587,0.9471757337419396,False,False,False,False,False,3.283269380161662,3.3609375564655175,151600.0,0.03,0
stay+deck,4.0,38,4.309056935134014,0.1534608802375204,0.9727996905053803,0.91125098331829,False,True,False,False,False,3.283269380161662,3.3609375564655175,151600.0,0.03,0
stay+deck,4.0,40,2.1511302994974772,0.017538192796854216,0.8900542939226339,0.6222322190244851,False,False,False,False,False,3.283269380161662,3.3609375564655175,151600.0,0.03,0
stay+deck,4.0,40,3.2062647545883682,0.0017143946579545424,0.9957290300202654,0.9440271842520066,False,False,True,False,False,3.283269380161662,3.3609375564655175,151600.0,0.03,0
stay+deck,4.0,40,3.3194731622373634,0.015904491684279945,0.999874770053377,0.9372003844878977,True,False,True,False,False,3.283269380161662,3.3609375564655175,151600.0,0.03,0
stay+deck,4.0,40,3.427447374334301,0.07210706673827011,0.9938321898811819,0.6499749382396272,False,False,False,False,False,3.283269380161662,3.3609375564655175,151600.0,0.03,0
stay+deck,4.0,40,3.4811505690499955,0.02477808080401349,0.9896071433201877,0.9944434345445713,True,False,False,False,False,3.283269380161662,3.3609375564655175,151600.0,0.03,0
stay+deck,4.0,40,4.0012118729611545,0.0013155836927255737,0.9096756113810207,0.7063714966236702,False,False,False,False,False,3.283269380161662,3.3609375564655175,151600.0,0.03,0
stay+deck,4.0,40,4.339572044990021,0.02979664666570688,0.9582693575778001,0.8813214486025587,True,False,False,False,False,3.283269380161662,3.3609375564655175,151600.0,0.03,0
stay+deck,4.0,42,2.1370519262397534,0.023904592959821756,0.896535208473604,0.48418249874857994,True,False,True,False,False,3.283269380161662,3.3609375564655175,151600.0,0.03,0
stay+deck,4.0,42,3.254162059345347,0.012362446634947958,0.9993182839061044,0.9476177113836196,False,False,True,False,False,3.283269380161662,3.3609375564655175,151600.0,0.03,0
stay+deck,4.0,42,3.3097437240388086,0.002135609682521879,0.9990115710817314,0.773199571777,True,False,True,False,False,3.283269380161662,3.3609375564655175,151600.0,0.03,0
stay+deck,4.0,42,3.4066508363422225,0.020426114002574037,0.9990362616175475,0.9771503929374904,True,False,False,False,False,3.283269380161662,3.3609375564655175,151600.0,0.03,0
stay+deck,4.0,42,3.4978722548505194,0.09844146669552865,0.9812677009759418,0.4260587160535414,True,False,False,False,False,3.283269380161662,3.3609375564655175,151600.0,0.03,0
stay+deck,4.0,42,3.958675262273629,0.030459619966924607,0.9488319970842597,0.8273398280505947,False,False,True,False,False,3.283269380161662,3.3609375564655175,151600.0,0.03,0
stay+deck,4.0,42,4.074385908257597,0.0006875659901033283,0.9130144539855114,0.6761381406909834,False,False,False,False,False,3.283269380161662,3.3609375564655175,151600.0,0.03,0
stay+deck,4.0,44,2.070255026075095,0.007282354364961029,0.9634691898547976,0.7327033528890778,False,False,False,False,False,3.283269380161662,3.3609375564655175,151600.0,0.03,0
stay+deck,4.0,44,2.844988817442856,0.037241683614365695,0.6703842715093612,0.13378107459826746,False,False,False,False,False,3.283269380161662,3.3609375564655175,151600.0,0.03,0
stay+deck,4.0,44,3.312568372644368,0.02217824544961714,0.9999667029265418,0.9846268165351436,True,False,False,False,False,3.283269380161662,3.3609375564655175,151600.0,0.03,0
stay+deck,4.0,44,3.364489968835243,0.042715410955822396,0.9998687520265496,0.9530493849178321,False,False,False,False,False,3.283269380161662,3.3609375564655175,151600.0,0.03,0
stay+deck,4.0,44,3.8447783941504516,0.0010726560026005246,0.922111046368775,0.9164351801635676,False,False,True,False,False,3.283269380161662,3.3609375564655175,151600.0,0.03,0
stay+deck,4.0,44,4.004051685225671,0.014511696584986312,0.9345769227091317,0.7107522445891183,False,False,True,False,False,3.283269380161662,3.3609375564655175,151600.0,0.03,0
stay+deck,4.0,44,4.416440869866669,0.005592787991687039,0.9661313196147471,0.8935679374955146,False,False,False,False,False,3.283269380161662,3.3609375564655175,151600.0,0.03,0
stay+deck,4.0,46,2.0780199929190837,0.019561537959866267,0.9461513515904454,0.8201753432945855,True,False,False,False,False,3.283269380161662,3.3609375564655175,151600.0,0.03,0
stay+deck,4.0,46,2.857700296188237,0.020410480972875848,0.8333015235374858,0.5522450404909351,True,False,False,False,False,3.283269380161662,3.3609375564655175,151600.0,0.03,0
stay+deck,4.0,46,3.3174580295700262,0.027208397081858755,0.9999837301137637,0.9981462682741541,True,False,True,False,False,3.283269380161662,3.3609375564655175,151600.0,0.03,0
stay+deck,4.0,46,3.338487305494279,0.03841869462813647,0.9999641480717891,0.9801151026273708,True,False,False,False,True,3.283269380161662,3.3609375564655175,151600.0,0.03,0
stay+deck,4.0,46,4.011051432950607,0.017229125348003808,0.9735819109735522,0.7658271704882422,True,False,True,False,False,3.283269380161662,3.3609375564655175,151600.0,0.03,0
stay+deck,4.0,46,4.448375214600096,0.006514882088546854,0.9694368012851492,0.8591307480331485,True,False,True,False,False,3.283269380161662,3.3609375564655175,151600.0,0.03,0
stay+deck,4.0,48,2.064594621374514,0.01241080139386051,0.9589674005019692,0.6096381355016168,True,False,False,False,False,3.283269380161662,3.3609375564655175,151600.0,0.03,0
stay+deck,4.0,48,2.88693488097469,0.06154882379828515,0.9701119011841702,0.8039029793863852,False,False,False,False,False,3.283269380161662,3.3609375564655175,151600.0,0.03,0
stay+deck,4.0,48,3.2865463710580975,0.05330640919512282,0.9999343254842357,0.8817552403730328,True,False,False,False,False,3.283269380161662,3.3609375564655175,151600.0,0.03,0
stay+deck,4.0,48,3.3349393705652393,0.022752367803903974,0.9999973479493376,0.9821168249669663,True,False,True,False,True,3.283269380161662,3.3609375564655175,151600.0,0.03,0
stay+deck,4.0,48,4.0471794023245105,0.016320911149384026,0.9605737610622759,0.9207808275222457,True,True,True,True,False,3.283269380161662,3.3609375564655175,151600.0,0.03,0
stay+deck,4.0,48,4.446111473262536,0.002220192107400331,0.988416230089018,0.7722205141109237,True,False,False,False,False,3.283269380161662,3.3609375564655175,151600.0,0.03,0
stay+deck,4.0,50,2.0463366436700174,0.03550435871632652,0.9325275425503241,0.5683256316412613,True,False,True,False,False,3.283269380161662,3.3609375564655175,151600.0,0.03,0
stay+deck,4.0,50,2.926238849326516,0.0396130727008722,0.8946769165849685,0.9962366648941362,False,False,False,False,False,3.283269380161662,3.3609375564655175,151600.0,0.03,0
stay+deck,4.0,50,3.318620782153145,0.04430412621440327,0.9999668629579377,0.9492554954466143,True,False,False,False,False,3.283269380161662,3.3609375564655175,151600.0,0.03,0
stay+deck,4.0,50,3.328752157207822,0.02524027030182021,0.9999948968947501,0.992358383292603,True,True,True,True,True,3.283269380161662,3.3609375564655175,151600.0,0.03,0
stay+deck,4.0,50,4.027058674240918,0.017788159634258,0.9781360864268235,0.9101512353932416,True,True,True,True,False,3.283269380161662,3.3609375564655175,151600.0,0.03,0
stay+deck,4.0,50,4.451047557463794,0.0027816567081153085,0.9902352331087394,0.7509739871412922,True,False,True,False,False,3.283269380161662,3.3609375564655175,151600.0,0.03,0
stay+deck,4.0,52,2.0450209795211642,0.003057486201424918,0.940742280997883,0.6348064497768806,True,False,False,False,False,3.283269380161662,3.3609375564655175,151600.0,0.03,0
stay+deck,4.0,52,2.580550002218655,0.08636339891057862,0.6619490265071414,0.9415545742093743,False,False,False,False,False,3.283269380161662,3.3609375564655175,151600.0,0.03,0
stay+deck,4.0,52,3.0312606050232036,0.04040545239787479,0.8211329132756885,0.53011007030262,False,True,False,False,False,3.283269380161662,3.3609375564655175,151600.0,0.03,0
stay+deck,4.0,52,3.313388533916473,0.0267484262140003,0.9999794093432409,0.9966743909642576,True,False,False,False,False,3.283269380161662,3.3609375564655175,151600.0,0.03,0
stay+deck,4.0,52,3.3435204603275017,0.037823558980996465,0.9999596581300919,0.982683014209595,True,False,True,False,True,3.283269380161662,3.3609375564655175,151600.0,0.03,0
stay+deck,4.0,52,4.030500198470828,0.01775909960040703,0.9899180731406562,0.8991390634439452,True,True,True,True,False,3.283269380161662,3.3609375564655175,151600.0,0.03,0
stay+deck,4.0,52,4.461396771075436,0.006898575703853452,0.9860367444155573,0.7902486059256686,True,False,True,False,False,3.283269380161662,3.3609375564655175,151600.0,0.03,0
stay+deck,4.0,52,4.991200720611052,0.003978034444734884,0.9835741440191261,0.852935182856031,False,False,False,False,False,3.283269380161662,3.3609375564655175,151600.0,0.03,0
stay+deck,4.0,54,2.087306396385127,0.0013365157247714624,0.9591094972544455,0.8732098224254358,False,False,False,False,False,3.283269380161662,3.3609375564655175,151600.0,0.03,0
stay+deck,4.0,54,2.7082111576377845,0.06082794085205852,0.9620468468099026,0.37795413318162774,False,False,False,False,False,3.283269380161662,3.3609375564655175,151600.0,0.03,0
stay+deck,4.0,54,3.216950300293107,0.03235239536049766,0.9996359261484189,0.9772999211275248,False,False,False,False,False,3.283269380161662,3.3609375564655175,151600.0,0.03,0
stay+deck,4.0,54,3.3277443515356793,0.01998272339628046,0.9999928723563146,0.9644642713245564,True,False,True,False,True,3.283269380161662,3.3609375564655175,151600.0,0.03,0
stay+deck,4.0,54,3.3915352819278626,0.04616930737314292,0.9999007555888497,0.8965543246515051,False,False,False,False,False,3.283269380161662,3.3609375564655175,151600.0,0.03,0
stay+deck,4.0,54,4.014300703131852,0.01732204248353715,0.9952369129704254,0.859352108240446,True,True,True,True,False,3.283269380161662,3.3609375564655175,151600.0,0.03,0
stay+deck,4.0,54,4.440651601793371,0.010373971358191802,0.9761711568455855,0.8903944790351822,True,False,True,False,False,3.283269380161662,3.3609375564655175,151600.0,0.03,0
stay+deck,4.0,54,4.960453994757533,0.0002849774091502594,0.9805845348132816,0.896396125079014,True,False,True,False,False,3.283269380161662,3.3609375564655175,151600.0,0.03,0
stay+deck,4.0,56,2.7795584632434585,0.0730212393270195,0.9722549417247232,0.8595832099055046,False,False,False,False,False,3.283269380161662,3.3609375564655175,151600.0,0.03,0
stay+deck,4.0,56,3.25177114636126,0.04165910671319773,0.999947427470921,0.9689245877767247,False,False,True,False,False,3.283269380161662,3.3609375564655175,151600.0,0.03,0
stay+deck,4.0,56,3.3383376456554346,0.02093130137421847,0.9999972384408147,0.967867193738324,True,True,True,True,True,3.283269380161662,3.3609375564655175,151600.0,0.03,0
stay+deck,4.0,56,3.4725223601679502,0.03696716552230251,0.9997513254007925,0.9274751251841299,False,False,False,False,False,3.283269380161662,3.3609375564655175,151600.0,0.03,0
stay+deck,4.0,56,4.030116201565077,0.016906387822253434,0.9931187381174496,0.90613282367199,True,True,True,True,False,3.283269380161662,3.3609375564655175,151600.0,0.03,0
stay+deck,4.0,56,4.465732451239805,0.017721228129645883,0.975024127540858,0.7446074556878466,True,False,True,False,False,3.283269380161662,3.3609375564655175,151600.0,0.03,0
stay+deck,4.0,56,4.951938677333883,0.0045127816304481065,0.9801788632283733,0.949044732794093,True,False,True,False,False,3.283269380161662,3.3609375564655175,151600.0,0.03,0
stay+deck,4.0,58,2.7475039991968093,0.02574791743751767,0.9604138487322104,0.6250048551716382,False,False,False,False,False,3.283269380161662,3.3609375564655175,151600.0,0.03,0
stay+deck,4.0,58,3.2638100666524537,0.03799053442712623,0.9999401512639591,0.9772830524374911,True,True,True,True,False,3.283269380161662,3.3609375564655175,151600.0,0.03,0
stay+deck,4.0,58,3.340463027574031,0.020029339457537564,0.9999897638921266,0.9614864038566014,True,True,True,True,True,3.283269380161662,3.3609375564655175,151600.0,0.03,0
stay+deck,4.0,58,3.424811137212239,0.033678151953309254,0.9997957113218008,0.9783338893739176,False,True,False,False,False,3.283269380161662,3.3609375564655175,151600.0,0.03,0
stay+deck,4.0,58,4.024189599072765,0.018690482613966084,0.9917823236827206,0.9013615581611185,True,True,True,True,False,3.283269380161662,3.3609375564655175,151600.0,0.03,0
stay+deck,4.0,58,4.4540540387792005,0.008209951010164303,0.9810440312573743,0.8360182099874434,True,False,True,False,False,3.283269380161662,3.3609375564655175,151600.0,0.03,0
stay+deck,4.0,58,4.879041862588462,0.12076010804274445,0.8543435891361089,0.9167134054287788,False,False,False,False,False,3.283269380161662,3.3609375564655175,151600.0,0.03,0
stay+deck,4.0,58,4.9901198458370315,0.0008727457896767702,0.9578571506124474,0.9926450001011081,True,False,False,False,False,3.283269380161662,3.3609375564655175,151600.0,0.03,0
stay+deck,4.0,60,2.683747972719801,0.09183656233590203,0.9470712049172307,0.7068091786564439,False,False,False,False,False,3.283269380161662,3.3609375564655175,151600.0,0.03,0
stay+deck,4.0,60,3.234987693795387,0.04708078384584778,0.9995067882246109,0.9364291316678209,True,False,True,False,False,3.283269380161662,3.3609375564655175,151600.0,0.03,0
stay+deck,4.0,60,3.333144850843017,0.021475647568965694,0.9999941697217511,0.972969283899322,True,True,True,True,True,3.283269380161662,3.3609375564655175,151600.0,0.03,0
stay+deck,4.0,60,3.421284983407715,0.060747447530797395,0.999106703367542,0.6252383691166442,True,False,False,False,False,3.283269380161662,3.3609375564655175,151600.0,0.03,0
stay+deck,4.0,60,4.054587597919735,0.010194959981846897,0.9514909137989208,0.994364469689597,True,False,False,False,False,3.283269380161662,3.3609375564655175,151600.0,0.03,0
stay+deck,4.0,60,4.437940026756994,0.011032225789165327,0.9728340706489169,0.9134997139132288,True,False,True,False,False,3.283269380161662,3.3609375564655175,151600.0,0.03,0
stay+deck,4.0,62,2.6970470519885796,0.08120861001035866,0.9781375684554098,0.9163427375580542,True,False,False,False,False,3.283269380161662,3.3609375564655175,151600.0,0.03,0
stay+deck,4.0,62,2.9504578067478247,0.019868366563238503,0.9983430967177741,0.9980881557445404,False,False,False,False,False,3.283269380161662,3.3609375564655175,151600.0,0.03,0
stay+deck,4.0,62,3.2583907206925566,0.039288574681388425,0.9999964088025766,0.974572201703911,True,False,True,False,False,3.283269380161662,3.3609375564655175,151600.0,0.03,0
stay+deck,4.0,62,3.343402837009924,0.022097965366454336,0.9999997213799748,0.9768126443567028,True,True,True,True,True,3.283269380161662,3.3609375564655175,151600.0,0.03,0
stay+deck,4.0,62,3.534009105042473,0.05839570031017754,0.9998234412726973,0.5957574040357348,False,True,False,False,False,3.283269380161662,3.3609375564655175,151600.0,0.03,0
stay+deck,4.0,62,4.5014377539342725,0.00016981913797164706,0.9967071245464885,0.722984051656375,False,False,True,False,False,3.283269380161662,3.3609375564655175,151600.0,0.03,0
stay+deck,4.0,62,4.95966831309478,0.028721391985856645,0.9907743362016712,0.9998865053375738,False,False,False,False,False,3.283269380161662,3.3609375564655175,151600.0,0.03,0
stay+deck,4.0,64,2.032071132644884,0.016946838221609885,0.9870584479269062,0.994088270654118,False,False,False,False,False,3.283269380161662,3.3609375564655175,151600.0,0.03,0
stay+deck,4.0,64,2.739088494131023,0.07918343511583706,0.9988737333752641,0.8931718745047394,False,True,False,False,False,3.283269380161662,3.3609375564655175,151600.0,0.03,0
stay+deck,4.0,64,3.2879118078828964,0.03506086459599591,0.9999998950939465,0.9907962662778513,True,False,True,False,False,3.283269380161662,3.3609375564655175,151600.0,0.03,0
stay+deck,4.0,64,3.350834663000321,0.026040498894352705,0.9999999666289008,0.9937689365783025,True,False,True,False,True,3.283269380161662,3.3609375564655175,151600.0,0.03,0
stay+deck,4.0,64,3.9252336906649794,0.014350681865464777,0.9985003002940996,0.7985612736006344,False,False,False,False,False,3.283269380161662,3.3609375564655175,151600.0,0.03,0
stay+deck,4.0,64,4.684828393291814,0.05101276156057569,0.9841904630496795,0.9628276928101543,False,False,False,False,False,3.283269380161662,3.3609375564655175,151600.0,0.03,0
stay+deck,4.0,66,2.7429777363386565,0.10426876180136466,0.9978575306766253,0.9650977033247673,True,False,False,False,False,3.283269380161662,3.3609375564655175,151600.0,0.03,0
stay+deck,4.0,66,3.2878051025279484,0.03202286661466432,0.9999998869629964,0.9968330138669498,True,True,True,True,False,3.283269380161662,3.3609375564655175,151600.0,0.03,0
stay+deck,4.0,66,3.3589394301475215,0.027305660639345003,0.9999999176097318,0.9969444600427291,True,True,True,True,False,3.283269380161662,3.3609375564655175,151600.0,0.03,0
stay+deck,4.0,66,4.971959431706735,0.10708641157949697,0.9958201828862251,0.9260226817834694,False,False,False,False,False,3.283269380161662,3.3609375564655175,151600.0,0.03,0
stay+deck,4.0,68,2.2867880956751225,0.01918778583156147,0.9983388976098608,0.8732773145003885,False,False,False,False,False,3.283269380161662,3.3609375564655175,151600.0,0.03,0
stay+deck,4.0,68,2.693392355332013,0.020575361426315268,0.9989902927934801,0.28540022779381874,False,False,False,False,False,3.283269380161662,3.3609375564655175,151600.0,0.03,0
stay+deck,4.0,68,2.910467197010808,0.0686787750948911,0.999777055911822,0.9396916683900223,False,False,False,False,False,3.283269380161662,3.3609375564655175,151600.0,0.03,0
stay+deck,4.0,68,3.2731079805273833,0.036598057083117294,0.999999905152029,0.9856537866604264,True,False,True,False,False,3.283269380161662,3.3609375564655175,151600.0,0.03,0
stay+deck,4.0,68,3.3498074133321882,0.023381370902527794,0.9999999868829096,0.9822590145187221,True,False,True,False,True,3.283269380161662,3.3609375564655175,151600.0,0.03,0
stay+deck,4.0,68,3.569817103843718,0.03568310294393641,0.9999793907042002,0.9433395246543156,False,False,False,False,False,3.283269380161662,3.3609375564655175,151600.0,0.03,0
stay+deck,4.0,68,4.054232135812335,0.00252342626922694,0.9996522981286236,0.907901518355823,False,False,False,False,False,3.283269380161662,3.3609375564655175,151600.0,0.03,0
stay+deck,4.0,68,4.865049459347621,0.01203759988763675,0.9994251931065088,0.8719973276056299,False,False,False,False,False,3.283269380161662,3.3609375564655175,151600.0,0.03,0
stay+deck,4.0,70,2.8051413204358333,0.09271577308010996,0.9995856116409486,0.8936242537316338,False,False,False,False,False,3.283269380161662,3.3609375564655175,151600.0,0.03,0
stay+deck,4.0,70,3.269156345505689,0.03465860173847882,0.9999998980598437,0.9887854736240066,True,True,True,True,False,3.283269380161662,3.3609375564655175,151600.0,0.03,0
stay+deck,4.0,70,3.3525181007991773,0.02175996137928259,0.9999999599540196,0.9728070716788376,True,True,True,True,True,3.283269380161662,3.3609375564655175,151600.0,0.03,0
stay+deck,4.0,70,3.486493439930119,0.027362537576266707,0.9999935636003283,0.9935377436300531,False,False,False,False,False,3.283269380161662,3.3609375564655175,151600.0,0.03,0
stay+deck,4.0,70,3.977037900245461,0.001599738484713209,0.9997612029896658,0.3502837008230402,False,False,False,False,False,3.283269380161662,3.3609375564655175,151600.0,0.03,0
stay+deck,4.0,70,4.857015801337104,0.01000690206197933,0.9998636161029031,0.867136042926693,True,False,True,False,False,3.283269380161662,3.3609375564655175,151600.0,0.03,0
stay+deck,4.0,72,2.5981072583464484,0.10984279161205097,0.9999911743447346,0.7329990325427662,False,False,False,False,False,3.283269380161662,3.3609375564655175,151600.0,0.03,0
stay+deck,4.0,72,2.868288724858175,0.023990707771750174,0.9999972845156155,0.7675874931001363,False,False,False,False,False,3.283269380161662,3.3609375564655175,151600.0,0.03,0
stay+deck,4.0,72,3.265380150765065,0.03310432582213135,0.9999999991033788,0.9941209926942165,True,True,True,True,False,3.283269380161662,3.3609375564655175,151600.0,0.03,0
stay+deck,4.0,72,3.3554601310877907,0.021564804675116366,0.9999999997249137,0.9726374354081209,True,True,True,True,True,3.283269380161662,3.3609375564655175,151600.0,0.03,0
stay+deck,4.0,72,3.503693214499471,0.02614292859785899,0.9999999364246791,0.9968399145422385,True,True,True,True,False,3.283269380161662,3.3609375564655175,151600.0,0.03,0
stay+deck,4.0,72,4.905765519933181,0.003424538464121602,0.9999979385695628,0.9106110699786093,True,False,True,False,False,3.283269380161662,3.3609375564655175,151600.0,0.03,0
stay+deck,4.0,74,2.8250089551446798,0.02005963871954958,0.9999990696955632,0.7207420841331599,False,False,False,False,False,3.283269380161662,3.3609375564655175,151600.0,0.03,0
stay+deck,4.0,74,2.890041496346579,0.11003193889817146,0.9999993576293504,0.6063798232974219,True,False,False,False,False,3.283269380161662,3.3609375564655175,151600.0,0.03,0
stay+deck,4.0,74,3.2633929855787347,0.04147105886563809,0.9999999993928145,0.9616562119326705,True,False,True,False,False,3.283269380161662,3.3609375564655175,151600.0,0.03,0
stay+deck,4.0,74,3.343737545526782,0.022614598151387763,0.9999999999609396,0.9792797950920563,True,True,True,True,True,3.283269380161662,3.3609375564655175,151600.0,0.03,0
stay+deck,4.0,74,3.5621104323588,0.0500099867573753,0.999999920566771,0.5237166981068732,False,False,False,False,False,3.283269380161662,3.3609375564655175,151600.0,0.03,0
stay+deck,4.0,74,3.9903065315248942,0.0022767877156877735,0.9999997336693868,0.6211917824006804,False,False,False,False,False,3.283269380161662,3.3609375564655175,151600.0,0.03,0
stay+deck,4.0,74,4.517826630856976,0.0006102776137517761,0.9999999726371563,0.752259031901816,False,False,False,False,False,3.283269380161662,3.3609375564655175,151600.0,0.03,0
stay+deck,4.0,76,3.2608811446724153,0.02880542620844136,0.9999999999980144,0.9996082806002322,True,False,True,False,False,3.283269380161662,3.3609375564655175,151600.0,0.03,0
stay+deck,4.0,76,3.3578290308163092,0.01447198567175855,0.9999999999975661,0.9116283574869534,True,False,True,False,False,3.283269380161662,3.3609375564655175,151600.0,0.03,0
stay+deck,4.0,76,3.4188979691174537,0.028075550279146634,0.9999999999876829,0.9999697556993161,False,False,False,False,False,3.283269380161662,3.3609375564655175,151600.0,0.03,0
stay+deck,4.0,76,3.909268037432513,0.011385312178894881,0.9999999979486738,0.715161305038429,False,False,False,False,False,3.283269380161662,3.3609375564655175,151600.0,0.03,0
stay+deck,4.0,76,4.459611276893661,0.00051734783338413,0.9999999979219337,0.715680895007232,False,False,True,False,False,3.283269380161662,3.3609375564655175,151600.0,0.03,0
stay+deck,4.0,76,4.956792346595569,0.004838069064772786,0.999999987531708,0.9762526559118088,False,False,False,False,False,3.283269380161662,3.3609375564655175,151600.0,0.03,0
stay+deck,4.0,78,3.0073864186774557,0.11769413384258978,1.0000000000000004,0.824355181802053,False,False,False,False,False,3.283269380161662,3.3609375564655175,151600.0,0.03,0
stay+deck,4.0,78,3.3059969663149245,0.040494260920385515,0.9999999999999999,0.9747473783263088,False,False,False,False,False,3.283269380161662,3.3609375564655175,151600.0,0.03,0
stay+deck,4.0,78,3.3362583314819187,0.026364097015081345,0.9999999999999999,0.9932025836900606,True,False,True,False,True,3.283269380161662,3.3609375564655175,151600.0,0.03,0
stay+deck,4.0,78,3.534400666446051,0.042896113630513814,1.0,0.46951101158984626,False,False,False,False,False,3.283269380161662,3.3609375564655175,151600.0,0.03,0
stay+deck,4.0,78,4.058725917248395,0.02374434232634758,1.0,0.852755470377265,False,False,False,False,False,3.283269380161662,3.3609375564655175,151600.0,0.03,0
stay+deck,4.0,78,4.550505825392145,0.021829305483183275,1.0000000000000002,0.8727331893265482,False,False,False,False,False,3.283269380161662,3.3609375564655175,151600.0,0.03,0
stay+deck,16.0,4,3.329052303686587,0.017028420480952815,0.9979812275495303,0.9104202347330914,False,False,False,False,True,3.283269380161662,3.3609375564655175,151600.0,0.03,0
stay+deck,16.0,6,3.3298417631678827,0.017002732950958322,0.9985801414478216,0.9098756032621488,True,True,True,True,True,3.283269380161662,3.3609375564655175,151600.0,0.03,0
stay+deck,16.0,8,3.2472666005274826,0.0021049893123350634,0.43372948711108184,0.8321257133048817,False,False,False,False,False,3.283269380161662,3.3609375564655175,151600.0,0.03,0
stay+deck,16.0,8,3.3285898454148932,0.016925670904944814,0.9971625691663761,0.9022217826108676,True,True,True,True,True,3.283269380161662,3.3609375564655175,151600.0,0.03,0
stay+deck,16.0,10,3.195780098432673,0.014686522925017018,0.9799476004124524,0.9533195355094727,False,False,False,False,False,3.283269380161662,3.3609375564655175,151600.0,0.03,0
stay+deck,16.0,10,3.321758083594232,0.01285234899299531,0.998798103718718,0.8907483565595351,True,False,True,False,True,3.283269380161662,3.3609375564655175,151600.0,0.03,0
stay+deck,16.0,10,3.4496559107701255,0.019984957156930074,0.9664853944601189,0.9999986859676733,False,False,False,False,False,3.283269380161662,3.3609375564655175,151600.0,0.03,0
stay+deck,16.0,12,3.1926347235507526,0.012435440230971902,0.9838213932644826,0.990046878078123,True,False,True,False,False,3.283269380161662,3.3609375564655175,151600.0,0.03,0
stay+deck,16.0,12,3.3223987533488355,0.012854157450354061,0.998833411456007,0.8851968461161694,True,True,True,True,True,3.283269380161662,3.3609375564655175,151600.0,0.03,0
stay+deck,16.0,12,3.4469519958507484,0.01781027477644412,0.9712167629850161,0.9999310160143849,True,False,True,False,False,3.283269380161662,3.3609375564655175,151600.0,0.03,0
stay+deck,16.0,14,3.1904040023832634,0.012362402243192933,0.9845465241789465,0.990534743909348,True,True,True,True,False,3.283269380161662,3.3609375564655175,151600.0,0.03,0
stay+deck,16.0,14,3.323007464588143,0.012791158216581729,0.9988691781603909,0.8841445696912086,True,True,True,True,True,3.283269380161662,3.3609375564655175,151600.0,0.03,0
stay+deck,16.0,14,3.4462664478295526,0.016881294548388867,0.9735350720370259,0.9995709689457292,True,True,True,True,False,3.283269380161662,3.3609375564655175,151600.0,0.03,0
stay+deck,16.0,16,3.186457841440715,0.011975083077896135,0.9859769010659541,0.9886673609710799,True,True,True,True,False,3.283269380161662,3.3609375564655175,151600.0,0.03,0
stay+deck,16.0,16,3.3241013463946927,0.01283086180608654,0.9989960398312439,0.8857862961513343,True,True,True,True,True,3.283269380161662,3.3609375564655175,151600.0,0.03,0
stay+deck,16.0,16,3.446315521577851,0.01540154931299626,0.97704569990134,0.998193661014896,True,True,True,True,False,3.283269380161662,3.3609375564655175,151600.0,0.03,0
stay+deck,16.0,18,3.186191611670291,0.011931896096058067,0.9861125720483781,0.9883389355696856,True,True,True,True,False,3.283269380161662,3.3609375564655175,151600.0,0.03,0
stay+deck,16.0,18,3.3241626414581646,0.012835437160281104,0.9990040854783,0.8859594989319425,True,True,True,True,True,3.283269380161662,3.3609375564655175,151600.0,0.03,0
stay+deck,16.0,18,3.446332440928782,0.015297058842682757,0.9772965483468953,0.9980518249004565,True,True,True,True,False,3.283269380161662,3.3609375564655175,151600.0,0.03,0
stay+deck,16.0,20,3.18625659950184,0.01188627474702316,0.9861620383861459,0.9887011459154975,True,True,True,True,False,3.283269380161662,3.3609375564655175,151600.0,0.03,0
stay+deck,16.0,20,3.3241238552225014,0.012842810659663518,0.9990016921908468,0.8860190118775128,True,True,True,True,True,3.283269380161662,3.3609375564655175,151600.0,0.03,0
stay+deck,16.0,20,3.44635714272775,0.015321485948468574,0.9771672904625551,0.9980291996272014,True,True,True,True,False,3.283269380161662,3.3609375564655175,151600.0,0.03,0
stay+deck,16.0,22,3.18594247133965,0.010768684280567913,0.9855579881010299,0.980394338169154,True,False,True,False,False,3.283269380161662,3.3609375564655175,151600.0,0.03,0
stay+deck,16.0,22,3.324458331087673,0.013464906738292136,0.9991791020506987,0.8915050562729205,True,True,True,True,True,3.283269380161662,3.3609375564655175,151600.0,0.03,0
stay+deck,16.0,22,3.4511181289446284,0.014153604457936673,0.9764211178394883,0.9999018634734069,True,True,True,True,False,3.283269380161662,3.3609375564655175,151600.0,0.03,0
stay+deck,16.0,24,3.1938574998072546,0.010691124957627888,0.9957097335940546,0.9563351074508646,True,True,True,True,False,3.283269380161662,3.3609375564655175,151600.0,0.03,0
stay+deck,16.0,24,3.31682267990903,0.014133801282558447,0.9996776986382934,0.9231502474001593,True,True,True,True,True,3.283269380161662,3.3609375564655175,151600.0,0.03,0
stay+deck,16.0,24,3.472151973783928,0.028092909363928702,0.9915195418512942,0.9984165110284272,True,False,True,False,False,3.283269380161662,3.3609375564655175,151600.0,0.03,0
stay+deck,16.0,24,3.531753266028307,0.008811622309525863,0.9860460280616703,0.9635673562100913,False,False,True,False,False,3.283269380161662,3.3609375564655175,151600.0,0.03,0
stay+deck,16.0,26,3.1939541663283393,0.010739260336839893,0.9956347714240588,0.957375360881839,True,True,True,True,False,3.283269380161662,3.3609375564655175,151600.0,0.03,0
stay+deck,16.0,26,3.316663126211268,0.014126067323990747,0.9996658583628502,0.9231697745268314,True,True,True,True,True,3.283269380161662,3.3609375564655175,151600.0,0.03,0
stay+deck,16.0,26,3.470175975840631,0.028361392189133368,0.9915180567175373,0.998021721493831,True,True,True,True,False,3.283269380161662,3.3609375564655175,151600.0,0.03,0
stay+deck,16.0,26,3.5314326486820975,0.00830132770248915,0.9857324141014555,0.9616269111453557,True,True,True,True,False,3.283269380161662,3.3609375564655175,151600.0,0.03,0
stay+deck,16.0,28,3.193931460799831,0.010747993336323338,0.995637445255611,0.957342960077381,True,True,True,True,False,3.283269380161662,3.3609375564655175,151600.0,0.03,0
stay+deck,16.0,28,3.316656908072861,0.01412246927287053,0.9996655189057755,0.9231095313532055,True,True,True,True,True,3.283269380161662,3.3609375564655175,151600.0,0.03,0
stay+deck,16.0,28,3.4699708332845116,0.02834099772439082,0.9915583398084559,0.998030772305664,True,True,True,True,False,3.283269380161662,3.3609375564655175,151600.0,0.03,0
stay+deck,16.0,28,3.5315211273903615,0.008256192968668004,0.985729493922694,0.9618160536963662,True,True,True,True,False,3.283269380161662,3.3609375564655175,151600.0,0.03,0
stay+deck,16.0,30,3.1913266290358084,0.010826258189513977,0.9957334484608948,0.949956991664154,True,True,True,True,False,3.283269380161662,3.3609375564655175,151600.0,0.03,0
stay+deck,16.0,30,3.317438410485233,0.013910568979668428,0.9996940633003619,0.9205310324479586,True,True,True,True,True,3.283269380161662,3.3609375564655175,151600.0,0.03,0
stay+deck,16.0,30,3.467725996397298,0.025885015898171396,0.9927789252165805,0.9999584631367773,True,True,True,True,False,3.283269380161662,3.3609375564655175,151600.0,0.03,0
stay+deck,16.0,30,3.535331111698445,0.00789433849548591,0.9854287653353595,0.966424690014701,True,True,True,True,False,3.283269380161662,3.3609375564655175,151600.0,0.03,0
stay+deck,16.0,32,3.188531740501429,0.008122787612493418,0.9958642421321088,0.8525731087006893,True,False,True,False,False,3.283269380161662,3.3609375564655175,151600.0,0.03,0
stay+deck,16.0,32,3.3225681862764103,0.015356468981698703,0.9998211159633962,0.930313336170434,True,True,True,True,True,3.283269380161662,3.3609375564655175,151600.0,0.03,0
stay+deck,16.0,32,3.4072256942604513,0.10804281206081545,0.8894170664849682,0.7123601842177278,False,False,False,False,False,3.283269380161662,3.3609375564655175,151600.0,0.03,0
stay+deck,16.0,32,3.479503145350098,0.009978612544183607,0.9919471365666831,0.9983424078772583,True,False,True,False,False,3.283269380161662,3.3609375564655175,151600.0,0.03,0
stay+deck,16.0,32,3.579021838708031,0.009985670776512153,0.9702712904039672,0.9944128373897315,False,False,True,False,False,3.283269380161662,3.3609375564655175,151600.0,0.03,0
stay+deck,16.0,34,3.1864961982686495,0.004961613712843076,0.9928621685828831,0.7731672566996604,True,False,True,False,False,3.283269380161662,3.3609375564655175,151600.0,0.03,0
stay+deck,16.0,34,3.1941780637314694,0.08296428477448058,0.9415817729713057,0.5903767504028363,True,False,False,False,False,3.283269380161662,3.3609375564655175,151600.0,0.03,0
stay+deck,16.0,34,3.3285618626844364,0.015695527077787784,0.9998277432884014,0.9264675463207751,True,True,True,True,True,3.283269380161662,3.3609375564655175,151600.0,0.03,0
stay+deck,16.0,34,3.4638541118174984,0.008792878583692867,0.9944855192541497,0.992988064038814,True,False,True,False,False,3.283269380161662,3.3609375564655175,151600.0,0.03,0
stay+deck,16.0,34,3.5724443786601845,0.006521201174203666,0.9850053558151483,0.9939381761572494,True,False,True,False,False,3.283269380161662,3.3609375564655175,151600.0,0.03,0
stay+deck,16.0,36,3.196951655491454,0.004448115392307914,0.9952336644834301,0.7429087381394287,True,False,False,False,False,3.283269380161662,3.3609375564655175,151600.0,0.03,0
stay+deck,16.0,36,3.2852593511810864,0.0461081282356345,0.9895061964238856,0.9351118830926973,False,False,False,False,False,3.283269380161662,3.3609375564655175,151600.0,0.03,0
stay+deck,16.0,36,3.332849906419812,0.01819340832771438,0.9996086530032307,0.9486251099419652,True,False,True,False,True,3.283269380161662,3.3609375564655175,151600.0,0.03,0
stay+deck,16.0,36,3.4545220977777826,0.006518511676455305,0.9903766872972648,0.9903589784838265,True,False,True,False,False,3.283269380161662,3.3609375564655175,151600.0,0.03,0
stay+deck,16.0,36,3.5695680169034327,0.005095418545135543,0.9840620403388218,0.9851423028470021,True,False,True,False,False,3.283269380161662,3.3609375564655175,151600.0,0.03,0
stay+deck,16.0,38,3.199396612804035,0.0033673551622605846,0.9928795704423691,0.6860045353884876,True,False,True,False,False,3.283269380161662,3.3609375564655175,151600.0,0.03,0
stay+deck,16.0,38,3.2641143216587167,0.037027482423623484,0.9922164588291558,0.975857496781297,True,False,True,False,False,3.283269380161662,3.3609375564655175,151600.0,0.03,0
stay+deck,16.0,38,3.339931800847398,0.01747948741274645,0.9994525836542061,0.9370759325933273,True,True,True,True,False,3.283269380161662,3.3609375564655175,151600.0,0.03,0
stay+deck,16.0,38,3.4496135944004576,0.008000452392256071,0.9916852231794878,0.9847203411906126,True,False,True,False,False,3.283269380161662,3.3609375564655175,151600.0,0.03,0
stay+deck,16.0,38,3.567055495104898,0.005500765877826697,0.9853348485921866,0.981800671855178,True,True,True,True,False,3.283269380161662,3.3609375564655175,151600.0,0.03,0
stay+deck,16.0,40,3.199659510548789,0.0022453199284525344,0.9889205967434785,0.6172558136925049,True,False,True,False,False,3.283269380161662,3.3609375564655175,151600.0,0.03,0
stay+deck,16.0,40,3.2477154385463924,0.03377878854161773,0.9914741025355917,0.9828110645742576,True,True,True,True,False,3.283269380161662,3.3609375564655175,151600.0,0.03,0
stay+deck,16.0,40,3.341634895301937,0.01595877273991426,0.9994240146804296,0.9198094629859724,True,True,True,True,False,3.283269380161662,3.3609375564655175,151600.0,0.03,0
stay+deck,16.0,40,3.4491691397590967,0.009455490907355753,0.9932337659644656,0.9827184639480656,True,False,True,False,False,3.283269380161662,3.3609375564655175,151600.0,0.03,0
stay+deck,16.0,40,3.565831355039082,0.005970378116342865,0.9860279895385871,0.9807700688020285,True,True,True,True,False,3.283269380161662,3.3609375564655175,151600.0,0.03,0
stay+deck,16.0,42,3.164203754254443,0.02287714659256536,0.9610586892606215,0.9302676896350323,False,False,False,False,False,3.283269380161662,3.3609375564655175,151600.0,0.03,0
stay+deck,16.0,42,3.180483379972277,0.0031297691365164636,0.9713661012839426,0.7677286911749577,True,False,False,False,False,3.283269380161662,3.3609375564655175,151600.0,0.03,0
stay+deck,16.0,42,3.324715278928546,0.014230697021178148,0.9997852719755259,0.9140975717336818,True,False,True,False,True,3.283269380161662,3.3609375564655175,151600.0,0.03,0
stay+deck,16.0,42,3.479777262342551,0.013006561759878438,0.9956673419211648,0.9911593615131915,True,False,True,False,False,3.283269380161662,3.3609375564655175,151600.0,0.03,0
stay+deck,16.0,42,3.5717056535152047,0.013853095742742386,0.9819087538566794,0.9984621060308534,True,False,True,False,False,3.283269380161662,3.3609375564655175,151600.0,0.03,0
stay+deck,16.0,42,3.7442974907000877,0.06294814030370038,0.7989080851596219,0.6081789315048602,False,False,False,False,False,3.283269380161662,3.3609375564655175,151600.0,0.03,0
stay+deck,16.0,44,3.1481043092551677,0.0031143098856043095,0.8426940428705876,0.9213206101875709,True,False,False,False,False,3.283269380161662,3.3609375564655175,151600.0,0.03,0
stay+deck,16.0,44,3.183462826453433,0.011700334022186325,0.9888572347108804,0.9910546889104591,True,False,False,False,False,3.283269380161662,3.3609375564655175,151600.0,0.03,0
stay+deck,16.0,44,3.3192057485844333,0.01445153967609895,0.9997623745561461,0.9219849687889818,True,True,True,True,True,3.283269380161662,3.3609375564655175,151600.0,0.03,0
stay+deck,16.0,44,3.494157027475905,0.036709482482600524,0.9877539868178563,0.9626008488127806,True,False,False,False,False,3.283269380161662,3.3609375564655175,151600.0,0.03,0
stay+deck,16.0,44,3.50934179464974,0.008691411995431166,0.9913828934650354,0.9807090915232711,True,False,True,False,False,3.283269380161662,3.3609375564655175,151600.0,0.03,0
stay+deck,16.0,44,3.654424682819514,0.005664131811384602,0.7932869256348587,0.9989441762797995,False,False,False,False,False,3.283269380161662,3.3609375564655175,151600.0,0.03,0
stay+deck,16.0,46,3.1479372886660473,0.003030310593154334,0.8406408339739292,0.9189733095722591,True,True,True,True,False,3.283269380161662,3.3609375564655175,151600.0,0.03,0
stay+deck,16.0,46,3.18366146798953,0.011721161422689667,0.9890039543737049,0.9909597105064287,True,True,True,True,False,3.283269380161662,3.3609375564655175,151600.0,0.03,0
stay+deck,16.0,46,3.319145992644944,0.014448012905460965,0.999760784540589,0.9220470559505999,True,True,True,True,True,3.283269380161662,3.3609375564655175,151600.0,0.03,0
stay+deck,16.0,46,3.4932397793461347,0.03665818193522548,0.9879303570940683,0.9631109475804641,True,True,True,True,False,3.283269380161662,3.3609375564655175,151600.0,0.03,0
stay+deck,16.0,46,3.5096222376408344,0.008631031805637167,0.9913094284044593,0.9803193059465921,True,True,True,True,False,3.283269380161662,3.3609375564655175,151600.0,0.03,0
stay+deck,16.0,46,3.6548237296085584,0.00548216610880721,0.7888527810416861,0.999100289989849,True,True,True,True,False,3.283269380161662,3.3609375564655175,151600.0,0.03,0
stay+deck,16.0,48,3.099786298724149,0.011362983190777753,0.912634143834308,0.7793922221409416,False,False,False,False,False,3.283269380161662,3.3609375564655175,151600.0,0.03,0
stay+deck,16.0,48,3.187940837686853,0.006207632724163685,0.9967985179568744,0.8742881534445698,True,False,True,False,False,3.283269380161662,3.3609375564655175,151600.0,0.03,0
stay+deck,16.0,48,3.3223221377153656,0.015672476091154144,0.9998817686485932,0.9349259804182439,True,True,True,True,True,3.283269380161662,3.3609375564655175,151600.0,0.03,0
stay+deck,16.0,48,3.488349744920093,0.007246135737176532,0.9971382457812112,0.9664468099562402,True,False,False,False,False,3.283269380161662,3.3609375564655175,151600.0,0.03,0
stay+deck,16.0,48,3.5113203950524468,0.07604325766764788,0.9746756321799361,0.7015109385675385,True,False,False,False,False,3.283269380161662,3.3609375564655175,151600.0,0.03,0
stay+deck,16.0,48,3.613214466110147,0.009081979223194129,0.9771914866144447,0.9872199521182431,False,False,False,False,False,3.283269380161662,3.3609375564655175,151600.0,0.03,0
stay+deck,16.0,48,3.823281427488077,0.01469819659568579,0.7232113301847852,0.9995073767700681,False,False,False,False,False,3.283269380161662,3.3609375564655175,151600.0,0.03,0
stay+deck,16.0,50,3.0638807694611376,0.0030116618820364635,0.9539481977810338,0.9984549916129346,False,False,False,False,False,3.283269380161662,3.3609375564655175,151600.0,0.03,0
stay+deck,16.0,50,3.196470793851109,0.005721277630372048,0.9990052491906575,0.834028559752753,True,True,True,True,False,3.283269380161662,3.3609375564655175,151600.0,0.03,0
stay+deck,16.0,50,3.321526548113623,0.017459460312650384,0.9998766168625611,0.9509017365813572,True,False,True,False,True,3.283269380161662,3.3609375564655175,151600.0,0.03,0
stay+deck,16.0,50,3.381546129442469,0.0614205897477869,0.9966342289655801,0.8202999478083088,False,False,False,False,False,3.283269380161662,3.3609375564655175,151600.0,0.03,0
stay+deck,16.0,50,3.479429472536086,0.0021621529941243853,0.9946505133507911,0.9652583109351092,True,False,True,False,False,3.283269380161662,3.3609375564655175,151600.0,0.03,0
stay+deck,16.0,50,3.595524836136258,0.0017396381472665774,0.9939974604506082,0.9625085570658809,True,False,True,False,False,3.283269380161662,3.3609375564655175,151600.0,0.03,0
stay+deck,16.0,50,3.8102253167991935,0.0011127161061290404,0.8438760780167368,0.5791115865775058,True,False,False,False,False,3.283269380161662,3.3609375564655175,151600.0,0.03,0
stay+deck,16.0,52,3.063488073417768,0.00281939841097096,0.9551891020664084,0.9993632224993302,True,True,True,True,False,3.283269380161662,3.3609375564655175,151600.0,0.03,0
stay+deck,16.0,52,3.1965411470994183,0.005688086866119125,0.9990077347273828,0.8323086677333279,True,True,True,True,False,3.283269380161662,3.3609375564655175,151600.0,0.03,0
stay+deck,16.0,52,3.3216050137582553,0.017506523917801983,0.9998761559701387,0.9512367650727442,True,True,True,True,True,3.283269380161662,3.3609375564655175,151600.0,0.03,0
stay+deck,16.0,52,3.3792432029814448,0.06108675350939671,0.9967029071141639,0.8242347926773681,True,True,True,True,False,3.283269380161662,3.3609375564655175,151600.0,0.03,0
stay+deck,16.0,52,3.4787769857450193,0.0021134785625827436,0.9943930950028986,0.9675736320804764,True,True,True,True,False,3.283269380161662,3.3609375564655175,151600.0,0.03,0
stay+deck,16.0,52,3.5945702772227635,0.0017334530481495354,0.9938059536126486,0.9647607392140126,True,True,True,True,False,3.283269380161662,3.3609375564655175,151600.0,0.03,0
stay+deck,16.0,52,3.8091808871568764,0.000941589248435695,0.8416234353173632,0.545501022783598,True,False,True,False,False,3.283269380161662,3.3609375564655175,151600.0,0.03,0
stay+deck,16.0,54,3.062687681095108,0.0014608319411069173,0.9461402346396602,0.9995767145197023,True,False,True,False,False,3.283269380161662,3.3609375564655175,151600.0,0.03,0
stay+deck,16.0,54,3.197527761837152,0.005740546104825604,0.999053935866685,0.8318767803541205,True,True,True,True,False,3.283269380161662,3.3609375564655175,151600.0,0.03,0
stay+deck,16.0,54,3.3213596825980756,0.017739680921044623,0.9998713122668399,0.9528749882491463,True,True,True,True,True,3.283269380161662,3.3609375564655175,151600.0,0.03,0
stay+deck,16.0,54,3.3729341196855,0.0589146675371361,0.9971140446146711,0.8460074422217152,True,True,True,True,False,3.283269380161662,3.3609375564655175,151600.0,0.03,0
stay+deck,16.0,54,3.477823152091318,0.0016864451226305433,0.9938311454666756,0.9698626203633652,True,False,True,False,False,3.283269380161662,3.3609375564655175,151600.0,0.03,0
stay+deck,16.0,54,3.5932187176005326,0.0015401350128756194,0.9937170706695307,0.9627227984367285,True,False,True,False,False,3.283269380161662,3.3609375564655175,151600.0,0.03,0
stay+deck,16.0,54,3.808578367764925,0.0008710157732410633,0.8526203102275391,0.5558324601923741,True,True,True,True,False,3.283269380161662,3.3609375564655175,151600.0,0.03,0
stay+deck,16.0,56,3.0579770888060906,0.0014771383295117742,0.9643912511472994,0.9887217338691158,True,True,True,True,False,3.283269380161662,3.3609375564655175,151600.0,0.03,0
stay+deck,16.0,56,3.1977913512615053,0.005443693032849867,0.9989997553035582,0.8188153676496898,True,True,True,True,False,3.283269380161662,3.3609375564655175,151600.0,0.03,0
stay+deck,16.0,56,3.321593604616046,0.017899163505075255,0.999872544296499,0.9539242100161344,True,True,True,True,True,3.283269380161662,3.3609375564655175,151600.0,0.03,0
stay+deck,16.0,56,3.3712798782034947,0.05931246291806031,0.997114656270863,0.8462083484908203,True,True,True,True,False,3.283269380161662,3.3609375564655175,151600.0,0.03,0
stay+deck,16.0,56,3.4773787095370174,0.0011377942309356863,0.9924981978883407,0.9741499445990711,True,False,True,False,False,3.283269380161662,3.3609375564655175,151600.0,0.03,0
stay+deck,16.0,56,3.593788609303866,0.0011095758822997775,0.9947045725856449,0.9666004191257529,True,False,True,False,False,3.283269380161662,3.3609375564655175,151600.0,0.03,0
stay+deck,16.0,58,3.0580141671733605,0.0015062721874273398,0.9646560795630283,0.9885193929952434,True,True,True,True,False,3.283269380161662,3.3609375564655175,151600.0,0.03,0
stay+deck,16.0,58,3.19777334456328,0.0054551769029772944,0.9990109134905953,0.8197448886075966,True,True,True,True,False,3.283269380161662,3.3609375564655175,151600.0,0.03,0
stay+deck,16.0,58,3.3215630827297056,0.017905519691462285,0.9998717028187794,0.954074182932566,True,True,True,True,True,3.283269380161662,3.3609375564655175,151600.0,0.03,0
stay+deck,16.0,58,3.371281644953878,0.05905866018099381,0.9971204563505199,0.8473996187436562,True,True,True,True,False,3.283269380161662,3.3609375564655175,151600.0,0.03,0
stay+deck,16.0,58,3.4772983265589743,0.001116464242473604,0.9924345424335373,0.9740376984409805,True,True,True,True,False,3.283269380161662,3.3609375564655175,151600.0,0.03,0
stay+deck,16.0,58,3.5936501792728808,0.0011108693156133102,0.9947949282928192,0.9670351488254437,True,True,True,True,False,3.283269380161662,3.3609375564655175,151600.0,0.03,0
stay+deck,16.0,60,3.0578928337661675,0.0015692270939348062,0.9655207370712512,0.9884871845088505,True,True,True,True,False,3.283269380161662,3.3609375564655175,151600.0,0.03,0
stay+deck,16.0,60,3.1977472347822586,0.005429124441633955,0.999003300947068,0.8187983049060251,True,True,True,True,False,3.283269380161662,3.3609375564655175,151600.0,0.03,0
stay+deck,16.0,60,3.3216337607558497,0.01791372820105775,0.9998716003464839,0.9541361093579991,True,True,True,True,True,3.283269380161662,3.3609375564655175,151600.0,0.03,0
stay+deck,16.0,60,3.3706124404307523,0.059129607767271906,0.9970998001688588,0.8467150411235235,True,True,True,True,False,3.283269380161662,3.3609375564655175,151600.0,0.03,0
stay+deck,16.0,60,3.4770897903779803,0.0011268334578492813,0.9923248046019342,0.9748061357085273,True,True,True,True,False,3.283269380161662,3.3609375564655175,151600.0,0.03,0
stay+deck,16.0,60,3.593442503959131,0.0011245559117244864,0.9946776299467466,0.9682248315760061,True,True,True,True,False,3.283269380161662,3.3609375564655175,151600.0,0.03,0
stay+deck,16.0,62,3.0575117687614197,0.0018057487213278376,0.9692785476656312,0.98497544768822,True,False,True,False,False,3.283269380161662,3.3609375564655175,151600.0,0.03,0
stay+deck,16.0,62,3.197361373035875,0.005352891496458594,0.9989907275952378,0.8167810552060625,True,True,True,True,False,3.283269380161662,3.3609375564655175,151600.0,0.03,0
stay+deck,16.0,62,3.3218297796755945,0.017839097133892323,0.9998740346658128,0.9536398078709991,True,True,True,True,True,3.283269380161662,3.3609375564655175,151600.0,0.03,0
stay+deck,16.0,62,3.372364376731939,0.060369529647522,0.996907155814932,0.83657723809106,True,True,True,True,False,3.283269380161662,3.3609375564655175,151600.0,0.03,0
stay+deck,16.0,62,3.477222816232232,0.0012132660495554697,0.9923501871200405,0.9753348889263658,True,True,True,True,False,3.283269380161662,3.3609375564655175,151600.0,0.03,0
stay+deck,16.0,62,3.593502089141829,0.0010761244321324437,0.9944681380961659,0.969883040032957,True,True,True,True,False,3.283269380161662,3.3609375564655175,151600.0,0.03,0
stay+deck,16.0,62,4.8675297627476395,0.02885435626571467,0.5181725404706284,0.9698207410198073,False,False,False,False,False,3.283269380161662,3.3609375564655175,151600.0,0.03,0
stay+deck,16.0,64,3.05556440082693,0.0017442996710047534,0.9707195810424326,0.9705302928947219,True,True,True,True,False,3.283269380161662,3.3609375564655175,151600.0,0.03,0
stay+deck,16.0,64,3.197973209623805,0.00512634200387138,0.9989138778627004,0.8094605408033713,True,True,True,True,False,3.283269380161662,3.3609375564655175,151600.0,0.03,0
stay+deck,16.0,64,3.3224020645269503,0.018075584180582867,0.9998692334386183,0.9549969745883021,True,True,True,True,True,3.283269380161662,3.3609375564655175,151600.0,0.03,0
stay+deck,16.0,64,3.361489885969965,0.05940788611640851,0.9970734354559451,0.843176035684322,True,True,True,True,False,3.283269380161662,3.3609375564655175,151600.0,0.03,0
stay+deck,16.0,64,3.4748952416810317,0.0012283827212186376,0.9919283749685044,0.9794130781407449,True,True,True,True,False,3.283269380161662,3.3609375564655175,151600.0,0.03,0
stay+deck,16.0,64,3.591912058948389,0.0013261631933250504,0.9940612443758522,0.9706237776877813,True,False,True,False,False,3.283269380161662,3.3609375564655175,151600.0,0.03,0
stay+deck,16.0,64,4.491277138168103,0.048430480258179226,0.48256727235608665,0.9797968247642332,False,False,False,False,False,3.283269380161662,3.3609375564655175,151600.0,0.03,0
stay+deck,16.0,66,3.0497009293679924,0.0029730729296788883,0.9779332649640251,0.942018904465689,True,False,True,False,False,3.283269380161662,3.3609375564655175,151600.0,0.03,0
stay+deck,16.0,66,3.197091206731558,0.004094912956991993,0.9983794408412419,0.7823854225586483,True,False,True,False,False,3.283269380161662,3.3609375564655175,151600.0,0.03,0
stay+deck,16.0,66,3.318309013746894,0.06450556445153793,0.9956203763432658,0.7791228579654305,True,False,False,False,True,3.283269380161662,3.3609375564655175,151600.0,0.03,0
stay+deck,16.0,66,3.325902184001036,0.01792048590379363,0.9998634598731562,0.9524669095977095,True,True,True,True,True,3.283269380161662,3.3609375564655175,151600.0,0.03,0
stay+deck,16.0,66,3.4712679499020225,0.0029914057997565318,0.9949566616687471,0.9729468974331977,True,False,True,False,False,3.283269380161662,3.3609375564655175,151600.0,0.03,0
stay+deck,16.0,66,3.5911231359285978,0.002740373087650598,0.9946704164550978,0.9595854072244485,True,False,True,False,False,3.283269380161662,3.3609375564655175,151600.0,0.03,0
stay+deck,16.0,66,3.7570923083333105,0.0019559954520412507,0.864392182043141,0.7032467676930112,False,False,False,False,False,3.283269380161662,3.3609375564655175,151600.0,0.03,0
stay+deck,16.0,66,3.8525177465353164,0.000585839041161581,0.8109079674869369,0.9404051126907323,False,False,False,False,False,3.283269380161662,3.3609375564655175,151600.0,0.03,0
stay+deck,16.0,66,3.8676035432111195,0.11291117026716399,0.7590964120125403,0.7562486010478986,False,False,False,False,False,3.283269380161662,3.3609375564655175,151600.0,0.03,0
stay+deck,16.0,66,4.87818860303679,0.016854201744234326,0.4271985249321275,0.9580188016986945,False,False,False,False,False,3.283269380161662,3.3609375564655175,151600.0,0.03,0
stay+deck,16.0,68,3.04718370616391,0.002771535384516886,0.9786368109019751,0.9204290331012445,True,True,True,True,False,3.283269380161662,3.3609375564655175,151600.0,0.03,0
stay+deck,16.0,68,3.197631446647828,0.0036906496852425535,0.9980575650340474,0.7658828869287863,True,False,True,False,False,3.283269380161662,3.3609375564655175,151600.0,0.03,0
stay+deck,16.0,68,3.3013796177614076,0.05965861410872619,0.9961200203985127,0.8278024407395014,True,True,True,True,False,3.283269380161662,3.3609375564655175,151600.0,0.03,0
stay+deck,16.0,68,3.3275324878102257,0.01807772730813027,0.9998542044903996,0.9527290429521424,True,True,True,True,True,3.283269380161662,3.3609375564655175,151600.0,0.03,0
stay+deck,16.0,68,3.4685400865285567,0.00355154015884449,0.9950894919936462,0.9742636895931296,True,False,True,False,False,3.283269380161662,3.3609375564655175,151600.0,0.03,0
stay+deck,16.0,68,3.5896230613385334,0.0034191899403090463,0.994081824802795,0.9599676683812323,True,False,True,False,False,3.283269380161662,3.3609375564655175,151600.0,0.03,0
stay+deck,16.0,68,3.7519168022172993,0.004791364017845679,0.8516009226190797,0.6404690754000875,True,False,True,False,False,3.283269380161662,3.3609375564655175,151600.0,0.03,0
stay+deck,16.0,68,3.8208007398562005,0.06539412873589352,0.814201368054636,0.9006735928781542,True,False,False,False,False,3.283269380161662,3.3609375564655175,151600.0,0.03,0
stay+deck,16.0,68,3.852784018955745,0.003021522506117036,0.8425277455823313,0.9665279105864383,True,False,True,False,False,3.283269380161662,3.3609375564655175,151600.0,0.03,0
stay+deck,16.0,68,4.693599839392667,0.003885263511610642,0.85065713514811,0.8057144265630574,False,False,False,False,False,3.283269380161662,3.3609375564655175,151600.0,0.03,0
stay+deck,16.0,70,3.041816416789433,0.00557874827960262,0.9797533305011701,0.9441435617849778,True,False,True,False,False,3.283269380161662,3.3609375564655175,151600.0,0.03,0
stay+deck,16.0,70,3.180222426157058,0.06537267288291382,0.9786055148474778,0.7436671552049774,True,False,False,False,False,3.283269380161662,3.3609375564655175,151600.0,0.03,0
stay+deck,16.0,70,3.192257075670652,0.00328929355209141,0.9971267949089452,0.7653651091014873,True,False,True,False,False,3.283269380161662,3.3609375564655175,151600.0,0.03,0
stay+deck,16.0,70,3.3265864353413965,0.01642887669215767,0.999874310632604,0.9410247565792949,True,False,True,False,True,3.283269380161662,3.3609375564655175,151600.0,0.03,0
stay+deck,16.0,70,3.4775325553672616,0.00482865054078531,0.9971906949980597,0.9616331567597886,True,False,True,False,False,3.283269380161662,3.3609375564655175,151600.0,0.03,0
stay+deck,16.0,70,3.5158048944834692,0.07151392325569851,0.978522855596096,0.7592359129065254,False,False,False,False,False,3.283269380161662,3.3609375564655175,151600.0,0.03,0
stay+deck,16.0,70,3.5976633113976306,0.0031812710912295828,0.995820915411551,0.9527255696418554,True,True,True,True,False,3.283269380161662,3.3609375564655175,151600.0,0.03,0
stay+deck,16.0,70,3.769409884985485,0.0032952605777390536,0.9278621791476576,0.8418080512625973,True,False,True,False,False,3.283269380161662,3.3609375564655175,151600.0,0.03,0
stay+deck,16.0,70,3.8676122888605717,0.0008515954877824551,0.8609936470878973,0.936723710964399,True,False,False,False,False,3.283269380161662,3.3609375564655175,151600.0,0.03,0
stay+deck,16.0,70,4.69427197746344,0.0038082936195251806,0.8496261583160221,0.8048348936765671,True,True,True,True,False,3.283269380161662,3.3609375564655175,151600.0,0.03,0
stay+deck,16.0,72,3.040661327027915,0.002393845922320054,0.9785374111618339,0.8416136282182712,True,False,True,False,False,3.283269380161662,3.3609375564655175,151600.0,0.03,0
stay+deck,16.0,72,3.19880993241749,0.002204794767184923,0.9963947455629042,0.7070345377131549,True,False,True,False,False,3.283269380161662,3.3609375564655175,151600.0,0.03,0
stay+deck,16.0,72,3.273708476257138,0.04623407412548347,0.9972312932914278,0.936232164233083,False,False,False,False,False,3.283269380161662,3.3609375564655175,151600.0,0.03,0
stay+deck,16.0,72,3.3351531799502747,0.017904695528068972,0.99979723613648,0.9479166604856689,True,True,True,True,True,3.283269380161662,3.3609375564655175,151600.0,0.03,0
stay+deck,16.0,72,3.4600736646567927,0.006972640922685728,0.9964275932410752,0.9686176827097174,True,False,True,False,False,3.283269380161662,3.3609375564655175,151600.0,0.03,0
stay+deck,16.0,72,3.584672871788228,0.009503571178894634,0.9904406540704901,0.9688871992981328,True,False,True,False,False,3.283269380161662,3.3609375564655175,151600.0,0.03,0
stay+deck,16.0,72,3.634672215406165,0.015394396699053032,0.9584465048239174,0.9891597222375067,False,False,True,False,False,3.283269380161662,3.3609375564655175,151600.0,0.03,0
stay+deck,16.0,72,3.7887244689832604,0.005743435837277468,0.9523849957468223,0.8438776937964515,True,False,True,False,False,3.283269380161662,3.3609375564655175,151600.0,0.03,0
stay+deck,16.0,72,3.888089469452878,0.004239224786713265,0.8744233734113556,0.9158044138577154,True,False,False,False,False,3.283269380161662,3.3609375564655175,151600.0,0.03,0
stay+deck,16.0,72,4.6953467348618085,0.0033096163595731126,0.8473232698926544,0.7905608894065334,True,False,True,False,False,3.283269380161662,3.3609375564655175,151600.0,0.03,0
stay+deck,16.0,74,3.039258610281095,0.0006932342631640837,0.9714642943544791,0.7271628501771065,True,False,True,False,False,3.283269380161662,3.3609375564655175,151600.0,0.03,0
stay+deck,16.0,74,3.2058220894563685,0.0018910282082432977,0.9963237335140005,0.7060794632556382,True,False,True,False,False,3.283269380161662,3.3609375564655175,151600.0,0.03,0
stay+deck,16.0,74,3.294133293422565,0.03226449755933903,0.9990653007240471,0.9989415271739727,True,False,True,False,False,3.283269380161662,3.3609375564655175,151600.0,0.03,0
stay+deck,16.0,74,3.3539371617213782,0.022060188679602577,0.9994366258862064,0.9728552476530129,True,False,True,False,False,3.283269380161662,3.3609375564655175,151600.0,0.03,0
stay+deck,16.0,74,3.431566416102347,0.008439711108398126,0.9944899099940193,0.9323250063908148,True,False,True,False,False,3.283269380161662,3.3609375564655175,151600.0,0.03,0
stay+deck,16.0,74,3.5433156532092993,0.008219350641793789,0.9951879168413132,0.9372318510880904,False,False,True,False,False,3.283269380161662,3.3609375564655175,151600.0,0.03,0
stay+deck,16.0,74,3.6259117690305067,0.003553174728047641,0.9853446248604929,0.8928607659729526,True,False,True,False,False,3.283269380161662,3.3609375564655175,151600.0,0.03,0
stay+deck,16.0,74,3.7847532389883747,0.00311973841279695,0.9671729535754987,0.895139727409872,True,False,True,False,False,3.283269380161662,3.3609375564655175,151600.0,0.03,0
stay+deck,16.0,74,3.886128451239714,0.0006722680698056427,0.9303168716886848,0.7049635040047242,True,False,False,False,False,3.283269380161662,3.3609375564655175,151600.0,0.03,0
stay+deck,16.0,74,4.689047872127363,0.0023359300918367604,0.8335184025534628,0.7949094504029478,True,False,True,False,False,3.283269380161662,3.3609375564655175,151600.0,0.03,0
stay+deck,16.0,76,3.0387915532009937,0.0007527149160852689,0.9735452882758011,0.742476269879486,True,True,True,True,False,3.283269380161662,3.3609375564655175,151600.0,0.03,0
stay+deck,16.0,76,3.205806043256581,0.001650994464038418,0.9958749042191979,0.6938887320386075,True,False,True,False,False,3.283269380161662,3.3609375564655175,151600.0,0.03,0
stay+deck,16.0,76,3.290762338815785,0.03231507624404342,0.9990183961941649,0.998812055436111,True,True,True,True,False,3.283269380161662,3.3609375564655175,151600.0,0.03,0
stay+deck,16.0,76,3.353936091673626,0.021744820323233664,0.9994443402202159,0.9707808147582603,True,True,True,True,False,3.283269380161662,3.3609375564655175,151600.0,0.03,0
stay+deck,16.0,76,3.4294610077333134,0.007460114206067275,0.9936004662707498,0.923403467885738,True,False,True,False,False,3.283269380161662,3.3609375564655175,151600.0,0.03,0
stay+deck,16.0,76,3.5429365727992703,0.0049826896455784685,0.9964506673949347,0.9073739745250459,True,False,True,False,False,3.283269380161662,3.3609375564655175,151600.0,0.03,0
stay+deck,16.0,76,3.6196440476341794,0.0007704992126834561,0.990142423459195,0.869027732774124,True,False,True,False,False,3.283269380161662,3.3609375564655175,151600.0,0.03,0
stay+deck,16.0,76,3.8010423930798143,0.0027818450967736644,0.9679966332767104,0.9707608187001558,True,False,True,False,False,3.283269380161662,3.3609375564655175,151600.0,0.03,0
stay+deck,16.0,76,3.839499966221935,0.02408054509998111,0.7878217568645695,0.99771678831292,False,False,False,False,False,3.283269380161662,3.3609375564655175,151600.0,0.03,0
stay+deck,16.0,76,4.703118412361135,0.0014948564356942575,0.8294327120572573,0.735924724646545,True,False,True,False,False,3.283269380161662,3.3609375564655175,151600.0,0.03,0
stay+deck,16.0,78,3.0386009872345503,0.0008249624557360308,0.9745504110780303,0.7480941220340458,True,True,True,True,False,3.283269380161662,3.3609375564655175,151600.0,0.03,0
stay+deck,16.0,78,3.2055870642892246,0.0014161473433013127,0.9953993492423787,0.682982140699975,True,False,True,False,False,3.283269380161662,3.3609375564655175,151600.0,0.03,0
stay+deck,16.0,78,3.2858954050297773,0.03146278384934422,0.998972586245159,0.9993923357263911,True,True,True,True,False,3.283269380161662,3.3609375564655175,151600.0,0.03,0
stay+deck,16.0,78,3.3568354709302515,0.020139649402332805,0.9994027067209418,0.9594740722905258,True,True,True,True,False,3.283269380161662,3.3609375564655175,151600.0,0.03,0
stay+deck,16.0,78,3.4302262002494577,0.008808940810595899,0.9946625793546069,0.9307028293157571,True,False,True,False,False,3.283269380161662,3.3609375564655175,151600.0,0.03,0
stay+deck,16.0,78,3.5408818332153533,0.0023677974641053224,0.9973078974400434,0.8680696298550292,True,False,True,False,False,3.283269380161662,3.3609375564655175,151600.0,0.03,0
stay+deck,16.0,78,3.603881709789069,0.002318674815981438,0.9957287531400448,0.9391933424465071,True,False,True,False,False,3.283269380161662,3.3609375564655175,151600.0,0.03,0
stay+deck,16.0,78,3.6524620101812633,0.031900071129227346,0.9197231359402834,0.992245141011454,True,False,False,False,False,3.283269380161662,3.3609375564655175,151600.0,0.03,0
stay+deck,16.0,78,3.7919445135890024,0.00030247988234568683,0.9432653950365393,0.8614280900799987,True,False,True,False,False,3.283269380161662,3.3609375564655175,151600.0,0.03,0
stay+deck,16.0,78,4.493186639008112,0.015119387695785113,0.5437315339435114,0.7321804591633181,False,False,False,False,False,3.283269380161662,3.3609375564655175,151600.0,0.03,0
stay+deck,16.0,78,4.702451470073198,0.0016406656461963637,0.8253401023694418,0.7345609946437761,True,True,True,True,False,3.283269380161662,3.3609375564655175,151600.0,0.03,0
stay+deck,16.0,80,2.8802681371046637,0.008310786130474422,0.8359457850665792,0.9422901789326287,False,False,False,False,False,3.283269380161662,3.3609375564655175,151600.0,0.03,0
stay+deck,16.0,80,3.0386919151260994,0.0005685140716631418,0.9729935005030932,0.7346464356286658,True,False,True,False,False,3.283269380161662,3.3609375564655175,151600.0,0.03,0
stay+deck,16.0,80,3.2057383833590603,0.0015279104916982682,0.9958062473517524,0.690581864761439,True,True,True,True,False,3.283269380161662,3.3609375564655175,151600.0,0.03,0
stay+deck,16.0,80,3.292174612115826,0.03337287717435228,0.9989877576313247,0.997504903964156,True,True,True,True,False,3.283269380161662,3.3609375564655175,151600.0,0.03,0
stay+deck,16.0,80,3.351820592778527,0.022263967475938385,0.9994778284328147,0.9742710071717273,True,True,True,True,False,3.283269380161662,3.3609375564655175,151600.0,0.03,0
stay+deck,16.0,80,3.4289706385566743,0.006649237166507168,0.9928634046583124,0.9191465640224727,True,False,True,False,False,3.283269380161662,3.3609375564655175,151600.0,0.03,0
stay+deck,16.0,80,3.5434590285040395,0.005000147493858387,0.996469792808843,0.9080040627385332,True,False,True,False,False,3.283269380161662,3.3609375564655175,151600.0,0.03,0
stay+deck,16.0,80,3.6239812683742922,0.0013169325213740854,0.9863987210813572,0.852843935630483,True,False,True,False,False,3.283269380161662,3.3609375564655175,151600.0,0.03,0
stay+deck,16.0,80,3.7921261826289854,0.004184895904569548,0.9775388856012117,0.9511621196352581,True,False,True,False,False,3.283269380161662,3.3609375564655175,151600.0,0.03,0
stay+deck,16.0,80,3.885542169354489,0.00396099878984755,0.9314321233635277,0.5142870524883576,False,False,False,False,False,3.283269380161662,3.3609375564655175,151600.0,0.03,0
stay+deck,16.0,80,3.9707719975715765,0.008019874820224947,0.6907273497643134,0.9481174385821769,False,False,False,False,False,3.283269380161662,3.3609375564655175,151600.0,0.03,0
stay+deck,16.0,80,4.650406407792231,0.0010208629947304356,0.5049167102162682,0.9985691513364092,False,False,False,False,False,3.283269380161662,3.3609375564655175,151600.0,0.03,0
stay+deck,16.0,80,4.71534936815442,0.0023902133744922657,0.857520896893335,0.8784897350738439,True,False,True,False,False,3.283269380161662,3.3609375564655175,151600.0,0.03,0
