T_true,beta,beta_1,n_crossing,mac_min,xi,err_string_n1_control,err_multi_control,err_string_n1_oracle,err_multi_oracle,EI_multi_oracle,err_string_n1_screened,err_multi_screened,naive_floor_spread,err_string_n1_naive,err_multi_naive,EI_multi_naive,npeaks,bridge_class
120000.0,1.0204843863233581,0.8902531493344977,3,0.9999847417193276,79.05694150420949,0.1579136704174016,-4.8506384094556176e-14,-0.018828550313543625,-0.04334136590214863,12283.246846180597,-0.018828550313543625,-0.04334136590214863,291.9567332250377,-0.018828550313543625,4.555032704016388,-141112.28823189528,5,footbridge
122172.70194986073,1.0295530022995885,0.89826379674447,3,0.9999918847918031,79.76942747624919,0.15510535616923632,-8.33765685565114e-14,-0.04096650371248216,-0.06298284399075846,12342.964367486435,-0.04096650371248216,-0.06298284399075846,292.0422823771024,-0.04096650371248216,4.105379458758349,-143024.90791416474,5,footbridge
124345.40389972145,0.9742943819678381,0.9062036345014235,4,0.999994838789298,80.47560574346215,0.15239518193509644,-5.851408565169915e-14,-0.0659400264908845,-0.07952214355159191,12403.189298463683,-0.0659400264908845,-0.07952214355159191,292.1415770597777,-0.0659400264908845,-0.07952214355159191,12403.189298463683,5,footbridge
126518.10584958218,0.9825686185009948,0.9140745078085203,4,0.9999944465300658,81.17564092550018,0.1497780916244771,-3.4505532146523775e-14,-0.09447599903681445,-0.09582164055245154,12469.48910493532,-0.09447599903681445,-0.09582164055245154,292.24505000932174,-0.09447599903681445,-0.09582164055245154,12469.48910493532,5,footbridge
128690.8077994429,0.9907737569151774,0.9218781830953521,4,0.9999929707351644,81.86969060375345,0.14724937059703955,0.0,-0.12755211788025383,-0.11331014737440569,12545.726545589647,-0.12755211788025383,-0.11331014737440569,292.34926480846764,-0.12755211788025383,-0.11331014737440569,12545.726545589647,5,footbridge
130863.50974930362,0.9989114999441524,0.9296163526471477,4,0.9999909789126118,82.5579057355678,0.14480461731762842,-7.783942734969328e-14,-0.16651292673202575,-0.1330808955859409,12635.914144585277,-0.16651292673202575,-0.1330808955859409,292.4528314409254,-0.16651292673202575,-0.1330808955859409,12635.914144585277,5,footbridge
133036.21169916436,1.006983481517715,0.9372906388899791,4,0.9999882247733958,83.24043103763626,0.1424397177885826,-2.1876622977318674e-14,-0.21325372769738737,-0.15628727357728386,12745.138541770151,-0.21325372769738737,-0.15628727357728386,292.5552230671165,-0.21325372769738737,-0.15628727357728386,12745.138541770151,5,footbridge
135208.91364902508,1.0149912705922155,0.9449025983627012,4,0.9999843052656476,83.91740534132389,0.1401508224471097,-6.457524804677007e-14,-0.2705206888110831,-0.1844009652902299,12880.488921202288,-0.2705206888110831,-0.1844009652902299,292.6563690942889,-0.2705206888110831,-0.1844009652902299,12880.488921202288,5,footbridge
137381.6155988858,1.0229363747111848,0.9524537254031731,4,0.9999785315264282,84.58896192239645,0.13793432525512378,-8.473864666640226e-14,-0.3424150278113416,-0.21950551579052954,13052.409853185765,-0.3424150278113416,-0.21950551579052954,301.09803814690156,-0.3424150278113416,-0.21950551579052954,13052.409853185765,5,footbridge
139554.31754874653,1.0308202433189422,0.9599454555734831,4,0.9999696667080774,85.2552288073712,0.1357868447421489,-2.0854840586761273e-14,-0.43526214075767705,-0.2647430762583361,13276.950843558145,-0.43526214075767705,-0.2647430762583361,301.10522797294465,-0.43526214075767705,-0.2647430762583361,13276.950843558145,5,footbridge
141727.01949860723,0.9673791688464151,0.9673791688464151,1,0.9999553659258409,85.91632905848454,0.13370520679211292,-4.107026389138129e-14,-0.5591304357042832,-0.32506650859640057,13579.66635607188,-0.5591304357042832,-0.32506650859640057,301.11479752771237,-0.5591304357042832,-0.32506650859640057,13579.66635607188,5,footbridge
143899.72144846796,0.9747561925731889,0.9747561925731889,1,0.9999309295382007,86.57238103907258,0.13168642898921226,-2.0225077688670924e-14,-0.7304319298861935,-0.4085094945458295,14002.281779327433,-0.7304319298861935,-0.4085094945458295,301.1278268506371,-0.7304319298861935,-0.4085094945458295,14002.281779327433,5,footbridge
146072.42339832868,0.9820778042505485,0.9820778042505485,1,0.999886503179402,87.22349866098557,0.12972770636120634,-3.984849402733562e-14,-0.9758771475573511,-0.5280930508510093,14612.755360757566,-0.9758771475573511,-0.5280930508510093,301.14612922693743,-0.9758771475573511,-0.5280930508510093,14612.755360757566,5,footbridge
148245.1253481894,0.9893452341035346,0.9893452341035346,1,0.9998012819296338,87.86979161550079,0.12782639837624485,-7.852893749693649e-14,-1.3360831032068934,-0.70346429685054,15513.69053463613,-1.3360831032068934,-0.70346429685054,301.1724493113394,-1.3360831032068934,-39.967738791739215,-14744.48422213395,5,footbridge
150417.82729805014,0.9965596674987287,0.9965596674987287,1,0.9996348583687711,88.5113655890593,0.1259800170663464,-5.804597296648556e-14,-1.8603940546600068,-0.9578085068236863,16822.484871647786,-1.8603940546600068,-0.9578085068236863,301.2098748673234,-1.8603940546600068,-40.32110622196395,-13278.746133532293,5,footbridge
152590.52924791086,1.0037222472013736,1.0037222472013736,1,0.9996124486956716,89.14832246502841,0.12418621616614933,-7.629262602385834e-14,2.155503379817724,1.0381865829679382,6318.7700030198675,-2.5803311667627575,-1.3018728400483341,310.9220876851846,-2.5803311667627575,-40.74708598069941,-11364.142448691679,5,footbridge
154763.2311977716,0.9992018376527667,1.0108340754885417,5,0.9997291896868681,89.78076051258014,0.12244278116601422,-3.761078161975306e-14,1.6578786449508183,0.8471310818852049,6593.753274762633,-3.4792556005620465,-1.6912176041329006,311.2045045511146,-3.4792556005620465,-41.23932237456108,-9018.846736724417,5,footbridge
156935.9331476323,1.005984332431606,1.0178962161294114,5,0.9998643399294739,90.40877456367744,0.12074762019138632,-3.709007857283422e-14,1.3241842255740361,0.5716372283669431,9349.421753786672,-4.503450352821472,-1.9861430354202831,301.4225005014599,-4.503450352821472,-41.77689115460168,-6344.333755063898,5,footbridge
159108.63509749304,1.0127214038555037,1.0249096962427335,5,0.9999102633638293,91.0324561790707,0.11909875562994932,-3.6583596407448876e-14,1.09822558562462,0.4753119735085309,9650.203725985975,-5.598304547150705,-2.2563956433801566,301.4970629443228,-5.598304547150705,-42.338507881639906,-3450.5844543235685,5,footbridge
161281.33704735377,1.0194139525022503,1.0318755080406605,5,0.9999366788578694,91.6518938041272,0.11749431643493446,-1.8045380196834886e-14,0.9401825282321074,0.4027621700913555,9951.21674580637,0.9401825282321074,1.2471812662847432,301.5777121930339,-6.7254962508320215,-42.909275336078714,-417.5105680385046,5,footbridge
163454.0389972145,1.0260628495786497,1.0387946104673293,5,0.9999529274605882,92.26717291524427,0.11593253104265006,-5.341653953971063e-14,0.825378634835741,0.3489193987818272,10189.990486824348,0.825378634835741,0.3489193987818272,301.65996440959697,-7.861767713699467,-43.480203215905405,2704.7204864172377,5,footbridge
165626.74094707522,1.0326689382443226,1.0456679307398546,5,0.9999635281496593,92.87837615753286,0.11441172084735536,-1.7571939344042043e-14,0.7389628275787549,0.30802003067986683,10376.103140335465,0.7389628275787549,0.30802003067986683,301.7422137185075,0.7389628275787549,0.30802003067986683,10376.103140335465,5,footbridge
167799.4428969359,1.0392330348597734,1.052496365798746,5,0.9999707945991466,93.48558347439858,0.1129302941829625,-6.937765693205445e-14,0.6718632732488916,0.2761128698440676,10522.963219183137,0.6718632732488916,0.2761128698440676,301.823677532412,0.6718632732488916,0.2761128698440676,10522.963219183137,5,footbridge
169972.14484679664,1.0457559301639427,1.0592807836741716,5,0.9999759842294158,94.08887222959645,0.11148674076669536,-3.42454117796375e-14,0.618366975369163,0.2506020027286818,10640.922803086118,0.618366975369163,0.2506020027286818,301.9039319534388,0.618366975369163,0.2506020027286818,10640.922803086118,5,footbridge
172144.84679665737,1.0522383903860622,1.0660220247739565,5,0.9999798193183952,94.68831732228587,0.11007962656284387,-3.381318813581683e-14,0.5747517809947191,0.22976067306572223,10737.358476673548,0.5747517809947191,0.22976067306572223,301.9827382806972,0.5747517809947191,0.22976067306572223,10737.358476673548,5,footbridge
174317.5487465181,1.058681158296231,1.0727209030987346,5,0.9999827356073941,95.28399129557118,0.10870758903134645,-5.00876085041582e-14,0.5385117575526216,0.21241220541712383,10817.487424046833,0.5385117575526216,0.21241220541712383,302.0599618405096,0.5385117575526216,0.21241220541712383,10817.487424046833,5,footbridge
176490.25069637882,1.0650849541987941,1.0793782073892189,5,0.9999850074504562,95.8759644389722,0.10736933272699978,-3.298066645823043e-14,0.5079083963026867,0.19773371408696172,10885.042866080863,0.5079083963026867,0.19773371408696172,302.1355294877231,0.5079083963026867,0.19773371408696172,10885.042866080863,5,footbridge
178662.95264623954,1.0714504768722843,1.0859947022101732,5,0.9999868141132138,96.46430488523536,0.10606362521956199,1.6289795968143747e-14,0.4817027575965813,0.18513529196296485,10942.742568033782,0.4817027575965813,0.18513529196296485,302.2094056815821,0.4817027575965813,0.18513529196296485,10942.742568033782,5,footbridge
180835.65459610027,1.0777784044593972,1.0925711289753,5,0.9999882765657825,97.04907870186209,0.10478929330842122,-4.828223259689187e-14,0.4589906024899092,0.1741842857020468,10992.60169390222,0.4589906024899092,0.1741842857020468,302.281578319549,0.4589906024899092,0.1741842857020468,10992.60169390222,5,footbridge
183008.356545961,1.084069395310209,1.0991082069169353,5,0.999989478768698,97.63034997770316,0.10354521950658609,-7.951503146093912e-14,0.439097863141279,0.16455671316432952,11036.141423850586,0.439097863141279,0.16455671316432952,302.35204995032075,0.439097863141279,0.16455671316432952,11036.141423850586,5,footbridge
185181.05849582172,1.0903240887816064,1.105606634004138,5,0.9999904804516931,98.2081809049398,0.10233033877230303,-4.7149256019708486e-14,0.4215125277011692,0.1560053372951504,11074.52960904594,0.4215125277011692,0.1560053372951504,305.30419012132324,0.4215125277011692,0.1560053372951504,11074.52960904594,5,footbridge
187353.76044568245,1.0965431059956732,1.1120670878124927,5,0.9999913250422447,98.7826318567488,0.10114363546809026,-4.6602476065867084e-14,0.40583911492273017,0.14833819015108002,11108.677113767506,0.40583911492273017,0.14833819015108002,305.426175823936,0.40583911492273017,0.14833819015108002,11108.677113767506,5,footbridge
189526.46239554317,1.1027270505595828,1.118490226348696,5,0.9999920447312397,99.35376146092577,0.09998414052884634,-7.678038752180628e-14,0.39176754549728693,0.14140380773443995,11139.304928407848,0.39176754549728693,0.14140380773443995,305.54524820306716,0.39176754549728693,0.14140380773443995,11139.304928407848,5,footbridge
191699.1643454039,0.9004068674153871,1.124876688832761,3,0.9999926637954898,99.92162666972109,0.09885092882276526,-4.5546099101863117e-14,0.3790514091960451,0.13508086783828058,11166.991721298496,0.3790514091960451,0.13508086783828058,305.66147014251186,0.3790514091960451,0.13508086783828058,11166.991721298496,5,footbridge
193871.86629526463,0.9054503146287349,1.1312270964404785,3,0.9999932008288218,100.4862828261236,0.09774311668942169,-4.503566868089396e-14,0.3674925026988887,0.12927077617418348,11192.208087384455,0.3674925026988887,0.12927077617418348,305.7749020979358,0.3674925026988887,0.12927077617418348,11192.208087384455,5,footbridge
196044.56824512535,0.9104658245281696,1.137542053008571,3,0.9999936702723026,101.04778372681056,0.09665985964168315,-7.422758691366439e-14,0.3569296370548961,0.12389226257810541,11215.341604464822,0.3569296370548961,0.12389226257810541,305.88560108162517,0.3569296370548961,0.12389226257810541,11215.341604464822,5,footbridge
198217.27019498608,0.9154538562954686,1.143822145704809,3,0.9999940834842399,101.60618168196687,0.09560035021898124,-2.936558497461326e-14,0.3472304094229504,0.11887737082561979,11236.715430569275,0.3472304094229504,0.11887737082561979,305.9936198546366,0.3472304094229504,0.11887737082561979,11236.715430569275,5,footbridge
200389.9721448468,0.9204148566699308,1.1500679456651908,3,0.9999944495013455,102.16152757216112,0.09456381597974291,0.0,0.33828506578191025,0.11416842693766058,11256.602295430637,0.33828506578191025,0.11416842693766058,306.09900609914007,0.33828506578191025,0.11416842693766058,11256.602295430637,5,footbridge
202562.67409470753,0.9253492604153385,1.1562800086001448,3,0.9999947755889966,102.71387090245415,0.09354951762352455,-4.3103445272142736e-14,0.3300018635010226,0.10971570134730796,11275.235153082755,0.3300018635010226,0.10971570134730796,306.20180167325435,0.3300018635010226,0.10971570134730796,11275.235153082755,5,footbridge
204735.37604456826,0.9302574907646263,1.1624588753715763,3,0.9999950676447267,103.26325985390253,0.09255674723243197,1.4215340318322993e-14,0.32230352414562374,0.10547556513132816,11292.815370960207,0.32230352414562374,0.10547556513132816,306.3020417086483,0.32230352414562374,0.10547556513132816,11292.815370960207,5,footbridge
206908.07799442898,0.935139959843543,1.1686050725424517,3,0.9999953304982097,103.80974133260894,0.0915848266233536,-2.813213552495261e-14,0.3151244897882653,0.10140899551463667,11309.519059007493,0.3151244897882653,0.10140899551463667,306.39975364469774,0.3151244897882653,0.10140899551463667,11309.519059007493,5,footbridge
209080.7799442897,0.9399970690745093,1.1747191129005043,3,0.9999955681368716,104.35336101646058,0.09063310580311297,-1.3919897593881426e-14,0.30840878044560427,0.09748032441005834,11325.501935635679,0.30840878044560427,0.09748032441005834,306.4949559642885,0.30840878044560427,0.09748032441005834,11325.501935635679,5,footbridge
211253.48189415043,0.9448292095617877,1.1808014959575326,3,0.9999957838776552,104.89416339968747,0.08970096151874551,-1.3776734090146886e-14,0.3021083036592241,0.09365614369721781,11340.902986658357,0.3021083036592241,0.09365614369721781,306.5876566888618,0.3021083036592241,0.09365614369721781,11340.902986658357,5,footbridge
213426.18384401116,0.9496367624590137,1.1868527084256688,3,0.9999959804990567,105.43219183536361,0.088787795896407,-6.818242713369485e-14,0.2961815085371793,0.08990429564023744,11355.847023931343,0.2961815085371793,0.08990429564023744,306.6778513745761,0.2961815085371793,0.08990429564023744,11355.847023931343,5,footbridge
215598.88579387186,0.9544200993200644,1.192873224671903,3,0.9999961603436913,105.96748857596606,0.08789303516255376,-4.049719044173411e-14,0.2905923062887899,0.08619288280454043,11370.446083212106,0.2905923062887899,0.08619288280454043,306.7655205250358,0.2905923062887899,0.08619288280454043,11370.446083212106,5,footbridge
217771.58774373258,0.9591795824341792,1.1988635071520626,3,0.9999963253986335,106.500094812099,0.08701612844183558,-8.01863018723515e-14,0.28530919770873975,0.08248922640220545,11384.799401325052,0.28530919770873975,0.08248922640220545,306.85062606461304,0.28530919770873975,0.08248922640220545,11384.799401325052,5,footbridge
219944.2896935933,0.963915565146186,1.2048240068253713,3,0.9999964773589429,107.0300507094837,0.08615654662592079,-5.2929458632053695e-14,0.28030456231678463,0.07875868983043714,11398.991365303269,0.28030456231678463,0.07875868983043714,306.93310656682513,0.28030456231678463,0.07875868983043714,11398.991365303269,5,footbridge
222116.99164345404,0.9686283921626372,1.210755163550642,3,0.9999966176782092,107.55739544430793,0.0853137813090644,-6.551464217436292e-14,0.27555407568463147,0.07496325587063399,11413.086234679868,0.27555407568463147,0.07496325587063399,307.0128705226015,0.27555407568463147,0.07496325587063399,11413.086234679868,5,footbridge
224289.69359331476,0.973318399844604,1.2166574064650821,3,0.9999967476091667,108.08216723702301,0.08448734378518015,-9.083199942594609e-14,0.27103622974978947,0.07105969515249848,11427.117308661927,0.27103622974978947,0.07105969515249848,307.0897867019122,0.27103622974978947,0.07105969515249848,11427.117308661927,5,footbridge
226462.3955431755,0.9779859164878322,1.2225311543466446,3,0.9999968682364956,108.60440338467123,0.08367676410313402,-1.28515069298492e-14,0.26673193187159583,0.06699706498966733,11441.066004953514,0.26673193187159583,0.06699706498966733,307.16366983075625,0.26673193187159583,0.06699706498966733,11441.066004953514,5,footbridge
228635.0974930362,0.982631262590922,1.2283768159607775,3,0.9999969805034746,109.12414029182071,0.08288159017520243,-5.091752014603996e-14,0.2626241744336505,0.0627131034033747,11454.82157560185,0.2626241744336505,0.0627131034033747,307.234258463817,0.2626241744336505,0.0627131034033747,11454.82157560185,5,footbridge
230807.79944289694,0.9872547511121506,1.2341947903923987,3,0.9999970852338252,109.64141350018043,0.08210138693676823,-7.565731451098769e-14,0.2586977532437627,0.05812870746350597,11468.101786600791,0.2586977532437627,0.05812870746350597,307.3011791078246,0.2586977532437627,0.05812870746350597,11468.101786600791,5,footbridge
232980.50139275767,0.9918566877155183,1.2399854673638462,3,0.9999971831496804,110.15625771696371,0.08133573555216052,-6.245979874442492e-14,0.25493903346901803,0.05313889522335809,11480.289714333698,0.25493903346901803,0.05313889522335809,307.3638841263267,0.25493903346901803,0.05313889522335809,11480.289714333698,5,footbridge
235153.20334261836,0.9964373710065694,1.2457492275395297,3,0.999995966118277,110.66870684206403,0.08058423266504035,-6.188270039070956e-14,0.2513357502371205,0.04759670926978321,11490.076255200498,0.2513357502371205,0.04759670926978321,307.42153520374546,0.2513357502371205,0.04759670926978321,11490.076255200498,5,footbridge
237325.9052924791,1.0009970927584995,1.251486442817953,3,0.9999934931228026,111.17879399410342,0.07984648968991334,-7.35794023518831e-14,0.24787683875979147,0.04128122699273724,11494.606962082189,0.24787683875979147,0.04128122699273724,303.55172681673133,0.24787683875979147,7.3767617720540555,-183380.71326204966,5,footbridge
239498.6072423398,1.0055361381290344,0.7517883528495652,3,0.9999884438648357,111.68655153541032,0.07912213214218185,-6.075991587559549e-14,0.2445522878256671,0.03382397094005619,11487.196117412108,0.2445522878256671,0.03382397094005619,303.56090933866284,0.2445522878256671,7.491570225383118,-188450.0568805988,5,footbridge
241671.30919220054,0.9901063924734455,0.7551880357672884,4,0.999976052710321,112.19201109597977,0.07841079900395004,-6.021366490299331e-14,0.24135301845662935,0.02450373267067175,11450.17916488775,0.24135301845662935,0.02450373267067175,303.55653359991766,0.24135301845662935,7.599872425378507,-193482.8670193866,5,footbridge
243844.01114206127,0.994492219096493,0.7585724825300799,4,0.9999353013675931,112.69520359646646,0.07771214212452154,-7.16125780258218e-14,0.23827077407209357,0.011531993346209142,11328.12232695137,0.23827077407209357,0.011531993346209142,303.52438395264613,0.23827077407209357,7.696199740273443,-198430.73808568524,5,footbridge
246016.713091922,0.9988587884531797,0.7619418961690201,4,0.9997363774445543,113.19615927025795,0.0770258256519781,-5.915010832182632e-14,0.2352980284172689,-0.010476495687533751,10929.302066966797,0.2352980284172689,-0.010476495687533751,310.13652336935723,0.2352980284172689,7.762670933356262,-203135.19392370706,5,footbridge
248189.41504178272,1.0032063520018406,0.7652964752456625,4,0.9998600344497308,113.69490768467242,0.07635152549476712,-4.690583674059439e-14,0.2324279063956424,0.017453007838332556,12621.579021520189,0.2324279063956424,-0.050406408632621275,309.8625626796257,0.2324279063956424,7.769594084345826,-207328.37378080052,5,footbridge
250362.11699164344,1.0075351557754835,0.7686364139885827,4,0.9999529581221148,114.19147776132317,0.07568892881155659,-2.3249388371089007e-14,0.22965411306943564,-0.005998977438176048,12459.06868992249,0.22965411306943564,-0.10513663484622378,303.6626002085705,0.22965411306943564,7.731133498644496,-211124.59937923806,5,footbridge
252534.81894150417,1.0118454405442634,0.7719619024246087,4,0.99997218624801,114.68589779568951,0.0750377335272745,-6.914808162784513e-14,0.22697087303194813,-0.030915569005572647,12502.044108794747,0.22697087303194813,-0.030915569005572647,303.57603895860285,0.22697087303194813,-8.248769699965695,-268302.5820878203,5,footbridge
254707.5208913649,0.9856578726345328,0.7752731265049848,2,0.9999557099705492,115.17819547593164,0.07439764787383804,-1.1426372631197944e-14,0.22437287658124186,-0.0634220174104651,12671.761222950412,0.22437287658124186,-0.0634220174104651,303.45827467879445,0.22437287658124186,-8.264688220473268,-273205.5571319015,5,footbridge
256880.22284122562,0.9898404464152143,0.7785702682267075,2,0.9999235755139173,115.66839790098462,0.0737683899542692,-7.930809579025352e-14,0.22185523347898023,-0.110573368108106,12984.551037367779,0.22185523347898023,-0.110573368108106,303.27257334518106,0.22185523347898023,-8.290115119245733,-278049.2884754457,5,footbridge
259052.92479108635,0.9940054209271239,0.7818535057492552,2,0.9998548704524705,116.15653159796517,0.07314968732886877,-3.3704113335378706e-14,0.21941343073892813,-0.1838047288381927,13515.501914567514,0.21941343073892813,-0.1838047288381927,302.9634035612758,0.21941343073892813,-8.3338042537035,-282736.2122800247,5,footbridge
261225.62674094707,0.9981530164787096,0.785123013506924,2,0.9996994912300677,116.64262253892296,0.07254127662171886,-4.4565046423405416e-14,0.21704329680095596,-0.2999439103152841,14391.6112978699,0.21704329680095596,-0.2999439103152841,302.45026673167166,0.21704329680095596,-9.18248044356407,-264496.0502910081,5,footbridge
263398.3286908078,1.0022834488200356,0.7883789623169727,2,0.9997009362055658,117.12669615696602,0.07194290314702523,-2.209872067251988e-14,0.21474096893370084,0.4478491133850891,8642.734554049013,0.21474096893370084,0.4478491133850891,306.15045433556,0.21474096893370084,-9.401150968940351,-265267.10136444983,5,footbridge
265571.0306406685,0.9979093519313762,0.7916215194837618,5,0.9998463545508691,117.60877736178885,0.0713543205536041,-4.383585120187707e-14,0.2125028641701265,0.341124108081636,9429.383868876941,0.2125028641701265,0.341124108081636,305.69528694410104,0.2125028641701265,-9.656460560145232,-265654.48943831114,5,footbridge
267743.73259052925,1.0019118539789564,0.7948508488990704,5,0.9999121058747384,118.08889055463005,0.07077529048668972,-4.348012956291053e-14,0.21032565493330288,0.2749143442249772,9915.271623031556,0.21032565493330288,0.2749143442249772,305.441038699152,0.21032565493330288,-9.93549022630175,-265773.8921365563,5,footbridge
269916.43454039,1.005898430068861,0.79806711113876,5,0.9999443312860002,118.56705964268481,0.07020558226605382,-4.313013471193973e-14,0.2082062450402021,0.23261389959131418,10222.887374609982,0.2082062450402021,0.23261389959131418,305.3049101155963,0.2082062450402021,-10.226445275098612,-265733.779152273,5,footbridge
272089.1364902507,1.0098692688098045,0.8012704635559452,5,0.9999617690093445,119.04330805299624,0.06964497257967553,-4.278572945932596e-14,0.2061417491626777,0.20408585234608467,10427.765388399705,0.2061417491626777,0.20408585234608467,305.2363747661286,0.2061417491626777,-10.522171394136125,-265601.11124469485,5,footbridge
274261.83844011143,1.01382455511686,0.8044610603708252,5,0.9999720767540508,119.51765874584868,0.0690932451918017,-2.122339048134755e-14,0.20412947649527557,0.18378433678459385,10571.38440384532,0.20412947649527557,0.18378433678459385,305.20781154229667,0.20412947649527557,-10.81880561408688,-265412.8009077592,5,footbridge
276434.54038997216,1.0177644703119426,0.8076390527573227,5,0.9999786253100583,119.9901342276844,0.0685501906649012,-6.316974083414389e-14,0.2021669123894775,0.16865644962718523,10676.597187231078,0.2021669123894775,0.16865644962718523,305.20404371274515,0.2021669123894775,-11.114271020904212,-265189.296326218,5,footbridge
278607.2423398328,1.0216891922208038,0.8108045889266651,5,0.9999830324441789,120.46075656356427,0.06801560609458725,-2.0892371793576087e-14,0.20025170462966554,0.1569484614467696,10756.521763833993,0.20025170462966554,0.1569484614467696,305.2163906436216,0.20025170462966554,-11.407420257076977,-264942.41187269497,5,footbridge
280779.9442896936,1.025598895266687,0.8139578142080409,5,0.9999861387975341,120.92954738919217,0.06748929485695054,-6.219211389266309e-14,0.19838165023521967,0.14760197876847145,10819.061345436137,0.19838165023521967,0.14760197876847145,305.23966674751665,0.19838165023521967,-11.697602227087362,-264679.3166538382,5,footbridge
282952.6462395543,1.0294937505607786,0.8170988711264535,5,0.9999884120600298,121.39652792252113,0.06697106636720433,-6.171456074404844e-14,0.19655468228069967,0.1399478348946601,10869.200789476909,0.19655468228069967,0.1399478348946601,305.27067624258666,0.19655468228069967,0.1399478348946601,10869.200789476909,5,footbridge
285125.34818941506,1.0333739259895949,0.8202278994778939,5,0.9999901278562965,121.86171897495963,0.06646073584977243,-4.082952377478468e-14,0.19476886147235073,0.13354515256576893,10910.214957221437,0.19476886147235073,0.13354515256576893,305.30745787595197,0.19476886147235073,0.13354515256576893,10910.214957221437,5,footbridge
287298.0501392757,1.0372395862994233,0.8233450364019395,5,0.9999914566981433,122.32514096219391,0.06595812411850598,-4.052074901674385e-14,0.193022363630805,0.12809287721343768,10944.332924386821,0.193022363630805,0.12809287721343768,305.3489609916991,0.193022363630805,0.12809287721343768,10944.332924386821,5,footbridge
289470.7520891365,1.0410908931779437,0.8264504164518911,5,0.9999925084983314,122.7868139146431,0.065463057367019,-8.043321889120399e-14,0.19131347325360396,0.12337897158962323,10973.11919004285,0.19131347325360396,0.12337897158962323,305.39513196095857,0.19131347325360396,0.12337897158962323,10973.11919004285,5,footbridge
291643.4540389972,1.0449280053331418,0.8295441716625447,5,0.9999933566391155,123.2467574875614,0.06497536696833615,-1.9958500733462084e-14,0.1896405734970952,0.11925003291719269,10997.701414751204,0.1896405734970952,0.11925003291719269,305.4479922955106,0.1896405734970952,0.11925003291719269,10997.701414751204,5,footbridge
293816.15598885796,1.0487510785696235,0.8326264316156979,5,0.9999940516175903,123.70499097080258,0.06449488928311248,-1.981091227525104e-14,0.18800213971861823,0.11559245391519479,11018.9114380746,0.18800213971861823,0.11559245391519479,305.51744501507244,0.18800213971861823,0.11559245391519479,11018.9114380746,5,footbridge
295988.85793871863,1.0525602658624342,0.835697323503482,5,0.9999946291072244,124.16153329826001,0.06402146547694915,-9.832745279472426e-14,0.1863967329578254,0.11232035669104372,11037.375454239316,0.1863967329578254,0.11232035669104372,305.64512721775907,0.1863967329578254,0.11232035669104372,11037.375454239316,5,footbridge
298161.5598885794,1.0563557174284846,0.8387569721896067,5,0.999995114895263,124.61640305699531,0.06355494134511037,-7.80887528697115e-14,0.18482299330452462,0.10936763961918092,11053.573342748383,0.18482299330452462,0.10936763961918092,305.513592192869,0.18482299330452462,0.10936763961918092,11053.573342748383,5,footbridge
300334.2618384401,1.060137580795671,0.8418055002686012,5,0.9999955280039597,125.06961849606837,0.06309516714510105,-3.876191850850455e-14,0.18327963497350888,0.10668259909634982,11067.878711384174,0.18327963497350888,0.10668259909634982,305.57683641009226,0.18327963497350888,0.10668259909634982,11067.878711384174,5,footbridge
302506.96378830087,1.0639060008697891,0.844843028123132,5,0.9999958827198494,125.52119753508038,0.06264199743630483,-1.92417589944151e-14,0.18176544018574978,0.10422420804158632,11080.586547277433,0.18176544018574978,0.10422420804158632,305.6310484440038,0.18176544018574978,0.10422420804158632,11080.586547277433,5,footbridge
304679.66573816154,1.0676611199993178,0.8478696739794719,5,0.9999961899463701,125.9711577724411,0.06219529092688522,-1.9104544037241544e-14,0.18027925570265355,0.10195948868182951,11091.93269089443,0.18027925570265355,0.10195948868182951,305.6820860161417,0.18027925570265355,0.10195948868182951,11091.93269089443,5,footbridge
306852.3676880223,1.071403078038162,0.8508855539611947,5,0.9999964581257726,126.4195164933715,0.061754910326640385,-1.8969272211269786e-14,0.17881998689906997,0.09986162102175676,11102.107827243712,0.17881998689906997,0.09986162102175676,305.73162786161186,0.17881998689906997,0.09986162102175676,11102.107827243712,5,footbridge
309025.069637883,1.075132012406429,0.8538907821411601,5,0.999996693880268,126.86629067765168,0.061320722206442274,-3.7671805062078243e-14,0.17738659591721587,0.0979085613632211,11111.267673698178,0.17738659591721587,0.0979085613632211,305.7802791746765,0.17738659591721587,0.0979085613632211,11111.267673698178,5,footbridge
311197.7715877437,1.078848058149315,0.8568854705918612,5,0.9999969024660111,127.31149700712416,0.060892596863414035,-3.74087903113763e-14,0.175978095920796,0.09608201388601825,11119.540548042085,0.175978095920796,0.09608201388601825,305.8282896549777,0.175978095920796,0.09608201388601825,11119.540548042085,5,footbridge
313370.47353760444,1.0825513479941713,0.8598697294341908,5,0.9999970880999454,127.75515187296192,0.06047040819186485,-5.572413404782613e-14,0.17459354924752046,0.09436665796436902,11127.03303399077,0.17459354924752046,0.09436665796436902,305.875769586594,0.17459354924752046,0.09436665796436902,11127.03303399077,5,footbridge
315543.17548746517,1.0862420124058207,0.8628436668846923,5,0.9999972541986494,128.1972713827098,0.060054033559187814,-3.689362688547811e-14,0.1732320637783427,0.09274955826395083,11133.834293848748,0.1732320637783427,0.09274955826395083,305.92276834376975,0.1732320637783427,0.09274955826395083,11133.834293848748,5,footbridge
317715.8774373259,1.089920179640187,0.8658073893013473,5,0.9999974035552813,128.63787136710837,0.059643353687362934,0.0,0.17189278967661864,0.09121970905293404,11140.019388012124,0.17189278967661864,0.09121970905293404,305.9693068727212,0.17189278967661864,0.09121970905293404,11140.019388012124,5,footbridge
319888.5793871866,1.0935859757963007,0.8687610012279603,5,0.999997538472364,129.07696738670808,0.05923825253903436,-1.8196229770058167e-14,0.17057491715861023,0.08976767966724032,11145.651844258437,0.17057491715861023,0.08976767966724032,306.0153924638105,0.17057491715861023,0.08976767966724032,11145.651844258437,5,footbridge
322061.28133704735,1.0972395248667437,0.8717046054371865,5,0.9999976608625551,129.51457473828142,0.058838617207963975,-5.422042103771354e-14,0.16927767449943498,0.08838533498719547,11150.785673859713,0.16927767449943498,0.08838533498719547,306.06102588082126,0.16927767449943498,0.08838533498719547,11150.785673859713,5,footbridge
324233.9832869081,1.100880948786583,0.8746383029722596,5,0.999997772325968,129.95070846104096,0.05844433781430236,-3.5904725546279726e-14,0.16800032494734876,0.08706561254436558,11155.46696920581,0.16800032494734876,0.08706561254436558,306.10620495962223,0.16800032494734876,0.08706561254436558,11155.46696920581,5,footbridge
326406.6852367688,1.1045103674808567,0.8775621931874613,5,0.9999978742101021,130.38538334267014,0.058055307403828436,-5.349859259583922e-14,0.16674216444246479,0.0858023442523262,11159.735172415805,0.16674216444246479,0.0858023442523262,306.1509264766499,0.16674216444246479,0.0858023442523262,11159.735172415805,5,footbridge
328579.3871866295,1.1081278989106569,0.8804763737873836,5,0.9999979676566992,130.8186139251736,0.057671421851346175,-1.7714945971460496e-14,0.16550252121081543,0.08459011273150582,11163.624082496255,0.16550252121081543,0.08459011273150582,306.19518709634656,0.16550252121081543,0.08459011273150582,11163.624082496255,5,footbridge
330752.08913649025,1.1117336591178648,0.8833809408650232,5,0.9999980536387209,131.25041451055384,0.05729257976743132,0.0,0.16428075192125605,0.0834241329173148,11167.162681748454,0.16428075192125605,0.0834241329173148,306.2389838588724,0.16428075192125605,0.0834241329173148,11167.162681748454,5,footbridge
332924.791086351,0.890006033859564,0.8862759889387543,4,0.9999981329897522,131.6807991663203,0.05691868240951134,0.0,0.16307624170107982,0.08230015632637862,11170.375784827296,0.16307624170107982,0.08230015632637862,306.28231438536375,0.16307624170107982,0.08230015632637862,11170.375784827296,5,footbridge
335097.4930362117,0.8928793227128511,0.8891616109882161,4,0.99999820642756,132.1097817308369,0.05654963359586621,-6.948146390003258e-14,0.16188840131694582,0.08121439055091473,11173.28457863115,0.16188840131694582,0.08121439055091473,306.3251769685673,0.16188840131694582,0.08121439055091473,11173.28457863115,5,footbridge
337270.1949860724,0.8957433949239522,0.8920378984891578,4,0.9999982745731014,132.5373758185137,0.056185339623263914,-1.7258465698657746e-14,0.16071666661873044,0.08016343338296808,11175.907044801808,0.16071666661873044,0.08016343338296808,306.3675705536233,0.16071666661873044,0.08016343338296808,11175.907044801808,5,footbridge
339442.89693593315,0.8985983386205516,0.8949049414472724,4,0.9999983379659788,132.96359482484866,0.0558257091874504,-5.1443993766456915e-14,0.15956049655207885,0.07914421682087713,11178.258307761804,0.15956049655207885,0.07914421682087713,306.4094947099637,0.15956049655207885,0.07914421682087713,11178.258307761804,5,footbridge
341615.5988857939,0.9014442405347893,0.8977628284310613,4,0.9999983970770553,133.38845193132386,0.055470653307082646,-5.1116805939175147e-14,0.15841937224464997,0.07815396021812292,11180.35090588265,0.15841937224464997,0.07815396021812292,306.4509495433041,0.15841937224464997,0.07815396021812292,11180.35090588265,5,footbridge
343788.3008356546,0.9042811860340075,0.900611646603758,4,0.99999845231884,133.81196011016235,0.05512008525024141,0.0,0.1572927953464117,0.07719013014994036,11182.195007519256,0.1572927953464117,0.07719013014994036,306.4919356373783,0.1572927953464117,0.07719013014994036,11182.195007519256,5,footbridge
345961.00278551533,0.9071092591506269,0.9034514817543471,4,0.9999985040540698,134.23413212894943,0.05477392046362887,-1.6824919700430594e-14,0.15618028794414443,0.07625040686976109,11183.79856472926,0.15618028794414443,0.07625040686976109,306.5324539729199,0.15618028794414443,0.07625040686976109,11183.79856472926,5,footbridge
348133.70473537606,0.9099285426111916,0.906282418327708,4,0.9999985526028442,134.65498055512404,0.05443207650490243,-1.6719915400811968e-14,0.15508139004715077,0.07533265403624373,11185.16743638557,0.15508139004715077,0.07533265403624373,306.5725058491649,0.15508139004715077,0.07533265403624373,11185.16743638557,5,footbridge
350306.4066852367,0.9127391178646038,0.9091045394539132,4,0.9999985982485863,135.07451776034372,0.054094472976961724,-8.30810681772217e-14,0.15399565991373998,0.07443489405732329,11186.30544962455,0.15399565991373998,0.07443489405732329,306.6120928040825,0.15399565991373998,0.07443489405732329,11186.30544962455,5,footbridge
352479.1086350975,0.9155410651095793,0.9119179269767126,4,0.999998641243045,135.4927559247283,0.053761031465029196,-1.651379031763458e-14,0.1529226725817349,0.07355528538038701,11187.214432305323,0.1529226725817349,0.07355528538038701,306.6512165486787,0.1529226725817349,0.07355528538038701,11187.214432305323,5,footbridge
354651.8105849582,0.9183344633213494,0.914722661481226,4,0.9999986818105084,135.90970704098575,0.053431675475813824,1.6412621950938425e-14,0.1518620185124087,0.07269210252219328,11187.894206119397,0.1518620185124087,0.07269210252219328,306.6898788973749,0.1518620185124087,0.07269210252219328,11187.894206119397,5,footbridge
356824.51253481896,0.9211193902776332,0.9175188223208781,4,0.9999987201513834,136.32538291842482,0.05310633037925609,-4.8938056833570954e-14,0.15081330397358214,0.07184371940273018,11188.342523286781,0.15081330397358214,0.07184371940273018,306.7280816924961,0.15081330397358214,0.07184371940273018,11188.342523286781,5,footbridge
358997.2144846796,0.923895922583906,0.9203064876435916,4,0.999998756445221,136.7397951868575,0.052784923351837335,-1.621395892918591e-14,0.14977614938658906,0.07100859287626132,11188.554976903,0.14977614938658906,0.07100859287626132,306.7658267410646,0.14977614938658906,0.07100859287626132,11188.554976903,5,footbridge
361169.9164345404,0.9266641356979857,0.9230857344172736,4,0.9999987908533163,137.1529553003956,0.05246738332241859,-1.611642007398951e-14,0.1487501885609681,0.07018524862123418,11188.524852901899,0.1487501885609681,0.07018524862123418,306.8031157587999,0.1487501885609681,0.07018524862123418,11188.524852901899,5,footbridge
363342.6183844011,0.9294241039539607,0.92585663845461,4,0.9999988235209232,137.56487454114472,0.05215364091984664,-3.204009547368108e-14,0.14773506859675853,0.06937226833620737,11188.242924410626,0.14773506859675853,0.06937226833620737,306.8399502888176,0.14773506859675853,0.06937226833620737,11188.242924410626,5,footbridge
365515.32033426187,0.93217590058548,0.9286192744371957,4,0.9999988545791652,137.97556402279886,0.051843628422380696,-4.777446334690169e-14,0.14673044870611784,0.06856827716479322,11187.697189164748,0.14673044870611784,0.06856827716479322,306.87633162977426,0.14673044870611784,0.06856827716479322,11187.697189164748,5,footbridge
367688.02228412253,0.9349195977484259,0.9313737159390191,4,0.9999988841466756,138.385034694139,0.051537279708975724,-1.5830719899950608e-14,0.14573600033260226,0.06777193287627756,11186.87251897674,0.14573600033260226,0.06777193287627756,306.9122607707684,0.14573600033260226,0.06777193287627756,11186.87251897674,5,footbridge
369860.7242339833,0.9376552665429906,0.9341200354493259,4,0.9999989123310308,138.79329734243882,0.05123453021225113,-4.721317276984816e-14,0.14475140576155796,0.06698191454170539,11185.750226811795,0.14475140576155796,0.06698191454170539,306.9477383125148,0.14475140576155796,0.06698191454170539,11185.750226811795,5,footbridge
372033.426183844,0.9403829770351729,0.9368583043948764,4,0.9999989392299795,139.20036259678062,0.05093531687318588,-6.25832592630572e-14,0.14377635771876845,0.06619691244808411,11184.307510694973,0.14377635771876845,0.06619691244808411,306.9827643570816,0.14377635771876845,0.06619691244808411,11184.307510694973,5,footbridge
374206.12813370477,0.9431027982777184,0.939588593161622,4,0.9999989649325222,139.60624093128428,0.050639578097236154,-7.77748632869391e-14,0.14281055984084623,0.06541561885716222,11182.516746218582,0.14281055984084623,0.06541561885716222,307.01733842887216,0.14281055984084623,0.06541561885716222,11182.516746218582,5,footbridge
376378.83008356544,0.9458147983305137,0.9423109711158144,4,0.9999989895198512,140.01094266825135,0.05034725371212778,-3.0930358596706334e-14,0.14185372445900676,0.06463671782661151,11180.34461089498,0.14185372445900676,0.06463671782661151,307.05145934339714,0.14185372445900676,0.06463671782661151,11180.34461089498,5,footbridge
378551.5320334262,0.9485190442804606,0.9450255066245685,4,0.9999990130661691,140.41447798122866,0.05005828492704043,-6.150566671945488e-14,0.14090557397648673,0.06385887761365514,11177.750945944363,0.14090557397648673,0.06385887761365514,307.0851250793515,0.14090557397648673,0.06385887761365514,11177.750945944363,5,footbridge
380724.2339832869,0.9512156022608367,0.9477322670758949,4,0.99999903563942,140.81685689799187,0.04977261429311315,-4.586600146605531e-14,0.13996583946594993,0.06308074254859027,11174.687325593684,0.13996583946594993,0.06308074254859027,307.1183326120249,0.13996583946594993,0.06308074254859027,11174.687325593684,5,footbridge
382896.9359331476,0.9539045374701675,0.9504313188982193,4,0.9999990573019167,141.21808930345327,0.049490185665537575,-4.560574043634832e-14,0.1390342603663599,0.06230092678518549,11171.09520941678,0.1390342603663599,0.06230092678518549,307.15107772169273,0.1390342603663599,0.06230092678518549,11171.09520941678,5,footbridge
385069.63788300834,0.9565859141906189,0.9531227275794034,4,0.9999990781109055,141.61818494249488,0.049210944166541565,-4.534841638006684e-14,0.13811058389002934,0.06151801034862038,11166.90354890996,0.13811058389002934,0.06151801034862038,307.18335475760927,0.13811058389002934,0.06151801034862038,11166.90354890996,5,footbridge
387242.33983286907,0.9592597958059277,0.9558065576852853,4,0.9999990981190636,142.0171534227301,0.04893483615006981,-4.5093979861749675e-14,0.13719456511464648,0.06073053921359478,11162.025648964018,0.13719456511464648,0.06073053921359478,307.2151563578028,0.13719456511464648,0.06073053921359478,11162.025648964018,5,footbridge
389415.0417827298,0.9619262448188833,0.9584828728777515,4,0.9999991173749336,142.41500421719562,0.048661809167273216,-1.494746084973877e-14,0.1362859669705035,0.059937031335220665,11156.355017485033,0.1362859669705035,0.059937031335220665,307.24647308130545,0.1362859669705035,0.059937031335220665,11156.355017485033,5,footbridge
391587.7437325905,0.9645853228683743,0.9611517359323558,4,0.9999991359233176,142.81174666697564,0.04839181193331053,-5.945810291061261e-14,0.13538455867662041,0.05913599164622843,11149.759812973078,0.13538455867662041,0.05913599164622843,307.2772929707796,0.13538455867662041,0.05913599164622843,11149.759812973078,5,footbridge
393760.44568245125,0.9672370907460146,0.9638132087555005,4,0.9999991538056269,143.20738998376098,0.048124794295278835,-4.434751754655093e-14,0.1344901161270286,0.05832594383638539,11142.075288002843,0.1344901161270286,0.05832594383638539,307.3076009830187,0.1344901161270286,0.05832594383638539,11142.075288002843,5,footbridge
395933.147632312,0.9698816084123576,0.9664673524011907,4,0.9999991710601874,143.60194325234454,0.04786070720124381,-5.880554458402927e-14,0.13360242271515352,0.05750548818921978,11133.09335978615,0.13360242271515352,0.05750548818921978,307.33737825522616,0.13360242271515352,0.05750548818921978,11133.09335978615,5,footbridge
398105.8495821727,0.9725189350127172,0.969114227087375,4,0.9999990504580436,143.99541543305523,0.04759950266990418,-4.386345564218052e-14,0.13272126681686547,0.05667339918736603,11122.548006253473,0.13272126681686547,0.05667339918736603,307.3666011751806,0.13272126681686547,0.05667339918736603,11122.548006253473,5,footbridge
400278.5515320334,0.9751491288926005,0.9717538922118878,4,0.999998891290329,144.38781536413222,0.04734113376186928,-1.454178863461016e-14,0.13184644304905804,0.05582879510063146,11110.094338899977,0.13184644304905804,0.05582879510063146,307.39524012608376,0.13184644304905804,0.05582879510063146,11110.094338899977,5,footbridge
402451.25348189415,0.9777722476127687,0.9743864063680007,4,0.9999987009131291,144.77915176404136,0.04708555455136085,-7.231641150309662e-14,0.13097775200657752,0.054971422741374135,11095.278043074395,0.13097775200657752,0.054971422741374135,307.4232578302141,0.13097775200657752,0.054971422741374135,11095.278043074395,5,footbridge
404623.9554317549,0.9803883479639349,0.9770118273595972,4,0.9999984715029757,145.1694332337352,0.046832720098999144,-7.192809537358805e-14,0.1301149993650657,0.05410214090767404,11077.489630315213,0.1301149993650657,0.05410214090767404,307.45060710699363,0.1301149993650657,0.05410214090767404,11077.489630315213,5,footbridge
406796.6573816156,0.9829974859811095,0.9796302122159835,4,0.9999981927235635,145.55866825885872,0.04658258642550408,-7.154392723888934e-14,0.12925799596365772,0.053223751316313,11055.894041356927,0.12925799596365772,0.053223751316313,307.4772277445412,0.12925799596365772,0.053223751316313,11055.894041356927,5,footbridge
408969.3593314763,0.9855997169576042,0.9822416172063398,4,0.9999978507148315,145.9468652119019,0.046335110486177736,-5.693107279099523e-14,0.12840655794374012,0.052342452768364946,11029.318866426165,0.12840655794374012,0.052342452768364946,307.50304211060825,0.12840655794374012,0.052342452768364946,11029.318866426165,5,footbridge
411142.06128133705,0.9881950954587042,0.9848460978538318,4,0.9999974265823411,146.3340323543011,0.04609025014623845,-2.8315108764139295e-14,0.12756050554452802,0.051470448625052054,10996.070320435198,0.12756050554452802,0.051470448625052054,307.527948783469,0.12756050554452802,0.051470448625052054,10996.070320435198,5,footbridge
413314.7632311978,0.9907836753350175,0.9874437089493822,4,0.9999967762428598,146.7201778384903,0.04584796415676382,-5.633252532129613e-14,0.12671966404394622,0.05063078041166737,10953.617140664486,0.12671966404394622,0.05063078041166737,307.55181305849385,0.12671966404394622,0.05063078041166737,10953.617140664486,5,footbridge
415487.4651810585,0.9933655097355119,0.9900345045651213,4,0.9999955972410853,147.10530970990408,0.0456082121318089,-1.400948663712443e-14,0.12588386335940174,0.04986665281677657,10898.019939557911,0.12588386335940174,0.04986665281677657,307.5744522515573,0.12588386335940174,0.04986665281677657,10898.019939557911,5,footbridge
417660.16713091923,0.995940651120247,0.9926185380675189,4,0.9999937681488226,147.48943590893342,0.045370954525681045,-2.787321631043724e-14,0.12505293670917492,0.049260355081672015,10822.838093480124,0.12505293670917492,0.049260355081672015,307.5956118938933,0.12505293670917492,0.049260355081672015,10822.838093480124,5,footbridge
419832.86908077996,0.9985091512728109,0.9951958621302097,4,0.9999907465456014,147.8725642728358,0.045136152611336355,-5.545793595524097e-14,0.12422672203971906,0.04897412267316369,10716.881491134856,0.12422672203971906,0.04897412267316369,307.6149247465494,0.12422672203971906,0.04897412267316369,10716.881491134856,5,footbridge
422005.5710306407,1.0010710613124711,0.9977665287465223,4,0.9999853173287745,148.25470253760093,0.04490376845927799,-1.3793102487085675e-14,0.12340506113422077,0.04934535521449131,10559.17559029914,0.12340506113422077,0.04934535521449131,307.6318344112282,0.12340506113422077,0.04934535521449131,10559.17559029914,5,footbridge
424178.2729805014,1.0003305892417156,1.0003305892417156,1,0.9999743631020441,148.63585833977316,0.04467376491714411,-2.7444904475879693e-14,0.12258779889153149,0.051129233924636065,10306.517127870437,0.12258779889153149,0.051129233924636065,307.6454371601511,0.12258779889153149,0.051129233924636065,10306.517127870437,5,footbridge
426350.97493036214,1.002888094284936,1.002888094284936,1,0.9999483611889649,149.01603921823212,0.044446105589838074,-5.4610088247575586e-14,0.12177478458265154,0.05617244221720321,9859.622303006938,0.12177478458265154,0.05617244221720321,307.65411279342595,0.12177478458265154,5.555797770446244,-510897.8378407577,5,footbridge
428523.67688022286,0.9974607520180653,1.0054390939009006,5,0.999872063831893,149.39525261593246,0.0442207548204804,0.0,0.12096587011723062,0.06925881823362635,8971.20158929172,0.12096587011723062,0.06925881823362635,317.0626181199648,0.12096587011723062,5.534265920950414,-514512.5555080224,5,footbridge
430696.3788300836,0.9999586393162658,1.0079836374813123,5,0.99960922344461,149.77350588160394,0.043997677671599435,-1.3514778339111886e-14,0.12016091113349946,0.10061807796708572,7117.7290992975095,0.12016091113349946,0.10061807796708572,317.11573775793966,0.12016091113349946,5.511335980886535,-518102.5302202963,5,footbridge
432869.0807799443,1.0024503024439821,1.010521773796018,5,0.999855623319207,150.15080627141313,0.04377683990723806,0.0,0.11935976629409654,-0.056568741915057605,14266.974157086226,0.11935976629409654,0.15723553874216165,317.11919909587203,0.11935976629409654,5.48619482620736,-521654.9162005287,5,footbridge
435041.782729805,1.004935787698311,1.0130535510039158,5,0.9999376666333938,150.5271609505873,0.043558207975315635,0.0,0.11856229726926899,-0.05221963177768831,13439.245960865745,0.11856229726926899,0.22877540249587813,307.6588473579407,0.11856229726926899,5.45745885053186,-525147.7868229358,5,footbridge
437214.4846796657,0.9945254914845346,1.0155790166636156,3,0.9999033192522637,150.90257699500228,0.04334174899071551,-1.3313296551946229e-14,0.11776836818367555,-0.06403631071688991,13094.867625635841,0.11776836818367555,0.30158004609561445,307.60677045505815,0.11776836818367555,5.422748999758166,-528543.3040223399,5,footbridge
439387.18662952643,0.996983958002869,1.0180982177438627,3,0.9998223280070241,151.2770613927345,0.043127430718794886,-5.2989857405692405e-14,0.1169778470550645,-0.09122548507959555,13013.469895865028,0.1169778470550645,-0.09122548507959555,293.9550662570271,0.1169778470550645,5.37821881038654,-531779.9559876896,5,footbridge
441559.88857938716,0.9994363770733872,1.0206112006337296,3,0.9996528307343847,151.65062104557882,0.04291522155931558,-1.3182280007528893e-14,0.11619060307757961,-0.13723272797805355,13128.587030279137,0.11619060307757961,-0.13723272797805355,293.7321846801616,0.11619060307757961,5.318985671331541,-534778.764737678,5,footbridge
443732.5905292479,1.0018827931051064,1.0231180111525824,3,0.9997409723431901,152.02326277053234,0.04270509053095176,-3.9353202011176646e-14,0.1154065090982891,0.1863866819966209,11148.117163415593,0.1154065090982891,-0.20453217128279125,293.4581817570446,0.1154065090982891,5.242054675209997,-537489.0426039668,5,footbridge
445905.2924791086,1.0043232499661654,1.0256186945598296,3,0.9998571127074154,152.3949933012463,0.04249700725623767,-6.526908504477387e-14,0.11462544004049893,0.1495436341952967,11281.093241139119,0.11462544004049893,0.1495436341952967,293.13907452030287,0.11462544004049893,5.149378927784709,-539937.6694423842,5,footbridge
448077.99442896934,1.0067577909930034,1.0281132955644539,3,0.9999139891293495,152.7658192894454,0.042290941946901195,-5.1962079492564464e-14,0.11384727333863694,0.1257542701046505,11358.293111583562,0.11384727333863694,0.1257542701046505,308.3530399577349,0.11384727333863694,5.045990292696178,-542201.2072848435,5,footbridge
450250.69637883006,1.0091864589993385,1.0306018583343401,3,0.9999437238167993,153.13574730631666,0.042086865389660943,0.0,0.11307188823495797,0.11004482353270229,11401.965190164745,0.11307188823495797,0.11004482353270229,308.3196710751337,0.11307188823495797,4.93639606329833,-544349.3712537554,5,footbridge
452423.3983286908,1.0116092962849514,1.0330844265053987,3,0.9999605700578656,153.50478384386804,0.04188474893227814,-3.8597248370769855e-14,0.11229916643738239,0.09920772327289769,11426.730640299098,0.11229916643738239,0.09920772327289769,308.30408196967915,0.11229916643738239,4.823493762148995,-546427.3599663142,5,footbridge
454596.1002785515,1.0140263446442828,1.0355610431904927,3,0.9999708486604229,153.8729353162577,0.041684564470482265,-1.2804258742607108e-14,0.11152899182478353,0.09138022620494185,11440.861814882048,0.11152899182478353,0.09138022620494185,308.29948318027596,0.11152899182478353,4.708964380707421,-548461.5931620764,5,footbridge
456768.80222841224,1.016437645374844,1.038031750988174,3,0.9999775237924595,154.24020806109476,0.04148628443458169,-2.5486706022606173e-14,0.11076125012816507,0.08548733702208018,11448.906760467884,0.11076125012816507,0.08548733702208018,308.3019358429615,0.11076125012816507,4.593776055879544,-550467.4263653541,5,footbridge
458941.50417827297,1.0188432392854498,1.040496591991232,3,0.9999820862377942,154.6066083407122,0.04128988177703809,-6.341511977401917e-14,0.10999582909436478,0.08089026205011852,11453.401514383146,0.10999582909436478,0.08089026205011852,308.3090848577296,0.10999582909436478,4.4785011345670505,-552454.0522055788,5,footbridge
461114.2061281337,1.0212431667042772,1.042955607795059,3,0.9999853379223222,154.97214234341268,0.04109532996002601,-3.786979026447046e-14,0.10923261781257525,0.0771943516170485,11455.798606537282,0.10923261781257525,0.0771943516170485,308.3194657129959,0.10923261781257525,4.3634896278153485,-554427.1929321818,5,footbridge
463286.9080779944,1.023637467486752,1.0454088395058434,3,0.9999877367285259,155.33681618468796,0.04090260294364409,-1.256406341265921e-14,0.10847150803021235,0.07414610353236065,11456.953689437176,0.10847150803021235,0.07414610353236065,308.33213157156337,0.10847150803021235,4.2489624958030525,-556390.5520041251,5,footbridge
465459.61002785515,1.0260261810232734,1.0478563277485837,3,0.9999895579067303,155.70063590841278,0.040711675174031216,-5.002166431582238e-14,0.10771239208061602,0.07157674176757355,11457.383708885458,0.10771239208061602,0.07157674176757355,308.34644817714127,0.10771239208061602,4.135062928880359,-558346.6134011545,5,footbridge
467632.3119777159,1.0284093462467727,1.0502981126749396,3,0.9999909743841847,156.06360748801336,0.04052252157242391,-2.489462743380367e-14,0.10695516478926255,0.06937025480418785,11457.407567236152,0.10695516478926255,0.06937025480418785,308.361977111594,0.10695516478926255,4.021885519698288,-560297.0968819277,5,footbridge
469805.0139275766,1.0307870016401184,1.052734233970917,3,0.9999920989974019,156.42573682761184,0.04033511752388549,-3.7169246296575594e-14,0.10619972201379177,0.06744462326009124,11457.225173723804,0.10619972201379177,0.06744462326009124,308.378406926673,0.10619972201379177,3.9094934670364268,-562243.2267542996,5,footbridge
471977.7158774373,1.0331591852433664,1.0551647308643928,3,0.9999930078193376,156.78702976314673,0.040149438866753456,-7.3996282818466e-14,0.10544596130075651,0.06574040653114113,11456.963186787512,0.10544596130075651,0.06574040653114113,308.3955110151625,0.10544596130075651,0.06574040653114113,11456.963186787512,5,footbridge
474150.41782729805,1.0355259346608603,1.057589642132486,3,0.9999937536139188,157.14749206347022,0.039965461882180676,-2.4552403087692164e-14,0.10469378145826248,0.06421357638316745,11456.702236070503,0.10469378145826248,0.06421357638316745,308.41312105418757,0.10469378145826248,0.06421357638316745,11456.702236070503,5,footbridge
476323.1197771588,1.0378872870681861,1.0600090061087748,3,0.9999943738975174,157.50712943142295,0.039783163284109385,-6.110102417524795e-14,0.10394308260825272,0.06283088441804935,11456.493523338599,0.10394308260825272,0.06283088441804935,308.4311097154088,0.10394308260825272,0.06283088441804935,11456.493523338599,5,footbridge
478495.8217270195,1.0402432792189866,1.0624228606903683,3,0.9999948959341296,157.86594750488655,0.0396025202094697,-3.64941499614649e-14,0.10319376646623434,0.06156678762446131,11456.369170490094,0.10319376646623434,0.06156678762446131,308.4493791455581,0.10319376646623434,0.06156678762446131,11456.369170490094,5,footbridge
480668.5236768802,1.0425939474516346,1.0648312433448313,3,0.999995339924147,158.22395185781505,0.039423510208547084,-2.421946020854752e-14,0.1024457353978807,0.06040135852948241,11456.34880317938,0.1024457353978807,0.06040135852948241,308.46785309811605,0.1024457353978807,0.06040135852948241,11456.34880317938,5,footbridge
482841.22562674095,1.0449393276957728,1.0672341911169694,3,0.9999957210946392,158.58114800124497,0.03924611123560987,-3.6165715243916234e-14,0.10169889325136808,0.059318834668166724,11456.44379738986,0.10169889325136808,0.059318834668166724,308.4864714210702,0.10169889325136808,0.059318834668166724,11456.44379738986,5,footbridge
485013.9275766017,1.0472794554787204,1.0696317406354794,3,0.9999960511024394,158.9375413842851,0.039070301640148776,-7.20074096069428e-14,0.10095314522461978,0.05830659185349006,11456.660063377736,0.10095314522461978,0.05830659185349006,308.5051861553801,0.10095314522461978,0.05830659185349006,11456.660063377736,5,footbridge
487186.6295264624,0.95345317413911,1.0720239281194606,2,0.9999963389962404,159.29313739508652,0.038896060157705574,-4.779085252815277e-14,0.10020839728714337,0.05735440397721162,11456.999900220495,0.10020839728714337,0.05735440397721162,308.5239587109369,0.10020839728714337,0.05735440397721162,11456.999900220495,5,footbridge
489359.33147632313,0.9555735670832254,1.0744107893848012,2,0.9999965918891234,159.64794136179302,0.03872336590155279,-5.94733329574647e-14,0.09946455598686095,0.05645390140736046,11457.463235864288,0.09946455598686095,0.05645390140736046,308.5427577590845,0.09946455598686095,0.05645390140736046,11457.463235864288,5,footbridge
491532.03342618386,0.9576892653362963,1.0767923598504332,2,0.9999968154369381,160.00195855347232,0.038552198354203246,-3.5526267031511047e-14,0.09872152953397377,0.0555981695230875,11458.04845212532,0.09872152953397377,0.0555981695230875,308.56155769956894,0.09872152953397377,0.0555981695230875,11458.04845212532,5,footbridge
493704.7353760446,0.9598002999439988,1.0791686745444653,2,0.9999970141840391,160.35519418102945,0.03838253735943853,-3.536992259298375e-14,0.09797922680396239,0.05478144555062037,11458.752958999135,0.09797922680396239,0.05478144555062037,308.58033748128753,0.09797922680396239,0.05478144555062037,11458.752958999135,5,footbridge
495877.4373259053,0.961906701611339,1.0815397681101935,2,0.9999971918167918,160.70765339810123,0.038214363114159676,-2.3476632140135714e-14,0.09723755720074558,0.05399888786556501,11459.57358110789,0.09723755720074558,0.05399888786556501,308.5990796918953,0.09723755720074558,0.05399888786556501,11459.57358110789,5,footbridge
498050.13927576604,0.9640085007078626,1.083905674811994,2,0.9999973513519695,161.05934130193384,0.03804765616095372,-8.180976055679172e-14,0.09649643131666023,0.053246398755799965,11460.506812408275,0.09649643131666023,0.053246398755799965,308.61776987222754,0.09649643131666023,0.053246398755799965,11460.506812408275,5,footbridge
500222.84122562676,0.966105727272764,1.0862664285411001,2,0.9999974952784639,161.41026293424278,0.03788239738045832,-5.818173033727252e-14,0.09575576029780353,0.05252048574114667,11461.548997499036,0.09575576029780353,0.05252048574114667,308.6363959632514,0.09575576029780353,0.05252048574114667,11461.548997499036,5,footbridge
502395.54317548743,0.9681984110198962,1.0886220628212668,2,0.9999976256651051,161.76042328205614,0.03771856798393605,-3.475806764460213e-14,0.09501545583154897,0.051818152858677115,11462.696449696421,0.09501545583154897,0.051818152858677115,308.654947886588,0.09501545583154897,0.051818152858677115,11462.696449696421,5,footbridge
504568.24512534816,0.9702865813426811,1.0909726108143245,2,0.9999977442435551,162.10982727854147,0.037556149506363615,1.1536132421295573e-14,0.09427543063012714,0.05113681476858952,11463.94552183933,0.09427543063012714,0.05113681476858952,308.67341719724413,0.09427543063012714,0.05113681476858952,11463.94552183933,5,footbridge
506740.9470752089,0.9723702673189275,1.0933181053256258,2,0.999997852472656,162.45847980381674,0.03739512379938872,-4.594668044840545e-14,0.0935355975935722,0.050474227357915465,11465.292662096603,0.0935355975935722,0.050474227357915465,308.6917968027219,0.0935355975935722,0.050474227357915465,11465.292662096603,5,footbridge
508913.6490250696,0.9744494977155552,1.0956585788093889,2,0.9999979515888425,162.80638568574548,0.03723547302454732,-3.4312890423538263e-14,0.09279587081440907,0.04982843253247245,11466.734435553195,0.09279587081440907,0.04982843253247245,308.7100807491689,0.09279587081440907,0.04982843253247245,11466.734435553195,5,footbridge
511086.35097493033,0.9765243009932284,1.097994063373934,2,0.9999980426459649,163.15354970071684,0.037077179646745125,-3.416702136679987e-14,0.09205616414816674,0.04919771256837519,11468.267549206714,0.09205616414816674,0.04919771256837519,308.72826404201385,0.09205616414816674,0.04919771256837519,11468.267549206714,5,footbridge
513259.05292479106,0.9785947053109008,1.1003245907868258,2,0.9999981265469982,163.49997657441077,0.03692022642776846,-7.938557032212287e-14,0.09131639247562383,0.04858055379113077,11469.888846531749,0.09131639247562383,0.04858055379113077,308.74634248938656,0.09131639247562383,0.04858055379113077,11469.888846531749,5,footbridge
515431.7548746518,0.9806607385302749,1.1026501924799128,2,0.9999982040694761,163.84567098254823,0.036764596420128706,-4.517196339804323e-14,0.09057647087790685,0.047975615785176146,11471.595314258871,0.09057647087790685,0.047975615785176146,308.7643125842675,0.09057647087790685,0.047975615785176146,11471.595314258871,5,footbridge
517604.4568245125,0.9827224282201763,1.1049708995542742,2,0.9999982758860415,164.19063755162787,0.03661027296084811,-3.3736761814554085e-14,0.08983631498256284,0.04738170651162741,11473.384072589903,0.08983631498256284,0.04738170651162741,308.7821714067734,0.08983631498256284,0.04738170651162741,11473.384072589903,5,footbridge
519777.15877437324,0.9847798016608459,1.1072867427850723,2,0.9999983425811451,164.53488085964813,0.03645723966550218,-3.3595739980602573e-14,0.08909584046496716,0.04679776111223632,11475.252370803048,0.08909584046496716,0.04679776111223632,308.79991653028014,0.08909584046496716,0.04679776111223632,11475.252370803048,5,footbridge
521949.86072423396,0.9868328858481513,1.1095977526263148,2,0.9999984046647101,164.87840543681634,0.03630548042257822,-4.460785626627132e-14,0.0883549639255006,0.0462228249250506,11477.197567700741,0.0883549639255006,0.0462228249250506,308.81754595915834,0.0883549639255006,0.0462228249250506,11477.197567700741,5,footbridge
524122.5626740947,0.9888817074977198,1.1119039592155258,2,0.9999984625833779,165.22121576624406,0.03615497938766319,-3.3317203871069516e-14,0.08761360160645536,0.045656037990343776,11479.217132457568,0.08761360160645536,0.045656037990343776,308.8350580619196,0.08761360160645536,0.045656037990343776,11479.217132457568,5,footbridge
526295.2646239554,0.9909262930489942,1.1142053923783328,2,0.9999985167298019,165.56331628462974,0.03600572097799675,-2.211977375667916e-14,0.0868716703247408,0.04509662321454275,11481.30862109774,0.0868716703247408,0.04509662321454275,308.8524515272278,0.0868716703247408,0.04509662321454275,11481.30862109774,5,footbridge
528467.9665738161,0.9929666686692139,1.1165020816329665,2,0.9999985674503897,165.90471138292887,0.03585768986705949,-6.608649673603668e-14,0.08612908720317107,0.04454387558028376,11483.469666041208,0.08612908720317107,0.04454387558028376,308.86972531387835,0.08612908720317107,0.04454387558028376,11483.469666041208,5,footbridge
530640.6685236769,0.995002860257322,1.1187940561946783,2,0.999998615051759,166.2454054070112,0.03571087097941483,-4.38772709038001e-14,0.08538576924435187,0.0439971529159019,11485.697966128597,0.08538576924435187,0.0439971529159019,308.8868786179935,0.08538576924435187,0.0439971529159019,11485.697966128597,5,footbridge
532813.3704735376,0.9970348934478008,1.121081344980075,2,0.9999986598061703,166.5854026583064,0.035565249485480475,-4.3698348531858637e-14,0.08464163395078572,0.04345586850976296,11487.991265698756,0.08464163395078572,0.04345586850976296,308.903910843192,0.08464163395078572,0.04345586850976296,11487.991265698756,5,footbridge
534986.0724233983,0.9990627936144368,1.1233639766113772,2,0.9999987019560997,166.92470739443775,0.03542081079651425,-4.3520879450036033e-14,0.08389659842904919,0.04291948401619588,11490.347348223982,0.08389659842904919,0.04291948401619588,308.9208215687661,0.08389659842904919,0.04291948401619588,11490.347348223982,5,footbridge
537158.774373259,1.0010865858740183,1.1256419794205972,2,0.9999987417181158,167.26332382984396,0.035277540559960095,-2.1672423011755652e-14,0.08315058037683024,0.0423875041210298,11492.764014031938,0.08315058037683024,0.0423875041210298,308.93761052533887,0.08315058037683024,0.0423875041210298,11492.764014031938,5,footbridge
539331.4763231198,1.0031062950899639,1.1279153814536413,2,0.9999987792861746,167.60125613639005,0.035135424654388514,-4.317023090163164e-14,0.08240349714868977,0.04185947115935342,11495.239072171516,0.08240349714868977,0.04185947115935342,308.95427758404503,0.08240349714868977,0.04185947115935342,11495.239072171516,5,footbridge
541504.1782729805,1.0051219458758867,1.1301842104743396,2,0.9999988148344353,167.93850844396707,0.03499444918507472,-6.449552551831728e-14,0.08165526629969863,0.04133496101114664,11497.77032093525,0.08165526629969863,0.04133496101114664,308.9708227245043,0.08165526629969863,0.04133496101114664,11497.77032093525,5,footbridge
543676.8802228412,1.0071335625990947,1.132448493968401,2,0.999998848519666,168.2750848410809,0.03485460047949014,-6.423778133395267e-14,0.08090580534644913,0.04081357918480935,11500.355534452297,0.08090580534644913,0.04081357918480935,308.9872460300337,0.08090580534644913,0.04081357918480935,11500.355534452297,5,footbridge
545849.582172702,1.0091411693840262,1.1347082591472986,2,0.9999988804833174,168.61098937543056,0.034715865082581676,-2.1327363000545826e-14,0.08015503183875584,0.040294957449500374,11502.99244653158,0.08015503183875584,0.040294957449500374,309.003547669579,0.08015503183875584,0.040294957449500374,11502.99244653158,5,footbridge
548022.2841225627,1.011144790115627,1.1369635329520846,2,0.9999989108533126,168.9462260544761,0.034578229752885555,-8.497123215588003e-14,0.07940286248217884,0.03977875054503628,11505.67874086149,0.07940286248217884,0.03977875054503628,309.0197278900478,0.07940286248217884,0.03977875054503628,11505.67874086149,5,footbridge
550194.9860724234,1.0131444484426644,1.1392143420571386,2,0.9999989397455888,169.28079884599646,0.03444168145799263,-2.1158920886932765e-14,0.07864921494374359,0.03926463436718614,11508.412018436042,0.07864921494374359,0.03926463436718614,309.0357869964657,0.07864921494374359,0.03926463436718614,11508.412018436042,5,footbridge
552367.6880222841,1.0151401677809848,1.1414607128738474,2,0.9999989672654427,169.6147116786374,0.03430620737056332,-2.1075693664079477e-14,0.07789400581153537,0.03875230268051524,11511.189797464378,0.07789400581153537,0.03875230268051524,309.051725350413,0.07789400581153537,0.03875230268051524,11511.189797464378,5,footbridge
554540.3899721449,1.0171319713167124,1.1437026715542222,2,0.9999989935086984,169.9479684424497,0.03417179486428926,-8.397247445422865e-14,0.07713715217392414,0.03824146578982306,11514.009479524608,0.07713715217392414,0.03824146578982306,309.0675433601003,0.07713715217392414,0.03824146578982306,11514.009479524608,5,footbridge
556713.0919220056,1.0191198820093919,1.1459402439944495,2,0.9999990185627273,170.28057298941786,0.034038431509970504,-2.091118809960452e-14,0.07637857021418949,0.03773184793942257,11516.86834238646,0.07637857021418949,0.03773184793942257,309.083241473225,0.07637857021418949,0.03773184793942257,11516.86834238646,5,footbridge
558885.7938718663,1.0211039225950767,1.1481734558383814,2,0.9999990425073426,170.6125291339796,0.033906105071663306,-2.0829894605198166e-14,0.07561817627629475,0.03722318621305276,11519.763507493486,0.07561817627629475,0.03722318621305276,309.09882016518264,0.07561817627629475,0.03722318621305276,11519.763507493486,5,footbridge
561058.495821727,1.0230841155893622,1.150402332480965,2,0.9999990654155823,170.9438406535363,0.03377480350302118,-4.14984614595071e-14,0.07485588636072317,0.036715228669511546,11522.691921484797,0.07485588636072317,0.036715228669511546,309.11427993832245,0.07485588636072317,0.036715228669511546,11522.691921484797,5,footbridge
563231.1977715878,1.025060483290368,1.152626899071611,2,0.999999087354398,171.27451128895447,0.03364451494355531,-4.133837837375826e-14,0.07409161579591086,0.03620773271602002,11525.650333553893,0.07409161579591086,0.03620773271602002,309.1296213127912,0.07409161579591086,0.03620773271602002,11525.650333553893,5,footbridge
565403.8997214485,1.0270330477816663,1.1548471805175051,2,0.9999991083852658,171.6045447450585,0.0335152277149812,-6.176928840654684e-14,0.0733252799490904,0.03570046424782457,11528.635259672945,0.0733252799490904,0.03570046424782457,309.1448448267694,0.0733252799490904,0.03570046424782457,11528.635259672945,5,footbridge
567576.6016713092,1.029001830935161,1.157063201486861,2,0.9999991285647222,171.9339446911149,0.033386930317936325,-4.102188902225127e-14,0.07255679338663013,0.03519319586327797,11531.642961056765,0.07255679338663013,0.03519319586327797,309.1599510195773,0.07255679338663013,0.03519319586327797,11531.642961056765,5,footbridge
569749.3036211699,1.030966854413918,1.1592749864121183,2,0.9999991479448408,172.2627147613085,0.03325961142850731,-8.173090942772974e-14,0.07178607050982588,0.03468570611005299,11534.669402655343,0.07178607050982588,0.03468570611005299,309.17494044535476,0.07178607050982588,0.03468570611005299,11534.669402655343,5,footbridge
571922.0055710307,1.032928139674946,1.161482559493086,2,0.9999991665736588,172.59085855521002,0.033133259894693776,-4.0710208977079285e-14,0.07101302513055895,0.03417777815795466,11537.710219641676,0.07101302513055895,0.03417777815795466,309.1898136507111,0.07101302513055895,0.03417777815795466,11537.710219641676,5,footbridge
574094.7075208913,1.0348857079719287,1.1636859447000307,2,0.99999918449555,172.91837963823593,0.03300786473352026,-4.0556138317195146e-14,0.07023757051779417,0.03366919863527896,11540.760675843878,0.07023757051779417,0.03366919863527896,309.2045711772885,0.07023757051779417,0.03366919863527896,11540.760675843878,5,footbridge
576267.4094707521,1.036839580357914,1.1658851657767142,2,0.9999992017515621,173.2452815421005,0.032883415127526607,-2.0201614721514693e-14,0.06945961913594131,0.033159756556099824,11543.815617710192,0.06945961913594131,0.033159756556099824,309.2192135617804,0.06945961913594131,0.033159756556099824,11543.815617710192,5,footbridge
578440.1114206128,1.0387897776879549,1.1680802462433777,2,0.9999992183797147,173.57156776526003,0.032759900421760114,2.0125734631546566e-14,0.06867908344146773,0.03264924259165061,11546.869415444879,0.06867908344146773,0.03264924259165061,309.2337413282192,0.06867908344146773,0.03264924259165061,11546.869415444879,5,footbridge
580612.8133704735,1.0407363206217057,1.170271209399677,2,0.999999234415275,173.89724177334966,0.032637310120835185,-4.010084488185531e-14,0.06789587485997402,0.03213744755971695,11549.915911612035,0.06789587485997402,0.03213744755971695,309.2481549803508,0.06789587485997402,0.03213744755971695,11549.915911612035,5,footbridge
582785.5153203342,1.0426792296259773,1.1724580783275689,2,0.9999992498909895,174.222306999613,0.03251563388579909,-1.997567179804493e-14,0.06710990403037614,0.03162416138994183,11552.948353115262,0.06710990403037614,0.03162416138994183,309.26245500993315,0.06710990403037614,0.03162416138994183,11552.948353115262,5,footbridge
584958.217270195,1.044618524977246,1.1746408758941471,2,0.9999992648373063,174.54676684532427,0.032394861531346214,-7.960590578260876e-14,0.06632108130095193,0.031109172317114922,11555.959308713136,0.06632108130095193,0.031109172317114922,309.2766418709422,0.06632108130095193,0.031109172317114922,11555.959308713136,5,footbridge
587130.9192200557,1.0465542267641235,1.176819624754432,2,0.9999992792825684,174.8706246802034,0.032274983022975164,-7.931132087649606e-14,0.06552931575817816,0.030592265127650595,11558.940593028261,0.06552931575817816,0.030592265127650595,309.2907159975136,0.06552931575817816,0.030592265127650595,11558.940593028261,5,footbridge
589303.6211699164,1.0484863548897847,1.178994347354115,2,0.9999992932531889,175.19388384282465,0.03215598847410998,1.9754727044748348e-14,0.06473451598306937,0.030073220331072886,11561.883158309862,0.06473451598306937,0.030073220331072886,309.30467778608937,0.06473451598306937,0.030073220331072886,11561.883158309862,5,footbridge
591476.3231197771,1.0504149290743554,1.181165065932255,2,0.9999993067738109,175.51654764101795,0.03203786814348161,-1.96821609380567e-14,0.0639365900571156,0.02955181279667278,11564.776980174158,0.0639365900571156,0.02955181279667278,309.3185275967272,0.0639365900571156,0.02955181279667278,11564.776980174158,5,footbridge
593649.0250696379,0.9501670256359872,1.1833318025239334,5,0.9999993198674488,175.83861935226378,0.03192061243235128,-3.922025200438213e-14,0.06313544472946281,0.029027809783559032,11567.610935644267,0.06313544472946281,0.029027809783559032,309.33226574180776,0.06313544472946281,0.029027809783559032,11567.610935644267,5,footbridge
595821.7270194986,0.951890459749901,1.1854945789628626,5,0.99999933255562,176.1601022240816,0.03180421188212662,-5.86158492789195e-14,0.06233098585704547,0.028500969527324158,11570.372645425032,0.06233098585704547,0.028500969527324158,309.3458924864734,0.06233098585704547,0.028500969527324158,11570.372645425032,5,footbridge
597994.4289693593,0.9536107791545865,1.1876534168839525,5,0.999999344858462,176.48099947441213,0.03168865717154316,-3.893525296801715e-14,0.06152311854063782,0.027971039375015824,11573.048297836262,0.06152311854063782,0.027971039375015824,309.3594080396034,0.06152311854063782,0.027971039375015824,11573.048297836262,5,footbridge
600167.13091922,0.9553280006766037,1.1898083377258375,5,0.9999993567948378,176.80131429199287,0.03157393911437253,-7.758860212729899e-14,0.06071174700375013,0.027437753674103175,11575.622442170317,0.06071174700375013,0.027437753674103175,309.3728125457224,0.06071174700375013,0.027437753674103175,11575.622442170317,5,footbridge
602339.8328690808,0.9570421409915535,1.1919593627333585,5,0.999999368382438,177.12104983672785,0.03146004865696774,-3.865436601541768e-14,0.059896774090462804,0.02690083103643958,11578.077754838425,0.059896774090462804,0.02690083103643958,309.38610608221495,0.059896774090462804,0.02690083103643958,11578.077754838425,5,footbridge
604512.5348189415,0.9587532166259657,1.1941065129600068,5,0.9999993796378621,177.44020924005136,0.031346976875784284,-7.703087371831094e-14,0.05907810200288606,0.026359971959529556,11580.394748203096,0.05907810200288606,0.026359971959529556,309.39928864591354,0.05907810200288606,0.026359971959529556,11580.394748203096,5,footbridge
606685.2367688022,0.960461243959159,1.1962498092703298,5,0.9999993905767063,177.7587956052858,0.03123471497512721,-5.756625418163857e-14,0.05825563155122642,0.025814855121598,11582.551444040926,0.05825563155122642,0.025814855121598,309.4123601471683,0.05825563155122642,0.025814855121598,11582.551444040926,5,footbridge
608857.938718663,0.96216623922507,1.1983892723422942,5,0.9999994012136335,178.0768120079938,0.031123254284850882,-5.736082972257699e-14,0.05742926242229046,0.025265133746807673,11584.522974556943,0.05742926242229046,0.025265133746807673,309.4253203956366,0.05742926242229046,0.025265133746807673,11584.522974556943,5,footbridge
611030.6406685237,0.9638682185140529,1.2005249226696155,5,0.9999994115624412,178.39426149632433,0.031012586258126845,-9.526144359926512e-14,0.05659889297368814,0.024710430952041125,11586.28111164575,0.05659889297368814,0.024710430952041125,309.43816909938766,0.05659889297368814,0.024710430952041125,11586.28111164575,5,footbridge
613203.3426183844,0.9655671977746518,1.2026567805640473,5,0.9999994216361243,178.71114709135387,0.030902702469240147,-3.796956530923013e-14,0.05576442084609895,0.024150334715879393,11587.793693427744,0.05576442084609895,0.024150334715879393,309.4509058426453,0.05576442084609895,0.024150334715879393,11587.793693427744,5,footbridge
615376.0445682451,0.9672631928153438,1.2047848661576357,5,0.999999431446932,179.02747178742177,0.030793594611526916,-3.783550655066957e-14,0.05492574184825981,0.023584390894147666,11589.023951492592,0.05492574184825981,0.023584390894147666,309.4635300706173,0.05492574184825981,0.023584390894147666,11589.023951492592,5,footbridge
617548.7465181059,0.9689562193062555,1.206909199404937,5,0.9999994187655035,179.3432385524603,0.03068525449518586,-3.770239110137086e-14,0.054082750683801445,0.02301209575455199,11589.929675637979,0.054082750683801445,0.02301209575455199,309.4760410907915,0.054082750683801445,0.02301209575455199,11589.929675637979,5,footbridge
619721.4484679666,0.9706462927808522,1.2090298000852002,5,0.9999993432462218,179.65845032831956,0.030577674045248488,-1.8785104519898236e-14,0.05323534075943838,0.02243288647958914,11590.462202907174,0.05323534075943838,0.02243288647958914,309.48843804332694,0.05323534075943838,0.02243288647958914,11590.462202907174,5,footbridge
621894.1504178273,0.9723334286376002,1.211146687804517,5,0.9999992568860055,179.97311003108726,0.030470845299591886,-3.743895058305975e-14,0.05238340369094775,0.021846129351215302,11590.565178239627,0.05238340369094775,0.021846129351215302,309.5007198947877,0.05238340369094775,0.021846129351215302,11590.565178239627,5,footbridge
624066.852367688,0.9740176421416044,1.2132598819979357,5,0.9999991577628797,180.28722055140352,0.030364760406992975,-3.730860608451134e-14,0.05152683004065315,0.02125110583647354,11590.173008181739,0.05152683004065315,0.02125110583647354,309.5128854246076,0.05152683004065315,0.02125110583647354,11590.173008181739,5,footbridge
626239.5543175488,0.9756989484262192,1.2153694019315437,5,0.9999990435268413,180.60078475477064,0.030259411625223314,-3.7179166031375855e-14,0.05066550864451975,0.020646994410387493,11589.208947776031,0.05066550864451975,0.020646994410387493,309.5249332140016,0.05066550864451975,0.020646994410387493,11589.208947776031,5,footbridge
628412.2562674095,0.9773773624946354,1.2174752667045157,5,0.99999891128272,180.91380548185808,0.0301547913190908,-3.7050621042437586e-14,0.049799326524214454,0.020032848268084286,11587.582686231452,0.049799326524214454,0.020032848268084286,309.5368616504419,0.049799326524214454,0.020032848268084286,11587.582686231452,5,footbridge
630584.9582172702,0.9790528992214408,1.219577495251132,5,0.9999987574344024,181.22628554880265,0.030050891958595654,0.0,0.04892816964744275,0.019407567320800023,11585.187275889777,0.04892816964744275,0.019407567320800023,309.5486689358878,0.04892816964744275,0.019407567320800023,11585.187275889777,5,footbridge
632757.6601671309,0.9807255733541611,1.2216761063427644,5,0.9999985774753265,181.53822774750427,0.02994770611717964,-5.519426906480402e-14,0.04805192166526067,0.01876986132762921,11581.895223492347,0.04805192166526067,0.01876986132762921,309.56035313027166,0.04805192166526067,0.01876986132762921,11581.895223492347,5,footbridge
634930.3621169917,0.9823953995147715,0.777066006860904,5,0.9999983657032009,181.8496348459169,0.029845226470047843,-5.5005396862160566e-14,0.04717046481137311,0.01811820368479352,11577.553401041327,0.04717046481137311,0.01811820368479352,309.5719122369295,0.04717046481137311,0.01811820368479352,11577.553401041327,5,footbridge
637103.0640668524,0.9840623922011892,0.7783940171192286,5,0.999998114826324,182.16050958833503,0.02974344579215943,-3.654520858330675e-14,0.04628367936730622,0.017450769691691286,11571.97641315541,0.04628367936730622,0.017450769691691286,309.5833443553527,0.04628367936730622,0.017450769691691286,11571.97641315541,5,footbridge
639275.7660167131,0.9857265657887417,0.7797197655281476,5,0.9999978154123498,182.4708546956759,0.029642356956787387,-1.8210501322818998e-14,0.045391443867397734,0.01676535575544722,11564.93779793335,0.045391443867397734,0.01676535575544722,309.5946479862552,0.045391443867397734,0.01676535575544722,11564.93779793335,5,footbridge
641448.4679665738,0.9873879345316134,0.781043263605499,5,0.9999974551040571,182.78067286575748,0.029541952933744595,-3.6297638123909673e-14,0.04449363479619117,0.016059270565190232,11556.15823133112,0.04449363479619117,0.016059270565190232,309.6058225573304,0.04449363479619117,0.016059270565190232,11556.15823133112,5,footbridge
643621.1699164344,0.9890465125642703,0.782364522771699,5,0.9999970174840417,183.0899667735718,0.029442226787772467,-7.23502129938018e-14,0.04359012684880266,0.015329187324611682,11545.289470736576,0.04359012684880266,0.015329187324611682,309.61686936670026,0.04359012684880266,0.015329187324611682,11545.289470736576,5,footbridge
645793.8718662952,0.9907023139028619,0.7836835543508923,5,0.99999648039931,183.3987390715547,0.029343171676944037,-9.013349839516391e-14,0.042680792293836346,0.01457093920718486,11531.892171169819,0.042680792293836346,0.01457093920718486,309.62779329095605,0.042680792293836346,0.01457093920718486,11531.892171169819,5,footbridge
647966.573816156,0.9923553524466042,0.7850003695720834,5,0.9999958134359688,183.70699238985105,0.029244780851081273,-7.186501682721967e-14,0.041765501586596865,0.013779232684037197,11515.404685952919,0.041765501586596865,0.013779232684037197,309.6386059090428,0.041765501586596865,0.013779232684037197,11515.404685952919,5,footbridge
650139.2757660167,0.9940056419791407,0.7863149795702528,5,0.9999949740225172,184.01472933657612,0.02914704765031151,-5.371863822091208e-14,0.040844122891407306,0.01294723630131063,11495.09839837239,0.040844122891407306,0.01294723630131063,309.6493313234971,0.040844122891407306,0.01294723630131063,11495.09839837239,5,footbridge
652311.9777158775,0.9956531961698828,0.7876273953874552,5,0.9999939012582392,184.3219524980732,0.029049965503385025,-3.569314248515637e-14,0.03991652206408156,0.012065980224758193,11470.012421831803,0.03991652206408156,0.012065980224758193,309.6600174283377,0.03991652206408156,7.196581644360931,-513139.2753250948,5,footbridge
654484.6796657381,0.9972980285753315,0.7889376279739014,5,0.9999925058504087,184.62866443916698,0.02895352792638196,-5.336197719084474e-14,0.03898256263867689,0.011123459098634658,11438.85599460627,0.03898256263867689,0.011123459098634658,309.6707584844455,0.03898256263867689,7.241048668903628,-518244.60881456226,5,footbridge
656657.3816155989,0.9989401526403782,0.790245688189025,5,0.9999906531658954,184.93486770341366,0.028857728521161134,-1.7728472272787645e-14,0.03804210568548151,0.010103258594812176,11399.859003787416,0.03804210568548151,0.010103258594812176,309.68174248819616,0.03804210568548151,7.284942336870202,-523343.43589482957,5,footbridge
658830.0835654596,1.0005795816995875,0.7915515868025312,5,0.999988133632619,185.24056481334665,0.02876256097405169,-3.534001398263961e-14,0.03709501027953687,0.008982397940419058,11350.53699556502,0.03709501027953687,0.008982397940419058,309.69335568079305,0.03709501027953687,7.32818412985196,-528433.7835082189,5,footbridge
661002.7855153204,1.00221632897846,0.7928553344954329,5,0.9999846089245527,185.5457582707195,0.028668019054288684,-1.761192605809928e-14,0.03614113189266699,0.007727845108422937,11287.311525159308,0.03614113189266699,0.007727845108422937,309.70642342023734,0.03614113189266699,7.370659711704217,-533512.8120377919,5,footbridge
663175.487465181,1.0038504075946775,0.7941569418610682,5,0.9999795096910045,185.85045055674428,0.028574096612830585,-3.510845139101949e-14,0.035180324407060704,0.006290738110276013,11204.879736189698,0.035180324407060704,0.006290738110276013,309.7227649799273,0.035180324407060704,7.4121983543688446,-538576.3160455299,5,footbridge
665348.1894150418,1.0054818305593294,0.7954564194061066,5,0.9999718318006579,186.15464413232732,0.02848078758093739,-5.249070652583471e-14,0.03421243833306161,0.004596569192074616,11095.142605203446,0.03421243833306161,0.004596569192074616,309.74623812250076,0.03421243833306161,7.452537996811917,-543617.8754055426,5,footbridge
667520.8913649025,1.0071106107781205,0.7967537775515364,5,0.999959710841606,186.45834143830092,0.028388085968863823,-3.487990363534435e-14,0.03323732150722835,0.002528326620558515,10945.360800611637,0.03323732150722835,0.002528326620558515,309.7829305802681,0.03323732150722835,7.491265229356913,-548627.3947583803,5,footbridge
669693.5933147633,0.9943285679312401,0.7980490266336416,4,0.9999394986522527,186.76154489565187,0.028295985864664773,-3.476674198142384e-14,0.0322548191137872,-0.0001018700063430506,10735.043198969193,0.0322548191137872,-0.0001018700063430506,309.8354880973676,0.0322548191137872,7.52771431630482,-553588.6392142365,5,footbridge
671866.295264624,0.9959329652448196,0.7993421769049611,4,0.9999037397356825,187.0642569057466,0.028204481432781446,1.7327156109398673e-14,0.03126477300275782,-0.0035955463177886494,10431.22788504669,0.03126477300275782,-0.0035955463177886494,316.1744434164167,0.03126477300275782,7.560814912823764,-558475.4968851061,5,footbridge
674038.9972144847,0.9975347821096199,0.800633238535237,4,0.999837027375434,187.36647985055316,0.02811356691289654,-8.635651817478634e-14,0.03026702211008418,-0.008409594616867076,9983.787635019255,0.03026702211008418,-0.008409594616867076,316.13506383690606,0.03026702211008418,7.588943536748554,-563248.2608386338,5,footbridge
676211.6991643454,0.999134030936608,0.8019222216123464,4,0.9997094909569523,187.6682160928598,0.028023236618811606,-5.164743022228077e-14,0.029261402142126,-0.015118720561186695,9329.220886220173,0.029261402142126,-0.015118720561186695,316.08118236332064,0.029261402142126,7.610057259584453,-567856.631536061,5,footbridge
678384.4011142061,1.0007307240375818,0.8032091361432219,4,0.9996766799630218,187.96946797649053,0.027933484937105634,1.716067197826624e-14,0.028247745474886895,0.03415218000517352,14744.027604206616,0.028247745474886895,-0.024167028931581156,316.0093835602156,0.028247745474886895,7.622578061705784,-572260.8980813648,5,footbridge
680557.1030640668,1.0023248736262762,0.8044939920547576,4,0.9998131645119612,188.27023782651756,0.027844306326075985,0.0,0.02722588112605966,0.027404987062886913,14097.79497191239,0.02722588112605966,-0.035523005216764825,315.91991017276746,0.02722588112605966,7.626621098891362,-576461.8562992098,5,footbridge
682729.8050139275,1.0039164918194534,0.8057767991947024,4,0.9998853692019459,188.57052794947055,0.027755695314494924,0.0,0.0261956347214327,0.02257083161996789,13656.943302500991,0.0261956347214327,-0.04869528131183557,315.81654185591844,0.0261956347214327,7.623938576922789,-580500.0998854015,5,footbridge
684902.5069637883,1.0055055906379766,0.8070575673325412,4,0.9999247585720915,188.8703406335432,0.027667646500661728,-5.099206995591703e-14,0.025156827968434582,0.019053060829401367,13358.14070139575,0.025156827968434582,0.019053060829401367,309.9268488589725,0.025156827968434582,7.616652969619137,-584425.786354876,5,footbridge
687075.208913649,1.0070921820078707,0.8083363061603621,4,0.9999475032325444,189.1696781487964,0.027580154551133974,-3.3887213602424067e-14,0.024109279429736615,0.01638822343652273,13151.861726454696,0.024109279429736615,0.01638822343652273,309.920989855051,0.024109279429736615,7.606412557389977,-588278.1384855729,5,footbridge
689247.9108635098,1.008676277761365,0.809613025293713,4,0.9999614664064789,189.46854274735898,0.027493214199753008,-6.756078327815971e-14,0.02305280311281317,0.014273578450390437,13005.650901339566,0.02305280311281317,0.014273578450390437,309.919570370728,0.02305280311281317,7.5942934925663925,-592082.8596200082,5,footbridge
691420.6128133704,1.010257889637923,0.810887734272444,4,0.9999705317840342,189.7669366636253,0.027406820246485802,-1.6837120512396102e-14,0.021987209517762278,0.012521362644623852,12899.34531154817,0.021987209517762278,0.012521362644623852,309.9210426448626,0.021987209517762278,7.580962609342315,-595855.9173669388,5,footbridge
693593.3147632312,1.011837029285259,0.8121604425615405,4,0.9999767071110255,190.06486211445016,0.02732096755655705,-1.6784377725248834e-14,0.020912304964973347,0.011014877030126055,12820.403743545568,0.020912304964973347,0.011014877030126055,309.9244504351338,0.020912304964973347,7.566833753735228,-599607.2429199761,5,footbridge
695766.0167130919,1.0134137082603363,0.813431159551942,4,0.9999810873734077,190.36232129934098,0.027235651059279706,-3.3463928685939305e-14,0.01982789156901479,0.009679870881982825,12760.846260104434,0.01982789156901479,0.009679870881982825,309.9291898253657,0.01982789156901479,7.552169656307765,-603343.1549161617,5,footbridge
697938.7186629527,1.014987938030356,0.814699894561351,4,0.9999843015955899,190.65931640064727,0.027150865747057412,-3.3359754578439973e-14,0.01873376704978009,0.008467654456556166,12715.443192740988,0.01873376704978009,0.008467654456556166,309.9348680987017,0.01873376704978009,7.53714204966282,-607067.7937454405,5,footbridge
700111.4206128133,1.0165597299737295,0.8159666568350302,4,0.9999867285673861,190.95584958374724,0.027066606674555207,-6.651245410339716e-14,0.017629724645705235,0.007345300722984101,12680.662555029496,0.017629724645705235,0.007345300722984101,310.5542241524082,0.017629724645705235,7.521866550354772,-610783.9552084378,5,footbridge
702284.1225626741,1.0181290953810376,0.8172314555465884,4,0.999988606094588,191.2519229972323,0.026982868957570624,-4.9730010156912895e-14,0.01651555277384673,0.006289884623799294,12654.05052654978,0.01651555277384673,0.006289884623799294,313.3703849500737,0.01651555277384673,7.506423165180398,-614493.5811578546,5,footbridge
704456.8245125348,1.019696045455977,0.8184942997987554,4,0.9999900890200414,191.54753877308852,0.02689964777217361,-1.652554390504927e-14,0.015391035571261074,0.005285014115325232,12633.857995199656,0.015391035571261074,0.005285014115325232,313.37603921130614,0.015391035571261074,7.490868642201828,-618198.0552944245,5,footbridge
706629.5264623956,1.0212605913162935,0.8197551986241469,4,0.9999912814354743,191.84269902687575,0.026816938353763423,-3.294946431399369e-14,0.014255951760257485,0.004318681595203092,12618.809225147803,0.014255951760257485,0.004318681595203092,313.38197646849517,0.014255951760257485,7.475244116203481,-621898.386357656,5,footbridge
708802.2284122562,1.0228227439947029,0.8210141609860173,4,0.9999922553003794,192.13740585790424,0.026734735996142917,-6.569692766779785e-14,0.013110075009334721,0.003381897346298367,12607.95455186699,0.013110075009334721,0.003381897346298367,313.388127940149,0.013110075009334721,7.45957997442487,-625595.3248091636,5,footbridge
710974.930362117,1.0243825144397973,0.8222711957790043,4,0.9999930616008645,192.4316613494089,0.026653036050724357,-4.9122120987152794e-14,0.01195317385417724,0.0024677965177772854,12600.574123775363,0.01195317385417724,0.0024677965177772854,313.3944418078154,0.01195317385417724,7.443899034823625,-629289.4390563936,5,footbridge
713147.6323119777,1.0259399135169416,0.8235263118298607,4,0.999993737257906,192.72546756872111,0.026571833925390698,-4.897246371674432e-14,0.010785011550619958,0.001571041501773911,12596.113449845658,0.010785011550619958,0.001571041501773911,313.4008783780845,0.010785011550619958,7.428218673244313,-632981.1665035753,5,footbridge
715320.3342618385,0.9751690997038025,0.824779517898179,3,0.9999943095300513,193.0188265674381,0.026491125084044803,-6.509828743904921e-14,0.009605345282239155,0.0006874123949072842,12594.139287498254,0.009605345282239155,0.0006874123949072842,313.407406791502,0.009605345282239155,0.0006874123949072842,12594.139287498254,5,footbridge
717493.0362116991,0.9766454407136946,0.8260308226771033,3,0.9999947988933311,193.3117403815902,0.02641090504535564,-4.867586831571116e-14,0.008413926856489432,-0.00018647827737763948,12594.308802066587,0.008413926856489432,-0.00018647827737763948,313.4140027290455,0.008413926856489432,-0.00018647827737763948,12594.308802066587,5,footbridge
719665.7381615599,0.9781195533862764,0.8272802347940338,3,0.999995220969704,193.6042110318056,0.026331169382190375,-4.8528913766685554e-14,0.007210501828527543,-0.0010533895144124311,12596.347638394278,0.007210501828527543,-0.0010533895144124311,313.4206467938441,0.007210501828527543,-0.0010533895144124311,12596.347638394278,5,footbridge
721838.4401114206,0.979591447781314,0.82852776281132,3,0.9999955878459746,193.89624052347298,0.026251913720685832,-4.8382843871115536e-14,0.005994809648061535,-0.0019155987938589021,12600.034029630715,0.005994809648061535,-0.0019155987938589021,313.42732334341747,0.005994809648061535,-0.0019155987938589021,12600.034029630715,5,footbridge
724011.1420612814,0.9810611338831097,0.8297734152269465,3,0.9999959089932869,194.18783084690213,0.02617313373952957,-8.039608444111572e-14,0.0047665832079655055,-0.0027750106415690094,12605.187126646208,0.0047665832079655055,-0.0027750106415690094,313.4340196345665,0.0047665832079655055,-0.0027750106415690094,12605.187126646208,5,footbridge
726183.844011142,0.9825286216012918,0.8310172004752068,3,0.9999961919193993,194.47898397748187,0.026094825169093616,-4.8093326278330954e-14,0.0035255492018315317,-0.0036332371386561934,12611.65828383088,0.0035255492018315317,-0.0036332371386561934,313.44072518900316,0.0035255492018315317,-0.0036332371386561934,12611.65828383088,5,footbridge
728356.5459610028,0.9839939207715954,0.8322591269273709,3,0.9999964426388261,194.76970187583652,0.02601698379066355,-6.393315058263667e-14,0.0022714270478144867,-0.004491659447246102,12619.32449206748,0.0022714270478144867,-0.004491659447246102,313.4474313207649,0.0022714270478144867,-0.004491659447246102,12619.32449206748,5,footbridge
730529.2479108635,0.9854570411566294,0.8334992028923418,3,0.9999966660166532,195.05998648797967,0.025939605435777034,-7.967875492997331e-14,0.0010039292824237044,-0.005351474263036118,12628.08334490496,0.0010039292824237044,-0.005351474263036118,313.4541307690433,0.0010039292824237044,-0.005351474263036118,12628.08334490496,5,footbridge
732701.9498607243,0.9869179924466371,0.8347374366173047,3,0.9999968660233594,195.34983974546637,0.02586268598533571,-3.177699249990085e-14,-0.0002772389734141663,-0.006213730127615225,12637.84915528455,-0.0002772389734141663,-0.006213730127615225,313.46081741852663,-0.0002772389734141663,-0.006213730127615225,12637.84915528455,5,footbridge
734874.6518105849,0.9883767842602449,0.8359738362883663,3,0.9999970459260084,195.6392635655429,0.025786221369065592,-3.168304187390615e-14,-0.0015723801109569573,-0.00707935569253703,12648.549921430242,-0.0015723801109569573,-0.00707935569253703,313.4674860878129,-0.0015723801109569573,-0.00707935569253703,12648.549921430242,5,footbridge
737047.3537604457,0.9898334261451998,0.8372084100311867,3,0.9999972084333498,195.9282598512949,0.025710207564560487,0.0,-0.0028818040781862786,-0.007949181982747508,12660.124933189176,-0.0028818040781862786,-0.007949181982747508,313.4741323480502,-0.0028818040781862786,-0.007949181982747508,12660.124933189176,5,footbridge
739220.0557103064,0.9912879275790997,0.8384411659116024,3,0.9999973558070999,196.21683049179325,0.02563464059681478,-4.7245196174394756e-14,-0.004205829497239943,-0.008823960648665153,12672.522882545607,-0.004205829497239943,-0.008823960648665153,313.48075240211347,-0.004205829497239943,-0.008823960648665153,12672.522882545607,5,footbridge
741392.7576601672,0.992740297970113,0.8396721119362407,3,0.9999974899481218,196.5049773622381,0.02555951653735612,-3.140449394038893e-14,-0.005544782818305051,-0.009704377755467153,12685.700326992743,-0.005544782818305051,-0.009704377755467153,313.48734296417865,-0.005544782818305051,-0.009704377755467153,12685.700326992743,5,footbridge
743565.4596100278,0.9941905466576869,0.8409012560531267,3,0.9999976124637858,196.79270232410113,0.025484831503628253,-6.26254597076041e-14,-0.006898999647827461,-0.010591065959890997,12699.620473957655,-0.006898999647827461,-0.010591065959890997,313.4939011761668,-0.006898999647827461,-0.010591065959890997,12699.620473957655,5,footbridge
745738.1615598886,0.9956386829132507,0.8421286061522822,3,0.9999977247210589,197.08000722526592,0.025410581658368913,-4.683225071253877e-14,-0.008268824232446438,-0.01148461362647655,12714.252170695701,-0.008268824232446438,-0.01148461362647655,313.50042453992086,-0.008268824232446438,-0.01148461362647655,12714.252170695701,5,footbridge
747910.8635097493,0.9970847159409048,0.8433541700663164,3,0.9999978278886865,197.36689390016616,0.025336763208889702,1.5565400572018474e-14,-0.009654609916045321,-0.012385572758465755,12729.569090224115,-0.009654609916045321,-0.012385572758465755,313.50691085575943,-0.009654609916045321,-0.012385572758465755,12729.569090224115,5,footbridge
750083.56545961,0.9985286548781043,0.8445779555710087,3,0.9999979229709585,197.65336416992255,0.02526337240633737,-1.5520313627402557e-14,-0.01105672025241428,-0.01329446591122099,12745.549067666148,-0.01105672025241428,-0.01329446591122099,313.51335817790294,-0.01105672025241428,-0.01329446591122099,12745.549067666148,5,footbridge
752256.2674094707,0.9999705087963335,0.8457999703858853,3,0.9999980108349242,197.93941984247755,0.025190405545370307,-3.095097425451351e-14,-0.01247552841400063,-0.01694495376086332,12789.074394615167,-0.01247552841400063,-0.014211791260583768,313.51976477052796,-0.01247552841400063,-0.014211791260583768,12762.173533733972,5,footbridge
754428.9693593314,1.0014102867017696,0.847020222174786,3,0.9999980922324766,198.22506271272857,0.02511785896316167,-3.0861837642792496e-14,-0.013911417800074889,-0.01513802725080942,12779.42705473934,-0.013911417800074889,-0.01513802725080942,313.5261290796503,-0.013911417800074889,-0.01513802725080942,12779.42705473934,5,footbridge
756601.6713091922,1.0028479975359388,0.8482387185464263,3,0.9999981678183802,198.51029456265928,0.02504572903903507,-3.07732129709665e-14,-0.015364782887804766,-0.016073636838760796,12797.296952449522,-0.015364782887804766,-0.016073636838760796,313.5324497034589,-0.015364782887804766,-0.016073636838760796,12797.296952449522,5,footbridge
758774.3732590529,1.0042836501763654,0.8494554670549498,3,0.9999982381650753,198.7951171614694,0.024974012193769112,-4.602764376197093e-14,-0.016836028676923322,-0.017019070348041745,12815.772968640784,-0.016836028676923322,-0.017019070348041745,313.5387253682411,-0.016836028676923322,-0.017019070348041745,12815.772968640784,5,footbridge
760947.0752089137,1.0057172534372105,0.8506704752004753,3,0.9999983037749077,199.0795322657026,0.024902704889020813,-3.059748190633985e-14,-0.018325572324119074,-0.01797476906221173,12834.847009262769,-0.018325572324119074,-0.01797476906221173,313.54495490735087,-0.018325572324119074,-0.01797476906221173,12834.847009262769,5,footbridge
763119.7771587743,1.0071488160699034,0.8518837504296357,3,0.9999983650902761,199.36354161937305,0.02483180362675896,-9.153110060418222e-14,-0.019833842453280712,-0.01894116709426104,12854.51289777302,-0.019833842453280712,-0.01894116709426104,313.55113725024825,-0.019833842453280712,-0.01894116709426104,12854.51289777302,5,footbridge
765292.4791086351,1.0085783467637655,0.8530953001361111,3,0.9999984225020958,199.64714695409015,0.024761304948615802,0.0,-0.021361280160852415,-0.019918693980696817,12874.766189878852,-0.021361280160852415,-0.019918693980696817,313.5572714006668,-0.021361280160852415,-0.019918693980696817,12874.766189878852,5,footbridge
767465.1810584958,1.0100058541466244,0.8543051316611535,3,0.9999984763569003,199.93034998918162,0.0246912054354773,-3.033761653300639e-14,-0.022908339384056755,-0.02090777663060796,12895.60400632517,-0.022908339384056755,-0.02090777663060796,313.5633564275456,-0.022908339384056755,-0.02090777663060796,12895.60400632517,5,footbridge
769637.8830083566,1.0114313467854228,0.8555132522941071,3,0.9999985269628094,200.21315243181513,0.024621501706777797,-3.025197288155599e-14,-0.024475487610006855,-0.021908841115898574,12917.024894444045,-0.024475487610006855,-0.021908841115898574,313.56939145438923,-0.024475487610006855,-0.021908841115898574,12917.024894444045,5,footbridge
771810.5849582172,1.0128548331868175,0.8567196692729191,3,0.9999985745945886,200.49555597711839,0.02455219042001778,0.0,-0.026063205674232384,-0.022922313994996103,12939.028700942414,-0.026063205674232384,-0.022922313994996103,313.57537564843585,-0.026063205674232384,-0.022922313994996103,12939.028700942414,5,footbridge
773983.286908078,1.0142763217977724,0.8579243897846474,3,0.999998619497932,200.77756230829777,0.024483268270289734,-3.0082128075915636e-14,-0.027671988987860094,-0.02394862407960468,12961.616477703818,-0.027671988987860094,-0.02394862407960468,313.58130821665566,-0.027671988987860094,-0.02394862407960468,12961.616477703818,5,footbridge
776155.9888579387,1.0156958210061415,0.8591274209659584,3,0.9999986618931169,201.05917309675522,0.024414731989617015,-2.999791884572897e-14,-0.02930234807092456,-0.024988203821318625,12984.790397498833,-0.02930234807092456,-0.024988203821318625,313.58718838558923,-0.02930234807092456,-0.024988203821318625,12984.790397498833,5,footbridge
778328.6908077995,1.0171133391412492,0.8603287699036216,3,0.9999987019781377,201.34039000220386,0.02434657834652811,-5.982835951022776e-14,-0.030954808513238063,-0.026041490120268077,13008.553668215152,-0.030954808513238063,-0.026041490120268077,313.5930154123748,-0.030954808513238063,-0.026041490120268077,13008.553668215152,5,footbridge
780501.3927576601,1.018528884474458,0.8615284436349958,3,0.9999987399313803,201.62121467278223,0.024278804145563472,0.0,-0.032629912372958425,-0.027108926063347565,13032.910485318385,-0.032629912372958425,-0.027108926063347565,313.5987885647722,-0.032629912372958425,-0.027108926063347565,13032.910485318385,5,footbridge
782674.0947075209,1.0199424652197329,0.8627264491485106,3,0.999998775913942,201.9016487451668,0.024211406226731028,-2.9748096331318666e-14,-0.03432821795064116,-0.028190961462324932,13057.86596479378,-0.03432821795064116,-0.028190961462324932,313.6045071229098,-0.03432821795064116,-0.028190961462324932,13057.86596479378,5,footbridge
784846.7966573816,1.0213540895341966,0.8639227933841409,3,0.9999988100716236,202.1816938446834,0.024144381465030115,-2.9665744275886997e-14,-0.0360503013111383,-0.029288054435300852,13083.426111815337,-0.0360503013111383,-0.029288054435300852,313.61017037186525,-0.0360503013111383,-0.029288054435300852,13083.426111815337,5,footbridge
787019.4986072424,1.0227637655186803,0.8651174832338765,3,0.9999988425366638,202.4613515854171,0.02407772676993886,-5.916769382865378e-14,-0.037796756228245826,-0.030400671993382998,13109.597773206433,-0.037796756228245826,-0.030400671993382998,313.61577759387797,-0.037796756228245826,-0.030400671993382998,13109.597773206433,5,footbridge
789192.200557103,1.0241715012182637,0.8663105255421846,3,0.9999988734292461,202.74062357032062,0.024011439085057627,-5.900480098245037e-14,-0.039568195805574004,-0.031529291554945875,13136.388620053829,-0.039568195805574004,-0.031529291554945875,313.6213280739264,-0.039568195805574004,-0.031529291554945875,13136.388620053829,5,footbridge
791364.9025069638,1.025577304622813,0.8675019271064679,3,0.9999989028588073,203.01951139132174,0.023945515387464013,-7.35535032310271e-14,-0.04136525195980501,-0.032674401221239664,13163.80710485365,-0.04136525195980501,-0.032674401221239664,313.6268210817718,-0.04136525195980501,-0.032674401221239664,13163.80710485365,5,footbridge
793537.6044568245,1.026981183667508,0.8686916946775163,3,0.999998930925191,203.29801662942907,0.02387995268738664,-4.401126846658551e-14,-0.043188577433507784,-0.033836501421796734,13191.862459328997,-0.043188577433507784,-0.033836501421796734,313.6322558814123,-0.043188577433507784,-0.033836501421796734,13191.862459328997,5,footbridge
795710.3064066853,1.0283831462333666,0.8698798349599528,3,0.9999989577196466,203.5761408548364,0.023814748027664725,-7.315182478448084e-14,-0.04503884581633651,-0.03501610539261972,13220.564667476176,-0.04503884581633651,-0.03501610539261972,313.63763171892174,-0.04503884581633651,-0.03501610539261972,13220.564667476176,5,footbridge
797883.0083565459,1.0297832001477591,0.8710663546126749,3,0.999998983325721,203.8538856270264,0.023749898483391655,-4.377157576023209e-14,-0.046916752990633075,-0.036213740565015876,13249.924464519188,-0.046916752990633075,-0.036213740565015876,313.6429478196647,-0.046916752990633075,-0.036213740565015876,13249.924464519188,5,footbridge
800055.7103064067,1.0311813531849194,0.8722512602492895,3,0.9999990078200313,204.1312524948724,0.02368540116140424,0.0,-0.04882301761705123,-0.037429949192979366,13279.95332163425,-0.04882301761705123,-0.037429949192979366,313.6482033903609,-0.04882301761705123,-0.037429949192979366,13279.95332163425,5,footbridge
802228.4122562674,1.0325776130664481,0.8734345584385433,3,0.9999990312729571,204.40824299673906,0.02362125319992544,-7.255746620810694e-14,-0.05075838238136967,-0.038665289591528686,13310.663447922783,-0.05075838238136967,-0.038665289591528686,313.6533976095567,-0.05075838238136967,-0.038665289591528686,13310.663447922783,5,footbridge
804401.1142061282,1.03397198746181,0.8746162557047478,3,0.9999990537492465,204.6848586605822,0.023557451768068095,-7.236148718032689e-14,-0.052723614723483456,-0.039920337020419264,13342.06778602,-0.052723614723483456,-0.039920337020419264,313.6585296261352,-0.052723614723483456,-0.039920337020419264,13342.06778602,5,footbridge
806573.8161559888,1.0353644839888259,0.8757963585281983,3,0.9999990753085565,204.9611010040468,0.023493994065433364,-5.773325118921066e-14,-0.05471950795073561,-0.04119568467007886,13374.180014162032,-0.05471950795073561,-0.04119568467007886,313.6635985589362,-0.05471950795073561,-0.04119568467007886,13374.180014162032,5,footbridge
808746.5181058496,1.0367551102141572,0.876974873345589,3,0.9999990960059352,205.2369715345646,0.02343087732171552,-4.3183612870293033e-14,-0.0567468828261141,-0.04249194508992947,13407.014558931103,-0.0567468828261141,-0.04249194508992947,313.6686034866681,-0.0567468828261141,-0.04249194508992947,13407.014558931103,5,footbridge
810919.2200557103,1.0381438736537878,0.8781518065504229,3,0.9999991158922475,205.51247174944942,0.02336809879632758,-1.4355970230787854e-14,-0.05880658802415816,-0.0438097508942819,13440.586592957376,-0.05880658802415816,-0.0438097508942819,313.67354345156434,-0.05880658802415816,-0.0438097508942819,13440.586592957376,5,footbridge
813091.9220055711,1.039530781773495,0.879327164493416,3,0.9999991350145563,205.7876031359927,0.023305655777961235,-2.863521790741322e-14,-0.06089950201724345,-0.045149756286618145,13474.912054046506,-0.06089950201724345,-0.045149756286618145,313.6784174509436,-0.06089950201724345,-0.045149756286618145,13474.912054046506,5,footbridge
815264.6239554317,1.0409158419893203,0.8805009534828968,3,0.9999991534164654,206.0623671715566,0.02324354558419675,-2.855890428855378e-14,-0.06302653372159307,-0.04651263788289706,13510.00764825375,-0.06302653372159307,-0.04651263788289706,313.6832244360703,-0.06302653372159307,-0.04651263788289706,13510.00764825375,5,footbridge
817437.3259052924,1.0422990616680308,0.8816731797852023,3,0.9999991711384233,206.33676532366687,0.02318176556117599,0.0,-0.06518862411240248,-0.0478990961399536,13545.89086776123,-0.06518862411240248,-0.0478990961399536,313.6879633068776,-0.06518862411240248,-0.0478990961399536,13545.89086776123,5,footbridge
819610.0278551532,1.0436804481275765,0.8828438496250678,3,0.9999991882180009,206.61079905010428,0.023120313083138614,-4.261123627229771e-14,-0.06738674831560496,-0.04930985705418793,13582.580018332592,-0.06738674831560496,-0.04930985705418793,313.69263290751536,-0.06738674831560496,-0.04930985705418793,13582.580018332592,5,footbridge
821782.7298050139,1.045060008637543,0.8840129691860119,3,0.9999991961927793,206.88446979899467,0.023059185552107335,-5.666476921682544e-14,-0.06962191590987513,-0.05074567283647524,13620.094218482227,-0.06962191590987513,-0.05074567283647524,313.6972320259763,-0.06962191590987513,-0.05074567283647524,13620.094218482227,5,footbridge
823955.4317548746,1.0464377504195952,0.8851805446107186,3,0.9999991573632893,207.1577790088987,0.022998380397507456,-5.651534893288654e-14,-0.07189517351442147,-0.05220732394250049,13658.453436613394,-0.07189517351442147,-0.05220732394250049,313.701759383372,-0.07189517351442147,-0.05220732394250049,13658.453436613394,5,footbridge
826128.1337047353,1.047813680647922,0.8863465820014133,3,0.999999116900399,207.43072810889976,0.022937895075820638,-1.4091678648550003e-14,-0.07420760577189421,-0.053695620200527316,13697.67850125578,-0.07420760577189421,-0.053695620200527316,313.7062136326518,-0.07420760577189421,-0.053695620200527316,13697.67850125578,5,footbridge
828300.8356545961,1.0491878064496687,0.8875110874202348,3,0.9999990747333372,207.70331851869116,0.02287772707017381,-4.2164145011974977e-14,-0.07656033785866598,-0.05521140286693433,13737.79113838551,-0.07656033785866598,-0.05521140286693433,313.71059335820576,-0.07656033785866598,-0.05521140286693433,13737.79113838551,5,footbridge
830473.5376044568,1.05056013490537,0.8886740668896032,3,0.9999990307877039,207.97555164866247,0.022817873890046712,-2.803588953905521e-14,-0.07895453644800786,-0.05675554580086673,13778.813982958956,-0.07895453644800786,-0.05675554580086673,313.7148970605449,-0.07895453644800786,-0.05675554580086673,13778.813982958956,5,footbridge
832646.2395543176,1.051930673049375,0.8898355263925837,3,0.9999989849852481,208.24742889998436,0.022758333070997942,-5.5925465724434096e-14,-0.0813914123021284,-0.058328957577395764,13820.770615656309,-0.0813914123021284,-0.058328957577395764,313.7191231605452,-0.0813914123021284,-0.058328957577395764,13820.770615656309,5,footbridge
834818.9415041782,1.0532994278702676,0.8909954718732446,3,0.9999989372436363,208.51895166469308,0.022699102174102523,-5.5779913961787925e-14,-0.08387222259480201,-0.05993258355858789,13863.685596610976,-0.08387222259480201,-0.05993258355858789,313.7232699851703,-0.08387222259480201,-0.05993258355858789,13863.685596610976,5,footbridge
836991.643454039,1.0546664063112825,0.8921539092370137,3,0.9999988874762037,208.79012132577347,0.022640178785898843,-4.17263383944385e-14,-0.08639827210755423,-0.061567407351138366,13907.584481606502,-0.08639827210755423,-0.061567407351138366,313.727335769823,-0.08639827210755423,-0.061567407351138366,13907.584481606502,5,footbridge
839164.3454038997,1.0560316152707159,0.8933108443510271,3,0.9999988355916891,209.06093925724093,0.02258156051776773,-5.549107154732736e-14,-0.08897091652971538,-0.06323445344629418,13952.493868612803,-0.08897091652971538,-0.06323445344629418,313.73131864265656,-0.08897091652971538,-0.06323445344629418,13952.493868612803,5,footbridge
841337.0473537605,1.0573950616023318,0.8944662830444782,3,0.9999987814939468,209.331406824223,0.022523245005888377,-6.918471152143689e-14,-0.0915915644411773,-0.06493478924609192,13998.441425099489,-0.0915915644411773,-0.06493478924609192,313.73521662144947,-0.0915915644411773,-0.06493478924609192,13998.441425099489,5,footbridge
843509.7493036211,1.0587567521157637,0.8956202311089584,3,0.999998725081638,209.60152538303944,0.02246522991078101,-5.5205205119700944e-14,-0.09426167989150067,-0.06666952740053929,14045.455921739207,-0.09426167989150067,-0.06666952740053929,313.7390276088993,-0.09426167989150067,-0.06666952740053929,14045.455921739207,5,footbridge
845682.4512534819,1.0601166935769115,0.896772694298797,3,0.9999986662479092,209.8712962812817,0.022407512916952848,-2.7531686782522793e-14,-0.09698278551346587,-0.06843982862548358,14093.567275880669,-0.09698278551346587,-0.06843982862548358,313.74274937736897,-0.09698278551346587,-0.06843982862548358,14093.567275880669,5,footbridge
847855.1532033426,1.061474892708332,0.8979236783313952,3,0.9999986048800348,210.14072085789107,0.022350091732631996,-2.7461134460785596e-14,-0.09975646482950624,-0.07024690401602658,14142.806577874702,-0.09975646482950624,-0.07024690401602658,313.7463795639922,-0.09975646482950624,-0.07024690401602658,14142.806577874702,5,footbridge
850027.8551532034,1.0628313561896297,0.899073188887558,3,0.9999985408590403,210.40980044323666,0.022292964089587513,-2.7390942807621966e-14,-0.10258436595968426,-0.07209201832702372,14193.206139955035,-0.10258436595968426,-0.07209201832702372,313.7499156612262,-0.10258436595968426,-0.07209201832702372,14193.206139955035,5,footbridge
852200.557103064,1.0641860906578364,0.90022123161182,3,0.9999984740592941,210.6785363591917,0.02223612774263812,-6.830277266109302e-14,-0.10546820429045217,-0.07397649262198061,14244.799522499481,-0.10546820429045217,-0.07397649262198061,313.75335500059344,-0.10546820429045217,-0.07397649262198061,14244.799522499481,5,footbridge
854373.2590529248,1.065539102707794,0.9013678121127698,3,0.9999984043480801,210.94692991920937,0.022179580469413557,-8.175489150209232e-14,-0.1084097667953453,-0.0759017081173117,14297.621588564658,-0.1084097667953453,-0.0759017081173117,313.75669474814356,-0.1084097667953453,-0.0759017081173117,14297.621588564658,5,footbridge
856545.9610027855,1.0668903988925258,0.9025129359633695,3,0.9999983315851125,211.21498242839783,0.02212332007017407,-2.7182504413573722e-14,-0.11141091452290418,-0.07786910893950533,14351.708520416894,-0.11141091452290418,-0.07786910893950533,313.7599318842576,-0.11141091452290418,-0.07786910893950533,14351.708520416894,5,footbridge
858718.6629526463,1.0682399857236085,0.9036566087012703,3,0.999998255622041,211.48269518359416,0.022067344367402052,-5.4227456255183077e-14,-0.11447358761265396,-0.07988020644286706,14407.097873577903,-0.11447358761265396,-0.07988020644286706,313.7630631977993,-0.11447358761265396,-0.07988020644286706,14407.097873577903,5,footbridge
860891.3649025069,1.069587869671537,0.9047988358291251,3,0.9999981763019065,211.7500694734374,0.02201165120553519,-4.056794849142846e-14,-0.11759980860850228,-0.08193658271718857,14463.828598471446,-0.11759980860850228,-0.08193658271718857,313.7660852615833,-0.11759980860850228,-0.08193658271718857,14463.828598471446,5,footbridge
863064.0668523677,0.9301310493276868,0.905939622814898,2,0.9999980934585481,212.01710657844131,0.021956238450770993,-5.395442878372011e-14,-0.12079168752361462,-0.08403989521061533,14521.941083024687,-0.12079168752361462,-0.08403989521061533,313.76899442446626,-0.12079168752361462,-0.08403989521061533,14521.941083024687,5,footbridge
865236.7688022284,0.9313000565231893,0.9070789750921687,2,0.9999980069159725,212.2838077710656,0.021901103990672542,-1.345473586242663e-14,-0.12405142596172719,-0.08619188086395027,14581.477170082335,-0.12405142596172719,-0.08619188086395027,313.7717867862517,-0.12405142596172719,-0.08619188086395027,14581.477170082335,5,footbridge
867409.4707520892,0.9324675981699135,0.9082168980604352,2,0.9999979164876736,212.5501743157867,0.021846245734048506,-6.710517105952086e-14,-0.12738132268656163,-0.08839436129625895,14642.480190207341,-0.12738132268656163,-0.08839436129625895,313.77445818264067,-0.12738132268656163,-0.08839436129625895,14642.480190207341,5,footbridge
869582.1727019498,0.9336336797660199,0.9093533970854116,2,0.9999978219758916,212.81620746916784,0.021791661610567253,-4.0162502917422255e-14,-0.13078377810798172,-0.0906492474221374,14704.994963068617,-0.13078377810798172,-0.0906492474221374,313.77700415653095,-0.13078377810798172,-0.0906492474221374,14704.994963068617,5,footbridge
871754.8746518106,0.9347983067753763,0.9104884774993244,2,0.9999977231708137,213.08190847992813,0.02173734957048353,-5.341653953971063e-14,-0.13426130086689086,-0.0929585455217704,14769.06781944618,-0.13426130086689086,-0.0929585455217704,313.7794199452419,-0.13426130086689086,-0.0929585455217704,14769.06781944618,5,footbridge
873927.5766016713,0.935961484627857,0.9116221446012033,2,0.999997619849713,213.34727858901093,0.021683307584555767,-2.664186940515688e-14,-0.13781651318399002,-0.09532436261299608,14834.746582825246,-0.13781651318399002,-0.09532436261299608,313.7817004389041,-0.13781651318399002,-0.09532436261299608,14834.746582825246,5,footbridge
876100.2785515321,0.9371232187196378,0.9127544036571704,2,0.9999975117760167,213.61231902965153,0.021629533643592474,-5.315159676442782e-14,-0.1414521574981453,-0.09774891285769183,14902.080553694559,-0.1414521574981453,-0.09774891285769183,313.78384016411474,-0.1414521574981453,-0.09774891285769183,14902.080553694559,5,footbridge
878272.9805013927,0.9382835144134878,0.9138852599007253,2,0.9999973986982862,213.8770310274439,0.021576025758270553,-1.3255027128407739e-14,-0.14517110343716985,-0.10023452426301993,14971.12047089906,-0.14517110343716985,-0.10023452426301993,313.78583324546474,-0.14517110343716985,-0.10023452426301993,14971.12047089906,5,footbridge
880445.6824512535,0.939442377039059,0.9150147185330276,2,0.999997280349128,214.14141580040695,0.021522781958929784,-9.255622113107035e-14,-0.14897635486586483,-0.10278364556372535,15041.918442591139,-0.14897635486586483,-0.10278364556372535,313.78767336835625,-0.14897635486586483,-0.10278364556372535,15041.918442591139,5,footbridge
882618.3844011142,0.9405998118931712,0.9161427847231758,2,0.999997156443996,214.40547455904982,0.02146980029531764,-5.2759074084289084e-14,-0.15287105774519966,-0.10539885375614268,15114.527851941351,-0.15287105774519966,-0.10539885375614268,313.7893537417585,-0.15287105774519966,-0.10539885375614268,15114.527851941351,5,footbridge
884791.0863509749,0.9417558242400951,0.9172694636084834,2,0.9999970266799025,214.66920850643655,0.021417078836350984,-2.631475918389976e-14,-0.15685850895826048,-0.10808286230841849,15189.00323267439,-0.15685850895826048,-0.10808286230841849,313.79086705384304,-0.15685850895826048,-0.10808286230841849,15189.00323267439,5,footbridge
886963.7883008356,0.9429104193118308,0.9183947602947515,2,0.9999968907340089,214.93261883825014,0.02136461566978942,-6.56257467116852e-14,-0.16094216451040055,-0.11083852915566751,15265.400074368445,-0.16094216451040055,-0.11083852915566751,313.792205417856,-0.16094216451040055,-0.11083852915566751,15265.400074368445,5,footbridge
889136.4902506963,0.9440636023083848,0.9195186798565398,2,0.9999967482620999,215.1957067428556,0.02131240890220146,0.0,-0.16512564958621737,-0.1136688658192874,15343.774589455357,-0.16512564958621737,-0.1136688658192874,313.79336032841286,-0.16512564958621737,-0.1136688658192874,15343.774589455357,5,footbridge
891309.1922005571,0.9452153783980431,0.9206412273374321,2,0.9999965988969147,215.45847340136262,0.02126045665848711,-3.9183480719922743e-14,-0.16941276829336474,-0.11657704645454355,15424.183387963627,-0.16941276829336474,-0.11657704645454355,313.7943225836123,-0.16941276829336474,-0.11657704645454355,15424.183387963627,5,footbridge
893481.8941504178,0.9463657527176411,0.9217624077503014,2,0.9999964422463291,215.72091998768747,0.0212087570818765,-6.514699547304776e-14,-0.17380751577164194,-0.11956641812078753,15506.683082450036,-0.17380751577164194,-0.11956641812078753,313.7950822339094,-0.17380751577164194,-0.11956641812078753,15506.683082450036,5,footbridge
895654.5961002785,0.9475147303728314,0.9228822260775708,2,0.999996277891392,215.98304766861412,0.021157308333603547,-1.2997792043251104e-14,-0.17831408816496255,-0.12264050982761304,15591.329726260403,-0.17831408816496255,-0.12264050982761304,313.7956284866532,-0.17831408816496255,-0.12264050982761304,15591.329726260403,5,footbridge
897827.2980501392,0.9486623164383473,0.9240006872714718,2,0.9999961053841429,216.24485760385474,0.02110610859267518,-1.2966337967197072e-14,-0.18293689704463342,-0.12580304369842948,15678.178157051214,-0.18293689704463342,-0.12580304369842948,309.9292681383364,-0.18293689704463342,-0.12580304369842948,15678.178157051214,5,footbridge
900000.0,0.9498085159582655,0.9251177962542994,2,0.999995924245267,216.50635094610968,0.021055156055630908,-5.1740143034193253e-14,-0.1876805816182427,-0.1290579445494287,15767.281099182566,-0.1876805816182427,-0.1290579445494287,309.9203956410748,-0.1876805816182427,-0.1290579445494287,15767.281099182566,5,footbridge
2500000.0,0.9068232809330635,0.6772948537683506,3,0.9999998754880645,83.85254915624212,0.1403677070377022,-3.7252902984619144e-14,0.17263844735417516,0.013629222209341823,7962994.863282949,0.17263844735417516,0.013629222209341823,2510.3371834473255,302.257716843989,214.8050572763185,-465431562.68362,5,long-span vehicular
2515320.3342618383,0.9095630453098217,0.6793640607215888,3,0.9999998645174953,84.10908654902525,0.13951275422630616,-7.405200537917094e-14,0.17171619270864652,0.013433505270546323,7962994.991352159,0.17171619270864652,0.013433505270546323,2509.527956098939,302.2438498822642,214.79196444226287,-468355912.4642602,5,long-span vehicular
2530640.6685236767,0.9122945817795632,0.6814269843931644,3,0.9999998523976811,84.36484386415256,0.138668153072487,-1.8400924836926626e-14,0.17080490195335982,0.013229712941082494,7963009.658949223,0.17080490195335982,0.013229712941082494,2508.7285441478734,302.230147504791,214.7789936865732,-471280163.74377114,5,long-span vehicular
2545961.0027855155,0.9150179640288049,0.6834836816765981,3,0.9999998389766741,84.61982817480938,0.1378337167027948,-1.8290197171058905e-14,0.16990437423832463,0.013017065655235943,7963039.8995482335,0.16990437423832463,0.013017065655235943,2507.938763764522,302.2166067069539,214.7661395137482,-474204307.7779726,5,long-span vehicular
2561281.337047354,0.9177332646507318,0.6855342086119645,3,0.9999998240773607,84.87404644793179,0.13700926271488606,-3.636158828569405e-14,0.16901441372548529,0.01279468872717173,7963086.889612899,0.16901441372548529,0.01279468872717173,2507.1584370215637,302.20322455648306,214.75339616001958,-477128334.7415135,5,long-span vehicular
2576601.671309192,0.9204405551677747,0.6875786204037091,3,0.999999807492377,85.12750554642786,0.13619461304472558,0.0,0.16813482962892018,0.012561596622440158,7963151.969700176,0.16813482962892018,0.012561596622440158,2506.3873917569326,302.1899981896977,214.7407575348014,-480052233.54877037,5,long-span vehicular
2591922.0055710305,0.9231399060535905,0.6896169714379882,3,0.9999997889777845,85.38021223133919,0.1353895938381026,-3.5931736086722926e-14,0.16726543488105947,0.012316673654530094,7963236.673891242,0.16726543488105947,0.012316673654530094,2505.6254601935384,302.17692480881834,214.72821715288725,-482975991.6418794,5,long-span vehicular
2607242.339832869,0.925831386754469,0.6916493152995514,3,0.9999997682451581,85.63217316394548,0.13459403532730177,-5.358089812290975e-14,0.16640604844145518,0.012058653289036832,7963342.755760489,0.16640604844145518,0.012058653289036832,2504.8724794289965,302.16400168423996,214.71576805549572,-485899594.7447371,5,long-span vehicular
2622562.6740947077,0.9285150657101772,0.6936757047881766,3,0.999999744951637,85.88339490781304,0.13380777171147576,0.0,0.16555649124029498,0.01178608801060218,7963472.235806991,0.16555649124029498,0.01178608801060218,2509.02176541762,302.1512261475514,214.70340270838963,-488823026.5423152,5,long-span vehicular
2637883.008356546,0.9311910103742653,0.6956961919346755,3,0.9999997186872941,86.13388393078989,0.13303064104155696,-1.7652840775446505e-14,0.1647165912914823,0.011497319250773843,7963627.438859908,0.1647165912914823,0.011497319250773843,2508.3364100520134,302.1385955936648,214.69111288521592,-491746268.31269485,5,long-span vehicular
2653203.3426183844,0.9338592872338511,0.6977108280164813,3,0.9999996889589706,86.38364660694873,0.13226248510903355,-7.020363344608017e-14,0.16388617698276972,0.011190432287859254,7963811.065278404,0.16388617698276972,0.011190432287859254,2507.6589548068273,302.12610747378125,214.67888951745454,-494669298.4514829,5,long-span vehicular
2668523.6768802227,0.9365199618288909,0.6997196635728334,3,0.9999996551694311,86.63268921847934,0.13150314933857457,-1.745014636153219e-14,0.163065084296316,0.010863209852330058,7964026.250039234,0.163065084296316,0.010863209852330058,2506.989261357991,302.1137593006332,214.66672251724168,-497592091.90866065,5,long-span vehicular
2683844.011142061,0.9391730987709659,0.7017227484195695,3,0.9999996165902121,86.88101795753228,0.13075248268431525,-3.4701069464136666e-14,0.16225315144905603,0.01051306535118493,7964276.663642312,0.16225315144905603,0.01051306535118493,2506.3271944739854,302.1015486431775,214.65460054881453,-500514619.46092206,5,long-span vehicular
2699164.3454039,0.9418187617615873,0.7037201316635399,3,0.9999995723259011,87.12863892801533,0.1300103375297948,-1.7252053884775892e-14,0.16145021931169773,0.010136962663309823,7964566.626618717,0.16145021931169773,0.010136962663309823,2505.6726218863873,302.08947312101344,214.6425107422629,-503436846.79903877,5,long-span vehicular
2714484.6796657383,0.9444570136100429,0.7057118617166535,3,0.999999521266631,87.37555814734398,0.12927656959092299,-6.861873869409067e-14,0.16065613494633577,0.009731317019101047,7964901.248175966,0.16065613494633577,0.009731317019101047,2505.0254140221555,302.07753041272576,214.6304383376747,-506358733.3900995,5,long-span vehicular
2729805.0139275766,0.9470879162507944,0.7076979863095699,3,0.9999994620241687,87.62178154814767,0.12855103782277655,-8.529204190993795e-14,0.15987074618735522,0.0092918600940998,7965286.625560955,0.15987074618735522,0.0092918600940998,2504.385444072848,302.06571824347725,214.61836621520007,-509280230.9750353,5,long-span vehicular
2745125.348189415,0.9497115307604423,0.7096785525050447,3,0.9999993928448216,87.86731497993283,0.1278336043291268,-6.785282684666804e-14,0.15909390620976888,0.008813473410988893,7965730.078181716,0.15909390620976888,0.008813473410988893,2503.7525876798695,302.05403439160517,214.60627429885318,-512201281.659972,5,long-span vehicular
2760445.6824512533,0.9523279173742696,0.7116536067109411,3,0.999999311489074,88.11216421070446,0.12712413427486163,-1.6869061770280363e-14,0.15832547055435167,0.008289962918835896,7966240.4748423435,0.15832547055435167,0.008289962918835896,2503.126722766019,302.0424766831173,214.59413876430122,-515121815.3783763,5,long-span vehicular
2775766.016713092,0.9549371355023768,0.7136231946929178,3,0.9999992150627355,88.35633492854699,0.1264224958016267,-5.032786818167939e-14,0.157565298332042,0.007713762512839526,7966828.658636894,0.157565298332042,0.007713762512839526,2502.5077295705673,302.0310429908995,214.58193098927302,-518041746.5266275,5,long-span vehicular
2791086.3509749305,0.9575392437454227,0.7155873615868026,3,0.999999099776074,88.599832743166,0.1257285599464782,-3.336774493881804e-14,0.15681325199482296,0.00707553339998025,7967508.022630041,0.15681325199482296,0.00707553339998025,2501.8954901213124,302.01973123665425,214.56961613940862,-520960969.42929447,5,long-span vehicular
2806406.685236769,0.9601342999099797,0.7175461519106604,3,0.9999989605938014,88.84266318739219,0.1250422005621218,-8.296397128708605e-14,0.15606919567066793,0.0063636130655299935,7968295.304902966,0.15606919567066793,0.0063636130655299935,2501.2898883334656,302.0085393840335,214.5571512248318,-523879352.1036076,5,long-span vehicular
2821727.019498607,0.9627223610235185,0.7194996095765667,3,0.9999987907160363,89.08483171864799,0.1243632942412186,-3.30054100974291e-14,0.1553329983910731,0.005563251534375286,7969211.682606538,0.1553329983910731,0.005563251534375286,2500.6908094966307,301.9974654405784,214.54448239864354,-526796727.5907886,5,long-span vehicular
2837047.3537604455,0.9653034833490289,0.7214477779020926,3,0.9999985807907783,89.32634372037877,0.12369172024186327,-4.924076646346934e-14,0.15460453115681133,0.004655521870756712,7970284.34283011,0.15460453115681133,0.004655521870756712,2500.0981402075536,301.98650745851234,214.53154111718788,-529712881.6296793,5,long-span vehicular
2852367.6880222843,0.9678777223992916,0.7233906996215133,3,0.9999983176884394,89.56720450344912,0.12302736041636175,0.0,0.1538836676059772,0.0036157420402184925,7971548.752743302,0.1538836676059772,0.0036157420402184925,2499.5117678476813,301.97566352912276,214.51823856847983,-532627534.76573926,5,long-span vehicular
2867688.0222841226,0.9704451329508078,0.7253284168967445,3,0.9999979825388794,89.80741930750541,0.12237009914167503,-1.6238212932829373e-14,0.1531702837996033,0.00241112997184185,7973052.034410517,0.1531702837996033,0.00241112997184185,2498.931580141498,301.96493178453187,214.50445739798235,-535540315.7755594,5,long-span vehicular
2883008.356545961,0.9730057690573999,0.7272609713280185,3,0.9999975474830848,90.04699330230585,0.12171982325251637,-3.230384582482674e-14,0.15246426005766953,0.00099722694124878,7974858.112074666,0.15246426005766953,0.00099722694124878,2498.357464479556,301.95431039677953,214.49003908462188,-538450721.107532,5,long-span vehicular
2898328.6908077993,0.9755596840634883,0.7291884039643035,3,0.9999969700930481,90.28593158901855,0.12107642197631374,-6.426618054530644e-14,0.15176547729401882,-0.0006877314190213792,7977055.821553506,0.15176547729401882,-0.0006877314190213792,2497.7893073408986,301.94379757433296,214.47476408420346,-541358051.0662476,5,long-span vehicular
2913649.0250696377,0.9781069306170589,0.7311107553134775,3,0.9999961833638848,90.52423920148877,0.12043978687033573,-3.196413042896337e-14,0.1510738201822298,-0.002731973918974017,7979772.100201289,0.1510738201822298,-0.002731973918974017,2497.226992956456,301.9333915647526,214.45831950740268,-544261305.8965335,5,long-span vehicular
2928969.3593314765,0.9806475606823254,0.7330280653522611,3,0.999995076843178,90.76192110747644,0.11980981176067944,-6.359387623147061e-14,0.15038917538445123,-0.0052657095914216785,7983194.349817696,0.15038917538445123,-0.0052657095914216785,2496.6704021903197,301.9230906500899,214.44024437540585,-547159009.7024826,5,long-span vehicular
2944289.693593315,0.9831816255520982,0.7349403735359175,3,0.9999934588975239,90.9989822098643,0.1191863926834006,-1.581574287071697e-14,0.1497114311095383,-0.008488619259425484,7987610.076764476,0.1497114311095383,-0.008488619259425484,2496.1194108982954,301.9128931470405,214.41983261816728,-550048898.282182,5,long-span vehicular
2959610.027855153,0.9857091758598666,0.7368477188077257,3,0.9999909758617876,91.23542734783796,0.11856942782715713,0.0,0.14904048034791573,-0.012721131963199508,7993480.875622253,0.14904048034791573,-0.012721131963199508,2495.5738880209756,301.9027974093525,214.39595214424207,-552927336.4614797,5,long-span vehicular
2974930.3621169915,0.9882302615916031,0.7387501396082334,3,0.9999869241109132,91.47126129803851,0.11795881747785997,-4.695853992794337e-14,0.14837621586265567,-0.018505655625202014,8001588.641110959,0.14837621586265567,-0.018505655625202014,2495.033694313588,301.8928018198791,214.3666876642717,-555788166.7457031,5,long-span vehicular
2990250.69637883,0.9907449320972979,0.7406476738842968,3,0.9999797701501272,91.70648877568837,0.11735446396491638,-3.114530081853347e-14,0.14771853403651394,-0.026818206404425633,8013341.643464624,0.14771853403651394,-0.026818206404425633,2488.5519419934285,301.8829047978974,214.3285939696218,-558620298.9167026,5,long-span vehicular
3005571.0306406687,0.993253236102229,0.7425403590979113,3,0.9999657947352284,91.94111443569129,0.11675627160922561,-6.197308698553415e-14,0.14706733258043794,-0.03952917979447209,8031442.480265373,0.14706733258043794,-0.03952917979447209,2487.9870056073273,301.87310479251596,214.27507014580098,-561402449.9477031,5,long-span vehicular
3020891.364902507,0.9957552217179789,0.7444282322348409,3,0.9999349435818954,92.17514287370702,0.11616414667252599,-6.165879286066515e-14,0.14642251104180629,-0.06036800450157209,8061292.945287222,0.14642251104180629,-0.06036800450157209,2487.429780685063,301.8634002829121,214.19295587728334,-564092080.6502581,5,long-span vehicular
3036211.6991643454,0.998250936453201,0.7463113298130517,3,0.9998586518878861,92.40857862720172,0.11557799730861273,-3.067383525568411e-14,0.14578397259657921,-0.0962822554950011,8113004.783223923,0.14578397259657921,-0.0962822554950011,2486.882182408398,301.8537897791189,214.05773593707227,-566609560.9564427,5,long-span vehicular
3051532.0334261837,1.0007404272241447,0.7481896878909524,3,0.9997956188360388,92.64142617647433,0.11499773351562863,-1.525991804139465e-14,0.14515162069696858,0.14892408590488015,7761174.048397379,0.14515162069696858,-0.1559513256937416,2486.345965155305,301.8442718207554,200.11340875182435,-716671211.8657056,5,long-span vehicular
3066852.367688022,1.0032237403649469,0.7500633420754516,3,0.9999081259554372,92.87368994565988,0.11442326709020982,-3.0367375502902525e-14,0.1445253619581235,0.10481275949848509,7823737.138710647,0.1445253619581235,-0.2410076739748924,2485.8176530781534,301.83484497487865,199.7612415651698,-719250069.6664344,5,long-span vehicular
3082172.701949861,1.0057009216376933,0.7519323275298325,3,0.9999527728991195,93.10537430371022,0.11385451158278756,-6.043286114540565e-14,0.14390510390363628,0.07937911291475779,7859822.463179315,0.14390510390363628,-0.343458656640698,2485.281806878708,301.8255078375209,214.65254841101438,-577377551.7776563,5,long-span vehicular
3097493.0362116992,1.0081720162422565,0.7537966789814522,3,0.9999723152271769,93.33648356535296,0.11329138225391587,-3.0066978802783883e-14,0.14329075654954024,0.06425604272969013,7881233.066848486,0.14329075654954024,-0.4549562176728196,2484.6847555081504,301.8162590307625,214.59102180605402,-580133685.4417876,5,long-span vehicular
3112813.3704735376,1.01063706882592,0.7556564307292711,3,0.9999820430376875,93.56702199202893,0.11273379603253195,-1.4959499073241916e-14,0.1426822313334324,0.05462078906187263,7894816.824568129,0.1426822313334324,0.05462078906187263,2484.7265736761087,301.8070972035632,214.5489387609671,-582951463.1891592,5,long-span vehicular
3128133.704735376,1.0130961234927902,0.7575116166512147,3,0.9999874546620335,93.79699379280896,0.1121816714749074,-8.931740096713005e-14,0.14207944164730427,0.04805941514738521,7904011.641903015,0.14207944164730427,0.04805941514738521,2484.087191829158,301.798021030271,214.5177807323962,-585803811.4750501,5,long-span vehicular
3143454.0389972143,1.0155492238130015,0.7593622702113743,3,0.9999907394704892,94.02640312529064,0.1116349287251849,0.0,0.14148230259204958,0.04334013661992706,7910574.780311487,0.14148230259204958,0.04334013661992706,2483.565643520426,301.78902921025883,214.49320031743846,-588676891.8324815,5,long-span vehicular
3158774.3732590526,1.0179964128317254,0.7612084244670493,3,0.9999928726145639,94.2552540964751,0.11109348947648831,-4.4225503212560426e-14,0.14089073040683495,0.03979506070644951,7915460.077074824,0.14089073040683495,0.03979506070644951,2483.0777761107447,301.7801204686748,214.47283977707374,-591563192.7706101,5,long-span vehicular
3174094.7075208914,1.0204377330779824,0.7630501120756374,3,0.9999943331148361,94.48355076362503,0.11055727693405391,-7.335340155483913e-14,0.14030464415176144,0.037038256914836455,7919219.097707818,0.14030464415176144,0.037038256914836455,2482.605087558879,301.7712935528511,214.45533627016945,-594458370.6726626,5,long-span vehicular
3189415.04178273,1.0228732265732654,0.7648873653013744,3,0.9999953761360847,94.71129713510382,0.1100262157784901,-4.3800629382570756e-14,0.13972396334177709,0.034833715978577144,7922189.327384014,0.13972396334177709,0.034833715978577144,2482.141837336642,301.76254723295517,214.4398559625223,-597359767.8287153,5,long-span vehicular
3204735.376044568,1.025302934839979,0.7667202160219289,3,0.9999961469385875,94.93849717119683,0.1095002321307007,1.453041305028061e-14,0.139148609178896,0.03302996108398802,7924587.462678488,0.139148609178896,0.03302996108398802,2481.6856864078613,301.753880303849,214.42586330594733,-600265677.737613,5,long-span vehicular
3220055.7103064065,0.9731516860435809,0.7685486957348561,5,0.9999967328771064,95.16515478491468,0.1089792535175932,-4.338384138671585e-14,0.1385785051208849,0.031525716504148066,7926558.431878356,0.1385785051208849,0.031525716504148066,2481.235487552245,301.745291582221,214.41299990136815,-603174959.0655949,5,long-span vehicular
3235376.0445682453,0.9754027065105932,0.7703728355639131,5,0.9999971889412698,95.39127384277971,0.10846320883890476,-2.878560519043967e-14,0.138013574881416,0.030250885369992094,7928202.574941193,0.138013574881416,0.030250885369992094,2480.7905970948054,301.7367799038572,214.40101738321894,-606086821.6359981,5,long-span vehicular
3250696.3788300836,0.9776485440519594,0.7721926662652392,5,0.9999975511075092,95.61685816559552,0.10795202833450827,-4.297491057672966e-14,0.13745374571906602,0.029155500307251343,7929591.431220576,0.13745374571906602,0.029155500307251343,2480.3506140140635,301.7283441294028,214.38973842737894,-609000702.044448,5,long-span vehicular
3266016.713091922,0.979889234304389,0.7740082182334075,5,0.9999978436997254,95.84191152920016,0.10744564355336547,-5.703109668007792e-14,0.13689894313160803,0.02820302500639397,7930777.325520832,0.13689894313160803,0.02820302500639397,2479.915266141124,301.71998313643604,214.37903312403617,-611916188.2549422,5,long-span vehicular
3281337.0473537603,0.9821248124980692,0.7758195215073475,5,0.9999980836357077,96.06643766520361,0.10694398732288153,-4.2573616844688895e-14,0.13634909664190115,0.02736615328903627,7931799.36856871,0.13634909664190115,0.02736615328903627,2479.4843555411203,301.7116958244281,214.36880414535887,-614832972.255147,5,long-span vehicular
3296657.3816155987,0.9843553134631281,0.777626605776143,5,0.9999982829754361,96.29044026170965,0.10644699371893067,-5.650102311566655e-14,0.1358041364759794,0.026624080341028575,7932687.364780008,0.1358041364759794,0.026624080341028575,2479.0577291832956,301.7034811134197,214.3589771222962,-617750819.3296458,5,long-span vehicular
3311977.715877437,0.9865807716359666,0.7794295003847109,5,0.9999984505034848,96.51392296402261,0.10595459803731806,-2.811983215197282e-14,0.1352639933277065,0.02596068419328522,7933464.415887979,0.1352639933277065,0.02596068419328522,2478.635263243851,301.69533793952075,214.34949422759968,-620669547.5653998,5,long-span vehicular
3327298.050139276,0.9888012210654602,0.7812282343393608,5,0.9999985927418037,96.73688937533971,0.10546673676544245,-2.7990356156296088e-14,0.13472860023273608,0.025363284368952053,7934148.693996646,0.13472860023273608,0.025363284368952053,2478.2168531919406,301.6872652605393,214.34030979289898,-623589013.8544779,5,long-span vehicular
3342618.384401114,0.9910166954190384,0.7830228363132397,5,0.9999987146152539,96.95934305742864,0.10498334755529537,-5.572413404782613e-14,0.1341978904057012,0.024821771896137896,7934754.6907195635,0.1341978904057012,0.024821771896137896,2477.8024081255317,301.6792620500866,214.33138724159846,-626509104.0942029,5,long-span vehicular
3357938.7186629525,0.9932272279886394,0.7848133346516647,5,0.9999988198995918,97.1812875312915,0.10450436919647818,-9.707231978468261e-14,0.13367179923755446,0.02432799181063941,7935294.097433403,0.13367179923755446,0.02432799181063941,2477.3918468571324,301.67132730185875,214.32269690675722,-629429726.2178054,5,long-span vehicular
3373259.052924791,0.9954328516965483,0.786599757377347,5,0.999998911529351,97.40272627781512,0.10402974159071383,-6.902246166122147e-14,0.1331502622510944,0.023875292873362652,7935776.45408089,0.1331502622510944,0.023875292873362652,2476.985095573108,301.66346002477314,214.31421444498133,-632350805.1246064,5,long-span vehicular
3388579.3871866297,0.9976335991011172,0.7883821321955087,5,0.9999989918136278,97.62366273840783,0.10355940572656898,-2.748415982630142e-14,0.13263321819227522,0.023458198534326295,7936209.61503075,0.13263321819227522,0.023458198534326295,2476.5820858061184,301.65565924610206,214.30591966999515,-635272278.954808,5,long-span vehicular
3403899.721448468,0.9998295024023718,0.7901604864988957,5,0.9999990625898636,97.84410031562362,0.10309330365492718,-8.208137584786173e-14,0.13212060459578648,0.02307215705626338,7936600.113554839,0.13212060459578648,0.02307215705626338,2476.182753446206,301.6479240086422,214.2977956780369,-638194096.2939429,5,long-span vehicular
3419220.0557103064,1.00202059344751,0.7919348473726907,5,0.9999991253352507,98.06404237377346,0.10263137846547549,-4.085679889453647e-14,0.13161236125553197,0.02271335589868857,7936953.422402319,0.13161236125553197,0.02271335589868857,2475.7870380091504,301.640253372308,214.28982818670124,-641116214.0613716,5,long-span vehicular
3434540.3899721447,1.0042069037362895,0.7937052415993245,5,0.9999991812485283,98.28349223952443,0.10217357426306119,-1.3558183466624363e-14,0.13110842893928124,0.022378577081096605,7937274.163424757,0.13110842893928124,0.022378577081096605,2475.3948816523516,301.63264641137465,214.2820050262105,-644038595.8835962,5,long-span vehicular
3449860.724233983,1.0063884644263126,0.7954716956631941,5,0.9999992313109274,98.50245320248668,0.1017198361456233,-1.3497973527935276e-14,0.13060874932138178,0.02206508589741937,7937566.266274746,0.13060874932138178,0.02206508589741937,2475.0062289803686,301.62510221679753,214.27431574680043,-646961210.8415831,5,long-span vehicular
3465181.0584958214,1.008565306338205,0.7972342357552845,5,0.9999992763320257,98.72092851578887,0.10127011018194351,-2.6876591984482058e-14,0.13011326482140126,0.021770543252222597,7937833.09471272,0.13011326482140126,0.021770543252222597,2474.621026723747,301.61761989396217,214.2667513091044,-649884032.4806863,5,long-span vehicular
3480501.3927576602,1.010737459960698,0.7989928877776998,5,0.9999993169847206,98.93892139664209,0.10082434339045311,-4.0137431487029623e-14,0.12962191990154437,0.021492937189541688,7938077.542746996,0.12962191990154437,0.021492937189541688,2474.239223003247,301.6101985626643,214.2593038399819,-652807038.0311314,5,long-span vehicular
3495821.7270194986,1.0129049554556089,0.8007476773481038,5,0.999999353832133,99.15643502689244,0.1003824837181974,-1.3320510130954454e-14,0.12913465929017448,0.02123052710654314,7938302.116754466,0.12913465929017448,0.02123052710654314,2473.8607678744233,301.6028373584274,214.25196643867343,-655730207.789633,5,long-span vehicular
3511142.061281337,1.0150678226627294,0.8024986298040754,5,0.9999993873485242,99.37347255356312,0.09994448002089466,-6.631194055671496e-14,0.12865142770184668,0.02098179882435765,7938509.000868213,0.12865142770184668,0.02098179882435765,2473.485612390358,301.59553542809624,214.24473301780205,-658653524.6101669,5,long-span vehicular
3526462.3955431753,1.017226091104618,0.8042457702073749,5,0.9999994179356776,99.5900370893855,0.09951028204293401,0.0,0.12817217304908737,0.020745430817045524,7938700.1000080705,0.12817217304908737,0.020745430817045524,2473.113708965762,301.5882919348357,214.23759817914313,-661576973.5100636,5,long-span vehicular
3541782.729805014,1.0193797899912997,0.8059891233481311,5,0.9999994459358832,99.80613171332011,0.09907984039820764,-3.944295764297563e-14,0.12769684252594926,0.020520262391967723,7938877.091485029,0.12769684252594926,0.020520262391967723,2472.7450109096053,301.58110605347787,214.2305571071259,-664500541.328255,5,long-span vehicular
3557103.0640668524,1.0215289482248813,0.8077287137489444,5,0.9999994716422489,100.0217594710672,0.09865310655156966,1.3091026009669411e-14,0.1272253851946659,0.02030527123332041,7939041.453497675,0.1272253851946659,0.02030527123332041,2472.379472679042,301.57397697240276,214.22360548520837,-667424216.4593519,5,long-span vehicular
3572423.398328691,1.0236735944040747,0.8094645656689115,5,0.9999994953070014,100.23692337556777,0.09823003280027637,-3.910465547215869e-14,0.12675774956146044,0.020099552185799143,7939194.498598406,0.12675774956146044,0.020099552185799143,2472.017049382579,301.5669038929822,214.21673942480479,-670347988.6276894,5,long-span vehicular
3587743.732590529,1.0258137568286376,0.8111967031075722,5,0.9999995171481769,100.45162640749459,0.09781057225648637,-1.2979223768903603e-14,0.126293886580284,0.019902302050930833,7939337.391757289,0.126293886580284,0.019902302050930833,2471.657697032794,301.5598860283875,214.2099554060838,-673271848.6975127,5,long-span vehicular
3603064.0668523675,1.0279494635037316,0.8129251498087816,5,0.999999537355076,100.66587151573408,0.09739467882983215,1.2924035728139034e-14,0.1258337468655723,0.019712804475091297,7939471.17535221,0.1258337468655723,0.019712804475091297,2471.3013722551477,301.55292260369475,214.20325022913886,-676195788.5186957,5,long-span vehicular
3618384.401114206,1.0300807421441946,0.8146499292645063,5,0.9999995560927182,100.87966161785884,0.09698230721042166,-5.147726009037057e-14,0.12537728331817163,0.019530419808311255,7939596.780154931,0.12537728331817163,0.019530419808311255,2470.9480323123394,301.5460128580036,214.19662097389676,-679119800.7996758,5,long-span vehicular
3633704.735376044,1.0322076201787413,0.8163710647185509,5,0.9999995735055124,101.09299960059116,0.0965734128527056,1.2815055741163543e-14,0.12492444781432352,0.019354572966853112,7939715.048201791,0.12492444781432352,0.019354572966853112,2470.597634902402,301.53915603766836,214.1900649616502,-682043878.981981,5,long-span vehicular
3649025.069637883,1.0343301247540782,0.8180885791702117,5,0.9999995897202928,101.30588832025781,0.09616795195904919,0.0,0.12447519438670664,0.019184747620920175,7939826.734679692,0.12447519438670664,0.019184747620920175,2470.2501383457447,301.53235140490654,214.18357973009674,-684968017.1666187,5,long-span vehicular
3664345.4038997213,1.0364482827389472,0.819802495377863,5,0.999999604848844,101.51833060323622,0.09576588146435154,-1.2707898300530474e-14,0.12402947693493908,0.019020477205766412,7939932.526400443,0.12402947693493908,0.019020477205766412,2469.9055012595595,301.5255982301028,214.177163004404,-687892210.0167892,5,long-span vehicular
3679665.73816156,1.0385621207280953,0.8215128358624753,5,0.9999996189900039,101.73032924639233,0.09536715902070737,-5.061995522891094e-14,0.12358725137770962,0.018861340176835894,7940033.043814851,0.12358725137770962,0.018861340176835894,2469.563682469646,301.5188957949671,214.17081267678145,-690816452.696235,5,long-span vehicular
3694986.0724233985,1.0406716650461683,0.8232196229110683,5,0.9999996322314469,101.94188701751017,0.0949717429825514,-5.041007226339341e-14,0.12314847355871325,0.0187069538498588,7940128.853105592,0.12314847355871325,0.0187069538498588,2469.2246411253277,301.51224339259284,214.1645267882291,-693740740.811402,5,long-span vehicular
3710306.406685237,1.042776941751538,0.824922878580099,5,0.9999996446511668,102.15300665571341,0.09457959239215799,-1.2550480641402282e-14,0.12271309902950735,0.018556969679304147,7940220.4739411855,0.12271309902950735,0.018556969679304147,2468.8883363838545,301.50564032556184,214.1583035118635,-696665070.3578701,5,long-span vehicular
3725626.740947075,1.0448779766400553,0.8266226246987872,5,0.9999996563187449,102.36369087187923,0.09419066696549865,-4.99954847531898e-14,0.12228108637189368,0.01841107077691004,7940308.3779218085,0.12228108637189368,0.01841107077691004,2468.554727309701,301.49908590529407,214.1521411380475,-699589437.6725457,5,long-span vehicular
3740947.0752089135,1.0469747952487403,0.8283188828723799,5,0.9999996672964255,102.57394234904433,0.09380492707845954,-3.7343053345527565e-14,0.12185239302743658,0.018268967097498475,7940393.000823006,0.12185239302743658,0.018268967097498475,2468.2237729139606,301.49257945566666,214.14603806495978,-702513839.4075416,5,long-span vehicular
3756267.409470752,1.049067422859402,0.8300116744853547,5,0.9999996776400334,102.78376374280371,0.09342233375330941,-4.958766099917787e-14,0.12142697755459042,0.018130392888370796,7940474.744239843,0.12142697755459042,0.018130392888370796,2467.8954318767096,301.48612030721443,214.13999278468165,-705438272.4818305,5,long-span vehicular
3771587.74373259,1.0511558845021958,0.8317010207045665,5,0.9999996873997598,102.9931576817019,0.09304284864576896,-2.4693117007899322e-14,0.1210048000058709,0.017995104943376767,7940553.975787483,0.1210048000058709,0.017995104943376767,2467.5696622584637,301.4797078024962,214.13400387689887,-708362734.0663509,5,long-span vehicular
3786908.0779944286,1.0532402049591154,0.8333869424823339,5,0.9999996966208334,103.20212676761719,0.09266643403189,-3.688982761533176e-14,0.12058581980295499,0.01786287877347674,7940631.039609444,0.12058581980295499,0.01786287877347674,2467.2464213905305,301.4733412910773,214.12806999829115,-711287221.546255,5,long-span vehicular
3802228.4122562674,1.055320408767425,0.8350694605594724,5,0.9999997053441076,103.4106735761389,0.09229305279586406,-3.674118728428097e-14,0.12016999795121608,0.017733507937711522,7940706.252957975,0.12016999795121608,0.017733507937711522,2466.9256656633274,301.46702013177327,214.1221898764252,-714211732.5043298,5,long-span vehicular
3817548.7465181057,1.057396520223029,0.8367485954682705,5,0.9999997136065639,103.6188006569376,0.09192266841760016,-7.318747996066183e-14,0.11975729627708359,0.01760680214417949,7940779.909886763,0.11975729627708359,0.01760680214417949,2466.607349879611,301.46074369320803,214.11636230426728,-717136264.7045659,5,long-span vehicular
3832869.0807799445,1.059468563383783,0.8384243675354139,5,0.9999997214417418,103.82651053412897,0.09155524496102554,-4.8596628530080927e-14,0.11934767551979132,0.017482584166576404,7940852.2896233825,0.11934767551979132,0.017482584166576404,2466.2914273288807,301.4545113495867,214.11058613184545,-720060816.0629408,5,long-span vehicular
3848189.415041783,1.0615365620727448,0.8400967968848555,5,0.9999997288801279,104.03380570663083,0.0911907470621579,-1.2100789152622395e-14,0.11894109946896948,0.017360691345431258,7940923.64647414,0.11894109946896948,0.017360691345431258,2465.9778485635234,301.4483224869714,214.10486026514147,-722985384.6492193,5,long-span vehicular
3863509.7493036212,1.0636005398813733,0.8417659034406356,5,0.9999997359494837,104.24068864851401,0.09082913991808787,-1.2052804768816035e-14,0.1185375304223893,0.01724097139666427,7940994.224313106,0.1185375304223893,0.01724097139666427,2465.6665613131677,301.4421764969487,214.0991836580626,-725909968.6571647,5,long-span vehicular
3878830.0835654596,1.0656605201726645,0.843431706929651,5,0.9999997426751328,104.44716180934672,0.0904703892756705,-2.401039887159474e-14,0.11813693251291742,0.017123283379342796,7941064.2492073,0.11813693251291742,0.017123283379342796,2465.357509173168,301.4360727796804,214.093555310425,-728834566.4012802,5,long-span vehicular
3894150.417827298,1.067716526084241,0.8450942268843752,5,0.999999749080222,104.65322761453311,0.09011446142086636,-2.391593735958203e-14,0.11773927058149229,0.017007496076290467,7941133.933802715,0.11773927058149229,0.017007496076290467,2465.050630595917,301.4300107430256,214.0879742638993,-731759176.3033139,5,long-span vehicular
3909470.7520891363,1.069768580531381,0.8467534826455306,5,0.9999997551859379,104.85888846564556,0.08976132316802353,-4.7644432388593775e-14,0.11734450887820858,0.01689348637097647,7941203.481761999,0.11734450887820858,0.01689348637097647,2464.7458571529855,301.423989801392,214.08243959822568,-734683796.8805432,5,long-span vehicular
3924791.0863509746,1.071816706209999,0.8484094933647137,5,0.99999976101171,105.06414674075128,0.08941094184979025,-1.1864613352979305e-14,0.11695261251665692,0.016781139445872523,7941273.08465932,0.11695261251665692,0.016781139445872523,2464.4431114433646,301.4180093774685,214.07695042945127,-737608426.741738,5,long-span vehicular
3940111.420612813,1.0738609255995755,0.8500622780069738,5,0.9999997665753824,105.26900479473308,0.08906328530671931,-4.727392071925865e-14,0.11656354817252086,0.01667034819968448,7941342.92230844,0.11656354817252086,0.01667034819968448,2464.1423042833026,301.41206889990275,214.07150590624244,-740533064.5741495,5,long-span vehicular
3955431.754874652,1.0759012609660346,0.851711855353347,5,0.9999997718933701,105.47346495960468,0.08871832187769085,-4.709081750520518e-14,0.11617728228030855,0.01656101204541489,7941413.166857562,0.11617728228030855,0.01656101204541489,2463.843329993228,301.40616780614545,214.0661052090893,-743457709.143883,5,long-span vehicular
3970752.08913649,1.077937734364573,0.8533582440033471,5,0.9999997769807909,105.67752954482036,0.08837602039028723,-4.6909127223704915e-14,0.1157937816777052,0.016453036095796892,7941483.983763127,0.1157937816777052,0.016453036095796892,2463.546060921697,301.40030553715167,214.06074754531465,-746382359.2762002,5,long-span vehicular
3986072.423398329,1.0799703676424437,0.855001462377411,5,0.9999997818515964,105.88120083757929,0.08803635015119109,-7.009325037462406e-14,0.11541301356338593,0.016346331344472352,7941555.530453158,0.11541301356338593,0.016346331344472352,2463.2503384591378,301.39448154315045,214.0554321505685,-749307013.8657845,5,long-span vehicular
4001392.7576601673,1.0819991824416877,0.8566415287193043,5,0.9999997865186693,106.0844811031247,0.08769928093726967,0.0,0.11503494696139681,0.01624081446391699,7941627.954801108,0.11503494696139681,0.01624081446391699,2462.9559598227024,301.3886952796241,214.0501582847854,-752231671.8607569,5,long-span vehicular
4016713.0919220056,1.084024200201825,0.8582784610984839,5,0.9999997909939317,106.28737258503777,0.08736478298636458,-3.477927922541159e-14,0.11465954947079059,0.016136405807315957,7941701.403831242,0.11465954947079059,0.016136405807315957,2462.6626576753483,301.3829462070395,214.04492523073614,-755156332.258921,5,long-span vehicular
4032033.426183844,1.0860454421624963,0.8599122774124214,5,0.9999997952884206,106.4898775055266,0.0870328269888459,-3.4647129977922985e-14,0.1142867902456509,0.016033030793527445,7941776.015612349,0.1142867902456509,0.016033030793527445,2462.3700673674425,301.37723379383,214.03973229392156,-758080994.1097006,5,long-span vehicular
4047353.7604456823,1.0880629293660629,0.861542995388885,5,0.9999997994123749,106.69199806571008,0.08670338407871381,-3.4515981172087765e-14,0.11391663923620052,0.015930618930682258,7941851.923160995,0.11391663923620052,0.015930618930682258,2462.077672277942,301.37155751301424,214.03457879998587,-761005656.5040797,5,long-span vehicular
4062674.0947075207,1.090076682660162,0.863170632588185,5,0.9999998033753019,106.89373644589705,0.0863764258253944,-5.730970248319452e-14,0.11354906579829992,0.015829102850298822,7941929.257410249,0.11354906579829992,0.015829102850298822,2461.784708592699,301.3659168429438,214.02946409357128,-763930318.5722221,5,long-span vehicular
4077994.428969359,1.0920867227002211,0.8647952064053794,5,0.9999998071860364,107.09509480586084,0.08605192422565194,0.0,0.1131840407169497,0.015728419208678176,7942008.142499079,0.1131840407169497,0.015728419208678176,2461.4899886561248,301.3603112688663,214.02438753820678,-766854979.4844985,5,long-span vehicular
4093314.7632311974,1.0940930699519282,0.8664167340724428,5,0.9999998108528037,107.29607528510884,0.08572985169538698,-5.688070845303791e-14,0.11282153445970072,0.01562850725916631,7942088.70139887,0.11282153445970072,0.01562850725916631,2461.1915511979105,301.35474027912795,214.01934851357183,-769779638.440539,5,long-span vehicular
4108635.097493036,1.0960957446936657,0.8680352326603993,5,0.9999998143832655,107.49668000314783,0.08541018106194655,-9.066977743375099e-14,0.11246151898113246,0.015529309776224734,7942171.050877751,0.11246151898113246,0.015529309776224734,2460.8859063045984,301.349203368576,214.0143464160938,-772704294.6741853,5,long-span vehicular
4123955.4317548745,1.0980947670188974,0.8696507190814187,5,0.9999998177845686,107.69691105974482,0.08509288555647042,-4.5166471366019156e-14,0.11210396529995208,0.015430771585383033,7942255.307919538,0.11210396529995208,0.015430771585383033,2460.566222343568,301.3437000373248,214.00938065761898,-775628947.4487499,5,long-span vehicular
4139275.7660167133,1.100090156838526,0.8712632100908795,5,0.9999998210633855,107.89677053518334,0.08477793880645214,-6.749895106735332e-14,0.1117488463097015,0.015332840598458774,7942341.58371585,0.1117488463097015,0.015332840598458774,2460.2173441706677,301.338229788889,214.0044506638309,-778553596.0511101,5,long-span vehicular
4154596.1002785517,1.102081933883202,0.8728727222893949,5,0.9999998242259504,108.0962604905157,0.08446531482825191,-2.2416681480855297e-14,0.11139613360949703,0.015235466248795022,7942429.9909885125,0.11139613360949703,0.015235466248795022,2459.799837640882,301.33279213211694,213.99955587442105,-781478239.794467,5,long-span vehicular
4169916.43454039,1.1040701177056031,0.8744792721248082,5,0.9999998272780973,108.295382967811,0.08415498802027685,-4.4668644527315535e-14,0.11104580082916692,0.01513860089061816,7942520.636565712,0.11104580082916692,0.01513860089061816,2459.1955486399283,301.3273865807635,213.9946957421567,-784402878.014611,5,long-span vehicular
4185236.7688022284,1.1060547276826722,0.8760828758941528,5,0.9999998302252884,108.49413999039888,0.08384693315563244,-7.788398103190342e-14,0.11069782066273359,0.015042198120405813,7942613.628869583,0.11069782066273359,0.015042198120405813,2667.3627538893347,301.322012651644,213.9898697316386,-787327510.066122,5,long-span vehicular
4200557.103064067,1.1080357830178211,0.8776835497455816,5,0.9999998330726457,108.6925335631095,0.08354112537555552,-6.651421835947417e-14,0.1103521678141112,0.014946214304103044,7942709.070363969,0.1103521678141112,0.014946214304103044,2460.0280764018567,301.31666986694285,213.985077319936,-790252135.3262086,5,long-span vehicular
4215877.437325905,1.1100133027430985,0.8792813096802639,5,0.9999998358249708,108.89056567250951,0.08323754018258192,-6.627250828284574e-14,0.11000881535180522,0.014850606347717404,7942807.067331877,0.11000881535180522,0.014850606347717404,2459.5721556800345,301.31135775219224,213.9803179945417,-793176753.1867707,5,long-span vehicular
4231197.771587743,1.1119873057213232,0.8808761715542516,5,0.999999838486775,109.088238287134,0.0829361534340604,-4.402169905029056e-14,0.10966773821633313,0.014755333542472968,7942907.721132845,0.10966773821633313,0.014755333542472968,2459.2165809643666,301.3060758370117,213.9755912539486,-796101363.0578232,5,long-span vehicular
4246518.105849582,0.8879134434981745,0.8824681510803155,4,0.9999998410622946,109.28555335771489,0.08263694133574138,0.0,0.1093289115331323,0.014660356408752571,7943011.132998742,0.1093289115331323,0.014660356408752571,2458.90369115107,301.30082365363756,213.97089660612644,-799025964.3613697,5,long-span vehicular
4261838.440111421,0.8894928184469902,0.884057263829751,4,0.9999998435555186,109.48251281740555,0.08233988043551485,-4.3705203174765586e-14,0.10899231012147516,0.014565636728090275,7943117.404344754,0.10899231012147516,0.014565636728090275,2458.612641478522,301.295600740018,213.96623356993464,-801950556.539648,5,long-span vehicular
4277158.774373259,0.8910693940388453,0.8856435252341549,4,0.9999998459701972,109.6791185820017,0.08204494761728279,-4.354865571956454e-14,0.10865790994119533,0.014471137582423915,7943226.63456136,0.10865790994119533,0.014471137582423915,2458.334523137727,301.29040663494027,213.96160167179087,-804875139.0402137,5,long-span vehicular
4292479.108635098,0.8926431851063108,0.8872269505871745,4,0.9999998483098667,109.8753725501589,0.08175212009498453,-4.339322573484189e-14,0.10832568571527865,0.01437682251852407,7943338.927033364,0.10832568571527865,0.01437682251852407,2458.0649680621036,301.28524088091297,213.95700044745516,-807799711.3246692,5,long-span vehicular
4307799.442896936,0.8942142063514334,0.8888075550462269,4,0.9999998505778603,110.0712766036064,0.08146137540661993,-8.647780259604442e-14,0.10799561584118218,0.014282658109416287,7943454.374649397,0.10799561584118218,0.014282658109416287,2457.801598457306,301.28010302651813,213.9524294426124,-810724272.874,5,long-span vehicular
4323119.777158774,0.8957824723473374,0.890385353634193,4,0.9999998527773208,110.26683260735774,0.08117269140872276,-6.46285059833035e-14,0.10766767520747776,0.014188609388870302,7943573.082438172,0.10766767520747776,0.014188609388870302,2457.543011674678,301.27499261811334,213.94788820802697,-813648823.164349,5,long-span vehicular
4338440.111420613,0.8973479975398022,0.8919603612410824,4,0.9999998549112189,110.46204240991779,0.08088604627050035,-1.0733380554958484e-13,0.10734184148825131,0.01409464411839203,7943695.146831834,0.10734184148825131,0.01409464411839203,2457.2883257754543,301.2699092097391,213.94337630505726,-816573361.6964678,5,long-span vehicular
4353760.445682451,0.8989107962488143,0.8935325926256733,4,0.9999998569823588,110.65690784348664,0.08060141846856761,0.0,0.10701809161985955,0.01400072979986291,7943820.669359738,0.10701809161985955,0.01400072979986291,2457.0369567129574,301.26485235349725,213.9388932997707,-819497887.9662193,5,long-span vehicular
4369080.7799442895,0.900470882670096,0.8951020624171261,4,0.999999858993393,110.85143072416032,0.08031878678121628,-2.1316213215617267e-14,0.1066964035078638,0.013906835386838384,7943949.748489465,0.1066964035078638,0.013906835386838384,2456.7885006031165,301.25982160707974,213.93443876699996,-822422401.4870694,5,long-span vehicular
4384401.114206128,0.9020282708766098,0.8966687851165713,4,0.9999998609468317,111.04561285212817,0.08003813028356908,-6.372518506104641e-14,0.1063767545876443,0.013812930011148583,7944082.485824057,0.1063767545876443,0.013812930011148583,2456.5426674653854,301.25481652945376,213.93001228773957,-825346901.7769779,5,long-span vehicular
4399721.448467966,0.9035829748200387,0.8982327750986728,4,0.9999998628450505,111.23945601186728,0.07975942834209417,-8.467104888558577e-14,0.1060591238653265,0.013718984170248258,7944218.979760348,0.1060591238653265,0.013718984170248258,2456.299242448678,301.24983668241794,213.92561344991051,-828271388.3634526,5,long-span vehicular
4415041.7827298045,0.9051350083322461,0.8997940466131671,4,0.9999998646903004,111.43296197233371,0.0794826606096768,-4.218861883747089e-14,0.10574348879232282,0.013624967704035566,7944359.335585578,0.10574348879232282,0.013624967704035566,2456.058061619081,301.2448816272274,213.9212418461699,-831195860.7734232,5,long-span vehicular
4430362.116991643,0.9066843851267098,0.901352613786377,4,0.9999998664847171,111.62613248715104,0.0792078070206672,-6.306409386110471e-14,0.10542982878867639,0.0135308520825198,7944503.653875099,0.10542982878867639,0.0135308520825198,2455.818996631912,301.2399509292074,213.91689707641635,-834120318.5467036,5,long-span vehicular
4445682.451253482,0.9082311187999366,0.9029084906227036,4,0.9999998682303229,111.81896929479551,0.0789348477859259,-4.189784514874145e-14,0.1051181229159876,0.01343660889670765,7944652.037596391,0.1051181229159876,0.01343660889670765,2455.5819447808867,301.235044155385,213.91257874609363,-837044761.2289698,5,long-span vehicular
4461002.7855153205,0.909775222832854,0.9044616910060946,4,0.9999998699290419,112.01147411877875,0.07866376338828455,-6.263093430289543e-14,0.10480835048975304,0.01334221000786274,7944804.591946803,0.10480835048975304,0.01334221000786274,2455.3468218756275,301.2301608727674,213.90828646550526,-839969188.3678665,5,long-span vehicular
4476323.119777159,0.9113167105921813,0.9060122287014891,4,0.9999998715826975,112.20364866782745,0.07839453457768371,-2.0805526091285425e-14,0.10450049108646355,0.013247627710843807,7944961.422670716,0.10450049108646355,0.013247627710843807,2455.113557846791,301.2253006505167,213.90401985048592,-842893599.5184212,5,long-span vehicular
4491643.454038997,0.9128555953317797,0.9075601173562414,4,0.9999998731930259,112.39549463606039,0.07812714236672107,-2.0734561506167863e-14,0.10419452506906648,0.013152834953276628,7945122.635144068,0.10419452506906648,0.013152834953276628,2454.8820929918274,301.2204630593579,213.8997785222066,-845817994.2428223,5,long-span vehicular
4506963.7883008355,0.9143918901939816,0.9091053705015223,4,0.9999998747616743,112.5870137031625,0.07786156802618736,-4.1328158749932856e-14,0.10389043219627597,0.013057804322458184,7945288.339735072,0.10389043219627597,0.013057804322458184,2454.652375974948,301.21564766940986,213.89556210575992,-848742372.1031227,5,long-span vehicular
4522284.122562674,0.9159256082109,0.9106480015536987,4,0.999999876290213,112.7782075345566,0.07759779308058992,-6.178222438317649e-14,0.10358819344413904,0.012962509334162119,7945458.644368224,0.10358819344413904,0.012962509334162119,2454.424361725842,301.2108540532688,213.89137023175715,-851666732.6718998,5,long-span vehicular
4537604.456824512,0.9174567623057184,0.9121880238156935,4,0.9999998777801358,112.96907778157234,0.07733579930405421,-6.157362878212832e-14,0.10328778876255407,0.012866922850387848,7945633.663522214,0.10328778876255407,0.012866922850387848,2454.1980102402945,301.20608178229287,213.88720253429776,-854591075.5211406,5,long-span vehicular
4552924.791086351,0.9189853652939616,0.9137254504783238,4,0.9999998792328646,113.15962608161253,0.07707556871602186,-6.136643700586543e-14,0.1029891998184735,0.012771018818929922,7945813.508127125,0.1029891998184735,0.012771018818929922,2453.973285630263,301.2013304299573,213.8830586525852,-857515400.2330359,5,long-span vehicular
4568245.12534819,0.9205114298847467,0.9152602946216181,4,0.999999880649756,113.34985405831708,0.07681708357703519,-4.077375662036058e-14,0.1026924078020049,0.012674770945844228,7945998.293487876,0.1026924078020049,0.012674770945844228,2453.7501551773776,301.1965995701752,213.87893823002364,-860439706.3951517,5,long-span vehicular
4583565.459610028,0.9220349686820154,0.9167925692161157,4,0.9999998820321004,113.53976332172445,0.07656032638489074,-6.095620862114071e-14,0.10239739407716339,0.012578152787061739,7946188.137673648,0.10239739407716339,0.012578152787061739,2453.528588975864,301.1918887749123,213.87484091285455,-863363993.5948424,5,long-span vehicular
4598885.793871867,0.9235559941857503,0.9183222871241455,4,0.9999998833811318,113.7293554684305,0.0763052798706064,-8.100419243778481e-14,0.10210414058830924,0.012481138295844775,7946383.159347367,0.10210414058830924,0.012481138295844775,2453.308559283775,301.18719761740317,213.87076635192932,-866288261.4294674,5,long-span vehicular
4614206.128133705,0.9250745187931695,0.9198494611010851,4,0.9999998846980265,113.91863208174527,0.07605192699446889,-6.055142848541324e-14,0.1018126287841827,0.012383700969924045,7946583.481976557,0.1018126287841827,0.012383700969924045,2453.090040201766,301.1825256699947,213.86671420126865,-869212509.4998021,5,long-span vehicular
4629526.462395543,0.9265905547999066,0.9213741037966023,4,0.9999998859839082,114.10759473184713,0.0758002509424616,-2.0117015901742286e-14,0.10152284158334941,0.012285815010091433,7946789.2273161495,0.10152284158334941,0.012285815010091433,2452.873007447281,301.17787250534843,213.8626841188151,-872136737.4156189,5,long-span vehicular
4644846.796657382,0.9281041144011717,0.9228962277558769,4,0.9999998872398503,114.29624497593473,0.07555023512224152,-6.015198877726359e-14,0.101234761334909,0.012187454088301896,7947000.5223251255,0.101234761334909,0.012187454088301896,2452.657437997856,301.17323769444647,213.85867576542714,-875060944.7910777,5,long-span vehicular
4660167.13091922,0.9296152096928963,0.9244158454208055,4,0.9999998884668768,114.48458435837685,0.07530186315979541,-5.995423866472626e-14,0.10094837036656441,0.012088591747807458,7947217.49721654,0.10094837036656441,0.012088591747807458,2452.4433100510614,301.1686208081044,213.8546888055823,-877985131.24954,5,long-span vehicular
4675487.465181058,0.9311238526728611,0.925932969131188,4,0.9999998896659696,114.67261441085978,0.07505511889564358,-5.975778450169023e-14,0.10066365207304226,0.011989201671944913,7947440.282936719,0.10066365207304226,0.011989201671944913,2452.2306025632374,301.1640214149969,213.85072290607306,-880909296.4185699,5,long-span vehicular
4690807.799442897,0.9326300552418073,0.9274476111258969,4,0.9999998908380655,114.8603366525327,0.07480998638143571,-7.941681812041729e-14,0.10038058960492847,0.011889257367119368,7947669.0138437385,0.10038058960492847,0.011889257367119368,2452.0192956279393,301.1594390835844,213.84677773749277,-883833439.939029,5,long-span vehicular
4706128.133704735,0.9341338292045317,0.9289597835440284,4,0.9999998919840638,115.04775259015088,0.07456644987649466,-3.9579142265398857e-14,0.10009916536272428,0.011788731619294102,7947903.830890229,0.10009916536272428,0.011788731619294102,2451.8093697794166,301.15487338036183,213.84285297310896,-886757561.4599262,5,long-span vehicular
4721448.467966573,0.9356351862709662,0.9304694984260384,4,0.9999998931048222,115.23486371821676,0.07432449384444705,-7.89014287402848e-14,0.09981936446929708,0.01168759817272826,7948144.870509087,0.09981936446929708,0.01168759817272826,2451.6008063535537,301.1503238696995,213.8389482884784,-889681660.6390945,5,long-span vehicular
4736768.802228412,0.9371341380572422,0.9319767677148604,4,0.9999998942011643,115.421671519119,0.07408410294993895,-3.932311723457299e-14,0.09954116976809478,0.011585829395339742,7948392.279971824,0.09954116976809478,0.011585829395339742,2451.39358715986,301.1457901144621,213.83506336235118,-892605737.1483325,5,long-span vehicular
4752089.13649025,0.9386306960867381,0.9334816032570079,4,0.9999998952738791,115.60817746326956,0.07384526205529762,-5.879451423568994e-14,0.09926456582820523,0.011483398085010784,7948646.2056044545,0.09926456582820523,0.011483398085010784,2451.1876944832143,301.1412716747883,213.83119787576632,-895529790.6715075,5,long-span vehicular
4767409.470752088,0.9401248717911143,0.9349840168036613,4,0.9999998963237223,115.79438300923862,0.07360795621755054,-7.814076641237671e-14,0.09898953605753649,0.011380276000743782,7948906.801486275,0.09898953605753649,0.011380276000743782,2450.983111135075,301.136768108033,213.82735151195797,-898453820.9052128,5,long-span vehicular
4782729.805013928,0.9416166765113306,0.9364840200117377,4,0.9999998973514187,115.98028960388774,0.07337217068513172,-5.841784582765698e-14,0.09871606574017634,0.011276435556204042,7949174.220074121,0.09871606574017634,0.011276435556204042,2450.779820134136,301.13227896999547,213.82352395735205,-901377827.5667679,5,long-span vehicular
4798050.139275766,0.943106121498651,0.937981624444946,4,0.9999998983576636,116.16589868250101,0.07313789089482596,-3.882087713056102e-14,0.09844413832897593,0.011171847580910832,7949448.624435444,0.09844413832897593,0.011171847580910832,2450.5778049553337,301.1278038118404,213.81971489969717,-904301810.3859932,5,long-span vehicular
4813370.473537604,0.9445932179156342,0.9394768415748282,4,0.9999998993431252,116.35121166891436,0.07290510246892609,-3.869731531099037e-14,0.09817374044346658,0.011066484298575584,7949730.1721007535,0.09817374044346658,0.011066484298575584,2450.3770492176745,301.12334218394943,213.81592403061296,-907225769.12146,5,long-span vehicular
4828690.807799443,0.9460779768371089,0.9409696827817835,4,0.9999999003084435,116.53622997564291,0.07267379121219367,-7.714907511669035e-14,0.09790485544583753,0.010960315356514263,7950019.036531834,0.09790485544583753,0.010960315356514263,2450.177536957054,301.11889362960346,213.81215104185839,-910149703.5428245,5,long-span vehicular
4844011.142061281,0.9475604092511368,0.9424601593560789,4,0.9999999012542351,116.72095500400668,0.07244394310885814,-3.845253643323253e-14,0.0976374694476293,0.010853311611013033,7950315.386846302,0.0976374694476293,0.010853311611013033,2449.9792522298967,301.11445769154903,213.80839562940156,-913073613.4560008,5,long-span vehicular
4859331.47632312,0.9490405260599604,0.9439482824988459,4,0.9999999021810905,116.9053881442544,0.07221554432005602,-9.58282614751954e-14,0.09737156752205735,0.010745442548486561,7950619.401001914,0.09737156752205735,0.010745442548486561,2449.782179366906,301.1100339064311,213.80465749010176,-915997498.6883585,5,long-span vehicular
4874651.810584959,0.9505183380809393,0.9454340633230623,4,0.999999903089577,117.08953077568547,0.07198858118076441,-7.64216695513044e-14,0.09710713502050967,0.010636677328418408,7950931.26151921,0.09710713502050967,0.010636677328418408,2449.5863028466006,301.10562180729664,213.80093632381528,-918921359.1030791,5,long-span vehicular
4889972.144846797,0.9519938560474723,0.9469175128545207,4,0.9999999039802425,117.27338426677052,0.07176304019728723,0.0,0.09684415830172884,0.01052698480750892,7951251.153863457,0.09684415830172884,0.01052698480750892,2449.3916072491443,301.1012209218173,213.7972318319924,-921845194.5956044,5,long-span vehicular
4905292.479108635,0.9534670906099066,0.948398642032783,4,0.9999999048536113,117.45694997526982,0.07153890804450377,-5.695822900970303e-14,0.09658262265107945,0.010416332779397573,7951579.271757873,0.09658262265107945,0.010416332779397573,2449.1980771290305,301.09683077370767,213.79354371904296,-924769005.10558,5,long-span vehicular
4920612.813370474,0.9549380523364353,0.9498774617121211,4,0.9999999057101905,117.64022924835048,0.07131617156318774,-5.6780889491133336e-14,0.0963225145902028,0.010304688753968776,7951915.812408318,0.0963225145902028,0.010304688753968776,2449.005697265856,301.09245087961915,213.78987169092863,-927692790.6125784,5,long-span vehicular
4935933.147632312,0.9564067517139813,0.9513539826624458,4,0.9999999065504652,117.82322342270167,0.07109481775752693,-5.6604650838649567e-14,0.09606382001078337,0.01019201925438608,7952260.980503142,0.09606382001078337,0.01019201925438608,2448.814452373673,301.08808075154406,213.78621545642952,-930616551.1492335,5,long-span vehicular
4951253.48189415,0.9578731991490698,0.9528282155702215,4,0.9999999073749049,118.0059338246484,0.07087483379259507,-5.642950283324165e-14,0.09580652601227221,0.010078290618891119,7952614.983695813,0.09580652601227221,0.010078290618891119,2448.624327111718,301.0837198953593,213.78257472692925,-933540286.8051096,5,long-span vehicular
4966573.816155989,0.9593374049686887,0.9543001710393683,4,0.9999999081839602,118.18836177026364,0.07065620699175788,-5.6255435381989365e-14,0.09555061849109056,0.009963467760935669,7952978.039849327,0.09555061849109056,0.009963467760935669,2448.435306196671,301.0793678106276,213.7789492164813,-936463997.7333648,5,long-span vehicular
4981894.150417827,0.9607993794211372,0.9557698595921524,4,0.9999999089780656,118.370508565479,0.07043892483438877,-5.608243851612359e-14,0.0952960846631336,0.009847515154828552,7953350.3711639885,0.0952960846631336,0.009847515154828552,2448.2473741823515,301.07502398813295,213.77533864099902,-939387684.1523696,5,long-span vehicular
4997214.484679665,0.9622591326768621,0.9572372916700634,4,0.9999999097576403,118.55237550619371,0.07022297495336552,-5.5910502389123214e-14,0.09504291124359904,0.009730396389107583,7953732.207011397,0.09504291124359904,0.009730396389107583,2448.0605156169418,301.07068791382153,213.77174272068189,-942311346.3681704,5,long-span vehicular
5012534.818941504,0.9637166748292838,0.9587024776346795,4,0.9999999105230877,118.73396387838224,0.0700083451327245,-3.715974484989795e-14,0.09479108563728479,0.009612074283770203,7954123.7830394115,0.09479108563728479,0.009612074283770203,2447.874714839921,301.06635906467056,213.7681611783543,-945234984.7728707,5,long-span vehicular
5027855.153203342,0.9651720158956101,0.9601654277685219,4,0.9999999112747971,118.91527495820038,0.06979502330545027,-5.556977356569919e-14,0.09454059463558528,0.009492510250260244,7954525.34519286,0.09454059463558528,0.009492510250260244,2447.689955980601,301.06203690878294,213.76459373998847,-948158599.8567607,5,long-span vehicular
5043175.48746518,0.9666251658176402,0.9616261522758955,4,0.9999999120131442,119.09631001208987,0.06958299755113932,-7.386794902777284e-14,0.09429142606599092,0.00937166536895276,7954937.143521481,0.09429142606599092,0.00937166536895276,2447.506223015113,301.05772090732484,213.76104013649382,-951082192.2299695,5,long-span vehicular
5058495.821727019,0.968076134462556,0.9630846612837207,4,0.999999912738492,119.27707029688162,0.06937225609377991,-1.8411057504788373e-14,0.09404356720534592,0.00924949910415989,7955359.4388602935,0.09404356720534592,0.00924949910415989,2447.323499586988,301.05341051049675,213.75750010195966,-954005762.6242219,5,long-span vehicular
5073816.155988857,0.9695249316237048,0.9645409648423515,4,0.999999913451188,119.45755705989747,0.06916278729966388,-5.5066396533673923e-14,0.09379700555556703,0.009125970009663902,7955792.500394422,0.09379700555556703,0.009125970009663902,2447.1417690669623,301.04910515989656,213.75397337610528,-956929311.919547,5,long-span vehicular
5089136.490250696,0.9709715670213697,0.965995072926384,4,0.9999999141515716,119.63777153905068,0.06895457967508,-1.8300208225887072e-14,0.09355172985844266,0.009001036021262754,7956236.602405081,0.09355172985844266,0.009001036021262754,2446.961014454341,301.0448042869028,213.75045970398872,-959852841.1590037,5,long-span vehicular
5104456.824512535,0.9724160503035306,0.9674469954354528,4,0.9999999148399688,119.81771496294488,0.0687476218643226,-1.824528263503175e-14,0.0933077271534936,0.008874652931378624,7956692.034184672,0.0933077271534936,0.008874652931378624,2446.7812182451653,301.04050731170616,213.74695883663304,-962776351.5690815,5,long-span vehicular
5119777.158774373,0.9738583910466156,0.9688967421950185,4,0.9999999155166927,119.99738855097192,0.06854190264762662,-7.276274304395142e-14,0.09306498617275721,0.008746775901775961,7957159.090615603,0.09306498617275721,0.008746775901775961,2446.6023624168834,301.03621364223534,213.7434705314784,-965699844.581461,5,long-span vehicular
5135097.4930362115,0.9752985987562411,0.9703443229571427,4,0.9999999161820495,120.17679351340817,0.06833741093917611,-5.4409243984858713e-14,0.09282349490586327,0.008617358644334546,7957638.077845841,0.09282349490586327,0.008617358644334546,2446.4244284601837,301.0319226770541,213.73999455537404,-968623321.8739034,5,long-span vehicular
5150417.82729805,0.9767366828679426,0.9717897474012527,4,0.9999999139339081,120.35593105150974,0.06813413578491309,-1.8082466429797556e-14,0.09258324201270181,0.008486353509012296,7958129.311898446,0.09258324201270181,0.008486353509012296,2446.247397031196,301.0276337999945,213.73653068311867,-971546785.3861408,5,long-span vehicular
5165738.161559889,0.9781726527478964,0.9732330251348986,4,0.9999999110037834,120.5348023576062,0.06793206636094427,-3.605767638575969e-14,0.09234421605154933,0.008353711281781405,7958633.120670356,0.09234421605154933,0.008353711281781405,2446.071248126079,301.02334638166667,213.73307870005962,-974470237.3647679,5,long-span vehicular
5181058.495821727,0.9796065176936305,0.9746741656944958,4,0.9999999079724311,120.71340861519325,0.06773119197116728,-5.3926581336605926e-14,0.0921064051442849,0.008219380968407656,7959149.844904771,0.0921064051442849,0.008219380968407656,2445.8959607764386,301.01905977929766,213.7296384037361,-977393680.4066547,5,long-span vehicular
5196378.830083566,0.981038286934728,0.9761131785460622,4,0.999999904835835,120.89175099902404,0.06753150204574522,-1.792253038257608e-14,0.09186979908314674,0.008083310842008463,7959679.832209162,0.09186979908314674,0.008083310842008463,2445.721512932155,301.01477333594846,213.7262096060888,-980317117.5102855,5,long-span vehicular
5211699.164345404,0.9824679696335196,0.9775500730859426,4,0.9999999015897875,121.06983067519937,0.06733298613912575,0.0,0.09163438613905484,0.0079454464804186,7960223.448652642,0.09163438613905484,0.0079454464804186,2445.5478814325616,301.0104863778943,213.72279213428547,-983240552.1258706,5,long-span vehicular
5227019.4986072425,0.9838955748857673,0.9789848586415252,4,0.9999998982298764,121.24764880125663,0.06713563392823753,-3.5634937840336455e-14,0.0914001555251842,0.007805732229608092,7960781.070202794,0.0914001555251842,0.007805732229608092,2445.375041688876,301.00619821567193,213.7193858346936,-986163988.230399,5,long-span vehicular
5242339.832869081,0.985321111721341,0.9804175444719471,4,0.9999998947514798,121.42520652625751,0.06693943521059391,-3.5530797480016663e-14,0.09116709636518588,0.007664110366420525,7961353.088224561,0.09116709636518588,0.007664110366420525,2445.2029675549393,301.0019081423574,213.7159905751661,-989087430.4015948,5,long-span vehicular
5257660.167130919,0.9867445891048826,0.9818481397687921,4,0.9999998911497452,121.6025049908747,0.0667443799027132,-7.085452806081204e-14,0.09093519858116483,0.007520521711869745,7961939.904919923,0.09093519858116483,0.007520521711869745,2445.0316310221015,300.9976154338563,213.7126062495298,-992010883.9166588,5,long-span vehicular
5272980.5013927575,0.9881660159364661,0.9832766536567787,4,0.9999998874195815,121.77954532747742,0.06655045803823094,-8.831083050368642e-14,0.09070445087578215,0.007374904210385077,7962541.9430384645,0.09070445087578215,0.007374904210385077,2444.8610019998587,300.9933193456952,213.70923278066118,-994934354.8523668,5,long-span vehicular
5288300.835654596,0.989585401052245,0.9847030951944388,4,0.9999998835556462,121.9563286602157,0.06635765976629145,-1.0566599029348122e-13,0.09047484340541087,0.0072271944817982195,7963159.636152394,0.09047484340541087,0.0072271944817982195,2444.6910479248463,300.9890191145845,213.70587012715217,-997857850.2239275,5,long-span vehicular
5303621.169916434,0.9910027532250943,0.986127473374788,4,0.9999998795523263,122.13285610510373,0.06616597534994974,-7.024050510230185e-14,0.09024636559980607,0.007077326297659638,7963793.437618965,0.09024636559980607,0.007077326297659638,2444.5217334006347,300.98471395476906,213.70251828788528,-1000781378.1285735,5,long-span vehicular
5318941.504178273,0.9924180811652423,0.9875497971259872,4,0.9999998754037228,122.30912877010199,0.06597539516435598,-3.501909445267943e-14,0.09001900731947964,0.006925231309175642,7964443.81704724,0.09001900731947964,0.006925231309175642,2444.353019765118,300.9804030588554,213.69917731084925,-1003704947.9369322,5,long-span vehicular
5334261.838440111,0.993831393520896,0.9889700753119954,4,0.9999998711036384,122.48514775519851,0.06578590969523299,-1.7459258709501662e-14,0.08979275831641353,0.006770838678102046,7965111.262309697,0.08979275831641353,0.006770838678102046,2444.184864416316,300.97608559702513,213.69584730219069,-1006628570.5137511,5,long-span vehicular
5349582.172701949,0.9952426988788567,0.990388316733214,4,0.9999998666455525,122.66091415248881,0.06559750953729299,-3.4818516457897095e-14,0.08956760938436374,0.006614075263329355,7965796.277967798,0.08956760938436374,0.006614075263329355,2444.017220165338,300.9717607134631,213.69252843592506,-1009552258.4756472,5,long-span vehicular
5364902.506963788,0.9966520057651291,0.9918045301271236,4,0.9999998620226072,122.83642904625506,0.06541018539269873,-3.4719086634159586e-14,0.08934354965816904,0.006454864313520215,7966499.394670476,0.08934354965816904,0.006454864313520215,2443.850034592258,300.96742752639807,213.68922096812835,-1012476026.5183369,5,long-span vehicular
5380222.841225626,0.9980593226455229,0.993218724168911,4,0.9999998572275808,123.01169351304401,0.06522392806955099,-1.7310111534401078e-14,0.08912057006226219,0.006293127118899586,7967221.15803317,0.08912057006226219,0.006293127118899586,2443.683248729944,300.9630851274841,213.6859252536497,-1015399891.8128489,5,long-span vehicular
5395543.175487465,0.9994646579262443,0.9946309074720908,4,0.9999998522528735,123.18670862174416,0.06503872848029826,-1.7260960469125285e-14,0.08889866122691038,0.006128781691185215,7967962.137112638,0.08889866122691038,0.006128781691185215,2443.516796090146,300.95873257913416,213.68264176562786,-1018323874.4846747,5,long-span vehicular
5410863.509749304,1.0008680199544837,0.9960410885891154,4,0.999999847090472,123.36147543366168,0.06485457764034551,-1.7212087736780273e-14,0.0886778125720323,0.005961742091930425,7968722.929557464,0.0886778125720323,0.005961742091930425,2443.3506011304885,300.95436891246015,213.6793711203756,-1021247998.2095964,5,long-span vehicular
5426183.844011142,1.0022694170189936,0.9974492760119812,4,0.9999998417319343,123.53599500259566,0.06467146666649781,-5.149047293946973e-14,0.08845801590431412,0.005791920284173467,7969504.14893715,0.08845801590431412,0.005791920284173467,2443.1845772243337,300.94999312743687,213.6761141096929,-1024172290.9666203,5,long-span vehicular
5441504.17827298,0.9988554781728239,0.9988554781728239,1,0.9999998361683529,123.71026837491202,0.0644893867757211,-5.134550360178502e-14,0.08823926139298649,0.005619223855573151,7970306.440431385,0.08823926139298649,0.005619223855573151,2443.0186244375586,300.9456041904239,213.6728717399502,-1027096785.9708658,5,long-span vehicular
5456824.512534819,1.0002597034445084,1.0002597034445084,1,0.9999998303903311,123.88429658961694,0.06430832928346314,-6.826846437712237e-14,0.08802153980225133,0.0054435567486555815,7971130.475344736,0.08802153980225133,0.0054435567486555815,2442.852626556716,300.9412010308697,213.66964528133084,-1030021522.8548912,5,long-span vehicular
5472144.846796658,1.0016619601412102,1.0016619601412102,1,0.9999998243879492,124.058080678429,0.06412828560264931,-5.105800014562842e-14,0.08780484221072885,0.005264819199291595,7971976.952315644,0.08780484221072885,0.005264819199291595,2442.68644723594,300.9367825411583,213.66643633334635,-1032946549.1943712,5,long-span vehicular
5487465.181058496,1.003062256518989,1.003062256518989,1,0.9999998181507266,124.23162166585053,0.06394924724179579,-5.09154524294858e-14,0.08758915971727478,0.005082907233460981,7972846.600649192,0.08758915971727478,0.005082907233460981,2442.5199249718016,300.9323475737602,213.66324690748374,-1035871922.4660718,5,long-span vehicular
5502785.515320335,1.004460600776358,1.004460600776358,1,0.9999998116675893,124.4049205692381,0.06377120580430504,-3.384913229936287e-14,0.0873744830702029,0.0048977123385376825,7973740.182225649,0.0873744830702029,0.0048977123385376825,2442.3528669069824,300.9278949394471,213.66007953633945,-1038797712.6133013,5,long-span vehicular
5518105.849582173,1.0058570010548402,1.0058570010548402,1,0.9999998049268254,124.57797839887218,0.063594152986541,-5.0632731593178715e-14,0.08716080373076356,0.0047091215639480455,7974658.491402517,0.08716080373076356,0.0047091215639480455,2442.1850401570864,300.92342340341054,213.6569374170909,-1041724005.4302331,5,long-span vehicular
5533426.183844011,1.0072514654395257,1.0072514654395257,1,0.9999997979160428,124.75079615802571,0.06341808057706405,-3.366169688265359e-14,0.08694811293984964,0.004517017029764413,7975602.358370625,0.08694811293984964,0.004517017029764413,2442.016160603131,300.9189316845119,213.65382460594716,-1044650907.1128875,5,long-span vehicular
5548746.51810585,1.0086440019596148,1.0086440019596148,1,0.999999790622123,124.92337484303208,0.06324298045497204,-1.6784377725248834e-14,0.08673640249521807,0.004321275988042198,7976572.648531284,0.08673640249521807,0.004321275988042198,2441.8458772882905,300.91441845231356,213.65074628125927,-1047578550.4372368,5,long-span vehicular
5564066.852367688,1.0100346185889584,1.0100346185889584,1,0.9999997830311698,125.0957154433521,0.063068844588905,-5.0214488753986e-14,0.08652566319621288,0.004121769570737742,7977570.271687155,0.08652566319621288,0.004121769570737742,2441.6737512026166,300.9098823224239,213.64770910695972,-1050507103.2937241,5,long-span vehicular
5579387.186629526,1.011423323246591,1.011423323246591,1,0.9999997751284534,125.26781894164017,0.06289566503563214,-8.346100955740309e-14,0.08631588739078144,0.0039183640381482655,7978596.173129475,0.08631588739078144,0.0039183640381482655,2441.49922528684,300.9053218559903,213.64472174662438,-1053436780.714926,5,long-span vehicular
5594707.520891365,1.012810123797256,1.012810123797256,1,0.9999997668983528,125.43968631380964,0.06272343393891178,-6.65859704828393e-14,0.0861070660033143,0.003710918658614142,7979651.348440711,0.0861070660033143,0.003710918658614142,2441.3215812464946,300.90073555400187,213.6417955985796,-1056367862.1177102,5,long-span vehicular
5610027.855153203,1.0141950280519267,1.0141950280519267,1,0.9999997583242881,125.61131852909746,0.06255214352845298,-1.6601032983463595e-14,0.08589919104608065,0.003499286872166872,7980736.835803779,0.08589919104608065,0.003499286872166872,2441.13987649629,300.89612185548117,213.6389458783726,-1059300716.6354644,5,long-span vehicular
5625348.189415041,1.015578043768318,1.015578043768318,1,0.9999997493886532,125.78271655012784,0.06238178611851336,-4.966746287996388e-14,0.08569225490499725,0.003283315371843408,7981853.722549084,0.08569225490499725,0.003283315371843408,2440.9528490717207,300.8914791327781,213.63619324647868,-1062235841.2413381,5,long-span vehicular
5640668.52367688,1.0169591786513945,1.0169591786513945,1,0.9999997400727383,125.9538813329753,0.062212354106849964,-8.255427266344613e-14,0.08548624885093835,0.003062843044389867,7983003.151896746,0.08548624885093835,0.003062843044389867,2440.758770217269,300.8868056878568,213.63356633129095,-1065173919.8155656,5,long-span vehicular
5655988.857938718,1.0183384403538709,1.0183384403538709,1,0.9999997303566482,126.1248138272269,0.0620438399735719,-6.586452682333549e-14,0.08528116567751325,0.0028377018797140947,7984186.317857919,0.08528116567751325,0.0028377018797140947,2440.555208816836,300.8820997485485,213.63110576778348,-1068115917.6904384,5,long-span vehicular
5671309.192200556,1.0197158364767065,1.0197158364767065,1,0.999999720219214,126.29551497604365,0.06187623628012659,-1.642165050525328e-14,0.08507699636301348,0.002607714565453433,7985404.4810491735,0.08507699636301348,0.002607714565453433,2440.3386398629573,300.8773594611957,213.6288709052885,-1071063238.7274611,5,long-span vehicular
5686629.526462395,1.0210913745695946,1.0210913745695946,1,0.9999997096378883,126.46598571622127,0.06170953566802394,-8.188704489026618e-14,0.08487373445485995,0.002372696691835101,7986658.954402964,0.08487373445485995,0.002372696691835101,2440.1037654031506,300.87258289068717,213.62695144747136,-1074017997.8424578,5,long-span vehicular
5701949.860724234,1.022465062131445,1.022465062131445,1,0.9999996985886471,126.6362269782502,0.06154373085798939,-6.533362076931252e-14,0.08467137126857602,0.0021324532982822768,7987951.12679887,0.08467137126857602,0.0021324532982822768,2439.8422772648246,300.8677680100048,213.62548865819778,-1076983517.7327805,5,long-span vehicular
5717270.194986072,1.0238369066108604,1.0238369066108604,1,0.9999996870458713,126.80623968637478,0.0613788146486583,-4.8868911710639236e-14,0.08446989938013515,0.0018867802034805775,7989282.453885809,0.08446989938013515,0.0018867802034805775,2439.5404713090406,300.8629126967609,213.62471625889063,-1079965287.0912209,5,long-span vehicular
5732590.529247911,1.0252069154066072,1.0252069154066072,1,0.9999996749822152,126.97602475865177,0.06121477991559975,-8.123051610470281e-14,0.08426931161025886,0.001635462993913465,7990654.465700276,0.08426931161025886,0.001635462993913465,2439.1743519491774,300.8580147272548,213.62504434680523,-1082972927.8204184,5,long-span vehicular
5747910.863509749,1.026575095868084,1.026575095868084,1,0.9999996623684736,127.14558310700836,0.06105161961051819,-4.860840382170441e-14,0.08406960007030985,0.0013782757466607048,7992068.775955028,0.08406960007030985,0.0013782757466607048,2438.6989575313205,300.8530717688909,213.6272423866357,-1086024488.1930983,5,long-span vehicular
5763231.197771587,1.0279414552957775,1.0279414552957775,1,0.9999996491734265,127.31491563729911,0.060889326759950575,-4.8479188635131485e-14,0.08387075758147909,0.0011149810889070973,7993527.080960182,0.08387075758147909,0.0011149810889070973,2438.024321915448,300.84808137412324,213.63285129218355,-1089156124.3575246,5,long-span vehicular
5778551.532033427,1.02930600094172,1.02930600094172,1,0.9999996353636712,127.48402324936256,0.06072789446435492,-3.223377240655163e-14,0.08367277693078455,0.000845328928489273,7995031.169563501,0.08367277693078455,0.000845328928489273,3318.250588681415,300.8430409712385,213.6450213552195,-1092441851.0058963,5,long-span vehicular
5793871.866295265,1.0306687400099372,1.0306687400099372,1,0.9999996209034472,127.65290683707688,0.060567315897293826,-4.8222808310618766e-14,0.08347565076424346,0.0005690555450198007,7996582.928895932,0.08347565076424346,0.0005690555450198007,3317.9909177613463,300.83794785607165,213.66923501045255,-1096010913.5625553,5,long-span vehicular
5809192.200557103,1.032029679656892,1.032029679656892,1,0.9999996057544256,127.8215672884152,0.060407584304181805,-4.809563235966772e-14,0.08327937174287792,0.00028588289737855926,7998184.350647348,0.08327937174287792,0.00028588289737855926,3317.732629142452,300.83279918428025,213.7102310614407,-1099976504.3021307,5,long-span vehicular
5824512.534818942,1.0333888269919227,1.0333888269919227,1,0.9999995898754952,127.99000548549981,0.06024869300158024,-6.39588339142911e-14,0.08308393302315237,-4.482225039176596e-06,7999837.536254135,0.08308393302315237,-4.482225039176596e-06,3317.475712293397,300.82759196043224,213.7658339186269,-1104290694.4071872,5,long-span vehicular
5839832.86908078,1.034746189077678,1.034746189077678,1,0.9999995732225216,128.15822230465625,0.060090635376280066,-1.5947760757784727e-14,0.08288932736272664,-0.0003023497860794747,8001544.708593899,0.08288932736272664,-0.0003023497860794747,3317.2201569598824,300.82232302722775,213.82996663766212,-1108813206.9213336,5,long-span vehicular
5855153.203342618,1.0361017729305422,1.0361017729305422,1,0.9999995557480733,128.32621861646635,0.05993340488411256,-3.181206510817857e-14,0.08269554806672215,-0.0006080470823563218,8003308.216469263,0.08269554806672215,-0.0006080470823563218,2440.8163872753066,300.81698905478675,213.89832190094418,-1113444020.55177,5,long-span vehicular
5870473.537604457,1.037455585521061,1.037455585521061,1,0.9999995374011295,128.49399528582077,0.059776995049254704,-4.7593566446541895e-14,0.08250258829954596,-0.0009219205601475382,8005130.54738061,0.08250258829954596,-0.0009219205601475382,2440.412111615907,300.8115865262039,213.96872034224123,-1118132392.9416015,5,long-span vehicular
5885793.871866295,1.0388076337743593,1.0388076337743593,1,0.999999518126757,128.66155317197115,0.05962139946349795,-6.329291136525448e-14,0.08231044092233471,-0.0012443370442475614,8007014.336938401,0.08231044092233471,-0.0012443370442475614,2440.0913333319745,300.80611172610026,213.54941231120813,-1111215080.27566,5,long-span vehicular
5901114.206128133,1.040157924570552,1.040157924570552,1,0.9999994978657469,128.82889312858114,0.059466611784897004,-6.312859179361941e-14,0.08211909960003182,-0.0015756848753802962,8008962.376861469,0.08211909960003182,-0.0015756848753802962,2444.399244916845,300.8005607242393,213.5479585654619,-1114183600.737316,5,long-span vehicular
5916434.540389972,1.0415064647451562,1.0415064647451562,1,0.9999994765542138,128.9960160037774,0.059312625737447146,-7.870640402235329e-14,0.08192855739984478,-0.0019163761341124388,8010977.6312029995,0.08192855739984478,-0.0019163761341124388,2444.159380343165,300.7949293600527,213.54590496756347,-1117138533.3199766,5,long-span vehicular
5931754.87465181,1.0428532610894923,1.0428532610894923,1,0.99999945412315,129.16292264019972,0.05915943510982445,-1.5700624761068644e-14,0.0817388080869335,-0.002266847910906531,8013063.245507515,0.0817388080869335,-0.002266847910906531,2443.9427572666737,300.7892132241315,213.54342860531423,-1120084041.3238328,5,long-span vehicular
5947075.2089136485,1.0441983203510834,1.0441983203510834,1,0.9999994304979422,129.32961387505043,0.059007033754709275,-4.6980534560228123e-14,0.08154984476662484,-0.002627564891040962,8015222.565851969,0.08154984476662484,-0.002627564891040962,2443.742854494246,300.7834076392968,213.54063882384503,-1123022710.8586166,5,long-span vehicular
5962395.543175487,1.045541649234051,1.045541649234051,1,0.9999994055978076,129.49609054014354,0.058855415588120144,-6.247975786721922e-14,0.0813616611323632,-0.002999020866403751,8017459.1495062355,0.0813616611323632,-0.002999020866403751,2443.5554165734447,300.77750763913224,213.53760598547063,-1125956221.1603124,5,long-span vehicular
5977715.877437325,1.046883254399503,1.046883254399503,1,0.9999993793351883,129.66235346195316,0.05870457458822821,-4.673972100936023e-14,0.08117425070021164,-0.0033817415288092704,8019776.785490737,0.08117425070021164,-0.0033817415288092704,2443.3775566755303,300.7715079451501,213.53437683764193,-1128885702.9808304,5,long-span vehicular
5993036.211699164,1.0482231424659205,1.0482231424659205,1,0.999999351615079,129.82840346166125,0.05855450479492023,-4.6620237641685823e-14,0.08098760730137748,-0.003776286622659394,8022179.510613684,0.08098760730137748,-0.003776286622659394,2443.207250957183,300.7654029419621,213.53098316906025,-1131811940.5830088,5,long-span vehicular
6008356.545961003,1.0495613200095386,1.0495613200095386,1,0.9999993223342359,129.99424135520513,0.058405200308934244,-1.5500454533470413e-14,0.08080172474925934,-0.004183253441746902,8024671.6335536195,0.08080172474925934,-0.004183253441746902,2443.0430402089255,300.75918664537716,213.5274469094558,-1134735490.9105818,5,long-span vehicular
6023676.880222841,1.0508977935647217,1.0508977935647217,1,0.9999992913803445,130.159867953324,0.05825665529082293,0.0,0.08061659612095218,-0.004603279635424473,8027257.757379186,0.08061659612095218,-0.004603279635424473,2442.883846266494,300.7528526777452,213.52378326030828,-1137656756.7776263,5,long-span vehicular
6038997.2144846795,1.052232569624337,1.052232569624337,1,0.99999925863104,130.3252840616055,0.05810886396048788,-9.253084989491424e-14,0.08043221643121314,-0.005037045832415372,8029942.796722362,0.08043221643121314,-0.005037045832415372,2442.7288558810187,300.74639422912963,213.52000267431742,-1140576033.3349304,5,long-span vehicular
6054317.548746518,1.0535656546401229,1.0535656546401229,1,0.9999992239528369,130.4904904805311,0.05796182059642868,-4.614835117832392e-14,0.08024857891332389,-0.005485281143501128,8032732.019102359,0.08024857891332389,-0.005485281143501128,2442.5774437526443,300.7398040212824,213.51611214840258,-1143493538.4950316,5,long-span vehicular
6069637.883008356,1.0548970550230512,1.0548970550230512,1,0.9999991871998982,130.65548800552162,0.05781551953480392,-4.603186841949841e-14,0.08006567747208704,-0.0059487661303975845,8035631.065842672,0.08006567747208704,-0.0059487661303975845,2442.4291213183324,300.7330742662994,213.51211608598862,-1146409433.3543725,5,long-span vehicular
6084958.2172701955,1.0562267771436877,1.0562267771436877,1,0.9999991482126593,130.8202774269816,0.05766995516881247,-4.5915972206952175e-14,0.07988350647709207,-0.006428337583486156,8038645.987295069,0.07988350647709207,-0.006428337583486156,2442.283501286783,300.72619662045764,213.5080168831659,-1149323836.206331,5,long-span vehicular
6100278.551532034,1.0575548273325486,1.0575548273325486,1,0.999999106816282,130.9848595303436,0.05752512194809942,-4.5800658121500924e-14,0.0797020597782716,-0.006924894133901104,8041783.283496224,0.0797020597782716,-0.006924894133901104,2442.140272437326,300.7191621339167,213.50381533261023,-1152236832.3364785,5,long-span vehicular
6115598.885793872,1.0588812118804507,1.0588812118804507,1,0.9999990628188669,131.14923509611202,0.05738101437774435,-6.091456238432371e-14,0.0795213320098906,-0.007439401453588284,8045049.94220405,0.0795213320098906,-0.007439401453588284,2441.9991817200917,300.71196119292136,213.49951090304234,-1155148480.9650917,5,long-span vehicular
6130919.2200557105,0.9418781630748293,1.06020593703886,2,0.9999990160094594,131.3134048999061,0.057237627017842276,-6.076234516800668e-14,0.07934131667801932,-0.007972899571633087,8048453.49210507,0.07934131667801932,-0.007972899571633087,2441.8600211859407,300.70458345710824,213.49510193298636,-1158058820.2290406,5,long-span vehicular
6146239.554317549,0.9430515567913452,1.0615290090202352,2,0.9999989661557575,131.47736971250262,0.05709495448280276,0.0,0.0791620082069228,-0.008526508949167516,8052002.047012883,0.0791620082069228,-0.008526508949167516,2441.722618277947,300.6970177894359,213.49058576295255,-1160967870.7771716,5,long-span vehicular
6161559.888579387,0.9442234923236895,1.062850433998367,2,0.9999989130014995,131.64113029987826,0.05695299144044794,-3.023009080352231e-14,0.07898340146610776,-0.009101438620852165,8055704.365547596,0.07898340146610776,-0.009101438620852165,2441.586828428157,300.6892521783678,213.4859588223449,-1163875638.366833,5,long-span vehicular
6176880.222841226,0.9453939750946742,1.0641702181087165,2,0.9999988562634836,131.80468742325118,0.05681173261168189,-1.5077555999411805e-14,0.07880549039001429,-0.009698995851084398,8059569.921545117,0.07880549039001429,-0.009698995851084398,2441.452529489107,300.68127364931524,213.48121668120862,-1166782115.7191556,5,long-span vehicular
6192200.557103064,0.9465630104935827,1.0654883674487432,2,0.9999987956281305,131.96804183912244,0.056671172769382695,-3.0080504209352836e-14,0.07862826958075178,-0.010320595653735401,8063608.972624655,0.07862826958075178,-0.010320595653735401,2441.3196176574247,300.67306816342153,213.47635407358592,-1169687283.8082163,5,long-span vehicular
6207520.891364902,0.9477306038764598,1.0668048880782388,2,0.9999987307475361,132.13119429931672,0.05653130673833124,-6.001252937616456e-14,0.07845173353533014,-0.010967771997533753,8067832.64292937,0.07845173353533014,-0.010967771997533753,2441.188003793884,300.6646205102315,213.47136490207907,-1172591112.7450893,5,long-span vehicular
6222841.225626741,0.948896760566398,1.068119786019648,2,0.9999986612349528,132.2941455510228,0.05639212939406344,-5.986478143007284e-14,0.07827587687297297,-0.011642190446665647,8072253.015164251,0.07827587687297297,-0.011642190446665647,2441.0576110759503,300.6559141820619,213.46624222081402,-1175493562.2985766,5,long-span vehicular
6238161.559888579,0.9500614858538204,1.0694330672583927,2,0.9999985866595099,132.4568963368334,0.05625363566259039,-2.9858879596959754e-14,0.07810069402816058,-0.01234566302333359,8076883.238157548,0.07810069402816058,-0.01234566302333359,2440.9283727627635,300.6469312297139,213.46097819960858,-1178394582.1198115,5,long-span vehicular
6253481.894150417,0.951224784996761,1.0707447377431885,2,0.9999985065401131,132.61944739478463,0.05611582051955662,-4.467859300048421e-14,0.07792617987513174,-0.013080163742542924,8081737.641430213,0.07792617987513174,-0.013080163742542924,2440.800230610824,300.63765210537315,213.45556407546326,-1181294111.7479258,5,long-span vehicular
6268802.228412256,0.9523866632211409,1.0720548033863586,2,0.9999984203383739,132.78179945839514,0.05597867898967824,-4.456940292649946e-14,0.07775232868041791,-0.013847847699769334,8086831.873568552,0.07775232868041791,-0.013847847699769334,2440.673133448036,300.6280554804322,213.44999008521492,-1184192080.3762085,5,long-span vehicular
6284122.562674094,0.9535471257210437,1.0733632700641473,2,0.9999983274502982,132.94395325670473,0.055842206146411486,-5.928099366790015e-14,0.07757913569385395,-0.014651071382665897,8092183.050757041,0.07757913569385395,-0.014651071382665897,2440.5470361929547,300.6181180365216,213.44424538151074,-1187088406.4104037,5,long-span vehicular
6299442.896935932,0.9547061776589847,1.0746701436170238,2,0.9999982271966338,133.10590951431237,0.05570639711090175,-2.956841072623982e-14,0.0774065953131519,-0.01549241727969951,8097809.936656632,0.0774065953131519,-0.01549241727969951,2440.421898820232,300.60781423296777,213.4383179329102,-1189982996.8394332,5,long-span vehicular
6314763.231197772,0.9558638241661799,1.0759754298499897,2,0.9999981188114653,133.2676689514142,0.055571247051773784,-4.4245011595097945e-14,0.07723470256227247,-0.01637472065837321,8103733.13718621,0.07723470256227247,-0.01637472065837321,2440.2976857793383,300.59711603509663,213.4321944024282,-1192875746.3829782,5,long-span vehicular
6330083.56545961,0.9570200703428109,1.0772791345328774,2,0.9999980014287752,133.42923228384083,0.055436751184307034,-5.885057061156555e-14,0.07706345247031479,-0.01730110139379497,8109975.333525619,0.07706345247031479,-0.01730110139379497,2440.174365274692,300.5859926033278,213.42586000456714,-1195766536.421475,5,long-span vehicular
6345403.899721448,0.9581749212582865,1.078581263400649,2,0.9999978740666171,133.59060022309419,0.05530290477010724,-4.40313614074131e-14,0.07689283965229048,-0.01827500006143495,8116561.545710907,0.07689283965229048,-0.01827500006143495,2440.0519088115784,300.57440994019953,213.41929833938798,-1198655233.7023065,5,long-span vehicular
6360724.233983287,0.9593283819515028,1.079881822153691,2,0.9999977356081828,133.75177347638422,0.05516970311643143,0.0,0.07672285980781982,-0.019300219257408314,8123519.433962687,0.07672285980781982,-0.019300219257408314,2439.9302907673177,300.56233047507834,213.41249119489626,-1201541688.7556808,5,long-span vehicular
6376044.568245125,0.9604804574310989,1.0811808164581034,2,0.9999975847793544,133.91275274666492,0.05503714157549336,-7.303294108496216e-14,0.0765535071615157,-0.020380973095302266,8130879.66074534,0.0765535071615157,-0.020380973095302266,2439.8094881213265,300.5497125893214,213.40541831837476,-1204425734.024949,5,long-span vehicular
6391364.902506964,0.9616311526757119,1.0824782519459901,2,0.9999974201217116,134.07353873267027,0.054905215544274445,-5.828630277393014e-14,0.07638477707284318,-0.0215219422192535,8138676.29201712,0.07638477707284318,-0.0215219422192535,2439.689480006238,300.536510061187,213.39805714740265,-1207307181.6380064,5,long-span vehicular
6406685.236768803,0.9627804726342257,1.0837741342157423,2,0.9999972399601688,134.23413212894945,0.054773920463610556,-7.268365310586016e-14,0.07621666541586014,-0.022728339375995343,8146947.277167636,0.07621666541586014,-0.022728339375995343,2439.5702476092306,300.52267142233745,213.39038249647467,-1210185820.7836394,5,long-span vehicular
6422005.571030641,0.9639284222260219,1.0850684688323209,2,0.999997042363797,134.3945336259019,0.05464325181797342,-2.9004103603292714e-14,0.07604916603678635,-0.02400598776638932,8155735.021830278,0.07604916603678635,-0.02400598776638932,2439.4517739060907,300.50813919878175,213.38236618542106,-1213061414.5816617,5,long-span vehicular
6437325.905292479,0.9650750063412238,1.0863612613275346,2,0.9999968250981986,134.55474390981203,0.05451320513469098,-8.680522828739683e-14,0.07588227540444754,-0.025361408749708606,8165087.027422718,0.07588227540444754,-0.025361408749708606,2439.334043528098,300.49284902285723,213.37397660414496,-1215933696.3970573,5,long-span vehicular
6452646.239554318,0.9662202298409395,1.0876525172003177,2,0.9999965855675382,134.71476366288337,0.054383775983741736,-7.216594092099219e-14,0.07571598785398996,-0.026801930395138108,8175056.6874369765,0.07571598785398996,-0.026801930395138108,2439.217042570314,300.4767285873046,213.36517819850872,-1218802365.4672606,5,long-span vehicular
6467966.573816156,0.9673640975575033,1.0889422419170003,2,0.9999963207432689,134.87459356327247,0.05425495997690403,-8.639400627569942e-14,0.07555029927456473,-0.028335811973028095,8185704.195690813,0.07555029927456473,-0.028335811973028095,2439.1007585834463,300.45969640017955,213.35593085746365,-1221667081.6798007,5,long-span vehicular
6483286.908077994,0.9685066142947127,1.09023044091158,2,0.9999960270763851,135.03423428512252,0.054126752767506406,-1.4364975479568498e-14,0.0753852048094784,-0.02997239413340317,8197097.646473419,0.0753852048094784,-0.02997239413340317,2438.9851804179607,300.44166031591124,213.34618918938395,-1224527459.387718,5,long-span vehicular
6498607.242339833,0.9696477848280646,1.0915171195859885,2,0.9999957003883302,135.19368649859643,0.05399915004986615,-4.299333102704116e-14,0.07522070012450277,-0.03172227794258471,8209314.344027333,0.07522070012450277,-0.03172227794258471,2438.8702981266324,300.4225157647916,213.33590164900278,-1227383059.9403522,5,long-span vehicular
6513927.576601671,0.9707876139049867,1.0928022833103566,2,0.9999953357349232,135.35295086990973,0.05387214755885019,0.0,0.0750567802580244,-0.03359754017984623,8222442.3788887495,0.0750567802580244,-0.03359754017984623,2438.756103090937,300.4021436365827,213.32500949332163,-1230233382.738255,5,long-span vehicular
6529247.910863509,0.9719261062450697,1.0940859374232736,2,0.9999949272356434,135.51202806136297,0.05374574106924245,-4.279157051454225e-14,0.07489344095301806,-0.03561199053497727,8236582.51103582,0.07489344095301806,-0.03561199053497727,2438.642587846087,300.38040773937,213.31344552728265,-1233077854.472283,5,long-span vehicular
6544568.245125348,0.9730632665402942,1.0953680872320495,2,0.9999944678572584,135.67091873137383,0.053619926395547024,-1.4230466239070306e-14,0.07473067752997221,-0.03778148711049673,8251850.48074806,0.07473067752997221,-0.03778148711049673,2438.529746227293,300.3571516960404,213.30113257141522,-1235915815.9734068,5,long-span vehicular
6559888.579387186,0.9741990994552563,1.0966487380129675,2,0.9999939491387102,135.82962353450907,0.053494699391240415,-5.678892641816676e-14,0.0745684859492606,-0.04012431703578816,8268379.797913197,0.0745684859492606,-0.04012431703578816,2438.417573292934,300.3321951873542,213.2879816067966,-1238746506.2747247,5,long-span vehicular
6575208.913649024,0.9753336096273916,1.0979278950115392,2,0.9999933608380536,135.98814312151586,0.053370055948459116,-2.8328303688791088e-14,0.07440686163157577,-0.04266166453998508,8286325.172873265,0.07440686163157577,-0.04266166453998508,2438.3060654825135,300.30532934551366,213.27388949951597,-1241569043.0509608,5,long-span vehicular
6590529.247910863,0.9764668016671955,1.099205563442755,2,0.9999926904760112,136.14647813935292,0.05324599199760682,0.0,0.07424579971830932,-0.045418186155357344,8305866.735643549,0.07424579971830932,-0.045418186155357344,2438.1952207757226,300.2763110835371,213.25873619990443,-1244382398.5269456,5,long-span vehicular
6605849.582172701,0.9775986801584414,1.1004817484913323,2,0.9999919227415581,136.30462923122136,0.05312250350676968,-5.639381054808464e-14,0.07408529681669694,-0.04842271983781569,8327215.238112117,0.07408529681669694,-0.04842271983781569,2438.085038684428,300.2448560986033,213.24238128588942,-1247185369.7232857,5,long-span vehicular
6621169.91643454,0.9787292496583986,1.1017564553119603,2,0.9999910387105253,136.46259703659516,0.05299958648143507,0.0,0.07392534795061818,-0.0517091717109912,8350618.56460793,0.07392534795061818,-0.0517091717109912,2437.9755205983456,300.2106301481207,213.2246596529195,-1249976541.3371613,5,long-span vehicular
6636490.250696379,0.979858514698044,1.103029689029543,2,0.999990014810954,136.62038219125125,0.05287723696382132,-5.6133440383959165e-14,0.07376594945248349,-0.05531761678198214,8376369.8181419,0.07376594945248349,-0.05531761678198214,2437.8666701049883,300.17323818724014,213.2053761475285,-1252754239.484911,5,long-span vehicular
6651810.584958217,0.9809864797822759,1.1043014547394412,2,0.9999888214394799,136.7779853272996,0.052755451032832745,-4.200311611645186e-14,0.07360709656976683,-0.059295686855591744,8404817.523189662,0.07360709656976683,-0.059295686855591744,2437.758493221086,300.13221070333833,213.18429881509283,-1255516473.4636528,5,long-span vehicular
6667130.919220055,0.9821131493901232,1.1055717575077073,2,0.9999874210958052,136.93540707321247,0.05263422480314925,-6.984432928492934e-14,0.07344878553782283,-0.06370031400715619,8436378.45286057,0.07344878553782283,-0.06370031400715619,2437.6509988539933,300.0869865230061,213.16115040523712,-1258260862.4163065,5,long-span vehicular
6682451.253481894,0.9832385279749525,1.1068406023713244,2,0.999985765843569,137.0926480538538,0.052513554425304004,0.0,0.07329101202264646,-0.06859993930207077,8471553.89491815,0.07329101202264646,-0.06859993930207077,2437.544199595695,300.03689105293506,213.1355976205343,-1260984542.428303,5,long-span vehicular
6697771.587743732,0.9843626199646737,1.108107994338436,2,0.9999837938242674,137.2497088905082,0.05239343608496748,-5.561984683501049e-14,0.07313377184038945,-0.07407730820773743,8510950.260215687,0.07313377184038945,-0.07407730820773743,2437.4381122389273,299.98110872734424,213.1072375026174,-1263684048.7536986,5,long-span vehicular
6713091.9220055705,0.985485429761943,1.109373938388579,2,0.99998142443118,137.40659020090945,0.05227386600264364,-2.774645678729932e-14,0.0729770613390197,-0.0802330099519656,8555305.212735798,0.0729770613390197,-0.0802330099519656,2437.3327589943224,299.91864812511494,213.07558019644907,-1266355166.501466,5,long-span vehicular
6728412.256267409,0.9866069617443647,1.1106384394729107,2,0.9999785515737114,137.56329259926895,0.052154840433190304,-5.5366558358427954e-14,0.07282087629812649,-0.0871899522884485,8605520.757858053,0.07282087629812649,-0.0871899522884485,2437.2281685583384,299.8482978763624,213.04002716307414,-1268992741.5889952,5,long-span vehicular
6743732.590529248,0.9877272202646898,1.1119015025144345,2,0.9999750342218043,137.71981669630375,0.052036355665553195,-9.667136018210233e-14,0.07266521249397148,-0.09509896187198744,8662704.742809428,0.07266521249397148,-0.09509896187198744,2437.1243777691425,299.76857146690344,212.99984390705453,-1271590443.5903766,5,long-span vehicular
6759052.924791086,0.9888462096510136,1.1131631324082256,2,0.9999706830754601,137.87616309926432,0.05191840802237968,-2.755778316809864e-14,0.07251006654629447,-0.10414569640662072,8728222.217531973,0.07251006654629447,-0.10414569640662072,2437.0214335161418,299.67763911487907,212.95412631544886,-1274140472.2255821,5,long-span vehicular
6774373.259052925,0.9899639342069695,1.1144233340216492,2,0.9999652417634036,138.0323324119619,0.05180099385952761,-2.749546087886158e-14,0.0723554340030239,-0.11455894373309941,8803757.344965106,0.0723554340030239,-0.11455894373309941,2432.5479672035945,299.5732459915963,212.90176024980732,-1276633203.6446385,5,long-span vehicular
6789693.593314763,0.991080398211924,1.1156821121945817,2,0.9999583604601336,138.18832523479605,0.05168410956567702,-6.858354959732448e-14,0.07220131128252982,-0.12662010502908264,8891384.559213879,0.07220131128252982,-0.12662010502908264,2432.449710924683,299.4526187548747,212.84137536242775,-1279056783.7568283,5,long-span vehicular
6805013.9275766015,0.9921956059211665,1.1169394717396277,2,0.9999495593652155,138.3441421647812,0.05156775156215216,-6.842914537186999e-14,0.0720476945548491,-0.14067307780365607,8993643.506140662,0.0720476945548491,-0.14067307780365607,2432.352447878843,299.31236815525625,212.77129697327513,-1281396700.0371587,5,long-span vehicular
6820334.26183844,0.9933095615660991,1.1181954174423332,2,0.9999381794686916,138.49978379557353,0.05145191630236379,-4.096526088874292e-14,0.07189457969599908,-0.15713269051882636,9113604.549532017,0.07189457969599908,-0.15713269051882636,2432.256277208493,299.1484059143793,212.68950499741743,-1283635407.2014034,5,long-span vehicular
6835654.596100278,0.994422269354423,1.1194499540613991,2,0.9999233193095642,138.6552507174973,0.051336600271517645,-6.812241326140115e-14,0.07174196370032991,-0.17648802336921174,9254898.346135026,0.07174196370032991,-0.17648802336921174,2432.161316790416,298.9559119899652,212.5936177707931,-1285752158.176854,5,long-span vehicular
6850974.930362117,0.9955337334703257,1.120703086328892,2,0.9999037602381529,138.81054351757092,0.051221799986299776,-2.718803043602007e-14,0.07158984129389075,-0.19929474907485173,9421666.664315911,0.07158984129389075,-0.19929474907485173,2432.0677013495692,298.7294100746909,212.48092935558202,-1287723285.222918,5,long-span vehicular
6866295.264623955,0.9966439580746629,1.121954818950451,2,0.999877890790871,138.96566277953295,0.05110751199443037,-6.781841871946385e-14,0.07143821071161872,-0.22614863856351874,9618376.499510713,0.07143821071161872,-0.22614863856351874,2431.9755757688545,298.4630286714023,212.3485385420526,-1289523261.9866745,5,long-span vehicular
6881615.598885793,0.9977529473051409,1.123205156605495,2,0.9998436529775933,139.12060908386755,0.05099373287444012,-5.413394928750566e-14,0.07128706716449366,-0.2576334252129739,9849446.13927995,0.07128706716449366,-0.2576334252129739,2431.8850820552,298.15101492659824,212.1936027429071,-1291126840.4337902,5,long-span vehicular
6896935.9331476325,0.9988607052764966,1.1244541039474265,2,0.9997985448263134,139.2753830078299,0.050880459235192944,-4.051027515593176e-14,0.07113640689989932,-0.29424334986817363,10118682.607219383,0.07113640689989932,-0.29424334986817363,2431.7963399101236,297.7884979344646,212.0137151555329,-1292512265.3573058,5,long-span vehicular
6912256.267409471,0.9999672360806753,1.1257016656038337,2,0.99973971245454,139.42998512547126,0.050767687715630755,-5.389398416876192e-14,0.07098622707085714,-0.3362950177230704,10428633.958317073,0.07098622707085714,-0.3362950177230704,2431.709424509141,297.372357394842,211.80733398105605,-1293664975.5478327,5,long-span vehicular
6927576.601671309,1.0010725437870074,1.12694784617669,2,0.9997875196725535,139.58441600766383,0.05065541498445425,-9.410589585881374e-14,0.07083652319246629,0.3269971386937013,5603149.198152096,0.07083652319246629,-0.38385786621378587,2431.624349219391,296.9019088689786,211.57412102162326,-1294580579.1830308,5,long-span vehicular
6942896.935933148,1.0021766324423829,1.128192650242553,2,0.9998340484279776,139.73867622212532,0.05054363773975436,1.3414034274301175e-14,0.07068729225177586,0.29050655098218653,5863845.680804928,0.07068729225177586,0.29050655098218653,2431.5410603200876,296.37910796414843,211.31504257159492,-1295265831.6881886,5,long-span vehicular
6958217.270194986,1.0032795060714237,1.1294360823527603,2,0.9998692780568784,139.8927663334434,0.05043235270868867,-1.0707599817036246e-13,0.07053853092324705,0.25929494853862184,6087094.653562748,0.07053853092324705,0.25929494853862184,2431.4594466060234,804.1522509802036,552.8190192885637,-3592182550.0243955,5,long-span vehicular
6973537.604456824,1.0043811686766557,1.1306781470336227,2,0.9998958978615529,140.04668690309964,0.050321556647242326,-4.006528511527343e-14,0.0703902351313084,0.23278276381242108,6276889.610882642,0.0703902351313084,0.23278276381242108,2431.379359581523,804.1431333918266,552.8113448515794,-3600107728.8957834,5,long-span vehicular
6988857.938718663,1.0054816242386777,1.1319188487866174,2,0.9999160685244817,140.20043848949345,0.050211246339685475,-1.1993237300050265e-13,0.07024240161553875,0.21033056610791048,6437701.194598914,0.07024240161553875,0.21033056610791048,2431.300635803426,302.7508743022484,214.46120126121403,-1331088699.0215251,5,long-span vehicular
7004178.272980501,1.0065808767163296,1.133158192088579,2,0.9999314539618106,140.35402164796582,0.05010141859866285,-6.648335738456091e-14,0.07009502718591436,0.191311221940591,6573950.682365718,0.07009502718591436,0.191311221940591,2431.2231150005045,302.5617474657466,214.36700795473675,-1333233618.477715,5,long-span vehicular
7019498.607242339,1.0076789300468576,1.1343961813918857,2,0.9999432986127424,140.50743693082256,0.049992070264419736,1.3267650963768128e-14,0.06994810812461168,0.1751545538589795,6689679.447046681,0.06994810812461168,0.1751545538589795,2431.146651250304,302.4008367441513,214.28675942938756,-1335495732.3269317,5,long-span vehicular
7034818.941504178,1.0087757881460797,1.135632821124648,2,0.999952516841761,140.66068488735755,0.04988319820483243,-6.619378425796017e-14,0.06980164178546258,0.16136717858257985,6788397.657498602,0.06980164178546258,0.16136717858257985,2431.0711179329173,302.26327964888867,214.2180530326686,-1337854980.828682,5,long-span vehicular
7050139.275766017,1.0098714549085488,1.1368681156908935,2,0.9999597748005773,140.81376606387573,0.049774799315028734,-6.604994158177732e-14,0.06965562358220324,0.14953540944602664,6873056.583467822,0.06965562358220324,0.14953540944602664,2430.9964085714314,302.14499911234986,214.1588742016387,-1340294497.892382,5,long-span vehicular
7065459.610027855,1.010965934207713,1.1381020694707473,2,0.9999655570163463,140.9666810037157,0.04966687051696072,-3.9544033623531254e-14,0.06951005110546599,0.13931894490833416,6946089.055035592,0.06951005110546599,0.13931894490833416,2430.9224350760055,302.04264126741583,214.1075657188639,-1342800379.7830307,5,long-span vehicular
7080779.944289694,1.0120592298960764,1.139334686820617,2,0.9999702170336237,141.11943024727233,0.04955940875940385,0.0,0.06936492103116164,0.1304407820329248,7009478.634510592,0.06936492103116164,0.1304407820329248,2430.8491253313086,301.95347605905255,214.06277860266837,-1345361289.919117,5,long-span vehicular
7096100.278551532,1.013151345805356,1.1405659720733687,2,0.9999740144772339,141.272014332019,0.04945241101722126,-5.249771215496868e-14,0.06922022997439901,0.1226764873656568,7064834.555747445,0.06922022997439901,0.1226764873656568,2430.7764204787345,301.87529150303567,214.02341985878454,-1347968030.6253645,5,long-span vehicular
7111420.61281337,1.01424228574664,1.141795929538507,2,0.9999771416106383,141.42443379252964,0.04934587429152795,-1.1786538341490838e-13,0.06907597423684712,0.11584434157403407,7113461.167842041,0.06907597423684712,0.11584434157403407,2430.7042724332446,301.806296562096,213.98860448953445,-1350613146.3113694,5,long-span vehicular
7126740.947075209,1.015332053510542,1.1430245635023506,2,0.9999797421786171,141.57668916050065,0.04923979560929106,-6.534000474632731e-14,0.06893215120121897,0.10979692311613175,7156417.549271073,0.06893215120121897,0.10979692311613175,2430.6326417339596,301.74503819525097,213.95761450648257,-1353290582.7805016,5,long-span vehicular
7142061.281337047,1.0164206528673543,1.1442518782282045,2,0.9999819247433612,141.72878096477245,0.04913417202275262,-3.911990689784986e-14,0.06878875763802952,0.10441419290867533,7194566.66778882,0.06878875763802952,0.10441419290867533,2430.5614959117106,301.6903332136661,213.9298652595326,-1355995406.3525121,5,long-span vehicular
7157381.615598885,1.0175080875672013,1.1454778779565362,2,0.9999837721410132,141.88070973135095,0.049029000609588536,-5.204822794893276e-14,0.06864578988393288,0.09959794484256179,7228614.928852386,0.06864578988393288,0.09959794484256179,2430.4908079705847,301.64121359028087,213.90487841290567,-1358723577.858577,5,long-span vehicular
7172701.949860724,1.0185943613401895,1.1467025669051434,2,0.9999853482242748,142.0324759834288,0.04892427847237715,-2.5968528488307326e-14,0.06850324556395318,0.09526740150769591,7259143.626517884,0.06850324556395318,0.09526740150769591,2430.4205553891843,301.5968830450822,213.8822604937683,-1361471772.8774388,5,long-span vehicular
7188022.284122562,1.019679477896556,1.1479259492693243,2,0.9999867027016002,142.18408024140643,0.04882000273834695,-2.591317994861126e-14,0.06836112077184957,0.09135574190245513,7286633.777230003,0.06836112077184957,0.09135574190245513,2430.3507191932727,301.5566828396351,213.86168599023296,-1364237239.8833792,5,long-span vehicular
7203342.618384401,1.0207634409268185,1.1491480292220473,2,0.9999878746409183,142.33552302291275,0.04871617055932119,-3.878710026530821e-14,0.06821941315571371,0.08780736858834874,7311485.688611663,0.06821941315571371,0.08780736858834874,2430.281283283462,301.5200648288431,213.8428840360226,-1367017688.3459964,5,long-span vehicular
7218662.95264624,1.0218462541019189,1.150368810914113,2,0.9999888950284042,142.48680484282588,0.048612779111057026,-2.580318767408503e-14,0.06807811917966534,0.08457575143885238,7334034.41888245,0.06807811917966534,0.08457575143885238,2430.212233938583,301.48657022363324,213.82562791673507,-1369811200.4485466,5,long-span vehicular
7233983.286908078,1.0229279210733706,1.1515882984743226,2,0.9999897886536812,142.63792621329353,0.04850982559351989,-5.149708190788707e-14,0.06793723615584744,0.08162172814577787,7354561.967256245,0.06793723615584744,0.08162172814577787,2430.143559230226,301.45581283222543,213.80972678881673,-1372616161.3631294,5,long-span vehicular
7249303.621169916,1.0240084454734018,1.1528064960096387,2,0.9999905755127272,142.78888764375324,0.048407307230100956,-2.569412520937228e-14,0.0677967606156693,0.0789121527515511,7373306.980645252,0.0677967606156693,0.0789121527515511,2430.0752489516817,301.42746574800253,213.79501910213838,-1375431203.8197708,5,long-span vehicular
7264623.955431755,1.0250878309150968,1.1540234076053466,2,0.9999912718604024,142.93968964095245,0.04830522126776753,-1.2819969489530552e-14,0.06765669021090737,0.07641882241384432,7390472.461833087,0.06765669021090737,0.07641882241384432,2430.007294120831,301.4012507635146,213.78136736895743,-1378255163.9980485,5,long-span vehicular
7279944.289693593,1.0261660809925375,1.155239037325216,2,0.9999918910077201,143.09033270896825,0.048203564976597564,-5.117196162800181e-14,0.06751702134923435,0.07411761534682204,7406231.968828302,0.06751702134923435,0.07411761534682204,2429.939686896779,301.3769298848319,213.76865397124962,-1381087046.1492546,5,long-span vehicular
7295264.623955431,1.0272431992809432,1.1564533892116562,2,0.9999924439305174,143.24081734922714,0.04810233564961349,-2.553224927735447e-14,0.06737775150004023,0.0719878006903662,7420734.575244909,0.06737775150004023,0.0719878006903662,2429.872420271484,301.35429851908447,213.7567777942599,-1383925994.1798759,5,long-span vehicular
7310584.95821727,1.0283191893368093,1.1576664672858767,2,0.9999929397385757,143.39114406052443,0.048001530602541885,-3.8218114416493446e-14,0.06723887773057317,0.07001147717153819,7434108.910553188,0.06723887773057317,0.07001147717153819,2429.805488171427,301.333179948006,213.7456514960443,-1386771268.5884097,5,long-span vehicular
7325905.292479108,1.0293940546980431,1.1588782755480391,2,0.9999933860395498,143.54131333904357,0.047901147173512446,-3.813819060307492e-14,0.06710039672702689,0.06817311847934199,7446466.430397779,0.06710039672702689,0.06817311847934199,2429.738885116918,301.31342084682035,213.73519929305513,-1389622227.7573688,5,long-span vehicular
7341225.626740946,1.0304677988841002,1.1600888179774136,2,0.9999937892239029,143.69132567837528,0.04780118272296383,-2.5372400249437058e-14,0.06696230617229272,0.06645920127416484,7457904.093607262,0.06696230617229272,0.06645920127416484,2429.6726062302237,301.29488761060855,213.72535514501152,-1392478312.6089206,5,long-span vehicular
7356545.961002786,1.0315404253961198,1.161298098532529,2,0.9999941546890787,143.8411815695364,0.04770163463320874,-1.2659780548540582e-14,0.06682460299770988,0.06485789945255352,7468506.562932233,0.06682460299770988,0.06485789945255352,2429.6066472067214,301.27746334883295,213.71606126965548,-1395339034.050323,5,long-span vehicular
7371866.295264624,1.0326119377170555,1.1625061211513266,2,0.9999944870176756,143.99088150098865,0.04760250030845937,-8.843429548493095e-14,0.06668728442747647,0.06335883200162226,7478348.019767862,0.06668728442747647,0.06335883200162226,2429.541004180046,301.2610453935262,213.70726691179578,-1398203962.561761,5,long-span vehicular
7387186.629526462,1.0336823393118106,1.1637128897513072,2,0.999994790119686,144.14042595865732,0.047503777174322886,-2.5214540293133995e-14,0.06655034762216784,0.0619528532428595,7487493.672636386,0.06655034762216784,0.0619528532428595,2429.4756737831813,301.2455432334624,213.69892732209405,-1401072719.55826,5,long-span vehicular
7402506.963788301,1.0347516336273657,1.1649184082296808,2,0.9999950673467382,144.28981542594957,0.047405462677819116,-6.290588979999187e-14,0.06641378984020754,0.06063187887091337,7496001.008660817,0.06641378984020754,0.06063187887091337,2429.4106529954383,301.23087679715326,213.69100290887673,-1403944970.2145524,5,long-span vehicular
7417827.298050139,1.03581982409291,1.166122680463513,2,0.9999953215846054,144.43905038377267,0.04730755428699619,-3.766558065568421e-14,0.06627760835097944,0.05938873952925132,7503920.845719975,0.06627760835097944,0.05938873952925132,2429.345939265626,301.2169750085939,213.68345852441226,-1406820417.4249864,5,long-span vehicular
7433147.632311977,1.036886914119969,1.1673257103098706,2,0.9999955553283593,144.58813131055203,0.047210049490876746,-1.2529316255834994e-14,0.06614180019165848,0.05821705800178357,7511298.214704714,0.06614180019165848,0.05821705800178357,2429.281530423285,301.2037745769667,213.67626286675642,-1409698796.7426538,5,long-span vehicular
7448467.966573816,1.0379529071025317,1.1685275016059653,2,0.9999957707439011,144.73705868224923,0.04711294579892959,-8.75248178761667e-14,0.06600636293399054,0.05711114563887163,7518173.101506691,0.06600636293399054,0.05711114563887163,2429.217424672505,301.1912189700086,213.6693879724897,-1412579872.0860546,5,long-span vehicular
7463788.300835654,1.039017806417177,1.169728058169297,2,0.9999959697185169,144.88583297237957,0.04701624074132158,-2.495576072304212e-14,0.06587129400626081,0.056065914361721474,7524581.077787597,0.06587129400626081,0.056065914361721474,2429.153620724278,301.17925754815406,213.66280878886514,-1415463432.1197338,5,long-span vehicular
7479108.6350974925,1.0400816154231969,1.1709273837977954,2,0.9999961539026171,145.03445465202984,0.04691993186826976,-4.9809281830459113e-14,0.06573659033916221,0.05507680133730052,7530553.838822371,0.06573659033916221,0.05507680133730052,2429.0901176633147,301.16784482249625,213.65650280673506,-1418349287.1482852,5,long-span vehicular
7494428.969359331,1.0411443374627225,1.1721254822699594,2,0.9999963247444322,145.18292418987545,0.04682401675018442,-2.4853730108675473e-14,0.06560224973340013,0.05413970621019457,7536119.650233345,0.06560224973340013,0.05413970621019457,2429.0269151321113,301.1569398259495,213.65044975032603,-1421237266.4930449,5,long-span vehicular
7509749.30362117,1.042205975860845,1.1733223573449967,2,0.999996483518997,145.33124205219792,0.046728492977115836,-1.2401513512127477e-14,0.0654682688540007,0.05325093465377345,7541303.749729061,0.0654682688540007,0.05325093465377345,2428.9640133637818,301.14650556542017,213.6446313058569,-1424127216.1964154,5,long-span vehicular
7525069.637883008,1.0432665339257372,1.1745180127629613,2,0.9999966313522916,145.47940870290188,0.04663335815893806,-4.9505060786519605e-14,0.06533464610628385,0.05240715339316785,7546128.662188596,0.06533464610628385,0.05240715339316785,2428.901413303624,301.13650856074753,213.6390308940594,-1427018997.1012223,5,long-span vehicular
7540389.972144847,1.0443260149487736,1.1757124522448892,2,0.999996769241693,145.62742460353195,0.046538609924764586,-3.705335843593906e-14,0.0652013779251251,0.05160534719740428,7550614.50555799,0.0652013779251251,0.05160534719740428,2428.8391166457272,301.1269184366067,213.63363346811047,-1429912483.1428273,5,long-span vehicular
7555710.306406685,1.0453844222046507,1.1769056794929345,2,0.99999689807313,145.7752902132896,0.04644424592306149,-3.697822720224407e-14,0.06506846231322577,0.050842786022728764,7554779.215032131,0.06506846231322577,0.050842786022728764,2428.7771261187972,301.1177075772895,213.62842534314873,-1432807559.9134088,5,long-span vehicular
7571030.6406685235,1.0464417589515034,1.1780976981905027,2,0.9999970186357188,145.92300598904967,0.04635026382130401,-2.4602266687781958e-14,0.06493589652614382,0.05011699307362828,7558638.766595337,0.06493589652614382,0.05011699307362828,2428.7154457533784,301.10885082017364,213.6233940444754,-1435704123.3808148,5,long-span vehicular
7586350.974930362,1.0474980284310234,1.1792885120023837,2,0.9999971316341757,146.07057238537692,0.04625666130580913,-2.4552583388063653e-14,0.06480367828085201,0.04942571908766125,7562207.350044183,0.06480367828085201,0.04942571908766125,2428.6540811090763,301.10032519148115,213.6185281770395,-1438602078.7919192,5,long-span vehicular
7601671.3091922,1.0485532338685748,1.1804781245748825,2,0.99999723769939,146.2179898545424,0.046163436081472234,-2.4503100350821313e-14,0.06467180488251478,0.04876691884099175,7565497.526658904,0.06467180488251478,0.04876691884099175,2428.5930398522164,301.0921096751084,213.61381731074988,-1441501339.7107935,5,long-span vehicular
7616991.643454039,1.0496073784733084,1.1816665395359498,2,0.9999973373975414,146.3652588465394,0.046070585871739206,-2.4453816367669176e-14,0.064540273660435,0.04813873144432826,7568520.3581901,0.064540273660435,0.04813873144432826,2428.5323323494495,301.08418501054365,213.6092518807279,-1444401827.1831827,5,long-span vehicular
7632311.977715877,0.9513054167065955,1.1828537604953124,5,0.9999974312378728,146.51237980909977,0.04597810841837144,-3.660709535988578e-14,0.06440908263007074,0.047539463044375826,7571285.514429054,0.06440908263007074,0.047539463044375826,2428.471972654672,301.07653351383567,213.604823098345,-1447303468.9957845,5,long-span vehicular
7647632.311977715,0.9522488762033905,1.1840397910445988,5,0.9999975196794912,146.6593531877095,0.04588600148109187,-6.088960194626786e-14,0.0642782286738809,0.04696757035345681,7573801.37830676,0.0642782286738809,0.04696757035345681,2428.4119799423,301.069138917522,213.6005228720968,-1450206199.0167882,5,long-span vehicular
7662952.6462395545,0.9531914018736903,1.1852246347574678,5,0.9999976031370894,146.8061794256248,0.04579426283762424,-4.8614293607700006e-14,0.06414770984481499,0.04642164907831426,7576075.106499758,0.06414770984481499,0.04642164907831426,2428.3523805925865,301.0619862382719,213.5963437418238,-1453109956.6574051,5,long-span vehicular
7678272.980501393,0.9541329964848932,1.1864082951897328,5,0.9999976819860803,146.95285896388734,0.04570289028345283,-2.4258647145797698e-14,0.06401752373702076,0.04590042092353572,7578112.7042264175,0.06401752373702076,0.04590042092353572,2428.2932114026235,301.05506164880796,213.5922788151458,-1456014686.3479834,5,long-span vehicular
7693593.314763231,0.9550736627907569,1.1875907758794877,5,0.9999977565669691,147.09939224133998,0.04561188163156089,1.210517032175803e-14,0.06388766768310235,0.045402723426820446,7579919.073741885,0.06388766768310235,0.045402723426820446,2428.234524925207,301.0483523681389,213.5883217126916,-1458920337.0931234,5,long-span vehicular
7708913.64902507,0.9560134035314897,1.188772080347229,5,0.9999978271891748,147.24577969464187,0.04552123471234132,-7.248667843619659e-14,0.06375813962571367,0.044927501943774435,7581498.044381567,0.06375813962571367,0.044927501943774435,2428.17639798882,301.04184656729643,213.584466521517,-1461826862.1004717,5,long-span vehicular
7724233.983286908,0.9569522214338465,1.189952212095979,5,0.9999978941343579,147.39202175828387,0.04543094737336377,-2.4114302508976328e-14,0.06362893680726231,0.04447380135053241,7582852.403057234,0.06362893680726231,0.04447380135053241,2428.118946802488,301.03553328377757,213.58070775199747,-1464734218.4403932,5,long-span vehicular
7739554.317548746,0.9578901192112195,1.1911311746114064,5,0.9999979576594069,147.5381188646034,0.045341017479324924,-6.016642150206169e-14,0.06350005724881172,0.04404075985809556,7583983.9025523,0.06350005724881172,0.04404075985809556,2428.062354469223,301.02940234002534,213.57704029718278,-1467642366.7284613,5,long-span vehicular
7754874.651810585,0.9588270995637299,1.192308971361947,5,0.9999980179989917,147.68407144379947,0.045251442911747236,-3.6028534944715174e-14,0.06337149840912976,0.04362760312235881,7584893.266300961,0.06337149840912976,0.04362760312235881,2428.0069245235923,301.0234442769744,213.5734593995602,-1470551270.8773246,5,long-span vehicular
7770194.986072423,0.9597631651783193,1.1934856057989218,5,0.9999980753678138,147.82987992394735,0.04516222156887298,0.0,0.0632432583212152,0.04323364007080217,7585580.172316632,0.0632432583212152,0.04323364007080217,2427.953193482269,301.01765029221144,213.56996061942203,-1473460897.8651383,5,long-span vehicular
7785515.320334261,0.9606983187288383,1.194661081356656,5,0.9999981299626658,147.97554473101326,0.04507335136541601,-3.5886741068367456e-14,0.06311533415701587,0.04285825836721741,7586043.237446945,0.06311533415701587,0.04285825836721741,2427.9021880212586,301.0120121821055,213.56653980605464,-1476371217.5323923,5,long-span vehicular
7800835.6545961,0.9616325628761367,1.1958354014525954,5,0.9999981819641518,148.121066288869,0.04498483023257909,-2.3877507894087256e-14,0.06298772383380244,0.0425009224923152,7586279.970137065,0.06298772383380244,0.0425009224923152,2427.856068740447,301.0065222946643,213.56319307318572,-1479282202.423954,5,long-span vehicular
7816155.988857939,0.9625659002681519,1.1970085694874224,5,0.9999982315382884,148.26644501930622,0.04489665611772549,0.0,0.06286042547365196,0.042161171066747605,7586286.725310295,0.06286042547365196,0.042161171066747605,2427.819823380216,301.00117348107,213.55991677428392,-1482193827.6317117,5,long-span vehicular
7831476.323119777,0.9634983335399957,1.198180588845171,5,0.9999982788379017,148.4116813420506,0.044808826984316055,-5.94602177284291e-14,0.06273343624783312,0.041838615189606354,7586058.640205206,0.06273343624783312,0.041838615189606354,2427.804857722238,300.99595905673664,213.5567074821346,-1485106070.6871266,5,long-span vehicular
7846796.657381616,0.9644298653140411,1.1993514628933404,5,0.9999983240038648,148.55677567477625,0.04472134081160962,-3.560647542992085e-14,0.06260675431478413,0.0415329389037897,7585589.541515736,0.06260675431478413,0.0415329389037897,2427.8278660311134,300.9908727643478,213.55356196930722,-1488018911.4674702,5,long-span vehicular
7862116.991643454,0.9653604982000092,1.2005211949830086,5,0.9999983671661914,148.70172843311948,0.044634195594817065,-5.92284861447222e-14,0.062480377315389926,0.04124389875816668,7584871.848340063,0.062480377315389926,0.04124389875816668,2427.50067399698,300.9859087393653,213.5504771896327,-1490932332.123347,5,long-span vehicular
7877437.325905292,0.966290234795054,1.2016897884489433,5,0.9999984084450637,148.8465400306928,0.04454738934452061,-3.54679778239346e-14,0.06235430296628685,0.04097132545433803,7583896.441811745,0.06235430296628685,0.04097132545433803,2427.4666081979353,300.98106148010066,213.54745026169545,-1493846317.0363247,5,long-span vehicular
7892757.660167131,0.9672190776838467,1.2028572466097136,5,0.9999984479516765,148.99121087909867,0.044460920086949414,-1.1799710756553972e-14,0.06222852942495385,0.040715126412897054,7582652.508671287,0.06222852942495385,0.040715126412897054,2427.4224519239933,300.97632582068746,213.54447845351143,-1496760852.8039334,5,long-span vehicular
7908077.994428969,0.9681470294386602,1.2040235727677997,5,0.9999984857890657,149.1357413879432,0.044374785863474674,-3.533055346463087e-14,0.06210305435580122,0.04047528860944036,7581127.361415027,0.06210305435580122,0.04047528860944036,2427.373589291135,300.97169690474647,213.54155916711215,-1499675928.2413235,5,long-span vehicular
7923398.328690807,0.9690740926194512,1.205188770209701,5,0.9999985220527988,149.28013196484955,0.04428898473063959,-3.5262239861517683e-14,0.06197787537473988,0.04025188346979745,7579306.214363073,0.06197787537473988,0.04025188346979745,2427.3223366718375,300.96717016236613,213.5386899244522,-1502591534.4183085,5,long-span vehicular
7938718.662952646,0.9700002697739437,1.2063528422060468,5,0.9999985568316249,149.42438301547145,0.044203514760130236,-4.692558656659043e-14,0.06185299078087901,0.0400450736971444,7577171.911383555,0.06185299078087901,0.0400450736971444,2427.2697847928634,300.96274129191227,213.53586835531732,-1505507664.742295,5,long-span vehicular
7954038.997214484,0.9709255634377097,1.2075157920116997,5,0.9999985902080603,149.56849494350652,0.04411837403829023,-4.683520284180799e-14,0.06172839809434355,0.03985511989445463,7574704.616773029,0.06172839809434355,0.03985511989445463,2427.2164994415552,300.95840623642,213.5330921816022,-1508424315.0421445,5,long-span vehicular
7969359.331476323,0.9718499761342513,1.2086776228658649,5,0.9999986222588981,149.71246815070936,0.04403356066633036,-2.3372583312614944e-14,0.06160409540368859,0.03968239151058101,7571881.422333013,0.06160409540368859,0.03968239151058101,2427.1627989219846,300.9541611696763,213.53035920609315,-1511341483.7336144,5,long-span vehicular
7984679.665738162,0.9727735103750799,1.2098383379921938,5,0.9999986530556855,149.8563030369046,0.043949072759952766,-1.1663868979136814e-14,0.06148008042481722,0.03952737845997483,7568675.890850204,0.06148008042481722,0.03952737845997483,2427.108874412755,300.95000247856257,213.52766729814067,-1514259172.008103,5,long-span vehicular
8000000.0,0.9736961686597961,1.2109979405988884,5,0.9999986826651504,150.0,0.04386490844929358,-3.492459654808044e-14,0.06135635188167216,0.03939070726877544,7565057.488298135,0.06135635188167216,0.03939070726877544,2427.0548469991845,300.9459267498125,213.52501438080265,-1517177384.0983148,5,long-span vehicular
