Lc,T,n_stay,theta,mu_eff,s,f_deck,f_s,d_true,d_m10,d_p10,band_straddles_zero,eps_coupling_abs,pass_tol2_true,pass_tol2_m10,pass_tol2_p10,actual_ok_tol2,pass_tol5_true,pass_tol5_m10,pass_tol5_p10,actual_ok_tol5,pass_tol10_true,pass_tol10_m10,pass_tol10_p10,actual_ok_tol10
21.10803148489057,254962.7338727241,5,0.5933346210269484,2.9726355542168043e-05,0.0005755430518324,22.009017084864468,19.82147970110039,-0.1103619617077647,-0.16982985656472296,-0.059129114676467594,False,5.006341351100271e-06,True,True,True,True,True,True,True,True,True,True,True,True
23.13639043692727,118560.61379927376,2,0.9395546720084198,6.789008428032224e-05,0.0015477967936027,6.424952688690738,5.800254799570973,-0.1077018011632821,-0.16753202893512723,-0.05621750873592169,False,4.951298603800107e-06,True,True,True,True,True,True,True,True,True,True,True,True
30.605695442775662,519144.4609342198,5,0.7665744048530709,0.002570957150376,0.0046501354648388,13.991242831603117,13.472589480916064,-0.0384969312263039,-0.09410098643903905,0.009408920735624465,True,0.00020226071398589916,True,True,True,True,True,True,True,True,True,True,True,True
98.77109264838197,598681.6380283626,2,0.7433972266820615,0.0002136489163707,0.0034251587842603,1.3907553430137487,1.5029164469369192,0.0746289683313833,0.02458690632406226,0.11768326000324683,False,7.751875661250003e-05,True,True,True,True,True,True,True,True,True,True,True,True
39.8037618344751,409418.21656555566,1,0.6355442452699702,0.0001644918826022,0.0065707155332184,1.5433260766575692,1.6842282531395054,0.0836597867416639,0.034113941922043776,0.1262880956755968,False,0.00026285710864330005,True,True,True,True,True,True,True,True,True,True,True,True
19.60195270640012,787023.4604660383,5,0.9050733610775596,8.936308345126579e-05,0.000743388925792,25.86132469117183,28.621451201180435,0.0964355891882506,0.048095482559892634,0.1380878486422273,False,5.5017800215002854e-06,True,True,True,True,True,True,True,True,True,True,True,True
222.0080373779581,214720.31000195743,3,0.4270208151597711,0.0005389405192082,0.004484023281498,1.6037378315894777,1.5427133355439708,-0.0395566011127977,-0.0957884355440638,0.008821348381609521,True,0.00024870251510405246,True,True,True,True,True,True,True,True,True,True,True,True
43.45989843819092,1836253.5715521495,5,0.7339146198116835,0.000195944401419,0.0013234484272498,19.921924239282877,17.970404155173078,-0.1085963380266003,-0.16848069856723247,-0.05706616275465881,False,1.8661343640000681e-06,True,True,True,True,True,True,True,True,True,True,True,True
28.06635566856152,850110.4129896902,3,0.6042035214148858,0.0001595952202627,0.002206199663984,15.508528533640671,14.932293125833828,-0.0385898805328111,-0.09472163745211028,0.009707711504686222,True,5.5716682590699926e-05,True,True,True,True,True,True,True,True,True,True,True,True
17.780256967069228,1178899.5175443236,2,0.8398738730784402,2.995375934278093e-05,0.0011629578662144,16.56995460275237,17.29020619415459,0.0416566224436188,-0.010135996898676024,0.08622093456762,True,2.507718385170001e-05,True,True,True,True,True,True,True,True,True,True,True,True
96.7418414166684,3638367.7096285513,5,0.5657620438626096,0.0024383608790707,0.0053075530757575,4.988841186423676,5.251124524617966,0.0499480324575565,-0.0012846475641698808,0.09404396715267342,True,0.0003511079250828001,True,True,True,True,True,True,True,True,True,True,True,True
86.33715587046572,2360845.556483834,2,0.4969470799843295,0.0002997325863561,0.0048442527215995,2.397877373127285,2.0893594534858515,-0.1476614850195869,-0.2097014343162894,-0.09428188991659424,False,2.4977224376100085e-05,True,True,True,True,True,True,True,True,True,True,True,True
27.269811234062825,371245.71846322,1,0.7527062004162353,0.0003750574840428,0.0089982409781365,3.99751460544215,3.981996216993118,-0.0038971379186168,-0.05819393901194995,0.0428167817376761,True,0.0057821358205501,True,True,True,True,True,True,True,True,True,True,True,True
68.06990611017918,129091.54195340056,1,0.7532606988196157,0.0002205250295045,0.0068962334922734,1.2066778877063935,1.3093541428904545,0.0784174821927082,0.028567470897259896,0.12130499852622999,False,0.0003228072312935278,True,True,True,True,True,True,True,True,True,True,True,True
123.29198118545698,139799.5728682041,3,1.0269426781814792,0.0007287488479364,0.0029641876038775,1.6665632607792218,1.9063548419094432,0.1257853867803758,0.07850038040793603,0.16646648528283692,False,3.4709353819283573e-05,True,True,True,True,True,True,True,True,True,True,True,True
96.77805944248796,440059.5460791589,2,0.6292634890659607,0.0002366770183923,0.0039590168878825,2.6795005372538836,2.730827237610926,0.0187952938399522,-0.03427947378707973,0.06445720595974339,True,0.00044040186124141926,True,True,True,True,True,True,True,True,True,True,True,True
82.32613535500984,153823.8171113188,4,0.4215380553545036,1.719734982749704e-05,0.0006022337134779,4.451416927444269,4.7264285510684205,0.0581859263612446,0.007247747607739065,0.10201037166515058,False,5.561510206499997e-06,True,True,True,True,True,True,True,True,True,True,True,True
16.00906550441502,1657813.1780784898,2,0.846062754938272,0.0001294255004878,0.0024006655259209,16.77760763377742,19.28094612300669,0.1298348365924945,0.08283767044628668,0.17027655925989596,False,2.5612204011100058e-05,True,True,True,True,True,True,True,True,True,True,True,True
31.165904443939123,635785.2319071875,4,0.8825245245471394,0.0001275423278724,0.0011417212717207,14.710184665583949,16.83270342950629,0.1260949420757778,0.07887952138589333,0.16672252150064673,False,7.594279492599944e-06,True,True,True,True,True,True,True,True,True,True,True,True
167.61027664593644,1938022.4283261355,2,0.6724686340042001,0.0087961299700774,0.0233540209976854,1.5543758264243843,1.5022968731091506,-0.0346662196050847,-0.09063188991679119,0.01348293720564679,True,0.0070278277225375415,True,True,True,True,True,True,True,True,True,True,True,True
18.870286266875517,287409.52118416363,5,0.4795692728584436,0.0004574266592467,0.0024159576887578,28.276343552513737,26.017209758729187,-0.0868322858113781,-0.14518991792183825,-0.036573892934563854,False,1.4391484790500161e-05,True,True,True,True,True,True,True,True,True,True,True,True
44.38046133944329,86318.58897549388,1,0.3536068724578221,0.0002166661396364,0.0087910061737051,1.4507079812185295,1.6372606118779074,0.1139419279410902,0.0660153187143421,0.15517490077983342,False,0.0003707482145473296,True,True,True,True,True,True,True,True,True,True,True,True
199.26147089106732,741628.0861095635,4,0.7537314892448455,0.002779966004617,0.0061185843118138,1.7604190651445648,1.532824289384669,-0.1484806688777488,-0.21058654817986283,-0.09504694987719205,False,9.712903689979997e-05,True,True,True,True,True,True,True,True,True,True,True,True
30.16463922787124,722731.3834578315,4,0.8678400778975173,0.0003414976199473,0.001901368670942,19.26506236455778,18.111716527010383,-0.0636795433402123,-0.12114594432443712,-0.014231014428695496,False,2.892063044699993e-05,True,True,True,True,True,True,True,True,True,True,True,True
60.73705262405615,7559208.804331235,5,0.8429863035283313,0.0054893855411546,0.0062754924179002,9.237277809912518,9.142833672886304,-0.0103298540042672,-0.06435622039170685,0.03622502737493204,True,0.0017259616046685008,True,True,True,True,True,True,True,True,True,True,True,True
29.90966568367362,471754.6731494301,4,0.7523321130283703,0.0007824258973907,0.0032502924265242,11.343937815675597,13.134469483757302,0.1363231054208898,0.08974748521406078,0.17641061351870263,False,6.370127363780013e-05,True,True,True,True,True,True,True,True,True,True,True,True
116.57627108305628,6654127.152297145,1,0.7519339559922087,0.0003932351241862,0.0092203785077704,1.2914612234228142,1.3343550116913403,0.0321457092697969,-0.02020652808735946,0.07718605215803212,True,0.003246689202777128,True,True,True,True,True,True,True,True,True,True,True,True
26.39296127466783,1109748.8776768895,2,0.5132567934582531,0.0006259734963443,0.0069377881757807,10.583944016720151,11.640966608652024,0.090801960650437,0.041640050247071125,0.13309967064148515,False,0.00031281867209689997,True,True,True,True,True,True,True,True,True,True,True,True
79.93716834061426,553219.2003329797,2,0.7513735543516269,0.0006862617263269,0.0060934741952549,2.592381103362421,2.785355154605778,0.0692816680573969,0.018940554767732223,0.11259206390693406,False,0.00034460184262055145,True,True,True,True,True,True,True,True,True,True,True,True
20.066987549814208,267132.60585352295,4,0.6059993288874108,7.711288943303058e-05,0.0011487359147882,19.08172211774919,20.07643850853493,0.049546456676709,-0.0016871224993858188,0.09364565492178266,True,1.4566907344500026e-05,True,True,True,True,True,True,True,True,True,True,True,True
33.97647324839526,751261.5121789892,3,0.5247730676273333,0.0006533273043191,0.0046941835040649,12.30674525502798,11.923957202078649,-0.0321024343229447,-0.0878984070056062,0.015904454469481993,True,0.0002911917330234,True,True,True,True,True,True,True,True,True,True,True,True
176.1108454104669,3019357.3517382005,2,0.9521832696636532,0.0007651476202212,0.0051059927639075,1.7942478894079752,1.7246919715970546,-0.0403294727153581,-0.0966021647398802,0.008083741885708587,True,0.00031604116184474917,True,True,True,True,True,True,True,True,True,True,True,True
39.45352264725604,169984.542092587,3,0.9606673204121012,0.0003031417226236,0.0021169764686072,5.480926064410577,6.329694555537688,0.1340931199254386,0.08728626971388964,0.174366304103856,False,1.8476793769200018e-05,True,True,True,True,True,True,True,True,True,True,True,True
88.77009585305338,11055783.480798887,5,0.3560277301815722,0.0045442175745432,0.0080447599248716,7.928108636839234,8.834882826128657,0.1026356780429154,0.054189704015655545,0.1443265464154099,False,0.0006861660597673,True,True,True,True,True,True,True,True,True,True,True,True
63.69633714584365,88607.16681711008,5,0.936226863930014,0.0002047911983427,0.0010801810524593,6.25952922632073,5.783119181683894,-0.0823794270306076,-0.14089157959463297,-0.03203531671959229,False,1.1795894549100042e-05,True,True,True,True,True,True,True,True,True,True,True,True
19.079068437253248,367157.0164986209,2,0.6961876422812703,0.000128074431194,0.0027640275115114,10.438616906058868,11.707011817158373,0.1083448903024496,0.0601550927473993,0.14980904648734594,False,3.3357465316199986e-05,True,True,True,True,True,True,True,True,True,True,True,True
119.54021232706864,931437.9979945536,5,0.909213446969666,1.0191866881343225e-05,0.0002497264532489,7.100477729784777,6.636257224727104,-0.0699521566656516,-0.1278235947810414,-0.02016305854711026,False,2.6990090259354174e-06,True,True,True,True,True,True,True,True,True,True,True,True
44.98425715300805,884754.3719384043,1,0.5729300823902961,0.0002913444064881,0.0091311651954873,2.183947133400882,2.143702789061242,-0.0187732854316357,-0.07387196154218456,0.028630849120699686,True,0.0021088844401657,True,True,True,True,True,True,True,True,True,True,True,True
30.81971632001487,320806.2309216165,4,0.3679405247853066,0.0003010750091684,0.0025767468944839,8.928348690891225,9.250281362888616,0.0348024734997747,-0.01703757329934293,0.07944620391579908,True,0.00016407292060350003,True,True,True,True,True,True,True,True,True,True,True,True
22.762487122473654,325377.9041597651,3,0.7182092882671446,0.0001272341669016,0.001802383637767,12.323748349711511,13.350054381561714,0.0768765431598296,0.027032739188319506,0.11976947244242435,False,2.1967015083400147e-05,True,True,True,True,True,True,True,True,True,True,True,True
25.361494102003185,489091.1121224733,3,0.9074105403306107,0.000227545946417,0.0019711727924001,11.73879236242568,11.26867899092774,-0.0417185875892304,-0.09790995032370062,0.006643427689964217,True,2.05765006319001e-05,True,True,True,True,True,True,True,True,True,True,True,True
113.52921499645788,496255.2577177477,4,0.7689616484287718,0.0006928643346531,0.0030105889349267,3.46975034178592,3.226573185454649,-0.0753670046684545,-0.13351921143148582,-0.025334894299195967,False,5.9576573976300015e-05,True,True,True,True,True,True,True,True,True,True,True,True
42.42359691838678,613794.8179792064,4,0.349547089116515,0.0014200542823319,0.0056348491556111,9.564998803588338,9.453097474303853,-0.0118375304590547,-0.06647083722482068,0.03517706128295666,True,0.0012618018446319,True,True,True,True,True,True,True,True,True,True,True,True
25.2322721563803,801847.9816755439,5,0.9936155935025448,2.077732715910343e-05,0.0003166867568025,33.451276215141,30.37433779526666,-0.1013005926454743,-0.1607582917629924,-0.050133647648086616,False,1.5777745834999902e-06,True,True,True,True,True,True,True,True,True,True,True,True
139.54495822698038,333626.42908958875,1,0.6678606082064105,0.0015830433362382,0.0198874122701084,0.6140469453368864,0.6753834612743552,0.0908173200180757,0.04163766655443059,0.13312806201699048,False,0.002241227269805941,True,True,True,True,True,True,True,True,True,True,True,True
51.72191356607996,96620.29378957888,4,0.4894129438328637,0.000889124503865,0.0041886084858746,4.879257891540406,5.238164483219179,0.068517625368305,0.018177932514987477,0.11183193562680656,False,0.00015758395067870003,True,True,True,True,True,True,True,True,True,True,True,True
47.06416721400781,444130.8673312373,3,0.4679836799050823,0.0001020104685967,0.0019128440148712,10.564912666756168,9.858083956401911,-0.0717004149569285,-0.1296652759513663,-0.02183080473902487,False,2.765118576204344e-05,True,True,True,True,True,True,True,True,True,True,True,True
39.506394449827994,1104112.7751102815,1,0.7033667685540526,0.0002258742111969,0.007297086571266,3.886785461077993,3.7703376374489057,-0.0308852508254085,-0.0866457709288633,0.017087484751582085,True,0.0006786482610151705,True,True,True,True,True,True,True,True,True,True,True,True
78.96592181593007,88980.7791409483,5,0.6129512106581717,0.0009483343019932,0.0032071525798322,3.9158889562801305,4.598861385914199,0.1485090269791424,0.10246957235277263,0.18812050874412675,False,3.880727083119999e-05,True,True,True,True,True,True,True,True,True,True,True,True
47.39666503479325,1528252.6474123837,3,1.0122921985725963,0.0002795007111886,0.0018800057524189,10.434356299939726,9.578060352040357,-0.0894018116848636,-0.14830718688070596,-0.03872100608120652,False,1.2228201218899973e-05,True,True,True,True,True,True,True,True,True,True,True,True
83.99668474864303,308661.0593349221,5,0.8537362498003405,0.0005435468606298,0.0019507759134114,9.104223684784822,8.270754890396915,-0.1007730014288826,-0.16031074639665518,-0.04955022586738253,False,1.221860483874728e-05,True,True,True,True,True,True,True,True,True,True,True,True
54.68053325460026,333676.88814563834,4,0.5884428995670266,0.0002634677375666,0.0021488489657526,8.147381704018466,9.426429433099086,0.1356874029724862,0.08894471248740922,0.17590273558123762,False,1.4550368515199992e-05,True,True,True,True,True,True,True,True,True,True,True,True
112.86852483543748,429010.6147744442,1,0.7536785140698214,0.000411205499028,0.0094133075338593,0.7976519194278012,0.902129745161132,0.115812416444233,0.06798495634440782,0.15695984422885143,False,0.000370072233725828,True,True,True,True,True,True,True,True,True,True,True,True
72.72375978936763,134613.61743547564,4,0.4948025641459907,0.000650608857637,0.0035726759288463,3.8917135577474418,3.913235154280009,0.0054996941620101,-0.048266596035919,0.051759869375737115,True,0.0011146172750952001,True,True,True,True,True,True,True,True,True,True,True,True
160.42953626265745,531574.9638264454,3,0.7453068317837057,0.0017914166039345,0.0066004493388514,1.496615288721261,1.6726117851918254,0.1052225615224755,0.05682649294634557,0.14685968775436345,False,0.0002773630778969053,True,True,True,True,True,True,True,True,True,True,True,True
52.98615954219691,160730.15680817555,5,0.6903902131032824,0.0001954540080192,0.001372414882248,6.44088664528609,6.460434682659237,0.0030258083756525,-0.0507846882994402,0.049334766810760156,True,0.00029791185929549987,True,True,True,True,True,True,True,True,True,True,True,True
60.75926929182393,141715.0348601404,5,0.5266867111285926,0.0001121386674504,0.0011655781908099,5.885932636311721,5.968721414805005,0.0138704376933947,-0.03940955520777674,0.05971626000407742,True,5.060666635140019e-05,True,True,True,True,True,True,True,True,True,True,True,True
32.87087694776071,224305.94065301356,3,0.3640165391689987,0.000391409108557,0.0039232114832596,9.521684502897529,9.274405460114624,-0.0266625223413345,-0.08216457786564405,0.021091459851452457,True,0.0002590821848471,True,True,True,True,True,True,True,True,True,True,True,True
59.4170565779295,8285079.946003228,1,0.9791865964694586,0.0019042769397503,0.0154933089071923,2.843184209277743,2.5556972527020396,-0.1124886589253694,-0.17265707714561246,-0.06072292916638819,False,0.0010052733209619,True,True,True,True,True,True,True,True,True,True,True,True
109.5650973777954,908104.7373899844,5,0.8077385914148958,0.0010008531285038,0.0027839274651652,5.373853314993526,5.998434892000517,0.1041240904089714,0.055674202516633874,0.14580819220621458,False,3.95121781534e-05,True,True,True,True,True,True,True,True,True,True,True,True
85.1504157827345,2111196.7076521995,3,0.6604672137418235,0.0265294817071064,0.0272953405700342,3.042986158352436,3.52290474172615,0.1362280897605433,0.0895456862528439,0.1763952849050519,False,0.0028895567924751998,True,True,True,True,True,True,True,True,True,True,True,True
129.42827039173324,1695153.8181808128,3,0.7497320281582032,9.732160381746222e-06,0.0004845050788801,4.047937414114648,3.5670758621614698,-0.1348055299451354,-0.19618670626420884,-0.08199709990954271,False,1.1475272365754978e-05,True,True,True,True,True,True,True,True,True,True,True,True
67.20230220888806,274547.4970715414,4,0.4348218753934006,0.0003733510803784,0.0027890726857403,3.868876393952364,3.9136422675882896,0.0114384173552765,-0.04194166855440415,0.05737412652365798,True,0.0003553830911637,True,True,True,True,True,True,True,True,True,True,True,True
151.79994969739118,972564.7360439654,1,0.3660228458232204,0.0041127929738415,0.0381226394280795,0.4432728757801588,0.4380307206958153,-0.0119675512165363,-0.066703484752245,0.03512385637318479,True,0.027602807196566378,False,True,True,False,True,True,True,True,True,True,True,True
45.21994682081819,602647.1069202767,4,0.7131592694999545,0.0001130202095003,0.0012796511264854,11.36591687480393,11.328118486927483,-0.0033366871930288,-0.057577713799938424,0.04333230767317769,True,0.00023167236680090002,True,True,True,True,True,True,True,True,True,True,True,True
41.238823946619696,2880387.7048191046,2,0.9316730919667005,0.0233108619428595,0.0289890437302468,6.56146916771695,6.569639104420942,0.0012435898797688,-0.05274511509396248,0.04769605313111167,True,0.0277351677384437,False,True,True,False,True,True,True,True,True,True,True,True
27.092470544235923,307805.6808927124,4,0.454432328061205,4.3659016675045415e-05,0.0009448876934363,18.908195808833536,19.029126521571083,0.0063550322501908,-0.04734977635471172,0.05256414050686048,True,7.302373342350007e-05,True,True,True,True,True,True,True,True,True,True,True,True
65.75838945514084,2988136.5878560115,2,0.4205800481768,0.0110770357458196,0.0305817549400126,2.8246617095328297,2.8714220294125914,0.0162847256170586,-0.03686461681090539,0.06201815213159614,True,0.018486915303508298,True,True,True,True,True,True,True,True,True,True,True,True
23.640288952587003,1534190.5022301795,1,0.9881630389697722,0.0001630569377095,0.0044729066165526,6.6710186269300245,6.6143245415618415,-0.0085714096748563,-0.06311918525714783,0.038358655380236015,True,0.0010923291621703,True,True,True,True,True,True,True,True,True,True,True,True
62.77960474592551,3501820.5090423557,1,0.3591735459625217,0.0010217306571102,0.0190507132233821,1.8733943630491563,1.9659535182093215,0.0470810496295314,-0.004458130698683091,0.09142251689919349,True,0.0037830703159764,True,True,True,True,True,True,True,True,True,True,True,True
28.641978601054536,3078554.829885396,1,0.4606916161634178,0.0002509937565491,0.009034332951328,4.188230467491663,4.762165951346988,0.1205198411225015,0.07296386658428763,0.16143572744490198,False,0.0008262492687724,True,True,True,True,True,True,True,True,True,True,True,True
44.77757052562383,466678.39811935666,3,0.6171460366368842,0.0001527590463304,0.0021389670075994,6.299645711957651,6.275108765322293,-0.0039102026041293,-0.05816451455785225,0.042772352319421315,True,0.0005415563570789,True,True,True,True,True,True,True,True,True,True,True,True
42.119117698541274,1331524.4453751096,4,0.5885047955472403,0.0001086872213525,0.0013801092750598,15.206209982963232,13.824669345278098,-0.0999329968175338,-0.15937762453128249,-0.0487846039765805,False,2.021236051100053e-06,True,True,True,True,True,True,True,True,True,True,True,True
49.05050993397231,629170.6630805666,5,0.7661750022584994,0.0002877772766895,0.0015563720247598,7.252344613003589,7.654988572698104,0.0525988975516651,0.001707964880513111,0.09642446377912912,False,9.774389977020015e-05,True,True,True,True,True,True,True,True,True,True,True,True
215.72941123959396,780730.5787742815,1,0.8688215769456127,0.0011368469846028,0.0138605333798422,0.2826401630156274,0.3047711051037454,0.0726149615810346,0.022451851563390038,0.115771939058308,False,0.0013415122212608686,True,True,True,True,True,True,True,True,True,True,True,True
102.43578089930485,566018.5336329284,4,1.043255373419083,0.0002489466889818,0.0012641402551481,3.5684802157889353,3.16048720544981,-0.1290918088944007,-0.19012593036512843,-0.07657739527045278,False,6.023636380100058e-06,True,True,True,True,True,True,True,True,True,True,True,True
91.03968926986909,1556122.9749316094,5,0.8471867448236816,0.0006643652545788,0.0021728676578524,6.9396025395085195,6.114483455452183,-0.13494501867048,-0.1962739540916137,-0.08217435006830899,False,2.545229678899987e-06,True,True,True,True,True,True,True,True,True,True,True,True
28.905345332170704,678796.0745910561,4,0.6110017970167667,0.0002599597619695,0.0021018232088873,24.139883139021094,21.29025059141643,-0.1338468298139028,-0.19513160938955107,-0.08111598059142547,False,4.191906964400027e-06,True,True,True,True,True,True,True,True,True,True,True,True
77.96383298635786,2197829.5053930418,3,0.7585603672332176,0.0006287907695834,0.003862291945427,5.134094985880371,5.734942481729719,0.1047695766371707,0.056355021116799464,0.14642333101068228,False,7.648483112290003e-05,True,True,True,True,True,True,True,True,True,True,True,True
84.34231802683708,5627465.98035275,3,0.7774040925296173,0.000650838696822,0.0038585552903994,4.396862420866808,4.645517738070392,0.0535258567986586,0.0023708178791616353,0.09754110457100093,False,0.00016973832697770002,True,True,True,True,True,True,True,True,True,True,True,True
103.58790429835116,1832779.811811624,4,0.9990057745578176,0.0014745622592687,0.0033071983531078,2.7610931921156334,2.971646452485704,0.0708540749165999,0.020726201216284303,0.11399639350981278,False,7.507825858909991e-05,True,True,True,True,True,True,True,True,True,True,True,True
64.95730115176644,732639.5790810527,3,0.5928715119183481,0.0005752580074182,0.0042210708130147,3.3631387658058927,2.9513361302011254,-0.1395309166552655,-0.20097626338910962,-0.08664432114188843,False,4.354954005309983e-05,True,True,True,True,True,True,True,True,True,True,True,True
124.6990519261217,546334.2615358811,4,0.6550564637723773,0.0025247467955728,0.0063417576920216,2.9080045177532057,3.09134754625809,0.0593084490699893,0.008435196330387001,0.1030775422482853,False,0.00039723650073860003,True,True,True,True,True,True,True,True,True,True,True,True
28.809188147402775,442233.19626419025,4,0.7707019229322235,0.0027155467733846,0.0059500878887195,11.77715467622912,13.132799070551496,0.1032258536081789,0.05489135310910628,0.14483033859224456,False,0.0001972359249783999,True,True,True,True,True,True,True,True,True,True,True,True
37.222843823047214,240092.36709248408,5,0.9810646068661484,7.183647025225762e-05,0.0006001575068661,14.888199250807752,16.582289849413307,0.1021626454482395,0.05362681589534829,0.14392310773324898,False,4.199263822600029e-06,True,True,True,True,True,True,True,True,True,True,True,True
16.09175513719317,727683.6107930293,3,0.4341498926666112,0.0009230892963692,0.0058492091611327,26.347658542044705,26.94363353516242,0.0221193252328029,-0.03067343001209927,0.06755088393833177,True,0.0008582586380927002,True,True,True,True,True,True,True,True,True,True,True,True
71.16030942415887,4657746.11027586,3,0.8055970157079542,0.062087596722728,0.0366264157244134,3.735282582242917,4.235314853915874,0.1180625972141453,0.07048705305327126,0.1590089143079909,False,0.0056936311885589005,True,True,True,True,True,True,True,True,True,True,True,True
74.73284869422227,297917.6332559244,4,0.9233160367060208,6.087505653593289e-05,0.0007490067570039,6.165376917948467,6.8158446922852285,0.0954346531799673,0.046509745688601216,0.13752682887611595,False,1.35737216689e-05,True,True,True,True,True,True,True,True,True,True,True,True
18.232202502387075,338358.93590539694,1,0.3645012355934555,0.0010085944556506,0.0188897208625904,4.860858942456569,5.467238346519409,0.1109114630879184,0.06283507581067727,0.1522749951185934,False,0.0017393308813741003,True,True,True,True,True,True,True,True,True,True,True,True
70.23106420549234,362472.6599522607,3,0.6543479764734212,0.0001077120388046,0.0017474621971833,3.441712376318048,3.4350412757379365,-0.0019420729023637,-0.05611083505218192,0.044664369430106654,True,0.0006686591789868,True,True,True,True,True,True,True,True,True,True,True,True
199.15285187917632,3542129.1539442185,3,0.6827949417358106,0.0476411241869225,0.0359340773421147,1.5788381369598623,1.4686562051609442,-0.0750222764263907,-0.13315557342869086,-0.025006403124617032,False,0.0078870441814958,True,True,True,True,True,True,True,True,True,True,True,True
49.96055886542338,2073351.8704553305,2,1.0279852591786809,0.0010267233021162,0.0052684762604679,4.947648110783625,4.894908937412578,-0.0107742910124339,-0.06542231004894554,0.03624428991175575,True,0.000959044236134,True,True,True,True,True,True,True,True,True,True,True,True
98.545337876482,6257672.646324007,5,0.8266336287852694,0.0098530665203701,0.0085607706271493,7.270742168505112,7.22883708089241,-0.0057969334685197,-0.060131437049298374,0.04095723719383502,True,0.004393847295260499,True,True,True,True,True,True,True,True,True,True,True,True
119.55044587076203,1187232.800508367,1,0.5674466942391497,0.0001691391772763,0.0069818740289188,1.03864492679081,1.1367839535519566,0.0863304117325941,0.036908095521005074,0.12884992909424395,False,0.000281895831501186,True,True,True,True,True,True,True,True,True,True,True,True
45.98042538703192,1267653.1898220603,1,0.5436056441411107,9.456462775418594e-05,0.0052983639955896,2.473229293710267,2.415427784781756,-0.0239301333257346,-0.07930978685756412,0.02371549024828955,True,0.0005763173443933,True,True,True,True,True,True,True,True,True,True,True,True
108.73957437466102,1842024.289515308,3,0.8158281082456351,0.0142051138347858,0.017331657953342,2.654396524913472,2.3425030271298906,-0.1331453979659199,-0.19438447174716117,-0.08045293852606909,False,0.0008439487881511078,True,True,True,True,True,True,True,True,True,True,True,True
26.838256185595977,1431711.0790595352,4,0.8636250761135225,0.0002468890437999,0.0016247049946359,20.024493776558813,20.347196633102076,0.015859819038573,-0.0372104872819492,0.061537472026083576,True,8.690776538019997e-05,True,True,True,True,True,True,True,True,True,True,True,True
86.16205240871197,5322624.847854574,1,0.4335002109597605,0.0137542706257574,0.0677557319433792,1.4933934583934003,1.661839004501876,0.1013609294595692,0.05275403612932136,0.14317920124189315,False,0.021637800600282718,False,False,True,False,True,True,True,True,True,True,True,True
15.129442145883852,336897.9241794852,3,0.9063113548662552,0.0001459899706559,0.0015811088424989,21.79986588292498,23.161183208425744,0.0587758109441288,0.007984693324958525,0.10248755281335022,False,2.2894344758300333e-05,True,True,True,True,True,True,True,True,True,True,True,True
74.08095825577416,7814353.115153731,1,0.6251921648451555,0.0229776947621314,0.0782481774016603,1.8367005328165968,1.9361786286991016,0.0513785734477107,7.102469650927256e-05,0.09552066118782765,False,0.037578234316024105,False,False,False,False,True,False,True,True,True,True,True,True
196.7712001960024,72519.6983028779,4,0.5360237445701019,7.048246765485934e-05,0.0011487643854523,1.299740954294168,1.2889675674745449,-0.0083581519748642,-0.06289941805766161,0.03856570845431424,True,7.516884330003703e-05,True,True,True,True,True,True,True,True,True,True,True,True
29.22156027135153,186799.70393278264,2,0.3600868396185384,0.0002876213222992,0.0050521291302598,4.659162934842564,5.297284678791464,0.1204620447346778,0.07292463728295633,0.16136456335115582,False,0.0001264064261668,True,True,True,True,True,True,True,True,True,True,True,True
76.7071005334312,1175381.6842139584,4,0.5219979540128625,0.0012089216822085,0.0047967876751641,6.315919660110464,6.6815144317658275,0.0547173511917031,0.0036049993021068697,0.09869325956809881,False,0.00027504000211809996,True,True,True,True,True,True,True,True,True,True,True,True
132.89103891930094,338725.6983068858,5,0.9822924754213412,0.0006541452152152,0.0018077229814031,4.143217382229062,4.013128783098497,-0.0324157549287826,-0.088254800005535,0.015625050670245978,True,4.642240894406338e-05,True,True,True,True,True,True,True,True,True,True,True,True
67.25103168627119,1648769.2406161302,4,0.3924699779743456,0.0015640137566257,0.005815632597469,4.003109062698521,4.6072047541726,0.1311197838400753,0.08437714460171844,0.17136464489636993,False,0.00018795838762490028,True,True,True,True,True,True,True,True,True,True,True,True
30.1416211022178,177716.04610542138,1,0.4796141880287749,0.0007608664883087,0.0155791111376225,2.692504358312596,3.0738206201650877,0.1240528674155397,0.07667488120515288,0.16481404776380928,False,0.0012734378168235206,True,True,True,True,True,True,True,True,True,True,True,True
71.16407751335854,833452.459600145,5,0.8907373047830436,0.0001627691540402,0.0010214934418993,6.680374666804623,6.8617008420142085,0.0264258351368694,-0.026157065259179952,0.07167408045992557,True,1.9872184589899995e-05,True,True,True,True,True,True,True,True,True,True,True,True
65.78196361190956,1192449.1562866762,5,0.4593509908697495,6.692510171881297e-05,0.0009336360812814,6.060605508695941,7.076505320145686,0.1435595347547665,0.09737572875158884,0.18330999834141593,False,3.6264167826999955e-06,True,True,True,True,True,True,True,True,True,True,True,True
50.009657034752955,1635872.3825974104,3,1.0070201784499233,0.0003967559665941,0.0022587711437249,9.839562129786378,8.568675426762049,-0.1483177550470686,-0.21040363907836912,-0.09489989465379263,False,3.24237046246e-05,True,True,True,True,True,True,True,True,True,True,True,True
74.2442678926616,3649859.800761754,3,0.6185904313652691,0.0005155269261366,0.0039253689166818,3.314460847314154,3.836963242076113,0.136176023015337,0.08956500663669371,0.17629069936721747,False,0.00014844374611250018,True,True,True,True,True,True,True,True,True,True,True,True
71.07430776595778,11013758.860280013,2,0.4377027038555648,0.0239617340647423,0.0446279501793168,4.180339869128585,4.1557060429445585,-0.0059277114236338,-0.06030733953176286,0.040860713023310964,True,0.0382909318829696,False,True,True,False,True,True,True,True,True,True,True,True
62.03599742509936,1266520.6998505588,5,0.5036098001252156,0.0005864195245913,0.0027004876044007,11.544913288521595,11.98309623928232,0.0365667555372121,-0.015518281290655302,0.08138059000670027,True,0.00010998869660020004,True,True,True,True,True,True,True,True,True,True,True,True
21.477563904738485,364932.5307574613,5,0.5569917968272298,0.0001918598794281,0.0014970377138508,27.69297338798107,29.210407129907136,0.0519483941178087,0.0008038038922551509,0.09596613556796668,False,2.4453542576300096e-05,True,True,True,True,True,True,True,True,True,True,True,True
134.87951518962225,968385.2487278486,1,0.9409978258697996,0.0005373389339645,0.0086917304191631,0.5490672040975542,0.645328521035644,0.1491663761948821,0.10314404848389923,0.18876090764212167,False,0.0002639770482621143,True,True,True,True,True,True,True,True,True,True,True,True
98.58328865365698,598476.0241403137,3,0.7907457795768491,0.0016765217289322,0.0061110179512662,3.3856507646780805,3.261648770016871,-0.0380181936820156,-0.09415931658365399,0.01028261524255731,True,0.0004347084646969,True,True,True,True,True,True,True,True,True,True,True,True
113.18914560050912,1161789.341705201,4,0.7235090519321954,0.0009250210650793,0.0036279409989515,2.5277603204712342,2.775331116921823,0.0892040574694289,0.04000004884134655,0.13154330986058949,False,0.00014200589717650015,True,True,True,True,True,True,True,True,True,True,True,True
17.86648616180294,321628.61339042964,4,0.3888463560584659,1.1902026587649768e-05,0.000508083665318,32.58705863419288,29.965331607981316,-0.087492007781194,-0.14621769734367368,-0.036956622412478296,False,2.9851841316999583e-06,True,True,True,True,True,True,True,True,True,True,True,True
41.699033167674195,2994875.49467144,3,1.000700292060687,0.0149395154012446,0.0139987713597125,7.283446783317342,8.489576546051602,0.1420718402374516,0.09578938489859223,0.18190499992223702,False,0.0007842889855588001,True,True,True,True,True,True,True,True,True,True,True,True
24.563843001204496,1813306.3900042449,4,1.0195118114015025,0.0002701104387053,0.0013700653552538,19.67747275348282,22.995442871589336,0.1442881590337117,0.09818941511662513,0.18397089678070003,False,1.0919702492300301e-05,True,True,True,True,True,True,True,True,True,True,True,True
16.080464044016047,627974.834936262,5,0.6213093749667549,4.1484538942242625e-05,0.0006668164046138,48.88045774064004,49.10588143786664,0.0045905641162725,-0.04907643762307603,0.05078311358365781,True,4.919909714890024e-05,True,True,True,True,True,True,True,True,True,True,True,True
27.63472934784984,1233122.7098076784,5,0.6919147249093618,0.0007557620000469,0.0026953050549671,17.039059121147833,19.730050336876637,0.1363904891159442,0.09012789851463979,0.17624548520360003,False,2.002557421820067e-05,True,True,True,True,True,True,True,True,True,True,True,True
17.2336768810983,948770.7700333598,4,0.6959261174556495,0.0017817398905099,0.0051558254103541,38.17974056591824,34.279017908169116,-0.1137933026027426,-0.17382286192829752,-0.06212193383334467,False,0.00038809832993219997,True,True,True,True,True,True,True,True,True,True,True,True
176.5615547258673,166026.33473246146,5,0.4581797471991016,6.251412377149076e-05,0.0009028662456392,1.7158803295881055,1.9782450487271075,0.1326249846083625,0.08571527951936199,0.17298384122161245,False,4.594276741699994e-06,True,True,True,True,True,True,True,True,True,True,True,True
52.14530843215104,1322972.9632427075,4,0.7399785059108468,0.0002608175832446,0.0018981437422838,10.479694955460202,11.373701440176514,0.0786029499207988,0.028789242986068313,0.12146239039149428,False,3.228551382969999e-05,True,True,True,True,True,True,True,True,True,True,True,True
261.5140061429517,1170286.7570814255,2,0.8109483379273341,0.0140611310345762,0.0259992301898022,0.8189653805065977,0.7781126847250487,-0.0525022873724062,-0.10943360043624512,-0.003522461297581461,False,0.005933944773618148,True,True,False,True,True,True,True,True,True,True,True,True
61.1631080375578,116325.19020274372,2,0.523194417338227,7.130108714374272e-05,0.0023282530273079,2.5733030826544585,2.5312572246237712,-0.0166106619357646,-0.07159532121319637,0.03069502411915286,True,0.0001618325173787704,True,True,True,True,True,True,True,True,True,True,True,True
19.450670179738644,318081.3643915061,1,0.540600626579987,0.0001191788623505,0.0059588585933704,4.178472069292987,4.708605526108552,0.1125882076712627,0.06460513697294322,0.15387177123891246,False,0.00020770309720840002,True,True,True,True,True,True,True,True,True,True,True,True
158.9760148682636,3747110.654061011,5,0.9544324834755112,0.0012491665081028,0.0026013702586971,2.5568397455894263,2.7721687236368044,0.0776752786406479,0.027887606888606982,0.12052146501661608,False,4.583726255889993e-05,True,True,True,True,True,True,True,True,True,True,True,True
23.118424967843413,474274.49192052736,3,0.5379988539706675,0.0005448029451135,0.0042534190576283,18.53312489736187,17.66073420559674,-0.0493971927559312,-0.10611729282115907,-0.0005938818933659883,False,2.2425682766199985e-05,True,True,True,True,True,True,True,True,True,True,True,True
24.05940256890741,224250.41473543615,2,0.6516485063100935,0.0023128372315729,0.0121712801049589,7.944545171089929,7.795197996790295,-0.0191588686215703,-0.07425059605110297,0.028242629167198496,True,0.0030850611796060003,True,True,True,True,True,True,True,True,True,True,True,True
108.50044793795728,88125.13169258357,4,0.9767337160271164,0.0001561721548421,0.0011132744267508,2.1351934475070076,2.487951797522923,0.1417866497120772,0.09537271542389458,0.18171900335241922,False,4.231297715100017e-06,True,True,True,True,True,True,True,True,True,True,True,True
30.62944154415004,1048631.863734034,5,0.5271044816790678,0.0002315413193568,0.0016744509035663,18.95085027509831,19.2894849920185,0.0175554047741714,-0.03533030257290879,0.0630853348078839,True,8.341846169970021e-05,True,True,True,True,True,True,True,True,True,True,True,True
73.89055032939127,888835.9489144647,1,0.6634266843727644,0.0017686045824579,0.0210940141022063,1.4246732794922494,1.6505313702719668,0.1368396231951057,0.0901502299960433,0.17700801699021607,False,0.0015882820437972795,True,True,True,True,True,True,True,True,True,True,True,True
60.72072304161874,2691355.41251059,5,0.8629195279860697,0.0019373507467481,0.0036439801656447,11.904026056992596,11.93950716185192,0.0029717394845817,-0.050885085101733944,0.04931535181119892,True,0.0017343141365326002,True,True,True,True,True,True,True,True,True,True,True,True
37.7199871705431,5201570.418992673,2,0.8178338943370882,0.0047230618925064,0.0149586763719287,7.4664989472723855,7.869828250672628,0.0512500769461862,-1.8175339060253782e-05,0.09536391288388574,True,0.0024266853360709,True,True,True,True,True,True,True,True,True,True,True,True
201.4178951222509,313309.5398013924,2,0.4267996052658731,0.0001888313310715,0.003981708185832,0.6892030823971039,0.7374395899916716,0.0654107919471918,0.014858201923296462,0.10890287598497671,False,0.0001246945267533338,True,True,True,True,True,True,True,True,True,True,True,True
38.30942735213176,159257.5478326962,4,0.4588694965553904,0.0003747266148185,0.0027621913560598,8.065860350712137,7.567758492071064,-0.0658189421825428,-0.12334959583523031,-0.016308962722421882,False,5.5831756874000216e-05,True,True,True,True,True,True,True,True,True,True,True,True
109.64037802016554,3901602.2815190777,4,0.5741694765515718,0.0003838366441303,0.0026181129093252,4.8749361468013035,4.905575493573982,0.0062458210688663,-0.047480145852429885,0.05247130058215691,True,0.0005538848444403,True,True,True,True,True,True,True,True,True,True,True,True
126.27169856852278,553823.3290299904,5,0.8275132683199189,0.0006331365856126,0.0021680065460865,5.454861877237568,4.98824500133734,-0.0935432954426113,-0.1526889842193813,-0.04265769914372164,False,6.075886738499996e-06,True,True,True,True,True,True,True,True,True,True,True,True
26.17489060381717,397870.7732694452,5,0.6470792950488964,2.887713939591285e-05,0.0005458927776311,23.44519951043004,23.308618149240846,-0.0058596936255374,-0.06014914181445802,0.04086152331017221,True,2.4172159344000056e-05,True,True,True,True,True,True,True,True,True,True,True,True
39.809826668543074,530385.4790835578,1,0.808282804850013,0.0032026138452493,0.0248855787777409,1.7560291826869616,1.9622779283539575,0.1051067958757535,0.056714372418100144,0.14674197709277498,False,0.0017063620253655002,True,True,True,True,True,True,True,True,True,True,True,True
154.8016275881027,4372906.346159061,3,0.6581633870689336,0.0006901489009774,0.0044103287349796,2.6666658248871262,2.9190783159502325,0.086469927745306,0.03706005658418605,0.12897932725322125,False,0.00012388827957306788,True,True,True,True,True,True,True,True,True,True,True,True
51.896492567319555,403102.834940761,4,0.7970773603748221,0.0005610905937832,0.0026344484875499,6.417316081070288,7.545733170691717,0.1495437307542624,0.10358074583896633,0.18909188584346837,False,3.83572531726e-05,True,True,True,True,True,True,True,True,True,True,True,True
114.58393855307143,1219686.842425391,5,0.350494223643099,0.0011479626507389,0.0040516649928555,4.8479217315181495,4.620222589015214,-0.0492831542454902,-0.10600626558875312,-0.0004783552958949903,False,4.744992600139999e-05,True,True,True,True,True,True,True,True,True,True,True,True
106.81104306972726,3580695.685763978,2,0.5389258476794312,0.0078062001358465,0.024137321020354,2.239681297922799,2.324525193359434,0.0364994518790384,-0.015609486109355123,0.08133141432891747,True,0.0076342736328498,True,True,True,True,True,True,True,True,True,True,True,True
62.62551427834872,247481.72828809408,3,0.9497587061883176,0.0001162020340658,0.001331063193209,4.4173579412517645,4.238304550674719,-0.042246466349036,-0.0986066605185868,0.00624397564880887,True,1.951594303980001e-05,True,True,True,True,True,True,True,True,True,True,True,True
20.811281175408904,289557.4013196431,4,0.9328554281220416,0.0001925475139784,0.0013152306091962,29.114744512893303,25.365899065223655,-0.1477907579002106,-0.2098039849490771,-0.09443010470075947,False,8.504240327190005e-05,True,True,True,True,True,True,True,True,True,True,True,True
85.4713782810173,616506.0934105687,3,0.9644647075945264,0.0032259901742048,0.0068684089775282,4.09253439116618,4.510903159998511,0.0927461206754146,0.04367503746682789,0.13496396591916637,False,0.00029506122214329876,True,True,True,True,True,True,True,True,True,True,True,True
92.97518401356103,140834.61211682748,5,1.0012973123414892,0.0001341912594809,0.0007952988103012,2.9711023746357297,3.37992915186765,0.120957203202326,0.07344931022790611,0.16183465747541276,False,3.0252261586999818e-06,True,True,True,True,True,True,True,True,True,True,True,True
48.83610264473334,5629580.351662501,2,0.5291085013104841,0.0118781633694754,0.0299478113873499,4.321040779253772,4.970356845285981,0.1306377160118872,0.0836806032727368,0.17104457456641936,False,0.0037072551689337997,True,True,True,True,True,True,True,True,True,True,True,True
21.755244022344847,724268.4077242325,2,0.5200449836942362,0.002266780095832,0.0131514270579844,13.31120210005257,13.684895349661168,0.0273069862838117,-0.025286394575367542,0.07255726776630296,True,0.0031045097571145,True,True,True,True,True,True,True,True,True,True,True,True
47.63496968212963,292614.80697915267,4,0.7775410372322693,2.573893636578993e-05,0.0005754214762276,7.362803753828383,6.596334589755712,-0.116196222863379,-0.17646392093547328,-0.06433292189841261,False,8.370666655900137e-06,True,True,True,True,True,True,True,True,True,True,True,True
178.00750555222098,1428691.210892363,4,0.4196711988627442,0.0001366416819071,0.0016989811266963,2.0551194744603216,1.962425724924375,-0.0472342715235852,-0.1038582101625834,0.0014838057147106075,True,0.00010404977298190005,True,True,True,True,True,True,True,True,True,True,True,True
71.84668347677437,525115.6052770641,3,0.9322811958620408,0.0011650594746558,0.0043169987976853,6.16087841307736,6.068408730246022,-0.0152378798037207,-0.07015089816273126,0.03200585688278092,True,0.0005882519109733137,True,True,True,True,True,True,True,True,True,True,True,True
57.551994232180895,364792.3402342339,5,0.7828118868902706,3.243854435817145e-05,0.0005140982260041,12.888493213875464,11.925685362476806,-0.0807339638884029,-0.13917837295322716,-0.03045069045134597,False,2.292044995189999e-05,True,True,True,True,True,True,True,True,True,True,True,True
26.916985256489856,356124.1984238598,3,1.0061341416548446,0.0002117584949099,0.0016524904939873,10.752630846426106,9.461114946080396,-0.1365077908582823,-0.19780782264320024,-0.08374839312637374,False,6.857583378499892e-06,True,True,True,True,True,True,True,True,True,True,True,True
54.977674732462944,4532160.523288814,5,0.770935820270011,0.0017032146821781,0.0037689533260821,12.04283140372334,13.682273940325912,0.1198223733681159,0.07232874132471147,0.16069662932133344,False,6.948216386250001e-05,True,True,True,True,True,True,True,True,True,True,True,True
68.99924593347231,1123625.91789753,5,0.3848484826523185,0.0004762469463032,0.0025753613304263,5.977600409903455,5.502145500138431,-0.0864126384431422,-0.14482681047459434,-0.03611502207059987,False,9.402926611589996e-05,True,True,True,True,True,True,True,True,True,True,True,True
17.70450693939562,333329.7482865696,2,0.6204349448420112,3.532355951906599e-05,0.0015392423193211,13.013129628941089,13.76335548489955,0.0545089354686487,0.0033981335534977604,0.09848505109288169,False,2.1401813667800015e-05,True,True,True,True,True,True,True,True,True,True,True,True
83.46480015371607,6227860.588255406,5,0.9499613436574932,0.0277207640579894,0.0123316909047051,6.734714930235284,6.239403526458983,-0.0793844157820326,-0.1373960892501765,-0.029430426414092818,False,0.00040171553960630015,True,True,True,True,True,True,True,True,True,True,True,True
55.28568782767185,3268038.09441089,1,0.6558978876996335,0.0001930810968384,0.0070105102679683,2.629286712174008,2.8634886241533315,0.0817890142827341,0.03212348128151418,0.12451807147175972,False,0.0002925483102944035,True,True,True,True,True,True,True,True,True,True,True,True
21.56297222957804,474109.4867823054,2,0.7903862223150756,0.0003044105009978,0.0039073994970085,8.543690239523885,10.01845795887282,0.1472050614379044,0.1011217343519064,0.18685749030361495,False,0.0001395297661350999,True,True,True,True,True,True,True,True,True,True,True,True
145.42313855207453,4068963.917292013,4,0.7499514641119037,0.0124012528320118,0.0129687762304468,3.5712431641158915,3.1908048207272643,-0.1192295877570837,-0.17973694236980223,-0.06716917269108273,False,0.00029304436506170006,True,True,True,True,True,True,True,True,True,True,True,True
25.18020591545267,167454.934074307,2,0.6160168450106899,0.0001000683019376,0.0025988889246322,5.928233118547067,5.377884975634108,-0.10233542468953,-0.1618626105765626,-0.05111031777359603,False,2.1103154569500175e-05,True,True,True,True,True,True,True,True,True,True,True,True
22.468011538674503,2008378.10016874,5,0.7633996846718978,0.0042443647365182,0.0059930532148771,34.75672438355552,32.277498399182534,-0.0768097314640646,-0.13461399187670736,-0.02702609104373235,False,0.0001390279091339,True,True,True,True,True,True,True,True,True,True,True,True
63.90621446056917,2113507.8526384323,5,0.960209221597608,0.0001407288860631,0.000866005171736,10.345925696419863,9.194591402549404,-0.1252186468613741,-0.185945468240791,-0.07295688263164347,False,2.7542230322001246e-06,True,True,True,True,True,True,True,True,True,True,True,True
77.34085738220288,424715.27576602146,3,0.933666819029999,0.0001334416077475,0.0014582822483455,5.505137507848686,5.179869949974797,-0.0627945413717331,-0.12027992612118624,-0.01333771099847799,False,1.3065688553159203e-05,True,True,True,True,True,True,True,True,True,True,True,True
31.686344700654164,1318372.5218190886,2,0.7602511290142722,0.000611639282045,0.0057047141480721,5.572131027655403,6.456403711338294,0.1369605624459312,0.09035198650359191,0.17706834621886586,False,0.00015483891150449994,True,True,True,True,True,True,True,True,True,True,True,True
143.43188524547134,801453.8654408535,4,0.7602692380531059,0.0022357310849269,0.0054532889599898,2.443230741079808,2.447095989681584,0.0015795247174912,-0.05240848498640291,0.048029290042409044,True,0.0041034858106059,True,True,True,True,True,True,True,True,True,True,True,True
36.591893485501416,7737646.049522534,5,0.9119421815382704,0.0001685308177335,0.0010119314106734,21.795964179770944,19.768932310784525,-0.102536233981671,-0.1615074660817865,-0.05172202529039566,False,1.3325332425999717e-05,True,True,True,True,True,True,True,True,True,True,True,True
150.90919885829382,438233.01951462525,5,0.9767308039334752,5.523902165053842e-05,0.0005296820796208,4.946003350041619,4.313460717763337,-0.1466438838015604,-0.20866528566474454,-0.0932846319621618,False,5.677664361666314e-07,True,True,True,True,True,True,True,True,True,True,True,True
85.67994374125068,1792166.677380612,3,1.0446850160551926,0.0096445199339496,0.0104653484296489,2.69787520396676,2.6345431766544003,-0.0240390925734552,-0.07930402069117408,0.023522304033741014,True,0.0020908977290629263,True,True,True,True,True,True,True,True,True,True,True,True
22.308309171020056,105335.93277710752,3,0.5993660069995108,3.574295681899317e-05,0.0010475455941015,9.874623158523423,10.17921545788572,0.0299229641638374,-0.022448396952781766,0.07499189812272475,True,1.8604624283199978e-05,True,True,True,True,True,True,True,True,True,True,True,True
134.384818030012,3849510.0033413647,5,0.8463527527476182,8.329816636557934e-05,0.0007701178089656,3.4409859466149424,3.278084686747172,-0.0496940364373004,-0.10630534794980946,-0.0009693548316975954,False,2.1988853090399666e-05,True,True,True,True,True,True,True,True,True,True,True,True
57.53408874123704,1984225.130771552,3,0.5098772428004114,0.0003322338601578,0.0033759636003541,7.542629893444671,7.385567593126529,-0.0212661110114696,-0.07648408897269238,0.026242530377822336,True,0.0002490770313815,True,True,True,True,True,True,True,True,True,True,True,True
102.4849775308306,1809862.2479268685,5,0.3729047615349159,0.0001408351473129,0.0014071573387228,4.242584822665145,4.052631654885595,-0.0468715600023885,-0.1033267432845846,0.001719212879603126,True,6.563463868999864e-06,True,True,True,True,True,True,True,True,True,True,True,True
25.06806499048068,944507.331222598,2,0.6948006348587005,0.0008636046415352,0.007185737934127,13.31578850706325,12.277503908120586,-0.0845680528153545,-0.14321394834349835,-0.03411072442413582,False,9.642097641869996e-05,True,True,True,True,True,True,True,True,True,True,True,True
23.631839968650564,519246.4546663244,4,0.868950981480932,0.0004657917177826,0.0022176773514545,20.17849609697156,20.258781472180026,0.0039629913239705,-0.04978355867419554,0.0502185217988765,True,0.0005941689455295001,True,True,True,True,True,True,True,True,True,True,True,True
154.02967439590586,4264266.025507002,3,0.5401249970223856,0.0014697271423248,0.0069772532468684,2.0438963743433147,2.3146847145864076,0.1169871380480766,0.06923574774249736,0.15807062672874345,False,0.00032044238657359995,True,True,True,True,True,True,True,True,True,True,True,True
199.11159293286724,2943755.091297009,3,0.5762894146177122,0.0102044901885422,0.0179743256995237,1.6040799554932756,1.74427240071365,0.0803730226786918,0.030634276488547985,0.12316547389367212,False,0.002250722748235,True,True,True,True,True,True,True,True,True,True,True,True
39.70914926108545,1892961.4577297005,1,0.412805750136177,0.0006863743923983,0.0152776153525321,2.308607508384172,2.6953072708094292,0.1434714945539872,0.09715394071158344,0.18332155948456277,False,0.0007250599126464999,True,True,True,True,True,True,True,True,True,True,True,True
52.92115609144453,161674.59347890678,5,0.5848601075336589,0.0001458529336112,0.0012821062999576,9.705918596865835,8.739353589293566,-0.1105991418812019,-0.17063443130199468,-0.0589442310192473,False,4.936381015199949e-06,True,True,True,True,True,True,True,True,True,True,True,True
76.71023592468961,12444508.020566856,3,1.0286787035604803,0.0112097809161081,0.0115922038107974,6.084079452051112,5.647838512102203,-0.0772403352210109,-0.13542515126655477,-0.027171918243677307,False,0.0007302090737582,True,True,True,True,True,True,True,True,True,True,True,True
121.73041448972288,686626.3588517047,3,0.8661707915728578,0.0096521669390682,0.0135044765520819,1.9913940188171968,2.0581989888241132,0.0324579743599443,-0.0198637511198557,0.07747370450509439,True,0.0029386501255099,True,True,True,True,True,True,True,True,True,True,True,True
55.49536130822094,2010523.8670536852,4,0.5918801117262664,0.0003953502534156,0.0026262335392783,9.14025462302487,10.38605416490488,0.1199492629346805,0.07238388969935852,0.16087581394468228,False,3.9997435432000085e-05,True,True,True,True,True,True,True,True,True,True,True,True
100.02550085425273,5534654.479274323,2,1.0058813060654173,0.0010498382490682,0.0055213375189776,2.117553850585672,2.0833503539519884,-0.0164175442545233,-0.07136342989132696,0.030858188046379766,True,0.000903979957908,True,True,True,True,True,True,True,True,True,True,True,True
109.64845611421616,804188.9134772078,5,0.8715407884903896,0.0004686456319225,0.0017741114784329,4.286452411994112,3.841950184687507,-0.1156970303983158,-0.17598050752661404,-0.0638252859633341,False,5.2313309924000104e-06,True,True,True,True,True,True,True,True,True,True,True,True
48.63323554321243,688759.5860684593,5,0.4025452988476715,0.0018609721806288,0.0050535833252322,8.506231746910927,8.93990334101002,0.0485096513414983,-0.0027376591901089667,0.09262572211044379,True,0.00028031587540900023,True,True,True,True,True,True,True,True,True,True,True,True
62.57600918782311,359467.16773954884,5,0.5975495144180194,0.000715147937952,0.0028149119752396,7.353590935253466,8.133004124331539,0.0958333694613899,0.046959879626947025,0.13788489612788518,False,5.7743801013599924e-05,True,True,True,True,True,True,True,True,True,True,True,True
45.024881455201395,4608924.840848148,3,0.7325830308543868,0.0015883146088388,0.0062875077485552,10.051173657474914,10.607033104978983,0.0524047999098962,0.0012019296497115443,0.09646273629583813,False,0.0004358158842104,True,True,True,True,True,True,True,True,True,True,True,True
31.733199701305868,426165.7477407683,5,0.8547987919670399,6.401668257176992e-05,0.0006686604513724,20.987177481214164,19.776987820679576,-0.0611918089603699,-0.11851198901141001,-0.011867680102693165,False,1.0545968767000907e-06,True,True,True,True,True,True,True,True,True,True,True,True
31.898869820654205,437185.6729157969,3,0.4109235498767934,7.218668864421654e-05,0.0016528728071644,9.969959135163466,9.14559855374673,-0.0901374116272592,-0.1490198636481809,-0.03946879781833951,False,1.0025289855700083e-05,True,True,True,True,True,True,True,True,True,True,True,True
62.501938334171335,1116623.8786514956,4,0.4128406354621729,0.0001721452533135,0.0019127399744246,8.482708855338142,8.710821925889755,0.0261873187734018,-0.026465079414801657,0.07148856065552794,True,6.88186315069e-05,True,True,True,True,True,True,True,True,True,True,True,True
57.55745539714575,468341.244424131,5,1.0022275173157205,0.0015020222389583,0.002656897424565,5.917576426774697,6.145306055293277,0.0370574917619318,-0.014782295142806661,0.08168651021644907,True,0.00010435383677000025,True,True,True,True,True,True,True,True,True,True,True,True
35.16139967761936,637140.6691942082,3,0.9355054446324236,3.685908448488922e-05,0.0007645171343525,9.762883365739864,9.087209076039835,-0.0743544342433558,-0.13239848443214913,-0.024408962736127977,False,3.6649364770009914e-07,True,True,True,True,True,True,True,True,True,True,True,True
60.64754121833007,1461552.5628636782,5,0.6694028352904315,0.000498260566191,0.0022287480820075,11.380799386361245,10.636008113201427,-0.0700254517703289,-0.12783597620946077,-0.02028096615197114,False,3.3331492056999906e-05,True,True,True,True,True,True,True,True,True,True,True,True
57.12739602484069,514151.5698984455,2,0.5067082823718543,0.0012561905939769,0.0098641934360739,4.7940517082300165,5.102085710453327,0.0603741331887467,0.009549759113154994,0.10410012058597229,False,0.0008312124881955815,True,True,True,True,True,True,True,True,True,True,True,True
147.1024007380383,9329792.69740022,3,0.5765817203055273,0.0004709334929993,0.0038605947329368,2.3014038858240844,2.5632206659259213,0.1021436755649985,0.053601746333493405,0.14390877606247893,False,7.351358027390004e-05,True,True,True,True,True,True,True,True,True,True,True,True
24.97806755334893,619144.237131289,2,0.4430647284388549,0.0010007703512662,0.0090974071616295,6.771809530113185,7.870371315674146,0.1395819512826711,0.09310638831698415,0.1795742464232688,False,0.0005406847034907,True,True,True,True,True,True,True,True,True,True,True,True
135.50473259639446,2688615.039697281,2,0.3849894079396786,0.0168065760414909,0.0382451971851256,1.4167171340693003,1.2819247159957077,-0.1051484665141942,-0.16490806842731,-0.05373303902441908,False,0.0064378047669209,True,True,True,True,True,True,True,True,True,True,True,True
30.282701523868152,382804.01979997894,3,0.6305886164678167,0.0001980519835082,0.0024120600266014,11.762709193887504,11.454228705418377,-0.0269315810258969,-0.08244163388660468,0.020830069116671186,True,5.742456506429997e-05,True,True,True,True,True,True,True,True,True,True,True,True
19.70221445431913,86420.95843845946,2,1.0151130428478934,2.80211772101711e-05,0.0008888642854318,8.185478349995472,7.175384930386085,-0.1407720184225764,-0.20240518085951234,-0.08773829764381658,False,4.976003864700079e-06,True,True,True,True,True,True,True,True,True,True,True,True
32.40888905722554,830000.8240147866,3,0.4981139511530617,0.0002978110327578,0.0032170937648692,16.441220990536195,14.492299009784055,-0.1344798350790567,-0.19582230525247168,-0.08170217004860304,False,2.2592698646999997e-05,True,True,True,True,True,True,True,True,True,True,True,True
138.6324285510089,2327468.02671803,3,1.0257244087734063,0.000368612412412,0.0021123968413479,2.8836095625202045,2.857854604392902,-0.0090119903537827,-0.06358544716177054,0.03793994670152046,True,0.0002326413831389,True,True,True,True,True,True,True,True,True,True,True,True
44.23613506555244,1842563.490922209,2,0.7046564880889401,0.0018869305202941,0.0105338831827179,5.748979791659024,5.516062965689903,-0.0422251934790939,-0.09856956790991513,0.006253401030445132,True,0.0011958131038832,True,True,True,True,True,True,True,True,True,True,True,True
67.91811058189454,255140.47695076792,4,1.0375032823917734,0.0007589189687453,0.002228944916744,5.822571024872943,5.881141416155927,0.0099590176699521,-0.0435787929473308,0.05602109463868975,True,0.00027682448945659993,True,True,True,True,True,True,True,True,True,True,True,True
137.23452317422527,284125.12084053975,4,0.9304511470332352,0.0068058783624299,0.0078447657324275,1.7437793237863064,1.9961242148425231,0.1264174289254461,0.07918056243185694,0.16705878834201557,False,0.000252275484461,True,True,True,True,True,True,True,True,True,True,True,True
52.16073448359769,3899305.711979343,5,0.4157369871551504,0.0317109750961349,0.0207419726765575,10.607609656840063,9.92248107313295,-0.0690481119245702,-0.12626318840005665,-0.019751323122474036,False,0.0015361090098059,True,True,True,True,True,True,True,True,True,True,True,True
105.4067044749759,1928991.2217850073,1,0.4806012058198449,0.0002485039223807,0.0088988082633744,1.1415003245142723,1.220687101305122,0.0648706590789607,0.014288202945601675,0.10838835977134853,False,0.0006083760262439629,True,True,True,True,True,True,True,True,True,True,True,True
15.024529348359504,379121.824775824,3,0.5897528269012404,0.0008484557928207,0.0051370684576398,20.066126978982613,23.63057499201789,0.1508405112545633,0.1050266092166825,0.1902698701488059,False,6.869738503519985e-05,True,True,True,True,True,True,True,True,True,True,True,True
35.39997478582759,177885.20827755242,5,0.4996060005633667,1.0939581736963764e-05,0.0003696510101889,11.304503925187564,12.661257910109285,0.1071579138940396,0.05895121696655196,0.14864228474098878,False,1.4611221739999937e-06,True,True,True,True,True,True,True,True,True,True,True,True
103.39057555106804,392663.5835710414,5,0.9471349361973348,0.0007772246460806,0.0020730251272354,6.626082456451339,6.032144613183332,-0.0984621359988531,-0.15787317542891421,-0.04734816394145493,False,5.015797708299988e-06,True,True,True,True,True,True,True,True,True,True,True,True
23.925986703221636,803446.4756446659,3,0.8745599944619395,0.000516794137594,0.0030938715130491,18.24007299185483,16.35317745021283,-0.1153840314756349,-0.17562930173671193,-0.0635426046734195,False,3.568688104790005e-05,True,True,True,True,True,True,True,True,True,True,True,True
32.883228108651934,8004832.537439314,2,0.3877378820932035,0.0074310789514401,0.0254025685051999,9.610736766795409,9.505719367894825,-0.0110478118316088,-0.06564655108930255,0.03593606326996703,True,0.0151767121361378,True,True,True,True,True,True,True,True,True,True,True,True
27.558828252295104,147888.12720767397,5,0.7755770510318701,0.0005698039582389,0.0021701087030632,15.130763205925067,17.06317577235219,0.1132504635835873,0.06538447657078764,0.15444304765742237,False,2.7786486293099886e-05,True,True,True,True,True,True,True,True,True,True,True,True
44.21200340233731,8203779.044030548,5,0.4309456484195829,6.795475249686715e-05,0.0009536279450406,18.57370435050936,17.253524099582222,-0.0765165564615929,-0.13436664973576948,-0.026700812936538688,False,7.827056667319976e-05,True,True,True,True,True,True,True,True,True,True,True,True
83.44310596006699,360365.0795254994,4,0.964584996077598,0.0001186737166322,0.0009878427590011,5.265010308532682,5.533292061828502,0.0484850158455515,-0.0029767831619930954,0.0927600824843476,True,9.965669623800003e-06,True,True,True,True,True,True,True,True,True,True,True,True
143.7771585016823,566798.6155952311,2,1.0152766556457735,0.0025612568365631,0.0084958019887331,1.4521917364785624,1.487508000394027,0.0237418984678467,-0.029064905277641807,0.06917332022480219,True,0.0014806668541224313,True,True,True,True,True,True,True,True,True,True,True,True
37.24769354045231,4975959.441536949,5,0.4855860157626911,0.0001759566380327,0.001493696838899,21.78879050781416,20.67472459112618,-0.0538854054271731,-0.11058583989968648,-0.005067620585577187,False,4.810842446490056e-05,True,True,True,True,True,True,True,True,True,True,True,True
29.76908265650919,390113.6420613503,1,1.0012854547954697,0.0002438126213468,0.0053601180851168,3.562921228985417,3.609287521082027,0.0128463836216378,-0.04054534355145376,0.05878156637351587,True,0.0011079499496687,True,True,True,True,True,True,True,True,True,True,True,True
27.93096001848469,764074.4049637862,5,0.5895770961260935,0.0001750402608236,0.0014001418367981,16.357133346158452,19.1348679728848,0.1451661245148153,0.09921924412538878,0.18473064806167225,False,3.5245254539399695e-05,True,True,True,True,True,True,True,True,True,True,True,True
51.94626248528238,236431.7417199512,2,0.6452264815191198,0.0006475896093543,0.0064718292335261,2.5486313275818007,2.894118524123344,0.1193756211647187,0.07175799223730828,0.1603445793378316,False,0.00024193582565259998,True,True,True,True,True,True,True,True,True,True,True,True
63.50830094114182,4165219.045947176,5,0.6601906740627608,0.000210506730434,0.0014591557514505,8.882174669796004,8.142859004840746,-0.0907931310754308,-0.14934627417872018,-0.040364308491784615,False,1.166167233329976e-05,True,True,True,True,True,True,True,True,True,True,True,True
101.84742789798868,98871.27976933164,3,0.7602798805109969,0.0001557251676666,0.0019189447599487,2.3742426237677745,2.280064655011257,-0.0413049553439318,-0.0976272721618819,0.0071513306794476214,True,4.220609243985263e-05,True,True,True,True,True,True,True,True,True,True,True,True
37.98220607977146,227636.17012526104,3,0.4416252384884619,9.631517292089194e-05,0.0018827931937819,5.7780635535301395,5.935551198189867,0.0265329435129388,-0.026045413227031425,0.07177712985227704,True,7.542114074289997e-05,True,True,True,True,True,True,True,True,True,True,True,True
113.60706047463952,288138.04057688994,2,1.034955219108916,0.0008963023271786,0.0048655053097971,1.2279280890659914,1.1802463139420911,-0.0403998509130184,-0.09666936753464159,0.008011471338901328,True,0.0002867718858499,True,True,True,True,True,True,True,True,True,True,True,True
63.178231356031056,435089.9123805615,3,0.4850264241178963,0.0001586627254035,0.0023646888590663,3.104049685028907,3.416765101596942,0.0915238265638677,0.04244258002370608,0.13375713670358658,False,2.9711757365900003e-05,True,True,True,True,True,True,True,True,True,True,True,True
41.365709170834165,136549.91625016337,2,0.8982633953423491,0.0012120778361071,0.0069037025099205,2.898102483788805,3.265681349739931,0.1125580932690811,0.06457886674645436,0.15383900723733757,False,0.00019974129562710003,True,True,True,True,True,True,True,True,True,True,True,True
55.956451813039294,1470484.0646893978,3,0.3684771975804191,2.652164413017459e-05,0.0010194911135263,9.385495523719062,8.410223578433051,-0.1159626656997527,-0.1763137617191967,-0.06403914292430839,False,3.5893448040999812e-06,True,True,True,True,True,True,True,True,True,True,True,True
114.51666347256533,112421.03738821507,1,0.6777143328536961,0.000248813141669,0.0078227354089975,0.510679689851881,0.5782527275930771,0.1168572745388726,0.06908654582389429,0.15795592018352553,False,0.00027385330909265393,True,True,True,True,True,True,True,True,True,True,True,True
161.1793771829874,866304.8132462096,3,0.7834081001518857,0.0004357919245221,0.0031386725945481,1.301299266985292,1.2924863659742625,-0.0068185640042605,-0.06125629990898434,0.040018660510034464,True,0.0006503708557724,True,True,True,True,True,True,True,True,True,True,True,True
18.35854410344058,408348.1921799584,3,0.9673661052035364,0.0009940911382485,0.0037967766709223,19.395589088600865,17.81329388947418,-0.0888266487346091,-0.14757075230734928,-0.03826897776993785,False,5.799010934480009e-05,True,True,True,True,True,True,True,True,True,True,True,True
55.24107563228894,305543.713622446,2,0.8498103617247135,3.2573279991090366e-05,0.0011992437185361,4.566988775453108,4.1878049059852955,-0.0905447789427524,-0.14953069139370537,-0.03979693400744479,False,7.873431355664035e-06,True,True,True,True,True,True,True,True,True,True,True,True
51.00891748502804,235014.8944202582,5,0.6133596954262774,1.0017348758215516e-05,0.0003295265898617,12.292625771390457,11.17418645468602,-0.1000913418833643,-0.15957132014644962,-0.04891575327064718,False,4.2261999330000296e-07,True,True,True,True,True,True,True,True,True,True,True,True
14.12066386395595,197981.96449661945,4,0.7429122625280326,0.0001211996860239,0.0012904602997715,27.35301021669196,26.439625731877452,-0.0345460444136797,-0.09011091192491898,0.013305416146613645,True,4.786097544300441e-06,True,True,True,True,True,True,True,True,True,True,True,True
41.37522285309246,662926.9893494243,1,0.5151416344993647,0.0005024557937771,0.0124182267783184,1.8594946881923011,1.9875120601371448,0.0644108654797345,0.013816877303677727,0.10794009124323245,False,0.0011229731623319,True,True,True,True,True,True,True,True,True,True,True,True
104.34209862970482,293600.95791676466,5,0.7182039341025828,0.007906459684808,0.0085249074687794,2.898657604036466,3.3411774938025625,0.132444292644408,0.08556104744029817,0.1727847380869451,False,0.00029188007678789994,True,True,True,True,True,True,True,True,True,True,True,True
14.41902197108617,356564.19155388547,2,0.4565285528518821,5.247551541983109e-05,0.0020696915977769,20.131444430469895,18.412911903861467,-0.0933330119419093,-0.15243021789167793,-0.04248466767745025,False,0.00011137152301329996,True,True,True,True,True,True,True,True,True,True,True,True
30.355659362051163,123214.25551601536,1,0.7783745396876457,0.0010069068584032,0.0143843012854009,3.1354067282278297,2.741926410701206,-0.143505061255819,-0.20535437322747607,-0.09029358648959704,False,0.0005061084610073495,True,True,True,True,True,True,True,True,True,True,True,True
131.47563133141966,2102616.1135727726,4,0.8384490696713598,0.000230918493033,0.001617062651529,2.9580268660443125,3.4325648894867653,0.1382459002875267,0.0916502574237679,0.17833576340613208,False,1.8872918785200012e-05,True,True,True,True,True,True,True,True,True,True,True,True
67.16408449792104,285515.33555320016,3,0.3871559740118946,0.0004260850460165,0.0040561285333408,3.24721805479359,3.492452643589077,0.0702184435473025,0.01994997695999494,0.11346898048841826,False,0.00011979327694080003,True,True,True,True,True,True,True,True,True,True,True,True
36.00923843108397,172946.91007782056,5,0.648505788137419,0.001224861112422,0.0035514432633099,14.014992851603266,14.403272053522002,0.02695770797607,-0.025625607817086362,0.0722028084464079,True,0.00024101106713520003,True,True,True,True,True,True,True,True,True,True,True,True
158.1670464533274,701700.7623661057,2,0.8245604047014823,0.0002341197939274,0.0033064509371865,0.9899536121666576,0.8741885382189211,-0.132425751295707,-0.1936714315470307,-0.07973307879235818,False,3.998662460869999e-05,True,True,True,True,True,True,True,True,True,True,True,True
79.60203125583297,523283.29202365834,3,0.827993466196438,0.0110350583495417,0.0150772086347394,3.263548313622989,3.4836146316798926,0.0631718319401999,0.012513761712769241,0.10675654278749445,False,0.0019375133678915,True,True,True,True,True,True,True,True,True,True,True,True
71.06683059309144,343667.7554551423,2,0.4781391663256496,2.7665487026053916e-05,0.0014864838585891,3.057093246840021,3.2996673567272428,0.07351471638275,0.02340118940959555,0.1166291458995877,False,1.5044800425559783e-05,True,True,True,True,True,True,True,True,True,True,True,True
18.068162045939125,731473.7328515222,5,0.7151466293126615,0.0003063217987625,0.001682458474866,40.39452011244691,41.29352477762673,0.0217710808176614,-0.03094209688018991,0.0671459528302798,True,9.363276317950024e-05,True,True,True,True,True,True,True,True,True,True,True,True
54.011291967938426,702321.7498627572,3,0.976465225863042,0.00014599886349,0.001435775325907,5.707077996241771,5.5455203428253705,-0.0291330016714155,-0.08476057994426256,0.018729945809981077,True,3.4443196124300064e-05,True,True,True,True,True,True,True,True,True,True,True,True
122.80233157838092,830046.3623068046,5,0.8904788680117555,0.0001426638744099,0.0009566328226242,3.5884974849090514,3.9341576092008137,0.0878612802607009,0.03854757583531806,0.1302904572648407,False,8.276450229800043e-06,True,True,True,True,True,True,True,True,True,True,True,True
73.73244737959288,1471367.633906669,2,0.4792572599904519,0.0002358795671002,0.0043379466080531,4.725613039658869,4.260999831455541,-0.109038541793281,-0.16902568098018142,-0.0574294145526064,False,7.830207144107317e-05,True,True,True,True,True,True,True,True,True,True,True,True
58.84955764698648,1651548.5875805856,2,0.9231409770089534,0.0001367821941431,0.0022460082193712,4.230766820039958,3.967370092849843,-0.0663907629048318,-0.12405463039841708,-0.016778449640535174,False,3.699209502210001e-05,True,True,True,True,True,True,True,True,True,True,True,True
99.29207015332972,9012955.935496695,1,0.864987061662676,0.004740829553132,0.028432673064238,1.2368278420303631,1.4272796711964075,0.1334369381204732,0.08656590276081594,0.1737618947211247,False,0.0006903901798869807,True,True,True,True,True,True,True,True,True,True,True,True
20.64908215055328,164380.3230233988,4,0.478200989407278,0.0002528422719239,0.0022468390759461,16.296505085001357,14.221052077217536,-0.1459422971320628,-0.20748379480041634,-0.0929431052282955,False,7.541544723000011e-06,True,True,True,True,True,True,True,True,True,True,True,True
37.91402077799734,6067788.897462428,2,0.5951788389531892,0.0079359433220878,0.0234803759904319,6.449079667963639,7.052154106460239,0.0855163442818334,0.036137664193681376,0.12800884694022044,False,0.0040909865889121,True,True,True,True,True,True,True,True,True,True,True,True
66.33038903976843,971016.2341725784,5,0.6615026180951535,0.0012278804124922,0.0035204948972483,9.985381431397215,11.293566984126926,0.1158345768496667,0.06802543195066404,0.1569683052188182,False,7.713160942839997e-05,True,True,True,True,True,True,True,True,True,True,True,True
47.79677971379534,567183.3468970008,3,0.7410522191815612,0.0005383283411007,0.0036324262166458,7.031549519715419,7.944811881462504,0.1149507849113437,0.06709023148236727,0.15612830863607172,False,5.0977617688700004e-05,True,True,True,True,True,True,True,True,True,True,True,True
83.40245373777137,546188.1438935885,4,0.3621586027600074,0.0016585059683669,0.006061116092913,6.09725842342721,6.694347686916785,0.0891930463451289,0.03993065742890332,0.1315755844096858,False,0.0002600971137277,True,True,True,True,True,True,True,True,True,True,True,True
107.401459623513,777406.5392359322,5,0.9197090125704894,0.0001106673981897,0.0008117636498481,4.110737965789927,3.614275570820708,-0.1373615224520595,-0.19878821718518305,-0.08450279436457772,False,2.178344938799995e-06,True,True,True,True,True,True,True,True,True,True,True,True
21.34942512491465,1010303.8008886804,5,0.4439318217527878,5.970017958550501e-06,0.0002809437218707,32.08676267813387,32.23748738158459,0.0046754482341207,-0.04888346123674801,0.0507873580558995,True,2.2621331819700635e-05,True,True,True,True,True,True,True,True,True,True,True,True
81.83529407311897,5226739.078032857,5,0.9782917996177044,0.0027908247839739,0.0037562390677611,6.359389925655983,7.0201314688686836,0.0941209642786335,0.045304747058035576,0.1361411743028531,False,7.663837156709997e-05,True,True,True,True,True,True,True,True,True,True,True,True
47.58214414530354,5613687.152414276,4,0.5067777422474344,0.0352420332879547,0.0261226691218751,13.910512432072135,12.254582941940518,-0.1351273640218555,-0.19634742064491698,-0.0824361366613499,False,0.0017764718023682998,True,True,True,True,True,True,True,True,True,True,True,True
46.41858233444279,7769770.781165256,3,0.8534987123382185,0.0078447906852705,0.0123551098356951,9.431251432581597,8.326175888369551,-0.1327230602653581,-0.19375133417617058,-0.08018945060990074,False,0.0004305717430054998,True,True,True,True,True,True,True,True,True,True,True,True
66.43129810249957,1129939.3301177763,4,0.8303874143248802,0.0004084800979363,0.0021699282220776,6.348726563507375,6.079120438796674,-0.044349528426857,-0.1007660627307898,0.004196279979878311,True,4.9212408448300006e-05,True,True,True,True,True,True,True,True,True,True,True,True
26.22100257104786,182931.84679298935,1,0.5561150215883947,2.653911065503389e-05,0.0027854203836702,3.671971940671636,3.6070661929671313,-0.0179940550664288,-0.07305379448251506,0.02937619471226278,True,0.0002146014203057,True,True,True,True,True,True,True,True,True,True,True,True
56.39499569036192,3756103.3701245,4,0.4530020968246589,7.756004290867108e-05,0.0012602744636127,6.694366386931033,6.929828995740204,0.0339781268706502,-0.017909820048111383,0.07866267429573232,True,7.318200204799955e-05,True,True,True,True,True,True,True,True,True,True,True,True
54.27316828649226,3327509.5606656405,5,0.4308649284708442,0.0001216513111774,0.0012759791110456,10.040800560077876,10.886498018051372,0.0776831499506277,0.028036716479828704,0.12042465684596448,False,1.9471007717400575e-05,True,True,True,True,True,True,True,True,True,True,True,True
109.28310151132904,786467.4292899194,5,0.4935198687455584,0.000369889557716,0.0021565512228977,7.6764622984788495,7.204218958557638,-0.0655509421129199,-0.12318412122868953,-0.015966802830242426,False,4.831851109249964e-05,True,True,True,True,True,True,True,True,True,True,True,True
199.81349106426572,6567545.790490047,1,0.6697807762381568,0.0150607708581319,0.0612486328261489,0.687307823039834,0.6804155206114074,-0.0101295491058658,-0.06476915087773467,0.03687860982257444,True,0.050926611837475266,False,False,False,False,False,True,True,False,True,True,True,True
160.7634350151048,445736.4689909775,1,0.4353316228712154,0.0018094538721127,0.0245545501757876,0.7239592013010325,0.6384893114465018,-0.1338626791745317,-0.19519588620198355,-0.08109588311512157,False,0.0021047065204115294,True,True,True,True,True,True,True,True,True,True,True,True
23.384054392281307,1555119.613885471,4,0.3499888915288839,0.0002364855836231,0.0022991228017195,20.719774590302023,23.177633259974854,0.1060444197258601,0.05790848732911369,0.14748357589276495,False,3.6867604366799984e-05,True,True,True,True,True,True,True,True,True,True,True,True
77.61091431855606,3314103.751869375,1,0.7166612326268841,0.0016646626318858,0.0195846741694578,2.1396644524021573,2.0414442939868884,-0.0481130730358786,-0.10480652045362286,0.000662163375658107,True,0.0037824803506544954,True,True,True,True,True,True,True,True,True,True,True,True
104.1231845342042,189084.62803425823,1,0.4902875475778094,0.0005824127374037,0.0135538094396325,1.0939691984723197,1.0390904521923578,-0.0528142147434558,-0.10976338007532523,-0.003819147605196954,False,0.001259688833281323,True,True,True,True,True,True,True,True,True,True,True,True
34.77445768389126,508188.70581285545,4,0.6975243413226337,0.0002891580529973,0.002074258791011,9.3907217675467,10.974844725359327,0.1443412638132576,0.09818309939741549,0.18406767564741727,False,1.3551011233699835e-05,True,True,True,True,True,True,True,True,True,True,True,True
58.145414176886376,1349148.786424188,1,0.4708112666653949,4.191973111812712e-05,0.0036733713057388,2.383986288945515,2.2106474637156928,-0.078410885532364,-0.1367420158432956,-0.02822655780212961,False,8.614895230888743e-05,True,True,True,True,True,True,True,True,True,True,True,True
35.86023547626422,566578.9335996776,2,0.7967958816692435,0.0030455300408883,0.0122789082772139,5.083365443317141,4.602928813549101,-0.1043762893646833,-0.16403841917866013,-0.05303803073215388,False,0.0005457099783257999,True,True,True,True,True,True,True,True,True,True,True,True
73.64560369823573,850364.6684136852,2,0.9758854725320733,0.0001890364203565,0.0024527205083451,4.091623113256262,3.6272910405756473,-0.1280107020601595,-0.189023637162066,-0.0755189975843497,False,1.7847226474912832e-05,True,True,True,True,True,True,True,True,True,True,True,True
41.6607539099688,223108.99183298327,4,0.5988100620261774,1.3789474519684352e-05,0.0004881774063227,10.597569664448658,9.67223814166633,-0.0956688110062302,-0.15489650246043277,-0.044708703020096614,False,2.5038377880399944e-05,True,True,True,True,True,True,True,True,True,True,True,True
41.888053715032186,2816478.5902328873,2,0.6282874305171471,0.0001057022782855,0.0026476450300239,5.889601940815663,5.414917663950803,-0.0876623258789355,-0.14641987105620682,-0.03710225007121228,False,0.00010820736995609996,True,True,True,True,True,True,True,True,True,True,True,True
21.28918354270867,516421.84112008184,4,0.5635223334112592,0.0012933578515783,0.0048387240905303,18.641149803386135,20.04074742555627,0.0698375959963122,0.01976205098465318,0.11294771762201929,False,0.0001680951319552003,True,True,True,True,True,True,True,True,True,True,True,True
166.7758945459555,7029148.454432299,3,0.6650303280266632,0.0030099035864914,0.0091612269274017,1.7716242815017502,2.0610865599958688,0.1404415923680074,0.09396652692824113,0.18042793631264684,False,0.0003065655970957,True,True,True,True,True,True,True,True,True,True,True,True
19.80842178330796,61536.67503751964,2,0.7882326135336883,0.0001979246304411,0.0031575524184225,6.162119197571517,6.2988211578151025,0.0217027848256932,-0.03114200836350902,0.06717557524238947,True,0.00022596859750879982,True,True,True,True,True,True,True,True,True,True,True,True
20.84122325217651,462675.7262133579,4,0.5209268173911836,0.0001736810177329,0.0018192603022681,18.237411283625125,20.545467288493867,0.1123389394098293,0.06453346260617591,0.15349259723155556,False,3.0193967806900132e-05,True,True,True,True,True,True,True,True,True,True,True,True
73.2958897481396,666742.4126036422,3,1.0211706977068922,6.643700581067395e-05,0.0009035256473913,4.7789289066314815,5.139539146862406,0.0701639251937735,0.019874318741056007,0.11343046307543941,False,5.683657172900008e-06,True,True,True,True,True,True,True,True,True,True,True,True
14.762232921002388,918793.9574302422,1,1.0211517680936149,4.0313858443656815e-05,0.002111530295997,11.685258828540588,10.474575244122995,-0.1155830719815462,-0.17591283772835928,-0.06367780445188552,False,7.749892143810001e-05,True,True,True,True,True,True,True,True,True,True,True,True
56.45562468198395,1561513.2468618553,5,0.6940371597669901,0.000337010118027,0.001796683101597,10.98917554871776,9.646195729890374,-0.1392237786204083,-0.20066646374147856,-0.08634114201784868,False,5.524895473499845e-06,True,True,True,True,True,True,True,True,True,True,True,True
104.60471739270967,360660.3433470744,5,0.9250885874887542,0.0002174430345631,0.001129819218209,6.434672074120614,5.976058584520166,-0.0767417994844291,-0.1349789057319379,-0.02663791384785595,False,2.6814945333999995e-06,True,True,True,True,True,True,True,True,True,True,True,True
64.64377725525462,509814.4166573046,4,0.6795056516597491,0.0001667969556259,0.0015989273539669,7.562774315576338,7.9110627287112525,0.0440254900104492,-0.007672903234961049,0.08850466255585501,True,3.0185138286999998e-05,True,True,True,True,True,True,True,True,True,True,True,True
48.21803353715433,558063.9464318136,3,0.898895814657729,0.0004522459777178,0.0028091039391438,8.387500513664925,9.6062490411713,0.1268703863790078,0.0796466151564307,0.16749910845386262,False,3.3122708809099995e-05,True,True,True,True,True,True,True,True,True,True,True,True
25.539550537945345,1107747.45246528,1,0.4756978464477785,0.0001949065088441,0.0079009995569258,4.153165534876099,4.218326437490931,0.0154470981751685,-0.03778729323074395,0.06124892246802381,True,0.0018996700078336998,True,True,True,True,True,True,True,True,True,True,True,True
172.04851641663404,167090.09257376406,4,0.9200665347617054,0.0002389417329848,0.0014902938351022,1.9801999538001855,1.7560275660014228,-0.1276588090864748,-0.1886510597399872,-0.07518470169433603,False,7.207568791362467e-06,True,True,True,True,True,True,True,True,True,True,True,True
26.20098611588101,3731213.593105641,5,0.6851994996450788,0.0001775066344964,0.0013134775133701,28.56208958108582,28.316814279177887,-0.0086618254260434,-0.06270442013103178,0.03789444600537306,True,7.532821583200108e-05,True,True,True,True,True,True,True,True,True,True,True,True
20.356176563889917,836701.9428442139,3,1.02420572354465,0.0001512855000734,0.0013566726888221,24.0734261045522,22.957629815830003,-0.0486024166115274,-0.10526507275761118,0.0001532088240974952,True,1.2542460605499965e-05,True,True,True,True,True,True,True,True,True,True,True,True
64.14748311318534,254761.1449936432,4,0.7100985346513178,0.0001958266173517,0.0016888679707195,3.720012405851027,3.9123935582504794,0.0491722393300024,-0.0021496871275851225,0.09333929508243437,True,3.0951639025e-05,True,True,True,True,True,True,True,True,True,True,True,True
85.77693330198834,803892.2777371047,5,0.5413602379912412,0.0007635457498124,0.0030151769241517,8.862308021416878,8.734299861678645,-0.0146558008959439,-0.06953112007171112,0.03255624907200636,True,0.00029988510872220003,True,True,True,True,True,True,True,True,True,True,True,True
247.25180603628505,857766.8828340182,4,0.8526375056241213,0.0018272983278898,0.0044766209438293,1.9501832023813668,1.7550573648282957,-0.1111791793609897,-0.17128242177588573,-0.05947020246376332,False,6.758327127868077e-05,True,True,True,True,True,True,True,True,True,True,True,True
197.85377997854064,4104287.3537685694,3,0.9131340054423936,0.0123820350248212,0.0144340049241147,1.8415142076864452,1.9449885502635609,0.0532004893103837,0.001991690130663692,0.09725764364141268,False,0.0024423158276912,True,True,True,True,True,True,True,True,True,True,True,True
168.4712789583485,3357789.812271424,4,0.4263868450789103,0.0104450981358516,0.0148094913224386,1.8781866796022304,1.755445416853623,-0.0699202957666453,-0.12767149355774665,-0.020220418825348162,False,9.072026846160004e-05,True,True,True,True,True,True,True,True,True,True,True,True
35.538049763228514,887847.422173373,4,0.733856705684439,0.0014612368480562,0.0045178686322478,17.118723506911728,15.920044214789124,-0.0752937162705286,-0.1334040770428823,-0.025293056608083495,False,6.990843602130005e-05,True,True,True,True,True,True,True,True,True,True,True,True
146.2775482742507,928416.4563919824,2,0.441045890894334,0.0017235115698913,0.0119501261159342,0.923871520264806,1.0453621605870451,0.1162187085995283,0.0684208895902213,0.15734155674777917,False,0.001428349161263,True,True,True,True,True,True,True,True,True,True,True,True
138.1137104538985,610638.589293759,1,0.7650432710346479,0.0009776427164669,0.0143587846646152,1.091589699834966,1.0152394313528152,-0.0752041992502332,-0.13336457781469355,-0.0251670996679418,False,0.0013173738854635986,True,True,True,True,True,True,True,True,True,True,True,True
36.03893699664777,2300623.2379948683,4,0.615305355034337,0.0001999502956003,0.0018377611238183,13.170041826569877,12.320846874221104,-0.0689234239348872,-0.1263793087843599,-0.019448796255271752,False,3.538511166429996e-05,True,True,True,True,True,True,True,True,True,True,True,True
22.74212361699944,1771643.7937331814,4,0.3910278995300461,2.0194303624733977e-05,0.000661225872407,21.209193465082095,23.00228276274537,0.0779526674007924,0.02839275277056267,0.12062830701346441,False,2.3704180718699813e-05,True,True,True,True,True,True,True,True,True,True,True,True
23.677011376687062,1982453.951037426,3,0.4448375921253227,0.0027436979741784,0.0100336999758645,16.76596237164377,16.648758492555245,-0.0070397969398699,-0.061316942648221934,0.039679945995500586,True,0.0048405119963343,True,True,True,True,True,True,True,True,True,True,True,True
90.41521422125358,367712.85876029776,3,0.4665315765424731,0.0001684873555717,0.0024601354176179,3.109597355244921,2.9078426353548146,-0.0693829567793954,-0.12721525709756334,-0.019626526394455716,False,2.2345772138400015e-05,True,True,True,True,True,True,True,True,True,True,True,True
41.95255522845958,3555531.0977358893,4,1.0251540174992415,0.002896424961584,0.0044451990814627,11.789271186000672,11.154705914046891,-0.0568876738520453,-0.11372402836585216,-0.007949798860508478,False,0.00015272888311689947,True,True,True,True,True,True,True,True,True,True,True,True
20.52278586314993,994569.0724613108,4,0.8248415759906906,0.001049868127067,0.0034998407889063,32.866973498244406,29.42856546319885,-0.1168391316710754,-0.17710380070880521,-0.06497390705228977,False,3.761489509329988e-05,True,True,True,True,True,True,True,True,True,True,True,True
40.061957196944405,425567.120587168,2,1.0360802618079736,0.0046675088951804,0.011082031014947,3.628737404877322,3.9272887610867735,0.0760197108925688,0.0260858475719339,0.11898487677081,False,0.0008240317403498,True,True,True,True,True,True,True,True,True,True,True,True
260.160909775735,1778439.532106883,5,0.7706518785704839,0.001088869451505,0.0030143503937591,1.5556866304777492,1.5177958357527408,-0.0249643554373152,-0.08037579005071949,0.022711514282659554,True,0.00016865803225329994,True,True,True,True,True,True,True,True,True,True,True,True
21.17855620974989,1013392.8697672172,5,0.7630136280713297,0.0006026610057662,0.0022591169417716,34.625360666708445,32.30838392405949,-0.0717144115934422,-0.1293707188223489,-0.02207324060100825,False,0.00011174352655410075,True,True,True,True,True,True,True,True,True,True,True,True
103.27665100573634,4187639.2287346767,5,0.7545756253292226,0.0072292041025702,0.0078871854871722,4.365418601910645,4.576772308215465,0.0461796419117098,-0.005200925668983303,0.09040949582986611,True,0.0006717676006562003,True,True,True,True,True,True,True,True,True,True,True,True
53.78325914670275,3008218.1832661075,3,0.930303671082248,0.0003185413465523,0.0022633174806867,7.246489622374415,6.350768259617334,-0.1410414183198446,-0.20264745306349904,-0.08802603488025396,False,7.024707738540002e-05,True,True,True,True,True,True,True,True,True,True,True,True
22.531166647609204,470110.92015264503,1,0.4606195275197477,2.3533616326491883e-05,0.0027664606935445,4.454749912504048,5.051228878743047,0.1180859114797086,0.07038978395762505,0.15912135437455793,False,8.033537275969999e-05,True,True,True,True,True,True,True,True,True,True,True,True
144.3761065564319,528787.2648467971,2,0.9648329510476632,0.0021819931795227,0.0084686049379521,1.3262908645304854,1.3303480294813703,0.0030497019283493,-0.05087572149422777,0.0494435860699881,True,0.005992468121272103,True,True,True,True,True,True,True,True,True,True,True,True
109.59812475835092,580666.9952688043,4,0.3738942898161631,0.0005991351129336,0.0036265291048218,5.235725647048085,4.868309992671953,-0.0754708831050583,-0.13364106863130443,-0.025424790926029537,False,6.407341693467702e-05,True,True,True,True,True,True,True,True,True,True,True,True
69.72996786629588,2076782.6398335984,3,0.8216829087626254,0.0005105428044631,0.0032652433132701,7.649872724897747,6.83011010323922,-0.1200218750895025,-0.1805943844540452,-0.06790808514489377,False,1.0827712872999926e-06,True,True,True,True,True,True,True,True,True,True,True,True
25.19943647543596,1121699.2361791942,5,0.9089697429365552,3.997489829704732e-05,0.000494728870742,29.313806761169428,28.427095655802702,-0.031192462153119,-0.08677506882199279,0.016650530585811636,True,2.4848444749400126e-05,True,True,True,True,True,True,True,True,True,True,True,True
37.205941733454985,205873.41760666337,3,0.5230220535543719,6.28760256358087e-05,0.0014577281892013,7.64978949750732,8.71377026244344,0.1221033757938171,0.07463138396449108,0.1629468080514139,False,9.27191216699996e-06,True,True,True,True,True,True,True,True,True,True,True,True
136.90195178095934,5571699.490323544,5,0.8743184802070465,0.0126615757117149,0.009191027498353,4.41275861611853,4.691970029172845,0.0595083539149413,0.008681481531095828,0.10324181766632351,False,0.0008286456479374,True,True,True,True,True,True,True,True,True,True,True,True
66.62866950630351,654860.2190766647,1,0.5602866234359998,2.366203080765642e-05,0.0026232655817994,1.3518165838814238,1.2499620743314326,-0.0814860799712424,-0.1399803901949437,-0.03116098318899335,False,4.256283800718022e-05,True,True,True,True,True,True,True,True,True,True,True,True
27.988288428058873,349187.14975608565,4,0.8773309594081369,4.00420560649239e-05,0.0006437528475012,20.744576643718947,19.460426476683885,-0.065987771058031,-0.12360951263766946,-0.016409257700481933,False,2.0290230085000163e-06,True,True,True,True,True,True,True,True,True,True,True,True
158.3802660378159,891315.9688849105,1,0.5471462722248988,0.0010593052122516,0.0176951799764973,0.8019220611650955,0.8177689493294411,0.019378197444816,-0.03366591449269744,0.06501363034711,True,0.006930142857687735,True,True,True,True,True,True,True,True,True,True,True,True
34.91850345091016,2683843.486347352,5,0.7843524479699793,0.0001943249438761,0.0012563570182023,20.568510506909504,18.826366460760138,-0.0925374553703991,-0.15126762531719853,-0.04196615384053275,False,2.2746078216992482e-06,True,True,True,True,True,True,True,True,True,True,True,True
130.6786162659219,1271334.4084524503,5,0.4555960318713393,0.0002743480841835,0.0018938121835147,4.35907619040989,4.770351806163709,0.0862149444035585,0.03679878580676836,0.1287306554453891,False,2.5833838249699994e-05,True,True,True,True,True,True,True,True,True,True,True,True
158.19855825378306,1070137.016818656,4,0.532227315414148,0.0050958725359694,0.0097898241993796,1.5053962699295431,1.602727959402064,0.060728764917056,0.009993689593242776,0.10438634712132594,False,0.0008058402987850002,True,True,True,True,True,True,True,True,True,True,True,True
97.75933360924316,172339.79934017133,5,0.9030010174226686,7.486612433841108e-05,0.000682218189324,4.946791850659302,5.003274742526205,0.0112891845388414,-0.04218385136397276,0.05729467113892089,True,2.1562016788200016e-05,True,True,True,True,True,True,True,True,True,True,True,True
35.00018450252201,205480.3841379853,2,0.8334702502125226,6.453829322113669e-05,0.0017192103398762,5.696598234183149,6.235410655856897,0.0864116978675082,0.0370012403050508,0.12892191006745024,False,1.7986803166100007e-05,True,True,True,True,True,True,True,True,True,True,True,True
68.57113705964818,296792.1615259341,4,0.7738913991750028,0.0042565348680378,0.0074263170881378,3.914843966679475,4.571113527233801,0.1435688605510232,0.09728407738906078,0.1833940359688088,False,0.0002369517363867,True,True,True,True,True,True,True,True,True,True,True,True
35.03365443665123,86726.3133933584,2,0.976470040051362,0.001337455013239,0.0065183774520335,4.001618603056983,3.87162040804326,-0.0335772057466307,-0.08946090220687997,0.01450419925535594,True,0.0005085137167172956,True,True,True,True,True,True,True,True,True,True,True,True
36.21154800603114,768245.0061074857,5,0.8731933889542616,0.0007818622574499,0.0022870145101215,11.199064989124372,11.1999857741859,8.221305634584605e-05,-0.05338432680336777,0.04615505210502874,True,0.002240256666524101,True,True,True,True,True,True,True,True,True,True,True,True
96.99607358271768,129223.44702044806,3,0.6616383601278388,0.0009338915921945,0.0051165446021666,1.810191818306755,2.0306785592571144,0.1085778642539173,0.060369355402041046,0.15005435624192756,False,0.0001312490876663,True,True,True,True,True,True,True,True,True,True,True,True
120.90150663619694,1633747.5916863298,1,0.6665882453788303,0.0006570029179929,0.0128248063808141,0.8602021349544182,0.7564979979122055,-0.1370844831426083,-0.1985889819705319,-0.08416996091947652,False,0.0005796744518627777,True,True,True,True,True,True,True,True,True,True,True,True
18.193058791664807,763150.062393041,5,1.011081964199076,0.0004633224559875,0.0014551261609132,37.84531842190307,35.89466586860555,-0.0543438002860368,-0.11099379904018318,-0.00556045392503678,False,4.464251144180049e-05,True,True,True,True,True,True,True,True,True,True,True,True
174.11970902637466,1272480.2782868375,4,0.9065865478988492,0.0006327788245923,0.0024679415531978,2.641834680382738,2.8587889077509376,0.0758902578570873,0.025907510490048972,0.11889244805211237,False,4.018821309045789e-05,True,True,True,True,True,True,True,True,True,True,True,True
24.68952903449806,262484.5483876295,5,0.8670823728923569,2.7372333807867745e-05,0.0004310289517035,22.66598954730702,22.427802696931103,-0.0106201598789928,-0.06515533560901637,0.03631387457853123,True,8.155483748000132e-06,True,True,True,True,True,True,True,True,True,True,True,True
112.09318003444358,732251.9443565528,3,0.6947507501778737,0.0001084790458103,0.0016979058896972,2.4186303298611063,2.2755056469779675,-0.0628979686660933,-0.12037341963040095,-0.013447817883799916,False,2.27408579467e-05,True,True,True,True,True,True,True,True,True,True,True,True
56.63779995266487,3744778.67339349,5,1.0204640894145405,0.0006728858962142,0.0017272610260476,11.241244977621127,12.669483612501551,0.1127306114884679,0.0648472159540663,0.1539394558732206,False,3.0334169883199872e-05,True,True,True,True,True,True,True,True,True,True,True,True
22.703482931779135,88496.60875782123,3,0.9362225084121208,7.289635432525993e-05,0.0010741010350535,9.332636792369929,9.65720193851872,0.0336086112949787,-0.018570594671375056,0.07851136413447658,True,1.8661404138000087e-05,True,True,True,True,True,True,True,True,True,True,True,True
180.14589066075175,717247.0907630809,5,0.7971261876080293,0.0013226939559901,0.0032357218441941,2.2533666100958487,2.466535268957768,0.0864243303328046,0.037021417820334225,0.12892887614409848,False,6.68142957254e-05,True,True,True,True,True,True,True,True,True,True,True,True
91.92667049481524,312028.4629188823,5,0.6191932132951022,0.000276919630997,0.0017254265319374,4.5722989569855885,4.866888340441322,0.0605293080196329,0.00973556140391568,0.1042316182219811,False,2.5249636011500005e-05,True,True,True,True,True,True,True,True,True,True,True,True
62.79627594318976,10843345.904547617,1,0.7030541144841407,0.0088176589979255,0.0456045253971163,2.6253253577088445,2.503853302215131,-0.048514046484372,-0.10522226519370428,0.00027472995093579726,True,0.0172493552185243,True,True,False,True,True,True,True,True,True,True,True,True
46.69846996378928,320265.6476251757,2,0.4959243051380171,0.0027678803129833,0.0147290274858843,2.5900181795353734,3.035657244247477,0.1468015091481697,0.10068597380229,0.18648040150557596,False,0.0008059548613466001,True,True,True,True,True,True,True,True,True,True,True,True
79.21903083310634,536660.1165769912,3,0.8764996238425018,0.0001005672481565,0.0013616390805211,3.324433496139118,3.2672712516313025,-0.0174954082796998,-0.07250861038356726,0.029837155627327416,True,5.2845988145e-05,True,True,True,True,True,True,True,True,True,True,True,True
192.14928558361416,578884.828562271,2,0.8065034375457322,0.0036637137602487,0.013333180660899,1.325601041398654,1.4345545459561564,0.0759493634206032,0.025965397220391335,0.11895207120816813,False,0.0012569374887091193,True,True,True,True,True,True,True,True,True,True,True,True
41.96349577062315,295765.12236498145,4,0.8303330910142456,6.35274552411466e-05,0.0008557885315912,13.82139320353825,12.415071401870584,-0.1132753696008364,-0.1734763579042781,-0.061480418552647714,False,3.0558326355000073e-06,True,True,True,True,True,True,True,True,True,True,True,True
73.75863009134521,128542.64556811738,1,0.7815155020226707,6.64422548362896e-05,0.003683553608305,1.1853686230602714,1.16263831136379,-0.0195506302126052,-0.07469991669596367,0.027896016483017805,True,0.00034223117756872055,True,True,True,True,True,True,True,True,True,True,True,True
74.86297484246917,1297917.2993487462,1,0.4389344418389087,0.0001879811554945,0.0079010394578615,1.1503514904476173,1.31149931492297,0.1228729764794558,0.07543091323493852,0.16368925367336087,False,0.00024945249190714327,True,True,True,True,True,True,True,True,True,True,True,True
32.30176035946563,145762.6283628973,5,0.5154482020415218,9.934600545589249e-05,0.0011041814736507,12.836801991848814,13.461653768566668,0.0464171629623174,-0.005058463356045274,0.0907158916356126,True,4.589789102079993e-05,True,True,True,True,True,True,True,True,True,True,True,True
29.319067191864026,344999.31487804936,3,1.0359071496061008,0.0016995154343236,0.0044593852679035,11.527450564573195,12.436152463545069,0.0730693758890147,0.02295726054475172,0.11618565601814675,False,0.00015331598856800003,True,True,True,True,True,True,True,True,True,True,True,True
42.204513750726534,1594555.4810556625,4,0.8806214733355473,0.0003702669906159,0.0019498149643121,12.978956194693628,14.107114183220691,0.0799708554049219,0.030253012783630413,0.12275044763401438,False,2.6661020308299944e-05,True,True,True,True,True,True,True,True,True,True,True,True
81.37672714672482,924256.8942464036,1,0.3877388432120713,0.00068307347013,0.0154033515613996,1.580631653913677,1.6425560573830298,0.0377000244168301,-0.014352472919565764,0.0824824071447866,True,0.003054952983021978,True,True,True,True,True,True,True,True,True,True,True,True
79.9448780885828,210996.81476420767,4,0.8255822178879502,0.0007798370223489,0.0030139392287839,4.367242118924806,4.242278291809254,-0.0294567726395567,-0.0851235697245929,0.018437308177251078,True,0.00012329217728,True,True,True,True,True,True,True,True,True,True,True,True
81.30961716173545,1594996.8065549303,4,0.886411543327148,0.001985823413728,0.0044837614869304,6.0730276979399695,6.349023607950116,0.0434706069866475,-0.008246288136924336,0.08796708091683564,True,0.00024009661521760004,True,True,True,True,True,True,True,True,True,True,True,True
114.44462757235245,556397.1202825395,4,0.829641946631015,0.0031857751546219,0.0060648699141074,2.1751141216388907,2.3527974071733855,0.0755200107721814,0.025568251716125413,0.11850166940013572,False,0.00026857071766479986,True,True,True,True,True,True,True,True,True,True,True,True
84.6661726919834,293581.555816321,2,0.9110495697057708,8.143501041563343e-05,0.0017605858673958,1.748170033315939,1.8749798793059724,0.0676326436297398,0.01720551430695057,0.11101742440984536,False,2.3422206773099992e-05,True,True,True,True,True,True,True,True,True,True,True,True
22.05994013694144,208005.2617410121,4,0.3661872288142872,6.5879384445164065e-06,0.0003814186648748,14.769437696956176,15.602836724550734,0.0534133018442231,0.002425590067715633,0.09730535696167368,False,1.4139716748200106e-05,True,True,True,True,True,True,True,True,True,True,True,True
26.71116152092568,132238.48755241712,4,1.0342566169524274,0.0001284460227676,0.0009220226092293,12.2660837443414,11.687448911577826,-0.0495090791105291,-0.10612675051556641,-0.0007808842390015921,False,6.801901534000086e-06,True,True,True,True,True,True,True,True,True,True,True,True
40.76117821465801,1362115.0692810996,2,0.5441049214649113,0.0001944320496871,0.0037975215621562,6.172817574028892,5.842079190865029,-0.0566131290519003,-0.11373665041733617,-0.007464315681697892,False,0.00019675839742970005,True,True,True,True,True,True,True,True,True,True,True,True
61.90565083051445,166899.50174803517,3,0.7053450515572051,9.443862832087936e-06,0.0004965233478431,4.5741776583063904,4.49567670008435,-0.017461433163236,-0.07248872278164994,0.029881336595113488,True,1.6339294912000074e-06,True,True,True,True,True,True,True,True,True,True,True,True
62.76466108595913,571832.8653588524,2,0.7452682008316756,0.0003197243535126,0.004182826058647,2.744621645573841,2.448394589072296,-0.1209882826173809,-0.18159141193847117,-0.06884554693522552,False,4.7534659277999986e-05,True,True,True,True,True,True,True,True,True,True,True,True
106.64492305408749,255615.45120771177,2,0.9215815075550228,0.0006140856832077,0.0047687532195107,1.731617161784308,1.7892122424132133,0.0321901892149046,-0.020159203985907388,0.07722813787593831,True,0.00035339267232343413,True,True,True,True,True,True,True,True,True,True,True,True
81.02034486935261,3220675.0726629854,1,0.5315768980165572,0.0003142986001329,0.0097288847263136,1.9553618631265564,1.7956545523523468,-0.0889409995731024,-0.147842428976213,-0.03826611077413493,False,0.0005141584384876437,True,True,True,True,True,True,True,True,True,True,True,True
35.87980806494677,4090168.442961516,2,0.3542497493332663,0.0002091935062715,0.0043180136044991,8.334034667850673,7.733207036552053,-0.0776944970513173,-0.13592241487806586,-0.02759122224176292,False,0.00015358187063249998,True,True,True,True,True,True,True,True,True,True,True,True
69.96960146117928,245446.18791395065,3,0.6548649431133515,0.0005640537382446,0.0039972709891073,4.697534599546498,4.122527436797231,-0.1394792809907862,-0.20110567906255677,-0.0864589665196864,False,4.487801793020001e-05,True,True,True,True,True,True,True,True,True,True,True,True
72.27403075123726,2573407.8957939,5,0.9568765985607386,0.0018038375237762,0.0031152183710102,6.198409279662242,5.631679542226692,-0.1006324548806752,-0.15960230901335984,-0.049831432747525786,False,1.6213770704700745e-05,True,True,True,True,True,True,True,True,True,True,True,True
135.90932652474797,1229642.142211126,1,0.8000895273505021,0.0011665448750109,0.0151474945052397,0.9369705628513948,1.0003526891542949,0.0633597799956769,0.012694850895381776,0.10694834493337262,False,0.0018349720430684442,True,True,True,True,True,True,True,True,True,True,True,True
28.1928077924418,204629.60785531788,5,0.6712576730674502,0.0002904357643688,0.0016991007854219,12.299487596005095,13.091838553020317,0.0605225120831039,0.010076556131264236,0.10396719362311165,False,3.169058951090018e-05,True,True,True,True,True,True,True,True,True,True,True,True
116.66091849521436,4129436.522751073,3,0.4640567831492769,6.669114460726006e-05,0.0015497050592291,3.508699429885294,4.052843790811516,0.1342623572514414,0.0874393697763944,0.17454638550092164,False,2.1952192868000022e-05,True,True,True,True,True,True,True,True,True,True,True,True
28.185509427368636,549277.285478547,5,0.8866369753677503,0.0034805502798539,0.0047475124795302,16.192232493280358,18.16549689468512,0.108627053410364,0.060666501538042546,0.14991957835451394,False,0.00015864547491999982,True,True,True,True,True,True,True,True,True,True,True,True
46.14203899819049,1278356.192099969,1,0.9884651242669328,0.0024756359072281,0.0174206522917518,2.206235661884853,2.1340175654077767,-0.033841378650169,-0.0897524839029368,0.01426203020353219,True,0.0044199857190447,True,True,True,True,True,True,True,True,True,True,True,True
78.1590978764554,4288558.511067589,2,0.496680392145809,0.0009304140319554,0.0085361243313717,2.562176993121583,2.8764027199583464,0.1092426052362075,0.06108777965044806,0.1506750420632169,False,0.00034307813339429997,True,True,True,True,True,True,True,True,True,True,True,True
51.68201300798479,795952.9472578423,2,0.8493197452299648,0.0064860774874985,0.0169320720094418,3.933554784650523,3.666127807703224,-0.0729453502372135,-0.1309548062226655,-0.023034639630405543,False,0.0016188202622281999,True,True,True,True,True,True,True,True,True,True,True,True
45.74721338531312,222425.26223302036,4,0.4486362377739606,6.960767547864433e-06,0.0003783489257592,7.249099115929397,6.484380702993551,-0.1179323744182399,-0.17828966711483898,-0.06599147490437056,False,5.244023675399917e-06,True,True,True,True,True,True,True,True,True,True,True,True
37.84096635759813,347555.57877065305,4,0.6010517009548836,0.0017276509014731,0.0054558934791583,10.599929298067096,11.705729556796255,0.094466581801998,0.04552654085500253,0.13657625085379338,False,0.00016671322322399991,True,True,True,True,True,True,True,True,True,True,True,True
95.759517371936,1535113.4864654276,2,0.5457980050956467,0.0019198159328549,0.0119206625562425,2.438813606681356,2.209310406868496,-0.103880015727695,-0.16358096226229463,-0.05251624819202943,False,0.0006241901332558,True,True,True,True,True,True,True,True,True,True,True,True
38.384116496527355,2582574.2571748737,4,0.4539195496655194,0.0003896343254322,0.002823452895296,12.390640583688006,13.457058664159016,0.07924600071123,0.029609500173886076,0.12197005422835656,False,5.412686940620007e-05,True,True,True,True,True,True,True,True,True,True,True,True
112.40948812886045,1037990.3084579982,5,0.385987029641453,0.0011220640873474,0.0039512116273687,5.494383134787612,5.06266917825091,-0.0852739812412262,-0.1439550524080588,-0.034786028505692956,False,5.4394846749899995e-05,True,True,True,True,True,True,True,True,True,True,True,True
17.819646746953588,284986.38163762575,5,0.7270887346537658,7.83059640627386e-05,0.0008417703883051,31.652961864506096,33.15844875110823,0.0454028141636697,-0.006033326258573152,0.08967886063990589,True,1.247417751299969e-05,True,True,True,True,True,True,True,True,True,True,True,True
12.296529391594786,308507.5750806109,1,0.6806429823879168,0.0001919127834856,0.0068540477858287,11.08947671012914,10.063422940230438,-0.1019587247791065,-0.16154903727384506,-0.050689332784889116,False,0.00023442059338589798,True,True,True,True,True,True,True,True,True,True,True,True
66.88887983107078,1737132.7818004696,1,0.5169905936891384,0.0011384767333586,0.0186731316444817,1.626912316629588,1.6011613878366169,-0.0160826566194954,-0.07103970645248442,0.031199161792510293,True,0.008507679500519203,True,True,True,True,True,True,True,True,True,True,True,True
76.79052400782315,413244.6854159261,4,0.5576869150580557,0.0004311837524575,0.0028041014010022,3.667802427339872,3.25858813653964,-0.1255802432383445,-0.18631551105184815,-0.07330988132245553,False,2.3875244526000167e-05,True,True,True,True,True,True,True,True,True,True,True,True
93.352098964327,66358.8375173195,5,0.6913205311264947,0.000126810056925,0.0011046022757465,2.9318741063364846,3.41289671108109,0.1409426201451709,0.0944920659112956,0.18090756505992267,False,4.53168962119999e-06,True,True,True,True,True,True,True,True,True,True,True,True
61.12055311411298,1507994.1793050969,1,0.7992691168057015,0.0058803778090031,0.0340376304137536,1.4082140205069726,1.453125808556684,0.0309070197399631,-0.021502254448719785,0.07599763143124967,True,0.0152267195931657,True,True,True,True,True,True,True,True,True,True,True,True
209.87413869083915,592192.5722053784,2,0.818253959469885,0.0015233867255803,0.0084916421045583,1.289735390048175,1.4952548588871055,0.1374477853172772,0.09079027281809161,0.1775886289925383,False,0.00030119923808253604,True,True,True,True,True,True,True,True,True,True,True,True
46.22727126409492,1927519.1104381303,3,0.5313203884479574,0.0006776542697665,0.0047625566833709,10.727146158001226,10.33150638426944,-0.0382944905627877,-0.0944346092903354,0.010007371562682459,True,0.0002642256472307,True,True,True,True,True,True,True,True,True,True,True,True
111.2341463361199,494269.5616529638,1,1.037146700473254,0.0003815558399035,0.0063256169733289,0.961851522387126,1.0765321856701684,0.1065278537971912,0.058197979826547584,0.14810750034741957,False,0.00019682176179268627,True,True,True,True,True,True,True,True,True,True,True,True
18.37954954604992,1177849.2716163446,4,0.5500225468275287,8.468613863568368e-05,0.0012486110483559,29.709853742283677,30.750949831480906,0.0338557376244495,-0.01815847497956732,0.07863467277204642,True,2.6059320930800316e-05,True,True,True,True,True,True,True,True,True,True,True,True
67.58702650445906,570709.2611759771,5,0.4531799510467148,0.000515695236981,0.0025995313335479,6.99829974389758,7.81594908841911,0.1046129312348056,0.05622002333638104,0.14625168042806813,False,3.743997582460006e-05,True,True,True,True,True,True,True,True,True,True,True,True
71.82132357232166,1411588.154069662,2,0.5193030590288349,0.0008950313698402,0.0082674516120677,3.873800824493373,4.105985771141287,0.0565479179883706,0.005518160968632319,0.10045079316091504,False,0.0006519974654104379,True,True,True,True,True,True,True,True,True,True,True,True
63.62060892122169,158851.09105983007,3,0.4218218429217926,0.0013736459287233,0.0071755492886594,5.024551550502183,4.380108744339459,-0.1471294079160833,-0.20917066372704893,-0.09375230453022254,False,0.00014093839793137946,True,True,True,True,True,True,True,True,True,True,True,True
26.293014748295754,215884.6394233583,5,0.3692566188597521,2.082470399905408e-05,0.0005418674226939,15.794174416867165,17.42934110872144,0.0938168965570396,0.044982103886041104,0.13585283340370521,False,5.8063137468996814e-06,True,True,True,True,True,True,True,True,True,True,True,True
19.49622828611252,106039.760971126,5,0.7245819944795204,8.165907467442349e-05,0.0008615184470875,21.504526552031592,18.900002503102836,-0.1378054869834629,-0.19885949708504627,-0.08522007845901637,False,1.3142481507900233e-05,True,True,True,True,True,True,True,True,True,True,True,True
50.033101890307584,612769.102545532,3,0.8777726155133561,3.5248679406019296e-05,0.0008048969272357,8.423475773995312,7.963885482597852,-0.0577093043843644,-0.11490987644562624,-0.008496335830205894,False,5.697812796399992e-06,True,True,True,True,True,True,True,True,True,True,True,True
100.16974888208256,372817.6252138846,3,0.8355967833493181,0.0004431484020591,0.0029962948034391,3.340627236064496,3.102272140304842,-0.0768324263570997,-0.13507535111003358,-0.026723645056128866,False,5.7007604198796394e-05,True,True,True,True,True,True,True,True,True,True,True,True
28.91786007896399,439748.1331501208,3,0.7363849270936071,0.0001149430891265,0.0016856238744714,10.401941014974067,11.43388877642707,0.0902534370966192,0.04109605723434507,0.13255135708859794,False,6.426545005499998e-05,True,True,True,True,True,True,True,True,True,True,True,True
225.39453223807388,2122948.4764125496,5,0.9465975087815336,0.0069440731166889,0.0062010132531081,2.1097315453635326,1.9565783999964,-0.0782760074257256,-0.13656882900118644,-0.028120910367996025,False,0.00022175883854800004,True,True,True,True,True,True,True,True,True,True,True,True
34.6283855770794,415831.7482046416,4,0.7885759057760797,1.539631330921383e-05,0.0004401787097759,9.48132603078254,9.04584279421078,-0.0481418090584619,-0.10455595712239185,0.0004267663756236083,True,1.4836658783200576e-05,True,True,True,True,True,True,True,True,True,True,True,True
17.854960914745583,278031.41239080793,2,0.4002272187423674,0.0004621200784694,0.0063019391133669,11.89029982440202,13.040806869968382,0.0882236089406291,0.03893481156051332,0.13063199532928568,False,0.00026385778301160005,True,True,True,True,True,True,True,True,True,True,True,True
37.69220192373635,327970.7663280041,2,0.565599303105269,0.0001565210332756,0.0033621461590448,7.390562060569615,6.896521440733974,-0.0716362044374449,-0.12959743383667227,-0.021769699556341723,False,6.828028043852181e-05,True,True,True,True,True,True,True,True,True,True,True,True
24.414975306177375,1051010.4935975312,2,0.9431956417534916,0.0029443021313776,0.0101421628423397,10.111581991787473,11.80987708844575,0.1438029442592433,0.09751450094429313,0.18362930820679316,False,0.0007172388651489001,True,True,True,True,True,True,True,True,True,True,True,True
30.34692586586471,1191840.3243650012,5,0.5437406340062457,0.0008827493232661,0.0032373577113919,18.095378879944363,16.96771055857247,-0.0664596627505629,-0.12358444539414802,-0.017246432247876236,False,3.621076652370048e-05,True,True,True,True,True,True,True,True,True,True,True,True
165.95606653059738,738205.148604119,4,0.8617089144470336,0.0004243320765983,0.0021347567262745,1.798515585460109,1.913819177699824,0.0602479030324567,0.00943276367942187,0.10396787649763786,False,3.838760799329999e-05,True,True,True,True,True,True,True,True,True,True,True,True
28.722131426527735,514034.1482493235,5,0.552809719172326,0.0007099707833204,0.0028872656016411,23.437046437733393,25.90782314450225,0.0953679779651099,0.04648642843804845,0.13742849357730197,False,4.4880741907099954e-05,True,True,True,True,True,True,True,True,True,True,True,True
27.743616294126916,665695.4075857304,4,0.7540452449548791,0.0003504520659923,0.0021717887731736,18.835347856134167,20.03752361041349,0.0599962239672448,0.009212519200820586,0.10369456317408315,False,4.6271827808400025e-05,True,True,True,True,True,True,True,True,True,True,True,True
119.71367062722072,1039313.8882068885,3,0.8826009123494178,0.0003929338057159,0.0026717204603955,2.904691174529985,3.1974531830258943,0.0915609992509274,0.04242528436662541,0.13383438584489812,False,5.4110766298086274e-05,True,True,True,True,True,True,True,True,True,True,True,True
80.75493957365855,473578.3818491837,5,0.8380294119433582,0.0022935882712676,0.0040789446909705,3.5773255846414,4.036989344030581,0.1138630103319141,0.06609200973197812,0.15498127772547005,False,7.478730611300017e-05,True,True,True,True,True,True,True,True,True,True,True,True
78.21765206034212,1410008.3001738174,5,0.8768451366335932,0.0085023772644893,0.0075088749218823,6.992005366217558,6.4705644951588885,-0.0805866121029778,-0.13893023588349349,-0.03037890596766581,False,0.0002318548345451,True,True,True,True,True,True,True,True,True,True,True,True
85.17085374324556,414306.8963576106,4,0.6390599843132516,0.0001745320085902,0.0016876700823636,3.681200124542755,4.250641405406102,0.1339659657338099,0.08714143811609044,0.17425306090439266,False,9.788931679999963e-06,True,True,True,True,True,True,True,True,True,True,True,True
79.7649423531583,272342.9502172716,3,0.5266681182210148,0.0002862525258151,0.0031037863994111,4.465254612125168,4.276335190721715,-0.0441778796510965,-0.10065574821442792,0.004412214315290356,True,9.454466920975081e-05,True,True,True,True,True,True,True,True,True,True,True,True
26.096442653053735,508491.7211455672,5,0.6641692742285586,0.0003379783341098,0.0018431726641588,17.107131712588927,19.1774590022955,0.1079562881327895,0.06000679727902679,0.14924493358671523,False,2.649700343299987e-05,True,True,True,True,True,True,True,True,True,True,True,True
56.73066527288697,405889.18475529697,5,0.4772877244992579,0.0042623689335046,0.0073835969909612,5.981323133892298,6.366256800199371,0.0604646778142876,0.00984144041303162,0.10404113990234108,False,0.00047555925668109995,True,True,True,True,True,True,True,True,True,True,True,True
21.584452439903533,203962.8688600775,3,0.6919216802778587,6.290114115684458e-05,0.0012959579465,13.521982955747124,15.204859645608964,0.1106801857488924,0.0626191516161143,0.1520338561026566,False,6.227593518599969e-06,True,True,True,True,True,True,True,True,True,True,True,True
180.5307504952203,2988472.5758141787,4,0.6324697237200166,0.0003698588521438,0.0024687676400096,3.0584675934804935,2.983612046035259,-0.025088901066982,-0.08053025473348437,0.0226099228342161,True,0.00012010859145341436,True,True,True,True,True,True,True,True,True,True,True,True
66.76615202862925,255198.2301707224,3,0.5235880665983563,7.089604160524238e-05,0.001547402089152,3.333970911391089,3.676329965746812,0.0931252247609867,0.04408902836848508,0.13531478443238046,False,1.5211625781400007e-05,True,True,True,True,True,True,True,True,True,True,True,True
97.73199764912208,678542.5906732088,5,0.7669781730332608,0.0014310545620136,0.0034679860319626,5.152766559495691,5.568373701481371,0.0746370779452382,0.024603147116960194,0.11768529863982115,False,0.00011886805457649995,True,True,True,True,True,True,True,True,True,True,True,True
41.288504417218405,893423.5668854471,4,0.9377433699272444,0.0088650689348619,0.008865349784708,9.53239821484487,8.500722206236611,-0.1213633363823325,-0.18173098918534877,-0.06939257235940972,False,4.174992976910003e-05,True,True,True,True,True,True,True,True,True,True,True,True
130.5220783858542,177294.14267740547,1,0.6298745243892424,7.647999919469412e-06,0.0014227216260655,0.8557620587753481,0.7919260807600815,-0.0806085057256827,-0.1390611997797365,-0.030319916477127482,False,5.810339398366494e-06,True,True,True,True,True,True,True,True,True,True,True,True
105.1713936491114,3552097.8117722645,4,0.9890448447867386,0.0016843592332997,0.0035891847957978,2.729493236208209,3.172168870101146,0.1395498323135684,0.09317260310535111,0.17946951020127705,False,4.3621942738600056e-05,True,True,True,True,True,True,True,True,True,True,True,True
101.74279839608649,2947322.0858869064,2,0.9218386608273256,0.0024396566369665,0.0095018359644167,1.8292814248368776,1.9979441220415903,0.0844181252838871,0.03490974593433986,0.12701377435477626,False,0.000566197322536,True,True,True,True,True,True,True,True,True,True,True,True
117.11363047563565,3781600.24575868,3,0.9660950047488668,0.002962903363532,0.0065669029737392,2.5276970836029737,2.417780060004823,-0.045461961332385,-0.1019541448179106,0.0031470731658607577,True,0.00046906907956509997,True,True,True,True,True,True,True,True,True,True,True,True
27.330027485361455,606587.573773147,4,0.9460383454089234,7.447584635278787e-05,0.000803360011008,17.08771669994196,17.140957896397058,0.0031060805806126,-0.05069294645709536,0.04940602513342993,True,0.00010358617688989999,True,True,True,True,True,True,True,True,True,True,True,True
142.0874399547717,4225838.636382786,3,0.6010501965688559,0.0032846881171393,0.0100305360077037,2.1013933676452297,1.9571024693795107,-0.0737267979184889,-0.13175753783219823,-0.02379525530950122,False,0.0006743142315107,True,True,True,True,True,True,True,True,True,True,True,True
39.020777285046606,757317.1579061353,1,0.4539402107686063,0.0114409336778102,0.0611981493417244,1.8952996003099312,2.0521066119980005,0.0764127023280708,0.026473841535333043,0.11937901395141848,False,0.0221042547038212,False,False,True,False,True,True,True,True,True,True,True,True
