cov_phi,sig_f,tol,gamma,delta_d,n_unsafe,n_safe,miss_rate,false_alarm_rate,flagged_fraction
0.0,0.0,0.02,1.0,0.0,7,414,0.0,0.0,0.016627078384798155
0.0,0.0,0.02,1.0,0.01,7,414,0.0,0.00966183574879227,0.026128266033254133
0.0,0.0,0.02,1.0,0.02,7,414,0.0,0.0748792270531401,0.09026128266033251
0.0,0.0,0.02,1.0,0.03,7,414,0.0,0.1280193236714976,0.14251781472684089
0.0,0.0,0.02,1.0,0.05,7,414,0.0,0.2463768115942029,0.2589073634204275
0.0,0.0,0.02,1.1,0.0,7,414,0.0,0.004830917874396135,0.02137767220902609
0.0,0.0,0.02,1.1,0.01,7,414,0.0,0.012077294685990338,0.028503562945368155
0.0,0.0,0.02,1.1,0.02,7,414,0.0,0.07971014492753623,0.09501187648456055
0.0,0.0,0.02,1.1,0.03,7,414,0.0,0.13285024154589373,0.14726840855106893
0.0,0.0,0.02,1.1,0.05,7,414,0.0,0.24879227053140096,0.26128266033254155
0.0,0.0,0.02,1.2,0.0,7,414,0.0,0.00966183574879227,0.026128266033254133
0.0,0.0,0.02,1.2,0.01,7,414,0.0,0.012077294685990338,0.028503562945368155
0.0,0.0,0.02,1.2,0.02,7,414,0.0,0.07971014492753623,0.09501187648456055
0.0,0.0,0.02,1.2,0.03,7,414,0.0,0.13285024154589373,0.14726840855106893
0.0,0.0,0.02,1.2,0.05,7,414,0.0,0.24879227053140096,0.26128266033254155
0.0,0.0,0.02,1.3,0.0,7,414,0.0,0.00966183574879227,0.026128266033254133
0.0,0.0,0.02,1.3,0.01,7,414,0.0,0.012077294685990338,0.028503562945368155
0.0,0.0,0.02,1.3,0.02,7,414,0.0,0.07971014492753623,0.09501187648456055
0.0,0.0,0.02,1.3,0.03,7,414,0.0,0.13768115942028986,0.15201900237529686
0.0,0.0,0.02,1.3,0.05,7,414,0.0,0.24879227053140096,0.26128266033254155
0.0,0.0,0.02,1.5,0.0,7,414,0.0,0.00966183574879227,0.026128266033254133
0.0,0.0,0.02,1.5,0.01,7,414,0.0,0.021739130434782608,0.038004750593824244
0.0,0.0,0.02,1.5,0.02,7,414,0.0,0.08695652173913043,0.10213776722090262
0.0,0.0,0.02,1.5,0.03,7,414,0.0,0.1473429951690821,0.16152019002375295
0.0,0.0,0.02,1.5,0.05,7,414,0.0,0.2536231884057971,0.2660332541567696
0.0,0.0,0.02,2.0,0.0,7,414,0.0,0.028985507246376812,0.04513064133016631
0.0,0.0,0.02,2.0,0.01,7,414,0.0,0.043478260869565216,0.05938242280285033
0.0,0.0,0.02,2.0,0.02,7,414,0.0,0.10869565217391304,0.12351543942992871
0.0,0.0,0.02,2.0,0.03,7,414,0.0,0.1642512077294686,0.1781472684085511
0.0,0.0,0.02,2.0,0.05,7,414,0.0,0.26811594202898553,0.2802850356294537
0.0,0.0,0.05,1.0,0.0,1,420,0.0,0.0,0.002375296912114022
0.0,0.0,0.05,1.0,0.01,1,420,0.0,0.0,0.002375296912114022
0.0,0.0,0.05,1.0,0.02,1,420,0.0,0.007142857142857143,0.009501187648456089
0.0,0.0,0.05,1.0,0.03,1,420,0.0,0.04285714285714286,0.04513064133016631
0.0,0.0,0.05,1.0,0.05,1,420,0.0,0.1523809523809524,0.15439429928741089
0.0,0.0,0.05,1.1,0.0,1,420,0.0,0.0,0.002375296912114022
0.0,0.0,0.05,1.1,0.01,1,420,0.0,0.004761904761904762,0.0071258907363420665
0.0,0.0,0.05,1.1,0.02,1,420,0.0,0.009523809523809525,0.01187648456057011
0.0,0.0,0.05,1.1,0.03,1,420,0.0,0.047619047619047616,0.049881235154394354
0.0,0.0,0.05,1.1,0.05,1,420,0.0,0.15476190476190477,0.1567695961995249
0.0,0.0,0.05,1.2,0.0,1,420,0.0,0.002380952380952381,0.004750593824228044
0.0,0.0,0.05,1.2,0.01,1,420,0.0,0.004761904761904762,0.0071258907363420665
0.0,0.0,0.05,1.2,0.02,1,420,0.0,0.009523809523809525,0.01187648456057011
0.0,0.0,0.05,1.2,0.03,1,420,0.0,0.047619047619047616,0.049881235154394354
0.0,0.0,0.05,1.2,0.05,1,420,0.0,0.1595238095238095,0.16152019002375295
0.0,0.0,0.05,1.3,0.0,1,420,0.0,0.004761904761904762,0.0071258907363420665
0.0,0.0,0.05,1.3,0.01,1,420,0.0,0.004761904761904762,0.0071258907363420665
0.0,0.0,0.05,1.3,0.02,1,420,0.0,0.009523809523809525,0.01187648456057011
0.0,0.0,0.05,1.3,0.03,1,420,0.0,0.047619047619047616,0.049881235154394354
0.0,0.0,0.05,1.3,0.05,1,420,0.0,0.16428571428571428,0.166270783847981
0.0,0.0,0.05,1.5,0.0,1,420,0.0,0.004761904761904762,0.0071258907363420665
0.0,0.0,0.05,1.5,0.01,1,420,0.0,0.009523809523809525,0.01187648456057011
0.0,0.0,0.05,1.5,0.02,1,420,0.0,0.011904761904761904,0.014251781472684133
0.0,0.0,0.05,1.5,0.03,1,420,0.0,0.05952380952380952,0.061757719714964354
0.0,0.0,0.05,1.5,0.05,1,420,0.0,0.16904761904761906,0.17102137767220904
0.0,0.0,0.05,2.0,0.0,1,420,0.0,0.016666666666666666,0.019002375296912066
0.0,0.0,0.05,2.0,0.01,1,420,0.0,0.02142857142857143,0.02375296912114011
0.0,0.0,0.05,2.0,0.02,1,420,0.0,0.023809523809523808,0.026128266033254133
0.0,0.0,0.05,2.0,0.03,1,420,0.0,0.06428571428571428,0.0665083135391924
0.0,0.0,0.05,2.0,0.05,1,420,0.0,0.1738095238095238,0.17577197149643708
0.0,0.0,0.1,1.0,0.0,0,421,,0.0,0.0
0.0,0.0,0.1,1.0,0.01,0,421,,0.0,0.0
0.0,0.0,0.1,1.0,0.02,0,421,,0.0,0.0
0.0,0.0,0.1,1.0,0.03,0,421,,0.0,0.0
0.0,0.0,0.1,1.0,0.05,0,421,,0.007125890736342043,0.0071258907363420665
0.0,0.0,0.1,1.1,0.0,0,421,,0.0,0.0
0.0,0.0,0.1,1.1,0.01,0,421,,0.0,0.0
0.0,0.0,0.1,1.1,0.02,0,421,,0.0,0.0
0.0,0.0,0.1,1.1,0.03,0,421,,0.0,0.0
0.0,0.0,0.1,1.1,0.05,0,421,,0.007125890736342043,0.0071258907363420665
0.0,0.0,0.1,1.2,0.0,0,421,,0.0,0.0
0.0,0.0,0.1,1.2,0.01,0,421,,0.0,0.0
0.0,0.0,0.1,1.2,0.02,0,421,,0.0,0.0
0.0,0.0,0.1,1.2,0.03,0,421,,0.0,0.0
0.0,0.0,0.1,1.2,0.05,0,421,,0.007125890736342043,0.0071258907363420665
0.0,0.0,0.1,1.3,0.0,0,421,,0.0,0.0
0.0,0.0,0.1,1.3,0.01,0,421,,0.0,0.0
0.0,0.0,0.1,1.3,0.02,0,421,,0.0,0.0
0.0,0.0,0.1,1.3,0.03,0,421,,0.0023752969121140144,0.002375296912114022
0.0,0.0,0.1,1.3,0.05,0,421,,0.011876484560570071,0.01187648456057011
0.0,0.0,0.1,1.5,0.0,0,421,,0.0,0.0
0.0,0.0,0.1,1.5,0.01,0,421,,0.0,0.0
0.0,0.0,0.1,1.5,0.02,0,421,,0.0023752969121140144,0.002375296912114022
0.0,0.0,0.1,1.5,0.03,0,421,,0.0023752969121140144,0.002375296912114022
0.0,0.0,0.1,1.5,0.05,0,421,,0.011876484560570071,0.01187648456057011
0.0,0.0,0.1,2.0,0.0,0,421,,0.004750593824228029,0.004750593824228044
0.0,0.0,0.1,2.0,0.01,0,421,,0.004750593824228029,0.004750593824228044
0.0,0.0,0.1,2.0,0.02,0,421,,0.007125890736342043,0.0071258907363420665
0.0,0.0,0.1,2.0,0.03,0,421,,0.007125890736342043,0.0071258907363420665
0.0,0.0,0.1,2.0,0.05,0,421,,0.019002375296912115,0.019002375296912066
0.0,0.01,0.02,1.0,0.0,7,414,0.13164285714285712,0.0024426328502415457,0.01684026128266025
0.0,0.01,0.02,1.0,0.01,7,414,0.01978571428571429,0.009711352657004832,0.025847980997624753
0.0,0.01,0.02,1.0,0.02,7,414,0.001142857142857143,0.07132487922705313,0.08674703087885982
0.0,0.01,0.02,1.0,0.03,7,414,0.0,0.12970048309178744,0.14417102137767213
0.0,0.01,0.02,1.0,0.05,7,414,0.0,0.24439009661835748,0.2569536817102138
0.0,0.01,0.02,1.1,0.0,7,414,0.02,0.004684782608695651,0.020901425178147193
0.0,0.01,0.02,1.1,0.01,7,414,0.0018214285714285715,0.012457729468599034,0.02884738717339652
0.0,0.01,0.02,1.1,0.02,7,414,0.0,0.07346437198067633,0.0888699524940616
0.0,0.01,0.02,1.1,0.03,7,414,0.0,0.1317699275362319,0.14620605700712586
0.0,0.01,0.02,1.1,0.05,7,414,0.0,0.24684118357487922,0.25936401425178146
0.0,0.01,0.02,1.2,0.0,7,414,0.007,0.007027173913043479,0.023421021377672102
0.0,0.01,0.02,1.2,0.01,7,414,0.0004642857142857143,0.014691425120772943,0.031066508313539076
0.0,0.01,0.02,1.2,0.02,7,414,0.0,0.07545954106280194,0.09083194774346781
0.0,0.01,0.02,1.2,0.03,7,414,0.0,0.13427958937198067,0.14867399049881247
0.0,0.01,0.02,1.2,0.05,7,414,0.0,0.24942451690821257,0.26190439429928747
0.0,0.01,0.02,1.3,0.0,7,414,0.0016071428571428571,0.008713768115942029,0.025169239904988094
0.0,0.01,0.02,1.3,0.01,7,414,0.0,0.01660990338164251,0.03296080760094999
0.0,0.01,0.02,1.3,0.02,7,414,0.0,0.0778780193236715,0.093210213776722
0.0,0.01,0.02,1.3,0.03,7,414,0.0,0.13733695652173913,0.1516805225653206
0.0,0.01,0.02,1.3,0.05,7,414,0.0,0.2522119565217391,0.264645486935867
0.0,0.01,0.02,1.5,0.0,7,414,0.0,0.011107487922705312,0.02754988123515445
0.0,0.01,0.02,1.5,0.01,7,414,0.0,0.021711352657004825,0.0379774346793349
0.0,0.01,0.02,1.5,0.02,7,414,0.0,0.08460748792270531,0.09982779097387162
0.0,0.01,0.02,1.5,0.03,7,414,0.0,0.1443798309178744,0.15860629453681696
0.0,0.01,0.02,1.5,0.05,7,414,0.0,0.25854770531400967,0.2708758907363421
0.0,0.01,0.02,2.0,0.0,7,414,0.0,0.02601932367149758,0.04221377672209037
0.0,0.01,0.02,2.0,0.01,7,414,0.0,0.04190579710144927,0.05783610451306409
0.0,0.01,0.02,2.0,0.02,7,414,0.0,0.10358937198067632,0.1184940617577196
0.0,0.01,0.02,2.0,0.03,7,414,0.0,0.16158514492753623,0.1755255344418053
0.0,0.01,0.02,2.0,0.05,7,414,0.0,0.276768115942029,0.2887933491686461
0.0,0.01,0.05,1.0,0.0,1,420,0.41025,0.00012976190476190474,0.001530285035629575
0.0,0.01,0.05,1.0,0.01,1,420,0.1025,0.0014857142857142857,0.00361401425178165
0.0,0.01,0.05,1.0,0.02,1,420,0.01375,0.005501190476190476,0.007830760095011824
0.0,0.01,0.05,1.0,0.03,1,420,0.001,0.0408297619047619,0.04310570071258912
0.0,0.01,0.05,1.0,0.05,1,420,0.0,0.1577857142857143,0.1597862232779097
0.0,0.01,0.05,1.1,0.0,1,420,0.1475,0.0009702380952380952,0.0029928741092636324
0.0,0.01,0.05,1.1,0.01,1,420,0.02075,0.003444642857142857,0.005762470308788736
0.0,0.01,0.05,1.1,0.02,1,420,0.002,0.007289880952380951,0.009643111638954927
0.0,0.01,0.05,1.1,0.03,1,420,0.0,0.04212857142857143,0.04440380047505943
0.0,0.01,0.05,1.1,0.05,1,420,0.0,0.15958511904761905,0.1615813539192399
0.0,0.01,0.05,1.2,0.0,1,420,0.02925,0.002710714285714286,0.0050100950118764365
0.0,0.01,0.05,1.2,0.01,1,420,0.003,0.004726785714285715,0.007083729216152079
0.0,0.01,0.05,1.2,0.02,1,420,0.00025,0.00849107142857143,0.01084560570071269
0.0,0.01,0.05,1.2,0.03,1,420,0.0,0.043458333333333335,0.045730403800475106
0.0,0.01,0.05,1.2,0.05,1,420,0.0,0.16210833333333333,0.16409857482185264
0.0,0.01,0.05,1.3,0.0,1,420,0.00325,0.0036470238095238088,0.006005938242280351
0.0,0.01,0.05,1.3,0.01,1,420,0.00025,0.00548095238095238,0.007842636579572404
0.0,0.01,0.05,1.3,0.02,1,420,0.0,0.009688095238095239,0.01204038004750596
0.0,0.01,0.05,1.3,0.03,1,420,0.0,0.045328571428571426,0.04759619952494065
0.0,0.01,0.05,1.3,0.05,1,420,0.0,0.16517142857142858,0.16715439429928736
0.0,0.01,0.05,1.5,0.0,1,420,0.0,0.005404166666666667,0.0077666270783847136
0.0,0.01,0.05,1.5,0.01,1,420,0.0,0.008382738095238096,0.010738123515439457
0.0,0.01,0.05,1.5,0.02,1,420,0.0,0.01472738095238095,0.01706769596199531
0.0,0.01,0.05,1.5,0.03,1,420,0.0,0.05235595238095238,0.054606888361045214
0.0,0.01,0.05,1.5,0.05,1,420,0.0,0.16887916666666666,0.170853325415677
0.0,0.01,0.05,2.0,0.0,1,420,0.0,0.016558928571428568,0.018894893111638944
0.0,0.01,0.05,2.0,0.01,1,420,0.0,0.020544047619047618,0.022870546318289775
0.0,0.01,0.05,2.0,0.02,1,420,0.0,0.023987499999999995,0.02630581947743471
0.0,0.01,0.05,2.0,0.03,1,420,0.0,0.06016011904761904,0.06239251781472677
0.0,0.01,0.05,2.0,0.05,1,420,0.0,0.17685238095238093,0.17880760095011872
0.0,0.01,0.1,1.0,0.0,0,421,,0.0,0.0
0.0,0.01,0.1,1.0,0.01,0,421,,0.0,0.0
0.0,0.01,0.1,1.0,0.02,0,421,,0.0,0.0
0.0,0.01,0.1,1.0,0.03,0,421,,0.0,0.0
0.0,0.01,0.1,1.0,0.05,0,421,,0.0061300475059382405,0.006130047505938152
0.0,0.01,0.1,1.1,0.0,0,421,,0.0,0.0
0.0,0.01,0.1,1.1,0.01,0,421,,0.0,0.0
0.0,0.01,0.1,1.1,0.02,0,421,,0.0,0.0
0.0,0.01,0.1,1.1,0.03,0,421,,0.00030225653206650824,0.0003022565320665027
0.0,0.01,0.1,1.1,0.05,0,421,,0.00726128266033254,0.0072612826603325464
0.0,0.01,0.1,1.2,0.0,0,421,,0.0,0.0
0.0,0.01,0.1,1.2,0.01,0,421,,0.0,0.0
0.0,0.01,0.1,1.2,0.02,0,421,,5.938242280284381e-07,5.938242280123518e-07
0.0,0.01,0.1,1.2,0.03,0,421,,0.0008105700712589075,0.0008105700712589536
0.0,0.01,0.1,1.2,0.05,0,421,,0.008611638954869357,0.008611638954869383
0.0,0.01,0.1,1.3,0.0,0,421,,0.0,0.0
0.0,0.01,0.1,1.3,0.01,0,421,,5.938242280284381e-07,5.938242280123518e-07
0.0,0.01,0.1,1.3,0.02,0,421,,0.00018408551068883615,0.00018408551068882506
0.0,0.01,0.1,1.3,0.03,0,421,,0.0013663895486935868,0.001366389548693503
0.0,0.01,0.1,1.3,0.05,0,421,,0.010216152019002374,0.0102161520190025
0.0,0.01,0.1,1.5,0.0,0,421,,5.938242280284381e-07,5.938242280123518e-07
0.0,0.01,0.1,1.5,0.01,0,421,,0.0002630641330166271,0.00026306413301657727
0.0,0.01,0.1,1.5,0.02,0,421,,0.0015938242280285036,0.001593824228028451
0.0,0.01,0.1,1.5,0.03,0,421,,0.00346021377672209,0.003460213776722121
0.0,0.01,0.1,1.5,0.05,0,421,,0.013063539192399047,0.01306353919239911
0.0,0.01,0.1,2.0,0.0,0,421,,0.004573634204275534,0.0045736342042754785
0.0,0.01,0.1,2.0,0.01,0,421,,0.0047309976247030885,0.004730997624703193
0.0,0.01,0.1,2.0,0.02,0,421,,0.006162114014251781,0.006162114014251707
0.0,0.01,0.1,2.0,0.03,0,421,,0.007835510688836105,0.007835510688836256
0.0,0.01,0.1,2.0,0.05,0,421,,0.019602731591448933,0.019602731591448874
0.0,0.02,0.02,1.0,0.0,7,414,0.2427857142857143,0.003120169082125604,0.015658551068883697
0.0,0.02,0.02,1.0,0.01,7,414,0.12235714285714286,0.01045471014492753,0.02487351543942995
0.0,0.02,0.02,1.0,0.02,7,414,0.04978571428571429,0.06964432367149757,0.08428562945368168
0.0,0.02,0.02,1.0,0.03,7,414,0.016714285714285713,0.12895712560386474,0.14316211401425183
0.0,0.02,0.02,1.0,0.05,7,414,0.0008571428571428572,0.24983756038647342,0.26229631828978617
0.0,0.02,0.02,1.1,0.0,7,414,0.10807142857142857,0.0046956521739130435,0.019447743467933654
0.0,0.02,0.02,1.1,0.01,7,414,0.04432142857142857,0.012960748792270526,0.02863539192399034
0.0,0.02,0.02,1.1,0.02,7,414,0.01578571428571429,0.07204287439613526,0.08720961995249421
0.0,0.02,0.02,1.1,0.03,7,414,0.004464285714285714,0.13131702898550723,0.14568646080760095
0.0,0.02,0.02,1.1,0.05,7,414,0.00010714285714285715,0.2522095410628019,0.2646413301662708
0.0,0.02,0.02,1.2,0.0,7,414,0.055928571428571425,0.0065960144927536225,0.022183491686460832
0.0,0.02,0.02,1.2,0.01,7,414,0.0225,0.015524154589371975,0.03151900237529692
0.0,0.02,0.02,1.2,0.02,7,414,0.0074285714285714285,0.07452173913043478,0.08978622327790964
0.0,0.02,0.02,1.2,0.03,7,414,0.0019285714285714286,0.13381219806763286,0.1481823040380046
0.0,0.02,0.02,1.2,0.05,7,414,3.571428571428572e-05,0.254856884057971,0.2672458432304038
0.0,0.02,0.02,1.3,0.0,7,414,0.0325,0.008567028985507248,0.024511282660332534
0.0,0.02,0.02,1.3,0.01,7,414,0.012142857142857141,0.018135869565217386,0.03425950118764842
0.0,0.02,0.02,1.3,0.02,7,414,0.0035357142857142857,0.0771177536231884,0.09240380047505936
0.0,0.02,0.02,1.3,0.03,7,414,0.0005714285714285715,0.13641304347826086,0.15076247030878864
0.0,0.02,0.02,1.3,0.05,7,414,0.0,0.2578731884057971,0.2702125890736342
0.0,0.02,0.02,1.5,0.0,7,414,0.009392857142857144,0.012408816425120773,0.02867339667458435
0.0,0.02,0.02,1.5,0.01,7,414,0.0025,0.023713768115942026,0.039904988123515506
0.0,0.02,0.02,1.5,0.02,7,414,0.0004642857142857143,0.08307427536231884,0.09831235154394302
0.0,0.02,0.02,1.5,0.03,7,414,3.571428571428572e-05,0.14273188405797102,0.15698515439429916
0.0,0.02,0.02,1.5,0.05,7,414,0.0,0.26475845410628024,0.27698337292161523
0.0,0.02,0.02,2.0,0.0,7,414,0.0,0.02618900966183575,0.04238064133016639
0.0,0.02,0.02,2.0,0.01,7,414,0.0,0.042150362318840576,0.05807660332541564
0.0,0.02,0.02,2.0,0.02,7,414,0.0,0.10140157004830917,0.11634263657957244
0.0,0.02,0.02,2.0,0.03,7,414,0.0,0.16093236714975848,0.1748836104513064
0.0,0.02,0.02,2.0,0.05,7,414,0.0,0.2838526570048309,0.2957600950118765
0.0,0.02,0.05,1.0,0.0,1,420,0.58625,0.0005083333333333334,0.0014899049881235138
0.0,0.02,0.05,1.0,0.01,1,420,0.324,0.0014357142857142856,0.0030380047505937924
0.0,0.02,0.05,1.0,0.02,1,420,0.15475,0.004525,0.006521971496437073
0.0,0.02,0.05,1.0,0.03,1,420,0.06,0.03904166666666666,0.04118171021377681
0.0,0.02,0.05,1.0,0.05,1,420,0.00375,0.15875535714285716,0.16074465558194773
0.0,0.02,0.05,1.1,0.0,1,420,0.37625,0.0010869047619047616,0.002565914489311094
0.0,0.02,0.05,1.1,0.01,1,420,0.18525,0.0026672619047619045,0.004596199524940725
0.0,0.02,0.05,1.1,0.02,1,420,0.0755,0.006174404761904763,0.008355700712589065
0.0,0.02,0.05,1.1,0.03,1,420,0.02275,0.04087440476190476,0.04309857482185275
0.0,0.02,0.05,1.1,0.05,1,420,0.0015,0.1606,0.1625902612826604
0.0,0.02,0.05,1.2,0.0,1,420,0.205,0.0021392857142857142,0.004022565320665028
0.0,0.02,0.05,1.2,0.01,1,420,0.084,0.003936309523809523,0.006102731591448918
0.0,0.02,0.05,1.2,0.02,1,420,0.02775,0.007789880952380953,0.010080760095011798
0.0,0.02,0.05,1.2,0.03,1,420,0.007,0.0427422619047619,0.04499940617577192
0.0,0.02,0.05,1.2,0.05,1,420,0.00025,0.16267619047619047,0.16466448931116395
0.0,0.02,0.05,1.3,0.0,1,420,0.0895,0.0031041666666666665,0.005259501187648397
0.0,0.02,0.05,1.3,0.01,1,420,0.02975,0.005115476190476191,0.007407957244655483
0.0,0.02,0.05,1.3,0.02,1,420,0.0075,0.009508333333333332,0.01184323040380042
0.0,0.02,0.05,1.3,0.03,1,420,0.002,0.04492738095238095,0.04719121140142524
0.0,0.02,0.05,1.3,0.05,1,420,0.0,0.16498273809523809,0.16696615201900245
0.0,0.02,0.05,1.5,0.0,1,420,0.00675,0.005436904761904762,0.0077832541567696145
0.0,0.02,0.05,1.5,0.01,1,420,0.0015,0.008682738095238096,0.011033847980997713
0.0,0.02,0.05,1.5,0.02,1,420,0.00025,0.014210119047619046,0.016551068883610354
0.0,0.02,0.05,1.5,0.03,1,420,0.0,0.05035535714285713,0.0526110451306413
0.0,0.02,0.05,1.5,0.05,1,420,0.0,0.16925238095238096,0.17122565320665084
0.0,0.02,0.05,2.0,0.0,1,420,0.0,0.015544047619047617,0.01788242280285035
0.0,0.02,0.05,2.0,0.01,1,420,0.0,0.019166071428571428,0.021495843230403877
0.0,0.02,0.05,2.0,0.02,1,420,0.0,0.02401011904761905,0.026328384798099735
0.0,0.02,0.05,2.0,0.03,1,420,0.0,0.0602,0.062432304038004705
0.0,0.02,0.05,2.0,0.05,1,420,0.0,0.17727023809523806,0.17922446555819482
0.0,0.02,0.1,1.0,0.0,0,421,,0.0,0.0
0.0,0.02,0.1,1.0,0.01,0,421,,0.0,0.0
0.0,0.02,0.1,1.0,0.02,0,421,,1.781472684085578e-06,1.7814726840370554e-06
0.0,0.02,0.1,1.0,0.03,0,421,,4.216152019002385e-05,4.21615201899872e-05
0.0,0.02,0.1,1.0,0.05,0,421,,0.005343824228028501,0.005343824228028482
0.0,0.02,0.1,1.1,0.0,0,421,,0.0,0.0
0.0,0.02,0.1,1.1,0.01,0,421,,0.0,0.0
0.0,0.02,0.1,1.1,0.02,0,421,,2.1971496437054585e-05,2.197149643712315e-05
0.0,0.02,0.1,1.1,0.03,0,421,,0.0003016627078384798,0.00030166270783849036
0.0,0.02,0.1,1.1,0.05,0,421,,0.0065237529691211365,0.0065237529691211105
0.0,0.02,0.1,1.2,0.0,0,421,,0.0,0.0
0.0,0.02,0.1,1.2,0.01,0,421,,1.247030878859852e-05,1.2470308788592455e-05
0.0,0.02,0.1,1.2,0.02,0,421,,6.235154394299286e-05,6.235154394296227e-05
0.0,0.02,0.1,1.2,0.03,0,421,,0.0007304038004750594,0.0007304038004750657
0.0,0.02,0.1,1.2,0.05,0,421,,0.007845605700712585,0.007845605700712577
0.0,0.02,0.1,1.3,0.0,0,421,,5.344418052256471e-06,5.3444180522221885e-06
0.0,0.02,0.1,1.3,0.01,0,421,,4.631828978622319e-05,4.6318289786184685e-05
0.0,0.02,0.1,1.3,0.02,0,421,,0.0002630641330166271,0.00026306413301657727
0.0,0.02,0.1,1.3,0.03,0,421,,0.0012808788598574821,0.0012808788598573928
0.0,0.02,0.1,1.3,0.05,0,421,,0.009304038004750588,0.009304038004750548
0.0,0.02,0.1,1.5,0.0,0,421,,0.00010451306413301672,0.00010451306413294947
0.0,0.02,0.1,1.5,0.01,0,421,,0.00045190023752969105,0.0004519002375297232
0.0,0.02,0.1,1.5,0.02,0,421,,0.0015653206650831353,0.0015653206650830809
0.0,0.02,0.1,1.5,0.03,0,421,,0.0029382422802850354,0.0029382422802849417
0.0,0.02,0.1,1.5,0.05,0,421,,0.012257125890736336,0.012257125890736353
0.0,0.02,0.1,2.0,0.0,0,421,,0.0037986935866983367,0.003798693586698265
0.0,0.02,0.1,2.0,0.01,0,421,,0.004380047505938242,0.004380047505938345
0.0,0.02,0.1,2.0,0.02,0,421,,0.005703681710213777,0.005703681710213737
0.0,0.02,0.1,2.0,0.03,0,421,,0.007697149643705463,0.007697149643705492
0.0,0.02,0.1,2.0,0.05,0,421,,0.020049287410926365,0.020049287410926264
0.0,0.03,0.02,1.0,0.0,7,414,0.30989285714285714,0.0033266908212560386,0.014745843230403732
0.0,0.03,0.02,1.0,0.01,7,414,0.20392857142857146,0.011024758454106273,0.02407779097387175
0.0,0.03,0.02,1.0,0.02,7,414,0.12135714285714284,0.0707487922705314,0.08418171021377674
0.0,0.03,0.02,1.0,0.03,7,414,0.06685714285714286,0.131118961352657,0.1444542755344418
0.0,0.03,0.02,1.0,0.05,7,414,0.01507142857142857,0.255137077294686,0.2672713776722091
0.0,0.03,0.02,1.1,0.0,7,414,0.18696428571428575,0.00472463768115942,0.01816448931116388
0.0,0.03,0.02,1.1,0.01,7,414,0.11253571428571428,0.013445652173913037,0.027978028503563124
0.0,0.03,0.02,1.1,0.02,7,414,0.061714285714285715,0.07319685990338164,0.08758076009501181
0.0,0.03,0.02,1.1,0.03,7,414,0.032035714285714285,0.1335199275362319,0.14739429928741088
0.0,0.03,0.02,1.1,0.05,7,414,0.006571428571428573,0.2575410628019324,0.2697767220902614
0.0,0.03,0.02,1.2,0.0,7,414,0.11328571428571428,0.0065332125603864725,0.021168052256532066
0.0,0.03,0.02,1.2,0.01,7,414,0.06557142857142857,0.016103260869565213,0.031372327790973986
0.0,0.03,0.02,1.2,0.02,7,414,0.03567857142857143,0.07579951690821256,0.09057304038004754
0.0,0.03,0.02,1.2,0.03,7,414,0.017392857142857144,0.1361413043478261,0.1502155581947745
0.0,0.03,0.02,1.2,0.05,7,414,0.0039642857142857145,0.2602427536231884,0.2724768408551069
0.0,0.03,0.02,1.3,0.0,7,414,0.07549999999999998,0.008495169082125604,0.023725653206650987
0.0,0.03,0.02,1.3,0.01,7,414,0.04257142857142857,0.018885869565217383,0.03449109263657957
0.0,0.03,0.02,1.3,0.02,7,414,0.02225,0.07857487922705314,0.09352553444180522
0.0,0.03,0.02,1.3,0.03,7,414,0.011035714285714286,0.13891304347826086,0.15304691211401433
0.0,0.03,0.02,1.3,0.05,7,414,0.002214285714285714,0.2631992753623188,0.2754133016627077
0.0,0.03,0.02,1.5,0.0,7,414,0.03314285714285714,0.012777173913043477,0.028640736342042783
0.0,0.03,0.02,1.5,0.01,7,414,0.017964285714285714,0.02492632850241545,0.040840261282660384
0.0,0.03,0.02,1.5,0.02,7,414,0.009035714285714286,0.08456038647342994,0.09963123515439432
0.0,0.03,0.02,1.5,0.03,7,414,0.004107142857142857,0.14501871980676329,0.15916627078384804
0.0,0.03,0.02,1.5,0.05,7,414,0.0004642857142857143,0.2697524154589372,0.28188657957244667
0.0,0.03,0.02,2.0,0.0,7,414,0.002428571428571429,0.026734299516908207,0.04287648456057014
0.0,0.03,0.02,2.0,0.01,7,414,0.0009285714285714286,0.043125,0.059019596199525015
0.0,0.03,0.02,2.0,0.02,7,414,0.00025,0.10290821256038647,0.11782007125890748
0.0,0.03,0.02,2.0,0.03,7,414,0.00014285714285714287,0.1636183574879227,0.17752256532066502
0.0,0.03,0.02,2.0,0.05,7,414,0.0,0.2890821256038647,0.30090261282660336
0.0,0.03,0.05,1.0,0.0,1,420,0.7,0.0007226190476190476,0.001433491686460786
0.0,0.03,0.05,1.0,0.01,1,420,0.48875,0.001463690476190476,0.002674584323040463
0.0,0.03,0.05,1.0,0.02,1,420,0.30875,0.004083928571428572,0.00571615201900233
0.0,0.03,0.05,1.0,0.03,1,420,0.1835,0.038757738095238095,0.04060510688836094
0.0,0.03,0.05,1.0,0.05,1,420,0.04525,0.16100416666666664,0.16288954869358674
0.0,0.03,0.05,1.1,0.0,1,420,0.52275,0.0011446428571428575,0.0022755344418051715
0.0,0.03,0.05,1.1,0.01,1,420,0.343,0.0024267857142857142,0.0039815914489310655
0.0,0.03,0.05,1.1,0.02,1,420,0.20875,0.0056255952380952386,0.007491686460807556
0.0,0.03,0.05,1.1,0.03,1,420,0.11825,0.04067083333333333,0.04266864608076015
0.0,0.03,0.05,1.1,0.05,1,420,0.02425,0.16284285714285715,0.1647737529691211
0.0,0.03,0.05,1.2,0.0,1,420,0.36575,0.001974404761904762,0.0034762470308787874
0.0,0.03,0.05,1.2,0.01,1,420,0.2225,0.0036220238095238102,0.005460213776722012
0.0,0.03,0.05,1.2,0.02,1,420,0.13025,0.007292261904761903,0.009340855106888424
0.0,0.03,0.05,1.2,0.03,1,420,0.0595,0.04267619047619047,0.044808788598574845
0.0,0.03,0.05,1.2,0.05,1,420,0.01275,0.16483392857142856,0.16678741092636573
0.0,0.03,0.05,1.3,0.0,1,420,0.2295,0.0029363095238095238,0.004759501187648563
0.0,0.03,0.05,1.3,0.01,1,420,0.135,0.004936309523809523,0.00697921615201913
0.0,0.03,0.05,1.3,0.02,1,420,0.0625,0.00914047619047619,0.011345605700712635
0.0,0.03,0.05,1.3,0.03,1,420,0.02825,0.04489523809523809,0.0470967933491685
0.0,0.03,0.05,1.3,0.05,1,420,0.00625,0.16698035714285714,0.16894418052256532
0.0,0.03,0.05,1.5,0.0,1,420,0.0585,0.0054857142857142865,0.007709026128265961
0.0,0.03,0.05,1.5,0.01,1,420,0.0275,0.008390476190476191,0.010680522565320594
0.0,0.03,0.05,1.5,0.02,1,420,0.01275,0.013420238095238096,0.015733372921615252
0.0,0.03,0.05,1.5,0.03,1,420,0.00525,0.04981369047619047,0.05205819477434681
0.0,0.03,0.05,1.5,0.05,1,420,0.00025,0.1712815476190476,0.1732494061757719
0.0,0.03,0.05,2.0,0.0,1,420,0.00025,0.014589285714285713,0.016929334916864658
0.0,0.03,0.05,2.0,0.01,1,420,0.0,0.01822559523809524,0.020557600950118826
0.0,0.03,0.05,2.0,0.02,1,420,0.0,0.023685714285714286,0.026004750593824233
0.0,0.03,0.05,2.0,0.03,1,420,0.0,0.06066785714285714,0.06289904988123518
0.0,0.03,0.05,2.0,0.05,1,420,0.0,0.18017321428571428,0.18212054631828967
0.0,0.03,0.1,1.0,0.0,0,421,,0.0,0.0
0.0,0.03,0.1,1.0,0.01,0,421,,0.0,0.0
0.0,0.03,0.1,1.0,0.02,0,421,,4.750593824228033e-06,4.750593824209837e-06
0.0,0.03,0.1,1.0,0.03,0,421,,0.0001407363420427554,0.00014073634204281316
0.0,0.03,0.1,1.0,0.05,0,421,,0.005040380047505934,0.005040380047505955
0.0,0.03,0.1,1.1,0.0,0,421,,0.0,0.0
0.0,0.03,0.1,1.1,0.01,0,421,,0.0,0.0
0.0,0.03,0.1,1.1,0.02,0,421,,8.907363420427549e-05,8.907363420429526e-05
0.0,0.03,0.1,1.1,0.03,0,421,,0.00039608076009501177,0.0003960807600950078
0.0,0.03,0.1,1.1,0.05,0,421,,0.0060878859857482134,0.006087885985748165
0.0,0.03,0.1,1.2,0.0,0,421,,0.0,0.0
0.0,0.03,0.1,1.2,0.01,0,421,,5.225653206650836e-05,5.225653206653025e-05
0.0,0.03,0.1,1.2,0.02,0,421,,0.00019239904988123507,0.00019239904988133105
0.0,0.03,0.1,1.2,0.03,0,421,,0.0007957244655581947,0.0007957244655583118
0.0,0.03,0.1,1.2,0.05,0,421,,0.00728741092636579,0.007287410926365756
0.0,0.03,0.1,1.3,0.0,0,421,,2.0190023752969008e-05,2.0190023753086095e-05
0.0,0.03,0.1,1.3,0.01,0,421,,0.00015676959619952482,0.00015676959619959074
0.0,0.03,0.1,1.3,0.02,0,421,,0.0004358669833729216,0.0004358669833728346
0.0,0.03,0.1,1.3,0.03,0,421,,0.0012517814726840852,0.0012517814726842325
0.0,0.03,0.1,1.3,0.05,0,421,,0.008627672209026122,0.00862767220902616
0.0,0.03,0.1,1.5,0.0,0,421,,0.00026959619952494045,0.0002695961995249352
0.0,0.03,0.1,1.5,0.01,0,421,,0.0006264845605700713,0.0006264845605700176
0.0,0.03,0.1,1.5,0.02,0,421,,0.0014887173396674585,0.001488717339667489
0.0,0.03,0.1,1.5,0.03,0,421,,0.0025552256532066506,0.0025552256532065387
0.0,0.03,0.1,1.5,0.05,0,421,,0.01151722090261282,0.011517220902612868
0.0,0.03,0.1,2.0,0.0,0,421,,0.0032482185273159142,0.003248218527315938
0.0,0.03,0.1,2.0,0.01,0,421,,0.004030285035629453,0.004030285035629522
0.0,0.03,0.1,2.0,0.02,0,421,,0.005436460807600949,0.005436460807601073
0.0,0.03,0.1,2.0,0.03,0,421,,0.007489311163895487,0.007489311163895507
0.0,0.03,0.1,2.0,0.05,0,421,,0.01974465558194774,0.019744655581947712
0.05,0.0,0.02,1.0,0.0,7,414,0.08646428571428573,0.0005573671497584538,0.01573752969121134
0.05,0.0,0.02,1.0,0.01,7,414,0.02157142857142857,0.00963828502415459,0.025746437054631865
0.05,0.0,0.02,1.0,0.02,7,414,0.002428571428571429,0.07527777777777778,0.09061282660332548
0.05,0.0,0.02,1.0,0.03,7,414,0.00017857142857142857,0.12881340579710146,0.14329572446555816
0.05,0.0,0.02,1.0,0.05,7,414,0.0,0.24667210144927537,0.25919774346793356
0.05,0.0,0.02,1.1,0.0,7,414,0.003642857142857143,0.004317028985507247,0.020811757719714996
0.05,0.0,0.02,1.1,0.01,7,414,0.00025,0.011808574879227053,0.028235154394299244
0.05,0.0,0.02,1.1,0.02,7,414,3.571428571428572e-05,0.0781177536231884,0.09344536817102145
0.05,0.0,0.02,1.1,0.03,7,414,0.0,0.13196195652173912,0.146394893111639
0.05,0.0,0.02,1.1,0.05,7,414,0.0,0.24844021739130434,0.2609364608076009
0.05,0.0,0.02,1.2,0.0,7,414,3.571428571428572e-05,0.008198067632850243,0.024688242280284878
0.05,0.0,0.02,1.2,0.01,7,414,0.0,0.012182971014492753,0.028607482185273092
0.05,0.0,0.02,1.2,0.02,7,414,0.0,0.07964673913043477,0.09494952494061759
0.05,0.0,0.02,1.2,0.03,7,414,0.0,0.1339812801932367,0.14838064133016626
0.05,0.0,0.02,1.2,0.05,7,414,0.0,0.24881944444444443,0.2613093824228029
0.05,0.0,0.02,1.3,0.0,7,414,0.0,0.009540458937198067,0.02600890736342043
0.05,0.0,0.02,1.3,0.01,7,414,0.0,0.013934178743961353,0.030329572446555986
0.05,0.0,0.02,1.3,0.02,7,414,0.0,0.08092391304347828,0.09620546318289791
0.05,0.0,0.02,1.3,0.03,7,414,0.0,0.1381213768115942,0.15245190023752975
0.05,0.0,0.02,1.3,0.05,7,414,0.0,0.24956884057971016,0.2620463182897863
0.05,0.0,0.02,1.5,0.0,7,414,0.0,0.009783212560386475,0.026247624703087946
0.05,0.0,0.02,1.5,0.01,7,414,0.0,0.022792270531400965,0.039040380047505985
0.05,0.0,0.02,1.5,0.02,7,414,0.0,0.08832850241545893,0.10348693586698332
0.05,0.0,0.02,1.5,0.03,7,414,0.0,0.14793840579710144,0.16210570071258912
0.05,0.0,0.02,1.5,0.05,7,414,0.0,0.2545042270531401,0.26689964370546304
0.05,0.0,0.02,2.0,0.0,7,414,0.0,0.02685144927536232,0.04303206650831348
0.05,0.0,0.02,2.0,0.01,7,414,0.0,0.04347946859903382,0.05938361045130636
0.05,0.0,0.02,2.0,0.02,7,414,0.0,0.10918055555555556,0.12399228028503573
0.05,0.0,0.02,2.0,0.03,7,414,0.0,0.16493357487922705,0.17881828978622338
0.05,0.0,0.02,2.0,0.05,7,414,0.0,0.27121195652173913,0.28332957244655577
0.05,0.0,0.05,1.0,0.0,1,420,0.26675,2.499999999999989e-05,0.0017666270783847082
0.05,0.0,0.05,1.0,0.01,1,420,0.0,0.0012380952380952382,0.0036104513064132426
0.05,0.0,0.05,1.0,0.02,1,420,0.0,0.0067565476190476195,0.009115795724465636
0.05,0.0,0.05,1.0,0.03,1,420,0.0,0.04276488095238095,0.04503859857482173
0.05,0.0,0.05,1.0,0.05,1,420,0.0,0.15263214285714288,0.15464489311163898
0.05,0.0,0.05,1.1,0.0,1,420,0.007,0.0009202380952380952,0.003276722090261308
0.05,0.0,0.05,1.1,0.01,1,420,0.0,0.004211904761904762,0.006577197149643665
0.05,0.0,0.05,1.1,0.02,1,420,0.0,0.008638690476190477,0.010993467933491652
0.05,0.0,0.05,1.1,0.03,1,420,0.0,0.04612440476190476,0.048390142517814705
0.05,0.0,0.05,1.1,0.05,1,420,0.0,0.15478809523809522,0.15679572446555812
0.05,0.0,0.05,1.2,0.0,1,420,0.0,0.0026970238095238097,0.005065914489311152
0.05,0.0,0.05,1.2,0.01,1,420,0.0,0.004760714285714286,0.007124703087886042
0.05,0.0,0.05,1.2,0.02,1,420,0.0,0.009460714285714286,0.011813539192399025
0.05,0.0,0.05,1.2,0.03,1,420,0.0,0.04751785714285714,0.04978028503562937
0.05,0.0,0.05,1.2,0.05,1,420,0.0,0.15947916666666667,0.1614756532066508
0.05,0.0,0.05,1.3,0.0,1,420,0.0,0.004272619047619048,0.006637767220902591
0.05,0.0,0.05,1.3,0.01,1,420,0.0,0.0053505952380952385,0.00771318289786227
0.05,0.0,0.05,1.3,0.02,1,420,0.0,0.009535714285714288,0.01188836104513058
0.05,0.0,0.05,1.3,0.03,1,420,0.0,0.04796666666666667,0.050228028503563005
0.05,0.0,0.05,1.3,0.05,1,420,0.0,0.16383690476190474,0.16582304038004758
0.05,0.0,0.05,1.5,0.0,1,420,0.0,0.005085119047619048,0.007448337292161544
0.05,0.0,0.05,1.5,0.01,1,420,0.0,0.0099875,0.012339073634204278
0.05,0.0,0.05,1.5,0.02,1,420,0.0,0.0136,0.015942992874109274
0.05,0.0,0.05,1.5,0.03,1,420,0.0,0.05669821428571428,0.058938836104513004
0.05,0.0,0.05,1.5,0.05,1,420,0.0,0.16876488095238093,0.1707393111638955
0.05,0.0,0.05,2.0,0.0,1,420,0.0,0.01676488095238095,0.01910035629453677
0.05,0.0,0.05,2.0,0.01,1,420,0.0,0.021327380952380952,0.023652019002375235
0.05,0.0,0.05,2.0,0.02,1,420,0.0,0.02378988095238095,0.02610866983372928
0.05,0.0,0.05,2.0,0.03,1,420,0.0,0.06347678571428571,0.06570130641330174
0.05,0.0,0.05,2.0,0.05,1,420,0.0,0.17494345238095235,0.17690320665083137
0.05,0.0,0.1,1.0,0.0,0,421,,0.0,0.0
0.05,0.0,0.1,1.0,0.01,0,421,,0.0,0.0
0.05,0.0,0.1,1.0,0.02,0,421,,0.0,0.0
0.05,0.0,0.1,1.0,0.03,0,421,,0.0,0.0
0.05,0.0,0.1,1.0,0.05,0,421,,0.007125890736342043,0.0071258907363420665
0.05,0.0,0.1,1.1,0.0,0,421,,0.0,0.0
0.05,0.0,0.1,1.1,0.01,0,421,,0.0,0.0
0.05,0.0,0.1,1.1,0.02,0,421,,0.0,0.0
0.05,0.0,0.1,1.1,0.03,0,421,,2.3752969121140163e-06,2.375296912049407e-06
0.05,0.0,0.1,1.1,0.05,0,421,,0.007127672209026129,0.007127672209026215
0.05,0.0,0.1,1.2,0.0,0,421,,0.0,0.0
0.05,0.0,0.1,1.2,0.01,0,421,,0.0,0.0
0.05,0.0,0.1,1.2,0.02,0,421,,0.0,0.0
0.05,0.0,0.1,1.2,0.03,0,421,,0.00032304038004750597,0.0003230403800473791
0.05,0.0,0.1,1.2,0.05,0,421,,0.007453681710213777,0.0074536817102138775
0.05,0.0,0.1,1.3,0.0,0,421,,0.0,0.0
0.05,0.0,0.1,1.3,0.01,0,421,,0.0,0.0
0.05,0.0,0.1,1.3,0.02,0,421,,1.959619952494057e-05,1.95961995248517e-05
0.05,0.0,0.1,1.3,0.03,0,421,,0.0016342042755344416,0.001634204275534401
0.05,0.0,0.1,1.3,0.05,0,421,,0.009812351543942993,0.009812351543942888
0.05,0.0,0.1,1.5,0.0,0,421,,0.0,0.0
0.05,0.0,0.1,1.5,0.01,0,421,,9.204275534441794e-05,9.204275534435702e-05
0.05,0.0,0.1,1.5,0.02,0,421,,0.0017339667458432307,0.0017339667458432517
0.05,0.0,0.1,1.5,0.03,0,421,,0.0033871733966745845,0.003387173396674714
0.05,0.0,0.1,1.5,0.05,0,421,,0.0118646080760095,0.01186460807600953
0.05,0.0,0.1,2.0,0.0,0,421,,0.004630047505938242,0.004630047505938206
0.05,0.0,0.1,2.0,0.01,0,421,,0.00490855106888361,0.00490855106888366
0.05,0.0,0.1,2.0,0.02,0,421,,0.006742280285035629,0.006742280285035651
0.05,0.0,0.1,2.0,0.03,0,421,,0.007551068883610452,0.007551068883610346
0.05,0.0,0.1,2.0,0.05,0,421,,0.02006057007125891,0.020060570071258832
0.05,0.01,0.02,1.0,0.0,7,414,0.1502857142857143,0.0025929951690821253,0.01667814726840855
0.05,0.01,0.02,1.0,0.01,7,414,0.04285714285714286,0.009729468599033814,0.02548218527315904
0.05,0.01,0.02,1.0,0.02,7,414,0.009285714285714286,0.071243961352657,0.08653206650831358
0.05,0.01,0.02,1.0,0.03,7,414,0.0013571428571428571,0.1296340579710145,0.14408313539192397
0.05,0.01,0.02,1.0,0.05,7,414,0.0,0.2446038647342995,0.25716389548693575
0.05,0.01,0.02,1.1,0.0,7,414,0.032,0.004707729468599034,0.02072446555819485
0.05,0.01,0.02,1.1,0.01,7,414,0.004214285714285715,0.012408212560386472,0.02875890736342046
0.05,0.01,0.02,1.1,0.02,7,414,0.00025,0.07340157004830918,0.08880403800475067
0.05,0.01,0.02,1.1,0.03,7,414,0.0,0.13179710144927534,0.14623277909738708
0.05,0.01,0.02,1.1,0.05,7,414,0.0,0.24701871980676327,0.25953859857482175
0.05,0.01,0.02,1.2,0.0,7,414,0.007964285714285715,0.006924516908212561,0.02330403800475067
0.05,0.01,0.02,1.2,0.01,7,414,0.0006071428571428572,0.01463707729468599,0.031010688836104472
0.05,0.01,0.02,1.2,0.02,7,414,0.0,0.075506038647343,0.0908776722090261
0.05,0.01,0.02,1.2,0.03,7,414,0.0,0.13437258454106282,0.1487654394299287
0.05,0.01,0.02,1.2,0.05,7,414,0.0,0.24957608695652175,0.26205344418052257
0.05,0.01,0.02,1.3,0.0,7,414,0.002428571428571429,0.008585144927536233,0.025029097387173294
0.05,0.01,0.02,1.3,0.01,7,414,3.571428571428572e-05,0.01672282608695652,0.0330712589073634
0.05,0.01,0.02,1.3,0.02,7,414,0.0,0.0779830917874396,0.09331353919239893
0.05,0.01,0.02,1.3,0.03,7,414,0.0,0.13743780193236713,0.15177969121140156
0.05,0.01,0.02,1.3,0.05,7,414,0.0,0.2524263285024155,0.26485629453681714
0.05,0.01,0.02,1.5,0.0,7,414,0.00010714285714285715,0.01126328502415459,0.027701306413301596
0.05,0.01,0.02,1.5,0.01,7,414,0.0,0.02195772946859903,0.0382197149643706
0.05,0.01,0.02,1.5,0.02,7,414,0.0,0.08473913043478261,0.09995724465558198
0.05,0.01,0.02,1.5,0.03,7,414,0.0,0.14447041062801932,0.15869536817102137
0.05,0.01,0.02,1.5,0.05,7,414,0.0,0.25880193236714977,0.2711258907363421
0.05,0.01,0.02,2.0,0.0,7,414,0.0,0.02565821256038647,0.0418586698337291
0.05,0.01,0.02,2.0,0.01,7,414,0.0,0.0416147342995169,0.057549881235154254
0.05,0.01,0.02,2.0,0.02,7,414,0.0,0.10343236714975845,0.11833966745843227
0.05,0.01,0.02,2.0,0.03,7,414,0.0,0.16176328502415457,0.1757007125890736
0.05,0.01,0.02,2.0,0.05,7,414,0.0,0.2774468599033817,0.28946080760095017
0.05,0.01,0.05,1.0,0.0,1,420,0.42575,0.00022500000000000008,0.0015884798099762287
0.05,0.01,0.05,1.0,0.01,1,420,0.117,0.0015785714285714283,0.0036722090261281926
0.05,0.01,0.05,1.0,0.02,1,420,0.017,0.005451190476190476,0.0077731591448930715
0.05,0.01,0.05,1.0,0.03,1,420,0.0005,0.04073630952380952,0.043013657957244655
0.05,0.01,0.05,1.0,0.05,1,420,0.0,0.15784464285714284,0.1598450118764846
0.05,0.01,0.05,1.1,0.0,1,420,0.176,0.0011214285714285714,0.003076009501187693
0.05,0.01,0.05,1.1,0.01,1,420,0.027,0.003344642857142857,0.005647862232779133
0.05,0.01,0.05,1.1,0.02,1,420,0.001,0.007213690476190476,0.009569477434679285
0.05,0.01,0.05,1.1,0.03,1,420,0.0,0.04211904761904761,0.04439429928741079
0.05,0.01,0.05,1.1,0.05,1,420,0.0,0.1596625,0.1616585510688836
0.05,0.01,0.05,1.2,0.0,1,420,0.04375,0.00258452380952381,0.004849762470308772
0.05,0.01,0.05,1.2,0.01,1,420,0.00275,0.004619642857142857,0.006977434679334871
0.05,0.01,0.05,1.2,0.02,1,420,0.0,0.008475595238095239,0.010830760095011938
0.05,0.01,0.05,1.2,0.03,1,420,0.0,0.043576785714285714,0.04584857482185267
0.05,0.01,0.05,1.2,0.05,1,420,0.0,0.16214464285714286,0.1641347980997624
0.05,0.01,0.05,1.3,0.0,1,420,0.00725,0.0036553571428571425,0.006004750593824326
0.05,0.01,0.05,1.3,0.01,1,420,0.0,0.0055345238095238095,0.007896674584323082
0.05,0.01,0.05,1.3,0.02,1,420,0.0,0.009798214285714285,0.012150237529691243
0.05,0.01,0.05,1.3,0.03,1,420,0.0,0.045596428571428566,0.047863420427553316
0.05,0.01,0.05,1.3,0.05,1,420,0.0,0.1650202380952381,0.16700356294536822
0.05,0.01,0.05,1.5,0.0,1,420,0.0,0.005601785714285714,0.007963776722090143
0.05,0.01,0.05,1.5,0.01,1,420,0.0,0.008808333333333333,0.011162707838479835
0.05,0.01,0.05,1.5,0.02,1,420,0.0,0.014841666666666668,0.01718171021377668
0.05,0.01,0.05,1.5,0.03,1,420,0.0,0.05198214285714286,0.05423396674584313
0.05,0.01,0.05,1.5,0.05,1,420,0.0,0.168875,0.1708491686460808
0.05,0.01,0.05,2.0,0.0,1,420,0.0,0.016474404761904763,0.01881057007125897
0.05,0.01,0.05,2.0,0.01,1,420,0.0,0.020433333333333335,0.02276009501187648
0.05,0.01,0.05,2.0,0.02,1,420,0.0,0.023919047619047618,0.026237529691211403
0.05,0.01,0.05,2.0,0.03,1,420,0.0,0.06017142857142857,0.062403800475059334
0.05,0.01,0.05,2.0,0.05,1,420,0.0,0.1769339285714286,0.17888895486935885
0.05,0.01,0.1,1.0,0.0,0,421,,0.0,0.0
0.05,0.01,0.1,1.0,0.01,0,421,,0.0,0.0
0.05,0.01,0.1,1.0,0.02,0,421,,0.0,0.0
0.05,0.01,0.1,1.0,0.03,0,421,,3.503562945368181e-05,3.5035629453616934e-05
0.05,0.01,0.1,1.0,0.05,0,421,,0.006103325415676957,0.00610332541567693
0.05,0.01,0.1,1.1,0.0,0,421,,0.0,0.0
0.05,0.01,0.1,1.1,0.01,0,421,,0.0,0.0
0.05,0.01,0.1,1.1,0.02,0,421,,0.0,0.0
0.05,0.01,0.1,1.1,0.03,0,421,,0.0003117577197149643,0.0003117577197150334
0.05,0.01,0.1,1.1,0.05,0,421,,0.007238123515439427,0.00723812351543951
0.05,0.01,0.1,1.2,0.0,0,421,,0.0,0.0
0.05,0.01,0.1,1.2,0.01,0,421,,0.0,0.0
0.05,0.01,0.1,1.2,0.02,0,421,,2.0783847980997446e-05,2.0783847980876402e-05
0.05,0.01,0.1,1.2,0.03,0,421,,0.0007844418052256531,0.000784441805225633
0.05,0.01,0.1,1.2,0.05,0,421,,0.008590855106888359,0.008590855106888284
0.05,0.01,0.1,1.3,0.0,0,421,,0.0,0.0
0.05,0.01,0.1,1.3,0.01,0,421,,5.938242280284381e-07,5.938242280123518e-07
0.05,0.01,0.1,1.3,0.02,0,421,,0.0002666270783847983,0.00026662707838487343
0.05,0.01,0.1,1.3,0.03,0,421,,0.001357482185273159,0.0013574821852732066
0.05,0.01,0.1,1.3,0.05,0,421,,0.010181710213776719,0.010181710213776674
0.05,0.01,0.1,1.5,0.0,0,421,,1.247030878859852e-05,1.2470308788592455e-05
0.05,0.01,0.1,1.5,0.01,0,421,,0.00040736342042755366,0.0004073634204276866
0.05,0.01,0.1,1.5,0.02,0,421,,0.0016793349168646083,0.001679334916864561
0.05,0.01,0.1,1.5,0.03,0,421,,0.003469714964370546,0.0034697149643705405
0.05,0.01,0.1,1.5,0.05,0,421,,0.013041567695961993,0.013041567695961986
0.05,0.01,0.1,2.0,0.0,0,421,,0.004312945368171021,0.004312945368170951
0.05,0.01,0.1,2.0,0.01,0,421,,0.0048877672209026125,0.004887767220902561
0.05,0.01,0.1,2.0,0.02,0,421,,0.006206650831353919,0.006206650831353966
0.05,0.01,0.1,2.0,0.03,0,421,,0.007925771971496435,0.007925771971496465
0.05,0.01,0.1,2.0,0.05,0,421,,0.019989904988123513,0.019989904988123475
0.05,0.02,0.02,1.0,0.0,7,414,0.24739285714285714,0.003208333333333333,0.01566864608076013
0.05,0.02,0.02,1.0,0.01,7,414,0.12892857142857142,0.01059420289855072,0.024901425178147196
0.05,0.02,0.02,1.0,0.02,7,414,0.05682142857142857,0.06958997584541061,0.08411520190023758
0.05,0.02,0.02,1.0,0.03,7,414,0.020214285714285716,0.12895108695652172,0.1430979809976246
0.05,0.02,0.02,1.0,0.05,7,414,0.0016785714285714286,0.24961111111111112,0.2620599762470308
0.05,0.02,0.02,1.1,0.0,7,414,0.11842857142857144,0.004765700483091787,0.019344418052256507
0.05,0.02,0.02,1.1,0.01,7,414,0.05053571428571428,0.012954106280193235,0.028525534441805278
0.05,0.02,0.02,1.1,0.02,7,414,0.019214285714285715,0.07206702898550724,0.08717636579572452
0.05,0.02,0.02,1.1,0.03,7,414,0.005035714285714287,0.13134239130434783,0.1457019002375297
0.05,0.02,0.02,1.1,0.05,7,414,0.0003928571428571429,0.2519492753623188,0.26438064133016614
0.05,0.02,0.02,1.2,0.0,7,414,0.05971428571428572,0.006592995169082125,0.022117577197149685
0.05,0.02,0.02,1.2,0.01,7,414,0.023357142857142858,0.015585748792270529,0.03156532066508311
0.05,0.02,0.02,1.2,0.02,7,414,0.007214285714285715,0.0745960144927536,0.08986282660332534
0.05,0.02,0.02,1.2,0.03,7,414,0.0023214285714285715,0.1338653381642512,0.14822802850356298
0.05,0.02,0.02,1.2,0.05,7,414,0.00017857142857142857,0.2546660628019323,0.26705581947743484
0.05,0.02,0.02,1.3,0.0,7,414,0.03396428571428571,0.008509057971014493,0.02442992874109251
0.05,0.02,0.02,1.3,0.01,7,414,0.013642857142857142,0.018166062801932364,0.03426425178147274
0.05,0.02,0.02,1.3,0.02,7,414,0.003678571428571429,0.07719625603864734,0.09247862232779092
0.05,0.02,0.02,1.3,0.03,7,414,0.001392857142857143,0.13656823671497584,0.1509014251781472
0.05,0.02,0.02,1.3,0.05,7,414,7.142857142857143e-05,0.25762801932367146,0.2699703087885986
0.05,0.02,0.02,1.5,0.0,7,414,0.01057142857142857,0.012420893719806763,0.02866567695962008
0.05,0.02,0.02,1.5,0.01,7,414,0.0030714285714285717,0.023856280193236715,0.040035629453681665
0.05,0.02,0.02,1.5,0.02,7,414,0.001142857142857143,0.08320229468599033,0.09842695961995251
0.05,0.02,0.02,1.5,0.03,7,414,0.0003214285714285714,0.1428520531400966,0.15709857482185274
0.05,0.02,0.02,1.5,0.05,7,414,0.0,0.26441304347826083,0.27664370546318284
0.05,0.02,0.02,2.0,0.0,7,414,0.00017857142857142857,0.02598913043478261,0.0421811163895488
0.05,0.02,0.02,2.0,0.01,7,414,3.571428571428572e-05,0.042125603864734296,0.05805166270783846
0.05,0.02,0.02,2.0,0.02,7,414,0.0,0.10139492753623189,0.11633610451306431
0.05,0.02,0.02,2.0,0.03,7,414,0.0,0.1609921497584541,0.1749423990498813
0.05,0.02,0.02,2.0,0.05,7,414,0.0,0.2840344202898551,0.2959388361045131
0.05,0.02,0.05,1.0,0.0,1,420,0.59425,0.0005434523809523808,0.0015059382422802914
0.05,0.02,0.05,1.0,0.01,1,420,0.33225,0.0015309523809523807,0.0031134204275533595
0.05,0.02,0.05,1.0,0.02,1,420,0.16425,0.004566666666666666,0.006540973871733913
0.05,0.02,0.05,1.0,0.03,1,420,0.06525,0.0390422619047619,0.04116983372921612
0.05,0.02,0.05,1.0,0.05,1,420,0.007,0.15875297619047618,0.1607345605700713
0.05,0.02,0.05,1.1,0.0,1,420,0.3825,0.0011833333333333333,0.0026472684085510068
0.05,0.02,0.05,1.1,0.01,1,420,0.19525,0.0026827380952380952,0.00458788598574833
0.05,0.02,0.05,1.1,0.02,1,420,0.08275,0.006182738095238095,0.008346793349168657
0.05,0.02,0.05,1.1,0.03,1,420,0.0315,0.04085654761904762,0.04305997624703084
0.05,0.02,0.05,1.1,0.05,1,420,0.003,0.16057142857142856,0.16255819477434685
0.05,0.02,0.05,1.2,0.0,1,420,0.2205,0.002129761904761905,0.003976247030878843
0.05,0.02,0.05,1.2,0.01,1,420,0.0965,0.003929166666666666,0.006065914489311264
0.05,0.02,0.05,1.2,0.02,1,420,0.03625,0.007817857142857142,0.010088479809976292
0.05,0.02,0.05,1.2,0.03,1,420,0.014,0.042766666666666654,0.0450071258907363
0.05,0.02,0.05,1.2,0.05,1,420,0.001,0.16262678571428568,0.16461342042755345
0.05,0.02,0.05,1.3,0.0,1,420,0.10425,0.0031434523809523813,0.005263657957244705
0.05,0.02,0.05,1.3,0.01,1,420,0.03975,0.0051952380952380965,0.0074637767220901985
0.05,0.02,0.05,1.3,0.02,1,420,0.01575,0.009639880952380952,0.01195486935866974
0.05,0.02,0.05,1.3,0.03,1,420,0.005,0.04492559523809524,0.04718230403800472
0.05,0.02,0.05,1.3,0.05,1,420,0.0,0.1649607142857143,0.16694418052256532
0.05,0.02,0.05,1.5,0.0,1,420,0.01475,0.005670238095238095,0.007997030878859945
0.05,0.02,0.05,1.5,0.01,1,420,0.00525,0.008834523809523808,0.011176365795724452
0.05,0.02,0.05,1.5,0.02,1,420,0.0015,0.014226785714285713,0.016564726840855082
0.05,0.02,0.05,1.5,0.03,1,420,0.0,0.050225595238095236,0.05248159144893105
0.05,0.02,0.05,1.5,0.05,1,420,0.0,0.1691845238095238,0.17115795724465555
0.05,0.02,0.05,2.0,0.0,1,420,0.0,0.015530357142857144,0.017868764845605623
0.05,0.02,0.05,2.0,0.01,1,420,0.0,0.019127976190476185,0.021457838479809976
0.05,0.02,0.05,2.0,0.02,1,420,0.0,0.024001190476190478,0.026319477434679217
0.05,0.02,0.05,2.0,0.03,1,420,0.0,0.06019345238095238,0.06242577197149646
0.05,0.02,0.05,2.0,0.05,1,420,0.0,0.17724583333333335,0.17920011876484554
0.05,0.02,0.1,1.0,0.0,0,421,,0.0,0.0
0.05,0.02,0.1,1.0,0.01,0,421,,0.0,0.0
0.05,0.02,0.1,1.0,0.02,0,421,,2.9691211401424545e-06,2.9691211401727813e-06
0.05,0.02,0.1,1.0,0.03,0,421,,5.997624703087885e-05,5.9976247030912866e-05
0.05,0.02,0.1,1.0,0.05,0,421,,0.0053871733966745815,0.005387173396674494
0.05,0.02,0.1,1.1,0.0,0,421,,0.0,0.0
0.05,0.02,0.1,1.1,0.01,0,421,,0.0,0.0
0.05,0.02,0.1,1.1,0.02,0,421,,2.078384798099771e-05,2.0783847980876402e-05
0.05,0.02,0.1,1.1,0.03,0,421,,0.00031472684085510677,0.00031472684085509517
0.05,0.02,0.1,1.1,0.05,0,421,,0.006588479809976245,0.006588479809976122
0.05,0.02,0.1,1.2,0.0,0,421,,0.0,0.0
0.05,0.02,0.1,1.2,0.01,0,421,,1.0688836104512943e-05,1.06888361045554e-05
0.05,0.02,0.1,1.2,0.02,0,421,,8.19477434679337e-05,8.1947743467925e-05
0.05,0.02,0.1,1.2,0.03,0,421,,0.0007458432304038004,0.0007458432304037199
0.05,0.02,0.1,1.2,0.05,0,421,,0.007897268408551065,0.007897268408551095
0.05,0.02,0.1,1.3,0.0,0,421,,7.125890736342049e-06,7.125890736259244e-06
0.05,0.02,0.1,1.3,0.01,0,421,,4.86935866983372e-05,4.869358669823409e-05
0.05,0.02,0.1,1.3,0.02,0,421,,0.0003396674584323041,0.0003396674584323911
0.05,0.02,0.1,1.3,0.03,0,421,,0.001291567695961995,0.0012915676959620592
0.05,0.02,0.1,1.3,0.05,0,421,,0.00934263657957244,0.00934263657957246
0.05,0.02,0.1,1.5,0.0,0,421,,0.00013479809976247022,0.00013479809976257862
0.05,0.02,0.1,1.5,0.01,0,421,,0.0005712589073634202,0.0005712589073634255
0.05,0.02,0.1,1.5,0.02,0,421,,0.0015973871733966746,0.001597387173396747
0.05,0.02,0.1,1.5,0.03,0,421,,0.0029346793349168646,0.0029346793349168676
0.05,0.02,0.1,1.5,0.05,0,421,,0.012286223277909736,0.012286223277909736
0.05,0.02,0.1,2.0,0.0,0,421,,0.003654394299287411,0.003654394299287378
0.05,0.02,0.1,2.0,0.01,0,421,,0.004432304038004751,0.004432304038004875
0.05,0.02,0.1,2.0,0.02,0,421,,0.005750593824228029,0.005750593824227823
0.05,0.02,0.1,2.0,0.03,0,421,,0.007830760095011876,0.007830760095011824
0.05,0.02,0.1,2.0,0.05,0,421,,0.02018052256532066,0.020180522565320658
0.05,0.03,0.02,1.0,0.0,7,414,0.3177142857142857,0.0033291062801932367,0.014618171021377524
0.05,0.03,0.02,1.0,0.01,7,414,0.2124642857142857,0.01110265700483091,0.024012470308788725
0.05,0.03,0.02,1.0,0.02,7,414,0.12835714285714284,0.07100724637681159,0.08431947743467938
0.05,0.03,0.02,1.0,0.03,7,414,0.07267857142857144,0.13128985507246377,0.14452553444180516
0.05,0.03,0.02,1.0,0.05,7,414,0.018357142857142857,0.25555797101449274,0.26763064133016634
0.05,0.03,0.02,1.1,0.0,7,414,0.19903571428571423,0.0047844202898550715,0.01802256532066504
0.05,0.03,0.02,1.1,0.01,7,414,0.12100000000000001,0.013491545893719802,0.02788242280285036
0.05,0.03,0.02,1.1,0.02,7,414,0.0672857142857143,0.07340036231884058,0.08768824228028493
0.05,0.03,0.02,1.1,0.03,7,414,0.03628571428571429,0.1337336956521739,0.14753384798099767
0.05,0.03,0.02,1.1,0.05,7,414,0.007464285714285714,0.25800845410628015,0.2702214964370545
0.05,0.03,0.02,1.2,0.0,7,414,0.12285714285714285,0.0065072463768115945,0.02098337292161534
0.05,0.03,0.02,1.2,0.01,7,414,0.07114285714285713,0.01607910628019323,0.031255938242280124
0.05,0.03,0.02,1.2,0.02,7,414,0.03885714285714286,0.07603321256038648,0.09075000000000011
0.05,0.03,0.02,1.2,0.03,7,414,0.02003571428571429,0.13630434782608694,0.1503319477434678
0.05,0.03,0.02,1.2,0.05,7,414,0.003857142857142857,0.26068961352657005,0.2729180522565321
0.05,0.03,0.02,1.3,0.0,7,414,0.07935714285714286,0.008461956521739129,0.02362885985748231
0.05,0.03,0.02,1.3,0.01,7,414,0.04514285714285714,0.018867149758454098,0.03442992874109263
0.05,0.03,0.02,1.3,0.02,7,414,0.024107142857142858,0.07877717391304347,0.09369358669833727
0.05,0.03,0.02,1.3,0.03,7,414,0.011928571428571429,0.13908031400966184,0.15319655581947755
0.05,0.03,0.02,1.3,0.05,7,414,0.002535714285714286,0.26367814009661833,0.2758788598574823
0.05,0.03,0.02,1.5,0.0,7,414,0.03567857142857143,0.012797101449275362,0.028618171021377647
0.05,0.03,0.02,1.5,0.01,7,414,0.019357142857142857,0.02493900966183574,0.04082957244655583
0.05,0.03,0.02,1.5,0.02,7,414,0.009714285714285715,0.08485688405797102,0.09991152019002392
0.05,0.03,0.02,1.5,0.03,7,414,0.004392857142857143,0.14525241545893722,0.15939133016627072
0.05,0.03,0.02,1.5,0.05,7,414,0.0007142857142857142,0.2700851449275362,0.28220961995249405
0.05,0.03,0.02,2.0,0.0,7,414,0.002285714285714286,0.026775362318840576,0.04291923990498803
0.05,0.03,0.02,2.0,0.01,7,414,0.001,0.04297222222222221,0.05886817102137765
0.05,0.03,0.02,2.0,0.02,7,414,0.0004285714285714286,0.1031117149758454,0.1180172209026128
0.05,0.03,0.02,2.0,0.03,7,414,0.00010714285714285715,0.1638864734299517,0.17778681710213784
0.05,0.03,0.02,2.0,0.05,7,414,0.0,0.28927536231884055,0.3010926365795724
0.05,0.03,0.05,1.0,0.0,1,420,0.6935,0.000761904761904762,0.0014881235154394767
0.05,0.03,0.05,1.0,0.01,1,420,0.4815,0.001571428571428571,0.0027992874109264987
0.05,0.03,0.05,1.0,0.02,1,420,0.31425,0.004179761904761905,0.005798693586698378
0.05,0.03,0.05,1.0,0.03,1,420,0.19775,0.03903690476190476,0.040849762470308804
0.05,0.03,0.05,1.0,0.05,1,420,0.05225,0.1611625,0.16303087885985745
0.05,0.03,0.05,1.1,0.0,1,420,0.52125,0.001261309523809524,0.0023954869358669972
0.05,0.03,0.05,1.1,0.01,1,420,0.347,0.002521428571428572,0.004066508313539163
0.05,0.03,0.05,1.1,0.02,1,420,0.21975,0.005673214285714285,0.007513064133016667
0.05,0.03,0.05,1.1,0.03,1,420,0.1205,0.040889285714285704,0.04288123515439435
0.05,0.03,0.05,1.1,0.05,1,420,0.02825,0.16290297619047617,0.1648242280285035
0.05,0.03,0.05,1.2,0.0,1,420,0.3675,0.0020511904761904764,0.0035486935866984037
0.05,0.03,0.05,1.2,0.01,1,420,0.23975,0.0037083333333333334,0.005505344418052283
0.05,0.03,0.05,1.2,0.02,1,420,0.137,0.0073458333333333336,0.009378266033254201
0.05,0.03,0.05,1.2,0.03,1,420,0.06725,0.042947023809523796,0.045060570071258965
0.05,0.03,0.05,1.2,0.05,1,420,0.014,0.16491011904761904,0.16686045130641325
0.05,0.03,0.05,1.3,0.0,1,420,0.248,0.0030327380952380957,0.004811757719714982
0.05,0.03,0.05,1.3,0.01,1,420,0.1435,0.00505952380952381,0.007081947743467931
0.05,0.03,0.05,1.3,0.02,1,420,0.07175,0.00922202380952381,0.011404988123515536
0.05,0.03,0.05,1.3,0.03,1,420,0.03525,0.04510297619047618,0.04728741092636579
0.05,0.03,0.05,1.3,0.05,1,420,0.00725,0.1669119047619048,0.16887351543942997
0.05,0.03,0.05,1.5,0.0,1,420,0.0715,0.005650595238095238,0.007842636579572515
0.05,0.03,0.05,1.5,0.01,1,420,0.0335,0.008502380952380952,0.010777909738717395
0.05,0.03,0.05,1.5,0.02,1,420,0.016,0.013389880952380952,0.01569536817102124
0.05,0.03,0.05,1.5,0.03,1,420,0.00675,0.049997619047619034,0.05223812351543944
0.05,0.03,0.05,1.5,0.05,1,420,0.0005,0.17113928571428572,0.17310688836104515
0.05,0.03,0.05,2.0,0.0,1,420,0.00025,0.014498809523809525,0.016839073634204227
0.05,0.03,0.05,2.0,0.01,1,420,0.0,0.018010714285714283,0.020343230403800594
0.05,0.03,0.05,2.0,0.02,1,420,0.0,0.02352738095238095,0.025846793349168506
0.05,0.03,0.05,2.0,0.03,1,420,0.0,0.06082559523809523,0.06305641330166267
0.05,0.03,0.05,2.0,0.05,1,420,0.0,0.18018095238095236,0.18212826603325416
0.05,0.03,0.1,1.0,0.0,0,421,,0.0,0.0
0.05,0.03,0.1,1.0,0.01,0,421,,0.0,0.0
0.05,0.03,0.1,1.0,0.02,0,421,,2.3159144893111726e-05,2.3159144893147854e-05
0.05,0.03,0.1,1.0,0.03,0,421,,0.00016330166270783842,0.00016330166270783764
0.05,0.03,0.1,1.0,0.05,0,421,,0.0050771971496437,0.00507719714964372
0.05,0.03,0.1,1.1,0.0,0,421,,0.0,0.0
0.05,0.03,0.1,1.1,0.01,0,421,,5.344418052256471e-06,5.3444180522221885e-06
0.05,0.03,0.1,1.1,0.02,0,421,,9.204275534441794e-05,9.204275534435702e-05
0.05,0.03,0.1,1.1,0.03,0,421,,0.0004204275534441801,0.00042042755344418037
0.05,0.03,0.1,1.1,0.05,0,421,,0.0061834916864608016,0.006183491686460818
0.05,0.03,0.1,1.2,0.0,0,421,,1.781472684085578e-06,1.7814726840370554e-06
0.05,0.03,0.1,1.2,0.01,0,421,,5.700712589073639e-05,5.7007125890740085e-05
0.05,0.03,0.1,1.2,0.02,0,421,,0.00021852731591448925,0.00021852731591442964
0.05,0.03,0.1,1.2,0.03,0,421,,0.0008248218527315913,0.0008248218527315831
0.05,0.03,0.1,1.2,0.05,0,421,,0.007366983372921608,0.007366983372921632
0.05,0.03,0.1,1.3,0.0,0,421,,4.334916864608073e-05,4.3349168646011904e-05
0.05,0.03,0.1,1.3,0.01,0,421,,0.00016805225653206647,0.00016805225653204747
0.05,0.03,0.1,1.3,0.02,0,421,,0.0004988123515439427,0.0004988123515439202
0.05,0.03,0.1,1.3,0.03,0,421,,0.0013064133016627076,0.001306413301662701
0.05,0.03,0.1,1.3,0.05,0,421,,0.008701900237529685,0.008701900237529703
0.05,0.03,0.1,1.5,0.0,0,421,,0.00031057007125890717,0.0003105700712588977
0.05,0.03,0.1,1.5,0.01,0,421,,0.0007238717339667457,0.0007238717339668188
0.05,0.03,0.1,1.5,0.02,0,421,,0.0015391923990498812,0.0015391923990499823
0.05,0.03,0.1,1.5,0.03,0,421,,0.002659144893111639,0.002659144893111698
0.05,0.03,0.1,1.5,0.05,0,421,,0.011570071258907359,0.0115700712589073
0.05,0.03,0.1,2.0,0.0,0,421,,0.0032357482185273157,0.0032357482185273456
0.05,0.03,0.1,2.0,0.01,0,421,,0.004118171021377672,0.004118171021377681
0.05,0.03,0.1,2.0,0.02,0,421,,0.005487529691211401,0.005487529691211357
0.05,0.03,0.1,2.0,0.03,0,421,,0.007628266033254157,0.007628266033254172
0.05,0.03,0.1,2.0,0.05,0,421,,0.01972980997624703,0.01972980997624696
0.1,0.0,0.02,1.0,0.0,7,414,0.11596428571428571,0.0015392512077294688,0.01621258907363432
0.1,0.0,0.02,1.0,0.01,7,414,0.061892857142857145,0.009353864734299517,0.024796318289786234
0.1,0.0,0.02,1.0,0.02,7,414,0.027321428571428573,0.07552234299516908,0.0904394299287411
0.1,0.0,0.02,1.0,0.03,7,414,0.010499999999999999,0.12953502415458937,0.143833729216152
0.1,0.0,0.02,1.0,0.05,7,414,0.0004285714285714286,0.2457270531400966,0.25826128266033244
0.1,0.0,0.02,1.1,0.0,7,414,0.03532142857142857,0.004415458937198068,0.020381828978622285
0.1,0.0,0.02,1.1,0.01,7,414,0.015642857142857142,0.011241545893719807,0.02742161520190034
0.1,0.0,0.02,1.1,0.02,7,414,0.00575,0.07771074879227052,0.0929501187648456
0.1,0.0,0.02,1.1,0.03,7,414,0.0015714285714285713,0.13184299516908213,0.14625178147268414
0.1,0.0,0.02,1.1,0.05,7,414,7.142857142857143e-05,0.24780978260869566,0.260315320665083
0.1,0.0,0.02,1.2,0.0,7,414,0.008785714285714286,0.0071678743961352655,0.02352969121140147
0.1,0.0,0.02,1.2,0.01,7,414,0.0030714285714285713,0.012754830917874396,0.029118764845605716
0.1,0.0,0.02,1.2,0.02,7,414,0.0008928571428571429,0.07957427536231884,0.09486342042755347
0.1,0.0,0.02,1.2,0.03,7,414,0.00028571428571428574,0.1348502415458937,0.14923040380047514
0.1,0.0,0.02,1.2,0.05,7,414,0.0,0.24892089371980675,0.26140914489311173
0.1,0.0,0.02,1.3,0.0,7,414,0.0015714285714285713,0.008814009661835747,0.02526840855106882
0.1,0.0,0.02,1.3,0.01,7,414,0.0005,0.015091183574879227,0.0314590261282659
0.1,0.0,0.02,1.3,0.02,7,414,0.00014285714285714287,0.08183635265700484,0.09710035629453684
0.1,0.0,0.02,1.3,0.03,7,414,0.0,0.13880797101449274,0.1531270783847981
0.1,0.0,0.02,1.3,0.05,7,414,0.0,0.25029710144927536,0.26276247030878874
0.1,0.0,0.02,1.5,0.0,7,414,0.00010714285714285715,0.010442028985507248,0.026893705463182926
0.1,0.0,0.02,1.5,0.01,7,414,0.0,0.02344142512077295,0.03967874109263658
0.1,0.0,0.02,1.5,0.02,7,414,0.0,0.08870471014492755,0.10385688836104512
0.1,0.0,0.02,1.5,0.03,7,414,0.0,0.14788103864734298,0.1620492874109264
0.1,0.0,0.02,1.5,0.05,7,414,0.0,0.25503200483091787,0.26741864608076005
0.1,0.0,0.02,2.0,0.0,7,414,0.0,0.024972826086956525,0.041184679334916874
0.1,0.0,0.02,2.0,0.01,7,414,0.0,0.04322101449275363,0.0591294536817103
0.1,0.0,0.02,2.0,0.02,7,414,0.0,0.1096346618357488,0.12443883610451312
0.1,0.0,0.02,2.0,0.03,7,414,0.0,0.16578925120772947,0.17965973871733965
0.1,0.0,0.02,2.0,0.05,7,414,0.0,0.27283876811594204,0.28492933491686456
0.1,0.0,0.05,1.0,0.0,1,420,0.36675,0.0003089285714285715,0.0018123515439431026
0.1,0.0,0.05,1.0,0.01,1,420,0.0345,0.0018077380952380951,0.00409679334916857
0.1,0.0,0.05,1.0,0.02,1,420,0.00025,0.006677976190476191,0.009036817102137773
0.1,0.0,0.05,1.0,0.03,1,420,0.0,0.042890476190476194,0.04516389548693589
0.1,0.0,0.05,1.0,0.05,1,420,0.0,0.15328928571428568,0.15530047505938238
0.1,0.0,0.05,1.1,0.0,1,420,0.108,0.0013125,0.0034281472684084546
0.1,0.0,0.05,1.1,0.01,1,420,0.0045,0.0035321428571428574,0.005888361045130686
0.1,0.0,0.05,1.1,0.02,1,420,0.0,0.008225595238095238,0.010581353919239866
0.1,0.0,0.05,1.1,0.03,1,420,0.0,0.04543035714285714,0.04769774346793354
0.1,0.0,0.05,1.1,0.05,1,420,0.0,0.1557678571428571,0.1577731591448931
0.1,0.0,0.05,1.2,0.0,1,420,0.027,0.002669642857142857,0.004974465558194696
0.1,0.0,0.05,1.2,0.01,1,420,0.0005,0.004724404761904761,0.007087292161520153
0.1,0.0,0.05,1.2,0.02,1,420,0.0,0.009136309523809524,0.011489904988123523
0.1,0.0,0.05,1.2,0.03,1,420,0.0,0.04721726190476191,0.049480403800474915
0.1,0.0,0.05,1.2,0.05,1,420,0.0,0.15948571428571431,0.16148218527315927
0.1,0.0,0.05,1.3,0.0,1,420,0.0045,0.003807142857142857,0.006162707838479942
0.1,0.0,0.05,1.3,0.01,1,420,0.00025,0.0060958333333333324,0.008456057007125928
0.1,0.0,0.05,1.3,0.02,1,420,0.0,0.009953571428571428,0.012305225653206686
0.1,0.0,0.05,1.3,0.03,1,420,0.0,0.04920357142857143,0.0514619952494062
0.1,0.0,0.05,1.3,0.05,1,420,0.0,0.16321964285714285,0.1652072446555819
0.1,0.0,0.05,1.5,0.0,1,420,0.00025,0.00614047619047619,0.008500593824228075
0.1,0.0,0.05,1.5,0.01,1,420,0.0,0.010128571428571428,0.01247980997624698
0.1,0.0,0.05,1.5,0.02,1,420,0.0,0.014410714285714285,0.01675178147268408
0.1,0.0,0.05,1.5,0.03,1,420,0.0,0.05543452380952381,0.057678147268408586
0.1,0.0,0.05,1.5,0.05,1,420,0.0,0.16802619047619047,0.1700023752969122
0.1,0.0,0.05,2.0,0.0,1,420,0.0,0.01665892857142857,0.018994655581947795
0.1,0.0,0.05,2.0,0.01,1,420,0.0,0.02061845238095238,0.022944774346793317
0.1,0.0,0.05,2.0,0.02,1,420,0.0,0.023477380952380947,0.025796912114014248
0.1,0.0,0.05,2.0,0.03,1,420,0.0,0.06380357142857142,0.06602731591448929
0.1,0.0,0.05,2.0,0.05,1,420,0.0,0.17505773809523809,0.17701722090261285
0.1,0.0,0.1,1.0,0.0,0,421,,0.0,0.0
0.1,0.0,0.1,1.0,0.01,0,421,,0.0,0.0
0.1,0.0,0.1,1.0,0.02,0,421,,0.0,0.0
0.1,0.0,0.1,1.0,0.03,0,421,,8.313539192398925e-06,8.313539192505992e-06
0.1,0.0,0.1,1.0,0.05,0,421,,0.00710273159144893,0.007102731591448919
0.1,0.0,0.1,1.1,0.0,0,421,,0.0,0.0
0.1,0.0,0.1,1.1,0.01,0,421,,0.0,0.0
0.1,0.0,0.1,1.1,0.02,0,421,,1.1876484560568762e-06,1.1876484560247036e-06
0.1,0.0,0.1,1.1,0.03,0,421,,0.00014786223277909745,0.0001478622327790724
0.1,0.0,0.1,1.1,0.05,0,421,,0.00731769596199525,0.007317695961995163
0.1,0.0,0.1,1.2,0.0,0,421,,0.0,0.0
0.1,0.0,0.1,1.2,0.01,0,421,,0.0,0.0
0.1,0.0,0.1,1.2,0.02,0,421,,3.562945368171024e-05,3.5629453681629286e-05
0.1,0.0,0.1,1.2,0.03,0,421,,0.0006680522565320665,0.0006680522565321034
0.1,0.0,0.1,1.2,0.05,0,421,,0.008211995249406176,0.00821199524940619
0.1,0.0,0.1,1.3,0.0,0,421,,0.0,0.0
0.1,0.0,0.1,1.3,0.01,0,421,,8.907363420427627e-06,8.907363420407322e-06
0.1,0.0,0.1,1.3,0.02,0,421,,0.00024524940617577185,0.00024524940617576263
0.1,0.0,0.1,1.3,0.03,0,421,,0.0015504750593824228,0.001550475059382439
0.1,0.0,0.1,1.3,0.05,0,421,,0.009680522565320666,0.009680522565320704
0.1,0.0,0.1,1.5,0.0,0,421,,0.00010095011876484556,0.00010095011876487536
0.1,0.0,0.1,1.5,0.01,0,421,,0.0005748218527315914,0.0005748218527314997
0.1,0.0,0.1,1.5,0.02,0,421,,0.0019020190023752968,0.0019020190023752992
0.1,0.0,0.1,1.5,0.03,0,421,,0.0038319477434679335,0.003831947743467956
0.1,0.0,0.1,1.5,0.05,0,421,,0.011623515439429927,0.011623515439429966
0.1,0.0,0.1,2.0,0.0,0,421,,0.0040635391923990495,0.0040635391923989905
0.1,0.0,0.1,2.0,0.01,0,421,,0.005062945368171022,0.005062945368170979
0.1,0.0,0.1,2.0,0.02,0,421,,0.006502375296912115,0.006502375296912111
0.1,0.0,0.1,2.0,0.03,0,421,,0.008439429928741093,0.008439429928741138
0.1,0.0,0.1,2.0,0.05,0,421,,0.01994002375296912,0.019940023752969216
0.1,0.01,0.02,1.0,0.0,7,414,0.17375,0.0028568840579710143,0.01654750593824228
0.1,0.01,0.02,1.0,0.01,7,414,0.08160714285714285,0.009774154589371978,0.024881828978622234
0.1,0.01,0.02,1.0,0.02,7,414,0.037071428571428575,0.07135628019323671,0.0861805225653206
0.1,0.01,0.02,1.0,0.03,7,414,0.014892857142857143,0.12960748792270532,0.14383194774346808
0.1,0.01,0.02,1.0,0.05,7,414,0.0014642857142857144,0.2448701690821256,0.25740142517814735
0.1,0.01,0.02,1.1,0.0,7,414,0.07264285714285713,0.004811594202898551,0.020150831353919374
0.1,0.01,0.02,1.1,0.01,7,414,0.02542857142857143,0.012260869565217387,0.028261282660332565
0.1,0.01,0.02,1.1,0.02,7,414,0.009285714285714286,0.07359359903381643,0.08884263657957248
0.1,0.01,0.02,1.1,0.03,7,414,0.0026785714285714286,0.13190579710144928,0.14629513064133026
0.1,0.01,0.02,1.1,0.05,7,414,0.00032142857142857147,0.24731763285024155,0.25982719714964364
0.1,0.01,0.02,1.2,0.0,7,414,0.02564285714285714,0.0066702898550724645,0.02276009501187648
0.1,0.01,0.02,1.2,0.01,7,414,0.006857142857142858,0.01455676328502415,0.03082779097387167
0.1,0.01,0.02,1.2,0.02,7,414,0.0017857142857142859,0.07596497584541063,0.0912992874109263
0.1,0.01,0.02,1.2,0.03,7,414,0.0005714285714285715,0.1345096618357488,0.14889073634204275
0.1,0.01,0.02,1.2,0.05,7,414,0.00010714285714285715,0.24997705314009663,0.2624459619952493
0.1,0.01,0.02,1.3,0.0,7,414,0.008214285714285714,0.008376207729468598,0.024727434679334914
0.1,0.01,0.02,1.3,0.01,7,414,0.0016428571428571432,0.016843599033816426,0.03316330166270787
0.1,0.01,0.02,1.3,0.02,7,414,0.0004642857142857143,0.07865881642512078,0.09397030878859858
0.1,0.01,0.02,1.3,0.03,7,414,0.00017857142857142857,0.13755193236714977,0.1518889548693586
0.1,0.01,0.02,1.3,0.05,7,414,0.0,0.25279589371980676,0.2652197149643706
0.1,0.01,0.02,1.5,0.0,7,414,0.0011785714285714286,0.011594806763285025,0.028009501187648556
0.1,0.01,0.02,1.5,0.01,7,414,0.00010714285714285715,0.022490942028985505,0.03874228028503557
0.1,0.01,0.02,1.5,0.02,7,414,3.571428571428572e-05,0.08523309178743962,0.10044239904988117
0.1,0.01,0.02,1.5,0.03,7,414,0.0,0.14443659420289856,0.15866211401425168
0.1,0.01,0.02,1.5,0.05,7,414,0.0,0.25908031400966186,0.2713996437054632
0.1,0.01,0.02,2.0,0.0,7,414,0.0,0.025108695652173912,0.041318289786223206
0.1,0.01,0.02,2.0,0.01,7,414,0.0,0.04126630434782609,0.05720724465558191
0.1,0.01,0.02,2.0,0.02,7,414,0.0,0.10380917874396137,0.11871021377672208
0.1,0.01,0.02,2.0,0.03,7,414,0.0,0.16232427536231883,0.17625237529691207
0.1,0.01,0.02,2.0,0.05,7,414,0.0,0.2787850241545894,0.2907767220902614
0.1,0.01,0.05,1.0,0.0,1,420,0.44325,0.0004452380952380951,0.0017666270783847082
0.1,0.01,0.05,1.0,0.01,1,420,0.15175,0.0017571428571428573,0.0037678147268408457
0.1,0.01,0.05,1.0,0.02,1,420,0.03325,0.005348809523809523,0.007632422802850369
0.1,0.01,0.05,1.0,0.03,1,420,0.00475,0.040692261904761905,0.04295961995249409
0.1,0.01,0.05,1.0,0.05,1,420,0.0,0.15808511904761902,0.16008491686460813
0.1,0.01,0.05,1.1,0.0,1,420,0.2215,0.0013232142857142854,0.003169239904988075
0.1,0.01,0.05,1.1,0.01,1,420,0.06025,0.0031833333333333327,0.005407957244655592
0.1,0.01,0.05,1.1,0.02,1,420,0.01125,0.00699047619047619,0.009322446555819375
0.1,0.01,0.05,1.1,0.03,1,420,0.001,0.042222619047619044,0.04449524940617566
0.1,0.01,0.05,1.1,0.05,1,420,0.0,0.16006726190476192,0.162062351543943
0.1,0.01,0.05,1.2,0.0,1,420,0.089,0.002460119047619048,0.004618171021377737
0.1,0.01,0.05,1.2,0.01,1,420,0.01875,0.004468452380952381,0.006788598574821836
0.1,0.01,0.05,1.2,0.02,1,420,0.00325,0.008461309523809522,0.010808788598574814
0.1,0.01,0.05,1.2,0.03,1,420,0.0,0.04390595238095238,0.04617695961995261
0.1,0.01,0.05,1.2,0.05,1,420,0.0,0.16245,0.16443942992874105
0.1,0.01,0.05,1.3,0.0,1,420,0.0315,0.0035214285714285716,0.00581353919239902
0.1,0.01,0.05,1.3,0.01,1,420,0.00625,0.0056595238095238105,0.008006532066508365
0.1,0.01,0.05,1.3,0.02,1,420,0.00075,0.010147619047619046,0.012497030878859894
0.1,0.01,0.05,1.3,0.03,1,420,0.0,0.04617321428571428,0.04843883610451305
0.1,0.01,0.05,1.3,0.05,1,420,0.0,0.164875,0.1668586698337292
0.1,0.01,0.05,1.5,0.0,1,420,0.0025,0.006082142857142857,0.008437054631828977
0.1,0.01,0.05,1.5,0.01,1,420,0.00025,0.009433333333333334,0.011785629453681667
0.1,0.01,0.05,1.5,0.02,1,420,0.0,0.014938690476190477,0.017278503562945358
0.1,0.01,0.05,1.5,0.03,1,420,0.0,0.051609523809523807,0.05386223277909741
0.1,0.01,0.05,1.5,0.05,1,420,0.0,0.16875714285714286,0.17073159144893124
0.1,0.01,0.05,2.0,0.0,1,420,0.0,0.016220833333333334,0.018557600950118713
0.1,0.01,0.05,2.0,0.01,1,420,0.0,0.019986309523809524,0.022314133016627213
0.1,0.01,0.05,2.0,0.02,1,420,0.0,0.023665476190476188,0.025984560570071147
0.1,0.01,0.05,2.0,0.03,1,420,0.0,0.060512500000000004,0.06274406175771974
0.1,0.01,0.05,2.0,0.05,1,420,0.0,0.1771547619047619,0.1791092636579572
0.1,0.01,0.1,1.0,0.0,0,421,,0.0,0.0
0.1,0.01,0.1,1.0,0.01,0,421,,0.0,0.0
0.1,0.01,0.1,1.0,0.02,0,421,,0.0,0.0
0.1,0.01,0.1,1.0,0.03,0,421,,0.00010748218527315917,0.00010748218527323328
0.1,0.01,0.1,1.0,0.05,0,421,,0.006119358669833728,0.006119358669833597
0.1,0.01,0.1,1.1,0.0,0,421,,0.0,0.0
0.1,0.01,0.1,1.1,0.01,0,421,,0.0,0.0
0.1,0.01,0.1,1.1,0.02,0,421,,1.5439429928740973e-05,1.5439429928765236e-05
0.1,0.01,0.1,1.1,0.03,0,421,,0.0003907363420427553,0.0003907363420426746
0.1,0.01,0.1,1.1,0.05,0,421,,0.007319477434679333,0.007319477434679311
0.1,0.01,0.1,1.2,0.0,0,421,,0.0,0.0
0.1,0.01,0.1,1.2,0.01,0,421,,1.781472684085578e-06,1.7814726840370554e-06
0.1,0.01,0.1,1.2,0.02,0,421,,0.00011757719714964367,0.00011757719714955428
0.1,0.01,0.1,1.2,0.03,0,421,,0.0008794536817102137,0.0008794536817101628
0.1,0.01,0.1,1.2,0.05,0,421,,0.008681116389548691,0.008681116389548604
0.1,0.01,0.1,1.3,0.0,0,421,,5.938242280284381e-07,5.938242280123518e-07
0.1,0.01,0.1,1.3,0.01,0,421,,4.334916864608073e-05,4.3349168646011904e-05
0.1,0.01,0.1,1.3,0.02,0,421,,0.0004453681710213777,0.0004453681710213653
0.1,0.01,0.1,1.3,0.03,0,421,,0.0015320665083135392,0.001532066508313501
0.1,0.01,0.1,1.3,0.05,0,421,,0.010156769596199522,0.010156769596199378
0.1,0.01,0.1,1.5,0.0,0,421,,0.0001834916864608077,0.0001834916864608127
0.1,0.01,0.1,1.5,0.01,0,421,,0.0007559382422802851,0.000755938242280374
0.1,0.01,0.1,1.5,0.02,0,421,,0.0018800475059382422,0.001880047505938287
0.1,0.01,0.1,1.5,0.03,0,421,,0.003565914489311164,0.003565914489311095
0.1,0.01,0.1,1.5,0.05,0,421,,0.012877672209026128,0.012877672209026136
0.1,0.01,0.1,2.0,0.0,0,421,,0.003905581947743468,0.003905581947743486
0.1,0.01,0.1,2.0,0.01,0,421,,0.004866389548693587,0.0048663895486935616
0.1,0.01,0.1,2.0,0.02,0,421,,0.006258313539192399,0.006258313539192373
0.1,0.01,0.1,2.0,0.03,0,421,,0.00826187648456057,0.00826187648456056
0.1,0.01,0.1,2.0,0.05,0,421,,0.020349762470308782,0.02034976247030862
0.1,0.02,0.02,1.0,0.0,7,414,0.2533571428571429,0.003289251207729468,0.015649049881235166
0.1,0.02,0.02,1.0,0.01,7,414,0.14546428571428574,0.010672705314009658,0.024703681710213865
0.1,0.02,0.02,1.0,0.02,7,414,0.07371428571428572,0.06971437198067633,0.08395665083135384
0.1,0.02,0.02,1.0,0.03,7,414,0.034178571428571426,0.12875724637681157,0.14267517814726838
0.1,0.02,0.02,1.0,0.05,7,414,0.0059642857142857145,0.24983454106280192,0.2622084323040381
0.1,0.02,0.02,1.1,0.0,7,414,0.14282142857142854,0.004914251207729469,0.019084916864608004
0.1,0.02,0.02,1.1,0.01,7,414,0.0719642857142857,0.013086956521739124,0.028299881235154367
0.1,0.02,0.02,1.1,0.02,7,414,0.03075,0.07218840579710145,0.08710391923990501
0.1,0.02,0.02,1.1,0.03,7,414,0.012714285714285716,0.13116727053140095,0.14540201900237526
0.1,0.02,0.02,1.1,0.05,7,414,0.0014642857142857144,0.2522638888888889,0.2646722090261283
0.1,0.02,0.02,1.2,0.0,7,414,0.07950000000000002,0.006672705314009662,0.0218669833729217
0.1,0.02,0.02,1.2,0.01,7,414,0.03453571428571429,0.01563285024154589,0.03142577197149643
0.1,0.02,0.02,1.2,0.02,7,414,0.013821428571428571,0.07470772946859904,0.08986282660332534
0.1,0.02,0.02,1.2,0.03,7,414,0.004607142857142857,0.13365036231884056,0.1479786223277909
0.1,0.02,0.02,1.2,0.05,7,414,0.00032142857142857147,0.25505555555555554,0.267436460807601
0.1,0.02,0.02,1.3,0.0,7,414,0.04407142857142858,0.008600241545893719,0.02435154394299277
0.1,0.02,0.02,1.3,0.01,7,414,0.018,0.01831944444444444,0.03434263657957248
0.1,0.02,0.02,1.3,0.02,7,414,0.006535714285714285,0.07739553140096618,0.092627078384798
0.1,0.02,0.02,1.3,0.03,7,414,0.001714285714285714,0.13641666666666666,0.15074703087885988
0.1,0.02,0.02,1.3,0.05,7,414,0.00010714285714285715,0.2580283816425121,0.27036342042755335
0.1,0.02,0.02,1.5,0.0,7,414,0.01375,0.012743357487922706,0.02892992874109257
0.1,0.02,0.02,1.5,0.01,7,414,0.005107142857142858,0.02419746376811594,0.040337292161520155
0.1,0.02,0.02,1.5,0.02,7,414,0.001392857142857143,0.08347765700483092,0.09869358669833728
0.1,0.02,0.02,1.5,0.03,7,414,0.00032142857142857147,0.14271376811594202,0.15696258907363414
0.1,0.02,0.02,1.5,0.05,7,414,0.0,0.26470410628019325,0.2769299287410927
0.1,0.02,0.02,2.0,0.0,7,414,0.0005357142857142857,0.026018115942028984,0.042203681710213714
0.1,0.02,0.02,2.0,0.01,7,414,0.00010714285714285715,0.04198792270531402,0.057915083135391954
0.1,0.02,0.02,2.0,0.02,7,414,0.0,0.10170289855072463,0.11663895486935871
0.1,0.02,0.02,2.0,0.03,7,414,0.0,0.16122826086956524,0.17517458432304045
0.1,0.02,0.02,2.0,0.05,7,414,0.0,0.2845024154589372,0.2963990498812351
0.1,0.02,0.05,1.0,0.0,1,420,0.596,0.0006339285714285711,0.0015920427553444139
0.1,0.02,0.05,1.0,0.01,1,420,0.34025,0.001551785714285714,0.0031152019002376186
0.1,0.02,0.05,1.0,0.02,1,420,0.16125,0.0045202380952380945,0.006501781472684098
0.1,0.02,0.05,1.0,0.03,1,420,0.0655,0.038855357142857136,0.04098277909738712
0.1,0.02,0.05,1.0,0.05,1,420,0.0075,0.15859166666666666,0.16057244655581948
0.1,0.02,0.05,1.1,0.0,1,420,0.39725,0.0012613095238095237,0.0026900237529691173
0.1,0.02,0.05,1.1,0.01,1,420,0.20125,0.002664285714285714,0.0045552256532065405
0.1,0.02,0.05,1.1,0.02,1,420,0.08725,0.00615,0.008303444180522535
0.1,0.02,0.05,1.1,0.03,1,420,0.0295,0.04075714285714286,0.042965558194774545
0.1,0.02,0.05,1.1,0.05,1,420,0.003,0.16043869047619047,0.16242577197149632
0.1,0.02,0.05,1.2,0.0,1,420,0.23525,0.0021630952380952383,0.003974465558194806
0.1,0.02,0.05,1.2,0.01,1,420,0.10675,0.003936904761904762,0.006049287410926252
0.1,0.02,0.05,1.2,0.02,1,420,0.03975,0.007851785714285714,0.0101140142517816
0.1,0.02,0.05,1.2,0.03,1,420,0.01275,0.042730952380952376,0.04497446555819484
0.1,0.02,0.05,1.2,0.05,1,420,0.001,0.16252916666666664,0.16451603325415687
0.1,0.02,0.05,1.3,0.0,1,420,0.12425,0.003173809523809524,0.005246437054631903
0.1,0.02,0.05,1.3,0.01,1,420,0.04775,0.005348214285714285,0.007597387173396641
0.1,0.02,0.05,1.3,0.02,1,420,0.01675,0.009755357142857142,0.012067695961995306
0.1,0.02,0.05,1.3,0.03,1,420,0.00575,0.04506607142857143,0.04732066508313548
0.1,0.02,0.05,1.3,0.05,1,420,0.00025,0.16473511904761903,0.1667185273159144
0.1,0.02,0.05,1.5,0.0,1,420,0.02325,0.005955952380952382,0.00826187648456056
0.1,0.02,0.05,1.5,0.01,1,420,0.00875,0.009075595238095239,0.01140855106888361
0.1,0.02,0.05,1.5,0.02,1,420,0.0025,0.014312499999999999,0.01664786223277903
0.1,0.02,0.05,1.5,0.03,1,420,0.001,0.05009107142857142,0.05234501187648455
0.1,0.02,0.05,1.5,0.05,1,420,0.0,0.16879047619047619,0.1707648456057006
0.1,0.02,0.05,2.0,0.0,1,420,0.00025,0.01528095238095238,0.017619358669833773
0.1,0.02,0.05,2.0,0.01,1,420,0.00025,0.018907738095238096,0.021237529691211288
0.1,0.02,0.05,2.0,0.02,1,420,0.0,0.023936309523809523,0.026254750593824205
0.1,0.02,0.05,2.0,0.03,1,420,0.0,0.06005714285714285,0.062289786223277854
0.1,0.02,0.05,2.0,0.05,1,420,0.0,0.1772017857142857,0.17915617577197152
0.1,0.02,0.1,1.0,0.0,0,421,,0.0,0.0
0.1,0.02,0.1,1.0,0.01,0,421,,0.0,0.0
0.1,0.02,0.1,1.0,0.02,0,421,,6.532066508313611e-06,6.532066508246892e-06
0.1,0.02,0.1,1.0,0.03,0,421,,0.00014192399049881227,0.00014192399049883786
0.1,0.02,0.1,1.0,0.05,0,421,,0.005457244655581945,0.005457244655581839
0.1,0.02,0.1,1.1,0.0,0,421,,5.938242280284381e-07,5.938242280123518e-07
0.1,0.02,0.1,1.1,0.01,0,421,,4.750593824228033e-06,4.750593824209837e-06
0.1,0.02,0.1,1.1,0.02,0,421,,4.631828978622319e-05,4.6318289786184685e-05
0.1,0.02,0.1,1.1,0.03,0,421,,0.0004073634204275532,0.00040736342042746454
0.1,0.02,0.1,1.1,0.05,0,421,,0.006673396674584319,0.00667339667458422
0.1,0.02,0.1,1.2,0.0,0,421,,4.750593824228033e-06,4.750593824209837e-06
0.1,0.02,0.1,1.2,0.01,0,421,,2.9097387173396634e-05,2.9097387173382394e-05
0.1,0.02,0.1,1.2,0.02,0,421,,0.00018230403800475055,0.00018230403800467698
0.1,0.02,0.1,1.2,0.03,0,421,,0.0008289786223277906,0.0008289786223277806
0.1,0.02,0.1,1.2,0.05,0,421,,0.007931710213776718,0.0079317102137767
0.1,0.02,0.1,1.3,0.0,0,421,,2.5534441805225477e-05,2.5534441805308283e-05
0.1,0.02,0.1,1.3,0.01,0,421,,0.00011698337292161498,0.00011698337292154193
0.1,0.02,0.1,1.3,0.02,0,421,,0.0004999999999999998,0.000500000000000056
0.1,0.02,0.1,1.3,0.03,0,421,,0.001398456057007126,0.0013984560570071691
0.1,0.02,0.1,1.3,0.05,0,421,,0.0093521377672209,0.00935213776722088
0.1,0.02,0.1,1.5,0.0,0,421,,0.00029038004750593817,0.0002903800475059226
0.1,0.02,0.1,1.5,0.01,0,421,,0.0007826603325415674,0.000782660332541707
0.1,0.02,0.1,1.5,0.02,0,421,,0.0016686460807600948,0.0016686460807602277
0.1,0.02,0.1,1.5,0.03,0,421,,0.002982779097387173,0.0029827790973870894
0.1,0.02,0.1,1.5,0.05,0,421,,0.012282660332541565,0.01228266033254144
0.1,0.02,0.1,2.0,0.0,0,421,,0.003523159144893112,0.0035231591448930955
0.1,0.02,0.1,2.0,0.01,0,421,,0.004514845605700713,0.004514845605700701
0.1,0.02,0.1,2.0,0.02,0,421,,0.005881235154394299,0.005881235154394315
0.1,0.02,0.1,2.0,0.03,0,421,,0.008041567695961996,0.008041567695961982
0.1,0.02,0.1,2.0,0.05,0,421,,0.020357482185273158,0.020357482185273224
0.1,0.03,0.02,1.0,0.0,7,414,0.32071428571428573,0.003471618357487922,0.014708432304037955
0.1,0.03,0.02,1.0,0.01,7,414,0.21764285714285717,0.011192028985507241,0.024014251781472762
0.1,0.03,0.02,1.0,0.02,7,414,0.1392142857142857,0.07110869565217391,0.08423871733966748
0.1,0.03,0.02,1.0,0.03,7,414,0.08367857142857142,0.1313454106280193,0.14439726840855105
0.1,0.03,0.02,1.0,0.05,7,414,0.023107142857142857,0.2553538647342995,0.26735095011876486
0.1,0.03,0.02,1.1,0.0,7,414,0.21082142857142855,0.0049281400966183575,0.01796793349168646
0.1,0.03,0.02,1.1,0.01,7,414,0.13617857142857143,0.013615942028985502,0.027752375296912213
0.1,0.03,0.02,1.1,0.02,7,414,0.08178571428571428,0.07351932367149758,0.08756413301662713
0.1,0.03,0.02,1.1,0.03,7,414,0.0435,0.13370471014492752,0.14738539192399058
0.1,0.03,0.02,1.1,0.05,7,414,0.011142857142857144,0.25778683574879224,0.26994239904988127
0.1,0.03,0.02,1.2,0.0,7,414,0.13767857142857143,0.006647342995169081,0.02087470308788597
0.1,0.03,0.02,1.2,0.01,7,414,0.08549999999999999,0.01626207729468598,0.031197149643705457
0.1,0.03,0.02,1.2,0.02,7,414,0.04803571428571428,0.07609239130434782,0.09065558194774359
0.1,0.03,0.02,1.2,0.03,7,414,0.024392857142857143,0.13627475845410628,0.15023040380047514
0.1,0.03,0.02,1.2,0.05,7,414,0.005285714285714287,0.2604722222222222,0.2726805225653206
0.1,0.03,0.02,1.3,0.0,7,414,0.09174999999999998,0.008602657004830917,0.023561163895487014
0.1,0.03,0.02,1.3,0.01,7,414,0.054249999999999986,0.019070652173913034,0.034478622327790864
0.1,0.03,0.02,1.3,0.02,7,414,0.028357142857142862,0.07883574879227052,0.09368052256532078
0.1,0.03,0.02,1.3,0.03,7,414,0.013821428571428571,0.13911775362318843,0.15320190023752978
0.1,0.03,0.02,1.3,0.05,7,414,0.002821428571428572,0.2634541062801933,0.2756538004750594
0.1,0.03,0.02,1.5,0.0,7,414,0.041607142857142856,0.012984903381642512,0.02870427553444177
0.1,0.03,0.02,1.5,0.01,7,414,0.021964285714285714,0.0251165458937198,0.04096080760095011
0.1,0.03,0.02,1.5,0.02,7,414,0.010642857142857143,0.08495410628019322,0.09999168646080758
0.1,0.03,0.02,1.5,0.03,7,414,0.004892857142857143,0.1453357487922705,0.15946496437054636
0.1,0.03,0.02,1.5,0.05,7,414,0.0009642857142857143,0.2700670289855072,0.28218764845605715
0.1,0.03,0.02,2.0,0.0,7,414,0.004,0.02682971014492753,0.042944180522565434
0.1,0.03,0.02,2.0,0.01,7,414,0.0016428571428571427,0.04329528985507246,0.05917517814726836
0.1,0.03,0.02,2.0,0.02,7,414,0.0007857142857142857,0.10316968599033816,0.1180682897862233
0.1,0.03,0.02,2.0,0.03,7,414,0.0004285714285714286,0.16406280193236714,0.17795486935866978
0.1,0.03,0.02,2.0,0.05,7,414,3.571428571428572e-05,0.2894716183574879,0.30128503562945375
0.1,0.03,0.05,1.0,0.0,1,420,0.688,0.000836904761904762,0.0015760095011876363
0.1,0.03,0.05,1.0,0.01,1,420,0.49175,0.0016660714285714284,0.0028693586698336215
0.1,0.03,0.05,1.0,0.02,1,420,0.3245,0.00427797619047619,0.005872327790973797
0.1,0.03,0.05,1.0,0.03,1,420,0.2055,0.03915833333333332,0.040952494061757716
0.1,0.03,0.05,1.0,0.05,1,420,0.062,0.16126547619047618,0.16311045130641322
0.1,0.03,0.05,1.1,0.0,1,420,0.534,0.0013714285714285716,0.002475059382422873
0.1,0.03,0.05,1.1,0.01,1,420,0.36325,0.0026488095238095233,0.004154988123515446
0.1,0.03,0.05,1.1,0.02,1,420,0.23,0.005803571428571428,0.007618764845605641
0.1,0.03,0.05,1.1,0.03,1,420,0.126,0.04110297619047619,0.04308135391923984
0.1,0.03,0.05,1.1,0.05,1,420,0.036,0.1630785714285714,0.16498099762470309
0.1,0.03,0.05,1.2,0.0,1,420,0.391,0.0021892857142857144,0.0036306413301663287
0.1,0.03,0.05,1.2,0.01,1,420,0.24675,0.0038202380952380953,0.005600356294536812
0.1,0.03,0.05,1.2,0.02,1,420,0.145,0.007465476190476192,0.009478622327790953
0.1,0.03,0.05,1.2,0.03,1,420,0.08225,0.04315654761904761,0.045233966745843346
0.1,0.03,0.05,1.2,0.05,1,420,0.01825,0.16502440476190475,0.1669643705463184
0.1,0.03,0.05,1.3,0.0,1,420,0.26575,0.003204166666666666,0.004940617577197215
0.1,0.03,0.05,1.3,0.01,1,420,0.16025,0.005191071428571429,0.007173396674584276
0.1,0.03,0.05,1.3,0.02,1,420,0.091,0.009329761904761903,0.011466745843230375
0.1,0.03,0.05,1.3,0.03,1,420,0.0485,0.04540238095238095,0.047554631828978566
0.1,0.03,0.05,1.3,0.05,1,420,0.009,0.1671214285714286,0.16907838479809967
0.1,0.03,0.05,1.5,0.0,1,420,0.09825,0.005783333333333334,0.007911520190023724
0.1,0.03,0.05,1.5,0.01,1,420,0.0545,0.008663690476190476,0.010888954869358702
0.1,0.03,0.05,1.5,0.02,1,420,0.02725,0.013526785714285713,0.015805225653206634
0.1,0.03,0.05,1.5,0.03,1,420,0.01175,0.05013273809523809,0.052361045130641326
0.1,0.03,0.05,1.5,0.05,1,420,0.00175,0.17111964285714285,0.17308432304038013
0.1,0.03,0.05,2.0,0.0,1,420,0.003,0.01439761904761905,0.016731591448931105
0.1,0.03,0.05,2.0,0.01,1,420,0.001,0.017964880952380954,0.02029513064133026
0.1,0.03,0.05,2.0,0.02,1,420,0.0005,0.023506547619047618,0.025824821852731494
0.1,0.03,0.05,2.0,0.03,1,420,0.0,0.06085119047619047,0.06308194774346798
0.1,0.03,0.05,2.0,0.05,1,420,0.0,0.1802279761904762,0.18217517814726847
0.1,0.03,0.1,1.0,0.0,0,421,,0.0,0.0
0.1,0.03,0.1,1.0,0.01,0,421,,1.781472684085578e-06,1.7814726840370554e-06
0.1,0.03,0.1,1.0,0.02,0,421,,3.681710213776712e-05,3.681710213765399e-05
0.1,0.03,0.1,1.0,0.03,0,421,,0.0002304038004750596,0.00023040380047500975
0.1,0.03,0.1,1.0,0.05,0,421,,0.005130047505938235,0.005130047505938262
0.1,0.03,0.1,1.1,0.0,0,421,,1.781472684085578e-06,1.7814726840370554e-06
0.1,0.03,0.1,1.1,0.01,0,421,,2.2565320665083023e-05,2.2565320665135502e-05
0.1,0.03,0.1,1.1,0.02,0,421,,0.00012945368171021375,0.00012945368171013438
0.1,0.03,0.1,1.1,0.03,0,421,,0.0004976247030878858,0.0004976247030877845
0.1,0.03,0.1,1.1,0.05,0,421,,0.006237529691211397,0.006237529691211385
0.1,0.03,0.1,1.2,0.0,0,421,,1.7220902612826554e-05,1.722090261280229e-05
0.1,0.03,0.1,1.2,0.01,0,421,,8.847980997624705e-05,8.847980997617189e-05
0.1,0.03,0.1,1.2,0.02,0,421,,0.0003093824228028503,0.000309382422802984
0.1,0.03,0.1,1.2,0.03,0,421,,0.0009192399049881236,0.0009192399049881006
0.1,0.03,0.1,1.2,0.05,0,421,,0.007460213776722084,0.007460213776722124
0.1,0.03,0.1,1.3,0.0,0,421,,7.600950118764826e-05,7.600950118757943e-05
0.1,0.03,0.1,1.3,0.01,0,421,,0.00023693586698337295,0.00023693586698325664
0.1,0.03,0.1,1.3,0.02,0,421,,0.0006270783847981001,0.0006270783847981409
0.1,0.03,0.1,1.3,0.03,0,421,,0.001409144893111639,0.0014091448931116135
0.1,0.03,0.1,1.3,0.05,0,421,,0.008799881235154388,0.008799881235154405
0.1,0.03,0.1,1.5,0.0,0,421,,0.0004382422802850356,0.00043824228028510603
0.1,0.03,0.1,1.5,0.01,0,421,,0.0008853919239904986,0.0008853919239905084
0.1,0.03,0.1,1.5,0.02,0,421,,0.001631828978622328,0.0016318289786223517
0.1,0.03,0.1,1.5,0.03,0,421,,0.002719714964370546,0.002719714964370512
0.1,0.03,0.1,1.5,0.05,0,421,,0.01165201900237529,0.011652019002375336
0.1,0.03,0.1,2.0,0.0,0,421,,0.0032553444180522563,0.0032553444180521973
0.1,0.03,0.1,2.0,0.01,0,421,,0.004241092636579572,0.004241092636579569
0.1,0.03,0.1,2.0,0.02,0,421,,0.005649049881235156,0.0056490498812351575
0.1,0.03,0.1,2.0,0.03,0,421,,0.007703681710213777,0.007703681710213739
0.1,0.03,0.1,2.0,0.05,0,421,,0.01986579572446555,0.019865795724465563
0.2,0.0,0.02,1.0,0.0,7,414,0.16521428571428573,0.0028611111111111107,0.016693586698337315
0.2,0.0,0.02,1.0,0.01,7,414,0.10503571428571427,0.008733091787439614,0.023468527315914423
0.2,0.0,0.02,1.0,0.02,7,414,0.0749642857142857,0.07520169082125604,0.08933194774346787
0.2,0.0,0.02,1.0,0.03,7,414,0.05089285714285714,0.13057548309178743,0.14418527315914487
0.2,0.0,0.02,1.0,0.05,7,414,0.01825,0.2441352657004831,0.2563996437054631
0.2,0.0,0.02,1.1,0.0,7,414,0.10192857142857144,0.004687198067632851,0.019541567695961937
0.2,0.0,0.02,1.1,0.01,7,414,0.06310714285714286,0.011059782608695654,0.026453681710213783
0.2,0.0,0.02,1.1,0.02,7,414,0.0435,0.0776074879227053,0.09222090261282656
0.2,0.0,0.02,1.1,0.03,7,414,0.028285714285714286,0.1331376811594203,0.1470807600950118
0.2,0.0,0.02,1.1,0.05,7,414,0.009714285714285715,0.24650664251207732,0.25887351543942994
0.2,0.0,0.02,1.2,0.0,7,414,0.06171428571428571,0.006402777777777779,0.021897268408551107
0.2,0.0,0.02,1.2,0.01,7,414,0.037214285714285714,0.013771135265700483,0.029550475059382464
0.2,0.0,0.02,1.2,0.02,7,414,0.025714285714285714,0.08014855072463768,0.09501543942992863
0.2,0.0,0.02,1.2,0.03,7,414,0.016499999999999997,0.13635205314009663,0.150437648456057
0.2,0.0,0.02,1.2,0.05,7,414,0.005321428571428572,0.2487028985507246,0.261106294536817
0.2,0.0,0.02,1.3,0.0,7,414,0.03685714285714286,0.00804891304347826,0.023929334916864664
0.2,0.0,0.02,1.3,0.01,7,414,0.02292857142857143,0.017007246376811593,0.032970308788598524
0.2,0.0,0.02,1.3,0.02,7,414,0.015214285714285717,0.08304710144927537,0.09804038004750593
0.2,0.0,0.02,1.3,0.03,7,414,0.009964285714285715,0.14009118357487924,0.15422327790973867
0.2,0.0,0.02,1.3,0.05,7,414,0.0030714285714285717,0.2508979468599034,0.2633022565320664
0.2,0.0,0.02,1.5,0.0,7,414,0.014357142857142858,0.011792874396135265,0.027985154394299272
0.2,0.0,0.02,1.5,0.01,7,414,0.009178571428571428,0.02463707729468599,0.04070190023752962
0.2,0.0,0.02,1.5,0.02,7,414,0.005642857142857143,0.08973188405797101,0.10477315914489316
0.2,0.0,0.02,1.5,0.03,7,414,0.0034642857142857145,0.14788405797101448,0.1619946555819477
0.2,0.0,0.02,1.5,0.05,7,414,0.0012857142857142859,0.2561135265700483,0.26846080760095015
0.2,0.0,0.02,2.0,0.0,7,414,0.002142857142857143,0.024730676328502416,0.04091092636579574
0.2,0.0,0.02,2.0,0.01,7,414,0.0012857142857142859,0.042938405797101446,0.05883016627078397
0.2,0.0,0.02,2.0,0.02,7,414,0.0008928571428571429,0.11044263285024156,0.12521852731591454
0.2,0.0,0.02,2.0,0.03,7,414,0.0005714285714285715,0.16708333333333333,0.18092280285035633
0.2,0.0,0.02,2.0,0.05,7,414,0.00017857142857142857,0.2749788647342995,0.28703087885985756
0.2,0.0,0.05,1.0,0.0,1,420,0.42175,0.0009428571428571429,0.0023141330166270846
0.2,0.0,0.05,1.0,0.01,1,420,0.175,0.002225,0.004179334916864619
0.2,0.0,0.05,1.0,0.02,1,420,0.0285,0.00621845238095238,0.00851128266033263
0.2,0.0,0.05,1.0,0.03,1,420,0.0005,0.04298333333333334,0.045255344418052235
0.2,0.0,0.05,1.0,0.05,1,420,0.0,0.1546089285714286,0.15661698337292163
0.2,0.0,0.05,1.1,0.0,1,420,0.2635,0.0017928571428571427,0.0035380047505938483
0.2,0.0,0.05,1.1,0.01,1,420,0.09425,0.003516666666666667,0.005659738717339602
0.2,0.0,0.05,1.1,0.02,1,420,0.014,0.007682738095238095,0.010006532066508256
0.2,0.0,0.05,1.1,0.03,1,420,0.00025,0.04513869047619048,0.04740617577197137
0.2,0.0,0.05,1.1,0.05,1,420,0.0,0.15713630952380955,0.15913836104513068
0.2,0.0,0.05,1.2,0.0,1,420,0.16175,0.0028029761904761904,0.004787410926365698
0.2,0.0,0.05,1.2,0.01,1,420,0.05125,0.004995238095238095,0.007236935866983263
0.2,0.0,0.05,1.2,0.02,1,420,0.00625,0.009173214285714286,0.011511876484560535
0.2,0.0,0.05,1.2,0.03,1,420,0.00025,0.04747738095238095,0.04973931116389552
0.2,0.0,0.05,1.2,0.05,1,420,0.0,0.15988214285714283,0.16187767220902605
0.2,0.0,0.05,1.3,0.0,1,420,0.095,0.0039785714285714285,0.006118764845605806
0.2,0.0,0.05,1.3,0.01,1,420,0.027,0.006673809523809524,0.008969121140142366
0.2,0.0,0.05,1.3,0.02,1,420,0.003,0.010925595238095238,0.013267814726840799
0.2,0.0,0.05,1.3,0.03,1,420,0.0,0.049858928571428575,0.05211579572446556
0.2,0.0,0.05,1.3,0.05,1,420,0.0,0.16241488095238094,0.16440439429928744
0.2,0.0,0.05,1.5,0.0,1,420,0.0335,0.007123214285714285,0.009402019002375361
0.2,0.0,0.05,1.5,0.01,1,420,0.0085,0.010557738095238094,0.012887767220902568
0.2,0.0,0.05,1.5,0.02,1,420,0.001,0.015043452380952383,0.017380641330166258
0.2,0.0,0.05,1.5,0.03,1,420,0.0,0.05458988095238096,0.05683551068883608
0.2,0.0,0.05,1.5,0.05,1,420,0.0,0.1666160714285714,0.16859560570071253
0.2,0.0,0.05,2.0,0.0,1,420,0.00275,0.015924999999999998,0.018255938242280223
0.2,0.0,0.05,2.0,0.01,1,420,0.00075,0.019254166666666666,0.021581947743468
0.2,0.0,0.05,2.0,0.02,1,420,0.00025,0.02258154761904762,0.024902612826603443
0.2,0.0,0.05,2.0,0.03,1,420,0.0,0.0640625,0.06628562945368166
0.2,0.0,0.05,2.0,0.05,1,420,0.0,0.17556130952380952,0.17751959619952495
0.2,0.0,0.1,1.0,0.0,0,421,,0.0,0.0
0.2,0.0,0.1,1.0,0.01,0,421,,2.3752969121137525e-06,2.375296912049407e-06
0.2,0.0,0.1,1.0,0.02,0,421,,3.147268408551065e-05,3.14726840854318e-05
0.2,0.0,0.1,1.0,0.03,0,421,,0.00022684085510688817,0.00022684085510693563
0.2,0.0,0.1,1.0,0.05,0,421,,0.006937054631828978,0.006937054631829032
0.2,0.0,0.1,1.1,0.0,0,421,,3.562945368171156e-06,3.5629453680741108e-06
0.2,0.0,0.1,1.1,0.01,0,421,,2.5534441805225477e-05,2.5534441805308283e-05
0.2,0.0,0.1,1.1,0.02,0,421,,0.00014014251781472697,0.0001401425178148008
0.2,0.0,0.1,1.1,0.03,0,421,,0.0006342042755344416,0.0006342042755344002
0.2,0.0,0.1,1.1,0.05,0,421,,0.007795130641330166,0.007795130641330084
0.2,0.0,0.1,1.2,0.0,0,421,,3.087885985748221e-05,3.087885985753047e-05
0.2,0.0,0.1,1.2,0.01,0,421,,0.00012054631828978614,0.00012054631828972706
0.2,0.0,0.1,1.2,0.02,0,421,,0.0004257719714964371,0.0004257719714965136
0.2,0.0,0.1,1.2,0.03,0,421,,0.0012589073634204275,0.0012589073634203807
0.2,0.0,0.1,1.2,0.05,0,421,,0.008723277909738716,0.008723277909738703
0.2,0.0,0.1,1.3,0.0,0,421,,0.0001300475059382422,0.00013004750593825776
0.2,0.0,0.1,1.3,0.01,0,421,,0.0003646080760095009,0.000364608076009576
0.2,0.0,0.1,1.3,0.02,0,421,,0.0009210213776722091,0.0009210213776721377
0.2,0.0,0.1,1.3,0.03,0,421,,0.0020932304038004746,0.0020932304038004945
0.2,0.0,0.1,1.3,0.05,0,421,,0.009694774346793349,0.009694774346793333
0.2,0.0,0.1,1.5,0.0,0,421,,0.0007666270783847981,0.0007666270783849294
0.2,0.0,0.1,1.5,0.01,0,421,,0.0013758907363420425,0.0013758907363420336
0.2,0.0,0.1,1.5,0.02,0,421,,0.0023735154394299287,0.002373515439429985
0.2,0.0,0.1,1.5,0.03,0,421,,0.0038984560570071254,0.003898456057007116
0.2,0.0,0.1,1.5,0.05,0,421,,0.01190142517814727,0.011901425178147185
0.2,0.0,0.1,2.0,0.0,0,421,,0.004067102137767221,0.004067102137767176
0.2,0.0,0.1,2.0,0.01,0,421,,0.0052090261282660335,0.005209026128266014
0.2,0.0,0.1,2.0,0.02,0,421,,0.006815320665083136,0.006815320665083058
0.2,0.0,0.1,2.0,0.03,0,421,,0.009322446555819477,0.009322446555819486
0.2,0.0,0.1,2.0,0.05,0,421,,0.01990558194774347,0.01990558194774361
0.2,0.01,0.02,1.0,0.0,7,414,0.21807142857142855,0.0033991545893719806,0.016343824228028492
0.2,0.01,0.02,1.0,0.01,7,414,0.12642857142857142,0.009901570048309176,0.024261876484560574
0.2,0.01,0.02,1.0,0.02,7,414,0.08025,0.07132427536231885,0.0854311163895487
0.2,0.01,0.02,1.0,0.03,7,414,0.054142857142857145,0.12993417874396135,0.14350059382422797
0.2,0.01,0.02,1.0,0.05,7,414,0.02028571428571429,0.24530193236714973,0.25751306413301667
0.2,0.01,0.02,1.1,0.0,7,414,0.13939285714285715,0.0050289855072463766,0.0192547505938242
0.2,0.01,0.02,1.1,0.01,7,414,0.07828571428571428,0.012277777777777778,0.027399049881235094
0.2,0.01,0.02,1.1,0.02,7,414,0.048107142857142855,0.07371799516908212,0.08831947743467938
0.2,0.01,0.02,1.1,0.03,7,414,0.031392857142857146,0.1324963768115942,0.1463984560570072
0.2,0.01,0.02,1.1,0.05,7,414,0.011428571428571429,0.24773671497584543,0.2600546318289785
0.2,0.01,0.02,1.2,0.0,7,414,0.08760714285714286,0.006697463768115943,0.021756532066508294
0.2,0.01,0.02,1.2,0.01,7,414,0.04792857142857143,0.014775966183574877,0.030360451306413294
0.2,0.01,0.02,1.2,0.02,7,414,0.028678571428571425,0.076387077294686,0.09126722090261286
0.2,0.01,0.02,1.2,0.03,7,414,0.018142857142857145,0.13534782608695653,0.14942280285035636
0.2,0.01,0.02,1.2,0.05,7,414,0.006571428571428571,0.25034057971014495,0.26269596199524947
0.2,0.01,0.02,1.3,0.0,7,414,0.05578571428571428,0.008464975845410628,0.02402375296912118
0.2,0.01,0.02,1.3,0.01,7,414,0.02935714285714286,0.017402777777777774,0.03325237529691205
0.2,0.01,0.02,1.3,0.02,7,414,0.017035714285714286,0.07936594202898552,0.09439014251781475
0.2,0.01,0.02,1.3,0.03,7,414,0.010892857142857143,0.1383683574879227,0.1525136579572447
0.2,0.01,0.02,1.3,0.05,7,414,0.0035714285714285718,0.2531503623188406,0.26550890736342025
0.2,0.01,0.02,1.5,0.0,7,414,0.023,0.01253743961352657,0.0285736342042755
0.2,0.01,0.02,1.5,0.01,7,414,0.011428571428571429,0.023517512077294682,0.03956353919239908
0.2,0.01,0.02,1.5,0.02,7,414,0.0069642857142857145,0.08589190821256039,0.1009750593824228
0.2,0.01,0.02,1.5,0.03,7,414,0.003857142857142857,0.1449788647342995,0.1591312351543942
0.2,0.01,0.02,1.5,0.05,7,414,0.0012857142857142859,0.2595676328502416,0.27185748218527317
0.2,0.01,0.02,2.0,0.0,7,414,0.0033214285714285715,0.025478260869565214,0.041626484560570054
0.2,0.01,0.02,2.0,0.01,7,414,0.0015714285714285713,0.04184842995169082,0.05775356294536815
0.2,0.01,0.02,2.0,0.02,7,414,0.0010357142857142859,0.10481884057971014,0.11968586698337291
0.2,0.01,0.02,2.0,0.03,7,414,0.0006071428571428572,0.16381280193236716,0.17770605700712583
0.2,0.01,0.02,2.0,0.05,7,414,0.00014285714285714287,0.28024214975845413,0.2922072446555819
0.2,0.01,0.05,1.0,0.0,1,420,0.455,0.000913690476190476,0.00220605700712595
0.2,0.01,0.05,1.0,0.01,1,420,0.23775,0.0021113095238095235,0.003916864608076054
0.2,0.01,0.05,1.0,0.02,1,420,0.08975,0.005395238095238095,0.007544536817102099
0.2,0.01,0.05,1.0,0.03,1,420,0.02175,0.04043214285714286,0.042659738717339635
0.2,0.01,0.05,1.0,0.05,1,420,0.0,0.15857380952380953,0.16057244655581948
0.2,0.01,0.05,1.1,0.0,1,420,0.31375,0.0017309523809523803,0.003356888361045196
0.2,0.01,0.05,1.1,0.01,1,420,0.14875,0.003324404761904762,0.00533847980997626
0.2,0.01,0.05,1.1,0.02,1,420,0.05025,0.007011904761904762,0.009251187648456005
0.2,0.01,0.05,1.1,0.03,1,420,0.012,0.042295238095238094,0.04454156769596207
0.2,0.01,0.05,1.1,0.05,1,420,0.0,0.16062142857142858,0.1626152019002376
0.2,0.01,0.05,1.2,0.0,1,420,0.205,0.0027142857142857147,0.004596199524940614
0.2,0.01,0.05,1.2,0.01,1,420,0.09225,0.004691071428571429,0.006836104513064267
0.2,0.01,0.05,1.2,0.02,1,420,0.03025,0.008829761904761904,0.011112232779097453
0.2,0.01,0.05,1.2,0.03,1,420,0.00625,0.04434166666666667,0.046596793349168664
0.2,0.01,0.05,1.2,0.05,1,420,0.0,0.1627172619047619,0.16470605700712593
0.2,0.01,0.05,1.3,0.0,1,420,0.13,0.003936904761904761,0.005994061757719771
0.2,0.01,0.05,1.3,0.01,1,420,0.05775,0.006349404761904763,0.008572446555819457
0.2,0.01,0.05,1.3,0.02,1,420,0.01925,0.010802380952380952,0.01310629453681722
0.2,0.01,0.05,1.3,0.03,1,420,0.00275,0.046565476190476185,0.04882363420427538
0.2,0.01,0.05,1.3,0.05,1,420,0.0,0.16474880952380955,0.16673277909738704
0.2,0.01,0.05,1.5,0.0,1,420,0.05475,0.006925595238095238,0.00915439429928755
0.2,0.01,0.05,1.5,0.01,1,420,0.025,0.010173214285714284,0.012464964370546339
0.2,0.01,0.05,1.5,0.02,1,420,0.00725,0.014952380952380953,0.017274940617577172
0.2,0.01,0.05,1.5,0.03,1,420,0.00225,0.05099583333333334,0.053244655581947686
0.2,0.01,0.05,1.5,0.05,1,420,0.0,0.16843928571428568,0.17041448931116399
0.2,0.01,0.05,2.0,0.0,1,420,0.00775,0.015536904761904762,0.017856888361045042
0.2,0.01,0.05,2.0,0.01,1,420,0.00325,0.018985714285714283,0.021308194774346867
0.2,0.01,0.05,2.0,0.02,1,420,0.0015,0.023219047619047622,0.025535629453681707
0.2,0.01,0.05,2.0,0.03,1,420,0.0005,0.060450000000000004,0.06268052256532075
0.2,0.01,0.05,2.0,0.05,1,420,0.0,0.17770952380952382,0.17966270783847993
0.2,0.01,0.1,1.0,0.0,0,421,,5.938242280284381e-07,5.938242280123518e-07
0.2,0.01,0.1,1.0,0.01,0,421,,5.9382422802851725e-06,5.93824228023454e-06
0.2,0.01,0.1,1.0,0.02,0,421,,6.472684085510687e-05,6.472684085501168e-05
0.2,0.01,0.1,1.0,0.03,0,421,,0.00035510688836104504,0.0003551068883610453
0.2,0.01,0.1,1.0,0.05,0,421,,0.006323040380047505,0.0063230403800474955
0.2,0.01,0.1,1.1,0.0,0,421,,5.9382422802851725e-06,5.93824228023454e-06
0.2,0.01,0.1,1.1,0.01,0,421,,4.750593824228033e-05,4.750593824220939e-05
0.2,0.01,0.1,1.1,0.02,0,421,,0.00020961995249406187,0.00020961995249413334
0.2,0.01,0.1,1.1,0.03,0,421,,0.0007488123515439428,0.0007488123515438927
0.2,0.01,0.1,1.1,0.05,0,421,,0.007549287410926364,0.007549287410926531
0.2,0.01,0.1,1.2,0.0,0,421,,4.631828978622345e-05,4.6318289786184685e-05
0.2,0.01,0.1,1.2,0.01,0,421,,0.0001692399049881236,0.00016923990498807218
0.2,0.01,0.1,1.2,0.02,0,421,,0.0005011876484560569,0.0005011876484560807
0.2,0.01,0.1,1.2,0.03,0,421,,0.0012885985748218526,0.0012885985748218864
0.2,0.01,0.1,1.2,0.05,0,421,,0.008823634204275533,0.008823634204275455
0.2,0.01,0.1,1.3,0.0,0,421,,0.0001668646080760096,0.00016686460807602277
0.2,0.01,0.1,1.3,0.01,0,421,,0.0004210213776722091,0.0004210213776720817
0.2,0.01,0.1,1.3,0.02,0,421,,0.0009804038004750592,0.0009804038004749271
0.2,0.01,0.1,1.3,0.03,0,421,,0.001992280285035629,0.001992280285035619
0.2,0.01,0.1,1.3,0.05,0,421,,0.010146080760095011,0.010146080760094933
0.2,0.01,0.1,1.5,0.0,0,421,,0.00076187648456057,0.0007618764845604975
0.2,0.01,0.1,1.5,0.01,0,421,,0.0013568883610451305,0.0013568883610450833
0.2,0.01,0.1,1.5,0.02,0,421,,0.0022488123515439426,0.0022488123515439495
0.2,0.01,0.1,1.5,0.03,0,421,,0.0037001187648456045,0.0037001187648455502
0.2,0.01,0.1,1.5,0.05,0,421,,0.012800475059382423,0.012800475059382421
0.2,0.01,0.1,2.0,0.0,0,421,,0.003969121140142518,0.003969121140142473
0.2,0.01,0.1,2.0,0.01,0,421,,0.005124109263657958,0.005124109263657917
0.2,0.01,0.1,2.0,0.02,0,421,,0.006703681710213775,0.006703681710213738
0.2,0.01,0.1,2.0,0.03,0,421,,0.00902019002375297,0.009020190023752983
0.2,0.01,0.1,2.0,0.05,0,421,,0.020646674584323035,0.0206466745843229
0.2,0.02,0.02,1.0,0.0,7,414,0.28485714285714286,0.003740338164251208,0.015568883610451167
0.2,0.02,0.02,1.0,0.01,7,414,0.18407142857142858,0.010954710144927535,0.02433907363420429
0.2,0.02,0.02,1.0,0.02,7,414,0.11639285714285715,0.07022946859903381,0.08375356294536795
0.2,0.02,0.02,1.0,0.03,7,414,0.07071428571428572,0.12934178743961353,0.1426425178147268
0.2,0.02,0.02,1.0,0.05,7,414,0.02642857142857143,0.24978260869565216,0.2618171021377671
0.2,0.02,0.02,1.1,0.0,7,414,0.19832142857142857,0.005290458937198067,0.018532066508313627
0.2,0.02,0.02,1.1,0.01,7,414,0.12328571428571429,0.01340519323671497,0.02775950118764836
0.2,0.02,0.02,1.1,0.02,7,414,0.07235714285714286,0.07267089371980676,0.08688657957244661
0.2,0.02,0.02,1.1,0.03,7,414,0.04321428571428571,0.13177415458937194,0.14549168646080768
0.2,0.02,0.02,1.1,0.05,7,414,0.014,0.2523435990338164,0.26454216152019006
0.2,0.02,0.02,1.2,0.0,7,414,0.13599999999999998,0.0070422705314009655,0.021290973871733954
0.2,0.02,0.02,1.2,0.01,7,414,0.08085714285714285,0.015901570048309173,0.03091983372921614
0.2,0.02,0.02,1.2,0.02,7,414,0.0455,0.07530434782608694,0.08992280285035614
0.2,0.02,0.02,1.2,0.03,7,414,0.02514285714285714,0.13446739130434782,0.14844061757719706
0.2,0.02,0.02,1.2,0.05,7,414,0.007821428571428573,0.2551437198067633,0.2673984560570071
0.2,0.02,0.02,1.3,0.0,7,414,0.09307142857142855,0.008943840579710144,0.023874703087885973
0.2,0.02,0.02,1.3,0.01,7,414,0.05196428571428572,0.018650966183574872,0.03410391923990497
0.2,0.02,0.02,1.3,0.02,7,414,0.028214285714285716,0.078149154589372,0.09300771971496435
0.2,0.02,0.02,1.3,0.03,7,414,0.014,0.13738707729468597,0.1514970308788599
0.2,0.02,0.02,1.3,0.05,7,414,0.004571428571428572,0.2581829710144927,0.2704412114014252
0.2,0.02,0.02,1.5,0.0,7,414,0.04132142857142857,0.01323490338164251,0.028954869358669977
0.2,0.02,0.02,1.5,0.01,7,414,0.021785714285714287,0.024808574879227052,0.04066092636579566
0.2,0.02,0.02,1.5,0.02,7,414,0.01067857142857143,0.08438828502415457,0.09943467933491679
0.2,0.02,0.02,1.5,0.03,7,414,0.005821428571428572,0.14368961352657003,0.15783076009501174
0.2,0.02,0.02,1.5,0.05,7,414,0.0015714285714285713,0.26493055555555556,0.2771264845605701
0.2,0.02,0.02,2.0,0.0,7,414,0.006714285714285714,0.026754830917874395,0.04282541567695963
0.2,0.02,0.02,2.0,0.01,7,414,0.002928571428571429,0.04284057971014492,0.05870665083135396
0.2,0.02,0.02,2.0,0.02,7,414,0.0011785714285714286,0.10302053140096618,0.1179150831353919
0.2,0.02,0.02,2.0,0.03,7,414,0.0006785714285714286,0.16288466183574882,0.17679216152019006
0.2,0.02,0.02,2.0,0.05,7,414,0.00017857142857142857,0.28525362318840575,0.2971347980997625
0.2,0.02,0.05,1.0,0.0,1,420,0.59375,0.0009874999999999997,0.001950118764845632
0.2,0.02,0.05,1.0,0.01,1,420,0.386,0.002007738095238095,0.0034614014251781455
0.2,0.02,0.05,1.0,0.02,1,420,0.21375,0.004816666666666666,0.006672802850356319
0.2,0.02,0.05,1.0,0.03,1,420,0.1035,0.03927142857142857,0.04130760095011865
0.2,0.02,0.05,1.0,0.05,1,420,0.01225,0.1591446428571429,0.16111282660332538
0.2,0.02,0.05,1.1,0.0,1,420,0.4435,0.0017041666666666668,0.003021971496437015
0.2,0.02,0.05,1.1,0.01,1,420,0.272,0.003097023809523809,0.004818883610451352
0.2,0.02,0.05,1.1,0.02,1,420,0.1405,0.006432738095238095,0.00845902612826599
0.2,0.02,0.05,1.1,0.03,1,420,0.06375,0.04128333333333333,0.04340914489311165
0.2,0.02,0.05,1.1,0.05,1,420,0.00825,0.16101369047619046,0.1629869358669832
0.2,0.02,0.05,1.2,0.0,1,420,0.32025,0.002625,0.004233372921615186
0.2,0.02,0.05,1.2,0.01,1,420,0.181,0.004417261904761906,0.006352137767220989
0.2,0.02,0.05,1.2,0.02,1,420,0.0895,0.0082625,0.010405581947743547
0.2,0.02,0.05,1.2,0.03,1,420,0.041,0.0433654761904762,0.045540380047505824
0.2,0.02,0.05,1.2,0.05,1,420,0.00525,0.16302083333333334,0.16499643705463185
0.2,0.02,0.05,1.3,0.0,1,420,0.22075,0.0037797619047619047,0.005621733966745923
0.2,0.02,0.05,1.3,0.01,1,420,0.1165,0.005966071428571428,0.00805047505938239
0.2,0.02,0.05,1.3,0.02,1,420,0.05825,0.010219642857142856,0.012432304038004882
0.2,0.02,0.05,1.3,0.03,1,420,0.024,0.04565357142857143,0.047863420427553316
0.2,0.02,0.05,1.3,0.05,1,420,0.003,0.16494345238095237,0.16691983372921604
0.2,0.02,0.05,1.5,0.0,1,420,0.09625,0.00666547619047619,0.008796318289786331
0.2,0.02,0.05,1.5,0.01,1,420,0.051,0.009579166666666666,0.011810570071258963
0.2,0.02,0.05,1.5,0.02,1,420,0.02225,0.014389880952380951,0.01667814726840844
0.2,0.02,0.05,1.5,0.03,1,420,0.01025,0.05010297619047619,0.052334916864608116
0.2,0.02,0.05,1.5,0.05,1,420,0.0015,0.16865059523809525,0.17062173396674585
0.2,0.02,0.05,2.0,0.0,1,420,0.01625,0.014842261904761903,0.01714370546318278
0.2,0.02,0.05,2.0,0.01,1,420,0.00725,0.018420238095238094,0.02073456057007117
0.2,0.02,0.05,2.0,0.02,1,420,0.0025,0.02350178571428571,0.025815320665083075
0.2,0.02,0.05,2.0,0.03,1,420,0.00125,0.060227976190476186,0.06245724465558189
0.2,0.02,0.05,2.0,0.05,1,420,0.0,0.17775238095238097,0.17970546318289793
0.2,0.02,0.1,1.0,0.0,0,421,,2.9691211401424545e-06,2.9691211401727813e-06
0.2,0.02,0.1,1.0,0.01,0,421,,1.3657957244655397e-05,1.3657957244617158e-05
0.2,0.02,0.1,1.0,0.02,0,421,,6.235154394299286e-05,6.235154394296227e-05
0.2,0.02,0.1,1.0,0.03,0,421,,0.00031057007125890717,0.0003105700712588977
0.2,0.02,0.1,1.0,0.05,0,421,,0.005627078384798097,0.005627078384798145
0.2,0.02,0.1,1.1,0.0,0,421,,1.5439429928740973e-05,1.5439429928654214e-05
0.2,0.02,0.1,1.1,0.01,0,421,,5.225653206650836e-05,5.225653206653025e-05
0.2,0.02,0.1,1.1,0.02,0,421,,0.0001971496437054631,0.00019714964370542987
0.2,0.02,0.1,1.1,0.03,0,421,,0.0006650831353919238,0.0006650831353920417
0.2,0.02,0.1,1.1,0.05,0,421,,0.0068390736342042735,0.006839073634204329
0.2,0.02,0.1,1.2,0.0,0,421,,5.522565320665081e-05,5.522565320670303e-05
0.2,0.02,0.1,1.2,0.01,0,421,,0.00015973871733966728,0.0001597387173396525
0.2,0.02,0.1,1.2,0.02,0,421,,0.0004780285035629455,0.0004780285035629328
0.2,0.02,0.1,1.2,0.03,0,421,,0.0011033254156769597,0.0011033254156770367
0.2,0.02,0.1,1.2,0.05,0,421,,0.008096793349168643,0.008096793349168796
0.2,0.02,0.1,1.3,0.0,0,421,,0.00015558194774346795,0.00015558194774345502
0.2,0.02,0.1,1.3,0.01,0,421,,0.00043289786223277917,0.0004328978622327728
0.2,0.02,0.1,1.3,0.02,0,421,,0.0008966745843230402,0.0008966745843231871
0.2,0.02,0.1,1.3,0.03,0,421,,0.0017529691211401425,0.0017529691211403131
0.2,0.02,0.1,1.3,0.05,0,421,,0.009462589073634203,0.009462589073634176
0.2,0.02,0.1,1.5,0.0,0,421,,0.0007482185273159141,0.0007482185273157693
0.2,0.02,0.1,1.5,0.01,0,421,,0.0012606888361045131,0.0012606888361045288
0.2,0.02,0.1,1.5,0.02,0,421,,0.0020231591448931115,0.0020231591448931496
0.2,0.02,0.1,1.5,0.03,0,421,,0.003298693586698337,0.0032986935866983202
0.2,0.02,0.1,1.5,0.05,0,421,,0.012305225653206648,0.012305225653206464
0.2,0.02,0.1,2.0,0.0,0,421,,0.0037897862232779095,0.003789786223277969
0.2,0.02,0.1,2.0,0.01,0,421,,0.0048729216152019,0.0048729216152020305
0.2,0.02,0.1,2.0,0.02,0,421,,0.0063646080760095015,0.006364608076009581
0.2,0.02,0.1,2.0,0.03,0,421,,0.00861520190023753,0.008615201900237568
0.2,0.02,0.1,2.0,0.05,0,421,,0.020463776722090262,0.02046377672209032
0.2,0.03,0.02,1.0,0.0,7,414,0.3435357142857143,0.003853260869565217,0.014704275534441869
0.2,0.03,0.02,1.0,0.01,7,414,0.2471071428571429,0.011475845410628014,0.023803444180522604
0.2,0.03,0.02,1.0,0.02,7,414,0.16796428571428573,0.07105495169082125,0.08370783847980989
0.2,0.03,0.02,1.0,0.03,7,414,0.11110714285714286,0.1314897342995169,0.14408313539192408
0.2,0.03,0.02,1.0,0.05,7,414,0.04282142857142857,0.2557892512077295,0.2674513064133016
0.2,0.03,0.02,1.1,0.0,7,414,0.25546428571428575,0.005315217391304346,0.017606294536817058
0.2,0.03,0.02,1.1,0.01,7,414,0.1755357142857143,0.013903381642512069,0.027380641330166267
0.2,0.03,0.02,1.1,0.02,7,414,0.11539285714285714,0.07351509661835748,0.0870011876484561
0.2,0.03,0.02,1.1,0.03,7,414,0.07332142857142857,0.1339842995169082,0.14716448931116377
0.2,0.03,0.02,1.1,0.05,7,414,0.026285714285714284,0.2582832125603865,0.27017874109263673
0.2,0.03,0.02,1.2,0.0,7,414,0.1848571428571429,0.00709963768115942,0.0205350356294538
0.2,0.03,0.02,1.2,0.01,7,414,0.1222857142857143,0.016608695652173905,0.030926365795724386
0.2,0.03,0.02,1.2,0.02,7,414,0.07614285714285715,0.07617149758454106,0.09026603325415683
0.2,0.03,0.02,1.2,0.03,7,414,0.04825,0.13669021739130433,0.1502422802850356
0.2,0.03,0.02,1.2,0.05,7,414,0.015749999999999997,0.26098369565217394,0.27300950118764833
0.2,0.03,0.02,1.3,0.0,7,414,0.1319642857142857,0.009027173913043477,0.023309976247030795
0.2,0.03,0.02,1.3,0.01,7,414,0.08489285714285713,0.01939009661835748,0.03428325415676958
0.2,0.03,0.02,1.3,0.02,7,414,0.053250000000000006,0.07907789855072463,0.09350475059382424
0.2,0.03,0.02,1.3,0.03,7,414,0.03192857142857143,0.13951992753623188,0.15329631828978618
0.2,0.03,0.02,1.3,0.05,7,414,0.010035714285714287,0.26406521739130434,0.2761347980997625
0.2,0.03,0.02,1.5,0.0,7,414,0.06907142857142858,0.013510869565217389,0.028764845605700695
0.2,0.03,0.02,1.5,0.01,7,414,0.04392857142857143,0.02563768115942028,0.04110807600950117
0.2,0.03,0.02,1.5,0.02,7,414,0.026,0.08534722222222221,0.10012292161520187
0.2,0.03,0.02,1.5,0.03,7,414,0.01482142857142857,0.1459692028985507,0.15992280285035632
0.2,0.03,0.02,1.5,0.05,7,414,0.0042499999999999994,0.27065217391304347,0.2827084323040381
0.2,0.03,0.02,2.0,0.0,7,414,0.01560714285714286,0.02763164251207729,0.04353978622327781
0.2,0.03,0.02,2.0,0.01,7,414,0.008749999999999999,0.04402053140096618,0.059770190023752945
0.2,0.03,0.02,2.0,0.02,7,414,0.004535714285714286,0.1039969806763285,0.11881947743467935
0.2,0.03,0.02,2.0,0.03,7,414,0.0023214285714285715,0.16504347826086957,0.1788877672209025
0.2,0.03,0.02,2.0,0.05,7,414,0.0007857142857142856,0.2901280193236715,0.3019180522565321
0.2,0.03,0.05,1.0,0.0,1,420,0.6735,0.0010744047619047614,0.0018473871733967195
0.2,0.03,0.05,1.0,0.01,1,420,0.49225,0.0019875,0.0031888361045131486
0.2,0.03,0.05,1.0,0.02,1,420,0.3375,0.0044625,0.006025534441805203
0.2,0.03,0.05,1.0,0.03,1,420,0.21225,0.03902083333333332,0.04079928741092631
0.2,0.03,0.05,1.0,0.05,1,420,0.06925,0.16144107142857142,0.16326840855106883
0.2,0.03,0.05,1.1,0.0,1,420,0.5365,0.001714285714285714,0.0028111638954868567
0.2,0.03,0.05,1.1,0.01,1,420,0.38425,0.002994642857142857,0.004450118764845579
0.2,0.03,0.05,1.1,0.02,1,420,0.25175,0.0060511904761904765,0.007814133016627145
0.2,0.03,0.05,1.1,0.03,1,420,0.15475,0.040996428571428566,0.042906769596199434
0.2,0.03,0.05,1.1,0.05,1,420,0.048,0.16325416666666662,0.16512767220902602
0.2,0.03,0.05,1.2,0.0,1,420,0.41475,0.002600595238095238,0.003984560570071238
0.2,0.03,0.05,1.2,0.01,1,420,0.28875,0.004213095238095238,0.005892517814726994
0.2,0.03,0.05,1.2,0.02,1,420,0.18375,0.007791666666666666,0.009711995249406136
0.2,0.03,0.05,1.2,0.03,1,420,0.1125,0.04312797619047618,0.04513361045130648
0.2,0.03,0.05,1.2,0.05,1,420,0.033,0.16527499999999998,0.16717933491686454
0.2,0.03,0.05,1.3,0.0,1,420,0.315,0.0036845238095238094,0.0053028503562945195
0.2,0.03,0.05,1.3,0.01,1,420,0.213,0.005714880952380952,0.007570665083135419
0.2,0.03,0.05,1.3,0.02,1,420,0.133,0.00971547619047619,0.011751781472684075
0.2,0.03,0.05,1.3,0.03,1,420,0.07925,0.04531130952380952,0.04739073634204283
0.2,0.03,0.05,1.3,0.05,1,420,0.0205,0.1671845238095238,0.16911401425178152
0.2,0.03,0.05,1.5,0.0,1,420,0.172,0.0064148809523809506,0.00836638954869351
0.2,0.03,0.05,1.5,0.01,1,420,0.11325,0.009076785714285714,0.011161520190023921
0.2,0.03,0.05,1.5,0.02,1,420,0.06975,0.01366547619047619,0.01584263657957241
0.2,0.03,0.05,1.5,0.03,1,420,0.04075,0.049727380952380947,0.0518877672209026
0.2,0.03,0.05,1.5,0.05,1,420,0.00925,0.17098988095238096,0.17293705463182907
0.2,0.03,0.05,2.0,0.0,1,420,0.034,0.014158333333333334,0.01641923990498806
0.2,0.03,0.05,2.0,0.01,1,420,0.0215,0.01771130952380952,0.01999346793349177
0.2,0.03,0.05,2.0,0.02,1,420,0.01325,0.023264285714285713,0.02555285035629451
0.2,0.03,0.05,2.0,0.03,1,420,0.00675,0.060419047619047615,0.06263479809976236
0.2,0.03,0.05,2.0,0.05,1,420,0.001,0.18050714285714287,0.18245130641330165
0.2,0.03,0.1,1.0,0.0,0,421,,8.313539192398925e-06,8.313539192283947e-06
0.2,0.03,0.1,1.0,0.01,0,421,,3.325415676959623e-05,3.325415676957988e-05
0.2,0.03,0.1,1.0,0.02,0,421,,0.00010748218527315891,0.00010748218527323328
0.2,0.03,0.1,1.0,0.03,0,421,,0.00035332541567695947,0.00035332541567700826
0.2,0.03,0.1,1.0,0.05,0,421,,0.005278503562945363,0.005278503562945347
0.2,0.03,0.1,1.1,0.0,0,421,,4.038004750593828e-05,4.0380047505950145e-05
0.2,0.03,0.1,1.1,0.01,0,421,,9.857482185273155e-05,9.857482185282596e-05
0.2,0.03,0.1,1.1,0.02,0,421,,0.0002523752969121139,0.0002523752969121329
0.2,0.03,0.1,1.1,0.03,0,421,,0.0006680522565320665,0.0006680522565321034
0.2,0.03,0.1,1.1,0.05,0,421,,0.006376484560570066,0.00637648456057005
0.2,0.03,0.1,1.2,0.0,0,421,,0.00010807600950118761,0.00010807600950124563
0.2,0.03,0.1,1.2,0.01,0,421,,0.0002250593824228026,0.00022505938242278756
0.2,0.03,0.1,1.2,0.02,0,421,,0.0005029691211401425,0.0005029691211401177
0.2,0.03,0.1,1.2,0.03,0,421,,0.001097980997624703,0.0010979809976247035
0.2,0.03,0.1,1.2,0.05,0,421,,0.0075694774346793305,0.007569477434679395
0.2,0.03,0.1,1.3,0.0,0,421,,0.0002125890736342038,0.00021258907363430612
0.2,0.03,0.1,1.3,0.01,0,421,,0.0004459619952494061,0.00044596199524937763
0.2,0.03,0.1,1.3,0.02,0,421,,0.0008604513064133013,0.0008604513064133235
0.2,0.03,0.1,1.3,0.03,0,421,,0.0016460807600950113,0.0016460807600949812
0.2,0.03,0.1,1.3,0.05,0,421,,0.008892517814726834,0.008892517814726775
0.2,0.03,0.1,1.5,0.0,0,421,,0.0007446555819477432,0.0007446555819476952
0.2,0.03,0.1,1.5,0.01,0,421,,0.0012001187648456055,0.0012001187648454925
0.2,0.03,0.1,1.5,0.02,0,421,,0.0019281472684085507,0.0019281472684086198
0.2,0.03,0.1,1.5,0.03,0,421,,0.003062945368171021,0.0030629453681709773
0.2,0.03,0.1,1.5,0.05,0,421,,0.011779691211401419,0.011779691211401433
0.2,0.03,0.1,2.0,0.0,0,421,,0.0036140142517814724,0.0036140142517814278
0.2,0.03,0.1,2.0,0.01,0,421,,0.004649049881235155,0.004649049881235268
0.2,0.03,0.1,2.0,0.02,0,421,,0.006080760095011875,0.006080760095011795
0.2,0.03,0.1,2.0,0.03,0,421,,0.008151425178147268,0.008151425178147154
0.2,0.03,0.1,2.0,0.05,0,421,,0.020001781472684083,0.020001781472684055
0.3,0.0,0.02,1.0,0.0,7,414,0.22221428571428573,0.003548309178743961,0.01642161520190022
0.3,0.0,0.02,1.0,0.01,7,414,0.13992857142857143,0.009121376811594204,0.02327019002375308
0.3,0.0,0.02,1.0,0.02,7,414,0.10160714285714285,0.07538768115942028,0.08907185273159135
0.3,0.0,0.02,1.0,0.03,7,414,0.07878571428571428,0.13169323671497585,0.1448206650831355
0.3,0.0,0.02,1.0,0.05,7,414,0.04214285714285715,0.24367210144927537,0.25554691211401437
0.3,0.0,0.02,1.1,0.0,7,414,0.16403571428571428,0.005047705314009662,0.018863420427553512
0.3,0.0,0.02,1.1,0.01,7,414,0.10335714285714286,0.011883454106280193,0.026594418052256596
0.3,0.0,0.02,1.1,0.02,7,414,0.0739642857142857,0.0779873188405797,0.09208788598574824
0.3,0.0,0.02,1.1,0.03,7,414,0.057071428571428565,0.13453502415458937,0.14797624703087886
0.3,0.0,0.02,1.1,0.05,7,414,0.030000000000000002,0.24609722222222224,0.25813361045130645
0.3,0.0,0.02,1.2,0.0,7,414,0.12239285714285712,0.006746376811594203,0.02122624703087883
0.3,0.0,0.02,1.2,0.01,7,414,0.07771428571428572,0.01493659420289855,0.030023159144893174
0.3,0.0,0.02,1.2,0.02,7,414,0.055178571428571424,0.0808719806763285,0.09523693586698345
0.3,0.0,0.02,1.2,0.03,7,414,0.04289285714285714,0.13776630434782608,0.15138954869358678
0.3,0.0,0.02,1.2,0.05,7,414,0.021535714285714287,0.2485899758454106,0.26072565320665086
0.3,0.0,0.02,1.3,0.0,7,414,0.09296428571428571,0.008577294685990337,0.023516033254156743
0.3,0.0,0.02,1.3,0.01,7,414,0.05864285714285714,0.01830072463768116,0.03364845605700695
0.3,0.0,0.02,1.3,0.02,7,414,0.04207142857142857,0.08392028985507247,0.0984524940617576
0.3,0.0,0.02,1.3,0.03,7,414,0.03132142857142857,0.14132306763285024,0.1550795724465558
0.3,0.0,0.02,1.3,0.05,7,414,0.016142857142857143,0.2512373188405797,0.26341864608076004
0.3,0.0,0.02,1.5,0.0,7,414,0.05757142857142857,0.012814613526570047,0.028271377672209108
0.3,0.0,0.02,1.5,0.01,7,414,0.03517857142857143,0.025382850241545896,0.0410029691211401
0.3,0.0,0.02,1.5,0.02,7,414,0.02417857142857143,0.09103321256038646,0.10574465558194779
0.3,0.0,0.02,1.5,0.03,7,414,0.018749999999999996,0.14855012077294685,0.16239548693586703
0.3,0.0,0.02,1.5,0.05,7,414,0.010035714285714287,0.2572397342995169,0.26942280285035636
0.3,0.0,0.02,2.0,0.0,7,414,0.02082142857142857,0.026781400966183574,0.042616983372921635
0.3,0.0,0.02,2.0,0.01,7,414,0.013535714285714286,0.043838164251207734,0.059511282660332565
0.3,0.0,0.02,2.0,0.02,7,414,0.009535714285714286,0.11168357487922705,0.12629513064133024
0.3,0.0,0.02,2.0,0.03,7,414,0.007392857142857144,0.16857125603864734,0.18227256532066516
0.3,0.0,0.02,2.0,0.05,7,414,0.004607142857142857,0.2767415458937198,0.28869061757719716
0.3,0.0,0.05,1.0,0.0,1,420,0.457,0.0015214285714285711,0.0028076009501187826
0.3,0.0,0.05,1.0,0.01,1,420,0.27325,0.0028904761904761903,0.004609857482185231
0.3,0.0,0.05,1.0,0.02,1,420,0.11525,0.006313095238095237,0.0083996437054632
0.3,0.0,0.05,1.0,0.03,1,420,0.016,0.04344702380952381,0.04568111638954864
0.3,0.0,0.05,1.0,0.05,1,420,0.0,0.15559404761904763,0.15759976247030882
0.3,0.0,0.05,1.1,0.0,1,420,0.349,0.0024458333333333333,0.003986342042755275
0.3,0.0,0.05,1.1,0.01,1,420,0.19875,0.004229166666666666,0.0061223277909738805
0.3,0.0,0.05,1.1,0.02,1,420,0.08425,0.007955357142857142,0.010111638954869329
0.3,0.0,0.05,1.1,0.03,1,420,0.01225,0.045652976190476195,0.04789073634204288
0.3,0.0,0.05,1.1,0.05,1,420,0.0,0.1578375,0.15983788598574822
0.3,0.0,0.05,1.2,0.0,1,420,0.2605,0.0036,0.0053479809976245685
0.3,0.0,0.05,1.2,0.01,1,420,0.14675,0.0058041666666666675,0.007817102137767207
0.3,0.0,0.05,1.2,0.02,1,420,0.0645,0.0096875,0.011886579572446543
0.3,0.0,0.05,1.2,0.03,1,420,0.00975,0.04793392857142857,0.0501722090261284
0.3,0.0,0.05,1.2,0.05,1,420,0.0,0.16007083333333333,0.16206591448931107
0.3,0.0,0.05,1.3,0.0,1,420,0.199,0.004941666666666666,0.006832541567695971
0.3,0.0,0.05,1.3,0.01,1,420,0.1115,0.007507738095238095,0.009600356294536816
0.3,0.0,0.05,1.3,0.02,1,420,0.0475,0.011482142857142857,0.013717339667458361
0.3,0.0,0.05,1.3,0.03,1,420,0.008,0.05018988095238095,0.05242695961995247
0.3,0.0,0.05,1.3,0.05,1,420,0.0,0.1621625,0.16415261282660332
0.3,0.0,0.05,1.5,0.0,1,420,0.1205,0.008008928571428571,0.010078978622327761
0.3,0.0,0.05,1.5,0.01,1,420,0.06975,0.010938690476190475,0.013122327790973887
0.3,0.0,0.05,1.5,0.02,1,420,0.0275,0.014894047619047621,0.017168646080760075
0.3,0.0,0.05,1.5,0.03,1,420,0.00525,0.05435297619047618,0.05658669833729213
0.3,0.0,0.05,1.5,0.05,1,420,0.0,0.16611369047619048,0.16809441805225644
0.3,0.0,0.05,2.0,0.0,1,420,0.04525,0.015608333333333333,0.01783907363420434
0.3,0.0,0.05,2.0,0.01,1,420,0.023,0.01865238095238095,0.02092874109263665
0.3,0.0,0.05,2.0,0.02,1,420,0.01,0.022499404761904762,0.02479750593824226
0.3,0.0,0.05,2.0,0.03,1,420,0.002,0.06389940476190475,0.06611817102137774
0.3,0.0,0.05,2.0,0.05,1,420,0.0,0.1756464285714286,0.17760451306413316
0.3,0.0,0.1,1.0,0.0,0,421,,2.078384798099771e-05,2.0783847980876402e-05
0.3,0.0,0.1,1.0,0.01,0,421,,5.641330166270769e-05,5.641330166272773e-05
0.3,0.0,0.1,1.0,0.02,0,421,,0.0001876484560570073,0.00018764845605689917
0.3,0.0,0.1,1.0,0.03,0,421,,0.0005700712589073634,0.0005700712589074008
0.3,0.0,0.1,1.0,0.05,0,421,,0.006847980997624704,0.006847980997624625
0.3,0.0,0.1,1.1,0.0,0,421,,7.838479809976253e-05,7.838479809985088e-05
0.3,0.0,0.1,1.1,0.01,0,421,,0.00019655581947743465,0.00019655581947741751
0.3,0.0,0.1,1.1,0.02,0,421,,0.0004536817102137766,0.00045368171021387127
0.3,0.0,0.1,1.1,0.03,0,421,,0.001090855106888361,0.0010908551068883332
0.3,0.0,0.1,1.1,0.05,0,421,,0.007827197149643706,0.00782719714964375
0.3,0.0,0.1,1.2,0.0,0,421,,0.00021971496437054637,0.00021971496437045435
0.3,0.0,0.1,1.2,0.01,0,421,,0.0004358669833729216,0.0004358669833728346
0.3,0.0,0.1,1.2,0.02,0,421,,0.0008984560570071259,0.0008984560570071132
0.3,0.0,0.1,1.2,0.03,0,421,,0.00179750593824228,0.0017975059382423497
0.3,0.0,0.1,1.2,0.05,0,421,,0.008861638954869359,0.008861638954869244
0.3,0.0,0.1,1.3,0.0,0,421,,0.0004661520190023749,0.0004661520190024637
0.3,0.0,0.1,1.3,0.01,0,421,,0.0008402612826603323,0.0008402612826603484
0.3,0.0,0.1,1.3,0.02,0,421,,0.0014548693586698335,0.0014548693586696748
0.3,0.0,0.1,1.3,0.03,0,421,,0.002561757719714964,0.0025617577197148966
0.3,0.0,0.1,1.3,0.05,0,421,,0.009967933491686462,0.009967933491686454
0.3,0.0,0.1,1.5,0.0,0,421,,0.0013010688836104511,0.001301068883610479
0.3,0.0,0.1,1.5,0.01,0,421,,0.001917458432304038,0.0019174584323039534
0.3,0.0,0.1,1.5,0.02,0,421,,0.0028497624703087885,0.00284976247030877
0.3,0.0,0.1,1.5,0.03,0,421,,0.004346199524940617,0.0043461995249406415
0.3,0.0,0.1,1.5,0.05,0,421,,0.012550475059382424,0.012550475059382449
0.3,0.0,0.1,2.0,0.0,0,421,,0.004713182897862232,0.004713182897862156
0.3,0.0,0.1,2.0,0.01,0,421,,0.005935273159144894,0.005935273159144883
0.3,0.0,0.1,2.0,0.02,0,421,,0.0075813539192399046,0.007581353919239753
0.3,0.0,0.1,2.0,0.03,0,421,,0.00998456057007126,0.009984560570071133
0.3,0.0,0.1,2.0,0.05,0,421,,0.0198895486935867,0.019889548693586834
0.3,0.01,0.02,1.0,0.0,7,414,0.26149999999999995,0.003951690821256039,0.016165083135392
0.3,0.01,0.02,1.0,0.01,7,414,0.16910714285714287,0.01029710144927536,0.023941211401425133
0.3,0.01,0.02,1.0,0.02,7,414,0.11171428571428572,0.07125543478260869,0.0848402612826602
0.3,0.01,0.02,1.0,0.03,7,414,0.08342857142857142,0.13013949275362321,0.1432155581947745
0.3,0.01,0.02,1.0,0.05,7,414,0.04503571428571429,0.24564371980676325,0.2574376484560571
0.3,0.01,0.02,1.1,0.0,7,414,0.1955,0.005480676328502416,0.018766033254156822
0.3,0.01,0.02,1.1,0.01,7,414,0.12525000000000003,0.012732487922705312,0.02706532066508316
0.3,0.01,0.02,1.1,0.02,7,414,0.08374999999999999,0.0738737922705314,0.08788004750593825
0.3,0.01,0.02,1.1,0.03,7,414,0.061535714285714284,0.13282246376811593,0.14621793349168644
0.3,0.01,0.02,1.1,0.05,7,414,0.032464285714285716,0.24813949275362318,0.2601009501187649
0.3,0.01,0.02,1.2,0.0,7,414,0.14732142857142858,0.007243357487922706,0.021300475059382373
0.3,0.01,0.02,1.2,0.01,7,414,0.09475,0.015389492753623186,0.030185273159144876
0.3,0.01,0.02,1.2,0.02,7,414,0.06296428571428571,0.0767506038647343,0.09105463182897877
0.3,0.01,0.02,1.2,0.03,7,414,0.04582142857142857,0.13571739130434785,0.14932600950118757
0.3,0.01,0.02,1.2,0.05,7,414,0.02428571428571429,0.25089855072463774,0.26295011876484564
0.3,0.01,0.02,1.3,0.0,7,414,0.11453571428571428,0.009103260869565219,0.02367458432304037
0.3,0.01,0.02,1.3,0.01,7,414,0.07367857142857144,0.01823611111111111,0.0333349168646081
0.3,0.01,0.02,1.3,0.02,7,414,0.04792857142857143,0.07980555555555556,0.09430878859857472
0.3,0.01,0.02,1.3,0.03,7,414,0.03492857142857143,0.13882910628019324,0.15256710213776725
0.3,0.01,0.02,1.3,0.05,7,414,0.018285714285714287,0.2538701690821256,0.26597209026128266
0.3,0.01,0.02,1.5,0.0,7,414,0.07092857142857142,0.013390700483091785,0.028615795724465598
0.3,0.01,0.02,1.5,0.01,7,414,0.04510714285714285,0.024551328502415457,0.04002019002375301
0.3,0.01,0.02,1.5,0.02,7,414,0.029249999999999998,0.08639492753623187,0.1010991686460807
0.3,0.01,0.02,1.5,0.03,7,414,0.021714285714285714,0.14542934782608696,0.15927731591448924
0.3,0.01,0.02,1.5,0.05,7,414,0.011678571428571429,0.260582729468599,0.27268289786223265
0.3,0.01,0.02,2.0,0.0,7,414,0.027535714285714292,0.027254830917874395,0.042970902612826545
0.3,0.01,0.02,2.0,0.01,7,414,0.017857142857142856,0.04348792270531401,0.05909501187648458
0.3,0.01,0.02,2.0,0.02,7,414,0.011678571428571429,0.10593417874396135,0.12060570071258903
0.3,0.01,0.02,2.0,0.03,7,414,0.008321428571428572,0.16507427536231883,0.17881828978622338
0.3,0.01,0.02,2.0,0.05,7,414,0.004357142857142857,0.28119504830917874,0.2930742280285037
0.3,0.01,0.05,1.0,0.0,1,420,0.489,0.0014619047619047617,0.0026722090261283027
0.3,0.01,0.05,1.0,0.01,1,420,0.307,0.002749404761904762,0.004388954869358752
0.3,0.01,0.05,1.0,0.02,1,420,0.15025,0.00584047619047619,0.007845011876484564
0.3,0.01,0.05,1.0,0.03,1,420,0.04725,0.040970238095238094,0.04313598574821853
0.3,0.01,0.05,1.0,0.05,1,420,0.00125,0.15886666666666668,0.16086163895486938
0.3,0.01,0.05,1.1,0.0,1,420,0.37425,0.002369642857142857,0.003850356294536783
0.3,0.01,0.05,1.1,0.01,1,420,0.2225,0.004039880952380952,0.005877078384798007
0.3,0.01,0.05,1.1,0.02,1,420,0.10875,0.00750952380952381,0.009608669833729211
0.3,0.01,0.05,1.1,0.03,1,420,0.0355,0.042910119047619044,0.045099168646080656
0.3,0.01,0.05,1.1,0.05,1,420,0.001,0.1607625,0.16275356294536836
0.3,0.01,0.05,1.2,0.0,1,420,0.2815,0.0034535714285714282,0.005152019002375274
0.3,0.01,0.05,1.2,0.01,1,420,0.16625,0.005535714285714286,0.007502969121140124
0.3,0.01,0.05,1.2,0.02,1,420,0.0785,0.00934047619047619,0.011507125890736325
0.3,0.01,0.05,1.2,0.03,1,420,0.0275,0.04490714285714285,0.047110451306413226
0.3,0.01,0.05,1.2,0.05,1,420,0.00075,0.16266369047619048,0.16465083135391922
0.3,0.01,0.05,1.3,0.0,1,420,0.2135,0.004773214285714285,0.006630047505938208
0.3,0.01,0.05,1.3,0.01,1,420,0.128,0.007138095238095237,0.009192399049881228
0.3,0.01,0.05,1.3,0.02,1,420,0.05925,0.01124345238095238,0.013451306413301722
0.3,0.01,0.05,1.3,0.03,1,420,0.0215,0.04698988095238095,0.049202494061757696
0.3,0.01,0.05,1.3,0.05,1,420,0.00075,0.1645434523809524,0.1665261282660332
0.3,0.01,0.05,1.5,0.0,1,420,0.1325,0.007756547619047619,0.00979869358669827
0.3,0.01,0.05,1.5,0.01,1,420,0.077,0.010619642857142855,0.012786817102137693
0.3,0.01,0.05,1.5,0.02,1,420,0.035,0.014847619047619049,0.017104513064133076
0.3,0.01,0.05,1.5,0.03,1,420,0.014,0.050961904761904764,0.053182897862232736
0.3,0.01,0.05,1.5,0.05,1,420,0.0005,0.16821904761904763,0.1701935866983374
0.3,0.01,0.05,2.0,0.0,1,420,0.048,0.015383928571428571,0.017608669833729107
0.3,0.01,0.05,2.0,0.01,1,420,0.02875,0.01857857142857143,0.02084144893111639
0.3,0.01,0.05,2.0,0.02,1,420,0.016,0.023007142857142858,0.025289786223277932
0.3,0.01,0.05,2.0,0.03,1,420,0.00625,0.06074285714285713,0.06295902612826598
0.3,0.01,0.05,2.0,0.05,1,420,0.00025,0.1778047619047619,0.17975712589073622
0.3,0.01,0.1,1.0,0.0,0,421,,2.553444180522574e-05,2.5534441805308283e-05
0.3,0.01,0.1,1.0,0.01,0,421,,8.432304038004745e-05,8.432304038008542e-05
0.3,0.01,0.1,1.0,0.02,0,421,,0.00024762470308788587,0.00024762470308781204
0.3,0.01,0.1,1.0,0.03,0,421,,0.000660332541567696,0.0006603325415677208
0.3,0.01,0.1,1.0,0.05,0,421,,0.006569477434679333,0.006569477434679394
0.3,0.01,0.1,1.1,0.0,0,421,,0.00010213776722090244,0.00010213776722090007
0.3,0.01,0.1,1.1,0.01,0,421,,0.00023040380047505932,0.00023040380047500975
0.3,0.01,0.1,1.1,0.02,0,421,,0.0005273159144893111,0.0005273159144892903
0.3,0.01,0.1,1.1,0.03,0,421,,0.0011312351543942992,0.0011312351543942833
0.3,0.01,0.1,1.1,0.05,0,421,,0.007802256532066507,0.007802256532066454
0.3,0.01,0.1,1.2,0.0,0,421,,0.0002452494061757721,0.00024524940617576263
0.3,0.01,0.1,1.2,0.01,0,421,,0.0004786223277909736,0.00047862232779094516
0.3,0.01,0.1,1.2,0.02,0,421,,0.0009418052256532063,0.0009418052256532361
0.3,0.01,0.1,1.2,0.03,0,421,,0.0017357482185273157,0.0017357482185272888
0.3,0.01,0.1,1.2,0.05,0,421,,0.009080166270783846,0.009080166270783785
0.3,0.01,0.1,1.3,0.0,0,421,,0.0005005938242280285,0.0005005938242280683
0.3,0.01,0.1,1.3,0.01,0,421,,0.0008758907363420428,0.0008758907363420887
0.3,0.01,0.1,1.3,0.02,0,421,,0.001422209026128266,0.0014222090261282183
0.3,0.01,0.1,1.3,0.03,0,421,,0.0024435866983372923,0.002443586698337441
0.3,0.01,0.1,1.3,0.05,0,421,,0.010394893111638954,0.010394893111638992
0.3,0.01,0.1,1.5,0.0,0,421,,0.0012933491686460805,0.0012933491686459853
0.3,0.01,0.1,1.5,0.01,0,421,,0.0018646080760095008,0.0018646080760094108
0.3,0.01,0.1,1.5,0.02,0,421,,0.002737529691211401,0.0027375296912114377
0.3,0.01,0.1,1.5,0.03,0,421,,0.0041739904988123515,0.004173990498812397
0.3,0.01,0.1,1.5,0.05,0,421,,0.013155581947743467,0.013155581947743467
0.3,0.01,0.1,2.0,0.0,0,421,,0.004585510688836105,0.004585510688836281
0.3,0.01,0.1,2.0,0.01,0,421,,0.005742280285035629,0.00574228028503565
0.3,0.01,0.1,2.0,0.02,0,421,,0.007373515439429929,0.0073735154394298785
0.3,0.01,0.1,2.0,0.03,0,421,,0.009673396674584323,0.009673396674584334
0.3,0.01,0.1,2.0,0.05,0,421,,0.020565914489311162,0.02056591448931122
0.3,0.02,0.02,1.0,0.0,7,414,0.32235714285714284,0.004338768115942028,0.015533847980997662
0.3,0.02,0.02,1.0,0.01,7,414,0.22592857142857145,0.011535628019323669,0.024214370546318364
0.3,0.02,0.02,1.0,0.02,7,414,0.15185714285714286,0.07085688405797101,0.08378087885985752
0.3,0.02,0.02,1.0,0.03,7,414,0.10317857142857143,0.12981340579710146,0.14256650831353912
0.3,0.02,0.02,1.0,0.05,7,414,0.048571428571428564,0.25103864734299514,0.26268408551068867
0.3,0.02,0.02,1.1,0.0,7,414,0.24896428571428572,0.0059474637681159424,0.01833610451306411
0.3,0.02,0.02,1.1,0.01,7,414,0.1697857142857143,0.013967391304347824,0.027539192399049894
0.3,0.02,0.02,1.1,0.02,7,414,0.1125,0.07338768115942028,0.08692399049881239
0.3,0.02,0.02,1.1,0.03,7,414,0.07432142857142857,0.13234118357487923,0.14553206650831352
0.3,0.02,0.02,1.1,0.05,7,414,0.03557142857142857,0.2537608695652174,0.2655771971496437
0.3,0.02,0.02,1.2,0.0,7,414,0.19196428571428573,0.007699275362318839,0.021006532066508266
0.3,0.02,0.02,1.2,0.01,7,414,0.12960714285714287,0.016589975845410623,0.030786223277909586
0.3,0.02,0.02,1.2,0.02,7,414,0.08378571428571428,0.0761213768115942,0.09008966745843228
0.3,0.02,0.02,1.2,0.03,7,414,0.05546428571428571,0.13521980676328502,0.14867636579572452
0.3,0.02,0.02,1.2,0.05,7,414,0.025678571428571433,0.25668840579710145,0.2686205463182898
0.3,0.02,0.02,1.3,0.0,7,414,0.14946428571428574,0.009643719806763283,0.023625296912114013
0.3,0.02,0.02,1.3,0.01,7,414,0.09907142857142857,0.01950724637681159,0.034162707838479744
0.3,0.02,0.02,1.3,0.02,7,414,0.06317857142857143,0.07904347826086956,0.09330581947743466
0.3,0.02,0.02,1.3,0.03,7,414,0.04239285714285714,0.13820954106280192,0.1518337292161518
0.3,0.02,0.02,1.3,0.05,7,414,0.019142857142857145,0.25981219806763284,0.27180106888361044
0.3,0.02,0.02,1.5,0.0,7,414,0.0915714285714286,0.014177536231884056,0.02904631828978621
0.3,0.02,0.02,1.5,0.01,7,414,0.05971428571428572,0.025829710144927538,0.04103444180522553
0.3,0.02,0.02,1.5,0.02,7,414,0.038642857142857145,0.08548429951690822,0.1000475059382423
0.3,0.02,0.02,1.5,0.03,7,414,0.025535714285714283,0.14478140096618358,0.1585766033254158
0.3,0.02,0.02,1.5,0.05,7,414,0.011964285714285715,0.2667880434782609,0.27878028503562957
0.3,0.02,0.02,2.0,0.0,7,414,0.03467857142857143,0.028423309178743958,0.044001187648456175
0.3,0.02,0.02,2.0,0.01,7,414,0.02342857142857143,0.04456099033816425,0.06005760095011892
0.3,0.02,0.02,2.0,0.02,7,414,0.01525,0.10467632850241546,0.11930938242280276
0.3,0.02,0.02,2.0,0.03,7,414,0.010642857142857145,0.16426751207729468,0.1779863420427552
0.3,0.02,0.02,2.0,0.05,7,414,0.005392857142857143,0.28685809178743965,0.29862589073634205
0.3,0.02,0.05,1.0,0.0,1,420,0.562,0.001445833333333333,0.0024827790973871444
0.3,0.02,0.05,1.0,0.01,1,420,0.418,0.0025803571428571425,0.003956650831353881
0.3,0.02,0.05,1.0,0.02,1,420,0.26825,0.005385119047619048,0.007110451306413412
0.3,0.02,0.05,1.0,0.03,1,420,0.13925,0.03980595238095237,0.0417559382422803
0.3,0.02,0.05,1.0,0.05,1,420,0.026,0.15961309523809522,0.1615475059382423
0.3,0.02,0.05,1.1,0.0,1,420,0.464,0.0023148809523809524,0.003582541567695885
0.3,0.02,0.05,1.1,0.01,1,420,0.328,0.0038214285714285715,0.005408551068883494
0.3,0.02,0.05,1.1,0.02,1,420,0.20175,0.0070321428571428575,0.008911520190023836
0.3,0.02,0.05,1.1,0.03,1,420,0.1035,0.04177678571428572,0.043807007125890696
0.3,0.02,0.05,1.1,0.05,1,420,0.01775,0.1614202380952381,0.16336995249406172
0.3,0.02,0.05,1.2,0.0,1,420,0.372,0.003361309523809523,0.004845011876484451
0.3,0.02,0.05,1.2,0.01,1,420,0.256,0.005199404761904762,0.006954275534441723
0.3,0.02,0.05,1.2,0.02,1,420,0.154,0.008861309523809525,0.010849762470308777
0.3,0.02,0.05,1.2,0.03,1,420,0.07625,0.043882142857142856,0.04597209026128257
0.3,0.02,0.05,1.2,0.05,1,420,0.01275,0.1632577380952381,0.16521496437054628
0.3,0.02,0.05,1.3,0.0,1,420,0.295,0.004570833333333334,0.006234560570071324
0.3,0.02,0.05,1.3,0.01,1,420,0.202,0.0067714285714285715,0.008650831353919197
0.3,0.02,0.05,1.3,0.02,1,420,0.1175,0.010717261904761907,0.012788004750593829
0.3,0.02,0.05,1.3,0.03,1,420,0.05575,0.04595892857142856,0.04809263657957252
0.3,0.02,0.05,1.3,0.05,1,420,0.01025,0.16510535714285715,0.16706413301662704
0.3,0.02,0.05,1.5,0.0,1,420,0.1905,0.007383928571428571,0.009289192399049906
0.3,0.02,0.05,1.5,0.01,1,420,0.12425,0.010058333333333332,0.012114608076009392
0.3,0.02,0.05,1.5,0.02,1,420,0.0685,0.014446428571428572,0.016624703087885995
0.3,0.02,0.05,1.5,0.03,1,420,0.034,0.05010297619047619,0.05227850356294539
0.3,0.02,0.05,1.5,0.05,1,420,0.00675,0.1686845238095238,0.17064311163895474
0.3,0.02,0.05,2.0,0.0,1,420,0.0645,0.014870833333333331,0.017057600950118657
0.3,0.02,0.05,2.0,0.01,1,420,0.04225,0.018298214285714282,0.02052969121140147
0.3,0.02,0.05,2.0,0.02,1,420,0.0265,0.023441666666666663,0.02569833729216142
0.3,0.02,0.05,2.0,0.03,1,420,0.016,0.06034821428571428,0.06254216152018999
0.3,0.02,0.05,2.0,0.05,1,420,0.0025,0.17822261904761905,0.1801686460807601
0.3,0.02,0.1,1.0,0.0,0,421,,3.384798099762467e-05,3.384798099759223e-05
0.3,0.02,0.1,1.0,0.01,0,421,,9.026128266033262e-05,9.026128266031996e-05
0.3,0.02,0.1,1.0,0.02,0,421,,0.00024168646080760097,0.0002416864608075775
0.3,0.02,0.1,1.0,0.03,0,421,,0.0006003562945368172,0.0006003562945368079
0.3,0.02,0.1,1.0,0.05,0,421,,0.005937054631828974,0.00593705463182892
0.3,0.02,0.1,1.1,0.0,0,421,,0.00011223277909738694,0.00011223277909744311
0.3,0.02,0.1,1.1,0.01,0,421,,0.00024643705463182924,0.00024643705463178733
0.3,0.02,0.1,1.1,0.02,0,421,,0.0005035629453681709,0.0005035629453681301
0.3,0.02,0.1,1.1,0.03,0,421,,0.0010267220902612825,0.0010267220902612229
0.3,0.02,0.1,1.1,0.05,0,421,,0.007149643705463178,0.007149643705463116
0.3,0.02,0.1,1.2,0.0,0,421,,0.0002684085510688833,0.0002684085510689105
0.3,0.02,0.1,1.2,0.01,0,421,,0.0004881235154394297,0.00048812351543947585
0.3,0.02,0.1,1.2,0.02,0,421,,0.0008640142517814727,0.0008640142517813976
0.3,0.02,0.1,1.2,0.03,0,421,,0.0015475059382422801,0.0015475059382422662
0.3,0.02,0.1,1.2,0.05,0,421,,0.008475059382422798,0.008475059382422767
0.3,0.02,0.1,1.3,0.0,0,421,,0.0005047505938242281,0.0005047505938241548
0.3,0.02,0.1,1.3,0.01,0,421,,0.0008141330166270778,0.0008141330166270278
0.3,0.02,0.1,1.3,0.02,0,421,,0.001312945368171021,0.00131294536817117
0.3,0.02,0.1,1.3,0.03,0,421,,0.002247624703087886,0.002247624703087814
0.3,0.02,0.1,1.3,0.05,0,421,,0.009827197149643701,0.00982719714964364
0.3,0.02,0.1,1.5,0.0,0,421,,0.0012327790973871732,0.001232779097387171
0.3,0.02,0.1,1.5,0.01,0,421,,0.0017695961995249404,0.001769596199524992
0.3,0.02,0.1,1.5,0.02,0,421,,0.0025771971496437052,0.002577197149643773
0.3,0.02,0.1,1.5,0.03,0,421,,0.003829572446555819,0.0038295724465559067
0.3,0.02,0.1,1.5,0.05,0,421,,0.012802256532066503,0.012802256532066347
0.3,0.02,0.1,2.0,0.0,0,421,,0.004456650831353919,0.004456650831353937
0.3,0.02,0.1,2.0,0.01,0,421,,0.00552375296912114,0.005523752969121221
0.3,0.02,0.1,2.0,0.02,0,421,,0.007024346793349169,0.007024346793349179
0.3,0.02,0.1,2.0,0.03,0,421,,0.009161520190023753,0.009161520190023809
0.3,0.02,0.1,2.0,0.05,0,421,,0.0206021377672209,0.020602137767220863
0.3,0.03,0.02,1.0,0.0,7,414,0.36850000000000005,0.004392512077294686,0.014819477434679373
0.3,0.03,0.02,1.0,0.01,7,414,0.2769285714285714,0.011975241545893713,0.023798693586698172
0.3,0.03,0.02,1.0,0.02,7,414,0.20167857142857143,0.07178623188405796,0.08386638954869341
0.3,0.03,0.02,1.0,0.03,7,414,0.14564285714285716,0.13195108695652175,0.14396258907363424
0.3,0.03,0.02,1.0,0.05,7,414,0.06853571428571428,0.25641123188405796,0.26763539192399044
0.3,0.03,0.02,1.1,0.0,7,414,0.29178571428571426,0.0059987922705313996,0.017674584323040365
0.3,0.03,0.02,1.1,0.01,7,414,0.2183928571428571,0.014496376811594198,0.027251187648456132
0.3,0.03,0.02,1.1,0.02,7,414,0.1573928571428571,0.07438647342995168,0.08715973871733973
0.3,0.03,0.02,1.1,0.03,7,414,0.10946428571428571,0.13447584541062801,0.14704691211401422
0.3,0.03,0.02,1.1,0.05,7,414,0.05085714285714286,0.25909661835748793,0.2705700712589073
0.3,0.03,0.02,1.2,0.0,7,414,0.2344642857142857,0.007832125603864733,0.02043052256532063
0.3,0.03,0.02,1.2,0.01,7,414,0.17275,0.01721980676328502,0.030688242280284994
0.3,0.03,0.02,1.2,0.02,7,414,0.12135714285714284,0.07712016908212561,0.09044714964370548
0.3,0.03,0.02,1.2,0.03,7,414,0.08425,0.13727777777777778,0.15022149643705474
0.3,0.03,0.02,1.2,0.05,7,414,0.037214285714285714,0.2619957729468599,0.27364786223277904
0.3,0.03,0.02,1.3,0.0,7,414,0.18807142857142858,0.009864734299516908,0.023200712589073635
0.3,0.03,0.02,1.3,0.01,7,414,0.1370357142857143,0.020143115942028982,0.03415676959619951
0.3,0.03,0.02,1.3,0.02,7,414,0.09403571428571429,0.08005072463768116,0.09378325415676958
0.3,0.03,0.02,1.3,0.03,7,414,0.06342857142857143,0.14028079710144925,0.15352078384798096
0.3,0.03,0.02,1.3,0.05,7,414,0.028464285714285716,0.2651600241545894,0.2769049881235154
0.3,0.03,0.02,1.5,0.0,7,414,0.12082142857142857,0.014391304347826083,0.02877019002375303
0.3,0.03,0.02,1.5,0.01,7,414,0.08560714285714287,0.026481884057971007,0.04124524940617569
0.3,0.03,0.02,1.5,0.02,7,414,0.05807142857142857,0.08651690821256038,0.10073990498812346
0.3,0.03,0.02,1.5,0.03,7,414,0.03910714285714286,0.14691847826086957,0.16045249406175777
0.3,0.03,0.02,1.5,0.05,7,414,0.017321428571428574,0.27193297101449276,0.28375059382422807
0.3,0.03,0.02,2.0,0.0,7,414,0.04639285714285713,0.029125,0.04449643705463202
0.3,0.03,0.02,2.0,0.01,7,414,0.032035714285714285,0.04548248792270531,0.06082066508313522
0.3,0.03,0.02,2.0,0.02,7,414,0.021642857142857148,0.10570229468599032,0.12021199524940607
0.3,0.03,0.02,2.0,0.03,7,414,0.01460714285714286,0.1663605072463768,0.17997862232779083
0.3,0.03,0.02,2.0,0.05,7,414,0.006571428571428573,0.2913532608695652,0.30302672209026127
0.3,0.03,0.05,1.0,0.0,1,420,0.64025,0.001457142857142857,0.00230819477434685
0.3,0.03,0.05,1.0,0.01,1,420,0.50375,0.0024994047619047617,0.0036722090261284146
0.3,0.03,0.05,1.0,0.02,1,420,0.3595,0.005036309523809523,0.006545724465558234
0.3,0.03,0.05,1.0,0.03,1,420,0.22825,0.03953214285714285,0.04127137767220912
0.3,0.03,0.05,1.0,0.05,1,420,0.0805,0.1617875,0.16358729216152024
0.3,0.03,0.05,1.1,0.0,1,420,0.535,0.002243452380952381,0.0033426365795725665
0.3,0.03,0.05,1.1,0.01,1,420,0.41075,0.0036470238095238088,0.005038004750593794
0.3,0.03,0.05,1.1,0.02,1,420,0.27975,0.006626190476190476,0.00832125890736335
0.3,0.03,0.05,1.1,0.03,1,420,0.17825,0.04151607142857142,0.043369358669833824
0.3,0.03,0.05,1.1,0.05,1,420,0.06,0.16355595238095239,0.16540023752969113
0.3,0.03,0.05,1.2,0.0,1,420,0.43775,0.0032476190476190474,0.004575415676959627
0.3,0.03,0.05,1.2,0.01,1,420,0.31925,0.004928571428571428,0.0065338479809975425
0.3,0.03,0.05,1.2,0.02,1,420,0.21825,0.008358928571428571,0.010195961995249414
0.3,0.03,0.05,1.2,0.03,1,420,0.13975,0.04358690476190475,0.04552672209026121
0.3,0.03,0.05,1.2,0.05,1,420,0.04575,0.16541130952380953,0.16728503562945363
0.3,0.03,0.05,1.3,0.0,1,420,0.35225,0.004369642857142857,0.005897862232779105
0.3,0.03,0.05,1.3,0.01,1,420,0.2595,0.006394047619047618,0.008137767220902759
0.3,0.03,0.05,1.3,0.02,1,420,0.172,0.010182142857142857,0.012124703087886046
0.3,0.03,0.05,1.3,0.03,1,420,0.10775,0.04569583333333334,0.04770665083135395
0.3,0.03,0.05,1.3,0.05,1,420,0.0355,0.1672720238095238,0.16916567695961993
0.3,0.03,0.05,1.5,0.0,1,420,0.2295,0.007053571428571428,0.008866983372921577
0.3,0.03,0.05,1.5,0.01,1,420,0.1645,0.00956547619047619,0.011527315914489189
0.3,0.03,0.05,1.5,0.02,1,420,0.1095,0.013897619047619048,0.01597980997624704
0.3,0.03,0.05,1.5,0.03,1,420,0.06975,0.04988273809523809,0.05197387173396684
0.3,0.03,0.05,1.5,0.05,1,420,0.02125,0.17092023809523807,0.17283907363420437
0.3,0.03,0.05,2.0,0.0,1,420,0.0855,0.01435654761904762,0.016494655581947737
0.3,0.03,0.05,2.0,0.01,1,420,0.06025,0.017720238095238094,0.01991033254156771
0.3,0.03,0.05,2.0,0.02,1,420,0.04,0.023214880952380952,0.025440023752969054
0.3,0.03,0.05,2.0,0.03,1,420,0.022,0.06044285714285714,0.06262232779097376
0.3,0.03,0.05,2.0,0.05,1,420,0.008,0.18082083333333332,0.1827476247030878
0.3,0.03,0.1,1.0,0.0,0,421,,5.2256532066508096e-05,5.225653206664127e-05
0.3,0.03,0.1,1.0,0.01,0,421,,0.00011401425178147278,0.00011401425178148017
0.3,0.03,0.1,1.0,0.02,0,421,,0.0002684085510688833,0.00026840855106879946
0.3,0.03,0.1,1.0,0.03,0,421,,0.0006116389548693586,0.0006116389548693757
0.3,0.03,0.1,1.0,0.05,0,421,,0.005534441805225647,0.005534441805225443
0.3,0.03,0.1,1.1,0.0,0,421,,0.0001365795724465558,0.00013657957244661567
0.3,0.03,0.1,1.1,0.01,0,421,,0.00026900237529691205,0.00026900237529692284
0.3,0.03,0.1,1.1,0.02,0,421,,0.0005172209026128269,0.0005172209026127472
0.3,0.03,0.1,1.1,0.03,0,421,,0.000994061757719715,0.0009940617577196553
0.3,0.03,0.1,1.1,0.05,0,421,,0.006703087885985744,0.006703087885985726
0.3,0.03,0.1,1.2,0.0,0,421,,0.00028622327790973857,0.0002862232779097251
0.3,0.03,0.1,1.2,0.01,0,421,,0.0004857482185273157,0.0004857482185273154
0.3,0.03,0.1,1.2,0.02,0,421,,0.0008580760095011875,0.000858076009501163
0.3,0.03,0.1,1.2,0.03,0,421,,0.0014964370546318288,0.0014964370546318717
0.3,0.03,0.1,1.2,0.05,0,421,,0.007967339667458427,0.007967339667458329
0.3,0.03,0.1,1.3,0.0,0,421,,0.000502969121140142,0.0005029691211402287
0.3,0.03,0.1,1.3,0.01,0,421,,0.0008147268408551068,0.0008147268408551511
0.3,0.03,0.1,1.3,0.02,0,421,,0.0012850356294536816,0.0012850356294537013
0.3,0.03,0.1,1.3,0.03,0,421,,0.0020819477434679333,0.0020819477434678157
0.3,0.03,0.1,1.3,0.05,0,421,,0.009311757719714958,0.00931175771971482
0.3,0.03,0.1,1.5,0.0,0,421,,0.001204275534441805,0.001204275534441801
0.3,0.03,0.1,1.5,0.01,0,421,,0.0016751781472684084,0.0016751781472683636
0.3,0.03,0.1,1.5,0.02,0,421,,0.002419833729216152,0.00241983372921617
0.3,0.03,0.1,1.5,0.03,0,421,,0.0035641330166270783,0.003564133016627058
0.3,0.03,0.1,1.5,0.05,0,421,,0.012274346793349163,0.012274346793349045
0.3,0.03,0.1,2.0,0.0,0,421,,0.004230997624703088,0.004230997624703137
0.3,0.03,0.1,2.0,0.01,0,421,,0.0052701900237529685,0.005270190023752952
0.3,0.03,0.1,2.0,0.02,0,421,,0.006667458432304038,0.006667458432304096
0.3,0.03,0.1,2.0,0.03,0,421,,0.008705463182897862,0.008705463182897777
0.3,0.03,0.1,2.0,0.05,0,421,,0.02013064133016626,0.020130641330166288
