case,T_A,T_B,f,e_deck,e_A,e_B,f_sA,f_sB,f_deck
detuned,120000.0,400000.0,2.957652106259426,0.0023085239597201985,0.9976890161570299,2.459883249964853e-06,2.956527402877183,5.394876332929242,3.2924730751347324
detuned,120000.0,400000.0,3.292065368622861,0.9980136593638627,0.0006526408334833431,0.001333699802654001,2.956527402877183,5.394876332929242,3.2924730751347324
detuned,120000.0,400000.0,5.391725585181482,0.023084463605442782,4.1230780877291495e-05,0.9768743056136799,2.956527402877183,5.394876332929242,3.2924730751347324
detuned,120000.0,400000.0,5.631955882659021,0.9739758140857878,0.004360282244482292,0.021663903669730023,2.956527402877183,5.394876332929242,3.2924730751347324
detuned,120000.0,400000.0,5.928458470547001,0.004572581529575738,0.9954152871329177,1.2131337506562916e-05,2.956527402877183,5.394876332929242,3.2924730751347324
detuned,120500.0,400000.0,2.9637881535817936,0.0023284365808437387,0.9976690391285385,2.5242906178070346e-06,2.9626707411265496,5.394876332929242,3.2924730751347324
detuned,120500.0,400000.0,3.2920708523652014,0.997986404353013,0.0006799613876772002,0.0013336342593097553,2.9626707411265496,5.394876332929242,3.2924730751347324
detuned,120500.0,400000.0,5.3917259695812465,0.023081773536550904,3.978450688529177e-05,0.9768784419565638,2.9626707411265496,5.394876332929242,3.2924730751347324
detuned,120500.0,400000.0,5.632000159915648,0.9742825718551255,0.004056079708049862,0.0216613484368247,2.9626707411265496,5.394876332929242,3.2924730751347324
detuned,120500.0,400000.0,5.940670675569791,0.00426972140014372,0.995719728614177,1.0549985679340659e-05,2.9626707411265496,5.394876332929242,3.2924730751347324
detuned,121000.0,400000.0,2.9699113156895565,0.0023500803049432764,0.9976473278089822,2.5918860744170153e-06,2.9688013669983,5.394876332929242,3.2924730751347324
detuned,121000.0,400000.0,3.2920765280222715,0.9979575394838232,0.0007088949691800951,0.0013335655469967692,2.9688013669983,5.394876332929242,3.2924730751347324
detuned,121000.0,400000.0,5.391726338437679,0.023079191596610614,3.843141404030722e-05,0.976882376989349,2.9688013669983,5.394876332929242,3.2924730751347324
detuned,121000.0,400000.0,5.632041103381354,0.9745557004925262,0.0037855483544484074,0.0216587511530254,2.9688013669983,5.394876332929242,3.2924730751347324
detuned,121000.0,400000.0,5.952860955155266,0.004000397206602518,0.9959903908000372,9.211993360346129e-06,2.9688013669983,5.394876332929242,3.2924730751347324
detuned,121500.0,400000.0,2.9760216600452876,0.002373575796636204,0.9976237613131506,2.662890213176082e-06,2.9749193590843115,5.394876332929242,3.2924730751347324
detuned,121500.0,400000.0,3.292082406199363,0.9979269414663271,0.0007395650889651552,0.0013334934447077377,2.9749193590843115,5.394876332929242,3.2924730751347324
detuned,121500.0,400000.0,5.391726692799751,0.023076710526299397,3.7163502055445865e-05,0.9768861259716451,2.9749193590843115,5.394876332929242,3.2924730751347324
detuned,121500.0,400000.0,5.6320790873882975,0.9748000198702456,0.0035438401125030806,0.021656140017251368,2.9749193590843115,5.394876332929242,3.2924730751347324
detuned,121500.0,400000.0,5.965029089034627,0.0037597967044731687,0.9962321293932849,8.073902242024721e-06,2.9749193590843115,5.394876332929242,3.2924730751347324
detuned,122000.0,400000.0,2.982119252547865,0.002399055643092079,0.9975982068132903,2.7375436176877757e-06,2.9810247951699846,5.394876332929242,3.2924730751347324
detuned,122000.0,400000.0,3.2920884978871183,0.9978944751716367,0.0007721071172128677,0.0013334177111504902,2.9810247951699846,5.394876332929242,3.2924730751347324
detuned,122000.0,400000.0,5.391727033621479,0.023074323692904273,3.597362201770906e-05,0.976889702685078,2.9810247951699846,5.394876332929242,3.2924730751347324
detuned,122000.0,400000.0,5.632114432460768,0.9750195120371348,0.0033269520691368115,0.021653535893728513,2.9810247951699846,5.394876332929242,3.2924730751347324
detuned,122000.0,400000.0,5.977174909326259,0.0035439448488538785,0.9964489540842408,7.101066905251245e-06,2.9810247951699846,5.394876332929242,3.2924730751347324
detuned,122500.0,400000.0,2.988204157428576,0.0024266657182723445,0.9975705181726314,2.8161090963519367e-06,2.9871177522457804,5.394876332929242,3.2924730751347324
detuned,122500.0,400000.0,3.2920948156288308,0.9978599922514035,0.0008066696643995343,0.0013333380841969206,2.9871177522457804,5.394876332929242,3.2924730751347324
detuned,122500.0,400000.0,5.39172736178331,0.023072025003035745,3.4855369318523725e-05,0.9768931196276458,2.9871177522457804,5.394876332929242,3.2924730751347324
detuned,122500.0,400000.0,5.632147414611386,0.9752174903440897,0.0031315555469592256,0.021650954108951122,2.9871177522457804,5.394876332929242,3.2924730751347324
detuned,122500.0,400000.0,5.989298291198266,0.0033495347584477555,0.996644199579319,6.26566223315996e-06,2.9871177522457804,5.394876332929242,3.2924730751347324
detuned,123000.0,400000.0,2.994276437213324,0.002456566758308539,0.997540534367473,2.8988742184583966e-06,2.993198306518551,5.394876332929242,3.2924730751347324
detuned,123000.0,400000.0,3.2921013729085886,0.9978233295701854,0.0008434161539799375,0.001333254275834671,2.993198306518551,5.394876332929242,3.2924730751347324
detuned,123000.0,400000.0,5.391727678089272,0.023069808896142772,3.3802992168742895e-05,0.9768963881116884,2.993198306518551,5.394876332929242,3.2924730751347324
detuned,123000.0,400000.0,5.632178272749367,0.9753967300016462,0.002954864145178728,0.021648405853175016,2.993198306518551,5.394876332929242,3.2924730751347324
detuned,123000.0,400000.0,6.001399145451569,0.0031737971626062326,0.9968206576517773,5.54518561645275e-06,2.993198306518551,5.394876332929242,3.2924730751347324
detuned,123500.0,400000.0,3.000336152636671,0.002488936140488087,0.9975080777053271,2.986154184829958e-06,2.9992665334226563,5.394876332929242,3.2924730751347324
detuned,123500.0,400000.0,3.2921081832332577,0.9977843074195598,0.0008825266101561867,0.0013331659702840884,2.9992665334226563,5.394876332929242,3.2924730751347324
detuned,123500.0,400000.0,5.39172798326945,0.02306767028873815,3.2811312852870835e-05,0.9768995183984089,2.9992665334226563,5.394876332929242,3.2924730751347324
detuned,123500.0,400000.0,5.632207214541257,0.9755595698482113,0.0027945309696717877,0.02164589918211678,2.9992665334226563,5.394876332929242,3.2924730751347324
detuned,123500.0,400000.0,6.0134774124692685,0.003014398688740355,0.9969806799903633,4.921320896358911e-06,2.9992665334226563,5.394876332929242,3.2924730751347324
detuned,124000.0,400000.0,3.0063833625068765,0.0025239699375030227,0.9974729517673587,3.0782951382698327e-06,3.0053225076308854,5.394876332929242,3.2924730751347324
detuned,124000.0,400000.0,3.292115262477862,0.997742727464641,0.0009241997136949488,0.0013330728216640116,3.0053225076308854,5.394876332929242,3.2924730751347324
detuned,124000.0,400000.0,5.39172827800267,0.02306560447018933,3.1875659719068913e-05,0.9769025198700916,3.0053225076308854,5.394876332929242,3.2924730751347324
detuned,124000.0,400000.0,5.632234421667603,0.9757079924130163,0.0026485678749969682,0.02164343971198667,3.0053225076308854,5.394876332929242,3.2924730751347324
detuned,124000.0,400000.0,6.025533057404283,0.002869361906623056,0.9971262590244439,4.379068933138237e-06,3.0053225076308854,5.394876332929242,3.2924730751347324
detuned,124500.0,400000.0,3.012418123676855,0.0025618852436853764,0.9974349390784455,3.1756778690695215e-06,3.0113663030651767,5.394876332929242,3.2924730751347324
detuned,124500.0,400000.0,3.292122627126979,0.9976983704106783,0.0009686551403820648,0.0013329744489396728,3.0113663030651767,5.394876332929242,3.2924730751347324
detuned,124500.0,400000.0,5.391728562920141,0.02306360708880421,3.0991808796944825e-05,0.9769054011023989,3.0113663030651767,5.394876332929242,3.2924730751347324
detuned,124500.0,400000.0,5.632260053670347,0.9758436872698388,0.002515281509841004,0.02164103122032018,3.0113663030651767,5.394876332929242,3.2924730751347324
detuned,124500.0,400000.0,6.0375660661602675,0.0027370019858310324,0.9972590919373678,3.906076801088763e-06,3.0113663030651767,5.394876332929242,3.2924730751347324
detuned,125000.0,400000.0,3.018440490840522,0.002602922877595366,0.9973937984002599,3.2787221448386333e-06,3.017397992907145,5.394876332929242,3.2924730751347324
detuned,125000.0,400000.0,3.29213029507735,0.9976509933020407,0.0010161362658515347,0.0013328704321078208,3.017397992907145,5.394876332929242,3.2924730751347324
detuned,125000.0,400000.0,5.391728838587486,0.02306167416916877,3.015593298374567e-05,0.9769081698978475,3.017397992907145,5.394876332929242,3.2924730751347324
detuned,125000.0,400000.0,5.632284250961584,0.9759681015906239,0.00239322227653755,0.021638676132838538,3.017397992907145,5.394876332929242,3.2924730751347324
detuned,125000.0,400000.0,6.049576442126071,0.0026158761264595217,0.9973806317571867,3.492116353801736e-06,3.017397992907145,5.394876332929242,3.2924730751347324
detuned,125500.0,400000.0,3.0244505164492863,0.002647350473398238,0.997349261634998,3.3878916037906827e-06,3.02341764960842,5.394876332929242,3.2924730751347324
detuned,125500.0,400000.0,3.292138286168899,0.9976003264281359,0.001066913264371985,0.0013327603074920259,3.02341764960842,5.394876332929242,3.2924730751347324
detuned,125500.0,400000.0,5.391729105544711,0.02305980200250537,2.9364557753924283e-05,0.9769108334397407,3.02341764960842,5.394876332929242,3.2924730751347324
detuned,125500.0,400000.0,5.632307137937981,0.9760824809012076,0.002281143320995813,0.02163637577779655,3.02341764960842,5.394876332929242,3.2924730751347324
detuned,125500.0,400000.0,6.061564203508304,0.0025047429133119854,0.9974921284107735,3.1286759144710256e-06,3.02341764960842,5.394876332929242,3.2924730751347324
detuned,126000.0,400000.0,3.0304482505258337,0.0026954660762364413,0.997301030224305,3.503699458488736e-06,3.0294253449008015,5.394876332929242,3.2924730751347324
detuned,126000.0,400000.0,3.2921466214500543,0.9975460697255113,0.0011212867128812965,0.0013326435616074553,3.0294253449008015,5.394876332929242,3.2924730751347324
detuned,126000.0,400000.0,5.3917293642762605,0.023057987187983943,2.8614522646634404e-05,0.9769133982893694,3.0294253449008015,5.394876332929242,3.2924730751347324
detuned,126000.0,400000.0,5.632328824903487,0.9761879019353406,0.0021779673535351485,0.02163413071112436,3.0294253449008015,5.394876332929242,3.2924730751347324
detuned,126000.0,400000.0,6.073529381022775,0.0024025294199264404,0.9975946619416383,2.8086384352967502e-06,3.0294253449008015,5.394876332929242,3.2924730751347324
detuned,126500.0,400000.0,3.0364337404897,0.002747602285683562,0.9972487709992855,3.62671503089492e-06,3.03542114980623,5.394876332929242,3.2924730751347324
detuned,126500.0,400000.0,3.2921553241401824,0.997487888631562,0.0011795917433062772,0.0013325196251316876,3.03542114980623,5.394876332929242,3.2924730751347324
detuned,126500.0,400000.0,5.391729615245551,0.02305622653755833,2.7902947626693815e-05,0.976915870514815,3.03542114980623,5.394876332929242,3.2924730751347324
detuned,126500.0,400000.0,5.632349410325389,0.9762852995124368,0.002082759645025301,0.02163194084253773,3.03542114980623,5.394876332929242,3.2924730751347324
detuned,126500.0,400000.0,6.085472016076472,0.0023083044272501486,0.9976891695466671,2.5260260827222807e-06,3.03542114980623,5.394876332929242,3.2924730751347324
detuned,127000.0,400000.0,3.0424070309565283,0.002804131095838916,0.9971921113328046,3.7575713564555776e-06,3.041405134646585,5.394876332929242,3.2924730751347324
detuned,127000.0,400000.0,3.2921644196565145,0.9974254092434518,0.0012422028916887246,0.0013323878648594744,3.041405134646585,5.394876332929242,3.2924730751347324
detuned,127000.0,400000.0,5.391729858871319,0.023054517124526074,2.7227203516872532e-05,0.9769182556719571,3.041405134646585,5.394876332929242,3.2924730751347324
detuned,127000.0,400000.0,5.632368982042916,0.9763754884341007,0.0019947059072313563,0.021629805658667886,3.041405134646585,5.394876332929242,3.2924730751347324
detuned,127000.0,400000.0,6.097392159153792,0.002221256477981306,0.9977764677255839,2.275796434740483e-06,3.041405134646585,5.394876332929242,3.2924730751347324
detuned,127500.0,400000.0,3.048368163483359,0.002865469522950683,0.9971306335030576,3.896973991770097e-06,3.0473773690533057,5.394876332929242,3.2924730751347324
detuned,127500.0,400000.0,3.292173935385372,0.9973582126883327,0.0013095397366339225,0.0013322475750334316,3.0473773690533057,5.394876332929242,3.2924730751347324
detuned,127500.0,400000.0,5.3917300955520275,0.023052856182125107,2.6584886041506002e-05,0.9769205589318334,3.0473773690533057,5.394876332929242,3.2924730751347324
detuned,127500.0,400000.0,5.632387619045629,0.9764591816520908,0.0019130940886862959,0.021627724259222818,3.0473773690533057,5.394876332929242,3.2924730751347324
detuned,127500.0,400000.0,6.109289868490798,0.0021406758106234784,0.9978572705105343,2.0536788421491117e-06,3.0473773690533057,5.394876332929242,3.2924730751347324
detuned,128000.0,400000.0,3.054317176324603,0.002932086205624123,0.9970638680830438,4.045711332035759e-06,3.053337921976846,5.394876332929242,3.2924730751347324
detuned,128000.0,400000.0,3.292183901789903,0.9972858285248792,0.0013820735081394185,0.0013320979669812667,3.053337921976846,5.394876332929242,3.2924730751347324
detuned,128000.0,400000.0,5.391730325647327,0.023051241182711756,2.5973793062820323e-05,0.9769227850242255,3.053337921976846,5.394876332929242,3.2924730751347324
detuned,128000.0,400000.0,5.632405392137344,0.9765370051542682,0.001837299300263965,0.021625695545467814,3.053337921976846,5.394876332929242,3.2924730751347324
detuned,128000.0,400000.0,6.121165208957738,0.0020659393944737177,0.9979322045631484,1.856042377894888e-06,3.053337921976846,5.394876332929242,3.2924730751347324
detuned,128500.0,400000.0,3.060254104058638,0.003004509140895676,0.996991286192493,4.204666611320675e-06,3.059286861695961,5.394876332929242,3.2924730751347324
detuned,128500.0,400000.0,3.2921943524707014,0.997207726997588,0.0014603348443107097,0.001331938158101322,3.059286861695961,5.394876332929242,3.2924730751347324
detuned,128500.0,400000.0,5.391730549510171,0.02304966971384199,2.5391904226051644e-05,0.9769249383819318,3.059286861695961,5.394876332929242,3.2924730751347324
detuned,128500.0,400000.0,5.632422365371999,0.9766095105420798,0.001766771275563934,0.0216237181823563,3.059286861695961,5.394876332929242,3.2924730751347324
detuned,128500.0,400000.0,6.133018251078434,0.001996498477134096,0.998001821734174,1.6797886919706942e-06,3.059286861695961,5.394876332929242,3.2924730751347324
detuned,129000.0,400000.0,3.0661789773070023,0.0030833348350300742,0.9969122903328601,4.3748321096991515e-06,3.0652242558268323,5.394876332929242,3.2924730751347324
detuned,129000.0,400000.0,3.2922053236048154,0.9971233098939719,0.001544922950695743,0.0013317671553322384,3.0652242558268323,5.394876332929242,3.2924730751347324
detuned,129000.0,400000.0,5.391730767448015,0.02304813960085099,2.483736329471186e-05,0.9769270230358543,3.0652242558268323,5.394876332929242,3.2924730751347324
detuned,129000.0,400000.0,5.632438596402237,0.9766771853163514,0.0017010238907610234,0.02162179079288768,3.0652242558268323,5.394876332929242,3.2924730751347324
detuned,129000.0,400000.0,6.144849070244428,0.0019318681740326073,0.9980666095612858,1.5222646816366508e-06,3.0652242558268323,5.394876332929242,3.2924730751347324
detuned,129500.0,400000.0,3.072091822226009,0.003169239082304744,0.9968262035919214,4.557325773971639e-06,3.071150171332036,5.394876332929242,3.2924730751347324
detuned,129500.0,400000.0,3.292216855645681,0.9970318997553698,0.0016365164039883276,0.0013315838406419297,3.071150171332036,5.394876332929242,3.2924730751347324
detuned,129500.0,400000.0,5.39173097976214,0.023046648772680298,2.4308462208768724e-05,0.9769290427651109,3.071150171332036,5.394876332929242,3.2924730751347324
detuned,129500.0,400000.0,5.632454137560768,0.9767404617577292,0.0016396263649292495,0.021619911877341573,3.071150171332036,5.394876332929242,3.2924730751347324
detuned,129500.0,400000.0,6.156657745964696,0.0018716187246931631,0.9981270000843786,1.3811909281811142e-06,3.071150171332036,5.394876332929242,3.2924730751347324
detuned,130000.0,400000.0,3.0779926600737513,0.003262989821315414,0.9967322567676945,4.7534109899583695e-06,3.0770646745293524,5.394876332929242,3.2924730751347324
detuned,130000.0,400000.0,3.292228993692264,0.9969327270249174,0.0017358860243101776,0.0013313869507724089,3.0770646745293524,5.394876332929242,3.2924730751347324
detuned,130000.0,400000.0,5.391731186732413,0.023045195266064824,2.3803626956784197e-05,0.9769310011069783,3.0770646745293524,5.394876332929242,3.2924730751347324
detuned,130000.0,400000.0,5.632469036558054,0.9767997242977327,0.0015821958395266917,0.02161807986274053,3.0770646745293524,5.394876332929242,3.2924730751347324
detuned,130000.0,400000.0,6.1684443613208515,0.0018153681176093764,0.9981833772795246,1.2546028659979898e-06,3.0770646745293524,5.394876332929242,3.2924730751347324
detuned,130500.0,400000.0,3.0838815066134626,0.0033654624437572506,0.9966295730361896,4.9645200531979595e-06,3.0829678311004263,5.394876332929242,3.2924730751347324
detuned,130500.0,400000.0,3.2922417869196807,0.9968249147363818,0.0018439102104432239,0.0013311750531748501,3.0829678311004263,5.394876332929242,3.2924730751347324
detuned,130500.0,400000.0,5.391731388618892,0.023043777264834572,2.332140512425724e-05,0.9769329013300412,3.0829678311004263,5.394876332929242,3.2924730751347324
detuned,130500.0,400000.0,5.632483336705853,0.9768553157259167,0.0015283910949218573,0.02161629317916151,3.0829678311004263,5.394876332929242,3.2924730751347324
detuned,130500.0,400000.0,6.180209002379902,0.0017627758422877023,0.9982360833555554,1.1408021569934531e-06,3.0829678311004263,5.394876332929242,3.2924730751347324
detuned,131000.0,400000.0,3.089758371448039,0.0034776581532535585,0.9965171495645411,5.192282205408462e-06,3.0888597060992757,5.394876332929242,3.2924730751347324
detuned,131000.0,400000.0,3.292255290640257,0.9967074601531454,0.001961593328091944,0.0013309465187626372,3.0888597060992757,5.394876332929242,3.2924730751347324
detuned,131000.0,400000.0,5.391731585667222,0.02304239306931342,2.2860454742273207e-05,0.9769347464759444,3.0888597060992757,5.394876332929242,3.2924730751347324
detuned,131000.0,400000.0,5.632497077520465,0.9769075425346593,0.00147790720809363,0.021614550257247126,3.0888597060992757,5.394876332929242,3.2924730751347324
detuned,131000.0,400000.0,6.191951757801609,0.0017135375772904253,0.9982854241063764,1.0383163330448147e-06,3.0888597060992757,5.394876332929242,3.2924730751347324
detuned,131500.0,400000.0,3.0956232572333127,0.0036007260639887594,0.9963938353787755,5.438557235723149e-06,3.094740363960657,5.394876332929242,3.2924730751347324
detuned,131500.0,400000.0,3.2922695662411705,0.9965792126667294,0.002090087845649694,0.0013306994876207813,3.094740363960657,5.394876332929242,3.2924730751347324
detuned,131500.0,400000.0,5.391731778106107,0.02304104108268596,2.241953422558171e-05,0.9769365393830884,3.094740363960657,5.394876332929242,3.2924730751347324
detuned,131500.0,400000.0,5.6325102951379735,0.9769566794628415,0.001430470998284881,0.021612849538873668,3.094740363960657,5.394876332929242,3.2924730751347324
detuned,131500.0,400000.0,6.203672718412459,0.001667380659114263,0.9983316734756542,9.458652314543108e-07,3.094740363960657,5.394876332929242,3.2924730751347324
detuned,132000.0,400000.0,3.101476158752841,0.0037359899369394348,0.9962583045870282,5.70547603224491e-06,3.1006098685082866,5.394876332929242,3.2924730751347324
detuned,132000.0,400000.0,3.292284682319414,0.9964388470622816,0.002230721109203425,0.0013304318285148984,3.1006098685082866,5.394876332929242,3.2924730751347324
detuned,132000.0,400000.0,5.3917319661489005,0.02303971980570106,2.1997493441584643e-05,0.9769382827008574,3.1006098685082866,5.394876332929242,3.2924730751347324
detuned,132000.0,400000.0,5.632523022664293,0.9770029733845612,0.0013858371245150183,0.02161118949092382,3.1006098685082866,5.394876332929242,3.2924730751347324
detuned,132000.0,400000.0,6.215371976868165,0.0016240601993084754,0.9983750774677771,8.623329143933219e-07,3.1006098685082866,5.394876332929242,3.2924730751347324
detuned,132500.0,400000.0,3.1073170618306074,0.003884980720671286,0.9961090237895934,5.995489735278076e-06,3.1064682829629233,5.394876332929242,3.2924730751347324
detuned,132500.0,400000.0,3.2923007163270577,0.9962848309763284,0.0023850279331355693,0.0013301410905360441,3.1064682829629233,5.394876332929242,3.2924730751347324
detuned,132500.0,400000.0,5.391732150004635,0.023038427818584707,2.1593265700617258e-05,0.9769399789157146,3.1064682829629233,5.394876332929242,3.2924730751347324
detuned,132500.0,400000.0,5.632535290494614,0.9770466466665699,0.0013437847315860756,0.021609568601844084,3.1064682829629233,5.394876332929242,3.2924730751347324
detuned,132500.0,400000.0,6.22704962737942,0.001583355746196664,0.9984158575096969,7.867441065057379e-07,3.1064682829629233,5.394876332929242,3.2924730751347324
detuned,133000.0,400000.0,3.1131459419948215,0.004049476302633261,0.995944212267831,6.311429535679903e-06,3.11231566995031,5.394876332929242,3.2924730751347324
detuned,133000.0,400000.0,3.2923177544294853,0.9961153851409466,0.002554790416994889,0.0013298244420585485,3.11231566995031,5.394876332929242,3.2924730751347324
detuned,133000.0,400000.0,5.391732329857616,0.0230371637917519,2.1205860540583336e-05,0.9769416303477075,3.11231566995031,5.394876332929242,3.2924730751347324
detuned,133000.0,400000.0,5.632547126613664,0.9770879000276655,0.001304114565704266,0.021607985406630312,3.11231566995031,5.394876332929242,3.2924730751347324
detuned,133000.0,400000.0,6.23870576541875,0.001545068413363708,0.9984542133422382,7.18244398131679e-07,3.11231566995031,5.394876332929242,3.2924730751347324
detuned,133500.0,400000.0,3.118962762961638,0.004231550443948504,0.995761792975971,6.656580080507495e-06,3.1181520915089895,5.394876332929242,3.2924730751347324
detuned,133500.0,400000.0,3.292335895097156,0.9959284344502497,0.002742086951006993,0.001329478598743302,3.1181520915089895,5.394876332929242,3.2924730751347324
detuned,133500.0,400000.0,5.391732505888473,0.023035926482866592,2.0834357214991156e-05,0.9769432391599184,3.1181520915089895,5.394876332929242,3.2924730751347324
detuned,133500.0,400000.0,5.632558556679371,0.977126915038074,0.0012666464698030489,0.021606438492123025,3.1181520915089895,5.394876332929242,3.2924730751347324
detuned,133500.0,400000.0,6.250340487532717,0.0015090183856036681,0.9984903255309069,6.560834894504947e-07,3.1181520915089895,5.394876332929242,3.2924730751347324
detuned,134000.0,400000.0,3.1247674747358034,0.004433633275331149,0.9955593319548531,7.034769815726642e-06,3.1239776090979783,5.394876332929242,3.2924730751347324
detuned,134000.0,400000.0,3.2923552495686454,0.9957215474652836,0.0029493528023216272,0.0013290997323946706,3.1239776090979783,5.394876332929242,3.2924730751347324
detuned,134000.0,400000.0,5.391732678272074,0.023034714690913376,2.0477898816138068e-05,0.9769448074102706,3.1239776090979783,5.394876332929242,3.2924730751347324
detuned,134000.0,400000.0,5.632569604533824,0.9771638563171859,0.0012312172221629334,0.021604926460651146,3.1239776090979783,5.394876332929242,3.2924730751347324
detuned,134000.0,400000.0,6.261953891101971,0.0014750427659141392,0.9985243576330567,5.99601029082563e-07,3.1239776090979783,5.394876332929242,3.2924730751347324
detuned,134500.0,400000.0,3.1305600113814003,0.004658586757545269,0.9953339627591369,7.45048331785514e-06,3.129792283604322,5.394876332929242,3.2924730751347324
detuned,134500.0,400000.0,3.2923759438565177,0.9954918609488846,0.0031794556937988117,0.0013286833573164657,3.129792283604322,5.394876332929242,3.2924730751347324
detuned,134500.0,400000.0,5.391732847159979,0.02303352732866263,2.0135687109118842e-05,0.9769463369842283,3.129792283604322,5.394876332929242,3.2924730751347324
detuned,134500.0,400000.0,5.632580291997493,0.9771988733418016,0.0011976786481278233,0.021603448010070667,3.129792283604322,5.394876332929242,3.2924730751347324
detuned,134500.0,400000.0,6.273546074202168,0.001442993694586158,0.9985564580908649,5.482145489810624e-07,3.129792283604322,5.394876332929242,3.2924730751347324
detuned,135000.0,400000.0,3.1363402882270517,0.004909799124812017,0.9950822918738519,7.909001336105195e-06,3.1355961753505177,5.394876332929242,3.2924730751347324
detuned,135000.0,400000.0,3.2923981230250803,0.9952359854226808,0.0034357903837362084,0.001328224193583037,3.1355961753505177,5.394876332929242,3.2924730751347324
detuned,135000.0,400000.0,5.3917330127099214,0.023032363317316114,1.9806977606545676e-05,0.9769478297050774,3.1355961753505177,5.394876332929242,3.2924730751347324
detuned,135000.0,400000.0,5.632590639507306,0.977232102188936,0.0011658959795970026,0.02160200183146699,3.1355961753505177,5.394876332929242,3.2924730751347324
detuned,135000.0,400000.0,6.285117135417721,0.001412736714190608,0.9985867618765895,5.014092199417231e-07,3.1355961753505177,5.394876332929242,3.2924730751347324
detuned,135500.0,400000.0,3.142108198585545,0.005191304359225792,0.994800279063476,8.416577298202015e-06,3.141389344101815,5.394876332929242,3.2924730751347324
detuned,135500.0,400000.0,3.2924219533209147,0.9949498856933582,0.0037223983190999522,0.0013277159875418716,3.141389344101815,5.394876332929242,3.2924730751347324
detuned,135500.0,400000.0,5.391733175061613,0.023031221669276257,1.949107530791302e-05,0.9769492872554159,3.141389344101815,5.394876332929242,3.2924730751347324
detuned,135500.0,400000.0,5.632600665831693,0.9772636668866693,0.0011357464151306236,0.021600586698200013,3.141389344101815,5.394876332929242,3.2924730751347324
detuned,135500.0,400000.0,6.2966671737293956,0.0013841493343135051,0.9986153919366099,4.5872907663622065e-07,3.141389344101815,5.394876332929242,3.2924730751347324
detuned,136000.0,400000.0,3.14786360957134,0.005507934204680772,0.9944830851342723,8.980661046871771e-06,3.147171849073397,5.394876332929242,3.2924730751347324
detuned,136000.0,400000.0,3.2924476264545297,0.9946287288337086,0.004044119877007571,0.0013271512892837933,3.147171849073397,5.394876332929242,3.2924730751347324
detuned,136000.0,400000.0,5.39173333435346,0.023030101431751163,1.918733077523795e-05,0.9769507112374737,3.147171849073397,5.394876332929242,3.2924730751347324
detuned,136000.0,400000.0,5.632610388479389,0.9772936807251752,0.0011071178619203033,0.021599201412904473,3.147171849073397,5.394876332929242,3.2924730751347324
detuned,136000.0,400000.0,6.308196288388129,0.0013571197778978552,0.9986424604526007,4.197695014177315e-07,3.147171849073397,5.394876332929242,3.2924730751347324
detuned,136500.0,400000.0,3.153606357041493,0.005865513246818196,0.9941248765683114,9.610184870381476e-06,3.152943748937444,5.394876332929242,3.2924730751347324
detuned,136500.0,400000.0,3.2924753648084946,0.9942666891076344,0.004406789725982187,0.0013265211663834652,3.152943748937444,5.394876332929242,3.2924730751347324
detuned,136500.0,400000.0,5.391733490706962,0.0230290017405818,1.8895136617946652e-05,0.9769521031228003,3.152943748937444,5.394876332929242,3.2924730751347324
detuned,136500.0,400000.0,5.6326198235908995,0.9773222473097195,0.0010799078262973864,0.021597844863983123,3.152943748937444,5.394876332929242,3.2924730751347324
detuned,136500.0,400000.0,6.3197045788106,0.001331545874409492,0.9986680699548253,3.8417076527848395e-07,3.152943748937444,5.394876332929242,3.2924730751347324
detuned,137000.0,400000.0,3.159336239191315,0.006271111566893174,0.9937185725005425,1.0315932564232798e-05,3.158705101830074,5.394876332929242,3.2924730751347324
detuned,137000.0,400000.0,3.29250542833063,0.9938566953097372,0.0048174898550578426,0.0013258148352049623,3.158705101830074,5.394876332929242,3.2924730751347324
detuned,137000.0,400000.0,5.391733644249454,0.02302792171573091,1.861392411243332e-05,0.9769534643601567,3.158705101830074,5.394876332929242,3.2924730751347324
detuned,137000.0,400000.0,5.632628986408215,0.9773494616373465,0.0010540224396762886,0.02159651592297719,3.158705101830074,5.394876332929242,3.2924730751347324
detuned,137000.0,400000.0,6.331192144468301,0.0013073340887079818,0.9986923142988113,3.5161248058197e-07,3.158705101830074,5.394876332929242,3.2924730751347324
detuned,137500.0,400000.0,3.1650530085625275,0.0067333750447010066,0.9932555139352344,1.1111020064714575e-05,3.1644559653581807,5.394876332929242,3.2924730751347324
detuned,137500.0,400000.0,3.2925381216208733,0.9933901004646813,0.005284880355714914,0.0013250191796037212,3.1644559653581807,5.394876332929242,3.2924730751347324
detuned,137500.0,400000.0,5.391733795094851,0.02302686055703835,1.83431604001316e-05,0.9769547962825615,3.1644559653581807,5.394876332929242,3.2924730751347324
detuned,137500.0,400000.0,5.6326378910225205,0.9773754108611243,0.001029375596008298,0.0215952135428673,3.1644559653581807,5.394876332929242,3.2924730751347324
detuned,137500.0,400000.0,6.342659084827478,0.001284398660617169,0.9987152795305908,3.21808792063653e-07,3.1644559653581807,5.394876332929242,3.2924730751347324
detuned,138000.0,400000.0,3.170756361854463,0.007262961390670928,0.9927250270818236,1.2011527505363772e-05,3.170196396606149,5.394876332929242,3.2924730751347324
detuned,138000.0,400000.0,3.292573804953909,0.9928562457938769,0.005819636086735607,0.0013241181193874357,3.170196396606149,5.394876332929242,3.2924730751347324
detuned,138000.0,400000.0,5.391733943349719,0.023025817529755743,1.808234570218566e-05,0.9769561001245421,3.170196396606149,5.394876332929242,3.2924730751347324
detuned,138000.0,400000.0,5.63264655046491,0.9774001750656552,0.0010058881895160599,0.021593936744828728,3.170196396606149,5.394876332929242,3.2924730751347324
detuned,138000.0,400000.0,6.354105499268945,0.0012626608443401608,0.9987370446514211,2.9450423879712573e-07,3.170196396606149,5.394876332929242,3.2924730751347324
detuned,138500.0,400000.0,3.1764459268756555,0.007873122324398345,0.9921138403357802,1.3037339821429248e-05,3.175926452142469,5.394876332929242,3.2924730751347324
detuned,138500.0,400000.0,3.2926129066769745,0.9922418785345843,0.006435029695609443,0.001323091769806117,3.175926452142469,5.394876332929242,3.2924730751347324
detuned,138500.0,400000.0,5.391734089120559,0.023024791889305868,1.7831010919524907e-05,0.9769573770997746,3.175926452142469,5.394876332929242,3.2924730751347324
detuned,138500.0,400000.0,5.63265497708116,0.9774238280174891,0.0009834874386934135,0.021592684543817575,3.175926452142469,5.394876332929242,3.2924730751347324
detuned,138500.0,400000.0,6.36553148701229,0.0012420482340862336,0.9987576822957799,2.6947013391488076e-07,3.175926452142469,5.394876332929242,3.2924730751347324
detuned,139000.0,400000.0,3.1821212456698627,0.008580489859142754,0.9914052968632113,1.421327764593942e-05,3.181646188026237,5.394876332929242,3.2924730751347324
detuned,139000.0,400000.0,3.2926559406540803,0.9915303656573613,0.007147719032574236,0.0013219153100644469,3.181646188026237,5.394876332929242,3.2924730751347324
detuned,139000.0,400000.0,5.391734232504979,0.02302378294822649,1.7588715340810195e-05,0.9769586283364328,3.181646188026237,5.394876332929242,3.2924730751347324
detuned,139000.0,400000.0,5.6326631823738005,0.9774464376978588,0.0009621062852954699,0.021591456016845815,3.181646188026237,5.394876332929242,3.2924730751347324
detuned,139000.0,400000.0,6.376937147076389,0.0012224941641667678,0.9987772593343806,2.465014527716389e-07,3.181646188026237,5.394876332929242,3.2924730751347324
detuned,139500.0,400000.0,3.1877817524336893,0.00940615159337183,0.9905782777688859,1.5570637742343305e-05,3.1873556598135577,5.394876332929242,3.2924730751347324
detuned,139500.0,400000.0,3.292703528055231,0.9907006185725175,0.007978823983815459,0.0013205574436671312,3.1873556598135577,5.394876332929242,3.2924730751347324
detuned,139500.0,400000.0,5.391734373594817,0.023022790061154798,1.73550446120066e-05,0.9769598548942332,3.1873556598135577,5.394876332929242,3.2924730751347324
detuned,139500.0,400000.0,5.63267117704346,0.9774680668533362,0.0009416828584181894,0.021590250288245457,3.1873556598135577,5.394876332929242,3.2924730751347324
detuned,139500.0,400000.0,6.388322578206618,0.0012039371740943572,0.9987958374118056,2.2541410000052937e-07,3.1873556598135577,5.394876332929242,3.2924730751347324
detuned,140000.0,400000.0,3.1934267442060813,0.010377141910415569,0.9896057087688932,1.7149320691151492e-05,3.193054922563838,5.394876332929242,3.2924730751347324
detuned,140000.0,400000.0,3.2927564266152802,0.9897256019286477,0.008955419801980771,0.001318978269371615,3.193054922563838,5.394876332929242,3.2924730751347324
detuned,140000.0,400000.0,5.391734512479601,0.023021812599169186,1.712960886306204e-05,0.9769610577919677,3.193054922563838,5.394876332929242,3.2924730751347324
detuned,140000.0,400000.0,5.632678971199461,0.977488773496298,0.0009221599984245763,0.021589066505277373,3.193054922563838,5.394876332929242,3.2924730751347324
detuned,140000.0,400000.0,6.399687878843588,0.0011863205335485819,0.998813473423922,2.06042529407343e-07,3.193054922563838,5.394876332929242,3.2924730751347324
detuned,140500.0,400000.0,3.199055341558834,0.011528539868727579,0.9884524593192234,1.9000812049049844e-05,3.198744030845981,5.394876332929242,3.2924730751347324
detuned,140500.0,400000.0,3.2928155699980937,0.9885702357221178,0.01011263797557712,0.0013171263023050127,3.198744030845981,5.394876332929242,3.2924730751347324
detuned,140500.0,400000.0,5.39173464924811,0.02302084996456181,1.6912040967805716e-05,0.9769622379944704,3.198744030845981,5.394876332929242,3.2924730751347324
detuned,140500.0,400000.0,5.6326865743375585,0.9775086113183566,0.0009034848296988004,0.021587903851944572,3.198744030845981,5.394876332929242,3.2924730751347324
detuned,140500.0,400000.0,6.411033147078957,0.0011695918154114228,0.9988302199469207,1.8823766790041678e-07,3.198744030845981,5.394876332929242,3.2924730751347324
detuned,141000.0,400000.0,3.204666435215372,0.012906468928321207,0.9870723386443019,2.1192427376919156e-05,3.2044230387444834,5.394876332929242,3.2924730751347324
detuned,141000.0,400000.0,3.2928821214758237,0.9871883955713678,0.011496670201989407,0.001314934226642793,3.2044230387444834,5.394876332929242,3.2924730751347324
detuned,141000.0,400000.0,5.391734783977457,0.023019901609248956,1.670199496406031e-05,0.976963396395787,3.2044230387444834,5.394876332929242,3.2924730751347324
detuned,141000.0,400000.0,5.632693995237245,0.977527630053658,0.0008856083773617011,0.02158676156898028,3.2044230387444834,5.394876332929242,3.2924730751347324
detuned,141000.0,400000.0,6.422358480623023,0.0011537025136995236,0.9988461256212106,1.7186508997257375e-07,3.2044230387444834,5.394876332929242,3.2924730751347324
detuned,141500.0,400000.0,3.210258612035661,0.014572460614882975,0.985403725923656,2.3813461461095936e-05,3.2100919998654347,5.394876332929242,3.2924730751347324
detuned,141500.0,400000.0,3.2929575475443236,0.9855185490521977,0.013169138200254867,0.0013123127475474304,3.2100919998654347,5.394876332929242,3.2924730751347324
detuned,141500.0,400000.0,5.391734916745676,0.02301896697283798,1.649914458345506e-05,0.9769645338825786,3.2100919998654347,5.394876332929242,3.2924730751347324
detuned,141500.0,400000.0,5.632701242372195,0.9775458758818824,0.0008684852270318351,0.021585638891085824,3.2100919998654347,5.394876332929242,3.2924730751347324
detuned,141500.0,400000.0,6.433663976770524,0.0011386077033439222,0.998861235493235,1.568034209721557e-07,3.2100919998654347,5.394876332929242,3.2924730751347324
detuned,142000.0,400000.0,3.21583005112706,0.016609922096385527,0.9833630936408164,2.6984262797968812e-05,3.215750967342419,5.394876332929242,3.2924730751347324
detuned,142000.0,400000.0,3.2930437219292594,0.9834772881177565,0.015213570365788246,0.0013091415164552102,3.215750967342419,5.394876332929242,3.2924730751347324
detuned,142000.0,400000.0,5.39173504762564,0.02301804555274779,1.6303181943052993e-05,0.9769656512653092,3.215750967342419,5.394876332929242,3.2924730751347324
detuned,142000.0,400000.0,5.632708323504616,0.9775633916685149,0.000852073213650361,0.021584535117834654,3.215750967342419,5.394876332929242,3.2924730751347324
detuned,142000.0,400000.0,6.4449497323602785,0.0011242657296738343,0.9988755913274013,1.4294292482580215e-07,3.215750967342419,5.394876332929242,3.2924730751347324
detuned,142500.0,400000.0,3.2213783751428773,0.019133919008884965,0.9808352110923303,3.086989878476241e-05,3.221399993842326,5.394876332929242,3.2924730751347324
detuned,142500.0,400000.0,3.293143074585429,0.9809495462742546,0.01774519825947588,0.0013052554662696177,3.221399993842326,5.394876332929242,3.2924730751347324
detuned,142500.0,400000.0,5.391735176690217,0.02301713685444732,1.611381627450419e-05,0.9769667493292782,3.221399993842326,5.394876332929242,3.2924730751347324
detuned,142500.0,400000.0,5.63271524610738,0.977580217290251,0.000836333146586997,0.02158344956316201,3.221399993842326,5.394876332929242,3.2924730751347324
detuned,142500.0,400000.0,6.456215843784992,0.0011106379340239836,0.9988892318817049,1.3018427109452917e-07,3.221399993842326,5.394876332929242,3.2924730751347324
detuned,143000.0,400000.0,3.2269004329393156,0.022306298567330973,0.9776580002496117,3.57011830571868e-05,3.227039131571072,5.394876332929242,3.2924730751347324
detuned,143000.0,400000.0,3.2932588083384986,0.9777734754718321,0.020926100745128656,0.0013004237830391875,3.227039131571072,5.394876332929242,3.2924730751347324
detuned,143000.0,400000.0,5.391735304002653,0.0230162404155929,1.593077283039346e-05,0.9769678288115767,3.227039131571072,5.394876332929242,3.2924730751347324
detuned,143000.0,400000.0,5.632722017109335,0.9775963898601548,0.0008212285594142608,0.02158238158043088,3.227039131571072,5.394876332929242,3.2924730751347324
detuned,143000.0,400000.0,6.467462406921281,0.0010976884035673363,0.9989021931589961,1.18437436425625e-07,3.227039131571072,5.394876332929242,3.2924730751347324
detuned,143500.0,400000.0,3.2323919752305303,0.026359616508711988,0.9735985757075174,4.180778377061606e-05,3.2326684322792234,5.394876332929242,3.2924730751347324
detuned,143500.0,400000.0,3.293395224333987,0.9737165191543824,0.02498916404685423,0.0012943167987633389,3.2326684322792234,5.394876332929242,3.2924730751347324
detuned,143500.0,400000.0,5.3917354296297555,0.023015355781645718,1.575379177535167e-05,0.976968890426579,3.2326684322792234,5.394876332929242,3.2924730751347324
detuned,143500.0,400000.0,5.632728643104378,0.977611943979965,0.000806725483061552,0.02158133053697332,3.2326684322792234,5.394876332929242,3.2924730751347324
detuned,143500.0,400000.0,6.4786895171549475,0.00108538374529877,0.99891450863396,1.0762074110772461e-07,3.2326684322792234,5.394876332929242,3.2924730751347324
detuned,144000.0,400000.0,3.237847158870878,0.03163592475557513,0.9683144036226881,4.967162173681575e-05,3.2382879472675445,5.394876332929242,3.2924730751347324
detuned,144000.0,400000.0,3.2935582167227335,0.9684366246027374,0.03027692280442868,0.0012864525928337892,3.2382879472675445,5.394876332929242,3.2924730751347324
detuned,144000.0,400000.0,5.391735553631258,0.023014482527580295,1.5582627258088946e-05,0.9769699348451616,3.2382879472675445,5.394876332929242,3.2924730751347324
detuned,144000.0,400000.0,5.632735130314904,0.9776269119212293,0.00079279224264976,0.02158029583612098,3.2382879472675445,5.394876332929242,3.2924730751347324
detuned,144000.0,400000.0,6.489897269328077,0.0010736928826019549,0.9989262094574066,9.76599914824635e-08,3.2382879472675445,5.394876332929242,3.2924730751347324
detuned,144500.0,400000.0,3.24325777021233,0.03865119775314128,0.961288787168603,6.0015078255868874e-05,3.243897727392447,5.394876332929242,3.2924730751347324
detuned,144500.0,400000.0,3.2937560498245806,0.9614178165924524,0.0373060746239373,0.0012761087836103161,3.243897727392447,5.394876332929242,3.2924730751347324
detuned,144500.0,400000.0,5.391735676066479,0.02301362023439298,1.5417046515822493e-05,0.9769709627190912,3.243897727392447,5.394876332929242,3.2924730751347324
detuned,144500.0,400000.0,5.632741484653983,0.9776413238328231,0.0007793992731514288,0.02157927689402552,3.243897727392447,5.394876332929242,3.2924730751347324
detuned,145000.0,400000.0,3.2486119769000528,0.04820477473161822,0.9517212753423158,7.39499260660736e-05,3.249497823071362,5.394876332929242,3.2924730751347324
detuned,145000.0,400000.0,3.294000606149616,0.951860755132367,0.04687707126896302,0.0012621735986699588,3.249497823071362,5.394876332929242,3.2924730751347324
detuned,145000.0,400000.0,5.391735796993427,0.023012768518594046,1.5256829039536956e-05,0.9769719746523665,3.249497823071362,5.394876332929242,3.2924730751347324
detuned,145000.0,400000.0,5.632747711636211,0.9776552078810573,0.0007665189509096464,0.021578273168033107,3.249497823071362,5.394876332929242,3.2924730751347324
detuned,145500.0,400000.0,3.2538922729600355,0.061568270322875596,0.9383384970772171,9.323259990736234e-05,3.255088284288025,5.394876332929242,3.2924730751347324
detuned,145500.0,400000.0,3.294309441596819,0.9384938248477612,0.0602632845489512,0.0012428906032874371,3.255088284288025,5.394876332929242,3.2924730751347324
detuned,145500.0,400000.0,5.391735916462842,0.02301192700419834,1.5101765787145378e-05,0.9769729712300145,3.255088284288025,5.394876332929242,3.2924730751347324
detuned,145500.0,400000.0,5.632753816546449,0.9776685904290788,0.0007541254416366573,0.02157728412928453,3.255088284288025,5.394876332929242,3.2924730751347324
detuned,146000.0,400000.0,3.2590720327870444,0.0808114429534437,0.9190678563475037,0.00012070069905256953,3.2606691605976823,5.394876332929242,3.2924730751347324
detuned,146000.0,400000.0,3.2947092308322046,0.9192472665845451,0.07953731121741864,0.0012154221980363452,3.2606691605976823,5.394876332929242,3.2924730751347324
detuned,146000.0,400000.0,5.3917360345271845,0.023011095330372437,1.495165847662061e-05,0.976973953011151,3.2606691605976823,5.394876332929242,3.2924730751347324
detuned,146000.0,400000.0,5.632759804351267,0.9776814961670839,0.0007421945628392479,0.021576309270076942,3.2606691605976823,5.394876332929242,3.2924730751347324
detuned,146500.0,400000.0,3.2641097182765897,0.1093404850646092,0.8904985298671895,0.0001609850682013434,3.266240501132216,5.394876332929242,3.2924730751347324
detuned,146500.0,400000.0,3.2952415613390835,0.890714887194938,0.10810997526659716,0.0011751375384648852,3.266240501132216,5.394876332929242,3.2924730751347324
detuned,146500.0,400000.0,5.39173615124092,0.023010273123143594,1.480631892716047e-05,0.9769749205579292,3.266240501132216,5.394876332929242,3.2924730751347324
detuned,146500.0,400000.0,5.632765679904436,0.9776939482682274,0.0007307036570976189,0.02157534807467498,3.266240501132216,5.394876332929242,3.2924730751347324
detuned,147000.0,400000.0,3.2689395040931193,0.15264871228880814,0.8471298088465965,0.0002214788645954747,3.27180235460519,5.394876332929242,3.2924730751347324
detuned,147000.0,400000.0,3.295972306610029,0.8474033703520457,0.15148198618085348,0.0011146434671008318,3.27180235460519,5.394876332929242,3.2924730751347324
detuned,147000.0,400000.0,5.3917362666421065,0.02300946009844997,1.4665568510163509e-05,0.9769758743330399,3.27180235460519,5.394876332929242,3.2924730751347324
detuned,147000.0,400000.0,5.632771447496509,0.9777059683991878,0.0007196314772060402,0.021574400123606192,3.27180235460519,5.394876332929242,3.2924730751347324
detuned,147500.0,400000.0,3.273458236184691,0.21874875164790497,0.7809384356780753,0.0003128126740196948,3.2773547693168195,5.394876332929242,3.2924730751347324
detuned,147500.0,400000.0,3.297004668975385,0.7813000883587872,0.21767660224289667,0.0010233093983160954,3.2773547693168195,5.394876332929242,3.2924730751347324
detuned,147500.0,400000.0,5.391736380781446,0.023008655921378837,1.4529237462641167e-05,0.9769768148411585,3.2773547693168195,5.394876332929242,3.2924730751347324
detuned,147500.0,400000.0,5.632777111447373,0.9777175769668597,0.0007089580819925577,0.021573464951147737,3.2773547693168195,5.394876332929242,3.2924730751347324
detuned,148000.0,400000.0,3.2775158508909943,0.315968385116979,0.6835859154731642,0.0004456994098566953,3.282897793158864,5.394876332929242,3.2924730751347324
detuned,148000.0,400000.0,3.2984887597687926,0.6840772585766044,0.31503231900437195,0.000890422419023662,3.282897793158864,5.394876332929242,3.2924730751347324
detuned,148000.0,400000.0,5.391736493702916,0.023007860261015697,1.4397164413139447e-05,0.9769777425745712,3.282897793158864,5.394876332929242,3.2924730751347324
detuned,148000.0,400000.0,5.632782675939076,0.9777287931597821,0.0006986647395158534,0.021572542100701957,3.282897793158864,5.394876332929242,3.2924730751347324
detuned,148500.0,400000.0,3.280935566935217,0.4439893415973067,0.55539184784033,0.0006188105623633544,3.288431473619448,5.394876332929242,3.2924730751347324
detuned,148500.0,400000.0,3.3006014075971932,0.5560531514590209,0.44322953750213007,0.0007173110388490959,3.288431473619448,5.394876332929242,3.2924730751347324
detuned,148500.0,400000.0,5.391736605446557,0.02300707285648868,1.4269195942422196e-05,0.9769786579475689,3.288431473619448,5.394876332929242,3.2924730751347324
detuned,148500.0,400000.0,5.632788144652285,0.9777396349684131,0.0006887338406148658,0.021571631190972065,3.288431473619448,5.394876332929242,3.2924730751347324
detuned,149000.0,400000.0,3.283595587947768,0.5831503247575358,0.4160447038702783,0.0008049713721859355,3.293955857787808,5.394876332929242,3.2924730751347324
detuned,149000.0,400000.0,3.3034644558344137,0.4168890627076885,0.5825797872752688,0.0005311500170426589,3.293955857787808,5.394876332929242,3.2924730751347324
detuned,149000.0,400000.0,5.391736716055267,0.023006293403351474,1.4145186008492704e-05,0.97697956141064,3.293955857787808,5.394876332929242,3.2924730751347324
detuned,149000.0,400000.0,5.632793521369536,0.9777501193808842,0.0006791488174527659,0.02157073180166301,3.293955857787808,5.394876332929242,3.2924730751347324
detuned,149500.0,400000.0,3.2855208325833978,0.7043978428733702,0.2946367332258909,0.0009654239007390004,3.2994709923589642,5.394876332929242,3.2924730751347324
detuned,149500.0,400000.0,3.307053032208707,0.2956384834280075,0.7039908192796831,0.0003706972923093544,3.2994709923589642,5.394876332929242,3.2924730751347324
detuned,149500.0,400000.0,5.391736825566003,0.02300552164664725,1.4024995621084818e-05,0.9769804533577316,3.2994709923589642,5.394876332929242,3.2924730751347324
detuned,149500.0,400000.0,5.63279880947772,0.977760262362823,0.000669894070680221,0.021569843566496737,3.2994709923589642,5.394876332929242,3.2924730751347324
detuned,150000.0,400000.0,3.286863119584961,0.793427207630928,0.2054908332284146,0.001081959140657384,3.3049769236383306,5.394876332929242,3.2924730751347324
detuned,150000.0,400000.0,3.3112153642856175,0.20660610133173604,0.7931397367958377,0.0002541618724262877,3.3049769236383306,5.394876332929242,3.2924730751347324
detuned,150000.0,400000.0,5.391736934018458,0.023004757308088455,1.3908492392892144e-05,0.9769813341995186,3.3049769236383306,5.394876332929242,3.2924730751347324
detuned,150000.0,400000.0,5.632804012390108,0.9777700789984967,0.0006609549015352435,0.021568966099968057,3.3049769236383306,5.394876332929242,3.2924730751347324
detuned,150500.0,400000.0,3.2877989565083188,0.8533575597705192,0.14548289786888857,0.0011595423605922563,3.310473697546247,5.394876332929242,3.2924730751347324
detuned,150500.0,400000.0,3.31577499003981,0.14667277508924853,0.8531506464226888,0.00017657848806273252,3.310473697546247,5.394876332929242,3.2924730751347324
detuned,150500.0,400000.0,5.391737041443668,0.023004000152609883,1.379555018126526e-05,0.9769822042972088,3.310473697546247,5.394876332929242,3.2924730751347324
detuned,150500.0,400000.0,5.632809133199038,0.9777795834855291,0.0006523174496096091,0.021568099064861318,3.310473697546247,5.394876332929242,3.2924730751347324
detuned,151000.0,400000.0,3.28846609036377,0.8928317777241007,0.10595814513739506,0.0012100771385041894,3.3159613596224484,5.394876332929242,3.2924730751347324
detuned,151000.0,400000.0,3.3205942079441204,0.10719562569202065,0.8926783307458753,0.00012604356210408734,3.3159613596224484,5.394876332929242,3.2924730751347324
detuned,151000.0,400000.0,5.391737147879211,0.023003249927829487,1.3686048716193535e-05,0.9769830640234544,3.3159613596224484,5.394876332929242,3.2924730751347324
detuned,151000.0,400000.0,5.63281417496071,0.9777887892547386,0.0006439686358290285,0.021567242109432446,3.3159613596224484,5.394876332929242,3.2924730751347324
detuned,151500.0,400000.0,3.2889561791636357,0.9191601899241592,0.07959640364477007,0.0012434064310707928,3.3214399550304674,5.394876332929242,3.2924730751347324
detuned,151500.0,400000.0,3.3255814050749732,0.08086432414526205,0.9190429617171476,9.271413759043146e-05,3.3214399550304674,5.394876332929242,3.2924730751347324
detuned,151500.0,400000.0,5.39173725336081,0.023002506400740738,1.3579873316051225e-05,0.9769839137259433,3.3214399550304674,5.394876332929242,3.2924730751347324
detuned,151500.0,400000.0,5.6328191405682855,0.977797708983764,0.0006358961101092659,0.02156639490612673,3.3214399550304674,5.394876332929242,3.2924730751347324
detuned,152000.0,400000.0,3.289327229104808,0.9371856784579027,0.06154835263353819,0.0012659689085590736,3.3269095285619703,5.394876332929242,3.2924730751347324
detuned,152000.0,400000.0,3.3306786196963847,0.06283598781173712,0.9370938606442233,7.015154403962424e-05,3.3269095285619703,5.394876332929242,3.2924730751347324
detuned,152000.0,400000.0,5.391737357913257,0.023001769370143272,1.34769145636297e-05,0.9769847537152931,3.3269095285619703,5.394876332929242,3.2924730751347324
detuned,152000.0,400000.0,5.6328240326672505,0.9778063546348951,0.0006280882023522859,0.021565557162752564,3.3269095285619703,5.394876332929242,3.2924730751347324
detuned,152500.0,400000.0,3.2896159364264217,0.9498960580949967,0.04882224287259654,0.0012816990324067434,3.3323701246410287,5.394876332929242,3.2924730751347324
detuned,152500.0,400000.0,3.335849200028238,0.0501228013833134,0.9498227772961033,5.442132058333647e-05,3.3323701246410287,5.394876332929242,3.2924730751347324
detuned,152500.0,400000.0,5.3917374615770015,0.023001038569607897,1.3377067965064197e-05,0.9769855843624271,3.3323701246410287,5.394876332929242,3.2924730751347324
detuned,152500.0,400000.0,5.63282885411346,0.9778147375975202,0.000620533877595849,0.021564728524883846,3.3323701246410287,5.394876332929242,3.2924730751347324
detuned,153000.0,400000.0,3.2898459865616223,0.9591180049718039,0.039589012440939604,0.001292982587256429,3.3378217873283322,5.394876332929242,3.2924730751347324
detuned,153000.0,400000.0,3.3410695044807537,0.040898088197203725,0.9590587741202541,4.313768254231656e-05,3.3378217873283322,5.394876332929242,3.2924730751347324
detuned,153000.0,400000.0,5.3917375643758945,0.023000313828559008,1.3280233803187085e-05,0.9769864059376379,3.3378217873283322,5.394876332929242,3.2924730751347324
detuned,153000.0,400000.0,5.632833607213466,0.9778228685666579,0.0006132226954439383,0.021563908737898083,3.3378217873283322,5.394876332929242,3.2924730751347324
detuned,153500.0,400000.0,3.2900330860087252,0.9659854380432145,0.03271327239499094,0.0013012895617945026,3.343264560325333,5.394876332929242,3.2924730751347324
detuned,153500.0,400000.0,3.34632387006586,0.034027928785518045,0.9659372405732883,3.483064119355952e-05,3.343264560325333,5.394876332929242,3.2924730751347324
detuned,153500.0,400000.0,5.391737666340391,0.022999594938325013,1.318631678703396e-05,0.9769872187448879,3.343264560325333,5.394876332929242,3.2924730751347324
detuned,153500.0,400000.0,5.632838294441809,0.9778307577164577,0.0006061447712466497,0.021563097512295633,3.343264560325333,5.394876332929242,3.2924730751347324
detuned,154000.0,400000.0,3.290187946865026,0.9712194823983228,0.027472969318041125,0.0013075482836360202,3.348698486978333,5.394876332929242,3.2924730751347324
detuned,154000.0,400000.0,3.3516016279430807,0.028791197556333224,0.9711802305745113,2.8571869155498683e-05,3.348698486978333,5.394876332929242,3.2924730751347324
detuned,154000.0,400000.0,5.391737767496146,0.022998881701552454,1.309522585308583e-05,0.9769880230725945,3.348698486978333,5.394876332929242,3.2924730751347324
detuned,154000.0,400000.0,5.632842918110428,0.9778384146865445,0.0005992907406932566,0.021562294572762278,3.348698486978333,5.394876332929242,3.2924730751347324
detuned,154500.0,400000.0,3.290318072749274,0.9752911102027461,0.023396528800870692,0.0013123609963833142,3.354123610282515,5.394876332929242,3.2924730751347324
detuned,154500.0,400000.0,3.3568953172360687,0.02471692185190442,0.9752593190255266,2.3759122568906505e-05,3.354123610282515,5.394876332929242,3.2924730751347324
detuned,154500.0,400000.0,5.3917378678733,0.022998173930917767,1.3006873937090226e-05,0.9769888191951451,3.354123610282515,5.394876332929242,3.2924730751347324
detuned,154500.0,400000.0,5.632847480386785,0.9778458486152575,0.0005926517272402436,0.02156149965750229,3.354123610282515,5.394876332929242,3.2924730751347324
detuned,155000.0,400000.0,3.290428850668059,0.9785160843862316,0.020167786757832866,0.0013161288559355646,3.359539972885908,5.394876332929242,3.2924730751347324
detuned,155000.0,400000.0,3.3621995935623485,0.021489338262106684,0.97849067049177,1.999124612342271e-05,3.359539972885908,5.394876332929242,3.2924730751347324
detuned,155000.0,400000.0,5.391737967494939,0.022997471441182075,1.292117778931374e-05,0.9769896073810286,3.359539972885908,5.394876332929242,3.2924730751347324
detuned,155000.0,400000.0,5.63285198343219,0.9778530681789558,0.0005862193120593594,0.021560712508984822,3.359539972885908,5.394876332929242,3.2924730751347324
detuned,155500.0,400000.0,3.2905242344320893,0.9811113920662511,0.01756948215285612,0.0013191257808927708,3.364947617093301,5.394876332929242,3.2924730751347324
detuned,155500.0,400000.0,3.3675105451943232,0.018891459200782758,0.9810915464783881,1.699432082917735e-05,3.364947617093301,5.394876332929242,3.2924730751347324
detuned,155500.0,400000.0,5.391738066388413,0.022996774064969156,1.2838057731600028e-05,0.9769903878772993,3.364947617093301,5.394876332929242,3.2924730751347324
detuned,155500.0,400000.0,5.632856429196502,0.9778600816040577,0.0005799855049747188,0.02155993289096763,3.364947617093301,5.394876332929242,3.2924730751347324
detuned,156000.0,400000.0,3.290607184527955,0.9832295676206683,0.01544888925317079,0.0013215431261609312,3.3703465848700964,5.394876332929242,3.2924730751347324
detuned,156000.0,400000.0,3.372825253558643,0.01677074982935203,0.9832146731782035,1.4576992444545906e-05,3.3703465848700964,5.394876332929242,3.2924730751347324
detuned,156000.0,400000.0,5.3917381645764655,0.022996081620372515,1.2757437544831054e-05,0.9769911609420826,3.3703465848700964,5.394876332929242,3.2924730751347324
detuned,156000.0,400000.0,5.632860819713309,0.977866896725539,0.0005739427196906541,0.021559160554770352,3.3703465848700964,5.394876332929242,3.2924730751347324
detuned,156500.0,400000.0,3.290679957200045,0.984980080822961,0.013696401802361598,0.0013235173746774128,3.3757369178461105,5.394876332929242,3.2924730751347324
detuned,156500.0,400000.0,3.378141503790802,0.015017739927231318,0.9849696572955118,1.2602777256999279e-05,3.3757369178461105,5.394876332929242,3.2924730751347324
detuned,156500.0,400000.0,5.391738262082137,0.022995393964410665,1.2679244238762456e-05,0.9769919267913505,3.3757369178461105,5.394876332929242,3.2924730751347324
detuned,156500.0,400000.0,5.632865156718975,0.9778735209580325,0.0005680837480496393,0.02155839529391789,3.3757369178461105,5.394876332929242,3.2924730751347324
detuned,157000.0,400000.0,3.2907442999068,0.9864429869062203,0.012231865365125083,0.0013251477286545955,3.381118657319319,5.394876332929242,3.2924730751347324
detuned,157000.0,400000.0,3.3834575895613357,0.01355237382004214,0.9864366537060836,1.0972473874319217e-05,3.381118657319319,5.394876332929242,3.2924730751347324
detuned,157000.0,400000.0,5.391738358928255,0.02299471092169097,1.2603407909012856e-05,0.9769926856704001,3.381118657319319,5.394876332929242,3.2924730751347324
detuned,157000.0,400000.0,5.632869442069797,0.9778799613903965,0.0005624017385414963,0.021557636871062127,3.381118657319319,5.394876332929242,3.2924730751347324
detuned,157500.0,400000.0,3.290801585870339,0.9876778379213393,0.010995654542892306,0.0013265075357683216,3.386491844259547,5.394876332929242,3.2924730751347324
detuned,157500.0,400000.0,3.3887721787823444,0.012315099028808417,0.9876752882364705,9.61273472095164e-06,3.386491844259547,5.394876332929242,3.2924730751347324
detuned,157500.0,400000.0,5.391738455138888,0.022994032327453087,1.252986157175207e-05,0.9769934378109753,3.386491844259547,5.394876332929242,3.2924730751347324
detuned,157500.0,400000.0,5.632873677568862,0.9778862247632445,0.0005568901747059513,0.021556885062049592,3.386491844259547,5.394876332929242,3.2924730751347324
detuned,158000.0,400000.0,3.290852907656699,0.9887296261514985,0.009942721971460048,0.0013276518770414711,3.3918565193121104,5.394876332929242,3.2924730751347324
detuned,158000.0,400000.0,3.394084219238292,0.011260922849823194,0.9887306086714558,8.468478720992764e-06,3.3918565193121104,5.394876332929242,3.2924730751347324
detuned,158000.0,400000.0,5.391738550733905,0.022993358054096222,1.2458541083237265e-05,0.9769941834048206,3.3918565193121104,5.394876332929242,3.2924730751347324
detuned,158000.0,400000.0,5.632877864717479,0.977892317461541,0.0005515428558892985,0.02155613968256959,3.3918565193121104,5.394876332929242,3.2924730751347324
detuned,158500.0,400000.0,3.2908991449641336,0.9896328265294377,0.009038550765921272,0.0013286227046409365,3.3972127228014,5.394876332929242,3.2924730751347324
detuned,158500.0,400000.0,3.3993928711744745,0.010355369939933669,0.9896371323063461,7.4977537201762085e-06,3.3972127228014,5.394876332929242,3.2924730751347324
detuned,158500.0,400000.0,5.39173864573194,0.02299268795302505,1.238938491307589e-05,0.9769949226620619,3.3972127228014,5.394876332929242,3.2924730751347324
detuned,158500.0,400000.0,5.632882005144136,0.9778982455922768,0.0005463538785290447,0.02155540052919406,3.3972127228014,5.394876332929242,3.2924730751347324
detuned,159000.0,400000.0,3.2909410142897486,0.9904141970586976,0.008256350555828833,0.001329452385473551,3.4025604947344195,5.394876332929242,3.2924730751347324
detuned,159000.0,400000.0,3.4046974582899403,0.009571681894395783,0.990421649912651,6.668192953245462e-06,3.4025604947344195,5.394876332929242,3.2924730751347324
detuned,159000.0,400000.0,5.39173874015589,0.022992021883240805,1.2322334085441928e-05,0.9769956557826738,3.4025604947344195,5.394876332929242,3.2924730751347324
detuned,159000.0,400000.0,5.632886100385102,0.9779040149718183,0.000541317620047095,0.021554667408134616,3.4025604947344195,5.394876332929242,3.2924730751347324
detuned,159500.0,400000.0,3.290979103990413,0.9910947520371042,0.00757508177579331,0.001330166187102545,3.4078998748042726,5.394876332929242,3.2924730751347324
detuned,159500.0,400000.0,3.4099974315871826,0.00888884402275954,0.9911052014482115,5.954529029015757e-06,3.4078998748042726,5.394876332929242,3.2924730751347324
detuned,159500.0,400000.0,5.391738834023837,0.0229913596993189,1.2257332011593135e-05,0.9769963829686694,3.4078998748042726,5.394876332929242,3.2924730751347324
detuned,159500.0,400000.0,5.632890151939805,0.9779096311550501,0.0005364287218787573,0.021553940123071113,3.4078998748042726,5.394876332929242,3.2924730751347324
detuned,160000.0,400000.0,3.2910139023653215,0.9916911737537131,0.006978042197276511,0.001330784049010403,3.4132309023935976,5.394876332929242,3.2924730751347324
detuned,160000.0,400000.0,3.415292342332249,0.008290173650956915,0.9917044895262254,5.336822817622675e-06,3.4132309023935976,5.394876332929242,3.2924730751347324
detuned,160000.0,400000.0,5.391738927355065,0.022990701278399656,1.2194324422096142e-05,0.9769971043971781,3.4132309023935976,5.394876332929242,3.2924730751347324
detuned,160000.0,400000.0,5.632894161162974,0.9779150994228163,0.0005316820751228286,0.02155321850206086,3.4132309023935976,5.394876332929242,3.2924730751347324
detuned,160500.0,400000.0,3.2910458168563004,0.9922168375638132,0.006451840574007325,0.0013313218621795807,3.4185536165779595,5.394876332929242,3.2924730751347324
detuned,160500.0,400000.0,3.420581821566009,0.00776229505034924,0.9922329057667266,4.799182924277819e-06,3.4185536165779595,5.394876332929242,3.2924730751347324
detuned,160500.0,400000.0,5.391739020165975,0.02299004650458825,1.2133259233502932e-05,0.9769978202361783,3.4185536165779595,5.394876332929242,3.2924730751347324
detuned,160500.0,400000.0,5.632898129380299,0.97792042481056,0.0005270728069474324,0.02155250238249271,3.4185536165779595,5.394876332929242,3.2924730751347324
detuned,161000.0,400000.0,3.2910751914063305,0.9926825657391584,0.005985641851850952,0.0013317924089907211,3.4238680561291908,5.394876332929242,3.2924730751347324
detuned,161000.0,400000.0,3.4258655644377565,0.007294385579984441,0.9927012855922338,4.328827781728552e-06,3.4238680561291908,5.394876332929242,3.2924730751347324
detuned,161000.0,400000.0,5.391739112476516,0.02298939522411022,1.2074086436273335e-05,0.9769985306894535,3.4238680561291908,5.394876332929242,3.2924730751347324
detuned,161000.0,400000.0,5.63290205802431,0.9779256121678919,0.0005225962675294693,0.02155179156457861,3.4238680561291908,5.394876332929242,3.2924730751347324
detuned,161500.0,400000.0,3.291102316983805,0.993097189190889,0.005570604752585924,0.0013322060565249668,3.429174259518685,5.394876332929242,3.2924730751347324
detuned,161500.0,400000.0,3.431143318029754,0.006877613971463497,0.9931184706387436,3.9153897929821746e-06,3.429174259518685,5.394876332929242,3.2924730751347324
detuned,161500.0,400000.0,5.391739204301375,0.02298874735214202,1.2016758030872482e-05,0.9769992358898272,3.429174259518685,5.394876332929242,3.2924730751347324
detuned,161500.0,400000.0,5.632905948205102,0.9779306660621863,0.0005182480173831857,0.021551085920430514,3.429174259518685,5.394876332929242,3.2924730751347324
detuned,162000.0,400000.0,3.2911274425664505,0.9934679703608366,0.005199458358246174,0.0013325712809171273,3.4344722649206467,5.394876332929242,3.2924730751347324
detuned,162000.0,400000.0,3.4364148718045966,0.006504717431378205,0.9934917321751477,3.5503934741219615e-06,3.4344722649206467,5.394876332929242,3.2924730751347324
detuned,162000.0,400000.0,5.391739295660983,0.02298810273268084,1.1961227905170826e-05,0.976999936039414,3.4344722649206467,5.394876332929242,3.2924730751347324
detuned,162000.0,400000.0,5.6329098012952326,0.9779355909321138,0.0005140238166244128,0.021550385251261805,3.4344722649206467,5.394876332929242,3.2924730751347324
detuned,162500.0,400000.0,3.29115078097471,0.9938009255546784,0.004866179384151303,0.001332895061170352,3.4397621102152973,5.394876332929242,3.2924730751347324
detuned,162500.0,400000.0,3.4416800501542073,0.006169679310674689,0.9938270938298464,3.2268594789171894e-06,3.4397621102152973,5.394876332929242,3.2924730751347324
detuned,162500.0,400000.0,5.391739386566718,0.02298746129845004,1.1907451791429354e-05,0.9770006312497586,3.4397621102152973,5.394876332929242,3.2924730751347324
detuned,162500.0,400000.0,5.632913618282551,0.9779403909359196,0.0005099196141160509,0.021549689449964344,3.4397621102152973,5.394876332929242,3.2924730751347324
detuned,163000.0,400000.0,3.2911725167432713,0.9941010724004908,0.004565744415409345,0.0013331831840997653,3.445043832992032,5.394876332929242,3.2924730751347324
detuned,163000.0,400000.0,3.4469387063666392,0.0058674816451077675,0.9941295793532317,2.9390016605216523e-06,3.445043832992032,5.394876332929242,3.2924730751347324
detuned,163000.0,400000.0,5.391739477037526,0.022986822903099256,1.1855387124722621e-05,0.9770013217097759,3.445043832992032,5.394876332929242,3.2924730751347324
detuned,163000.0,400000.0,5.6329174004473535,0.9779450701321337,0.0005059315374708684,0.021548998330395377,3.445043832992032,5.394876332929242,3.2924730751347324
detuned,163500.0,400000.0,3.291192809646681,0.9943726222458686,0.0042939372774299135,0.0013334404767015215,3.4503174705525383,5.394876332929242,3.2924730751347324
detuned,163500.0,400000.0,3.4521907178214115,0.005593912760618289,0.9944034052467392,2.6819926424860666e-06,3.4503174705525383,5.394876332929242,3.2924730751347324
detuned,163500.0,400000.0,5.391739567086395,0.022986187463910734,1.1804993026786011e-05,0.9770020075430624,3.4503174705525383,5.394876332929242,3.2924730751347324
detuned,163500.0,400000.0,5.632921148754957,0.977949632343897,0.0005020558834204745,0.021548311772682516,3.4503174705525383,5.394876332929242,3.2924730751347324
detuned,164000.0,400000.0,3.291211799055623,0.9946191306023775,0.004047198406612594,0.0013336709910098464,3.4555830599138697,5.394876332929242,3.2924730751347324
detuned,164000.0,400000.0,3.457435982123363,0.005345416823684705,0.9946521313951446,2.4517811706285663e-06,3.4555830599138697,5.394876332929242,3.2924730751347324
detuned,164000.0,400000.0,5.39173965673281,0.02298555484178661,1.1756230175279584e-05,0.977002688928038,3.4555830599138697,5.394876332929242,3.2924730751347324
detuned,164000.0,400000.0,5.632924864434274,0.9779540812895029,0.0004982891097329182,0.021547629600764163,3.4555830599138697,5.394876332929242,3.2924730751347324
detuned,164500.0,400000.0,3.2912296067924887,0.9948436159538381,0.0038225059007697686,0.0013338781453922455,3.4608406378114753,5.394876332929242,3.2924730751347324
detuned,164500.0,400000.0,3.462674413912971,0.0051189750374204136,0.9948787800140932,2.244948486315494e-06,3.4608406378114753,5.394876332929242,3.2924730751347324
detuned,164500.0,400000.0,5.391739745985555,0.0229849249726189,1.170906080835092e-05,0.9770033659665728,3.4608406378114753,5.394876332929242,3.2924730751347324
detuned,164500.0,400000.0,5.632928548337649,0.9779584204576954,0.0004946278262233562,0.021546951716081283,3.4608406378114753,5.394876332929242,3.2924730751347324
detuned,165000.0,400000.0,3.291246340056076,0.9950486541603298,0.0036172809997215,0.0013340648399486883,3.4660902407021914,5.394876332929242,3.2924730751347324
detuned,165000.0,400000.0,3.467905942252612,0.004912011235201546,0.9950859301701698,2.0585946286494715e-06,3.4660902407021914,5.394876332929242,3.2924730751347324
detuned,165000.0,400000.0,5.391739834858702,0.022984297754678643,1.1663448600981522e-05,0.9770040387967203,3.4660902407021914,5.394876332929242,3.2924730751347324
detuned,165000.0,400000.0,5.63293220143658,0.9779626532296434,0.0004910687872159954,0.021546277983140547,3.4660902407021914,5.394876332929242,3.2924730751347324
detuned,165500.0,400000.0,3.2912620938561026,0.9952364541418902,0.0034293123107388265,0.0013342335473709567,3.4713319047671907,5.394876332929242,3.2924730751347324
detuned,165500.0,400000.0,3.4731305085333943,0.004722316196309725,0.9952757935559939,1.8902476963086829e-06,3.4713319047671907,5.394876332929242,3.2924730751347324
detuned,165500.0,400000.0,5.391739923371666,0.02298367306403825,1.161935857895119e-05,0.9770047075773827,3.4713319047671907,5.394876332929242,3.2924730751347324
detuned,165500.0,400000.0,5.6329358248298576,0.9779667828706065,0.0004876088845088394,0.021545608244884627,3.4713319047671907,5.394876332929242,3.2924730751347324
detuned,166000.0,400000.0,3.2912769517941847,0.9954089188763167,0.0032566947399067406,0.0013343863837765911,3.4765656659148907,5.394876332929242,3.2924730751347324
detuned,166000.0,400000.0,3.4783480646423834,0.0045479866512731365,0.9954502755577618,1.7377909652164672e-06,3.4765656659148907,5.394876332929242,3.2924730751347324
detuned,166000.0,400000.0,5.391740011531039,0.02298305084541937,1.1576757181986018e-05,0.9770053723973986,3.4765656659148907,5.394876332929242,3.2924730751347324
detuned,166000.0,400000.0,5.632939419248404,0.9779708124442285,0.00048424514038200367,0.021544942415389557,3.4765656659148907,5.394876332929242,3.2924730751347324
detuned,166500.0,400000.0,3.2912909886716775,0.9955676948884754,0.0030977799414617212,0.001334525170062819,3.4817915597838254,5.394876332929242,3.2924730751347324
detuned,166500.0,400000.0,3.4835585714769395,0.004387375788435452,0.9956110248075505,1.5994040140191462e-06,3.4817915597838254,5.394876332929242,3.2924730751347324
detuned,166500.0,400000.0,5.391740099355139,0.022982430978969733,1.1535612050921469e-05,0.9770060334089793,3.4817915597838254,5.394876332929242,3.2924730751347324
detuned,166500.0,400000.0,5.632942985728901,0.9779747449550965,0.0004809747007305346,0.021544280344172956,3.4817915597838254,5.394876332929242,3.2924730751347324
detuned,167000.0,400000.0,3.2913042710394174,0.9957142126691566,0.002951135852255285,0.0013346514785881457,3.487009621745475,5.394876332929242,3.2924730751347324
detuned,167000.0,400000.0,3.4887619977408546,0.0042390528365629,0.9957594736485965,1.4735148405405324e-06,3.487009621745475,5.394876332929242,3.2924730751347324
detuned,167000.0,400000.0,5.391740186854035,0.022981813378951624,1.1495892087061532e-05,0.9770066907289613,3.487009621745475,5.394876332929242,3.2924730751347324
detuned,167000.0,400000.0,5.632946525084556,0.9779785832541422,0.00047779482956763163,0.021543621916290164,3.487009621745475,5.394876332929242,3.2924730751347324
detuned,167500.0,400000.0,3.2913168584543286,0.9958497198439611,0.0028155134837117846,0.0013347666723270324,3.4922198869070598,5.394876332929242,3.2924730751347324
detuned,167500.0,400000.0,3.4939583188509697,0.004101769896692385,0.9958968713425996,1.358760707927276e-06,3.4922198869070598,5.394876332929242,3.2924730751347324
detuned,167500.0,400000.0,5.391740274042902,0.022981197958251123,1.1457567358221761e-05,0.9770073444743907,3.4922198869070598,5.394876332929242,3.2924730751347324
detuned,167500.0,400000.0,5.632950038170279,0.9779823300805702,0.00047470290308714166,0.021542967016342604,3.4922198869070598,5.394876332929242,3.2924730751347324
detuned,168000.0,400000.0,3.2913288043182427,0.9959753085552472,0.0026898195081152968,0.0013348719366374907,3.497422390114296,5.394876332929242,3.2924730751347324
detuned,168000.0,400000.0,3.499147516072094,0.003974434559581464,0.9960243114844718,1.2539559467835324e-06,3.497422390114296,5.394876332929242,3.2924730751347324
detuned,168000.0,400000.0,5.391740360927344,0.02298058465713663,1.1420609077723357e-05,0.9770079947337857,3.497422390114296,5.394876332929242,3.2924730751347324
detuned,168000.0,400000.0,5.632953525689235,0.9779859880383116,0.0004716964039134304,0.02154231555777496,3.497422390114296,5.394876332929242,3.2924730751347324
detuned,168500.0,400000.0,3.291340156917384,0.9960919381773983,0.0025730935151172768,0.0013349683074844719,3.502617165954114,5.394876332929242,3.2924730751347324
detuned,168500.0,400000.0,3.50432957575612,0.0038560871887010563,0.9961427547459134,1.158065385541265e-06,3.502617165954114,5.394876332929242,3.2924730751347324
detuned,168500.0,400000.0,5.391740447523838,0.022979973363364974,1.1384989502712523e-05,0.9770086416471323,3.502617165954114,5.394876332929242,3.2924730751347324
detuned,168500.0,400000.0,5.632956988538642,0.9779895596818406,0.0004687729163267981,0.021541667401832366,3.502617165954114,5.394876332929242,3.2924730751347324
detuned,169000.0,400000.0,3.2913509595747996,0.9962004542579204,0.0024644890509353786,0.0013350566911442916,3.507804248757343,5.394876332929242,3.2924730751347324
detuned,169000.0,400000.0,3.5095044886644127,0.0037458819826404516,0.9962530478351175,1.0701822420313427e-06,3.507804248757343,5.394876332929242,3.2924730751347324
detuned,169000.0,400000.0,5.391740533842731,0.022979364023886107,1.135068196172793e-05,0.9770092852941522,3.507804248757343,5.394876332929242,3.2924730751347324
detuned,169000.0,400000.0,5.632960427362358,0.9779930474075376,0.0004659301217955883,0.02154102247066681,3.507804248757343,5.394876332929242,3.2924730751347324
detuned,169500.0,400000.0,3.2913612516543647,0.9963016043616919,0.0023632577531097244,0.0013351378851982941,3.512983672601355,5.394876332929242,3.2924730751347324
detuned,169500.0,400000.0,3.5146722494739713,0.0036430711253842537,0.9963559393648946,9.895097211336745e-07,3.512983672601355,5.394876332929242,3.2924730751347324
detuned,169500.0,400000.0,5.39174061989583,0.0229787565294219,1.1317660751093099e-05,0.977009925809827,3.512983672601355,5.394876332929242,3.2924730751347324
detuned,169500.0,400000.0,5.632963843012671,0.9779964535763589,0.00046316579351671813,0.021540380630124475,3.512983672601355,5.394876332929242,3.2924730751347324
detuned,170000.0,400000.0,3.2913710688660816,0.9963960514290465,0.0022687359790922717,0.0013352125918611767,3.5181554713126792,5.394876332929242,3.2924730751347324
detuned,170000.0,400000.0,3.5198328562569223,0.0035469914346343266,0.9964520932197845,9.153455811388626e-07,3.5181554713126792,5.394876332929242,3.2924730751347324
detuned,170000.0,400000.0,5.391740705693623,0.022978150828666673,1.128590115560779e-05,0.9770105632701778,3.5181554713126792,5.394876332929242,3.2924730751347324
detuned,170000.0,400000.0,5.632967236104132,0.977999780401327,0.00046047779306423986,0.021539741805608824,3.5181554713126792,5.394876332929242,3.2924730751347324
detuned,170500.0,400000.0,3.291380443531511,0.9964843850304903,0.002180333537529892,0.001335281431979797,3.5233196784695786,5.394876332929242,3.2924730751347324
detuned,170500.0,400000.0,3.524986310051996,0.003457053100716861,0.9965420998301414,8.470691417461295e-07,3.5233196784695786,5.394876332929242,3.2924730751347324
detuned,170500.0,400000.0,5.391740791244795,0.02297754684318518,1.1255379360223975e-05,0.9770111977774546,3.5233196784695786,5.394876332929242,3.2924730751347324
detuned,170500.0,400000.0,5.632970607329809,0.9780030300386321,0.0004578640653936787,0.02153910589597427,3.5233196784695786,5.394876332929242,3.2924730751347324
detuned,171000.0,400000.0,3.2913894052875685,0.9965671309136062,0.0020975241304572955,0.0013353449559366242,3.528476327404594,5.394876332929242,3.2924730751347324
detuned,171000.0,400000.0,3.530132614574597,0.0033727301438370976,0.9966264857258161,7.841303467373729e-07,3.528476327404594,5.394876332929242,3.2924730751347324
detuned,171000.0,400000.0,5.391740876565322,0.022976944476815347,1.1226072424996522e-05,0.9770118294507597,3.528476327404594,5.394876332929242,3.2924730751347324
detuned,171000.0,400000.0,5.632973957466058,0.9780062045809564,0.0004553226359421436,0.021538472783101434,3.528476327404594,5.394876332929242,3.2924730751347324
detuned,171500.0,400000.0,3.291397981046701,0.9966447591579853,0.0020198371894396138,0.0013354036525750547,3.533625451207053,5.394876332929242,3.2924730751347324
detuned,171500.0,400000.0,3.5352717758391727,0.0032935522576230686,0.9967057217019448,7.260404321085148e-07,3.533625451207053,5.394876332929242,3.2924730751347324
detuned,171500.0,400000.0,5.391740961658036,0.022976343700055888,1.1197958307857464e-05,0.9770124583416362,3.533625451207053,5.394876332929242,3.2924730751347324
detuned,171500.0,400000.0,5.632977286984521,0.9780093059769388,0.00045285160654378036,0.021537842416517464,3.533625451207053,5.394876332929242,3.2924730751347324
detuned,172000.0,400000.0,3.2914061954872857,0.9967176910931286,0.001946850949438749,0.0013354579574327702,3.5387670827255477,5.394876332929242,3.2924730751347324
detuned,172000.0,400000.0,3.540403801920025,0.003219097890715937,0.9967802297452291,6.723640549939123e-07,3.5387670827255477,5.394876332929242,3.2924730751347324
detuned,172000.0,400000.0,5.391741046535152,0.02297574441861258,1.1171015726901879e-05,0.9770130845656605,3.5387670827255477,5.394876332929242,3.2924730751347324
detuned,172000.0,400000.0,5.632980596596103,0.9780123361667874,0.00045044915169236425,0.02153721468152022,3.5387670827255477,5.394876332929242,3.2924730751347324
detuned,172500.0,400000.0,3.291414071237309,0.9967863052829575,0.0018781864572900045,0.0013355082597524721,3.543901254570381,5.394876332929242,3.2924730751347324
detuned,172500.0,400000.0,3.5455287027243974,0.003148988262759885,0.9968503890247309,6.227125092046239e-07,3.543901254570381,5.394876332929242,3.2924730751347324
detuned,172500.0,400000.0,5.39174113121133,0.022975146547962687,1.1145224227915216e-05,0.9770137082278094,3.543901254570381,5.394876332929242,3.2924730751347324
detuned,172500.0,400000.0,5.63298388700927,0.9780152970105176,0.00044811351583617996,0.021536589473646253,3.543901254570381,5.394876332929242,3.2924730751347324
detuned,173000.0,400000.0,3.2914216290120004,0.9968509426259706,0.0018135024669342762,0.0013355549070951575,3.549027999115977,5.394876332929242,3.2924730751347324
detuned,173000.0,400000.0,3.5506464897593286,0.0030828822642320337,0.9969165409978065,5.767379615005691e-07,3.549027999115977,5.394876332929242,3.2924730751347324
detuned,173000.0,400000.0,5.391741215691921,0.022974550039946848,1.1120564098979794e-05,0.9770143293959542,3.549027999115977,5.394876332929242,3.2924730751347324
detuned,173000.0,400000.0,5.6329871587324485,0.9780181902638482,0.000445843009974506,0.021535966726177358,3.549027999115977,5.394876332929242,3.2924730751347324
detuned,173500.0,400000.0,3.291428887828854,0.996911910791509,0.001752490996614313,0.001335598211876676,3.5541473485032657,5.394876332929242,3.2924730751347324
detuned,173500.0,400000.0,3.5557571759509257,0.0030204720189666145,0.9969789938525675,5.341284659810353e-07,3.5541473485032657,5.394876332929242,3.2924730751347324
detuned,173500.0,400000.0,5.391741299981451,0.02297395486398699,1.1097016393949746e-05,0.9770149481196191,3.5541473485032657,5.394876332929242,3.2924730751347324
detuned,173500.0,400000.0,5.632990412164178,0.9780210176008496,0.00044363600890597504,0.021535346390244528,3.5541473485032657,5.394876332929242,3.2924730751347324
detuned,174000.0,400000.0,3.2914358658059837,0.9969694880233975,0.001694873521601562,0.0013356384550009565,3.5592593346420305,5.394876332929242,3.2924730751347324
detuned,174000.0,400000.0,3.56086077552724,0.0029614790827393695,0.9970380263135654,4.946036952585681e-07,3.5592593346420305,5.394876332929242,3.2924730751347324
detuned,174000.0,400000.0,5.391741384101309,0.02297336086895006,1.1074562788129466e-05,0.9770155645682618,3.5592593346420305,5.394876332929242,3.2924730751347324
detuned,174000.0,400000.0,5.632993648285461,0.978023780755623,0.00044149094804906287,0.021534728296328066,3.5592593346420305,5.394876332929242,3.2924730751347324
detuned,174500.0,400000.0,3.291442578553803,0.997023926501605,0.0016403976099831838,0.0013356758884118488,3.564363989213232,5.394876332929242,3.2924730751347324
detuned,174500.0,400000.0,3.5659573038111705,0.002905651078337973,0.9970938910104546,4.5791120744354053e-07,3.564363989213232,5.394876332929242,3.2924730751347324
detuned,174500.0,400000.0,5.391741468047608,0.022972768085637328,1.105318574932956e-05,0.9770161787286133,3.564363989213232,5.394876332929242,3.2924730751347324
detuned,174500.0,400000.0,5.632996867196286,0.9780264812191468,0.0004394063216718805,0.021534112459181368,3.564363989213232,5.394876332929242,3.2924730751347324
detuned,175000.0,400000.0,3.2914490413009974,0.9970754551961037,0.0015888340632193266,0.001335710740677047,3.569461343671297,5.394876332929242,3.2924730751347324
detuned,175000.0,400000.0,3.5710467771368717,0.0028527588444365046,0.9971468173323103,4.2382325323556054e-07,3.569461343671297,5.394876332929242,3.2924730751347324
detuned,175000.0,400000.0,5.39174155183553,0.022972176411586692,1.1032868328085883e-05,0.9770167907200853,3.569461343671297,5.394876332929242,3.2924730751347324
detuned,175000.0,400000.0,5.633000069617727,0.9780291205610249,0.0004373806794798243,0.021533498759495204,3.569461343671297,5.394876332929242,3.2924730751347324
detuned,175500.0,400000.0,3.291455268199356,0.9971242823877088,0.00153997439480931,0.001335743217481901,3.5745514292463803,5.394876332929242,3.2924730751347324
detuned,175500.0,400000.0,3.5761292127484228,0.002802593914393692,0.9971970139516116,3.9213399450261986e-07,3.5745514292463803,5.394876332929242,3.2924730751347324
detuned,175500.0,400000.0,5.391741635472172,0.022971585774980426,1.1013594206676857e-05,0.977017400630813,3.5745514292463803,5.394876332929242,3.2924730751347324
detuned,175500.0,400000.0,5.633003256138286,0.9780317002660004,0.00043541262443672166,0.02153288710956298,3.5745514292463803,5.394876332929242,3.2924730751347324
detuned,176000.0,400000.0,3.2914612718747844,0.9971705979167955,0.001493628577360459,0.0013357735058440144,3.5796342769465954,5.394876332929242,3.2924730751347324
detuned,176000.0,400000.0,3.5812046286441803,0.002754966263987114,0.9972446710789781,3.6265703487710567e-07,3.5796342769465954,5.394876332929242,3.2924730751347324
detuned,176000.0,400000.0,5.391741718966863,0.022970996139057204,1.0995347708773277e-05,0.9770180085132341,3.5796342769465954,5.394876332929242,3.2924730751347324
detuned,176000.0,400000.0,5.633006427128809,0.9780342217314193,0.0004335008112593285,0.021532277457321416,3.5796342769465954,5.394876332929242,3.2924730751347324
detuned,176500.0,400000.0,3.291467064411847,0.997214575079599,0.0014496231453938735,0.00133580177500709,3.5847099175602217,5.394876332929242,3.2924730751347324
detuned,176500.0,400000.0,3.5862730435680428,0.0027097024205234694,0.9972899623561539,3.3522332260598583e-07,3.5847099175602217,5.394876332929242,3.2924730751347324
detuned,176500.0,400000.0,5.391741802328485,0.02297040742412274,1.0978113732152298e-05,0.9770186144621451,3.5847099175602217,5.394876332929242,3.2924730751347324
detuned,176500.0,400000.0,5.633009583192084,0.9780366863485019,0.0004316439431844889,0.021531669708313567,3.5847099175602217,5.394876332929242,3.2924730751347324
detuned,177000.0,400000.0,3.291472656966962,0.9972563723518715,0.001407799469596238,0.0013358281785322238,3.589778381657877,5.394876332929242,3.2924730751347324
detuned,177000.0,400000.0,3.591334476858104,0.0026666437349501387,0.997333046585775,3.096792747667199e-07,3.589778381657877,5.394876332929242,3.2924730751347324
detuned,177000.0,400000.0,5.391741885561455,0.02296981960033278,1.0961877755306499e-05,0.977019218521912,3.589778381657877,5.394876332929242,3.2924730751347324
detuned,177000.0,400000.0,5.63301272467687,0.9780390954104472,0.0004298407708662472,0.02153106381868658,3.589778381657877,5.394876332929242,3.2924730751347324
detuned,177500.0,400000.0,3.291478059907728,0.9972961348889733,0.0013680122542865782,0.0013358528567400715,3.5948396995946683,5.394876332929242,3.2924730751347324
detuned,177500.0,400000.0,3.5963889484157843,0.0026256448828180863,0.9973740692320375,2.858851443776898e-07,3.5948396995946683,5.394876332929242,3.2924730751347324
detuned,177500.0,400000.0,5.391741968677338,0.022969232596288084,1.094662579167032e-05,0.9770198207779203,3.5948396995946683,5.394876332929242,3.2924730751347324
detuned,177500.0,400000.0,5.633015852129947,0.9780414502069225,0.00042809008987729745,0.021530459703200236,3.5948396995946683,5.394876332929242,3.2924730751347324
detuned,178000.0,400000.0,3.291483282680313,0.997333995852441,0.0013301282106021504,0.0013358759369568323,3.59989390151231,5.394876332929242,3.2924730751347324
detuned,178000.0,400000.0,3.601436478617401,0.002586572538899605,0.9974131637475231,2.6371357730307625e-07,3.59989390151231,5.394876332929242,3.2924730751347324
detuned,178000.0,400000.0,5.391742051681733,0.022968646360971085,1.0932344395593539e-05,0.9770204212946333,3.59989390151231,5.394876332929242,3.2924730751347324
detuned,178000.0,400000.0,5.633018965970643,0.9780437519632507,0.00042639073902816263,0.021529857297721174,3.59989390151231,5.394876332929242,3.2924730751347324
detuned,178500.0,400000.0,3.2914883346054755,0.997370077575412,0.0012940248885731183,0.001335897536014976,3.6049410173412206,5.394876332929242,3.2924730751347324
detuned,178500.0,400000.0,3.6064770883089468,0.0025493042092807135,0.997450452742367,2.4304835235994157e-07,3.6049410173412206,5.394876332929242,3.2924730751347324
detuned,178500.0,400000.0,5.391742134581939,0.022968060847018145,1.0919020629316235e-05,0.9770210201323526,3.6049410173412206,5.394876332929242,3.2924730751347324
detuned,178500.0,400000.0,5.633022066608388,0.9780460018592161,0.00042474159874739316,0.02152925654203645,3.6049410173412206,5.394876332929242,3.2924730751347324
detuned,179000.0,400000.0,3.291493224039998,0.9974044926230103,0.0012595896167074607,0.0013359177602822597,3.609981076802591,5.394876332929242,3.2924730751347324
detuned,179000.0,400000.0,3.6115107986984762,0.002513727172938925,0.9974860490438142,2.237832467275615e-07,3.609981076802591,5.394876332929242,3.2924730751347324
detuned,179000.0,400000.0,5.391742217388984,0.02296747597933419,1.0906642062297752e-05,0.9770216173786035,3.609981076802591,5.394876332929242,3.2924730751347324
detuned,179000.0,400000.0,5.633025154589748,0.9780482010620356,0.0004231415892014398,0.021528657348762983,3.609981076802591,5.394876332929242,3.2924730751347324
detuned,179500.0,400000.0,3.2914979587805693,0.9974373447068206,0.0012267185860986307,0.0013359367070808208,3.6150141094104224,5.394876332929242,3.2924730751347324
detuned,179500.0,400000.0,3.6165376313291056,0.0024797375678432838,0.9975200566111034,2.0582105338760702e-07,3.6150141094104224,5.394876332929242,3.2924730751347324
detuned,179500.0,400000.0,5.391742300106348,0.022966891729436147,1.0895196740183996e-05,0.9770222130738236,3.6150141094104224,5.394876332929242,3.2924730751347324
detuned,179500.0,400000.0,5.633028230221111,0.9780503506533957,0.00042158966884763927,0.02152805967775663,3.6150141094104224,5.394876332929242,3.2924730751347324
detuned,180000.0,400000.0,3.291502546099334,0.9974687295178504,0.0011953160163289693,0.0013359544658207317,3.6200401444735477,5.394876332929242,3.2924730751347324
detuned,180000.0,400000.0,3.6215576080360754,0.0024472395542551504,0.997552571373053,1.890726917576924e-07,3.6200401444735477,5.394876332929242,3.2924730751347324
detuned,180000.0,400000.0,5.391742382741335,0.022966308047937922,1.0884673187386446e-05,0.9770228072788747,3.6200401444735477,5.394876332929242,3.2924730751347324
detuned,180000.0,400000.0,5.63303129389679,0.9780524516985178,0.00042008483316968107,0.021527463468312445,3.6200401444735477,5.394876332929242,3.2924730751347324
detuned,180500.0,400000.0,3.2915069932875296,0.997498735452105,0.0011652934290062812,0.0013359711188887593,3.6250592110976205,5.394876332929242,3.2924730751347324
detuned,180500.0,400000.0,3.6265707509370997,0.0024161445921839003,0.9975836819513817,1.7345643440294713e-07,3.6250592110976205,5.394876332929242,3.2924730751347324
detuned,180500.0,400000.0,5.391742465304316,0.022965724858717253,1.0875060345786909e-05,0.977023400080937,3.6250592110976205,5.394876332929242,3.2924730751347324
detuned,180500.0,400000.0,5.633034346143092,0.9780545052544726,0.0004186261125179194,0.021526868633009472,3.6250592110976205,5.394876332929242,3.2924730751347324
detuned,181000.0,400000.0,3.2915113063724704,0.9975274442883436,0.0011365689704899067,0.0013359867411665402,3.63007133818708,5.394876332929242,3.2924730751347324
detuned,181000.0,400000.0,3.631577082339968,0.0023863707645319305,0.9976134703382707,1.588971972796279e-07,3.63007133818708,5.394876332929242,3.2924730751347324
detuned,181000.0,400000.0,5.391742547798172,0.02296514215892331,1.0866347646170946e-05,0.9770239914934306,3.63007133818708,5.394876332929242,3.2924730751347324
detuned,181000.0,400000.0,5.6330373871219,0.9780565122694908,0.0004172125716767614,0.021526275158832424,3.63007133818708,5.394876332929242,3.2924730751347324
detuned,181500.0,400000.0,3.2915154916803404,0.997554931758604,0.0011090668390866417,0.001336001402309438,3.6350765544470964,5.394876332929242,3.2924730751347324
detuned,181500.0,400000.0,3.636576624786773,0.002357842202967909,0.9976420124711037,1.4532592841619384e-07,3.6350765544470964,5.394876332929242,3.2924730751347324
detuned,181500.0,400000.0,5.391742630231406,0.022964559863645758,1.0858524900580063e-05,0.9770245816114536,3.6350765544470964,5.394876332929242,3.2924730751347324
detuned,181500.0,400000.0,5.63304041739434,0.9780584737416912,0.0004158433077614033,0.02152568295054733,3.6350765544470964,5.394876332929242,3.2924730751347324
detuned,182000.0,400000.0,3.2915195549716025,0.9975812680916706,0.0010827167422839323,0.0013360151660456198,3.6400748883854863,5.394876332929242,3.2924730751347324
detuned,182000.0,400000.0,3.6415694009689696,0.0023304885467633697,0.9976693787741915,1.326790451905348e-07,3.6400748883854863,5.394876332929242,3.2924730751347324
detuned,182000.0,400000.0,5.391742712611042,0.02296397793818007,1.085158234885084e-05,0.9770251704794711,3.6400748883854863,5.394876332929242,3.2924730751347324
detuned,182000.0,400000.0,5.633043437275247,0.9780603905868333,0.0004145174494115226,0.02152509196375521,3.6400748883854863,5.394876332929242,3.2924730751347324
detuned,182500.0,400000.0,3.291523501571438,0.9976065184859293,0.0010574534225868976,0.0013360280914838352,3.645066368314608,5.394876332929242,3.2924730751347324
detuned,182500.0,400000.0,3.6465554337101334,0.0023042444694668573,0.9976956346325953,1.20897937889466e-07,3.645066368314608,5.394876332929242,3.2924730751347324
detuned,182500.0,400000.0,5.391742794942277,0.022963396333684338,1.0845510637030697e-05,0.9770257581556786,3.645066368314608,5.394876332929242,3.2924730751347324
detuned,182500.0,400000.0,5.6330464471114166,0.978062263704269,0.0004132341555555765,0.021524502140175393,3.645066368314608,5.394876332929242,3.2924730751347324
detuned,183000.0,400000.0,3.2915273367214466,0.997630743531478,0.0010332162355584198,0.0013360402329636231,3.6500510223532334,5.394876332929242,3.2924730751347324
detuned,183000.0,400000.0,3.6515347459647587,0.0022790492565791737,0.9977208408148933,1.0992852740962833e-07,3.6500510223532334,5.394876332929242,3.2924730751347324
detuned,183000.0,400000.0,5.391742877237562,0.022962814988182007,1.0840300774378546e-05,0.9770263447110437,3.6500510223532334,5.394876332929242,3.2924730751347324
detuned,183000.0,400000.0,5.63304944734588,0.978064093977209,0.0004119926141036223,0.02152391340868748,3.6500510223532334,5.394876332929242,3.2924730751347324
detuned,183500.0,400000.0,3.2915310649711373,0.9976539996100043,0.0010099487493417118,0.0013360516406540268,3.6550288784283937,5.394876332929242,3.2924730751347324
detuned,183500.0,400000.0,3.6565073607895786,0.0022548464063362333,0.9977450538728064,9.972085743259584e-08,3.6550288784283937,5.394876332929242,3.2924730751347324
detuned,183500.0,400000.0,5.391742959494108,0.02296223389391411,1.0835944185995158e-05,0.9770269301618998,3.6550288784283937,5.394876332929242,3.2924730751347324
detuned,183500.0,400000.0,5.633052438152126,0.9780658822058763,0.00041079204103385784,0.02152332575308967,3.6550288784283937,5.394876332929242,3.2924730751347324
detuned,184000.0,400000.0,3.2915346910798258,0.9976763392300875,0.0009875984086225103,0.0013360623612900145,3.659999964277207,5.394876332929242,3.2924730751347324
detuned,184000.0,400000.0,3.661473301319739,0.002231583292967738,0.9977683264782912,9.022874118456024e-08,3.659999964277207,5.394876332929242,3.2924730751347324
detuned,184000.0,400000.0,5.391743041725945,0.022961652967018714,1.0832432620288706e-05,0.977027514600361,3.659999964277207,5.394876332929242,3.2924730751347324
detuned,184000.0,400000.0,5.633055420046314,0.9780676292396658,0.0004096316794051779,0.021522739080928825,3.659999964277207,5.394876332929242,3.2924730751347324
detuned,184500.0,400000.0,3.2915382190370552,0.9976978113543016,0.000966116208129635,0.0013360724375688535,3.6649643074486815,5.394876332929242,3.2924730751347324
detuned,184500.0,400000.0,3.666432590757541,0.002209210840682563,0.997790707749887,8.140943047123027e-08,3.6649643074486815,5.394876332929242,3.2924730751347324
detuned,184500.0,400000.0,5.391743123929634,0.02296107222087967,1.0829758230579505e-05,0.9770280980208897,3.6649643074486815,5.394876332929242,3.2924730751347324
detuned,184500.0,400000.0,5.633058393084252,0.9780693358037783,0.0004085107981464411,0.021522153398075224,3.6649643074486815,5.394876332929242,3.2924730751347324
detuned,185000.0,400000.0,3.2915416531254706,0.9977184616751938,0.00094545641470937,0.001336081910096893,3.669921935305495,5.394876332929242,3.2924730751347324
detuned,185000.0,400000.0,3.6713852523424952,0.002187683246459503,0.9978122435302117,7.32233288417517e-08,3.669921935305495,5.394876332929242,3.2924730751347324
detuned,185000.0,400000.0,5.391743206124053,0.022960491523783683,1.0827913440901807e-05,0.9770286805627755,3.669921935305495,5.394876332929242,3.2924730751347324
detuned,185000.0,400000.0,5.633061357999541,0.97807100274434,0.00040742869122865053,0.021521568564431274,3.669921935305495,5.394876332929242,3.2924730751347324
detuned,185500.0,400000.0,3.2915449971741,0.9977383328796356,0.0009255763050721154,0.0013360908152922999,3.674872875025756,5.394876332929242,3.2924730751347324
detuned,185500.0,400000.0,3.676331309351501,0.0021669577184127357,0.9978329766478633,6.563372399609705e-08,3.674872875025756,5.394876332929242,3.2924730751347324
detuned,185500.0,400000.0,5.39174328830964,0.022959910895372082,1.0826891084673034e-05,0.9770292622135431,3.674872875025756,5.394876332929242,3.2924730751347324
detuned,185500.0,400000.0,5.633064314829143,0.978072630730136,0.000406384676995487,0.021520984592868574,3.674872875025756,5.394876332929242,3.2924730751347324
detuned,186000.0,400000.0,3.2915482545735397,0.9977574648903792,0.0009064359219814987,0.0013360991876392842,3.6798171536047417,5.394876332929242,3.2924730751347324
detuned,186000.0,400000.0,3.681270785099548,0.0021469942303487515,0.9978529471631034,5.860654802776825e-08,3.6798171536047417,5.394876332929242,3.2924730751347324
detuned,186000.0,400000.0,5.391743370488803,0.022959330296808352,1.082668429270223e-05,0.9770298430188988,3.6798171536047417,5.394876332929242,3.2924730751347324
detuned,186000.0,400000.0,5.633067263863057,0.9780742204657614,0.0004053780967934565,0.021520401437445123,3.6798171536047417,5.394876332929242,3.2924730751347324
detuned,186500.0,400000.0,3.2915514287274705,0.9977758950676309,0.0008879978729781147,0.0013361070593910142,3.6847547978566144,5.394876332929242,3.2924730751347324
detuned,186500.0,400000.0,3.686203702876857,0.0021277553226078973,0.9978721925672307,5.211016151408218e-08,3.6847547978566144,5.394876332929242,3.2924730751347324
detuned,186500.0,400000.0,5.391743452669483,0.022958749672234935,1.0827286518588345e-05,0.9770304230412464,3.6847547978566144,5.394876332929242,3.2924730751347324
detuned,186500.0,400000.0,5.633070205455778,0.9780757726497715,0.00040440831472569026,0.02151981903550283,3.6847547978566144,5.394876332929242,3.2924730751347324
detuned,187000.0,400000.0,3.291554523120739,0.9977936584111,0.0008702271285173238,0.0013361144603825515,3.6896858344161196,5.394876332929242,3.2924730751347324
detuned,187000.0,400000.0,3.6911300860284104,0.0021092058989588365,0.9978907479858813,4.611515993001333e-08,3.6896858344161196,5.394876332929242,3.2924730751347324
detuned,187000.0,400000.0,5.391743534859631,0.022958168970076236,1.0828691507836419e-05,0.9770310023384159,3.6896858344161196,5.394876332929242,3.2924730751347324
detuned,187000.0,400000.0,5.633073139963425,0.9780772879548176,0.0004034747163941939,0.02151923732878818,3.6896858344161196,5.394876332929242,3.2924730751347324
detuned,187500.0,400000.0,3.2915575407619024,0.9978107877418869,0.0008530908398958279,0.001336121418217211,3.6946102897402606,5.394876332929242,3.2924730751347324
detuned,187500.0,400000.0,3.6960499578177117,0.0020913130463714627,0.9979086463594377,4.059419092454664e-08,3.6946102897402606,5.394876332929242,3.2924730751347324
detuned,187500.0,400000.0,5.391743617064175,0.02295758815209703,1.0830893321942823e-05,0.977031580954581,3.6946102897402606,5.394876332929242,3.2924730751347324
detuned,187500.0,400000.0,5.633076067677075,0.9780787670185119,0.00040257670840855884,0.02151865627307949,3.6946102897402606,5.394876332929242,3.2924730751347324
detuned,188000.0,400000.0,3.29156048450275,0.997827313856139,0.0008365581853354607,0.0013361279585255947,3.699528190109956,5.394876332929242,3.2924730751347324
detuned,188000.0,400000.0,3.7009633415427508,0.00207404587974528,0.9979259185984598,3.5521794897110103e-08,3.699528190109956,5.394876332929242,3.2924730751347324
detuned,188000.0,400000.0,5.3917436992855,0.022957007200619464,1.0833886333433894e-05,0.9770321589130471,3.699528190109956,5.394876332929242,3.2924730751347324
detuned,188000.0,400000.0,5.633078988750948,0.9780802104374172,0.00040171371764254364,0.021518075844940303,3.699528190109956,5.394876332929242,3.2924730751347324
detuned,188500.0,400000.0,3.2915633571349656,0.9978432656801671,0.0008206002140280669,0.0013361341058048034,3.704439561631676,5.394876332929242,3.2924730751347324
detuned,188500.0,400000.0,3.7058702604546028,0.0020573753855138185,0.9979425937402285,3.08742575405897e-08,3.704439561631676,5.394876332929242,3.2924730751347324
detuned,188500.0,400000.0,5.3917437815336005,0.022956426066106025,1.0837665173651233e-05,0.9770327362687203,3.704439561631676,5.394876332929242,3.2924730751347324
detuned,188500.0,400000.0,5.633081903508437,0.97808161882051,0.00040088519048334526,0.02151749598900653,3.704439561631676,5.394876332929242,3.2924730751347324
detuned,189000.0,400000.0,3.291566161453449,0.9978586704025232,0.0008051897149727391,0.0013361398825040328,3.709344430239058,5.394876332929242,3.2924730751347324
detuned,189000.0,400000.0,3.7107707377591272,0.0020412742926989567,0.9979586990778276,2.6629473448829585e-08,3.709344430239058,5.394876332929242,3.2924730751347324
detuned,189000.0,400000.0,5.3917438638134785,0.022955844689747276,1.0842224763112941e-05,0.9770333130854895,3.709344430239058,5.394876332929242,3.2924730751347324
detuned,189000.0,400000.0,5.6330848123378505,0.9780829927668209,0.00040009059213899856,0.021516916641040214,3.709344430239058,5.394876332929242,3.2924730751347324
detuned,189500.0,400000.0,3.2915688995019554,0.9978735536039987,0.0007903010868211501,0.0013361453091802569,3.714242821694505,5.394876332929242,3.2924730751347324
detuned,189500.0,400000.0,3.715664796648653,0.002025716941312134,0.997974260291862,2.276682587229821e-08,3.714242821694505,5.394876332929242,3.2924730751347324
detuned,189500.0,400000.0,5.391743946125657,0.022955263069536356,1.0847560312409529e-05,0.9770338893701512,3.714242821694505,5.394876332929242,3.2924730751347324
detuned,189500.0,400000.0,5.633087715320761,0.9780843327993638,0.0003993294061739739,0.02151633779446229,3.714242821694505,5.394876332929242,3.2924730751347324
detuned,190000.0,400000.0,3.29157157427879,0.9978879393581648,0.0007759102359692776,0.0013361504058659786,3.7191347615907646,5.394876332929242,3.2924730751347324
detuned,190000.0,400000.0,3.7205524602372124,0.0020106791811644494,0.997989301551761,1.9267074494496124e-08,3.7191347615907646,5.394876332929242,3.2924730751347324
detuned,190000.0,400000.0,5.3917440284823295,0.022954681134318485,1.0853667268255745e-05,0.9770344651984133,3.7191347615907646,5.394876332929242,3.2924730751347324
detuned,190000.0,400000.0,5.633090612886913,0.9780856394936676,0.0003986011336035454,0.021515759372728774,3.7191347615907646,5.394876332929242,3.2924730751347324
detuned,190500.0,400000.0,3.291574187562863,0.997901850356193,0.0007619944528864661,0.0013361551909204484,3.724020275352489,5.394876332929242,3.2924730751347324
detuned,190500.0,400000.0,3.7254337515948226,0.001996138247200246,0.9980038456405486,1.6112251179542142e-08,3.724020275352489,5.394876332929242,3.2924730751347324
detuned,190500.0,400000.0,5.391744110883456,0.022954098866957064,1.0860541366234223e-05,0.9770350405916767,3.724020275352489,5.394876332929242,3.2924730751347324
detuned,190500.0,400000.0,5.633093505183637,0.9780869133528387,0.0003979052927549302,0.021515181354406363,3.724020275352489,5.394876332929242,3.2924730751347324
detuned,191000.0,400000.0,3.2915767418840693,0.9979153079854655,0.0007485323328551511,0.0013361596816794156,3.728899388237777,5.394876332929242,3.2924730751347324
detuned,191000.0,400000.0,3.730308693744242,0.001982072682143422,0.998017914032288,1.3285568582364182e-08,3.728899388237777,5.394876332929242,3.2924730751347324
detuned,191000.0,400000.0,5.391744193339521,0.022953516207326483,1.0868178571680985e-05,0.9770356156141019,3.728899388237777,5.394876332929242,3.2924730751347324
detuned,191000.0,400000.0,5.633096392543938,0.9780881549071068,0.0003972414182095108,0.021514603674683743,3.728899388237777,5.394876332929242,3.2924730751347324
detuned,191500.0,400000.0,3.291579239078498,0.9979283324274546,0.000735503678652564,0.0013361638938928473,3.733772125339695,5.394876332929242,3.2924730751347324
detuned,191500.0,400000.0,3.735177309634729,0.001968462237442365,0.9980315269912244,1.0771333155936398e-08,3.733772125339695,5.394876332929242,3.2924730751347324
detuned,191500.0,400000.0,5.391744275848997,0.022952933154637315,1.0876575135408964e-05,0.9770361902702273,3.733772125339695,5.394876332929242,3.2924730751347324
detuned,191500.0,400000.0,5.6330992751060025,0.9780893646100838,0.00039660906079114,0.02151402632912518,3.733772125339695,5.394876332929242,3.2924730751347324
detuned,192000.0,400000.0,3.291581681112075,0.9979409427390636,0.0007228894179798767,0.001336167842956571,3.7386385115877863,5.394876332929242,3.2924730751347324
detuned,192000.0,400000.0,3.740039622129467,0.001955287791617127,0.9980447036535159,8.55486699725797e-09,3.7386385115877863,5.394876332929242,3.2924730751347324
detuned,192000.0,400000.0,5.391744358421983,0.022952349650800043,1.0885727519102253e-05,0.9770367646216809,3.7386385115877863,5.394876332929242,3.2924730751347324
detuned,192000.0,400000.0,5.633102153161566,0.9780905429578993,0.00039600778661573244,0.021513449255484984,3.7386385115877863,5.394876332929242,3.2924730751347324
detuned,192500.0,400000.0,3.291584070065046,0.9979531569192174,0.000710671537675772,0.001336171543106812,3.7434985717495572,5.394876332929242,3.2924730751347324
detuned,192500.0,400000.0,3.744895654053727,0.001942531284862595,0.9980574620927016,6.622435873056159e-09,3.7434985717495572,5.394876332929242,3.2924730751347324
detuned,192500.0,400000.0,5.391744441064257,0.022951765644579097,1.0895632423886133e-05,0.977037338722997,3.7434985717495572,5.394876332929242,3.2924730751347324
detuned,192500.0,400000.0,5.633105027039357,0.9780916904245783,0.00039543717668963466,0.021512872398732074,3.7434985717495572,5.394876332929242,3.2924730751347324
detuned,193000.0,400000.0,3.291586407492415,0.9979649919924285,0.0006988330001441364,0.0013361750074274202,3.7483523304319473,5.394876332929242,3.2924730751347324
detuned,193000.0,400000.0,3.749745428133639,0.0019301756343282283,0.9980698194044896,4.961182244861041e-09,3.7483523304319473,5.394876332929242,3.2924730751347324
detuned,193000.0,400000.0,5.3917445237775325,0.02295118112326216,1.0906286813136021e-05,0.9770379125899247,3.7483523304319473,5.394876332929242,3.2924730751347324
detuned,193000.0,400000.0,5.633107896877439,0.9780928074300455,0.00039489682688773265,0.021512295743066817,3.7483523304319473,5.394876332929242,3.2924730751347324
detuned,193500.0,400000.0,3.2915886954152738,0.997976464058913,0.0006873576924232068,0.0013361782486637113,3.7531998120827845,5.394876332929242,3.2924730751347324
detuned,193500.0,400000.0,3.754588967027342,0.001918204684781731,0.9980817917561529,3.559065416877647e-09,3.7531998120827845,5.394876332929242,3.2924730751347324
detuned,193500.0,400000.0,5.391744606569764,0.0229505960359335,1.0917687841241319e-05,0.9770384862762252,3.7531998120827845,5.394876332929242,3.2924730751347324
detuned,193500.0,400000.0,5.633110762945915,0.978093894419414,0.0003943863466845424,0.0215117192339014,3.7531998120827845,5.394876332929242,3.2924730751347324
detuned,194000.0,400000.0,3.2915909351520054,0.9979875883651389,0.0006762303564470983,0.001336181278413999,3.7580410409922194,5.394876332929242,3.2924730751347324
detuned,194000.0,400000.0,3.7594262932946094,0.0019066031373051007,0.9980933944578911,2.4048038228249536e-09,3.7580410409922194,5.394876332929242,3.2924730751347324
detuned,194000.0,400000.0,5.391744689444454,0.022950010369667023,1.0929832932772694e-05,0.9770390597974001,3.7580410409922194,5.394876332929242,3.2924730751347324
detuned,194000.0,400000.0,5.633113625393652,0.9780949517847873,0.0003939053594939651,0.02151114285571865,3.7580410409922194,5.394876332929242,3.2924730751347324
detuned,194500.0,400000.0,3.2915931282269173,0.9979983793521455,0.0006654365403371097,0.0013361841075173262,3.7628760412941484,5.394876332929242,3.2924730751347324
detuned,194500.0,400000.0,3.7642574294403146,0.0018953565014738628,0.9981046420107006,1.4878254263985134e-09,3.7628760412941484,5.394876332929242,3.2924730751347324
detuned,194500.0,400000.0,5.391744772404068,0.022949424088870154,1.0942719704665682e-05,0.9770396331914252,3.7628760412941484,5.394876332929242,3.2924730751347324
detuned,194500.0,400000.0,5.633116484438266,0.9780959799278317,0.0003934535020294076,0.02151056657013882,3.7628760412941484,5.394876332929242,3.2924730751347324
detuned,195000.0,400000.0,3.291595276479872,0.9980088507035948,0.0006549625495512206,0.0013361867468540487,3.7677048369676145,5.394876332929242,3.2924730751347324
detuned,195000.0,400000.0,3.7690823978531385,0.0018844510468883015,0.998115548154893,7.982188041200434e-10,3.7677048369676145,5.394876332929242,3.2924730751347324
detuned,195000.0,400000.0,5.391744855457028,0.022948837127536773,1.0956345976651796e-05,0.9770402065264866,3.7677048369676145,5.394876332929242,3.2924730751347324
detuned,195000.0,400000.0,5.633119340435748,0.9780969792683836,0.0003930304234732167,0.021509990308143274,3.7677048369676145,5.394876332929242,3.2924730751347324
detuned,195500.0,400000.0,3.2915973812662536,0.9980190154007058,0.0006447953933364269,0.001336189205957691,3.772527451838196,5.394876332929242,3.2924730751347324
detuned,195500.0,400000.0,3.77390122084229,0.0018738737492509957,0.9981261259240596,3.266894807289061e-10,3.772527451838196,5.394876332929242,3.2924730751347324
detuned,195500.0,400000.0,5.391744938607207,0.02294824947781208,1.0970709810643466e-05,0.9770407798123772,3.772527451838196,5.394876332929242,3.2924730751347324
detuned,195500.0,400000.0,5.6331221934811575,0.9780979501545369,0.00039263578571374164,0.021509414059749415,3.772527451838196,5.394876332929242,3.2924730751347324
detuned,196000.0,400000.0,3.2915994437798277,0.9980288857621885,0.0006349227437733568,0.0013361914940382494,3.7773439095793795,5.394876332929242,3.2924730751347324
detuned,196000.0,400000.0,3.7787139206209774,0.0018636122482996171,0.9981363876871809,6.451945230539877e-11,3.7773439095793795,5.394876332929242,3.2924730751347324
detuned,196000.0,400000.0,5.391745021858569,0.022947661104658047,1.0985809466256708e-05,0.9770413530858757,3.7773439095793795,5.394876332929242,3.2924730751347324
detuned,196000.0,400000.0,5.633125043801759,0.9780988929496994,0.0003922692626193389,0.021508837787681173,3.7773439095793795,5.394876332929242,3.2924730751347324
detuned,196500.0,400000.0,3.2916014655888532,0.9980384734828196,0.000625332897296982,0.001336193619883428,3.7821542337139116,5.394876332929242,3.2924730751347324
detuned,196500.0,400000.0,3.783520519335991,0.0018536548120267257,0.9981463451844436,3.529818167724616e-12,3.7821542337139116,5.394876332929242,3.2924730751347324
detuned,196500.0,400000.0,5.391745105220442,0.022947071944063202,1.1001643393132488e-05,0.9770419264125437,3.7821542337139116,5.394876332929242,3.2924730751347324
detuned,196500.0,400000.0,5.633127891731939,0.9780998080344089,0.000391930539816275,0.021508261425774992,3.7821542337139116,5.394876332929242,3.2924730751347324
detuned,197000.0,400000.0,3.2916034475376805,0.9980477896764136,0.0006160147321773652,0.0013361955914091624,3.786958447615144,5.394876332929242,3.2924730751347324
detuned,197000.0,400000.0,3.7883210389948734,0.0018439902907122462,0.9981560095732417,1.3604607126699575e-10,3.786958447615144,5.394876332929242,3.2924730751347324
detuned,197000.0,400000.0,5.391745188689382,0.02294648201832873,1.1018210281599101e-05,0.9770424997713896,3.786958447615144,5.394876332929242,3.2924730751347324
detuned,197000.0,400000.0,5.633130737229694,0.9781006956906934,0.0003916193143540396,0.021507684994952654,3.786958447615144,5.394876332929242,3.2924730751347324
detuned,197500.0,400000.0,3.291605391228111,0.9980568449022202,0.0006069576809733752,0.0013361974168063166,3.7917565745083555,5.394876332929242,3.2924730751347324
detuned,197500.0,400000.0,3.793115501551438,0.0018346080929983828,0.9981653914521356,4.5486605470244246e-10,3.7917565745083555,5.394876332929242,3.2924730751347324
detuned,197500.0,400000.0,5.391745272276953,0.02294589124462676,1.103550898024217e-05,0.9770430732463931,3.7917565745083555,5.394876332929242,3.2924730751347324
detuned,197500.0,400000.0,5.633133580702781,0.9781015562954775,0.0003913352943031241,0.02150710841021937,3.7917565745083555,5.394876332929242,3.2924730751347324
detuned,198000.0,400000.0,3.2916072977020776,0.9980656492061564,0.0005981516908205555,0.0013361991030230629,3.7965486374720627,5.394876332929242,3.2924730751347324
detuned,198000.0,400000.0,3.7979039288265137,0.0018254981434184402,0.9981745009033512,9.532302774257521e-10,3.7965486374720627,5.394876332929242,3.2924730751347324
detuned,198000.0,400000.0,5.391745355984886,0.022945299612719176,1.1053538551803463e-05,0.977043646848729,3.7965486374720627,5.394876332929242,3.2924730751347324
detuned,198000.0,400000.0,5.633136422270914,0.9781023901413823,0.0003910781984331818,0.0215065316601845,3.7965486374720627,5.394876332929242,3.2924730751347324
detuned,198500.0,400000.0,3.2916091682034203,0.998074212144511,0.0005895871984171258,0.0013362006570718696,3.801334659439315,5.394876332929242,3.2924730751347324
detuned,198500.0,400000.0,3.8026863425656563,0.0018166508584262972,0.9981833475167793,1.6247943574591995e-09,3.801334659439315,5.394876332929242,3.2924730751347324
detuned,198500.0,400000.0,5.391745439817666,0.022944707083279375,1.1072298250264756e-05,0.9770442206184704,3.801334659439315,5.394876332929242,3.2924730751347324
detuned,198500.0,400000.0,5.633139262135227,0.9781031975398641,0.00039084775605251724,0.021505954704083417,3.801334659439315,5.394876332929242,3.2924730751347324
detuned,199000.0,400000.0,3.291611003489966,0.99808254282014,0.0005812550945577803,0.001336202085302183,3.8061146631989753,5.394876332929242,3.2924730751347324
detuned,199000.0,400000.0,3.8074627644069485,0.0018080571116325802,0.9981919404247634,2.4636038769690535e-09,3.8061146631989753,5.394876332929242,3.2924730751347324
detuned,199000.0,400000.0,5.391745523779229,0.02294411364403744,1.109178753095419e-05,0.9770447945684316,3.8061146631989753,5.394876332929242,3.2924730751347324
detuned,199000.0,400000.0,5.633142100426469,0.9781039787643981,0.0003906437067022614,0.021505377528899618,3.8061146631989753,5.394876332929242,3.2924730751347324
detuned,199500.0,400000.0,3.2916128048465363,0.9980906498998721,0.0005731467057960921,0.0013362033943318374,3.810888671396986,5.394876332929242,3.2924730751347324
detuned,199500.0,400000.0,3.8122332158819914,0.0017997082138006225,0.9982002883221293,3.4640701362793323e-09,3.810888671396986,5.394876332929242,3.2924730751347324
detuned,199500.0,400000.0,5.391745607879052,0.022943519221495977,1.1112006002173632e-05,0.9770453687725018,3.810888671396986,5.394876332929242,3.2924730751347324
detuned,199500.0,400000.0,5.633144937485396,0.9781047341406537,0.00039046579963611974,0.021504800059710196,3.810888671396986,5.394876332929242,3.2924730751347324
detuned,200000.0,400000.0,3.291614573347712,0.9980985416413262,0.0005652537691300542,0.001336204589543731,3.8156567065376206,5.394876332929242,3.2924730751347324
detuned,200000.0,400000.0,3.8169977184259576,0.001791595889297296,0.9982083994897543,4.620948426091876e-09,3.8156567065376206,5.394876332929242,3.2924730751347324
detuned,200000.0,400000.0,5.391745692117808,0.022942923809542076,1.1132953493126092e-05,0.9770459432369647,3.8156567065376206,5.394876332929242,3.2924730751347324
detuned,200000.0,400000.0,5.633147773390757,0.97810546391613,0.0003903137939109695,0.02150422228995914,3.8156567065376206,5.394876332929242,3.2924730751347324
tuned,120000.0,148865.71416469757,2.9576456362121633,0.002323850239198036,0.9976510271542337,2.512260656826007e-05,2.956527402877183,3.2924730751347324,3.2924730751347324
tuned,120000.0,148865.71416469757,3.259566582686544,0.4980132956812718,0.0004611476507886385,0.5015255566679395,2.956527402877183,3.2924730751347324,3.2924730751347324
tuned,120000.0,148865.71416469757,3.3262718537570555,0.5015856773156872,0.00023028257959953287,0.49818404010471334,2.956527402877183,3.2924730751347324,3.2924730751347324
tuned,120000.0,148865.71416469757,5.626245158324928,0.9949427935403375,0.00432359364107923,0.0007336128185832093,2.956527402877183,3.2924730751347324,3.2924730751347324
tuned,120000.0,148865.71416469757,5.9284502003944155,0.004503152375201474,0.995493156590258,3.691034540398789e-06,2.956527402877183,3.2924730751347324,3.2924730751347324
tuned,120500.0,148865.71416469757,2.963781400340059,0.0023451309046465746,0.9976282530807968,2.6616014556450575e-05,2.9626707411265496,3.2924730751347324,3.2924730751347324
tuned,120500.0,148865.71416469757,3.259570374289059,0.49795451831312465,0.00048249978330330655,0.5015629819035721,2.9626707411265496,3.2924730751347324,3.2924730751347324
tuned,120500.0,148865.71416469757,3.326273831421216,0.5016158362104104,0.00023904428674060765,0.498145119502849,2.9626707411265496,3.2924730751347324,3.2924730751347324
tuned,120500.0,148865.71416469757,5.626288975906544,0.9952380922160993,0.00402806594878333,0.0007338418351173784,2.9626707411265496,3.2924730751347324,3.2924730751347324
tuned,120500.0,148865.71416469757,5.9406632483221475,0.004209055964943937,0.9957874749068436,3.4691282124800506e-06,2.9626707411265496,3.2924730751347324,3.2924730751347324
tuned,121000.0,148865.71416469757,2.969904260169343,0.002368276812674654,0.9976034898039369,2.8233383388558892e-05,2.9688013669983,3.2924730751347324,3.2924730751347324
tuned,121000.0,148865.71416469757,3.2595743148637086,0.4978931500240359,0.0005052490424042766,0.5016016009335599,2.9688013669983,3.2924730751347324,3.2924730751347324
tuned,121000.0,148865.71416469757,3.3262758712393885,0.5016468419495947,0.0002482768854331638,0.4981048811649722,2.9688013669983,3.2924730751347324,3.2924730751347324
tuned,121000.0,148865.71416469757,5.626329554673756,0.9955012645374005,0.0037646891277309225,0.0007340463348686493,2.9688013669983,3.2924730751347324,3.2924730751347324
tuned,121000.0,148865.71416469757,5.952854260278795,0.00394710066503483,0.9960496273399515,3.2719950136835604e-06,2.9688013669983,3.2924730751347324,3.2924730751347324
tuned,121500.0,148865.71416469757,2.9760142814947996,0.002393424343476881,0.9975765878614535,2.9987795069563866e-05,2.9749193590843115,3.2924730751347324,3.2924730751347324
tuned,121500.0,148865.71416469757,3.259578413430775,0.49782901681527597,0.0005295149325547364,0.5016414682521694,2.9749193590843115,3.2924730751347324,3.2924730751347324
tuned,121500.0,148865.71416469757,3.326277976156371,0.5016787295287403,0.00025801295656848334,0.49806325751469116,2.9749193590843115,3.2924730751347324,3.2924730751347324
tuned,121500.0,148865.71416469757,5.626367252370512,0.9957368610585751,0.0035289091773714133,0.0007342297640534854,2.9749193590843115,3.2924730751347324,3.2924730751347324
tuned,121500.0,148865.71416469757,5.9650230336044245,0.0037127362791432956,0.9962841675161089,3.096204747782067e-06,2.9749193590843115,3.2924730751347324,3.2924730751347324
tuned,122000.0,148865.71416469757,2.982111528333459,0.002420723960332272,0.9975473820255636,3.1894014104083925e-05,2.9810247951699846,3.2924730751347324,3.2924730751347324
tuned,122000.0,148865.71416469757,3.259582680041315,0.4977619246805933,0.0005554298207452646,0.5016826454986614,2.9810247951699846,3.2924730751347324,3.2924730751347324
tuned,122000.0,148865.71416469757,3.3262801495506875,0.5017115399481015,0.0002682879044004923,0.49802017214749805,2.9810247951699846,3.2924730751347324,3.2924730751347324
tuned,122000.0,148865.71416469757,5.6264023762374755,0.9959486513465747,0.003316953673183783,0.0007343949802414393,2.9810247951699846,3.2924730751347324,3.2924730751347324
tuned,122000.0,148865.71416469757,5.977169414758398,0.003502193601389355,0.9964948674815438,2.9389170668585147e-06,2.9810247951699846,3.2924730751347324,3.2924730751347324
tuned,122500.0,148865.71416469757,2.9881960628414643,0.002450341927474363,0.9975156893290701,3.396874345553817e-05,2.9871177522457804,3.2924730751347324,3.2924730751347324
tuned,122500.0,148865.71416469757,3.25958712534762,0.49769166501812284,0.0005831406263750385,0.5017251943555022,2.9871177522457804,3.2924730751347324,3.2924730751347324
tuned,122500.0,148865.71416469757,3.3262823948184517,0.5017453130743884,0.00027914024768934905,0.4979755466779221,2.9871177522457804,3.2924730751347324,3.2924730751347324
tuned,122500.0,148865.71416469757,5.626435191219186,0.9961397795916683,0.0031256760393930773,0.0007345443689386286,2.9871177522457804,3.2924730751347324,3.2924730751347324
tuned,122500.0,148865.71416469757,5.989293290644351,0.003312328805454773,0.9966848734297978,2.797764747504429e-06,2.9871177522457804,3.2924730751347324,3.2924730751347324
tuned,123000.0,148865.71416469757,2.9942679452256455,0.0024824622912424615,0.9974813067823101,3.6230926447493717e-05,2.993198306518551,3.2924730751347324,3.2924730751347324
tuned,123000.0,148865.71416469757,3.25959176117801,0.49761800563709274,0.0006128107667801085,0.5017691835961271,2.993198306518551,3.2924730751347324,3.2924730751347324
tuned,123000.0,148865.71416469757,3.326284715820745,0.5017800946525064,0.0002906119584806214,0.4979292933890131,2.993198306518551,3.2924730751347324,3.2924730751347324
tuned,123000.0,148865.71416469757,5.626465927486331,0.9963128852079336,0.0029524348569327165,0.0007346799351336846,2.993198306518551,3.2924730751347324,3.2924730751347324
tuned,123000.0,148865.71416469757,6.001394581750157,0.003140502843708249,0.996856826393128,2.6707631637176853e-06,2.993198306518551,3.2924730751347324,3.2924730751347324
tuned,123500.0,148865.71416469757,3.0003272336271576,0.0025172891469077874,0.9974440087506607,3.870210243155769e-05,2.9992665334226563,3.2924730751347324,3.2924730751347324
tuned,123500.0,148865.71416469757,3.259596600301433,0.49754069333246775,0.0006446224107669647,0.5018146842567653,2.9992665334226563,3.2924730751347324,3.2924730751347324
tuned,123500.0,148865.71416469757,3.3262871165693224,0.501815931466075,0.00030274882934027455,0.49788131970458477,2.9992665334226563,3.2924730751347324,3.2924730751347324
tuned,123500.0,148865.71416469757,5.626494785369899,0.9964701971697316,0.0027949994568020205,0.0007348033734662858,2.9992665334226563,3.2924730751347324,3.2924730751347324
tuned,123500.0,148865.71416469757,6.013473236516182,0.0029844871114770763,0.9970129566490104,2.5562395125839555e-06,2.9992665334226563,3.2924730751347324,3.2924730751347324
tuned,124000.0,148865.71416469757,3.0063739839501444,0.0025550492631628598,0.9974035439075957,4.140682924154839e-05,3.0053225076308854,3.2924730751347324,3.2924730751347324
tuned,124000.0,148865.71416469757,3.259601656686864,0.4974594488449506,0.0006787791082708588,0.5018617720467785,3.0053225076308854,3.2924730751347324,3.2924730751347324
tuned,124000.0,148865.71416469757,3.3262896014075456,0.5018528737420543,0.0003156009005940202,0.4978315253573516,3.0053225076308854,3.2924730751347324,3.2924730751347324
tuned,124000.0,148865.71416469757,5.626521940645264,0.99661360839524,0.002651475480257937,0.0007349161245020764,3.0053225076308854,3.2924730751347324,3.2924730751347324
tuned,124000.0,148865.71416469757,6.025529226797839,0.002842389063434495,0.997155158159533,2.4527770324522493e-06,3.0053225076308854,3.2924730751347324,3.2924730751347324
tuned,124500.0,148865.71416469757,3.0124082497733915,0.002595995108979411,0.997359631706865,4.4373184155571025e-05,3.0113663030651767,3.2924730751347324,3.2924730751347324
tuned,124500.0,148865.71416469757,3.2596069455497183,0.497373965034152,0.0007155088437927588,0.5019105261220552,3.0113663030651767,3.2924730751347324,3.2924730751347324
tuned,124500.0,148865.71416469757,3.3262921749334007,0.5018909739525673,0.00032922293367300284,0.4977798031137597,3.0113663030651767,3.2924730751347324,3.2924730751347324
tuned,124500.0,148865.71416469757,5.626547547515042,0.9967447348690615,0.00252024571171453,0.00073501941922408,3.0113663030651767,3.2924730751347324,3.2924730751347324
tuned,124500.0,148865.71416469757,6.0375625441348975,0.0027125930912607794,0.9972850477380665,2.3591706727596794e-06,3.0113663030651767,3.2924730751347324,3.2924730751347324
tuned,125000.0,148865.71416469757,3.018430082136825,0.0026404083774277704,0.9973119582598217,4.7633362750652226e-05,3.017397992907145,3.2924730751347324,3.2924730751347324
tuned,125000.0,148865.71416469757,3.259612483505312,0.4972839029772256,0.0007550676183133342,0.5019610294044611,3.017397992907145,3.2924730751347324,3.2924730751347324
tuned,125000.0,148865.71416469757,3.326294842049102,0.5019302871920626,0.000343674951713473,0.49772603785622394,3.017397992907145,3.2924730751347324,3.2924730751347324
tuned,125000.0,148865.71416469757,5.626571742472902,0.9968649629624633,0.0023999227227755964,0.0007351143147610931,3.017397992907145,3.2924730751347324,3.2924730751347324
tuned,125000.0,148865.71416469757,6.049573196686775,0.0025937132031244327,0.9974040124052149,2.2743916607093206e-06,3.017397992907145,3.2924730751347324,3.2924730751347324
tuned,125500.0,148865.71416469757,3.0244395293332422,0.002688604086428386,0.9972601715179717,5.1224395599903994e-05,3.02341764960842,3.2924730751347324,3.2924730751347324
tuned,125500.0,148865.71416469757,3.2596182891052194,0.49718888263904015,0.0007977436487202438,0.5020133737122396,3.02341764960842,3.2924730751347324,3.2924730751347324
tuned,125500.0,148865.71416469757,3.326297608312361,0.501970876404752,0.0003590228597699745,0.49767010073547807,3.02341764960842,3.2924730751347324,3.2924730751347324
tuned,125500.0,148865.71416469757,5.626594646303721,0.9969754875936722,0.0022893106831976006,0.0007352017231302116,3.02341764960842,3.2924730751347324,3.2924730751347324
tuned,125500.0,148865.71416469757,6.061561206667039,0.002484554863802145,0.9975132475771604,2.197559037370416e-06,3.02341764960842,3.2924730751347324,3.2924730751347324
tuned,126000.0,148865.71416469757,3.0304366367212543,0.002740935362913722,0.9972038756256613,5.5189011425012564e-05,3.0294253449008015,3.2924730751347324,3.2924730751347324
tuned,126000.0,148865.71416469757,3.2596243822992097,0.4970884884849755,0.0008438623376096739,0.5020676491774148,3.0294253449008015,3.2924730751347324,3.2924730751347324
tuned,126000.0,148865.71416469757,3.3263004792726747,0.5020128019780185,0.0003753391312838215,0.4976118588906976,3.0294253449008015,3.2924730751347324,3.2924730751347324
tuned,126000.0,148865.71416469757,5.626616366426866,0.9970773431671738,0.0021873743981824794,0.000735282434643688,3.0294253449008015,3.2924730751347324,3.2924730751347324
tuned,126000.0,148865.71416469757,6.073526608245568,0.0023840840552149883,0.9976137880281826,2.1279166024395973e-06,3.0294253449008015,3.2924730751347324,3.2924730751347324
tuned,126500.0,148865.71416469757,3.036421446389585,0.002797799062503088,0.997142624260769,5.9576676727842506e-05,3.03542114980623,3.2924730751347324,3.2924730751347324
tuned,126500.0,148865.71416469757,3.2596307855918014,0.4969822501069383,0.000893792113849743,0.502123957779212,3.03542114980623,3.2924730751347324,3.2924730751347324
tuned,126500.0,148865.71416469757,3.3263034614030844,0.5020561355043845,0.00039270361986385534,0.4975511608757516,3.03542114980623,3.2924730751347324,3.2924730751347324
tuned,126500.0,148865.71416469757,5.626636998842454,0.9971714288395137,0.002093214023706759,0.0007353571367796253,3.03542114980623,3.2924730751347324,3.2924730751347324
tuned,126500.0,148865.71416469757,6.085469445766813,0.0022914020111310216,0.9977065331746646,2.064814204398705e-06,3.03542114980623,3.2924730751347324,3.2924730751347324
tuned,127000.0,148865.71416469757,3.0423939969053624,0.002859642386609138,0.9970759127523687,6.444486102206698e-05,3.041405134646585,3.2924730751347324,3.2924730751347324
tuned,127000.0,148865.71416469757,3.259637523470781,0.49686964764777775,0.0009479514237127848,0.5021824009285095,3.041405134646585,3.2924730751347324,3.2924730751347324
tuned,127000.0,148865.71416469757,3.3263065613142695,0.5021009477328244,0.00041120445714222655,0.4974878478100333,3.041405134646585,3.2924730751347324,3.2924730751347324
tuned,127000.0,148865.71416469757,5.626656629320696,0.9972585292562032,0.002006044313635844,0.0007354264301609863,3.041405134646585,3.2924730751347324,3.2924730751347324
tuned,127000.0,148865.71416469757,6.097389772227228,0.002205724479552114,0.9977922678279563,2.0076924915912737e-06,3.041405134646585,3.2924730751347324,3.2924730751347324
tuned,127500.0,148865.71416469757,3.0483543229315946,0.002926970684933093,0.9970031687406088,6.986057445812403e-05,3.0473773690533057,3.2924730751347324,3.2924730751347324
tuned,127500.0,148865.71416469757,3.2596446231877634,0.4967500970191494,0.001006817024251639,0.502243085956599,3.0473773690533057,3.2924730751347324,3.2924730751347324
tuned,127500.0,148865.71416469757,3.3263097862715614,0.5021473155448453,0.0004309391032568667,0.4974217453518978,3.0473773690533057,3.2924730751347324,3.2924730751347324
tuned,127500.0,148865.71416469757,5.6266753348879295,0.9973393316694038,0.0019251774892266424,0.0007354908413695656,3.0473773690533057,3.2924730751347324,3.2924730751347324
tuned,127500.0,148865.71416469757,6.109287648045505,0.002126364605671631,0.9978716793238507,1.956070477781093e-06,3.0473773690533057,3.2924730751347324,3.2924730751347324
tuned,128000.0,148865.71416469757,3.05430245479009,0.003000356753403957,0.996923740992446,7.590225415011994e-05,3.053337921976846,3.2924730751347324,3.2924730751347324
tuned,128000.0,148865.71416469757,3.2596521150759017,0.49662294074334135,0.0010709339574382635,0.5023061252992203,3.053337921976846,3.2924730751347324,3.2924730751347324
tuned,128000.0,148865.71416469757,3.3263131441812925,0.5021953218214299,0.0004520155502795482,0.49735266262829064,3.053337921976846,3.2924730751347324,3.2924730751347324
tuned,128000.0,148865.71416469757,5.6266931849991915,0.9974144401367198,0.001850009029605216,0.0007355508336751162,3.053337921976846,3.2924730751347324,3.2924730751347324
tuned,128000.0,148865.71416469757,6.121163139971328,0.0020527187323742782,0.9979453717322977,1.9095353279976164e-06,3.053337921976846,3.2924730751347324,3.2924730751347324
tuned,128500.0,148865.71416469757,3.0602384180134683,0.0030804518675079866,0.9968368860501222,8.266208236993092e-05,3.059286861695961,3.2924730751347324,3.2924730751347324
tuned,128500.0,148865.71416469757,3.2596600329673517,0.49648743705072135,0.0011409275342078968,0.5023716354150707,3.059286861695961,3.2924730751347324,3.2924730751347324
tuned,128500.0,148865.71416469757,3.326316643645883,0.5022450552989702,0.00047455370314088526,0.4972803909978889,3.059286861695961,3.2924730751347324,3.2924730751347324
tuned,128500.0,148865.71416469757,5.626710242142966,0.9974843873616517,0.0017800058226689244,0.000735606815679435,3.059286861695961,3.2924730751347324,3.2924730751347324
tuned,128500.0,148865.71416469757,6.133016320167871,0.001984254560882403,0.9980138777050032,1.8677341144908547e-06,3.059286861695961,3.2924730751347324,3.2924730751347324
tuned,129000.0,148865.71416469757,3.066162232705518,0.0031679990521692974,0.9967417520900897,9.024885774097773e-05,3.0652242558268323,3.2924730751347324,3.2924730751347324
tuned,129000.0,148865.71416469757,3.2596684146540986,0.49634274643689014,0.0012175178626197079,0.5024397357004903,3.0652242558268323,3.2924730751347324,3.2924730751347324
tuned,129000.0,148865.71416469757,3.326320294023741,0.5022966107514598,0.0004986869828701294,0.4972047022656701,3.0652242558268323,3.2924730751347324,3.2924730751347324
tuned,129000.0,148865.71416469757,5.626726563153121,0.9975496446073171,0.001714696242911574,0.0007356591497713944,3.0652242558268323,3.2924730751347324,3.2924730751347324
tuned,129000.0,148865.71416469757,6.144847265435532,0.0019205012353873349,0.9980776683976201,1.8303669924223327e-06,3.0652242558268323,3.2924730751347324,3.2924730751347324
tuned,129500.0,148865.71416469757,3.072073912936391,0.0032638490186090705,0.9966373594162059,9.879156518492776e-05,3.071150171332036,3.2924730751347324,3.2924730751347324
tuned,129500.0,148865.71416469757,3.2596773024527748,0.4961879164710969,0.001301537509050132,0.502510546019853,3.071150171332036,3.2924730751347324,3.2924730751347324
tuned,129500.0,148865.71416469757,3.3263241053857726,0.5023500882355662,0.0005245641824248915,0.497125347582009,3.071150171332036,3.2924730751347324,3.2924730751347324
tuned,129500.0,148865.71416469757,5.626742199519999,0.9976106300416443,0.0016536618008914246,0.0007357081574642641,3.071150171332036,3.2924730751347324,3.2924730751347324
tuned,129500.0,148865.71416469757,6.156656056549094,0.001861040998715824,0.9981371618194136,1.7971818705617033e-06,3.071150171332036,3.2924730751347324,3.2924730751347324
tuned,130000.0,148865.71416469757,3.0779734658480717,0.003368979443038958,0.9965225767135291,0.00010844384343203059,3.0770646745293524,3.2924730751347324,3.2924730751347324
tuned,130000.0,148865.71416469757,3.259686744111577,0.4960218585445683,0.001393953080869774,0.502584188374562,3.0770646745293524,3.2924730751347324,3.2924730751347324
tuned,130000.0,148865.71416469757,3.326328088899559,0.502405597067804,0.0005523516256954197,0.49704205130650064,3.0770646745293524,3.2924730751347324,3.2924730751347324
tuned,130000.0,148865.71416469757,5.626757197894704,0.9976677157861753,0.0015965300887600502,0.0007357541250646095,3.0770646745293524,3.2924730751347324,3.2924730751347324
tuned,130000.0,148865.71416469757,6.16844277764865,0.0018055021431862977,0.9981927298867775,1.7679700361561808e-06,3.0770646745293524,3.2924730751347324,3.2924730751347324
tuned,130500.0,148865.71416469757,3.0838608907625185,0.0034845184552070242,0.9963960919314053,0.00011938961338753286,3.0829678311004263,3.2924730751347324,3.2924730751347324
tuned,130500.0,148865.71416469757,3.2596967934949506,0.495843326789489,0.001495891827283682,0.5026607813832273,3.0829678311004263,3.2924730751347324,3.2924730751347324
tuned,130500.0,148865.71416469757,3.3263322566877407,0.5024632534107932,0.0005822356895649557,0.4969545108996417,3.0829678311004263,3.2924730751347324,3.2924730751347324
tuned,130500.0,148865.71416469757,5.626771600848469,0.9977212338907269,0.0015429688008518235,0.0007357973084213732,3.0829678311004263,3.2924730751347324,3.2924730751347324
tuned,130500.0,148865.71416469757,6.180207515789758,0.001753553035300965,0.9982447044017441,1.7425629548986623e-06,3.0829678311004263,3.2924730751347324,3.2924730751347324
tuned,131000.0,148865.71416469757,3.08973617804958,0.0036117733537456846,0.996256376437054,0.00013185020920020705,3.0888597060992757,3.2924730751347324,3.2924730751347324
tuned,131000.0,148865.71416469757,3.2597075116681884,0.4956508875635983,0.0016086745327642815,0.5027404379036373,3.0888597060992757,3.2924730751347324,3.2924730751347324
tuned,131000.0,148865.71416469757,3.326336622060456,0.502523182075762,0.0006144257551471288,0.49686239216909084,3.0888597060992757,3.2924730751347324,3.2924730751347324
tuned,131000.0,148865.71416469757,5.626785447390186,0.997771481424993,0.00149268063840422,0.0007358379366027799,3.0888597060992757,3.2924730751347324,3.2924730751347324
tuned,131000.0,148865.71416469757,6.191950360451563,0.001704897024079447,0.9982933821461016,1.7208298188767946e-06,3.0888597060992757,3.2924730751347324,3.2924730751347324
tuned,131500.0,148865.71416469757,3.095599307654937,0.003752265978985319,0.9961016405397402,0.00014609348127453447,3.094740363960657,3.2924730751347324,3.2924730751347324
tuned,131500.0,148865.71416469757,3.2597189681462577,0.49544288351314975,0.001733856523605702,0.5028232599632446,3.094740363960657,3.2924730751347324,3.2924730751347324
tuned,131500.0,148865.71416469757,3.32634119963355,0.502585517084705,0.000649157678502907,0.4967653252367922,3.094740363960657,3.2924730751347324,3.2924730751347324
tuned,131500.0,148865.71416469757,5.626798773197392,0.9978187248295646,0.0014453989551270895,0.0007358762153082698,3.094740363960657,3.2924730751347324,3.2924730751347324
tuned,131500.0,148865.71416469757,6.203671403210108,0.001659268088976905,0.9983390292349585,1.7026760645766935e-06,3.094740363960657,3.2924730751347324,3.2924730751347324
tuned,132000.0,148865.71416469757,3.1014502475183505,0.003907776552426389,0.995929777945223,0.00016244550235066814,3.1006098685082866,3.2924730751347324,3.2924730751347324
tuned,132000.0,148865.71416469757,3.2597312424155405,0.49521738881567984,0.001873279125690248,0.5029093320586299,3.1006098685082866,3.2924730751347324,3.2924730751347324
tuned,132000.0,148865.71416469757,3.326346005507897,0.5026504025855462,0.0006866978812205551,0.49666289953323334,3.1006098685082866,3.2924730751347324,3.2924730751347324
tuned,132000.0,148865.71416469757,5.626811610785084,0.9978632036442955,0.0014008840262983765,0.000735912329406131,3.1006098685082866,3.2924730751347324,3.2924730751347324
tuned,132000.0,148865.71416469757,6.215370737388111,0.0016164271118412731,0.9983818848455297,1.688042629010222e-06,3.1006098685082866,3.2924730751347324,3.2924730751347324
tuned,132500.0,148865.71416469757,3.1072889515580804,0.004080398406558446,0.9957382958583252,0.00018130573511635338,3.1064682829629233,3.2924730751347324,3.2924730751347324
tuned,132500.0,148865.71416469757,3.2597444256765296,0.4949721547857351,0.0020291347184544306,0.5029987104958105,3.1064682829629233,3.2924730751347324,3.2924730751347324
tuned,132500.0,148865.71416469757,3.3263510573801884,0.502717992514498,0.0007273481957129368,0.4965546592897891,3.1064682829629233,3.2924730751347324,3.2924730751347324
tuned,132500.0,148865.71416469757,5.626823990334228,0.9979051337185388,0.0013589198355673543,0.0007359464458937264,3.1064682829629233,3.2924730751347324,3.2924730751347324
tuned,132500.0,148865.71416469757,6.227048457771193,0.001576158664975862,0.998422164428929,1.6769060951967069e-06,3.1064682829629233,3.2924730751347324,3.2924730751347324
tuned,133000.0,148865.71416469757,3.1131153571020223,0.00427260684286093,0.9955242263026587,0.00020316685448041385,3.11231566995031,3.2924730751347324,3.2924730751347324
tuned,133000.0,148865.71416469757,3.2597586232948728,0.49470453772838635,0.0022040496398974593,0.5030914126317162,3.11231566995031,3.2924730751347324,3.2924730751347324
tuned,133000.0,148865.71416469757,3.3263563749389147,0.5027884538872835,0.0007714516384757869,0.49644009447424065,3.11231566995031,3.2924730751347324,3.2924730751347324
tuned,133000.0,148865.71416469757,5.626835939338274,0.9979447099814571,0.001319311302837267,0.0007359787157056406,3.11231566995031,3.2924730751347324,3.2924730751347324
tuned,133000.0,148865.71416469757,6.238704660353149,0.0015382682400378097,0.9984600624803394,1.6692796228241817e-06,3.11231566995031,3.2924730751347324,3.2924730751347324
tuned,133500.0,148865.71416469757,3.118929381921919,0.004487346410727298,0.9952840127086853,0.00022864088058737944,3.1181520915089895,3.2924730751347324,3.2924730751347324
tuned,133500.0,148865.71416469757,3.259773957462922,0.4944114127525744,0.0024011907270736336,0.5031873965203519,3.1181520915089895,3.2924730751347324,3.2924730751347324
tuned,133500.0,148865.71416469757,3.3263619799643367,0.5028619657018822,0.0008193992858387395,0.4963186350122791,3.1181520915089895,3.2924730751347324,3.2924730751347324
tuned,133500.0,148865.71416469757,5.626847483321396,0.9979821088419918,0.0012818818827086134,0.0007360092752995906,3.1181520915089895,3.2924730751347324,3.2924730751347324
tuned,133500.0,148865.71416469757,6.250339442135785,0.001502579847415441,0.9984957549376582,1.6652149264051809e-06,3.1181520915089895,3.2924730751347324,3.2924730751347324
tuned,134000.0,148865.71416469757,3.124730920381009,0.0047281425871253035,0.9950133634507854,0.0002584939620893198,3.1239776090979783,3.2924730751347324,3.2924730751347324
tuned,134000.0,148865.71416469757,3.2597905706277097,0.49408906263664304,0.0026244035143174983,0.5032865338490395,3.1239776090979783,3.2924730751347324,3.2924730751347324
tuned,134000.0,148865.71416469757,3.326367896554214,0.5029387183952098,0.0008716385372272979,0.4961896430675629,3.1239776090979783,3.2924730751347324,3.2924730751347324
tuned,134000.0,148865.71416469757,5.626858645613676,0.9980174902703164,0.0012464714808260197,0.0007360382488576352,3.1239776090979783,3.2924730751347324,3.2924730751347324
tuned,134000.0,148865.71416469757,6.261952900915942,0.0014689339325009046,0.9985294012622206,1.6648052784895724e-06,3.1239776090979783,3.2924730751347324,3.2924730751347324
tuned,134500.0,148865.71416469757,3.1305198386964714,0.004999245882652229,0.9947070609733528,0.00029369314399503853,3.129792283604322,3.2924730751347324,3.2924730751347324
tuned,134500.0,148865.71416469757,3.2598086303317286,0.49373302584965023,0.0028783931457382664,0.5033885810046114,3.129792283604322,3.2924730751347324,3.2924730751347324
tuned,134500.0,148865.71416469757,3.3263741519211876,0.503018921711545,0.0009286830800043855,0.4960523952084507,3.129792283604322,3.2924730751347324,3.2924730751347324
tuned,134500.0,148865.71416469757,5.626869448177512,0.9980509996122103,0.0012129346387728251,0.0007360657490168438,3.129792283604322,3.2924730751347324,3.2924730751347324
tuned,134500.0,148865.71416469757,6.273545135124557,0.0014371855598561422,0.9985611462503003,1.6681898434325353e-06,3.129792283604322,3.2924730751347324,3.2924730751347324
tuned,135000.0,148865.71416469757,3.1362959689146326,0.005305819870907184,0.9943587101831377,0.00033546994595509976,3.1355961753505177,3.2924730751347324,3.2924730751347324
tuned,135000.0,148865.71416469757,3.259828334209344,0.49333791742161887,0.0031689639302150845,0.503493118648166,3.1355961753505177,3.2924730751347324,3.2924730751347324
tuned,135000.0,148865.71416469757,3.3263807761474453,0.5031027958047924,0.0009911249415237627,0.49590607925368374,3.1355961753505177,3.2924730751347324,3.2924730751347324
tuned,135000.0,148865.71416469757,5.626879910961472,0.9980827691742562,0.001181138947067809,0.0007360918786759057,3.1355961753505177,3.2924730751347324,3.2924730751347324
tuned,135000.0,148865.71416469757,6.285116243675317,0.0014072028253355924,0.9985911216151812,1.6755594833094114e-06,3.1355961753505177,3.2924730751347324,3.2924730751347324
tuned,135500.0,148865.71416469757,3.142059101204426,0.005654188968709477,0.993960403221165,0.00038540781012554867,3.141389344101815,3.2924730751347324,3.2924730751347324
tuned,135500.0,148865.71416469757,3.2598499176911795,0.49289717224157265,0.0035033398642806152,0.5035994878941467,3.141389344101815,3.2924730751347324,3.2924730751347324
tuned,135500.0,148865.71416469757,3.326387803217997,0.5031905801568529,0.0010596491962628453,0.49574977064688414,3.141389344101815,3.2924730751347324,3.2924730751347324
tuned,135500.0,148865.71416469757,5.626890052737819,0.9981129196087458,0.0011509636598413333,0.0007361167314128827,3.141389344101815,3.2924730751347324,3.2924730751347324
tuned,135500.0,148865.71416469757,6.296666325847341,0.0013788654688733683,0.9986194473665668,1.6871645598430582e-06,3.141389344101815,3.2924730751347324,3.2924730751347324
tuned,136000.0,148865.71416469757,3.1478089739496555,0.0060521690496690705,0.9935022670281491,0.0004455639221817935,3.147171849073397,3.2924730751347324,3.2924730751347324
tuned,136000.0,148865.71416469757,3.2598736631294574,0.49240271750444037,0.003890599063683667,0.503706683431876,3.147171849073397,3.2924730751347324,3.2924730751347324
tuned,136000.0,148865.71416469757,3.3263952713469815,0.5032825305182548,0.0011350519691155768,0.49558241751262966,3.147171849073397,3.2924730751347324,3.2924730751347324
tuned,136000.0,148865.71416469757,5.626899890761911,0.9981415611324006,0.0011222984743944732,0.0007361403932048907,3.147171849073397,3.2924730751347324,3.2924730751347324
tuned,136000.0,148865.71416469757,6.308195481138237,0.0013520636511195503,0.9986462330237071,1.7033251733077123e-06,3.147171849073397,3.2924730751347324,3.2924730751347324
tuned,136500.0,148865.71416469757,3.1535452608199614,0.006509514067918298,0.9929718446629073,0.0005186412691742855,3.152943748937444,3.2924730751347324,3.2924730751347324
tuned,136500.0,148865.71416469757,3.25989991209521,0.49184452445068993,0.004342270271803957,0.5038132052775061,3.152943748937444,3.2924730751347324,3.2924730751347324
tuned,136500.0,148865.71416469757,3.326403223735945,0.5033789205443056,0.001218262608171848,0.49540281684752263,3.152943748937444,3.2924730751347324,3.2924730751347324
tuned,136500.0,148865.71416469757,5.626909441241905,0.9981687945975265,0.001095042460208591,0.0007361629422649126,3.152943748937444,3.2924730751347324,3.2924730751347324
tuned,136500.0,148865.71416469757,6.319703809185537,0.0013266968787258744,0.998671578676768,1.7244445061231885e-06,3.152943748937444,3.2924730751347324,3.2924730751347324
tuned,137000.0,148865.71416469757,3.159267553588851,0.007038528079143841,0.9923532366111888,0.0006082353096674529,3.158705101830074,3.2924730751347324,3.2924730751347324
tuned,137000.0,148865.71416469757,3.2599290815896764,0.49120999768057294,0.004873164041260737,0.5039168382781662,3.158705101830074,3.2924730751347324,3.2924730751347324
tuned,137000.0,148865.71416469757,3.326411709314603,0.5034800404552494,0.0013103711990180324,0.4952095883457325,3.158705101830074,3.2924730751347324,3.2924730751347324
tuned,137000.0,148865.71416469757,5.626918719115331,0.998194712434714,0.0010691031143012799,0.000736184450984695,3.158705101830074,3.2924730751347324,3.2924730751347324
tuned,137000.0,148865.71416469757,6.331191409671359,0.001302673054316178,0.9986955759193171,1.7510263667164226e-06,3.158705101830074,3.2924730751347324,3.2924730751347324
tuned,137500.0,148865.71416469757,3.1649753392277904,0.007654916624152375,0.9916258899456442,0.0007191934302034144,3.1644559653581807,3.2924730751347324,3.2924730751347324
tuned,137500.0,148865.71416469757,3.2599616861754255,0.4904831210457728,0.005502549233894175,0.5040143297203331,3.1644559653581807,3.2924730751347324,3.2924730751347324
tuned,137500.0,148865.71416469757,3.326420783948423,0.5035861997635213,0.0014126629021453511,0.49500113733433343,3.1644559653581807,3.2924730751347324,3.2924730751347324
tuned,137500.0,148865.71416469757,5.626927738380784,0.9982193994896651,0.0010443955250046557,0.0007362049853302714,3.1644559653581807,3.2924730751347324,3.2924730751347324
tuned,137500.0,148865.71416469757,6.342658382229897,0.0012799076338930809,0.9987183086679302,1.783698176662005e-06,3.1644559653581807,3.2924730751347324,3.2924730751347324
tuned,138000.0,148865.71416469757,3.1706679686675123,0.008378991265712097,0.9907628605557338,0.0008581481785541578,3.170196396606149,3.2924730751347324,3.2924730751347324
tuned,138000.0,148865.71416469757,3.2599983679780307,0.48964325466704944,0.00625584762081159,0.5041008977121388,3.170196396606149,3.2924730751347324,3.2924730751347324
tuned,138000.0,148865.71416469757,3.3264305116433555,0.5036977257176448,0.0015266611252281051,0.4947756131571271,3.170196396606149,3.2924730751347324,3.2924730751347324
tuned,138000.0,148865.71416469757,5.626936512204652,0.998242933762547,0.0010208416312788868,0.0007362246061741141,3.170196396606149,3.2924730751347324,3.2924730751347324
tuned,138000.0,148865.71416469757,6.354104826400359,0.0012583228763703434,0.9987398538821651,1.8232414645102537e-06,3.170196396606149,3.2924730751347324,3.2924730751347324
tuned,138500.0,148865.71416469757,3.176344613535071,0.009237405540251091,0.9897282705120228,0.001034323947726044,3.175926452142469,3.2924730751347324,3.2924730751347324
tuned,138500.0,148865.71416469757,3.2600399380541054,0.488663406999438,0.007167121846729915,0.5041694711538321,3.175926452142469,3.2924730751347324,3.2924730751347324
tuned,138500.0,148865.71416469757,3.326440965669824,0.5038149552848898,0.0016541821944124283,0.49453086252069783,3.175926452142469,3.2924730751347324,3.2924730751347324
tuned,138500.0,148865.71416469757,5.626945052656077,0.9982653870621343,0.000998369568263666,0.0007362433696020596,3.175926452142469,3.2924730751347324,3.2924730751347324
tuned,138500.0,148865.71416469757,6.365530841525047,0.0012378471774871398,0.9987602821898283,1.8706326845926428e-06,3.175926452142469,3.2924730751347324,3.2924730751347324
tuned,139000.0,148865.71416469757,3.1820042051796373,0.010265707960119108,0.988473508104038,0.0012607839358427305,3.181646188026237,3.2924730751347324,3.2924730751347324
tuned,139000.0,148865.71416469757,3.2600874361549264,0.4875076759920044,0.00828280551604644,0.5042095184919492,3.181646188026237,3.2924730751347324,3.2924730751347324
tuned,139000.0,148865.71416469757,3.3264522310961673,0.5039382409877333,0.0017974052319937883,0.49426435378027284,3.181646188026237,3.2924730751347324,3.2924730751347324
tuned,139000.0,148865.71416469757,5.626953371313387,0.9982868255927432,0.0009769130797456285,0.0007362613275111329,3.181646188026237,3.2924730751347324,3.2924730751347324
tuned,139000.0,148865.71416469757,6.3769365267317335,0.0012184144663579804,0.9987796584355813,1.927098060774173e-06,3.181646188026237,3.2924730751347324,3.2924730751347324
tuned,139500.0,148865.71416469757,3.187645346971293,0.011512183039423455,0.9869314126262657,0.0015564043343107158,3.1873556598135577,3.2924730751347324,3.2924730751347324
tuned,139500.0,148865.71416469757,3.2601422154792314,0.48612742610771215,0.00966742846601538,0.5042051454262725,3.1873556598135577,3.2924730751347324,3.2924730751347324
tuned,139500.0,148865.71416469757,3.326464406362015,0.5040679328576128,0.001958962097777109,0.4939731050446101,3.1873556598135577,3.2924730751347324,3.2924730751347324
tuned,139500.0,148865.71416469757,5.626961478872827,0.9983073104732391,0.0009564109990881583,0.0007362785276727399,3.1873556598135577,3.2924730751347324,3.2924730751347324
tuned,139500.0,148865.71416469757,6.388321980836084,0.0011999636643519182,0.9987980421465731,1.9941890749153778e-06,3.1873556598135577,3.2924730751347324,3.2924730751347324
tuned,140000.0,148865.71416469757,3.193266184976764,0.013043776039356527,0.9850071402245971,0.0019490837360462213,3.193054922563838,3.2924730751347324,3.2924730751347324
tuned,140000.0,148865.71416469757,3.260206069607039,0.4844553664068922,0.011412633892207608,0.5041319997009003,3.193054922563838,3.2924730751347324,3.2924730751347324
tuned,140000.0,148865.71416469757,3.32647760670999,0.5042043756070879,0.0021420544165418683,0.49365356997637017,3.193054922563838,3.2924730751347324,3.2924730751347324
tuned,140000.0,148865.71416469757,5.626969385210542,0.9983268982021277,0.0009368067834817372,0.0007362950143905035,3.193054922563838,3.2924730751347324,3.2924730751347324
tuned,140000.0,148865.71416469757,6.399687302345792,0.0011824381910732842,0.9988154879220376,2.073886889114912e-06,3.193054922563838,3.2924730751347324,3.2924730751347324
tuned,140500.0,148865.71416469757,3.1988642126213924,0.014955491266107202,0.9825633916146682,0.0024811171192245214,3.198744030845981,3.2924730751347324,3.2924730751347324
tuned,140500.0,148865.71416469757,3.2602814240562523,0.4823961725811035,0.013651796991570334,0.5039520304273262,3.198744030845981,3.2924730751347324,3.2924730751347324
tuned,140500.0,148865.71416469757,3.326491967655858,0.5043478882914492,0.0023506072223381546,0.4933015044862126,3.198744030845981,3.2924730751347324,3.2924730751347324
tuned,140500.0,148865.71416469757,5.626977099929381,0.9983456410721384,0.0009180480993867565,0.0007363108284748507,3.198744030845981,3.2924730751347324,3.2924730751347324
tuned,140500.0,148865.71416469757,6.411032589383301,0.0011657855098104138,0.998832045740043,2.1687501465560247e-06,3.198744030845981,3.2924730751347324,3.2924730751347324
tuned,141000.0,148865.71416469757,3.204435966629067,0.017385769764177775,0.9793957347426847,0.003218495493137457,3.2044230387444834,3.2924730751347324,3.2924730751347324
tuned,141000.0,148865.71416469757,3.2603716355749577,0.4798111376104743,0.01658449828868601,0.5036043641008396,3.2044230387444834,3.2924730751347324,3.2924730751347324
tuned,141000.0,148865.71416469757,3.3265076494917665,0.5044987359676849,0.0025894729635386983,0.49291179106877625,3.2044230387444834,3.2924730751347324,3.2924730751347324
tuned,141000.0,148865.71416469757,5.626984631782124,0.998363587543787,0.0009000864481092157,0.0007363260081038742,3.2044230387444834,3.2924730751347324,3.2924730751347324
tuned,141000.0,148865.71416469757,6.422357939648264,0.0011499566984054111,0.9988477611742305,2.2821273640097043e-06,3.2044230387444834,3.2924730751347324,3.2924730751347324
tuned,141500.0,148865.71416469757,3.2099765382646765,0.020542529840448426,0.9751898695382589,0.004267600621292663,3.2100919998654347,3.2924730751347324,3.2924730751347324
tuned,141500.0,148865.71416469757,3.260481475115533,0.476492169444632,0.020518984857544185,0.5029888456978239,3.2100919998654347,3.2924730751347324,3.2924730751347324
tuned,141500.0,148865.71416469757,3.3265248434450747,0.5046570914796875,0.0028647055357899024,0.4924782029845225,3.2100919998654347,3.2924730751347324,3.2924730751347324
tuned,141500.0,148865.71416469757,5.626991989119831,0.9983807825802784,0.0008828768311136004,0.0007363405886079956,3.2100919998654347,3.2924730751347324,3.2924730751347324
tuned,141500.0,148865.71416469757,6.433663450388967,0.0011349060365426148,0.9988626754942074,2.4184692499694554e-06,3.2100919998654347,3.2924730751347324,3.2924730751347324
tuned,142000.0,148865.71416469757,3.2154787582482514,0.024748954141459452,0.9694446266967205,0.005806419161820172,3.215750967342419,3.2924730751347324,3.2924730751347324
tuned,142000.0,148865.71416469757,3.2606179350167777,0.47211606822643826,0.02594879881147401,0.5019351329620877,3.215750967342419,3.2924730751347324,3.2924730751347324
tuned,142000.0,148865.71416469757,3.3265437792672,0.5048229711600265,0.0031839330087312686,0.49199309583124223,3.215750967342419,3.2924730751347324,3.2924730751347324
tuned,142000.0,148865.71416469757,5.626999179818164,0.9983972679472354,0.0008663774500918581,0.0007363546026727603,3.215750967342419,3.2924730751347324,3.2924730751347324
tuned,142000.0,148865.71416469757,6.444949218367925,0.0011205905946901692,0.9988768256066857,2.5837986241089465e-06,3.215750967342419,3.2924730751347324,3.2924730751347324
tuned,142500.0,148865.71416469757,3.2209317807954636,0.030527280339884985,0.9613271760740861,0.00814554358602893,3.221399993842326,3.2924730751347324,3.2924730751347324
tuned,142500.0,148865.71416469757,3.260791634937859,0.46616082661282493,0.033697054766775765,0.5001421186203993,3.221399993842326,3.2924730751347324,3.2924730751347324
tuned,142500.0,148865.71416469757,3.3265647357175774,0.5049961438218956,0.003556871767262431,0.49144698441084195,3.221399993842326,3.2924730751347324,3.2924730751347324
tuned,142500.0,148865.71416469757,5.627006211308931,0.9984130824841959,0.0008505494348478819,0.0007363680809562677,3.221399993842326,3.2924730751347324,3.2924730751347324
tuned,142500.0,148865.71416469757,6.456215339812915,0.0011069697969520874,0.9988902437653181,2.7864377298818664e-06,3.221399993842326,3.2924730751347324,3.2924730751347324
tuned,143000.0,148865.71416469757,3.2263185124180187,0.03875831741251295,0.9493886890808179,0.011852993506669185,3.227039131571072,3.2924730751347324,3.2924730751347324
tuned,143000.0,148865.71416469757,3.261019379115011,0.4577462634208642,0.04520005772788317,0.4970536788512527,3.227039131571072,3.2924730751347324,3.2924730751347324
tuned,143000.0,148865.71416469757,3.3265880538455503,0.5051759808361256,0.0039960462320015626,0.49082797293187275,3.227039131571072,3.2924730751347324,3.2924730751347324
tuned,143000.0,148865.71416469757,5.627013090456959,0.9984282623481545,0.0008353565999240279,0.0007363810519213449,3.227039131571072,3.2924730751347324,3.2924730751347324
tuned,143000.0,148865.71416469757,6.4674619103649365,0.0010940049294243346,0.998902956902497,3.0381680787254215e-06,3.227039131571072,3.2924730751347324,3.2924730751347324
tuned,143500.0,148865.71416469757,3.2316107272385968,0.0509946299922684,0.9309848216451663,0.018020548362565388,3.2326684322792234,3.2924730751347324,3.2924730751347324
tuned,143500.0,148865.71416469757,3.2613290229165095,0.4453210584755807,0.06308579564302108,0.4915931458813983,3.2326684322792234,3.2924730751347324,3.2924730751347324
tuned,143500.0,148865.71416469757,3.32661415582773,0.5053612369272713,0.004517813344021316,0.49012094972870723,3.2326684322792234,3.2924730751347324,3.2924730751347324
tuned,143500.0,148865.71416469757,5.627019823872696,0.9984428412357335,0.000820765222171598,0.0007363935420949579,3.2326684322792234,3.2924730751347324,3.2924730751347324
tuned,143500.0,148865.71416469757,6.478689025036375,0.001081658530018475,0.998914985320473,3.3561495085416737e-06,3.2326684322792234,3.2924730751347324,3.2924730751347324
tuned,144000.0,148865.71416469757,3.236759433875875,0.07007429958278268,0.9010818833653901,0.0288438170518272,3.2382879472675445,3.2924730751347324,3.2924730751347324
tuned,144000.0,148865.71416469757,3.261769080351072,0.4260493474764323,0.0923662854987372,0.4815843670248305,3.2382879472675445,3.2924730751347324,3.2924730751347324
tuned,144000.0,148865.71416469757,3.3266435700370582,0.505549694095931,0.0051438473149973815,0.48930645858907157,3.2382879472675445,3.2924730751347324,3.2924730751347324
tuned,144000.0,148865.71416469757,5.6270264178346645,0.9984568505811392,0.0008067438427284024,0.0007364055761323623,3.2382879472675445,3.2924730751347324,3.2924730751347324
tuned,144000.0,148865.71416469757,6.489896778141139,0.001069893564392056,0.9989263402050417,3.7662305662731056e-06,3.2382879472675445,3.2924730751347324,3.2924730751347324
tuned,144500.0,148865.71416469757,3.2416758109770116,0.10118999177015817,0.8499929876000084,0.048817020629833514,3.243897727392447,3.2924730751347324,3.2924730751347324
tuned,144500.0,148865.71416469757,3.2624277531838204,0.39474221050826597,0.14269922785410574,0.46255856163762826,3.243897727392447,3.2924730751347324,3.2924730751347324
tuned,144500.0,148865.71416469757,3.3266769667803,0.5057376058910872,0.005903335007239727,0.4883590591016731,3.243897727392447,3.2924730751347324,3.2924730751347324
tuned,144500.0,148865.71416469757,5.627032878192749,0.9984703197391503,0.0007932630834593896,0.0007364171773902887,3.243897727392447,3.2924730751347324,3.2924730751347324
tuned,145000.0,148865.71416469757,3.2461976280983276,0.1527308586919479,0.7608462579744312,0.08642288333362101,3.249497823071362,3.2924730751347324,3.2924730751347324
tuned,145000.0,148865.71416469757,3.263466459417126,0.3430166774442471,0.2309164814643259,0.42606684109142695,3.249497823071362,3.2924730751347324,3.2924730751347324
tuned,145000.0,148865.71416469757,3.326715208723696,0.5059187895431289,0.006836294799717877,0.4872449156571532,3.249497823071362,3.2924730751347324,3.2924730751347324
tuned,145000.0,148865.71416469757,5.627039210451131,0.9984832761476905,0.0007802954848452752,0.0007364283674641606,3.249497823071362,3.2924730751347324,3.2924730751347324
tuned,145500.0,148865.71416469757,3.2500594673227527,0.2316804963798301,0.6162471642481818,0.1520723393719881,3.255088284288025,3.2924730751347324,3.2924730751347324
tuned,145500.0,148865.71416469757,3.2651495379484907,0.2638992655619647,0.37435658460361676,0.3617441498344185,3.255088284288025,3.2924730751347324,3.2924730751347324
tuned,145500.0,148865.71416469757,3.3267594247152448,0.5060831309987983,0.00799871940209448,0.4859181495991072,3.255088284288025,3.2924730751347324,3.2924730751347324
tuned,145500.0,148865.71416469757,5.627045419921771,0.9984957454784786,0.0007678153549125464,0.0007364391666088146,3.255088284288025,3.2924730751347324,3.2924730751347324
tuned,146000.0,148865.71416469757,3.252975755310498,0.3257255932974998,0.433014582292162,0.2412598244103383,3.2606691605976823,3.2924730751347324,3.2924730751347324
tuned,146000.0,148865.71416469757,3.2677611064460534,0.1697198677979124,0.5561205027265994,0.2741596294754881,3.2606691605976823,3.2924730751347324,3.2924730751347324
tuned,146000.0,148865.71416469757,3.326811119616762,0.506214048132884,0.009470768214360938,0.48431518365275517,3.2606691605976823,3.2924730751347324,3.2924730751347324
tuned,146000.0,148865.71416469757,5.627051511709956,0.9985077517712866,0.0007557986348230627,0.0007364495938903252,3.2606691605976823,3.2924730751347324,3.2924730751347324
tuned,146500.0,148865.71416469757,3.2549024337626067,0.4024983743033304,0.27308357965992625,0.32441804603674346,3.266240501132216,3.2924730751347324,3.2924730751347324
tuned,146500.0,148865.71416469757,3.2713432224307706,0.09287372098273443,0.7141553810501249,0.1929708979671407,3.266240501132216,3.2924730751347324,3.2924730751347324
tuned,146500.0,148865.71416469757,3.326872343355235,0.5062840785475795,0.011370229174850664,0.4823456922775699,3.266240501132216,3.2924730751347324,3.2924730751347324
tuned,146500.0,148865.71416469757,5.627057490304511,0.9985193175591733,0.0007442227737396897,0.0007364596670870838,3.266240501132216,3.2924730751347324,3.2924730751347324
tuned,147000.0,148865.71416469757,3.256092890368837,0.4488172286295207,0.1692526413067845,0.38193013006369486,3.27180235460519,3.2924730751347324,3.2924730751347324
tuned,147000.0,148865.71416469757,3.275639685150565,0.04658873596613968,0.8154844106720789,0.1379268533617814,3.27180235460519,3.2924730751347324,3.2924730751347324
tuned,147000.0,148865.71416469757,3.3269459573704676,0.5062469214687333,0.013875426922903649,0.479877651608363,3.27180235460519,3.2924730751347324,3.2924730751347324
tuned,147000.0,148865.71416469757,5.627063360330326,0.9985304639797525,0.0007330666171818931,0.0007364694030656356,3.27180235460519,3.2924730751347324,3.2924730751347324
tuned,147500.0,148865.71416469757,3.256838196022893,0.47353205208658644,0.10922217736482881,0.4172457705485848,3.2773547693168195,3.2924730751347324,3.2924730751347324
tuned,147500.0,148865.71416469757,3.2803553615227456,0.022095024068959877,0.8721277665783237,0.10577720935271655,3.2773547693168195,3.2924730751347324,3.2924730751347324
tuned,147500.0,148865.71416469757,3.3270360722207712,0.5060225690887823,0.017265777016559646,0.4767116538946581,3.2773547693168195,3.2924730751347324,3.2924730751347324
tuned,147500.0,148865.71416469757,5.627069126177531,0.9985412108801381,0.0007223103024255965,0.0007364788174362433,3.2773547693168195,3.2924730751347324,3.2924730751347324
tuned,148000.0,148865.71416469757,3.2573284108050387,0.48665521349443536,0.07443441358610507,0.43891037291945967,3.282897793158864,3.2924730751347324,3.2924730751347324
tuned,148000.0,148865.71416469757,3.285294133984257,0.009522996061935185,0.9021876572447307,0.08828934669333406,3.282897793158864,3.2924730751347324,3.2924730751347324
tuned,148000.0,148865.71416469757,3.3271487926279084,0.5054682411554222,0.021996845889831026,0.4725349129547467,3.282897793158864,3.2924730751347324,3.2924730751347324
tuned,148000.0,148865.71416469757,5.627074791673358,0.9985515769094663,0.0007119351654176176,0.0007364879251161724,3.282897793158864,3.2924730751347324,3.2924730751347324
tuned,148500.0,148865.71416469757,3.2576685283552793,0.49388503473033624,0.053349308976968816,0.452765656292695,3.288431473619448,3.2924730751347324,3.2924730751347324
tuned,148500.0,148865.71416469757,3.290341625768656,0.003439513031696849,0.9164264196860091,0.080134067282294,3.288431473619448,3.2924730751347324,3.2924730751347324
tuned,148500.0,148865.71416469757,3.327293549580179,0.5043187540599812,0.028846338166535302,0.4668349077734834,3.288431473619448,3.2924730751347324,3.2924730751347324
tuned,148500.0,148865.71416469757,5.627080360828432,0.9985615796064611,0.0007019236536424439,0.0007364967398964844,3.288431473619448,3.2924730751347324,3.2924730751347324
tuned,149000.0,148865.71416469757,3.25791578473396,0.49804193029468036,0.03988508584220437,0.4620729838631153,3.293955857787808,3.2924730751347324,3.2924730751347324
tuned,149000.0,148865.71416469757,3.295425388570236,0.001541069632289061,0.9195264477692209,0.07893248259848999,3.293955857787808,3.2924730751347324,3.2924730751347324
tuned,149000.0,148865.71416469757,3.32748560178657,0.5020571980157822,0.03921363830686406,0.45872916367735384,3.293955857787808,3.2924730751347324,3.2924730751347324
tuned,149000.0,148865.71416469757,5.627085837289902,0.9985712354774303,0.0006922592476714323,0.0007365052748981489,3.293955857787808,3.2924730751347324,3.2924730751347324
tuned,149500.0,148865.71416469757,3.2581025858172223,0.5005209545879235,0.030864005242113364,0.46861504016996314,3.2994709923589642,3.2924730751347324,3.2924730751347324
tuned,149500.0,148865.71416469757,3.300487002081287,0.0034977175020051102,0.9119966692229078,0.08450561327508706,3.2994709923589642,3.2924730751347324,3.2924730751347324
tuned,149500.0,148865.71416469757,3.3277510106489028,0.4976184663685099,0.05576755813798426,0.4466139754935058,3.2994709923589642,3.2924730751347324,3.2924730751347324
tuned,149500.0,148865.71416469757,5.627091224587189,0.9985805600691392,0.000682926388234369,0.0007365135426263361,3.2994709923589642,3.2924730751347324,3.2924730751347324
tuned,150000.0,148865.71416469757,3.2582482073825463,0.5020398161462322,0.024564126829034225,0.47339605702473375,3.3049769236383306,3.2924730751347324,3.2924730751347324
tuned,150000.0,148865.71416469757,3.3054599447049227,0.010915160405702255,0.89017006870148,0.09891477089281774,3.3049769236383306,3.2924730751347324,3.2924730751347324
tuned,150000.0,148865.71416469757,3.3281370676859914,0.48867914621482583,0.08389705395537762,0.4274237998297965,3.3049769236383306,3.2924730751347324,3.2924730751347324
tuned,150000.0,148865.71416469757,5.627096525963718,0.9985895680359653,0.0006739104093262497,0.000736521554708419,3.3049769236383306,3.2924730751347324,3.2924730751347324
tuned,150500.0,148865.71416469757,3.2583646775137094,0.5029857686917294,0.020007619760186206,0.47700661154808444,3.310473697546247,3.2924730751347324,3.2924730751347324
tuned,150500.0,148865.71416469757,3.310241244448934,0.02866134329735361,0.84379389057321,0.12754476612943638,3.310473697546247,3.2924730751347324,3.2924730751347324
tuned,150500.0,148865.71416469757,3.3287347628359107,0.46998403828770413,0.13483271282423548,0.3951832488880604,3.310473697546247,3.2924730751347324,3.2924730751347324
tuned,150500.0,148865.71416469757,5.627101744655328,0.9985982732005712,0.0006651974773347601,0.0007365293220941557,3.310473697546247,3.2924730751347324,3.2924730751347324
tuned,151000.0,148865.71416469757,3.2584598288545177,0.5035775621458721,0.016613001808134128,0.47980943604599385,3.3159613596224484,3.2924730751347324,3.2924730751347324
tuned,151000.0,148865.71416469757,3.3146439009906454,0.06769012515141154,0.7518559321162182,0.18045394273237025,3.3159613596224484,3.2924730751347324,3.2924730751347324
tuned,151000.0,148865.71416469757,3.329723309026729,0.4303605331175927,0.23016822026815356,0.33947124661425365,3.3159613596224484,3.2924730751347324,3.2924730751347324
tuned,151000.0,148865.71416469757,5.627106883613987,0.9986066886107255,0.0006567745340517479,0.0007365368552226929,3.3159613596224484,3.2924730751347324,3.2924730751347324
tuned,151500.0,148865.71416469757,3.2585389551379205,0.503943932837064,0.014019646605313494,0.48203642055762247,3.3214399550304674,3.2924730751347324,3.2924730751347324
tuned,151500.0,148865.71416469757,3.318347760134098,0.14306355685703534,0.5908498095264836,0.2660866336164811,3.3214399550304674,3.2924730751347324,3.2924730751347324
tuned,151500.0,148865.71416469757,3.331417611918712,0.35461784292322024,0.3937705870222612,0.2516115700545187,3.3214399550304674,3.2924730751347324,3.2924730751347324
tuned,151500.0,148865.71416469757,5.627111945901849,0.9986148265902949,0.0006486292457268863,0.0007365441639783564,3.3214399550304674,3.2924730751347324,3.2924730751347324
tuned,152000.0,148865.71416469757,3.258605750261498,0.5041634050615356,0.011995408998842652,0.4838411859396217,3.3269095285619703,3.2924730751347324,3.2924730751347324
tuned,152000.0,148865.71416469757,3.3210160590654993,0.24661995196171452,0.38881014174613926,0.3645699062921462,3.3269095285619703,3.2924730751347324,3.2924730751347324
tuned,152000.0,148865.71416469757,3.334150784625984,0.2508391293107483,0.5978373398474671,0.15132353084178465,3.3269095285619703,3.2924730751347324,3.2924730751347324
tuned,152000.0,148865.71416469757,5.627116934055484,0.9986226987885449,0.0006407499538265187,0.000736551257628472,3.3269095285619703,3.2924730751347324,3.2924730751347324
tuned,152500.0,148865.71416469757,3.25866286484745,0.5042853636801106,0.010385875510360914,0.4853287608095285,3.3323701246410287,3.2924730751347324,3.2924730751347324
tuned,152500.0,148865.71416469757,3.3226595655033404,0.3357643548274491,0.22899670895174964,0.4352389362208012,3.3323701246410287,3.2924730751347324,3.2924730751347324
tuned,152500.0,148865.71416469757,3.3379094537295577,0.1615699625203108,0.7592631125827062,0.07916692489698288,3.3323701246410287,3.2924730751347324,3.2924730751347324
tuned,152500.0,148865.71416469757,5.627121850952285,0.9986303162234872,0.0006331256316866775,0.0007365581448261042,3.3323701246410287,3.2924730751347324,3.2924730751347324
tuned,153000.0,148865.71416469757,3.258712246363844,0.5043417088437753,0.00908533967851568,0.48657295147770907,3.3378217873283322,3.2924730751347324,3.2924730751347324
tuned,153000.0,148865.71416469757,3.323618691476907,0.3919284459966794,0.13605197764825488,0.4720195763550657,3.3378217873283322,3.2924730751347324,3.2924730751347324
tuned,153000.0,148865.71416469757,3.3423513031411223,0.10534676133220097,0.8535111457105544,0.04114209295724459,3.3378217873283322,3.2924730751347324,3.2924730751347324
tuned,153000.0,148865.71416469757,5.62712669901455,0.9986376893225175,0.0006257458432753673,0.0007365648342071604,3.3378217873283322,3.2924730751347324,3.2924730751347324
tuned,153500.0,148865.71416469757,3.2587553566017,0.5043535087556753,0.008019582645244471,0.48762690859908014,3.343264560325333,3.2924730751347324,3.2924730751347324
tuned,153500.0,148865.71416469757,3.3242006381538607,0.42451441113667887,0.08602197808666488,0.48946361077665634,3.343264560325333,3.2924730751347324,3.2924730751347324
tuned,153500.0,148865.71416469757,3.3471677135380205,0.07274627136225197,0.9046096283522687,0.022644100285479436,3.343264560325333,3.2924730751347324,3.2924730751347324
tuned,153500.0,148865.71416469757,5.627131480560337,0.9986448279612214,0.0006186007053509569,0.0007365713334276233,3.343264560325333,3.2924730751347324,3.2924730751347324
tuned,154000.0,148865.71416469757,3.258793313053627,0.5043349483385908,0.007135314013859397,0.4885297376475497,3.348698486978333,3.2924730751347324,3.2924730751347324
tuned,154000.0,148865.71416469757,3.3245779588152247,0.4440132911192367,0.058101808871932815,0.4978849000088305,3.348698486978333,3.2924730751347324,3.2924730751347324
tuned,154000.0,148865.71416469757,3.3521850574220764,0.053263266313460074,0.9334167528016597,0.013319980884880253,3.348698486978333,3.2924730751347324,3.2924730751347324
tuned,154000.0,148865.71416469757,5.6271361980447665,0.9986517414969354,0.000611680852887216,0.0007365776501775365,3.348698486978333,3.2924730751347324,3.2924730751347324
tuned,154500.0,148865.71416469757,3.2588269840408217,0.5042957342434274,0.006393501919416888,0.48931076383715566,3.354123610282515,3.2924730751347324,3.2924730751347324
tuned,154500.0,148865.71416469757,3.324838200217242,0.45638883254000656,0.04149475964855489,0.5021164078114385,3.354123610282515,3.2924730751347324,3.2924730751347324
tuned,154500.0,148865.71416469757,3.3573149625215737,0.040924292448307725,0.95076826177031,0.008307445781382162,3.354123610282515,3.2924730751347324,3.2924730751347324
tuned,154500.0,148865.71416469757,5.627140853626892,0.9986584388023227,0.0006049774062083709,0.000736583791468905,3.354123610282515,3.2924730751347324,3.2924730751347324
tuned,155000.0,148865.71416469757,3.258857054237648,0.5042425967346175,0.0057650460062031094,0.4899923572591795,3.359539972885908,3.2924730751347324,3.2924730751347324
tuned,155000.0,148865.71416469757,3.3250269999102784,0.46470711974407525,0.03098814033401617,0.5043047399219086,3.359539972885908,3.2924730751347324,3.2924730751347324
tuned,155000.0,148865.71416469757,3.3625111492775113,0.032656534676676806,0.9619059461773181,0.005437519146005025,3.359539972885908,3.2924730751347324,3.2924730751347324
tuned,155000.0,148865.71416469757,5.627145449395478,0.998664928295234,0.0005984819408007281,0.0007365897639653469,3.359539972885908,3.2924730751347324,3.2924730751347324
tuned,155500.0,148865.71416469757,3.2588840703794166,0.5041802559957974,0.005227902106605223,0.49059184189759747,3.364947617093301,3.2924730751347324,3.2924730751347324
tuned,155500.0,148865.71416469757,3.325169597240844,0.4705793925440947,0.023980067574219735,0.5054405398816856,3.364947617093301,3.2924730751347324,3.2924730751347324
tuned,155500.0,148865.71416469757,3.36774787363075,0.02684403253310519,0.9694537340133308,0.0037022334535640137,3.364947617093301,3.2924730751347324,3.2924730751347324
tuned,155500.0,148865.71416469757,5.627149987497464,0.998671217965946,0.0005921864598656608,0.0007365955741882705,3.364947617093301,3.2924730751347324,3.2924730751347324
tuned,156000.0,148865.71416469757,3.258908474287744,0.5041120493147833,0.004765129946872589,0.4911228207383441,3.3703465848700964,3.2924730751347324,3.2924730751347324
tuned,156000.0,148865.71416469757,3.325280818728465,0.47489644163112865,0.019095615659997844,0.5060079427088735,3.3703465848700964,3.2924730751347324,3.2924730751347324
tuned,156000.0,148865.71416469757,3.3730099089741428,0.02259265757938234,0.9748034917207851,0.0026038506998326393,3.3703465848700964,3.2924730751347324,3.2924730751347324
tuned,156000.0,148865.71416469757,5.627154469751859,0.9986773154033511,0.0005860833682666949,0.0007366012283821673,3.3703465848700964,3.2924730751347324,3.2924730751347324
tuned,156500.0,148865.71416469757,3.2589306268928815,0.5040403490179858,0.004363541181119338,0.49159610980089485,3.3757369178461105,3.2924730751347324,3.2924730751347324
tuned,156500.0,148865.71416469757,3.3253698540541556,0.4781778324921417,0.015565120177524244,0.506257047330334,3.3757369178461105,3.2924730751347324,3.2924730751347324
tuned,156500.0,148865.71416469757,3.378287746315773,0.019380471552881275,0.9787380725086358,0.0018814559384830204,3.3757369178461105,3.2924730751347324,3.2924730751347324
tuned,156500.0,148865.71416469757,5.627158898108358,0.9986832278193364,0.0005801654485886727,0.0007366067320749441,3.3757369178461105,3.2924730751347324,3.2924730751347324
tuned,157000.0,148865.71416469757,3.258950825743123,0.5039668489782273,0.00401274649462866,0.49202040452714396,3.381118657319319,3.2924730751347324,3.2924730751347324
tuned,157000.0,148865.71416469757,3.32544266649975,0.48074185428990657,0.012934704129330737,0.5063234415807628,3.381118657319319,3.2924730751347324,3.2924730751347324
tuned,157000.0,148865.71416469757,3.3835751659766196,0.016887490979816545,0.9817217431275534,0.0013907658926299452,3.381118657319319,3.2924730751347324,3.2924730751347324
tuned,157000.0,148865.71416469757,5.627163274302118,0.9986889620710409,0.000574425838003943,0.0007366120909551843,3.381118657319319,3.2924730751347324,3.2924730751347324
tuned,157500.0,148865.71416469757,3.2589693183510877,0.5038927584832731,0.0037044728225354056,0.49240276869419164,3.386491844259547,3.2924730751347324,3.2924730751347324
tuned,157500.0,148865.71416469757,3.3255032793734474,0.4827920892209875,0.010924263250577266,0.5062836475284352,3.386491844259547,3.2924730751347324,3.2924730751347324
tuned,157500.0,148865.71416469757,3.388867938054491,0.014908923946043874,0.9840428813367156,0.0010481947172404007,3.386491844259547,3.2924730751347324,3.2924730751347324
tuned,157500.0,148865.71416469757,5.627167600143903,0.998694524681633,0.0005688580082268968,0.0007366173101400888,3.386491844259547,3.2924730751347324,3.2924730751347324
tuned,158000.0,148865.71416469757,3.258986312140265,0.5038189402216847,0.0034320669425198153,0.4927489928357955,3.3918565193121104,3.2924730751347324,3.2924730751347324
tuned,158000.0,148865.71416469757,3.325554498346974,0.4844637151282364,0.009354001060943124,0.5061822838108204,3.3918565193121104,3.2924730751347324,3.2924730751347324
tuned,158000.0,148865.71416469757,3.394163089831389,0.013308729500495314,0.9858879372587954,0.0008033332407091694,3.3918565193121104,3.2924730751347324,3.2924730751347324
tuned,158000.0,148865.71416469757,5.62717187724677,0.9986999218590614,0.0005634557460363359,0.0007366223949021839,3.3918565193121104,3.2924730751347324,3.2924730751347324
tuned,158500.0,148865.71416469757,3.2590019823572245,0.5037460035811462,0.0031901295569029355,0.4930638668619509,3.3972127228014,3.2924730751347324,3.2924730751347324
tuned,158500.0,148865.71416469757,3.325598336297371,0.4858494485464733,0.00810451289966433,0.5060460385538624,3.3972127228014,3.2924730751347324,3.2924730751347324
tuned,158500.0,148865.71416469757,3.3994584733472317,0.011993581310283882,0.9873817152624099,0.0006247034273063017,3.3972127228014,3.2924730751347324,3.2924730751347324
tuned,158500.0,148865.71416469757,5.627176107159394,0.9987051595155363,0.0005582131347075176,0.0007366273497562176,3.3972127228014,3.2924730751347324,3.2924730751347324
tuned,159000.0,148865.71416469757,3.2590164780712847,0.503674373312483,0.0029742421617643135,0.4933513845257526,3.4025604947344195,3.2924730751347324,3.2924730751347324
tuned,159000.0,148865.71416469757,3.3256362730249736,0.4870146993329207,0.007094121241855845,0.5058911794252235,3.4025604947344195,3.2924730751347324,3.2924730751347324
tuned,159000.0,148865.71416469757,3.4047524997274614,0.010897644365428814,0.9886103117784973,0.0004920438560738692,3.4025604947344195,3.2924730751347324,3.2924730751347324
tuned,159000.0,148865.71416469757,5.627180291455973,0.9987102432832285,0.0005531245374263375,0.0007366321793452135,3.4025604947344195,3.2924730751347324,3.2924730751347324
tuned,159500.0,148865.71416469757,3.2590299267163494,0.5036043411837466,0.0027807608018292984,0.4936148980144241,3.4078998748042726,3.2924730751347324,3.2924730751347324
tuned,159500.0,148865.71416469757,3.32566941963681,0.4880067602190945,0.006265492877064404,0.5057277469038411,3.4078998748042726,3.2924730751347324,3.2924730751347324
tuned,159500.0,148865.71416469757,3.410043969858582,0.009973333774693817,0.9896347043643905,0.00039196186091569206,3.4078998748042726,3.2924730751347324,3.2924730751347324
tuned,159500.0,148865.71416469757,5.627184431635523,0.9987151785306114,0.0005481845814044858,0.0007366368879841008,3.4078998748042726,3.2924730751347324,3.2924730751347324
tuned,160000.0,148865.71416469757,3.2590424381157583,0.5035360978711242,0.002606658656489266,0.4938572434723867,3.4132309023935976,3.2924730751347324,3.2924730751347324
tuned,160000.0,148865.71416469757,3.325698626245631,0.48886057461291255,0.005577458241866809,0.5055619671452206,3.4132309023935976,3.2924730751347324,3.2924730751347324
tuned,160000.0,148865.71416469757,3.4153319632289003,0.009185515069880905,0.9904990897882595,0.0003153951418594832,3.4132309023935976,3.2924730751347324,3.2924730751347324
tuned,160000.0,148865.71416469757,5.627188529121251,0.998719970376845,0.0005433881432901507,0.0007366414798649556,3.4132309023935976,3.2924730751347324,3.2924730751347324
tuned,160500.0,148865.71416469757,3.2590541071985917,0.5034697626207743,0.002449404719768236,0.4940808326594575,3.4185536165779595,3.2924730751347324,3.2924730751347324
tuned,160500.0,148865.71416469757,3.325724553849797,0.4896024563817099,0.004999854245630374,0.5053976893726597,3.4185536165779595,3.2924730751347324,3.2924730751347324
tuned,160500.0,148865.71416469757,3.4206157628457423,0.008507754762569522,0.9912361625218467,0.0002560827155839124,3.4185536165779595,3.2924730751347324,3.2924730751347324
tuned,160500.0,148865.71416469757,5.627192585267679,0.9987246237060791,0.0005387303349978068,0.0007366459589230583,3.4185536165779595,3.2924730751347324,3.2924730751347324
tuned,161000.0,148865.71416469757,3.259065016501674,0.5034054013403028,0.002306869356197443,0.4942877293034999,3.4238680561291908,3.2924730751347324,3.2924730751347324
tuned,161000.0,148865.71416469757,3.3257477239895348,0.49025256061663947,0.004510182793000455,0.5052372565903601,3.4238680561291908,3.2924730751347324,3.2924730751347324
tuned,161000.0,148865.71416469757,3.425894803224169,0.007919831486820478,0.9918705506629422,0.00020961785023731783,3.4238680561291908,3.2924730751347324,3.2924730751347324
tuned,161000.0,148865.71416469757,5.6271966014088575,0.9987291431796127,0.000534206491457378,0.0007366503289299439,3.4238680561291908,3.2924730751347324,3.2924730751347324
tuned,161500.0,148865.71416469757,3.259075238203746,0.5033430397254803,0.002177250255229334,0.49447971001929025,3.429174259518685,3.2924730751347324,3.2924730751347324
tuned,161500.0,148865.71416469757,3.325768553598564,0.490826561693586,0.0040913922899370675,0.5050820460164769,3.429174259518685,3.2924730751347324,3.2924730751347324
tuned,161500.0,148865.71416469757,3.4311686336790137,0.007406044811531939,0.9924211084760419,0.00017284671242606356,3.429174259518685,3.2924730751347324,3.2924730751347324
tuned,161500.0,148865.71416469757,5.627200578775248,0.9987335332486461,0.0005298121578989802,0.0007366545934549988,3.429174259518685,3.2924730751347324,3.2924730751347324
tuned,162000.0,148865.71416469757,3.259084835491699,0.5032826767401443,0.002059013772679664,0.494658309487176,3.4344722649206467,3.2924730751347324,3.2924730751347324
tuned,162000.0,148865.71416469757,3.325787379757193,0.49133681406652796,0.0037303715151562416,0.5049328144183157,3.4344722649206467,3.2924730751347324,3.2924730751347324
tuned,162000.0,148865.71416469757,3.436436891828457,0.006954040968658928,0.9929024811762892,0.0001434778550518656,3.4344722649206467,3.2924730751347324,3.2924730751347324
tuned,162000.0,148865.71416469757,5.62720451861152,0.9987377981649291,0.0005255430790843615,0.0007366587559865517,3.4344722649206467,3.2924730751347324,3.2924730751347324
tuned,162500.0,148865.71416469757,3.259093864181941,0.5032242887774399,0.0019508482310448274,0.4948248629915152,3.4397621102152973,3.2924730751347324,3.2924730751347324
tuned,162500.0,148865.71416469757,3.3258044780327674,0.4917931786095566,0.003416907078489564,0.5047899143119539,3.4397621102152973,3.2924730751347324,3.2924730751347324
tuned,162500.0,148865.71416469757,3.4416992840878144,0.006553982347899319,0.9933261941748824,0.00011982347721833858,3.4397621102152973,3.2924730751347324,3.2924730751347324
tuned,162500.0,148865.71416469757,5.627208421996714,0.9987419419917847,0.0005213951883724864,0.0007366628198428958,3.4397621102152973,3.2924730751347324,3.2924730751347324
tuned,163000.0,148865.71416469757,3.259102373663219,0.5031678368244912,0.001851626393909855,0.4949805367815989,3.445043832992032,3.2924730751347324,3.2924730751347324
tuned,163000.0,148865.71416469757,3.325820075879335,0.49220361346095337,0.0031429483105562795,0.5046534382284903,3.445043832992032,3.2924730751347324,3.2924730751347324
tuned,163000.0,148865.71416469757,3.4469555712357947,0.006197949487722305,0.9937014257136655,0.00010062479861208681,3.445043832992032,3.2924730751347324,3.2924730751347324
tuned,163000.0,148865.71416469757,5.627212290273763,0.9987459686140078,0.0005173645978088542,0.0007366667881834357,3.445043832992032,3.2924730751347324,3.2924730751347324
tuned,163500.0,148865.71416469757,3.259110407661166,0.5031132735821175,0.0017603751568440258,0.4951263512610384,3.4503174705525383,3.2924730751347324,3.2924730751347324
tuned,163500.0,148865.71416469757,3.3258343624761633,0.492574604127386,0.0029020805159962553,0.5045233153566178,3.4503174705525383,3.2924730751347324,3.2924730751347324
tuned,163500.0,148865.71416469757,3.452205557433747,0.005879503853996318,0.9940355639191426,8.493222686118292e-05,3.4503174705525383,3.2924730751347324,3.2924730751347324
tuned,163500.0,148865.71416469757,5.627216124407289,0.9987498817469962,0.0005134475889488749,0.0007366706640549385,3.4503174705525383,3.2924730751347324,3.2924730751347324
tuned,164000.0,148865.71416469757,3.2591180053274007,0.5030605416527224,0.0016762508914885627,0.49526320745578895,3.4555830599138697,3.2924730751347324,3.2924730751347324
tuned,164000.0,148865.71416469757,3.3258474967424063,0.4929114894933529,0.002689141936345432,0.5043993685703017,3.4555830599138697,3.2924730751347324,3.2924730751347324
tuned,164000.0,148865.71416469757,3.4574490817971824,0.00559336363720782,0.9943346145005928,7.202186219928401e-05,3.4555830599138697,3.2924730751347324,3.2924730751347324
tuned,164000.0,148865.71416469757,5.627219925478744,0.9987536849462302,0.0005096406036755206,0.0007366744500942708,3.4555830599138697,3.2924730751347324,3.2924730751347324
tuned,164500.0,148865.71416469757,3.2591252012861136,0.503009584743947,0.0015985192623695966,0.4953918959936835,3.4608406378114753,3.2924730751347324,3.2924730751347324
tuned,164500.0,148865.71416469757,3.3258596126342987,0.4932186944243057,0.002499941121648683,0.5042813644540456,3.4608406378114753,3.2924730751347324,3.2924730751347324
tuned,164500.0,148865.71416469757,3.462686011895221,0.005335159952109392,0.9946035035558166,6.133649207396553e-05,3.4608406378114753,3.2924730751347324,3.2924730751347324
tuned,164500.0,148865.71416469757,5.627223694519843,0.9987573816134485,0.0005059402370615737,0.0007366781494900518,3.4608406378114753,3.2924730751347324,3.2924730751347324
tuned,165000.0,148865.71416469757,3.259132026951806,0.5029603380235658,0.0015265386379198116,0.4955131233385143,3.4660902407021914,3.2924730751347324,3.2924730751347324
tuned,165000.0,148865.71416469757,3.325870824492955,0.4934999245792331,0.002331046117999196,0.5041690293027677,3.4660902407021914,3.2924730751347324,3.2924730751347324
tuned,165000.0,148865.71416469757,3.4679162386535554,0.005101251665180085,0.9948463049769705,5.2443357849563965e-05,3.4660902407021914,3.2924730751347324,3.2924730751347324
tuned,165000.0,148865.71416469757,5.627227432571037,0.9987609750069588,0.0005023432283060647,0.0007366817647350178,3.4660902407021914,3.2924730751347324,3.2924730751347324
tuned,165500.0,148865.71416469757,3.259138510289591,0.5029127397195,0.0014597463639550578,0.49562751391654486,3.4713319047671907,3.2924730751347324,3.2924730751347324
tuned,165500.0,148865.71416469757,3.325881229960662,0.49375829741200944,0.002179624995472519,0.5040620775925181,3.4713319047671907,3.2924730751347324,3.2924730751347324
tuned,165500.0,148865.71416469757,3.473139672311665,0.00488858279486331,0.9950664136479774,4.5003557159350065e-05,3.4713319047671907,3.2924730751347324,3.2924730751347324
tuned,165500.0,148865.71416469757,5.627231140507577,0.9987644682475297,0.0004988464542351064,0.0007366852982351428,3.4713319047671907,3.2924730751347324,3.2924730751347324
tuned,166000.0,148865.71416469757,3.25914467671246,0.5028667250523441,0.001397647349730747,0.4957356275979251,3.4765656659148907,3.2924730751347324,3.2924730751347324
tuned,166000.0,148865.71416469757,3.3258909132761056,0.4939964588772436,0.002043324211636738,0.5039602169111198,3.4765656659148907,3.2924730751347324,3.2924730751347324
tuned,166000.0,148865.71416469757,3.478356239179757,0.004694571872026192,0.9952666784959648,3.874963200903865e-05,3.4765656659148907,3.2924730751347324,3.2924730751347324
tuned,166000.0,148865.71416469757,5.627234819265787,0.9987678643252014,0.0004954469221696219,0.0007366887526290806,3.4765656659148907,3.2924730751347324,3.2924730751347324
tuned,166500.0,148865.71416469757,3.2591505491391515,0.5028222304401633,0.0013398045397063727,0.49583796502013033,3.4817915597838254,3.2924730751347324,3.2924730751347324
tuned,166500.0,148865.71416469757,3.325899947346707,0.4942166660343359,0.0019201747471012122,0.503863159218563,3.4817915597838254,3.2924730751347324,3.2924730751347324
tuned,166500.0,148865.71416469757,3.4835658790214308,0.0045170251348121875,0.9954495058804778,3.34689847099582e-05,3.4817915597838254,3.2924730751347324,3.2924730751347324
tuned,166500.0,148865.71416469757,5.627238469762539,0.9987711661064631,0.0004921417634975593,0.0007366921300393566,3.4817915597838254,3.2924730751347324,3.2924730751347324
tuned,167000.0,148865.71416469757,3.259156148210559,0.5027791954970662,0.0012858309097936419,0.4959349735931402,3.487009621745475,3.2924730751347324,3.2924730751347324
tuned,167000.0,148865.71416469757,3.3259083954751665,0.49442085375534583,0.0018085190065416086,0.5037706272381125,3.487009621745475,3.2924730751347324,3.2924730751347324
tuned,167000.0,148865.71416469757,3.4887685429852175,0.004354067814926864,0.9956169407024584,2.899148261474209e-05,3.487009621745475,3.2924730751347324,3.2924730751347324
tuned,167000.0,148865.71416469757,5.627242092882238,0.9987743763390252,0.000488928228029581,0.0007366954329452057,3.487009621745475,3.2924730751347324,3.2924730751347324
tuned,167500.0,148865.71416469757,3.2591614927774337,0.5027375596586962,0.00123538274054468,0.49602705760075927,3.4922198869070598,3.2924730751347324,3.2924730751347324
tuned,167500.0,148865.71416469757,3.325916313101966,0.4946106927828059,0.0017069535240737705,0.5036823536931202,3.4922198869070598,3.2924730751347324,3.2924730751347324
tuned,167500.0,148865.71416469757,3.4939641918143582,0.004204089462492786,0.9957707304198358,2.5180117671485782e-05,3.4922198869070598,3.2924730751347324,3.2924730751347324
tuned,167500.0,148865.71416469757,5.6272456895025895,0.9987774976588857,0.0004858036776357809,0.0007366986634786382,3.4922198869070598,3.2924730751347324,3.2924730751347324
tuned,168000.0,148865.71416469757,3.259166600029363,0.5026972639506123,0.0011881539009819103,0.49611458214840576,3.497422390114296,3.2924730751347324,3.2924730751347324
tuned,168000.0,148865.71416469757,3.3259237489147777,0.4947876320221399,0.0016142835104953986,0.5035980844673646,3.497422390114296,3.2924730751347324,3.2924730751347324
tuned,168000.0,148865.71416469757,3.49915279447095,0.00406569987816256,0.9959123762205189,2.192390131861146e-05,3.497422390114296,3.2924730751347324,3.2924730751347324
tuned,168000.0,148865.71416469757,5.6272492603221,0.9987805325950682,0.00048276558136867875,0.0007367018235630033,3.497422390114296,3.2924730751347324,3.2924730751347324
tuned,168500.0,148865.71416469757,3.259171485583739,0.5026582523264002,0.0011438710190030653,0.49619787665459675,3.502617165954114,3.2924730751347324,3.2924730751347324
tuned,168500.0,148865.71416469757,3.3259307457771556,0.49495293278436775,0.001529486662398377,0.5035175805532338,3.502617165954114,3.2924730751347324,3.2924730751347324
tuned,168500.0,148865.71416469757,3.5043343269132747,0.003937693536278014,0.9960431740412106,1.9132422511479134e-05,3.502617165954114,3.2924730751347324,3.2924730751347324
tuned,168500.0,148865.71416469757,5.6272528061970535,0.9987834835747981,0.00047981150980281896,0.0007367049153992082,3.502617165954114,3.2924730751347324,3.2924730751347324
tuned,169000.0,148865.71416469757,3.2591761636304186,0.5026204721852504,0.001102289342742918,0.49627723847200655,3.507804248757343,3.2924730751347324,3.2924730751347324
tuned,169000.0,148865.71416469757,3.3259373415297415,0.4951076973063631,0.0014516840599492027,0.5034406186336876,3.507804248757343,3.2924730751347324,3.2924730751347324
tuned,169000.0,148865.71416469757,3.5095087711233064,0.003819020545331657,0.9961642478092813,1.673164538709301e-05,3.507804248757343,3.2924730751347324,3.2924730751347324
tuned,169000.0,148865.71416469757,5.627256327815649,0.9987863529285627,0.0004769391308144081,0.0007367079406229397,3.507804248757343,3.2924730751347324,3.2924730751347324
tuned,169500.0,148865.71416469757,3.2591806474589147,0.5025838685745537,0.0010631892039288226,0.4963529422215175,3.512983672601355,3.2924730751347324,3.2924730751347324
tuned,169500.0,148865.71416469757,3.3259435700683175,0.49525289830233715,0.0013801166832881552,0.5033669850143746,3.512983672601355,3.2924730751347324,3.2924730751347324
tuned,169500.0,148865.71416469757,3.514676114292413,0.0037087628951547776,0.9962765764615152,1.466064333004944e-05,3.512983672601355,3.2924730751347324,3.2924730751347324
tuned,169500.0,148865.71416469757,5.6272598260348206,0.9987891428940036,0.0004741462046087347,0.0007367109013877358,3.512983672601355,3.2924730751347324,3.2924730751347324
tuned,170000.0,148865.71416469757,3.2591849490126106,0.5025483927338075,0.0010263729927948474,0.49642523427339763,3.5181554713126792,3.2924730751347324,3.2924730751347324
tuned,170000.0,148865.71416469757,3.3259494613596177,0.4953893900648268,0.001314126235973575,0.5032964836991997,3.5181554713126792,3.2924730751347324,3.2924730751347324
tuned,170000.0,148865.71416469757,3.519836348121926,0.003606114808946045,0.9963810161483397,1.2869042714275498e-05,3.5181554713126792,3.2924730751347324,3.2924730751347324
tuned,170000.0,148865.71416469757,5.627263301575085,0.9987918556208574,0.0004714305798592289,0.0007367137992834493,3.5181554713126792,3.2924730751347324,3.2924730751347324
tuned,170500.0,148865.71416469757,3.2591890792423897,0.5025139984232516,0.000991662542630124,0.49649433903411816,3.5233196784695786,3.2924730751347324,3.2924730751347324
tuned,170500.0,148865.71416469757,3.3259550421536006,0.49551792837796566,0.0012531395082994493,0.5032289321137349,3.5233196784695786,3.2924730751347324,3.2924730751347324
tuned,170500.0,148865.71416469757,3.524989468167509,0.0035103665050159475,0.9964783184841451,1.1315010838899749e-05,3.5233196784695786,3.2924730751347324,3.2924730751347324
tuned,170500.0,148865.71416469757,5.627266754989603,0.9987944931749876,0.0004687901890879409,0.0007367166359244908,3.5233196784695786,3.2924730751347324,3.2924730751347324
tuned,171000.0,148865.71416469757,3.2591930483507294,0.5024806398086288,0.000958896861438124,0.49656046332993314,3.528476327404594,3.2924730751347324,3.2924730751347324
tuned,171000.0,148865.71416469757,3.3259603365520976,0.4956391861990915,0.0011966554829006641,0.5031641583180079,3.528476327404594,3.2924730751347324,3.2924730751347324
tuned,171000.0,148865.71416469757,3.530135473451781,0.0034208906274320176,0.9965691457107728,9.96366179525401e-06,3.528476327404594,3.2924730751347324,3.2924730751347324
tuned,171000.0,148865.71416469757,5.627270187124261,0.9987970575413404,0.0004662230454051661,0.0007367194132544819,3.528476327404594,3.2924730751347324,3.2924730751347324
tuned,171500.0,148865.71416469757,3.259196865881326,0.5024482710444167,0.0009279301803514641,0.49662379877523183,3.533625451207053,3.2924730751347324,3.2924730751347324
tuned,171500.0,148865.71416469757,3.325965366373916,0.495753765418775,0.001144234675180251,0.5031019999060448,3.533625451207053,3.2924730751347324,3.2924730751347324
tuned,171500.0,148865.71416469757,3.535274365914814,0.003337130903930415,0.9966540833090739,8.785786995613099e-06,3.533625451207053,3.2924730751347324,3.2924730751347324
tuned,171500.0,148865.71416469757,5.627273598495276,0.998799550629073,0.0004637272384029746,0.0007367221325240736,3.533625451207053,3.2924730751347324,3.2924730751347324
tuned,172000.0,148865.71416469757,3.259200540228956,0.5024168549305044,0.0008986302597111771,0.49668451480978454,3.5387670827255477,3.2924730751347324,3.2924730751347324
tuned,172000.0,148865.71416469757,3.3259701508621613,0.4958621977819547,0.0010954902321040371,0.5030423119859413,3.5387670827255477,3.2924730751347324,3.2924730751347324
tuned,172000.0,148865.71416469757,3.5404061501377306,0.0032585925683307347,0.9967336505930664,7.756838602870764e-06,3.5387670827255477,3.2924730751347324,3.2924730751347324
tuned,172000.0,148865.71416469757,5.627276989752443,0.9988019742734796,0.00046130093104642983,0.0007367247954739795,3.5387670827255477,3.2924730751347324,3.2924730751347324
tuned,172500.0,148865.71416469757,3.2592040796587063,0.5023863483832997,0.0008708768863434223,0.49674277473035683,3.543901254570381,3.2924730751347324,3.2924730751347324
tuned,172500.0,148865.71416469757,3.325974707913841,0.49596496746694335,0.001050080567355119,0.5029849519657016,3.543901254570381,3.2924730751347324,3.2924730751347324
tuned,172500.0,148865.71416469757,3.5455308329565374,0.0031848343094878465,0.9968083095786849,6.856111827170675e-06,3.543901254570381,3.2924730751347324,3.2924730751347324
tuned,172500.0,148865.71416469757,5.627280361614677,0.9988043302404725,0.0004589423561321904,0.0007367274033952142,3.543901254570381,3.2924730751347324,3.2924730751347324
tuned,173000.0,148865.71416469757,3.259207491421905,0.5023567166092092,0.0008445605974074549,0.4967987227933834,3.549027999115977,3.2924730751347324,3.2924730751347324
tuned,173000.0,148865.71416469757,3.3259790533539473,0.4960625037890738,0.0010077030985714552,0.5029297931123548,3.549027999115977,3.2924730751347324,3.2924730751347324
tuned,173000.0,148865.71416469757,3.550648423232057,0.003115461393699903,0.9968784725229941,6.066083305984853e-06,3.549027999115977,3.2924730751347324,3.2924730751347324
tuned,173000.0,148865.71416469757,5.627283714572661,0.998806620228547,0.00045664981366272156,0.0007367299577903227,3.549027999115977,3.2924730751347324,3.2924730751347324
tuned,173500.0,148865.71416469757,3.2592107825069645,0.5023279225139133,0.0008195815295597945,0.4968524959565269,3.5541473485032657,3.2924730751347324,3.2924730751347324
tuned,173500.0,148865.71416469757,3.3259832018053035,0.4961551976208966,0.0009680890318679757,0.5028767133472355,3.5541473485032657,3.2924730751347324,3.2924730751347324
tuned,173500.0,148865.71416469757,3.5557589315772873,0.003050119836589583,0.9969445082895262,5.3718738843272875e-06,3.5541473485032657,3.2924730751347324,3.2924730751347324
tuned,173500.0,148865.71416469757,5.627287049292788,0.9988088458727327,0.0004544216671800239,0.0007367324600873216,3.5541473485032657,3.2924730751347324,3.2924730751347324
tuned,174000.0,148865.71416469757,3.2592139592389273,0.5022999334567737,0.0007958484262114979,0.4969042181170149,3.5592593346420305,3.2924730751347324,3.2924730751347324
tuned,174000.0,148865.71416469757,3.325987166410513,0.49624339965456354,0.0009309988987410499,0.5028256014466955,3.5592593346420305,3.2924730751347324,3.2924730751347324
tuned,174000.0,148865.71416469757,3.5608623701754976,0.0029884913856147288,0.9970067478042579,4.7608101273666605e-06,3.5592593346420305,3.2924730751347324,3.2924730751347324
tuned,174000.0,148865.71416469757,5.627290366244548,0.9988110087464737,0.00045225634201059194,0.0007367349115156361,3.5592593346420305,3.2924730751347324,3.2924730751347324
tuned,174500.0,148865.71416469757,3.2592170276701324,0.5022727157540867,0.0007732777592938938,0.4969540064866194,3.564363989213232,3.2924730751347324,3.2924730751347324
tuned,174500.0,148865.71416469757,3.325990959336206,0.49632743016297476,0.0008962188117833967,0.5027763510252419,3.564363989213232,3.2924730751347324,3.2924730751347324
tuned,174500.0,148865.71416469757,3.5659587525868,0.0029302892555593,0.9970654886788852,4.222065555601324e-06,3.564363989213232,3.2924730751347324,3.2924730751347324
tuned,174500.0,148865.71416469757,5.627293666052363,0.9988131103651616,0.00045015232154919395,0.0007367373132891722,3.564363989213232,3.2924730751347324,3.2924730751347324
tuned,175000.0,148865.71416469757,3.259219993354965,0.5022462386430282,0.0007517929528634786,0.49700196840410843,3.569461343671297,3.2924730751347324,3.2924730751347324
tuned,175000.0,148865.71416469757,3.325994591619892,0.49640757875697744,0.0008635572235032739,0.5027288640195193,3.569461343671297,3.2924730751347324,3.2924730751347324
tuned,175000.0,148865.71416469757,3.571048093566944,0.0028752544061933344,0.997120999228958,3.746364848730888e-06,3.569461343671297,3.2924730751347324,3.2924730751347324
tuned,175000.0,148865.71416469757,5.62729694926292,0.9988151521879708,0.00044810814537106015,0.0007367396666581494,3.569461343671297,3.2924730751347324,3.2924730751347324
tuned,175500.0,148865.71416469757,3.259222861479418,0.5022204728188006,0.0007313236943347619,0.4970482034868647,3.5745514292463803,3.2924730751347324,3.2924730751347324
tuned,175500.0,148865.71416469757,3.325998073377563,0.4964841090386502,0.0008328421814546246,0.5026830487798952,3.5745514292463803,3.2924730751347324,3.2924730751347324
tuned,175500.0,148865.71416469757,3.5761304089658337,0.0028231523533071333,0.9971735219064044,3.3257402886064042e-06,3.5745514292463803,3.2924730751347324,3.2924730751347324
tuned,175500.0,148865.71416469757,5.6273002163787575,0.9988171356202543,0.0004461224069923087,0.0007367419727534419,3.5745514292463803,3.2924730751347324,3.2924730751347324
tuned,176000.0,148865.71416469757,3.2592256368085892,0.5021953914744083,0.0007118053320475705,0.49709280319354404,3.5796342769465954,3.2924730751347324,3.2924730751347324
tuned,176000.0,148865.71416469757,3.3260014138222616,0.4965572603270756,0.0008039189628802827,0.5026388207100441,3.5796342769465954,3.2924730751347324,3.2924730751347324
tuned,176000.0,148865.71416469757,3.5812057155848622,0.0027737704025652564,0.9972232762679073,2.953329527515092e-06,3.5796342769465954,3.2924730751347324,3.2924730751347324
tuned,176000.0,148865.71416469757,5.627303467921677,0.998819062015924,0.0004441937512120435,0.0007367442328640529,3.5796342769465954,3.2924730751347324,3.2924730751347324
tuned,176500.0,148865.71416469757,3.259228323806732,0.502170969019502,0.0006931783287868916,0.4971358526517111,3.5847099175602217,3.2924730751347324,3.2924730751347324
tuned,176500.0,148865.71416469757,3.3260046214239467,0.4966272513608601,0.0007766480316178443,0.502596100607522,3.5847099175602217,3.2924730751347324,3.2924730751347324
tuned,176500.0,148865.71416469757,3.5862740310492742,0.002726915227861973,0.9972704615647178,2.6232074202705567e-06,3.5847099175602217,3.2924730751347324,3.2924730751347324
tuned,176500.0,148865.71416469757,5.627306704227816,0.9988209326798185,0.0004423208722584407,0.0007367464479230472,3.5847099175602217,3.2924730751347324,3.2924730751347324
tuned,177000.0,148865.71416469757,3.2592309269475,0.5021471765653921,0.0006753877829811549,0.4971774356516267,3.589778381657877,3.2924730751347324,3.2924730751347324
tuned,177000.0,148865.71416469757,3.3260077042906238,0.49669428689165973,0.000750903298395268,0.502554809809945,3.589778381657877,3.2924730751347324,3.2924730751347324
tuned,177000.0,148865.71416469757,3.5913353737719578,0.0026824107934438376,0.9973152589604468,2.330246109267836e-06,3.589778381657877,3.2924730751347324,3.2924730751347324
tuned,177000.0,148865.71416469757,5.62730992602533,0.9988227488694369,0.000440502511520072,0.0007367486190430235,3.589778381657877,3.2924730751347324,3.2924730751347324
tuned,177500.0,148865.71416469757,3.2592334499813247,0.5021239932965381,0.0006583830047710024,0.4972176236986909,3.5948396995946683,3.2924730751347324,3.2924730751347324
tuned,177500.0,148865.71416469757,3.3260106694547713,0.49675854818447035,0.0007265705552832285,0.5025148812602465,3.5948396995946683,3.2924730751347324,3.2924730751347324
tuned,177500.0,148865.71416469757,3.5963897627858996,0.00264009648082591,0.9973578335219051,2.0699972690907543e-06,3.5948396995946683,3.2924730751347324,3.2924730751347324
tuned,177500.0,148865.71416469757,5.627313133636268,0.9988245117970501,0.0004387374557644662,0.0007367507471853092,3.5948396995946683,3.2924730751347324,3.2924730751347324
tuned,178000.0,148865.71416469757,3.2592358967463047,0.50210139459788,0.0006421171230268794,0.49725648827909325,3.59989390151231,3.2924730751347324,3.2924730751347324
tuned,178000.0,148865.71416469757,3.3260135237317434,0.49682020648147496,0.0007035461793213937,0.5024762473392037,3.59989390151231,3.2924730751347324,3.2924730751347324
tuned,178000.0,148865.71416469757,3.6014372177145377,0.0025998254981482913,0.9973983359080183,1.8385938333683166e-06,3.59989390151231,3.2924730751347324,3.2924730751347324
tuned,178000.0,148865.71416469757,5.627316327569497,0.998826222631241,0.0004370245353719551,0.0007367528333870665,3.59989390151231,3.2924730751347324,3.2924730751347324
tuned,178500.0,148865.71416469757,3.259238270648262,0.5020793600571067,0.0006265467533567438,0.4972940931895366,3.6049410173412206,3.2924730751347324,3.2924730751347324
tuned,178500.0,148865.71416469757,3.326016273225077,0.49687941642233097,0.0006817359585097261,0.5024388476191594,3.6049410173412206,3.2924730751347324,3.2924730751347324
tuned,178500.0,148865.71416469757,3.6064777587107684,0.002561463458265725,0.9974369038748927,1.6326668416497377e-06,3.6049410173412206,3.2924730751347324,3.2924730751347324
tuned,178500.0,148865.71416469757,5.62731950818324,0.9988278824989186,0.0004353626225072514,0.0007367548785740632,3.6049410173412206,3.2924730751347324,3.2924730751347324
tuned,179000.0,148865.71416469757,3.2592405750756583,0.5020578670566976,0.0006116316800189102,0.4973305012632835,3.609981076802591,3.2924730751347324,3.2924730751347324
tuned,179000.0,148865.71416469757,3.326018923808181,0.49693632370315854,0.0006610540890431997,0.5024026222077982,3.609981076802591,3.2924730751347324,3.2924730751347324
tuned,179000.0,148865.71416469757,3.61151140637721,0.0025248871263771197,0.9974736635981747,1.4492754481833489e-06,3.609981076802591,3.2924730751347324,3.2924730751347324
tuned,179000.0,148865.71416469757,5.627322675988524,0.998829492487166,0.0004337506292360376,0.0007367568835980767,3.609981076802591,3.2924730751347324,3.2924730751347324
tuned,179500.0,148865.71416469757,3.259242813064137,0.5020368967190632,0.0005973345909171194,0.49736576869001975,3.6150141094104224,3.2924730751347324,3.2924730751347324
tuned,179500.0,148865.71416469757,3.3260214807468653,0.4969910602337768,0.0006414222788944692,0.5023675174873288,3.6150141094104224,3.2924730751347324,3.2924730751347324
tuned,179500.0,148865.71416469757,3.616538181713928,0.002489983318975123,0.9975087308336179,1.28584740704492e-06,3.6150141094104224,3.2924730751347324,3.2924730751347324
tuned,179500.0,148865.71416469757,5.627325831423504,0.9988310536441667,0.0004321875063303977,0.0007367588495028286,3.6150141094104224,3.2924730751347324,3.2924730751347324
tuned,180000.0,148865.71416469757,3.259244987501273,0.5020164303828474,0.0005836208183001999,0.49739994879885246,3.6200401444735477,3.2924730751347324,3.2924730751347324
tuned,180000.0,148865.71416469757,3.3260239489808203,0.49704374864620066,0.0006227689706517259,0.5023334823831477,3.6200401444735477,3.2924730751347324,3.2924730751347324
tuned,180000.0,148865.71416469757,3.6215581060772646,0.002456647916520598,0.9975422119546792,1.1401288001692981e-06,3.6200401444735477,3.2924730751347324,3.2924730751347324
tuned,180000.0,148865.71416469757,5.627328974860652,0.9988325669813158,0.00043067224172364186,0.0007367607769605078,3.6200401444735477,3.2924730751347324,3.2924730751347324
tuned,180500.0,148865.71416469757,3.2592471010665034,0.5019964508120541,0.0005704581240882818,0.4974330910638575,3.6250592110976205,3.2924730751347324,3.2924730751347324
tuned,180500.0,148865.71416469757,3.326026333076052,0.4970945019424837,0.0006050286581888244,0.5023004693993275,3.6250592110976205,3.2924730751347324,3.2924730751347324
tuned,180500.0,148865.71416469757,3.626571201118185,0.0024247850096750386,0.9975742048492964,1.0101410285430413e-06,3.6250592110976205,3.2924730751347324,3.2924730751347324
tuned,180500.0,148865.71416469757,5.627332106718845,0.9988340334746955,0.00042920385836956815,0.0007367626669350513,3.6250592110976205,3.2924730751347324,3.2924730751347324
tuned,181000.0,148865.71416469757,3.2592491565280572,0.5019769382173079,0.0005578164907155935,0.4974652452919764,3.63007133818708,3.2924730751347324,3.2924730751347324
tuned,181000.0,148865.71416469757,3.326028637488479,0.4971434282475594,0.0005881412835692769,0.5022684304688714,3.63007133818708,3.2924730751347324,3.2924730751347324
tuned,181000.0,148865.71416469757,3.6315774887987557,0.0023943061238384487,0.9976047997319432,8.941442184005392e-07,3.63007133818708,3.2924730751347324,3.2924730751347324
tuned,181000.0,148865.71416469757,5.627335227362918,0.9988354540658573,0.00042778141399683433,0.0007367645201459695,3.63007133818708,3.2924730751347324,3.2924730751347324
tuned,181500.0,148865.71416469757,3.2592511561708477,0.5019578783393123,0.0005456679426446078,0.497496453718043,3.6350765544470964,3.2924730751347324,3.2924730751347324
tuned,181500.0,148865.71416469757,3.3260308660931734,0.4971906234240832,0.0005720516862860894,0.5022373248896307,3.6350765544470964,3.2924730751347324,3.2924730751347324
tuned,181500.0,148865.71416469757,3.636576991264654,0.0023651295186298393,0.9976340798754677,7.906059024201959e-07,3.6350765544470964,3.2924730751347324,3.2924730751347324
tuned,181500.0,148865.71416469757,5.627338337190891,0.9988368296637186,0.00042640399892723455,0.0007367663373541661,3.6350765544470964,3.2924730751347324,3.2924730751347324
tuned,182000.0,148865.71416469757,3.2592531024055567,0.5019392538066764,0.0005339863797408292,0.4975267598135828,3.6400748883854863,3.2924730751347324,3.2924730751347324
tuned,182000.0,148865.71416469757,3.326033022741029,0.49723618031431793,0.0005567091438289959,0.5022071105418531,3.6400748883854863,3.2924730751347324,3.2924730751347324
tuned,182000.0,148865.71416469757,3.6415697308905086,0.002337179592474609,0.9976621222334501,6.981740753211986e-07,3.6400748883854863,3.2924730751347324,3.2924730751347324
tuned,182000.0,148865.71416469757,5.627341436592568,0.9988381611454323,0.0004250707352375412,0.0007367681193301475,3.6400748883854863,3.2924730751347324,3.2924730751347324
tuned,182500.0,148865.71416469757,3.2592549972854523,0.5019210517031955,0.0005227474286641436,0.4975562008681404,3.645066368314608,3.2924730751347324,3.2924730751347324
tuned,182500.0,148865.71416469757,3.3260351107916266,0.49728018173290633,0.0005420669365504044,0.5021777513305433,3.645066368314608,3.2924730751347324,3.2924730751347324
tuned,182500.0,148865.71416469757,3.6465557302216416,0.002310386317705315,0.9976889980281004,6.15654194344791e-07,3.645066368314608,3.2924730751347324,3.2924730751347324
tuned,182500.0,148865.71416469757,5.6273445259157615,0.9988394493578039,0.00042378077537763223,0.0007367698668184664,3.645066368314608,3.2924730751347324,3.2924730751347324
tuned,183000.0,148865.71416469757,3.259256843054894,0.5019032548053733,0.000511928305774303,0.4975848168888524,3.6500510223532334,3.2924730751347324,3.2924730751347324
tuned,183000.0,148865.71416469757,3.326037133718891,0.4973227097064948,0.0005280819876123631,0.5021492083058929,3.6500510223532334,3.2924730751347324,3.2924730751347324
tuned,183000.0,148865.71416469757,3.6515350119438597,0.0022846847670439483,0.9977147732437153,5.419892408208026e-07,3.6500510223532334,3.2924730751347324,3.2924730751347324
tuned,183000.0,148865.71416469757,5.627347605514993,0.9988406951184946,0.00042253330107719903,0.0007367715804282031,3.6500510223532334,3.2924730751347324,3.2924730751347324
tuned,183500.0,148865.71416469757,3.259258641490064,0.5018858520443298,0.0005015076905236167,0.49761264026514657,3.6550288784283937,3.2924730751347324,3.2924730751347324
tuned,183500.0,148865.71416469757,3.326039094415495,0.4973638354827368,0.0005147145022751954,0.502121450014988,3.6550288784283937,3.2924730751347324,3.2924730751347324
tuned,183500.0,148865.71416469757,3.656507598875233,0.002260014640602594,0.9977395091168301,4.762425673332344e-07,3.6550288784283937,3.2924730751347324,3.2924730751347324
tuned,183500.0,148865.71416469757,5.627350675762437,0.9988418992164718,0.0004213275224862952,0.0007367732610418767,3.6550288784283937,3.2924730751347324,3.2924730751347324
tuned,184000.0,148865.71416469757,3.259260394550167,0.5018688287623511,0.0004914656216547009,0.4976397056159943,3.659999964277207,3.2924730751347324,3.2924730751347324
tuned,184000.0,148865.71416469757,3.3260409958686554,0.497403629632542,0.0005019276977932538,0.5020944426696649,3.659999964277207,3.2924730751347324,3.2924730751347324
tuned,184000.0,148865.71416469757,3.661473513948732,0.002236319908727912,0.9977632625082088,4.1758306335992193e-07,3.659999964277207,3.2924730751347324,3.2924730751347324
tuned,184000.0,148865.71416469757,5.627353736975775,0.9988430624142137,0.00042016267682135804,0.0007367749089650145,3.659999964277207,3.2924730751347324,3.2924730751347324
tuned,184500.0,148865.71416469757,3.259262103962742,0.5018521726125459,0.00048178338377789825,0.4976660440036762,3.6649643074486815,3.2924730751347324,3.2924730751347324
tuned,184500.0,148865.71416469757,3.326042840767248,0.497442156542742,0.0004896875108521029,0.5020681559464059,3.6649643074486815,3.2924730751347324,3.2924730751347324
tuned,184500.0,148865.71416469757,3.666432780145119,0.0022135484177476395,0.9977860863099717,3.6527228063162606e-07,3.6649643074486815,3.2924730751347324,3.2924730751347324
tuned,184500.0,148865.71416469757,5.627356789463616,0.9988441854473772,0.00041903802752432873,0.0007367765250984988,3.6649643074486815,3.2924730751347324,3.2924730751347324
tuned,185000.0,148865.71416469757,3.2592637714169466,0.5018358713734843,0.0004724434219783057,0.4976916852045375,3.669921935305495,3.2924730751347324,3.2924730751347324
tuned,185000.0,148865.71416469757,3.3260446316656376,0.49747947690324235,0.000477962370902759,0.502042560725855,3.669921935305495,3.2924730751347324,3.2924730751347324
tuned,185000.0,148865.71416469757,3.671385420528502,0.0021916515886893453,0.9978080297580116,3.1865329904161517e-07,3.669921935305495,3.2924730751347324,3.2924730751347324
tuned,185000.0,148865.71416469757,5.627359833667253,0.9988452690267843,0.00041795286324980934,0.0007367781099658464,3.669921935305495,3.2924730751347324,3.2924730751347324
tuned,185500.0,148865.71416469757,3.2592653985251707,0.501819912974332,0.0004634292527384258,0.49771665777292945,3.674872875025756,3.2924730751347324,3.2924730751347324
tuned,185500.0,148865.71416469757,3.3260463709976973,0.4975156479814363,0.00046672297984370464,0.5020176290387199,3.674872875025756,3.2924730751347324,3.2924730751347324
tuned,185500.0,148865.71416469757,3.676331458243769,0.0021705841188328365,0.9978291387401577,2.771410094544484e-07,3.674872875025756,3.2924730751347324,3.2924730751347324
tuned,185500.0,148865.71416469757,5.627362869824142,0.9988463138387077,0.0004169064971196059,0.0007367796641727195,3.674872875025756,3.2924730751347324,3.2924730751347324
tuned,186000.0,148865.71416469757,3.259266986597625,0.5018042894175444,0.0004547253880567369,0.497740985194399,3.6798171536047417,3.2924730751347324,3.2924730751347324
tuned,186000.0,148865.71416469757,3.326048060808382,0.49755071996845135,0.0004559421105579355,0.5019933379209908,3.6798171536047417,3.2924730751347324,3.2924730751347324
tuned,186000.0,148865.71416469757,3.6812709164184496,0.0021503037120292542,0.9978494560743466,2.402136241271211e-07,3.6798171536047417,3.2924730751347324,3.2924730751347324
tuned,186000.0,148865.71416469757,5.627365898070051,0.9988473205458572,0.00041589826584697214,0.0007367811882957728,3.6798171536047417,3.2924730751347324,3.2924730751347324
tuned,186500.0,148865.71416469757,3.259268537298877,0.5017889864169482,0.0004463172585447775,0.4977646963245068,3.6847547978566144,3.2924730751347324,3.2924730751347324
tuned,186500.0,148865.71416469757,3.326049703479895,0.49758474656842605,0.0004455944481294101,0.5019696589834446,3.6847547978566144,3.2924730751347324,3.2924730751347324
tuned,186500.0,148865.71416469757,3.6862038182432,0.0021307708496148964,0.9978690217450409,2.0740534413316552e-07,3.6847547978566144,3.2924730751347324,3.2924730751347324
tuned,186500.0,148865.71416469757,5.62736891911628,0.9988482897886765,0.0004149275285030219,0.0007367826828205396,3.6847547978566144,3.2924730751347324,3.2924730751347324
tuned,187000.0,148865.71416469757,3.2592700519537505,0.5017739944162988,0.0004381911554736618,0.4977878144282275,3.6896858344161196,3.2924730751347324,3.2924730751347324
tuned,187000.0,148865.71416469757,3.326051300963586,0.49761777420560555,0.0004356564172448731,0.5019465693771495,3.6896858344161196,3.2924730751347324,3.2924730751347324
tuned,187000.0,148865.71416469757,3.691130186906226,0.0021119485681728952,0.997887873131943,1.7829988411463196e-07,3.6896858344161196,3.2924730751347324,3.2924730751347324
tuned,187000.0,148865.71416469757,5.627371932914851,0.9988492221854549,0.00041399366625233675,0.0007367841482927776,3.6896858344161196,3.2924730751347324,3.2924730751347324
tuned,187500.0,148865.71416469757,3.2592715317368235,0.5017593054744498,0.000430334165749183,0.497810360359801,3.6946102897402606,3.2924730751347324,3.2924730751347324
tuned,187500.0,148865.71416469757,3.3260528550426756,0.4976498453390511,0.0004261060408981394,0.5019240486200507,3.6946102897402606,3.2924730751347324,3.2924730751347324
tuned,187500.0,148865.71416469757,3.696050045586034,0.0020938022567727967,0.9979060452183982,1.5252482897156753e-07,3.6946102897402606,3.2924730751347324,3.2924730751347324
tuned,187500.0,148865.71416469757,5.627374939906268,0.9988501183331459,0.0004130960815359673,0.0007367855853180902,3.6946102897402606,3.2924730751347324,3.2924730751347324
tuned,188000.0,148865.71416469757,3.259272977929042,0.5017449095666355,0.000422734116597931,0.4978323563167667,3.699528190109956,3.2924730751347324,3.2924730751347324
tuned,188000.0,148865.71416469757,3.3260543675447667,0.4976810023348005,0.00041692281666944444,0.5019020748485301,3.699528190109956,3.2924730751347324,3.2924730751347324
tuned,188000.0,148865.71416469757,3.7009634174595614,0.002076299484411969,0.9979235707689151,1.2974667287819643e-07,3.699528190109956,3.2924730751347324,3.2924730751347324
tuned,188000.0,148865.71416469757,5.627377940304721,0.9988509788088058,0.0004122341968555594,0.0007367869943385454,3.699528190109956,3.2924730751347324,3.2924730751347324
tuned,188500.0,148865.71416469757,3.259274391808286,0.5017307962037852,0.00041537952667122953,0.49785382426954344,3.704439561631676,3.2924730751347324,3.2924730751347324
tuned,188500.0,148865.71416469757,3.32605584026329,0.49771128600964837,0.0004080875994270134,0.5018806263909247,3.704439561631676,3.2924730751347324,3.2924730751347324
tuned,188500.0,148865.71416469757,3.7058703256900136,0.0020594098369337843,0.9979404804965794,1.0966648692058008e-07,3.704439561631676,3.2924730751347324,3.2924730751347324
tuned,188500.0,148865.71416469757,5.627380934484619,0.9988518041694934,0.00041140745467749176,0.0007367883758290746,3.704439561631676,3.2924730751347324,3.2924730751347324
tuned,189000.0,148865.71416469757,3.259275774370883,0.5017169586211068,0.0004082595574596818,0.49787478182143347,3.709344430239058,3.2924730751347324,3.2924730751347324
tuned,189000.0,148865.71416469757,3.3260572746749593,0.49774073160464033,0.00039958248321937396,0.5018596859121403,3.709344430239058,3.2924730751347324,3.2924730751347324
tuned,189000.0,148865.71416469757,3.710770793406388,0.0020431047551514015,0.9979568032287929,9.201605576675338e-08,3.709344430239058,3.2924730751347324,3.2924730751347324
tuned,189000.0,148865.71416469757,5.627383922612163,0.9988525949532838,0.0004106153165205226,0.0007367897301956304,3.709344430239058,3.2924730751347324,3.2924730751347324
tuned,189500.0,148865.71416469757,3.2592771267746277,0.5017033871613217,0.0004013639717038588,0.4978952488669745,3.714242821694505,3.2924730751347324,3.2924730751347324
tuned,189500.0,148865.71416469757,3.326058672393962,0.4977693755199258,0.0003913907215232439,0.501839233758551,3.714242821694505,3.2924730751347324,3.2924730751347324
tuned,189500.0,148865.71416469757,3.7156648436925934,0.002027357416255017,0.9979725660291816,7.655456329554073e-08,3.714242821694505,3.2924730751347324,3.2924730751347324
tuned,189500.0,148865.71416469757,5.62738690505766,0.9988533516796696,0.000409857262244964,0.0007367910580854928,3.714242821694505,3.2924730751347324,3.2924730751347324
tuned,190000.0,148865.71416469757,3.259278449979169,0.5016900749549789,0.0003946830933471991,0.4979152419516739,3.7191347615907646,3.2924730751347324,3.2924730751347324
tuned,190000.0,148865.71416469757,3.326060034776649,0.49779724977459766,0.0003834966243725103,0.5018192536010299,3.7191347615907646,3.2924730751347324,3.2924730751347324
tuned,190000.0,148865.71416469757,3.7205524996186377,0.0020121425937920665,0.997987794340646,6.306556182174936e-08,3.7191347615907646,3.2924730751347324,3.2924730751347324
tuned,190000.0,148865.71416469757,5.6273898820592185,0.998854074850733,0.00040913278954358826,0.0007367923597235036,3.7191347615907646,3.2924730751347324,3.2924730751347324
tuned,190500.0,148865.71416469757,3.2592797449728526,0.501677014104598,0.00038820776902966466,0.4979347781263724,3.724020275352489,3.2924730751347324,3.2924730751347324
tuned,190500.0,148865.71416469757,3.3260613632056226,0.49782438592980266,0.0003758854866855561,0.5017997285835119,3.724020275352489,3.2924730751347324,3.2924730751347324
tuned,190500.0,148865.71416469757,3.7254337841821283,0.001997436550310968,0.9980025120952971,5.1354392033517164e-08,3.724020275352489,3.2924730751347324,3.2924730751347324
tuned,190500.0,148865.71416469757,5.627392853817554,0.998854764950809,0.00040844141345027646,0.0007367936357405803,3.724020275352489,3.2924730751347324,3.2924730751347324
tuned,191000.0,148865.71416469757,3.259281012709837,0.5016641970023883,0.00038192933642087947,0.4979538736611908,3.728899388237777,3.2924730751347324,3.2924730751347324
tuned,191000.0,148865.71416469757,3.3260626589906233,0.4978508138766359,0.0003685435123112156,0.5017806426110529,3.728899388237777,3.2924730751347324,3.2924730751347324
tuned,191000.0,148865.71416469757,3.730308720324995,0.0019832169320572646,0.9980167418221092,4.124583344829404e-08,3.728899388237777,3.2924730751347324,3.2924730751347324
tuned,191000.0,148865.71416469757,5.627395820630387,0.9988554224482001,0.0004077826654527494,0.0007367948863472022,3.728899388237777,3.2924730751347324,3.2924730751347324
tuned,191500.0,148865.71416469757,3.259282254169145,0.5016516151723698,0.0003758395901756263,0.49797254523745466,3.733772125339695,3.2924730751347324,3.2924730751347324
tuned,191500.0,148865.71416469757,3.326063923456043,0.497876563092602,0.0003614577470228683,0.5017619791603751,3.733772125339695,3.2924730751347324,3.2924730751347324
tuned,191500.0,148865.71416469757,3.7351773309613616,0.001969462669492295,0.9980305047484499,3.2582057816031226e-08,3.733772125339695,3.2924730751347324,3.2924730751347324
tuned,191500.0,148865.71416469757,5.62739878284248,0.9988560477947217,0.0004071560933109026,0.0007367961119674923,3.733772125339695,3.2924730751347324,3.2924730751347324
tuned,192000.0,148865.71416469757,3.2592834700037505,0.5016392649531475,0.0003699307573578608,0.4979908042894948,3.7386385115877863,3.2924730751347324,3.2924730751347324
tuned,192000.0,148865.71416469757,3.326065157556322,0.4979016570478072,0.0003546160130437403,0.501743726939149,3.7386385115877863,3.2924730751347324,3.2924730751347324
tuned,192000.0,148865.71416469757,3.740039638895276,0.0019561538904585554,0.998043820888738,2.5220803422215535e-08,3.7386385115877863,3.2924730751347324,3.2924730751347324
tuned,192000.0,148865.71416469757,5.627401740489558,0.9988566414263866,0.0004065612605760827,0.0007367973130373756,3.7386385115877863,3.2924730751347324,3.2924730751347324
tuned,192500.0,148865.71416469757,3.2592846611492767,0.5016271378933501,0.00036419546557688867,0.4980086666410731,3.7434985717495572,3.2924730751347324,3.2924730751347324
tuned,192500.0,148865.71416469757,3.3260663625347617,0.49792612288531546,0.0003480068624243722,0.5017258702522601,3.7434985717495572,3.2924730751347324,3.2924730751347324
tuned,192500.0,148865.71416469757,3.7448956668937936,0.0019432718404102443,0.9980567091258312,1.903375864972604e-08,3.7434985717495572,3.2924730751347324,3.2924730751347324
tuned,192500.0,148865.71416469757,5.627404694024309,0.9988572037642656,0.0004059977456392891,0.0007367984900951523,3.7434985717495572,3.2924730751347324,3.2924730751347324
tuned,193000.0,148865.71416469757,3.259285828395678,0.5016152276502794,0.00035862672088441625,0.4980261456288362,3.7483523304319473,3.2924730751347324,3.2924730751347324
tuned,193000.0,148865.71416469757,3.3260675394388053,0.49794998460358497,0.0003416195179485012,0.5017083958784665,3.7483523304319473,3.2924730751347324,3.2924730751347324
tuned,193000.0,148865.71416469757,3.7497454376636408,0.0019307988065058108,0.9980691872883719,1.3905122228986315e-08,3.7483523304319473,3.2924730751347324,3.2924730751347324
tuned,193000.0,148865.71416469757,5.627407643554991,0.9988577352148903,0.0004054651418475376,0.0007367996432620883,3.7483523304319473,3.2924730751347324,3.2924730751347324
tuned,193500.0,148865.71416469757,3.2592869725520823,0.5016035273213391,0.00035321788298669273,0.49804325479567424,3.7531998120827845,3.2924730751347324,3.2924730751347324
tuned,193500.0,148865.71416469757,3.3260686893431255,0.49797326579131285,0.00033544382894816867,0.5016912903797389,3.7531998120827845,3.2924730751347324,3.2924730751347324
tuned,193500.0,148865.71416469757,3.75458897379396,0.001918718046221024,0.9980812722234526,9.730326411938532e-09,3.7531998120827845,3.2924730751347324,3.2924730751347324
tuned,193500.0,148865.71416469757,5.6274105894515385,0.998858236170564,0.00040496305651384514,0.0007368007729220891,3.7531998120827845,3.2924730751347324,3.2924730751347324
tuned,194000.0,148865.71416469757,3.2592880942056612,0.5015920329028802,0.00034796264614354703,0.49806000445097615,3.7580410409922194,3.2924730751347324,3.2924730751347324
tuned,194000.0,148865.71416469757,3.3260698130770416,0.4979959862345349,0.0003294702240886428,0.5016745435413764,3.7580410409922194,3.2924730751347324,3.2924730751347324
tuned,194000.0,148865.71416469757,3.7594262978295756,0.0019070137244733992,0.9980929798606359,6.414890562603431e-09,3.7580410409922194,3.2924730751347324,3.2924730751347324
tuned,194000.0,148865.71416469757,5.627413531680898,0.9988587070096239,0.0004044911108818216,0.000736801879494311,3.7580410409922194,3.2924730751347324,3.2924730751347324
tuned,194500.0,148865.71416469757,3.259289194146878,0.5015807373192117,0.0003428550161712839,0.4980764076646171,3.7628760412941484,3.2924730751347324,3.2924730751347324
tuned,194500.0,148865.71416469757,3.3260709116439533,0.49801816794339243,0.0003236896778254195,0.5016581423787821,3.7628760412941484,3.2924730751347324,3.2924730751347324
tuned,194500.0,148865.71416469757,3.764257432217099,0.0018956708573038337,0.998104325269286,3.8734101354994265e-09,3.7628760412941484,3.2924730751347324,3.2924730751347324
tuned,194500.0,148865.71416469757,5.627416470722782,0.9988591480970969,0.0004040489396089854,0.0007368029632941219,3.7628760412941484,3.2924730751347324,3.2924730751347324
tuned,195000.0,148865.71416469757,3.2592902729825117,0.501569635902871,0.0003378892939541008,0.4980924748031749,3.7677048369676145,3.2924730751347324,3.2924730751347324
tuned,195000.0,148865.71416469757,3.326071985876259,0.49803982972920274,0.00031809366840466466,0.5016420766023926,3.7677048369676145,3.2924730751347324,3.2924730751347324
tuned,195000.0,148865.71416469757,3.769082399329118,0.0018846752540697452,0.998115322717282,2.0286483411594153e-09,3.7677048369676145,3.2924730751347324,3.2924730751347324
tuned,195000.0,148865.71416469757,5.627419406697236,0.9988595597852182,0.0004036361902020893,0.000736804024579661,3.7677048369676145,3.2924730751347324,3.2924730751347324
tuned,195500.0,148865.71416469757,3.2592913313417085,0.5015587235227558,0.00033306005774830493,0.4981082164194959,3.772527451838196,3.2924730751347324,3.2924730751347324
tuned,195500.0,148865.71416469757,3.326073036590032,0.4980609901245598,0.0003126741459197076,0.5016263357295205,3.772527451838196,3.2924730751347324,3.2924730751347324
tuned,195500.0,148865.71416469757,3.7739012214399437,0.0018740134692826742,0.9981259857199953,8.107221286186187e-10,3.772527451838196,3.2924730751347324,3.2924730751347324
tuned,195500.0,148865.71416469757,5.6274223398129335,0.9988599424133797,0.0004032525228457402,0.0007368050637744707,3.772527451838196,3.2924730751347324,3.2924730751347324
tuned,196000.0,148865.71416469757,3.2592923698224747,0.5015479952843341,0.0003283621457092832,0.49812364256995667,3.7773439095793795,3.2924730751347324,3.2924730751347324
tuned,196000.0,148865.71416469757,3.326074064572599,0.49808166673141274,0.0003074235012331971,0.5016109097673541,3.7773439095793795,3.2924730751347324,3.2924730751347324
tuned,196000.0,148865.71416469757,3.7787139207428386,0.0018636727535096688,0.9981363270901086,1.5638181305980484e-10,3.7773439095793795,3.2924730751347324,3.2924730751347324
tuned,196000.0,148865.71416469757,5.627425270307509,0.998860296308968,0.00040289760997559904,0.000736806081056434,3.7773439095793795,3.2924730751347324,3.2924730751347324
tuned,196500.0,148865.71416469757,3.2592933891602582,0.5015374441465281,0.0003237906421864138,0.49813876521128536,3.7821542337139116,3.2924730751347324,3.2924730751347324
tuned,196500.0,148865.71416469757,3.3260750707181357,0.4981018786446176,0.0003023345394356198,0.5015957868159467,3.7821542337139116,3.2924730751347324,3.2924730751347324
tuned,196500.0,148865.71416469757,3.783520519342482,0.0018536410157024919,0.9981463589759394,8.358173655208696e-12,3.7821542337139116,3.2924730751347324,3.2924730751347324
tuned,196500.0,148865.71416469757,5.627428198462412,0.9988606217876577,0.00040257113569346797,0.0007368070766488805,3.7821542337139116,3.2924730751347324,3.2924730751347324
tuned,197000.0,148865.71416469757,3.2592943897168904,0.5015270683012277,0.00031934086453455467,0.4981535908342377,3.786958447615144,3.2924730751347324,3.2924730751347324
tuned,197000.0,148865.71416469757,3.326076055568688,0.4981216391173091,0.0002974004459023647,0.5015809604367885,3.786958447615144,3.2924730751347324,3.2924730751347324
tuned,197000.0,148865.71416469757,3.7883210392415414,0.0018439067745341148,0.9981560929106839,3.1478193205920543e-10,3.786958447615144,3.2924730751347324,3.2924730751347324
tuned,197000.0,148865.71416469757,5.627431124330879,0.9988609191530734,0.00040227279587777245,0.0007368080510488247,3.786958447615144,3.2924730751347324,3.2924730751347324
tuned,197500.0,148865.71416469757,3.2592953721826734,0.5015168610081276,0.00031500834667242983,0.49816813064519994,3.7917565745083555,3.2924730751347324,3.2924730751347324
tuned,197500.0,148865.71416469757,3.326077019960739,0.4981409657593581,0.0002926147704961567,0.5015664194701458,3.7917565745083555,3.2924730751347324,3.2924730751347324
tuned,197500.0,148865.71416469757,3.793115502354335,0.0018344591281736274,0.9981655398431649,1.028661516654514e-09,3.7917565745083555,3.2924730751347324,3.2924730751347324
tuned,197500.0,148865.71416469757,5.6274340482854655,0.9988611886980959,0.0004020022975606619,0.0007368090043433352,3.7917565745083555,3.2924730751347324,3.2924730751347324
tuned,198000.0,148865.71416469757,3.2592963369056354,0.5015068204046191,0.0003107888313973978,0.4981823907639836,3.7965486374720627,3.2924730751347324,3.2924730751347324
tuned,198000.0,148865.71416469757,3.3260779643884733,0.49815987076390966,0.00028797139694768976,0.5015521578391426,3.7965486374720627,3.2924730751347324,3.2924730751347324
tuned,198000.0,148865.71416469757,3.797903930494675,0.0018252877156181417,0.9981747101769665,2.1074154481678987e-09,3.7965486374720627,3.2924730751347324,3.2924730751347324
tuned,198000.0,148865.71416469757,5.627436970345807,0.9988614307043797,0.00040175935865284957,0.0007368099369674025,3.7965486374720627,3.2924730751347324,3.2924730751347324
tuned,198500.0,148865.71416469757,3.259297284599698,0.501496939060953,0.00030667825359974337,0.49819638268544714,3.801334659439315,3.2924730751347324,3.2924730751347324
tuned,198500.0,148865.71416469757,3.326078889701069,0.49817837138182347,0.0002834645303957721,0.5015381640877807,3.801334659439315,3.2924730751347324,3.2924730751347324
tuned,198500.0,148865.71416469757,3.8026863453824373,0.0018163826880704505,0.9981836137994803,3.5124491499889314e-09,3.801334659439315,3.2924730751347324,3.2924730751347324
tuned,198500.0,148865.71416469757,5.627439890930375,0.998861645443471,0.0004015437074990103,0.0007368108490299484,3.801334659439315,3.2924730751347324,3.2924730751347324
tuned,199000.0,148865.71416469757,3.259298215610053,0.501487215015228,0.00030267273511831673,0.4982101122496536,3.8061146631989753,3.2924730751347324,3.2924730751347324
tuned,199000.0,148865.71416469757,3.3260797963628925,0.4981964789213767,0.00027908866807962887,0.5015244324105438,3.8061146631989753,3.2924730751347324,3.2924730751347324
tuned,199000.0,148865.71416469757,3.8074627686357023,0.0018077346748954436,0.9981922601163249,5.208779633387261e-09,3.8061146631989753,3.2924730751347324,3.2924730751347324
tuned,199000.0,148865.71416469757,5.627442810026533,0.9988618331762595,0.0004013550829616712,0.0007368117407788151,3.8061146631989753,3.2924730751347324,3.2924730751347324
tuned,199500.0,148865.71416469757,3.259299130428734,0.5014776437908869,0.00029876857089134617,0.4982235876382218,3.810888671396986,3.2924730751347324,3.2924730751347324
tuned,199500.0,148865.71416469757,3.3260806849914757,0.49821420675363753,0.00027483858853295584,0.5015109546578296,3.810888671396986,3.2924730751347324,3.2924730751347324
tuned,199500.0,148865.71416469757,3.8122332217811556,0.001799334759505268,0.998200658075803,7.164691759604387e-09,3.810888671396986,3.2924730751347324,3.2924730751347324
tuned,199500.0,148865.71416469757,5.62744572790585,0.9988619941535734,0.00040119323397763804,0.0007368126124489604,3.810888671396986,3.2924730751347324,3.2924730751347324
tuned,200000.0,148865.71416469757,3.2593000295139842,0.5014682213773739,0.00029496222087333374,0.49823681640175277,3.8156567065376206,3.2924730751347324,3.2924730751347324
tuned,200000.0,148865.71416469757,3.326081556156985,0.49823156736056523,0.0002707093318112265,0.5014977233076235,3.8156567065376206,3.2924730751347324,3.2924730751347324
tuned,200000.0,148865.71416469757,3.816997726242267,0.0017911744517573806,0.9982088161968107,9.351432046250437e-09,3.8156567065376206,3.2924730751347324,3.2924730751347324
tuned,200000.0,148865.71416469757,5.627448644760647,0.9988621286167341,0.0004010579189654763,0.0007368134643004,3.8156567065376206,3.2924730751347324,3.2924730751347324
double,148865.71416469757,148865.71416469757,3.257856359950059,0.4971319765426495,0.04296720680601173,0.45990081665133886,3.2924730751347324,3.2924730751347324,3.2924730751347324
double,148865.71416469757,148865.71416469757,3.2940598183582037,0.0016893754902357464,0.9196919528181962,0.0786186716915681,3.2924730751347324,3.2924730751347324,3.2924730751347324
double,148865.71416469757,148865.71416469757,3.3274281666525556,0.5028196751380976,0.03596518274185676,0.4612151421200456,3.2924730751347324,3.2924730751347324,3.2924730751347324
double,148865.71416469757,148865.71416469757,5.6270843754325055,0.9985686753516012,0.0006948216389562962,0.00073650300944245,3.2924730751347324,3.2924730751347324,3.2924730751347324
